object_id,course_id,course_code,object_type,canvas_object_id,title,canonical_url,first_page_id,page_count,evidence_count,capture_status,read_status,notes
obj-mth-252-assignment-10586024,2080857,MTH-252,assignment,10586024,Acheive - 2.4 Arc Length of a Curve (NO Surface Area),https://canvas.oregonstate.edu/courses/2080857/assignments/10586024?module_item_id=26982629,00131-mth-252-module-item-acheive-2-4-arc-length-of-a-curve-no-surface-area,3,5,captured,captured_rendered_page,
obj-mth-252-assignment-10586025,2080857,MTH-252,assignment,10586025,Achieve - 1.1 Approximating Areas,https://canvas.oregonstate.edu/courses/2080857/assignments/10586025?module_item_id=26982551,00053-mth-252-module-item-achieve-1-1-approximating-areas,3,5,captured,captured_rendered_page,
obj-mth-252-assignment-10586026,2080857,MTH-252,assignment,10586026,Achieve - 1.2 The Definite Integral,https://canvas.oregonstate.edu/courses/2080857/assignments/10586026?module_item_id=26982560,00062-mth-252-module-item-achieve-1-2-the-definite-integral,3,5,captured,captured_rendered_page,
obj-mth-252-assignment-10586027,2080857,MTH-252,assignment,10586027,Achieve - 1.3 The Fundamental Theorem of Calculus,https://canvas.oregonstate.edu/courses/2080857/assignments/10586027?module_item_id=26982569,00071-mth-252-module-item-achieve-1-3-the-fundamental-theorem-of-calculus,3,5,captured,captured_rendered_page,
obj-mth-252-assignment-10586028,2080857,MTH-252,assignment,10586028,Achieve - 1.4 Integration Formulas and the Net Change Theorem,https://canvas.oregonstate.edu/courses/2080857/assignments/10586028?module_item_id=26982581,00083-mth-252-module-item-achieve-1-4-integration-formulas-and-the-net-change-theorem,3,5,captured,captured_rendered_page,
obj-mth-252-assignment-10586029,2080857,MTH-252,assignment,10586029,Achieve - 1.5 Substitution,https://canvas.oregonstate.edu/courses/2080857/assignments/10586029?module_item_id=26982582,00084-mth-252-module-item-achieve-1-5-substitution,3,5,captured,captured_rendered_page,
obj-mth-252-assignment-10586030,2080857,MTH-252,assignment,10586030,Achieve - 1.6 Integrals Involving Exponential and Logarithmic Functions,https://canvas.oregonstate.edu/courses/2080857/assignments/10586030?module_item_id=26982583,00085-mth-252-module-item-achieve-1-6-integrals-involving-exponential-and-logarithmic-functions,3,5,captured,captured_rendered_page,
obj-mth-252-assignment-10586031,2080857,MTH-252,assignment,10586031,Achieve - 2.1 Areas between Curves,https://canvas.oregonstate.edu/courses/2080857/assignments/10586031?module_item_id=26982615,00117-mth-252-module-item-achieve-2-1-areas-between-curves,3,5,captured,captured_rendered_page,
obj-mth-252-assignment-10586032,2080857,MTH-252,assignment,10586032,Achieve - 2.2 Volumes by Slicing and Disc/Washer Method,https://canvas.oregonstate.edu/courses/2080857/assignments/10586032?module_item_id=26982616,00118-mth-252-module-item-achieve-2-2-volumes-by-slicing-and-disc-washer-method,3,5,captured,captured_rendered_page,
obj-mth-252-assignment-10586033,2080857,MTH-252,assignment,10586033,Achieve - 2.3 Volumes of Revolution: Cylindrical Shells,https://canvas.oregonstate.edu/courses/2080857/assignments/10586033?module_item_id=26982628,00130-mth-252-module-item-achieve-2-3-volumes-of-revolution-cylindrical-shells,3,5,captured,captured_rendered_page,
obj-mth-252-assignment-10586034,2080857,MTH-252,assignment,10586034,Achieve - 2.5 - 1 Physical Applications,https://canvas.oregonstate.edu/courses/2080857/assignments/10586034?module_item_id=26982638,00140-mth-252-module-item-achieve-2-5-1-physical-applications,3,5,captured,captured_rendered_page,
obj-mth-252-assignment-10586036,2080857,MTH-252,assignment,10586036,Achieve - 2.5 - 2 Physical Applications,https://canvas.oregonstate.edu/courses/2080857/assignments/10586036?module_item_id=26982639,00141-mth-252-module-item-achieve-2-5-2-physical-applications,3,5,captured,captured_rendered_page,
obj-mth-252-assignment-10586037,2080857,MTH-252,assignment,10586037,Achieve - 3.1 Integration by Parts,https://canvas.oregonstate.edu/courses/2080857/assignments/10586037?module_item_id=26982595,00097-mth-252-module-item-achieve-3-1-integration-by-parts,3,5,captured,captured_rendered_page,
obj-mth-252-assignment-10586038,2080857,MTH-252,assignment,10586038,Achieve - 3.2 Trigonometric Integrals,https://canvas.oregonstate.edu/courses/2080857/assignments/10586038?module_item_id=26982596,00098-mth-252-module-item-achieve-3-2-trigonometric-integrals,3,5,captured,captured_rendered_page,
obj-mth-252-assignment-10586039,2080857,MTH-252,assignment,10586039,Achieve - 3.3 Trigonometric Substitution,https://canvas.oregonstate.edu/courses/2080857/assignments/10586039?module_item_id=26982605,00107-mth-252-module-item-achieve-3-3-trigonometric-substitution,3,5,captured,captured_rendered_page,
obj-mth-252-assignment-10586040,2080857,MTH-252,assignment,10586040,Achieve - 3.4 Partial Fractions,https://canvas.oregonstate.edu/courses/2080857/assignments/10586040?module_item_id=26982606,00108-mth-252-module-item-achieve-3-4-partial-fractions,3,5,captured,captured_rendered_page,
obj-mth-252-assignment-10586041,2080857,MTH-252,assignment,10586041,Achieve - 3.7 Improper Integrals,https://canvas.oregonstate.edu/courses/2080857/assignments/10586041?module_item_id=26982648,00149-mth-252-module-item-achieve-3-7-improper-integrals,3,5,captured,captured_rendered_page,
obj-mth-252-assignment-10586042,2080857,MTH-252,assignment,10586042,Achieve - 4.10 Antiderivatives,https://canvas.oregonstate.edu/courses/2080857/assignments/10586042?module_item_id=26982570,00072-mth-252-module-item-achieve-4-10-antiderivatives,3,5,captured,captured_rendered_page,
obj-mth-252-assignment-10586043,2080857,MTH-252,assignment,10586043,Final Mini-Exam 5 --> Monday to Wednesday,https://canvas.oregonstate.edu/courses/2080857/assignments/10586043?module_item_id=26982652,00151-mth-252-module-item-final-mini-exam-5-monday-to-wednesday,3,5,captured,captured_rendered_page,
obj-mth-252-assignment-10586044,2080857,MTH-252,assignment,10586044,Intro Reflect 1,https://canvas.oregonstate.edu/courses/2080857/assignments/10586044?module_item_id=26982550,00052-mth-252-module-item-intro-reflect-1,3,5,captured,captured_rendered_page,
obj-mth-252-assignment-10586046,2080857,MTH-252,assignment,10586046,Mini-Exam 1 - Retake,https://canvas.oregonstate.edu/courses/2080857/assignments/10586046?module_item_id=26982653,00152-mth-252-module-item-mini-exam-1-retake,3,5,captured,captured_rendered_page,
obj-mth-252-assignment-10586045,2080857,MTH-252,assignment,10586045,Mini-Exam 1 - Tues - Thur --> No Calculators,https://canvas.oregonstate.edu/courses/2080857/assignments/10586045?module_item_id=26982562,00064-mth-252-module-item-mini-exam-1-tues-thur-no-calculators,3,5,captured,captured_rendered_page,
obj-mth-252-assignment-10586047,2080857,MTH-252,assignment,10586047,Mini-Exam 2 - Retake,https://canvas.oregonstate.edu/courses/2080857/assignments/10586047?module_item_id=26982654,00153-mth-252-module-item-mini-exam-2-retake,3,5,captured,captured_rendered_page,
obj-mth-252-assignment-10586048,2080857,MTH-252,assignment,10586048,Mini-Exam 2 --> No Calculators on this Exam,https://canvas.oregonstate.edu/courses/2080857/assignments/10586048?module_item_id=26982585,00087-mth-252-module-item-mini-exam-2-no-calculators-on-this-exam,3,5,captured,captured_rendered_page,
obj-mth-252-assignment-10586049,2080857,MTH-252,assignment,10586049,Mini-Exam 3 - Retake,https://canvas.oregonstate.edu/courses/2080857/assignments/10586049?module_item_id=26982655,00154-mth-252-module-item-mini-exam-3-retake,3,5,captured,captured_rendered_page,
obj-mth-252-assignment-10586050,2080857,MTH-252,assignment,10586050,Mini-Exam 3 --> Tuesday to Thursday,https://canvas.oregonstate.edu/courses/2080857/assignments/10586050?module_item_id=26982607,00109-mth-252-module-item-mini-exam-3-tuesday-to-thursday,3,5,captured,captured_rendered_page,
obj-mth-252-assignment-10586051,2080857,MTH-252,assignment,10586051,Mini-Exam 4 - Retake,https://canvas.oregonstate.edu/courses/2080857/assignments/10586051?module_item_id=26982656,00155-mth-252-module-item-mini-exam-4-retake,3,5,captured,captured_rendered_page,
obj-mth-252-assignment-10586052,2080857,MTH-252,assignment,10586052,Mini-Exam 4 --> Tuesday to Thursday,https://canvas.oregonstate.edu/courses/2080857/assignments/10586052?module_item_id=26982630,00132-mth-252-module-item-mini-exam-4-tuesday-to-thursday,3,5,captured,captured_rendered_page,
obj-mth-252-assignment-10586053,2080857,MTH-252,assignment,10586053,Module 1 — Written Homework (WHW 1) 🕓 2 hours,https://canvas.oregonstate.edu/courses/2080857/assignments/10586053?module_item_id=26982549,00051-mth-252-module-item-module-1-written-homework-whw-1-2-hours,3,5,captured,captured_rendered_page,
obj-mth-252-assignment-10586054,2080857,MTH-252,assignment,10586054,Module 10 — Written Homework (WHW 10) 🕓 3 hours,https://canvas.oregonstate.edu/courses/2080857/assignments/10586054?module_item_id=26982649,00150-mth-252-module-item-module-10-written-homework-whw-10-3-hours,3,5,captured,captured_rendered_page,
obj-mth-252-assignment-10586055,2080857,MTH-252,assignment,10586055,Module 2 — Written Homework (WHW 2) 🕓 3 hours,https://canvas.oregonstate.edu/courses/2080857/assignments/10586055?module_item_id=26982558,00060-mth-252-module-item-module-2-written-homework-whw-2-3-hours,3,5,captured,captured_rendered_page,
obj-mth-252-assignment-10586056,2080857,MTH-252,assignment,10586056,Module 3 — Written Homework (WHW 3) 🕓 3 hours,https://canvas.oregonstate.edu/courses/2080857/assignments/10586056?module_item_id=26982568,00070-mth-252-module-item-module-3-written-homework-whw-3-3-hours,3,5,captured,captured_rendered_page,
obj-mth-252-assignment-10586057,2080857,MTH-252,assignment,10586057,Module 4 — Written Homework (WHW 4) 🕓 3 hours,https://canvas.oregonstate.edu/courses/2080857/assignments/10586057?module_item_id=26982580,00082-mth-252-module-item-module-4-written-homework-whw-4-3-hours,3,5,captured,captured_rendered_page,
obj-mth-252-assignment-10586058,2080857,MTH-252,assignment,10586058,Module 5 — Written Homework (WHW 5) 🕓 3 hours,https://canvas.oregonstate.edu/courses/2080857/assignments/10586058?module_item_id=26982594,00096-mth-252-module-item-module-5-written-homework-whw-5-3-hours,3,5,captured,captured_rendered_page,
obj-mth-252-assignment-10586059,2080857,MTH-252,assignment,10586059,Module 6 — Written Homework (WHW 6) 🕓 3 hours,https://canvas.oregonstate.edu/courses/2080857/assignments/10586059?module_item_id=26982603,00105-mth-252-module-item-module-6-written-homework-whw-6-3-hours,3,5,captured,captured_rendered_page,
obj-mth-252-assignment-10586060,2080857,MTH-252,assignment,10586060,Module 7 — Written Homework (WHW 7) 🕓 3 hours,https://canvas.oregonstate.edu/courses/2080857/assignments/10586060?module_item_id=26982617,00119-mth-252-module-item-module-7-written-homework-whw-7-3-hours,3,5,captured,captured_rendered_page,
obj-mth-252-assignment-10586061,2080857,MTH-252,assignment,10586061,Module 8 — Written Homework (WHW 8) 🕓 3 hours,https://canvas.oregonstate.edu/courses/2080857/assignments/10586061?module_item_id=26982626,00128-mth-252-module-item-module-8-written-homework-whw-8-3-hours,3,5,captured,captured_rendered_page,
obj-mth-252-assignment-10586062,2080857,MTH-252,assignment,10586062,Module 9 — Written Homework (WHW 9) 🕓 3 hours,https://canvas.oregonstate.edu/courses/2080857/assignments/10586062?module_item_id=26982636,00138-mth-252-module-item-module-9-written-homework-whw-9-3-hours,3,5,captured,captured_rendered_page,
obj-mth-252-assignment-10586063,2080857,MTH-252,assignment,10586063,Reflection 2,https://canvas.oregonstate.edu/courses/2080857/assignments/10586063?module_item_id=26982559,00061-mth-252-module-item-reflection-2,3,5,captured,captured_rendered_page,
obj-mth-252-assignment-10586064,2080857,MTH-252,assignment,10586064,Reflection 3,https://canvas.oregonstate.edu/courses/2080857/assignments/10586064?module_item_id=26982647,00148-mth-252-module-item-reflection-3,3,5,captured,captured_rendered_page,
obj-mth-252-assignment-syllabus,2080857,MTH-252,assignment,syllabus,Syllabus for INTEGRAL CALCULUS (MTH_252Z_400_U2026),https://canvas.oregonstate.edu/courses/2080857/assignments/syllabus,00006-mth-252-syllabus-syllabus-for-integral-calculus-mth-252z-400-u2026,1,1,captured,captured_rendered_page,
obj-mth-252-course-page-https-canvas-oregonstate-edu-courses-2080857-announcements,2080857,MTH-252,course_page,,Announcements: INTEGRAL CALCULUS (MTH_252Z_400_U2026),https://canvas.oregonstate.edu/courses/2080857/announcements,00005-mth-252-announcements-announcements-integral-calculus-mth-252z-400-u2026,1,1,captured,captured_rendered_page,
obj-mth-252-course-page-https-canvas-oregonstate-edu-courses-2080857,2080857,MTH-252,course_page,,INTEGRAL CALCULUS (MTH_252Z_400_U2026),https://canvas.oregonstate.edu/courses/2080857,00001-mth-252-home-integral-calculus-mth-252z-400-u2026,3,3,captured,captured_rendered_page,
obj-mth-252-discussion-11593475,2080857,MTH-252,discussion,11593475,Topic: Module 1 — Discussion Reflection: WHW 1 🕓 0.25 hour,https://canvas.oregonstate.edu/courses/2080857/discussion_topics/11593475?module_item_id=26982552,00054-mth-252-module-item-topic-module-1-discussion-reflection-whw-1-0-25-hour,3,4,captured,captured_rendered_page,
obj-mth-252-discussion-11593474,2080857,MTH-252,discussion,11593474,Topic: Module 2 — Discussion Reflection 🕓 0.5 hour,https://canvas.oregonstate.edu/courses/2080857/discussion_topics/11593474?module_item_id=26982561,00063-mth-252-module-item-topic-module-2-discussion-reflection-0-5-hour,3,4,captured,captured_rendered_page,
obj-mth-252-discussion-11593473,2080857,MTH-252,discussion,11593473,Topic: Module 3 — Discussion Reflection: Mini-Exam 1 🕓 0.5 hour,https://canvas.oregonstate.edu/courses/2080857/discussion_topics/11593473?module_item_id=26982571,00073-mth-252-module-item-topic-module-3-discussion-reflection-mini-exam-1-0-5-hour,3,4,captured,captured_rendered_page,
obj-mth-252-discussion-11593472,2080857,MTH-252,discussion,11593472,Topic: Module 4 — Discussion Reflection: WHW 4 🕓 0.5 hour,https://canvas.oregonstate.edu/courses/2080857/discussion_topics/11593472?module_item_id=26982584,00086-mth-252-module-item-topic-module-4-discussion-reflection-whw-4-0-5-hour,3,4,captured,captured_rendered_page,
obj-mth-252-discussion-11593471,2080857,MTH-252,discussion,11593471,Topic: Module 5 — Discussion Reflection: Mini-Exam 2 🕓 0.5 hour,https://canvas.oregonstate.edu/courses/2080857/discussion_topics/11593471?module_item_id=26982593,00095-mth-252-module-item-topic-module-5-discussion-reflection-mini-exam-2-0-5-hour,3,4,captured,captured_rendered_page,
obj-mth-252-discussion-11593470,2080857,MTH-252,discussion,11593470,Topic: Module 6 — Discussion Reflection: WHW 6 🕓 0.5 hour,https://canvas.oregonstate.edu/courses/2080857/discussion_topics/11593470?module_item_id=26982604,00106-mth-252-module-item-topic-module-6-discussion-reflection-whw-6-0-5-hour,3,4,captured,captured_rendered_page,
obj-mth-252-discussion-11593469,2080857,MTH-252,discussion,11593469,Topic: Module 7 — Discussion Reflection: Mini-Exam 3 🕓 0.5 hour,https://canvas.oregonstate.edu/courses/2080857/discussion_topics/11593469?module_item_id=26982618,00120-mth-252-module-item-topic-module-7-discussion-reflection-mini-exam-3-0-5-hour,3,4,captured,captured_rendered_page,
obj-mth-252-discussion-11593468,2080857,MTH-252,discussion,11593468,Topic: Module 8 — Discussion Reflection: WHW 8 🕓 0.5 hour,https://canvas.oregonstate.edu/courses/2080857/discussion_topics/11593468?module_item_id=26982627,00129-mth-252-module-item-topic-module-8-discussion-reflection-whw-8-0-5-hour,3,4,captured,captured_rendered_page,
obj-mth-252-discussion-11593467,2080857,MTH-252,discussion,11593467,Topic: Module 9 — Discussion Reflection: Final and Exam Prep 🕓 0.5 hour,https://canvas.oregonstate.edu/courses/2080857/discussion_topics/11593467?module_item_id=26982637,00139-mth-252-module-item-topic-module-9-discussion-reflection-final-and-exam-prep-0-5-hour,3,4,captured,captured_rendered_page,
obj-mth-252-discussion-11605627,2080857,MTH-252,discussion,11605627,Topic: MSLC Summer Math Tutoring Update,https://canvas.oregonstate.edu/courses/2080857/discussion_topics/11605627,00025-mth-252-linked-detail-topic-mslc-summer-math-tutoring-update,1,1,captured,captured_rendered_page,
obj-mth-252-discussion-11593476,2080857,MTH-252,discussion,11593476,Topic: Q&A Discussion,https://canvas.oregonstate.edu/courses/2080857/discussion_topics/11593476?module_item_id=26982539,00039-mth-252-module-item-topic-q-a-discussion,2,3,captured,captured_rendered_page,
obj-mth-252-discussions-https-canvas-oregonstate-edu-courses-2080857-discussion-topics,2080857,MTH-252,discussions,,Discussions: INTEGRAL CALCULUS (MTH_252Z_400_U2026),https://canvas.oregonstate.edu/courses/2080857/discussion_topics,00007-mth-252-discussions-discussions-integral-calculus-mth-252z-400-u2026,1,1,captured,captured_rendered_page,
obj-mth-252-download-119223553,2080857,MTH-252,download,119223553,252-Lecture-1.1-to-ME1.pdf,https://canvas.oregonstate.edu/courses/2080857/files/119223553/download?download_frd=1,00048-mth-252-module-item-252-lecture-1-1-to-me1-pdf-integral-calculus-mth-252z-400-u2026,4,8,downloaded_and_parsed,parsed_file_text,Parsed file text captured at /Users/jake/Developer/SU26/canvas/indexer/output/parsed_files/captured-0024-mth-252-119223553.md
obj-mth-252-download-119223594,2080857,MTH-252,download,119223594,252-Lecture-1.3-to-ME2.pdf,https://canvas.oregonstate.edu/courses/2080857/files/119223594/download?download_frd=1,00067-mth-252-module-item-252-lecture-1-3-to-me2-pdf-integral-calculus-mth-252z-400-u2026,4,8,downloaded_and_parsed,parsed_file_text,Parsed file text captured at /Users/jake/Developer/SU26/canvas/indexer/output/parsed_files/captured-0023-mth-252-119223561.md
obj-mth-252-download-119223597,2080857,MTH-252,download,119223597,252-Lecture-2.1-to-ME4.pdf,https://canvas.oregonstate.edu/courses/2080857/files/119223597/download?download_frd=1,00112-mth-252-module-item-252-lecture-2-1-to-me4-pdf-integral-calculus-mth-252z-400-u2026,4,8,downloaded_and_parsed,parsed_file_text,Parsed file text captured at /Users/jake/Developer/SU26/canvas/indexer/output/parsed_files/captured-0018-mth-252-119223598.md
obj-mth-252-download-119223598,2080857,MTH-252,download,119223598,252-Lecture-2.5-to-ME5.pdf,https://canvas.oregonstate.edu/courses/2080857/files/119223598/download?download_frd=1,00135-mth-252-module-item-252-lecture-2-5-to-me5-pdf-integral-calculus-mth-252z-400-u2026,4,8,downloaded_and_parsed,parsed_file_text,Parsed file text captured at /Users/jake/Developer/SU26/canvas/indexer/output/parsed_files/captured-0018-mth-252-119223598.md
obj-mth-252-download-119223561,2080857,MTH-252,download,119223561,252-Lecture-3.1-to-ME3.pdf,https://canvas.oregonstate.edu/courses/2080857/files/119223561/download?download_frd=1,00090-mth-252-module-item-252-lecture-3-1-to-me3-pdf-integral-calculus-mth-252z-400-u2026,4,8,downloaded_and_parsed,parsed_file_text,Parsed file text captured at /Users/jake/Developer/SU26/canvas/indexer/output/parsed_files/captured-0026-mth-252-119223466.md
obj-mth-252-download-119223565,2080857,MTH-252,download,119223565,Achieve Registration Process_v3.pdf,https://canvas.oregonstate.edu/courses/2080857/files/119223565/download?download_frd=1,00031-mth-252-module-item-achieve-registration-process-v3-pdf-integral-calculus-mth-252z-400-u2026,2,4,downloaded_and_parsed,parsed_file_text,Parsed file text captured at /Users/jake/Developer/SU26/canvas/indexer/output/parsed_files/captured-0025-mth-252-119223484.md
obj-mth-252-download-119246076,2080857,MTH-252,download,119246076,Download,https://canvas.oregonstate.edu/courses/2080857/files/119246076/download?download_frd=1,00029-mth-252-module-item-syllabus-and-calendar-as-of-6-21-both-sections-400-and-401-integral-calculus-mth-252z-400-u2026,3,6,downloaded_and_parsed,parsed_file_text,Parsed file text captured at /Users/jake/Developer/SU26/canvas/indexer/output/parsed_files/captured-0013-mth-252-119246078.md
obj-mth-252-download-119246078,2080857,MTH-252,download,119246078,Download,https://canvas.oregonstate.edu/courses/2080857/files/119246078/download?download_frd=1,00029-mth-252-module-item-syllabus-and-calendar-as-of-6-21-both-sections-400-and-401-integral-calculus-mth-252z-400-u2026,3,6,downloaded_and_parsed,parsed_file_text,Parsed file text captured at /Users/jake/Developer/SU26/canvas/indexer/output/parsed_files/captured-0012-mth-252-119246095.md
obj-mth-252-download-119246095,2080857,MTH-252,download,119246095,Download,https://canvas.oregonstate.edu/courses/2080857/files/119246095/download?download_frd=1,00029-mth-252-module-item-syllabus-and-calendar-as-of-6-21-both-sections-400-and-401-integral-calculus-mth-252z-400-u2026,3,6,downloaded_and_parsed,parsed_file_text,Parsed file text captured at /Users/jake/Developer/SU26/canvas/indexer/output/parsed_files/captured-0022-mth-252-119223565.md
obj-mth-252-download-119223451,2080857,MTH-252,download,119223451,Download,https://canvas.oregonstate.edu/courses/2080857/files/119223451/download?download_frd=1,00064-mth-252-module-item-mini-exam-1-tues-thur-no-calculators,4,5,downloaded_and_parsed,parsed_file_text,Parsed file text captured at /Users/jake/Developer/SU26/canvas/indexer/output/parsed_files/captured-0021-mth-252-119223594.md
obj-mth-252-download-119223514,2080857,MTH-252,download,119223514,Download,https://canvas.oregonstate.edu/courses/2080857/files/119223514/download?download_frd=1,00064-mth-252-module-item-mini-exam-1-tues-thur-no-calculators,4,5,downloaded_and_parsed,parsed_file_text,Parsed file text captured at /Users/jake/Developer/SU26/canvas/indexer/output/parsed_files/captured-0023-mth-252-119223561.md
obj-mth-252-download-119223497,2080857,MTH-252,download,119223497,Download,https://canvas.oregonstate.edu/courses/2080857/files/119223497/download?download_frd=1,00064-mth-252-module-item-mini-exam-1-tues-thur-no-calculators,4,5,downloaded_and_parsed,parsed_file_text,Parsed file text captured at /Users/jake/Developer/SU26/canvas/indexer/output/parsed_files/captured-0020-mth-252-119223595.md
obj-mth-252-download-119223574,2080857,MTH-252,download,119223574,Download,https://canvas.oregonstate.edu/courses/2080857/files/119223574/download?download_frd=1,00070-mth-252-module-item-module-3-written-homework-whw-3-3-hours,4,5,downloaded_and_parsed,parsed_file_text,Parsed file text captured at /Users/jake/Developer/SU26/canvas/indexer/output/parsed_files/captured-0019-mth-252-119223597.md
obj-mth-252-download-119223617,2080857,MTH-252,download,119223617,Download,https://canvas.oregonstate.edu/courses/2080857/files/119223617/download?download_frd=1,00136-mth-252-module-item-dr-g-s-videos-2-5-integral-calculus-mth-252z-400-u2026,3,6,downloaded_and_parsed,parsed_file_text,Parsed file text captured at /Users/jake/Developer/SU26/canvas/indexer/output/parsed_files/captured-0017-mth-252-119223617.md
obj-mth-252-download-119223618,2080857,MTH-252,download,119223618,Download,https://canvas.oregonstate.edu/courses/2080857/files/119223618/download?download_frd=1,00146-mth-252-module-item-dr-g-s-videos-3-7-integral-calculus-mth-252z-400-u2026,3,6,downloaded_and_parsed,parsed_file_text,Parsed file text captured at /Users/jake/Developer/SU26/canvas/indexer/output/parsed_files/captured-0028-mth-252-119223452.md
obj-mth-252-download-119223455,2080857,MTH-252,download,119223455,Download,https://canvas.oregonstate.edu/courses/2080857/files/119223455/download?download_frd=1,00153-mth-252-module-item-mini-exam-2-retake,4,8,downloaded_and_parsed,parsed_file_text,Parsed file text captured at /Users/jake/Developer/SU26/canvas/indexer/output/parsed_files/captured-0027-mth-252-119223455.md
obj-mth-252-download-119223623,2080857,MTH-252,download,119223623,Download,https://canvas.oregonstate.edu/courses/2080857/files/119223623/download?download_frd=1,00154-mth-252-module-item-mini-exam-3-retake,4,8,downloaded_and_parsed,parsed_file_text,Parsed file text captured at /Users/jake/Developer/SU26/canvas/indexer/output/parsed_files/captured-0015-mth-252-119223623.md
obj-mth-252-download-119223452,2080857,MTH-252,download,119223452,Download,https://canvas.oregonstate.edu/courses/2080857/files/119223452/download?download_frd=1,00155-mth-252-module-item-mini-exam-4-retake,4,8,downloaded_and_parsed,parsed_file_text,Parsed file text captured at /Users/jake/Developer/SU26/canvas/indexer/output/parsed_files/captured-0028-mth-252-119223452.md
obj-mth-252-download-99187575,2080857,MTH-252,download,99187575,IVP-Wksht1.pdf,https://canvas.oregonstate.edu/courses/1918585/files/99187575/download?download_frd=1,00153-mth-252-module-item-mini-exam-2-retake,3,3,indexed_download_link,indexed_not_read,Download URL captured but file binary has not been downloaded or parsed.
obj-mth-252-download-99187581,2080857,MTH-252,download,99187581,IVP-Wksht2.pdf,https://canvas.oregonstate.edu/courses/1918585/files/99187581/download?download_frd=1,00153-mth-252-module-item-mini-exam-2-retake,3,3,indexed_download_link,indexed_not_read,Download URL captured but file binary has not been downloaded or parsed.
obj-mth-252-download-119223466,2080857,MTH-252,download,119223466,Lecture-2.3-2.4.pdf,https://canvas.oregonstate.edu/courses/2080857/files/119223466/download?download_frd=1,00124-mth-252-module-item-lecture-2-3-2-4-pdf-integral-calculus-mth-252z-400-u2026,2,4,downloaded_and_parsed,parsed_file_text,Parsed file text captured at /Users/jake/Developer/SU26/canvas/indexer/output/parsed_files/captured-0027-mth-252-119223455.md
obj-mth-252-download-119223595,2080857,MTH-252,download,119223595,Lecture-3.1-3.2.pdf,https://canvas.oregonstate.edu/courses/2080857/files/119223595/download?download_frd=1,00092-mth-252-module-item-lecture-3-1-3-2-pdf-integral-calculus-mth-252z-400-u2026,2,4,downloaded_and_parsed,parsed_file_text,Parsed file text captured at /Users/jake/Developer/SU26/canvas/indexer/output/parsed_files/captured-0018-mth-252-119223598.md
obj-mth-252-download-119223484,2080857,MTH-252,download,119223484,MLC Hours.pdf,https://canvas.oregonstate.edu/courses/2080857/files/119223484/download?download_frd=1,00040-mth-252-module-item-mlc-hours-pdf-integral-calculus-mth-252z-400-u2026,2,4,downloaded_and_parsed,parsed_file_text,Parsed file text captured at /Users/jake/Developer/SU26/canvas/indexer/output/parsed_files/captured-0024-mth-252-119223553.md
obj-mth-252-download-119223581,2080857,MTH-252,download,119223581,WHW1-Key.pdf,https://canvas.oregonstate.edu/courses/2080857/files/119223581/download?download_frd=1,00026-mth-252-module-item-whw1-key-pdf-integral-calculus-mth-252z-400-u2026,2,3,downloaded_and_parsed,parsed_file_text,Parsed file text captured at /Users/jake/Developer/SU26/canvas/indexer/output/parsed_files/captured-0014-mth-252-119246076.md
obj-mth-252-file-119223553,2080857,MTH-252,file,119223553,252-Lecture-1.1-to-ME1.pdf: INTEGRAL CALCULUS (MTH_252Z_400_U2026),https://canvas.oregonstate.edu/courses/2080857/files/119223553?module_item_id=26982546,00048-mth-252-module-item-252-lecture-1-1-to-me1-pdf-integral-calculus-mth-252z-400-u2026,4,6,captured,captured_rendered_page,
obj-mth-252-file-119223594,2080857,MTH-252,file,119223594,252-Lecture-1.3-to-ME2.pdf: INTEGRAL CALCULUS (MTH_252Z_400_U2026),https://canvas.oregonstate.edu/courses/2080857/files/119223594?module_item_id=26982565,00067-mth-252-module-item-252-lecture-1-3-to-me2-pdf-integral-calculus-mth-252z-400-u2026,4,6,captured,captured_rendered_page,
obj-mth-252-file-119223597,2080857,MTH-252,file,119223597,252-Lecture-2.1-to-ME4.pdf: INTEGRAL CALCULUS (MTH_252Z_400_U2026),https://canvas.oregonstate.edu/courses/2080857/files/119223597?module_item_id=26982610,00112-mth-252-module-item-252-lecture-2-1-to-me4-pdf-integral-calculus-mth-252z-400-u2026,4,6,captured,captured_rendered_page,
obj-mth-252-file-119223617,2080857,MTH-252,file,119223617,"252-Lecture-2.5-to-ME5 pages 5 - 8, 13 - 17, 19, 20-1-1.pdf: INTEGRAL CALCULUS (MTH_252Z_400_U2026)",https://canvas.oregonstate.edu/courses/2080857/files/119223617?wrap=1,00509-mth-252-linked-detail-252-lecture-2-5-to-me5-pages-5-8-13-17-19-20-1-1-pdf-integral-calculus-mth-252z-400-u2026,1,1,captured,captured_rendered_page,
obj-mth-252-file-119223618,2080857,MTH-252,file,119223618,"252-Lecture-2.5-to-ME5 pages 5 - 8, 13 - 17, 19, 20-1-2.pdf: INTEGRAL CALCULUS (MTH_252Z_400_U2026)",https://canvas.oregonstate.edu/courses/2080857/files/119223618?wrap=1,00516-mth-252-linked-detail-252-lecture-2-5-to-me5-pages-5-8-13-17-19-20-1-2-pdf-integral-calculus-mth-252z-400-u2026,1,1,captured,captured_rendered_page,
obj-mth-252-file-119223598,2080857,MTH-252,file,119223598,252-Lecture-2.5-to-ME5.pdf: INTEGRAL CALCULUS (MTH_252Z_400_U2026),https://canvas.oregonstate.edu/courses/2080857/files/119223598?module_item_id=26982633,00135-mth-252-module-item-252-lecture-2-5-to-me5-pdf-integral-calculus-mth-252z-400-u2026,4,6,captured,captured_rendered_page,
obj-mth-252-file-119223561,2080857,MTH-252,file,119223561,252-Lecture-3.1-to-ME3.pdf: INTEGRAL CALCULUS (MTH_252Z_400_U2026),https://canvas.oregonstate.edu/courses/2080857/files/119223561?module_item_id=26982588,00090-mth-252-module-item-252-lecture-3-1-to-me3-pdf-integral-calculus-mth-252z-400-u2026,4,6,captured,captured_rendered_page,
obj-mth-252-file-119223565,2080857,MTH-252,file,119223565,Achieve Registration Process_v3.pdf: INTEGRAL CALCULUS (MTH_252Z_400_U2026),https://canvas.oregonstate.edu/courses/2080857/files/119223565?module_item_id=26982524,00031-mth-252-module-item-achieve-registration-process-v3-pdf-integral-calculus-mth-252z-400-u2026,2,3,captured,captured_rendered_page,
obj-mth-252-file-119223466,2080857,MTH-252,file,119223466,Lecture-2.3-2.4.pdf: INTEGRAL CALCULUS (MTH_252Z_400_U2026),https://canvas.oregonstate.edu/courses/2080857/files/119223466?module_item_id=26982622,00124-mth-252-module-item-lecture-2-3-2-4-pdf-integral-calculus-mth-252z-400-u2026,2,3,captured,captured_rendered_page,
obj-mth-252-file-119223595,2080857,MTH-252,file,119223595,Lecture-3.1-3.2.pdf: INTEGRAL CALCULUS (MTH_252Z_400_U2026),https://canvas.oregonstate.edu/courses/2080857/files/119223595?module_item_id=26982590,00092-mth-252-module-item-lecture-3-1-3-2-pdf-integral-calculus-mth-252z-400-u2026,2,3,captured,captured_rendered_page,
obj-mth-252-file-119223451,2080857,MTH-252,file,119223451,ME1-W26-Template.pdf: INTEGRAL CALCULUS (MTH_252Z_400_U2026),https://canvas.oregonstate.edu/courses/2080857/files/119223451?wrap=1,00453-mth-252-linked-detail-me1-w26-template-pdf-integral-calculus-mth-252z-400-u2026,1,1,captured,captured_rendered_page,
obj-mth-252-file-119223455,2080857,MTH-252,file,119223455,ME2-Retake-Template.pdf: INTEGRAL CALCULUS (MTH_252Z_400_U2026),https://canvas.oregonstate.edu/courses/2080857/files/119223455?wrap=1,00523-mth-252-linked-detail-me2-retake-template-pdf-integral-calculus-mth-252z-400-u2026,1,1,captured,captured_rendered_page,
obj-mth-252-file-119223623,2080857,MTH-252,file,119223623,ME3-Retake-Template.pdf: INTEGRAL CALCULUS (MTH_252Z_400_U2026),https://canvas.oregonstate.edu/courses/2080857/files/119223623?wrap=1,00525-mth-252-linked-detail-me3-retake-template-pdf-integral-calculus-mth-252z-400-u2026,1,1,captured,captured_rendered_page,
obj-mth-252-file-119223452,2080857,MTH-252,file,119223452,ME4-Retake-Template.pdf: INTEGRAL CALCULUS (MTH_252Z_400_U2026),https://canvas.oregonstate.edu/courses/2080857/files/119223452?wrap=1,00527-mth-252-linked-detail-me4-retake-template-pdf-integral-calculus-mth-252z-400-u2026,1,1,captured,captured_rendered_page,
obj-mth-252-file-119223484,2080857,MTH-252,file,119223484,MLC Hours.pdf: INTEGRAL CALCULUS (MTH_252Z_400_U2026),https://canvas.oregonstate.edu/courses/2080857/files/119223484?module_item_id=26982536,00040-mth-252-module-item-mlc-hours-pdf-integral-calculus-mth-252z-400-u2026,2,3,captured,captured_rendered_page,
obj-mth-252-file-119246076,2080857,MTH-252,file,119246076,MTH 252Z-400 Syllabus U26 Gilliam.pdf: INTEGRAL CALCULUS (MTH_252Z_400_U2026),https://canvas.oregonstate.edu/courses/2080857/files/119246076?wrap=1,00433-mth-252-linked-detail-mth-252z-400-syllabus-u26-gilliam-pdf-integral-calculus-mth-252z-400-u2026,1,1,captured,captured_rendered_page,
obj-mth-252-file-119246078,2080857,MTH-252,file,119246078,MTH 252Z-401 Syllabus U26 Gilliam.pdf: INTEGRAL CALCULUS (MTH_252Z_400_U2026),https://canvas.oregonstate.edu/courses/2080857/files/119246078?wrap=1,00435-mth-252-linked-detail-mth-252z-401-syllabus-u26-gilliam-pdf-integral-calculus-mth-252z-400-u2026,1,1,captured,captured_rendered_page,
obj-mth-252-file-119246095,2080857,MTH-252,file,119246095,MTH-252-Online-Course-Calendar.pdf: INTEGRAL CALCULUS (MTH_252Z_400_U2026),https://canvas.oregonstate.edu/courses/2080857/files/119246095?wrap=1,00436-mth-252-linked-detail-mth-252-online-course-calendar-pdf-integral-calculus-mth-252z-400-u2026,1,1,captured,captured_rendered_page,
obj-mth-252-file-119223497,2080857,MTH-252,file,119223497,Unit-1-Student-Study-Guide-Key.pdf: INTEGRAL CALCULUS (MTH_252Z_400_U2026),https://canvas.oregonstate.edu/courses/2080857/files/119223497?wrap=1,00456-mth-252-linked-detail-unit-1-student-study-guide-key-pdf-integral-calculus-mth-252z-400-u2026,1,1,captured,captured_rendered_page,
obj-mth-252-file-119223514,2080857,MTH-252,file,119223514,Unit-1-Student-Study-Guide.pdf: INTEGRAL CALCULUS (MTH_252Z_400_U2026),https://canvas.oregonstate.edu/courses/2080857/files/119223514?wrap=1,00455-mth-252-linked-detail-unit-1-student-study-guide-pdf-integral-calculus-mth-252z-400-u2026,1,1,captured,captured_rendered_page,
obj-mth-252-file-119223581,2080857,MTH-252,file,119223581,WHW1-Key.pdf: INTEGRAL CALCULUS (MTH_252Z_400_U2026),https://canvas.oregonstate.edu/courses/2080857/files/119223581?module_item_id=26982502,00026-mth-252-module-item-whw1-key-pdf-integral-calculus-mth-252z-400-u2026,2,3,captured,captured_rendered_page,
obj-mth-252-file-119223574,2080857,MTH-252,file,119223574,WHW3-Template-1.pdf: INTEGRAL CALCULUS (MTH_252Z_400_U2026),https://canvas.oregonstate.edu/courses/2080857/files/119223574?wrap=1,00459-mth-252-linked-detail-whw3-template-1-pdf-integral-calculus-mth-252z-400-u2026,1,1,captured,captured_rendered_page,
obj-mth-252-grades-https-canvas-oregonstate-edu-courses-2080857-grades,2080857,MTH-252,grades,,Grades for Jacob Peterson: INTEGRAL CALCULUS (MTH_252Z_400_U2026),https://canvas.oregonstate.edu/courses/2080857/grades,00004-mth-252-grades-grades-for-jacob-peterson-integral-calculus-mth-252z-400-u2026,1,1,captured,captured_rendered_page,
obj-mth-252-module-item-26982660,2080857,MTH-252,module_item,26982660,Application: Area under curve: Distance,https://canvas.oregonstate.edu/courses/2080857/modules/items/26982660,00716-mth-252-linked-detail-application-area-under-curve-distance,1,2,captured,captured_rendered_page,
obj-mth-252-module-item-26982662,2080857,MTH-252,module_item,26982662,"Application: Area under the graph, table",https://canvas.oregonstate.edu/courses/2080857/modules/items/26982662,00722-mth-252-linked-detail-application-area-under-the-graph-table,1,2,captured,captured_rendered_page,
obj-mth-252-module-item-26982696,2080857,MTH-252,module_item,26982696,Application: Average value of investment,https://canvas.oregonstate.edu/courses/2080857/modules/items/26982696,00807-mth-252-linked-detail-application-average-value-of-investment,1,2,captured,captured_rendered_page,
obj-mth-252-module-item-26982773,2080857,MTH-252,module_item,26982773,Arc length 1,https://canvas.oregonstate.edu/courses/2080857/modules/items/26982773,00822-mth-252-linked-detail-arc-length-1,1,2,captured,captured_rendered_page,
obj-mth-252-module-item-26982774,2080857,MTH-252,module_item,26982774,Arc length 1 continued,https://canvas.oregonstate.edu/courses/2080857/modules/items/26982774,00823-mth-252-linked-detail-arc-length-1-continued,1,2,captured,captured_rendered_page,
obj-mth-252-module-item-26982775,2080857,MTH-252,module_item,26982775,Arc length 2,https://canvas.oregonstate.edu/courses/2080857/modules/items/26982775,00824-mth-252-linked-detail-arc-length-2,1,2,captured,captured_rendered_page,
obj-mth-252-module-item-26982776,2080857,MTH-252,module_item,26982776,Arc length 3,https://canvas.oregonstate.edu/courses/2080857/modules/items/26982776,00825-mth-252-linked-detail-arc-length-3,1,2,captured,captured_rendered_page,
obj-mth-252-module-item-26982777,2080857,MTH-252,module_item,26982777,Arc length 4,https://canvas.oregonstate.edu/courses/2080857/modules/items/26982777,00826-mth-252-linked-detail-arc-length-4,1,2,captured,captured_rendered_page,
obj-mth-252-module-item-26982680,2080857,MTH-252,module_item,26982680,Area Accumulation Graph Analysis (OpenStax Specific),https://canvas.oregonstate.edu/courses/2080857/modules/items/26982680,00776-mth-252-linked-detail-area-accumulation-graph-analysis-openstax-specific,1,2,captured,captured_rendered_page,
obj-mth-252-module-item-26982758,2080857,MTH-252,module_item,26982758,"Area between curves , respect to y",https://canvas.oregonstate.edu/courses/2080857/modules/items/26982758,00790-mth-252-linked-detail-area-between-curves-respect-to-y,1,2,captured,captured_rendered_page,
obj-mth-252-module-item-26982755,2080857,MTH-252,module_item,26982755,Area between curves 2,https://canvas.oregonstate.edu/courses/2080857/modules/items/26982755,00781-mth-252-linked-detail-area-between-curves-2,1,2,captured,captured_rendered_page,
obj-mth-252-module-item-26982756,2080857,MTH-252,module_item,26982756,Area between curves 3,https://canvas.oregonstate.edu/courses/2080857/modules/items/26982756,00784-mth-252-linked-detail-area-between-curves-3,1,2,captured,captured_rendered_page,
obj-mth-252-module-item-26982757,2080857,MTH-252,module_item,26982757,Area between curves 4,https://canvas.oregonstate.edu/courses/2080857/modules/items/26982757,00787-mth-252-linked-detail-area-between-curves-4,1,2,captured,captured_rendered_page,
obj-mth-252-module-item-26982661,2080857,MTH-252,module_item,26982661,"Area under curve, more rectangles",https://canvas.oregonstate.edu/courses/2080857/modules/items/26982661,00719-mth-252-linked-detail-area-under-curve-more-rectangles,1,2,captured,captured_rendered_page,
obj-mth-252-module-item-26982663,2080857,MTH-252,module_item,26982663,Area under curve: Left Sum,https://canvas.oregonstate.edu/courses/2080857/modules/items/26982663,00725-mth-252-linked-detail-area-under-curve-left-sum,1,2,captured,captured_rendered_page,
obj-mth-252-module-item-26982659,2080857,MTH-252,module_item,26982659,Area under curve: Rectangles,https://canvas.oregonstate.edu/courses/2080857/modules/items/26982659,00713-mth-252-linked-detail-area-under-curve-rectangles,1,2,captured,captured_rendered_page,
obj-mth-252-module-item-26982664,2080857,MTH-252,module_item,26982664,Area under curve: Right Sum,https://canvas.oregonstate.edu/courses/2080857/modules/items/26982664,00728-mth-252-linked-detail-area-under-curve-right-sum,1,2,captured,captured_rendered_page,
obj-mth-252-module-item-26982700,2080857,MTH-252,module_item,26982700,"Area under the curve: Interpretation, velocity",https://canvas.oregonstate.edu/courses/2080857/modules/items/26982700,00795-mth-252-linked-detail-area-under-the-curve-interpretation-velocity,1,2,captured,captured_rendered_page,
obj-mth-252-module-item-26982695,2080857,MTH-252,module_item,26982695,Average temperature,https://canvas.oregonstate.edu/courses/2080857/modules/items/26982695,00810-mth-252-linked-detail-average-temperature,1,2,captured,captured_rendered_page,
obj-mth-252-module-item-26982692,2080857,MTH-252,module_item,26982692,Average value of a function,https://canvas.oregonstate.edu/courses/2080857/modules/items/26982692,00812-mth-252-linked-detail-average-value-of-a-function,1,2,captured,captured_rendered_page,
obj-mth-252-module-item-26982694,2080857,MTH-252,module_item,26982694,Average value of f continued,https://canvas.oregonstate.edu/courses/2080857/modules/items/26982694,00813-mth-252-linked-detail-average-value-of-f-continued,1,2,captured,captured_rendered_page,
obj-mth-252-module-item-26982693,2080857,MTH-252,module_item,26982693,Average Value: Find C Value(s) (Alta Specific),https://canvas.oregonstate.edu/courses/2080857/modules/items/26982693,00815-mth-252-linked-detail-average-value-find-c-value-s-alta-specific,1,2,captured,captured_rendered_page,
obj-mth-252-module-item-26982538,2080857,MTH-252,module_item,26982538,CamScanner: Making ONE pdf with multiple pages,https://canvas.oregonstate.edu/courses/2080857/modules/items/26982538,00441-mth-252-linked-detail-camscanner-making-one-pdf-with-multiple-pages,1,2,captured,captured_rendered_page,
obj-mth-252-module-item-26982672,2080857,MTH-252,module_item,26982672,Convert Riemann sum to integrals,https://canvas.oregonstate.edu/courses/2080857/modules/items/26982672,00752-mth-252-linked-detail-convert-riemann-sum-to-integrals,1,2,captured,captured_rendered_page,
obj-mth-252-module-item-26982677,2080857,MTH-252,module_item,26982677,Definite integral: Constant*function,https://canvas.oregonstate.edu/courses/2080857/modules/items/26982677,00767-mth-252-linked-detail-definite-integral-constant-function,1,2,captured,captured_rendered_page,
obj-mth-252-module-item-26982676,2080857,MTH-252,module_item,26982676,Definite integral: Function plus constant,https://canvas.oregonstate.edu/courses/2080857/modules/items/26982676,00764-mth-252-linked-detail-definite-integral-function-plus-constant,1,2,captured,captured_rendered_page,
obj-mth-252-module-item-26982675,2080857,MTH-252,module_item,26982675,Definite integral: Intro and application,https://canvas.oregonstate.edu/courses/2080857/modules/items/26982675,00761-mth-252-linked-detail-definite-integral-intro-and-application,1,2,captured,captured_rendered_page,
obj-mth-252-module-item-26982673,2080857,MTH-252,module_item,26982673,Definite integral: Properties continued,https://canvas.oregonstate.edu/courses/2080857/modules/items/26982673,00755-mth-252-linked-detail-definite-integral-properties-continued,1,2,captured,captured_rendered_page,
obj-mth-252-module-item-26982671,2080857,MTH-252,module_item,26982671,Definite integral: Setting up the integral,https://canvas.oregonstate.edu/courses/2080857/modules/items/26982671,00749-mth-252-linked-detail-definite-integral-setting-up-the-integral,1,2,captured,captured_rendered_page,
obj-mth-252-module-item-26982678,2080857,MTH-252,module_item,26982678,Definite integral: Trig,https://canvas.oregonstate.edu/courses/2080857/modules/items/26982678,00770-mth-252-linked-detail-definite-integral-trig,1,2,captured,captured_rendered_page,
obj-mth-252-module-item-26982670,2080857,MTH-252,module_item,26982670,Definite integral: Using geometry,https://canvas.oregonstate.edu/courses/2080857/modules/items/26982670,00746-mth-252-linked-detail-definite-integral-using-geometry,1,2,captured,captured_rendered_page,
obj-mth-252-module-item-26982674,2080857,MTH-252,module_item,26982674,Definite integrals: Properties,https://canvas.oregonstate.edu/courses/2080857/modules/items/26982674,00758-mth-252-linked-detail-definite-integrals-properties,1,2,captured,captured_rendered_page,
obj-mth-252-module-item-26982764,2080857,MTH-252,module_item,26982764,Disc method around y=1,https://canvas.oregonstate.edu/courses/2080857/modules/items/26982764,00808-mth-252-linked-detail-disc-method-around-y-1,1,2,captured,captured_rendered_page,
obj-mth-252-module-item-26982761,2080857,MTH-252,module_item,26982761,Disk method 1,https://canvas.oregonstate.edu/courses/2080857/modules/items/26982761,00799-mth-252-linked-detail-disk-method-1,1,2,captured,captured_rendered_page,
obj-mth-252-module-item-26982762,2080857,MTH-252,module_item,26982762,Disk method 2,https://canvas.oregonstate.edu/courses/2080857/modules/items/26982762,00802-mth-252-linked-detail-disk-method-2,1,2,captured,captured_rendered_page,
obj-mth-252-module-item-26982763,2080857,MTH-252,module_item,26982763,Disk method 3,https://canvas.oregonstate.edu/courses/2080857/modules/items/26982763,00805-mth-252-linked-detail-disk-method-3,1,2,captured,captured_rendered_page,
obj-mth-252-module-item-26982717,2080857,MTH-252,module_item,26982717,Example problems: Exponentials,https://canvas.oregonstate.edu/courses/2080857/modules/items/26982717,00744-mth-252-linked-detail-example-problems-exponentials,1,2,captured,captured_rendered_page,
obj-mth-252-module-item-26982690,2080857,MTH-252,module_item,26982690,Find antiderivative 2,https://canvas.oregonstate.edu/courses/2080857/modules/items/26982690,00806-mth-252-linked-detail-find-antiderivative-2,1,2,captured,captured_rendered_page,
obj-mth-252-module-item-26982691,2080857,MTH-252,module_item,26982691,Find antiderivative 3,https://canvas.oregonstate.edu/courses/2080857/modules/items/26982691,00809-mth-252-linked-detail-find-antiderivative-3,1,2,captured,captured_rendered_page,
obj-mth-252-module-item-26982683,2080857,MTH-252,module_item,26982683,FToC: Example,https://canvas.oregonstate.edu/courses/2080857/modules/items/26982683,00785-mth-252-linked-detail-ftoc-example,1,2,captured,captured_rendered_page,
obj-mth-252-module-item-26982686,2080857,MTH-252,module_item,26982686,FToC: Example using area,https://canvas.oregonstate.edu/courses/2080857/modules/items/26982686,00794-mth-252-linked-detail-ftoc-example-using-area,1,2,captured,captured_rendered_page,
obj-mth-252-module-item-26982684,2080857,MTH-252,module_item,26982684,FToC: Polynomial example,https://canvas.oregonstate.edu/courses/2080857/modules/items/26982684,00788-mth-252-linked-detail-ftoc-polynomial-example,1,2,captured,captured_rendered_page,
obj-mth-252-module-item-26982682,2080857,MTH-252,module_item,26982682,FToC: Setup and solve,https://canvas.oregonstate.edu/courses/2080857/modules/items/26982682,00782-mth-252-linked-detail-ftoc-setup-and-solve,1,2,captured,captured_rendered_page,
obj-mth-252-module-item-26982685,2080857,MTH-252,module_item,26982685,FToC: Trig example,https://canvas.oregonstate.edu/courses/2080857/modules/items/26982685,00791-mth-252-linked-detail-ftoc-trig-example,1,2,captured,captured_rendered_page,
obj-mth-252-module-item-26982679,2080857,MTH-252,module_item,26982679,Fundamental Theorem of Calc (FToC): Area function,https://canvas.oregonstate.edu/courses/2080857/modules/items/26982679,00773-mth-252-linked-detail-fundamental-theorem-of-calc-ftoc-area-function,1,2,captured,captured_rendered_page,
obj-mth-252-module-item-26982681,2080857,MTH-252,module_item,26982681,Fundamental Theorem of Calc (FToC): Definite integrals,https://canvas.oregonstate.edu/courses/2080857/modules/items/26982681,00779-mth-252-linked-detail-fundamental-theorem-of-calc-ftoc-definite-integrals,1,2,captured,captured_rendered_page,
obj-mth-252-module-item-26982702,2080857,MTH-252,module_item,26982702,Future value,https://canvas.oregonstate.edu/courses/2080857/modules/items/26982702,00789-mth-252-linked-detail-future-value,1,2,captured,captured_rendered_page,
obj-mth-252-module-item-26982530,2080857,MTH-252,module_item,26982530,Gradescope Submission Using Computer (no audio),https://canvas.oregonstate.edu/courses/2080857/modules/items/26982530,00034-mth-252-module-item-gradescope-submission-using-computer-no-audio,1,2,captured,captured_rendered_page,
obj-mth-252-module-item-26982529,2080857,MTH-252,module_item,26982529,Gradescope Submission Using Phone (no audio),https://canvas.oregonstate.edu/courses/2080857/modules/items/26982529,00033-mth-252-module-item-gradescope-submission-using-phone-no-audio,1,2,captured,captured_rendered_page,
obj-mth-252-module-item-26982785,2080857,MTH-252,module_item,26982785,Hydrostatic force: Horizontal plate,https://canvas.oregonstate.edu/courses/2080857/modules/items/26982785,00834-mth-252-linked-detail-hydrostatic-force-horizontal-plate,1,2,captured,captured_rendered_page,
obj-mth-252-module-item-26982787,2080857,MTH-252,module_item,26982787,Hydrostatic force: Semicircle window,https://canvas.oregonstate.edu/courses/2080857/modules/items/26982787,00836-mth-252-linked-detail-hydrostatic-force-semicircle-window,1,2,captured,captured_rendered_page,
obj-mth-252-module-item-26982786,2080857,MTH-252,module_item,26982786,Hydrostatic force: Vertical isosceles triangle,https://canvas.oregonstate.edu/courses/2080857/modules/items/26982786,00835-mth-252-linked-detail-hydrostatic-force-vertical-isosceles-triangle,1,2,captured,captured_rendered_page,
obj-mth-252-module-item-26982790,2080857,MTH-252,module_item,26982790,"Improper integral 3, exponential integrand",https://canvas.oregonstate.edu/courses/2080857/modules/items/26982790,00839-mth-252-linked-detail-improper-integral-3-exponential-integrand,1,2,captured,captured_rendered_page,
obj-mth-252-module-item-26982791,2080857,MTH-252,module_item,26982791,"Improper integral 4, rational integrand",https://canvas.oregonstate.edu/courses/2080857/modules/items/26982791,00840-mth-252-linked-detail-improper-integral-4-rational-integrand,1,2,captured,captured_rendered_page,
obj-mth-252-module-item-26982792,2080857,MTH-252,module_item,26982792,"Improper integral 5, rational integrand",https://canvas.oregonstate.edu/courses/2080857/modules/items/26982792,00841-mth-252-linked-detail-improper-integral-5-rational-integrand,1,2,captured,captured_rendered_page,
obj-mth-252-module-item-26982793,2080857,MTH-252,module_item,26982793,Improper integral: +infinity to -infinity,https://canvas.oregonstate.edu/courses/2080857/modules/items/26982793,00842-mth-252-linked-detail-improper-integral-infinity-to-infinity,1,2,captured,captured_rendered_page,
obj-mth-252-module-item-26982794,2080857,MTH-252,module_item,26982794,Improper integral: Discontinuous integrand 1,https://canvas.oregonstate.edu/courses/2080857/modules/items/26982794,00843-mth-252-linked-detail-improper-integral-discontinuous-integrand-1,1,2,captured,captured_rendered_page,
obj-mth-252-module-item-26982795,2080857,MTH-252,module_item,26982795,Improper integral: Discontinuous integrand 2,https://canvas.oregonstate.edu/courses/2080857/modules/items/26982795,00844-mth-252-linked-detail-improper-integral-discontinuous-integrand-2,1,2,captured,captured_rendered_page,
obj-mth-252-module-item-26982789,2080857,MTH-252,module_item,26982789,"Improper integrals 2, exponential integrand",https://canvas.oregonstate.edu/courses/2080857/modules/items/26982789,00838-mth-252-linked-detail-improper-integrals-2-exponential-integrand,1,2,captured,captured_rendered_page,
obj-mth-252-module-item-26982725,2080857,MTH-252,module_item,26982725,Indefinite integral: Example 2,https://canvas.oregonstate.edu/courses/2080857/modules/items/26982725,00720-mth-252-linked-detail-indefinite-integral-example-2,1,2,captured,captured_rendered_page,
obj-mth-252-module-item-26982726,2080857,MTH-252,module_item,26982726,Indefinite integral: Example 3,https://canvas.oregonstate.edu/courses/2080857/modules/items/26982726,00717-mth-252-linked-detail-indefinite-integral-example-3,1,2,captured,captured_rendered_page,
obj-mth-252-module-item-26982727,2080857,MTH-252,module_item,26982727,"Indefinite integral: Example 4, exponential",https://canvas.oregonstate.edu/courses/2080857/modules/items/26982727,00714-mth-252-linked-detail-indefinite-integral-example-4-exponential,1,2,captured,captured_rendered_page,
obj-mth-252-module-item-26982731,2080857,MTH-252,module_item,26982731,"Indefinite integral: Exponential and trig, IBP twice and solve",https://canvas.oregonstate.edu/courses/2080857/modules/items/26982731,00531-mth-252-linked-detail-indefinite-integral-exponential-and-trig-ibp-twice-and-solve,1,2,captured,captured_rendered_page,
obj-mth-252-module-item-26982730,2080857,MTH-252,module_item,26982730,"Indefinite integral: Exponential, IBP twice",https://canvas.oregonstate.edu/courses/2080857/modules/items/26982730,00156-mth-252-module-item-indefinite-integral-exponential-ibp-twice,1,2,captured,captured_rendered_page,
obj-mth-252-module-item-26982728,2080857,MTH-252,module_item,26982728,Indefinite integral: log,https://canvas.oregonstate.edu/courses/2080857/modules/items/26982728,00693-mth-252-linked-detail-indefinite-integral-log,1,2,captured,captured_rendered_page,
obj-mth-252-module-item-26982729,2080857,MTH-252,module_item,26982729,Indefinite integral: Trig times linear,https://canvas.oregonstate.edu/courses/2080857/modules/items/26982729,00530-mth-252-linked-detail-indefinite-integral-trig-times-linear,1,2,captured,captured_rendered_page,
obj-mth-252-module-item-26982718,2080857,MTH-252,module_item,26982718,Integrating exponentials: example 2,https://canvas.oregonstate.edu/courses/2080857/modules/items/26982718,00741-mth-252-linked-detail-integrating-exponentials-example-2,1,2,captured,captured_rendered_page,
obj-mth-252-module-item-26982719,2080857,MTH-252,module_item,26982719,Integrating exponentials: Example 3,https://canvas.oregonstate.edu/courses/2080857/modules/items/26982719,00738-mth-252-linked-detail-integrating-exponentials-example-3,1,2,captured,captured_rendered_page,
obj-mth-252-module-item-26982720,2080857,MTH-252,module_item,26982720,Integrating Natural Log (Alta Specific),https://canvas.oregonstate.edu/courses/2080857/modules/items/26982720,00735-mth-252-linked-detail-integrating-natural-log-alta-specific,1,2,captured,captured_rendered_page,
obj-mth-252-module-item-26982747,2080857,MTH-252,module_item,26982747,Integration using long division,https://canvas.oregonstate.edu/courses/2080857/modules/items/26982747,00757-mth-252-linked-detail-integration-using-long-division,1,2,captured,captured_rendered_page,
obj-mth-252-module-item-26982753,2080857,MTH-252,module_item,26982753,Integration with long division,https://canvas.oregonstate.edu/courses/2080857/modules/items/26982753,00775-mth-252-linked-detail-integration-with-long-division,1,2,captured,captured_rendered_page,
obj-mth-252-module-item-26982752,2080857,MTH-252,module_item,26982752,Integration with PFD,https://canvas.oregonstate.edu/courses/2080857/modules/items/26982752,00772-mth-252-linked-detail-integration-with-pfd,1,2,captured,captured_rendered_page,
obj-mth-252-module-item-26982704,2080857,MTH-252,module_item,26982704,Integration: Odd/Even function continued,https://canvas.oregonstate.edu/courses/2080857/modules/items/26982704,00783-mth-252-linked-detail-integration-odd-even-function-continued,1,2,captured,captured_rendered_page,
obj-mth-252-module-item-26982703,2080857,MTH-252,module_item,26982703,Integration: Odd/Even functions,https://canvas.oregonstate.edu/courses/2080857/modules/items/26982703,00786-mth-252-linked-detail-integration-odd-even-functions,1,2,captured,captured_rendered_page,
obj-mth-252-module-item-26982669,2080857,MTH-252,module_item,26982669,Intro: Definite Integral,https://canvas.oregonstate.edu/courses/2080857/modules/items/26982669,00743-mth-252-linked-detail-intro-definite-integral,1,2,captured,captured_rendered_page,
obj-mth-252-module-item-26982697,2080857,MTH-252,module_item,26982697,Intro: Net change theorem,https://canvas.oregonstate.edu/courses/2080857/modules/items/26982697,00804-mth-252-linked-detail-intro-net-change-theorem,1,2,captured,captured_rendered_page,
obj-mth-252-module-item-26982754,2080857,MTH-252,module_item,26982754,Intro. Area between curves,https://canvas.oregonstate.edu/courses/2080857/modules/items/26982754,00778-mth-252-linked-detail-intro-area-between-curves,1,2,captured,captured_rendered_page,
obj-mth-252-module-item-26982788,2080857,MTH-252,module_item,26982788,Intro. Improper integrals,https://canvas.oregonstate.edu/courses/2080857/modules/items/26982788,00837-mth-252-linked-detail-intro-improper-integrals,1,2,captured,captured_rendered_page,
obj-mth-252-module-item-26982723,2080857,MTH-252,module_item,26982723,Intro. indefinite integral continued,https://canvas.oregonstate.edu/courses/2080857/modules/items/26982723,00726-mth-252-linked-detail-intro-indefinite-integral-continued,1,2,captured,captured_rendered_page,
obj-mth-252-module-item-26982721,2080857,MTH-252,module_item,26982721,Intro. Integration by Parts,https://canvas.oregonstate.edu/courses/2080857/modules/items/26982721,00732-mth-252-linked-detail-intro-integration-by-parts,1,2,captured,captured_rendered_page,
obj-mth-252-module-item-26982724,2080857,MTH-252,module_item,26982724,Intro. Integration by Parts example 1,https://canvas.oregonstate.edu/courses/2080857/modules/items/26982724,00723-mth-252-linked-detail-intro-integration-by-parts-example-1,1,2,captured,captured_rendered_page,
obj-mth-252-module-item-26982722,2080857,MTH-252,module_item,26982722,Intro. Integration by Parts: Definite integral,https://canvas.oregonstate.edu/courses/2080857/modules/items/26982722,00729-mth-252-linked-detail-intro-integration-by-parts-definite-integral,1,2,captured,captured_rendered_page,
obj-mth-252-module-item-26982751,2080857,MTH-252,module_item,26982751,Intro. Integration with PFD,https://canvas.oregonstate.edu/courses/2080857/modules/items/26982751,00769-mth-252-linked-detail-intro-integration-with-pfd,1,2,captured,captured_rendered_page,
obj-mth-252-module-item-26982748,2080857,MTH-252,module_item,26982748,Intro. Partial fraction decomposition (PFD),https://canvas.oregonstate.edu/courses/2080857/modules/items/26982748,00760-mth-252-linked-detail-intro-partial-fraction-decomposition-pfd,1,2,captured,captured_rendered_page,
obj-mth-252-module-item-26982768,2080857,MTH-252,module_item,26982768,Intro. shell method,https://canvas.oregonstate.edu/courses/2080857/modules/items/26982768,00817-mth-252-linked-detail-intro-shell-method,1,2,captured,captured_rendered_page,
obj-mth-252-module-item-26982705,2080857,MTH-252,module_item,26982705,Intro. Substitution,https://canvas.oregonstate.edu/courses/2080857/modules/items/26982705,00780-mth-252-linked-detail-intro-substitution,1,2,captured,captured_rendered_page,
obj-mth-252-module-item-26982706,2080857,MTH-252,module_item,26982706,Intro. Substitution continued,https://canvas.oregonstate.edu/courses/2080857/modules/items/26982706,00777-mth-252-linked-detail-intro-substitution-continued,1,2,captured,captured_rendered_page,
obj-mth-252-module-item-26982739,2080857,MTH-252,module_item,26982739,Intro. Trig substitution 1,https://canvas.oregonstate.edu/courses/2080857/modules/items/26982739,00733-mth-252-linked-detail-intro-trig-substitution-1,1,2,captured,captured_rendered_page,
obj-mth-252-module-item-26982741,2080857,MTH-252,module_item,26982741,Intro. Trig substitution 2,https://canvas.oregonstate.edu/courses/2080857/modules/items/26982741,00739-mth-252-linked-detail-intro-trig-substitution-2,1,2,captured,captured_rendered_page,
obj-mth-252-module-item-26982732,2080857,MTH-252,module_item,26982732,Intro. Trigonometric integrals with an ODD power,https://canvas.oregonstate.edu/courses/2080857/modules/items/26982732,00694-mth-252-linked-detail-intro-trigonometric-integrals-with-an-odd-power,1,2,captured,captured_rendered_page,
obj-mth-252-module-item-26982740,2080857,MTH-252,module_item,26982740,Intro. Trigonometric Substitution continued,https://canvas.oregonstate.edu/courses/2080857/modules/items/26982740,00736-mth-252-linked-detail-intro-trigonometric-substitution-continued,1,2,captured,captured_rendered_page,
obj-mth-252-module-item-26982759,2080857,MTH-252,module_item,26982759,Intro. volume by slicing,https://canvas.oregonstate.edu/courses/2080857/modules/items/26982759,00793-mth-252-linked-detail-intro-volume-by-slicing,1,2,captured,captured_rendered_page,
obj-mth-252-module-item-26982665,2080857,MTH-252,module_item,26982665,Midpoint rule 1,https://canvas.oregonstate.edu/courses/2080857/modules/items/26982665,00731-mth-252-linked-detail-midpoint-rule-1,1,2,captured,captured_rendered_page,
obj-mth-252-module-item-26982666,2080857,MTH-252,module_item,26982666,Midpoint rule 2,https://canvas.oregonstate.edu/courses/2080857/modules/items/26982666,00734-mth-252-linked-detail-midpoint-rule-2,1,2,captured,captured_rendered_page,
obj-mth-252-module-item-26982667,2080857,MTH-252,module_item,26982667,Midpoint rule with table,https://canvas.oregonstate.edu/courses/2080857/modules/items/26982667,00737-mth-252-linked-detail-midpoint-rule-with-table,1,2,captured,captured_rendered_page,
obj-mth-252-module-item-26982698,2080857,MTH-252,module_item,26982698,Net change in population,https://canvas.oregonstate.edu/courses/2080857/modules/items/26982698,00801-mth-252-linked-detail-net-change-in-population,1,2,captured,captured_rendered_page,
obj-mth-252-module-item-26982699,2080857,MTH-252,module_item,26982699,Net Displacement at Time t (Alta Specific),https://canvas.oregonstate.edu/courses/2080857/modules/items/26982699,00798-mth-252-linked-detail-net-displacement-at-time-t-alta-specific,1,2,captured,captured_rendered_page,
obj-mth-252-module-item-26982526,2080857,MTH-252,module_item,26982526,OpenStax Course Online Textbook (pdf downloadable),https://canvas.oregonstate.edu/courses/2080857/modules/items/26982526,00438-mth-252-linked-detail-openstax-course-online-textbook-pdf-downloadable,1,2,captured,captured_rendered_page,
obj-mth-252-module-item-26982750,2080857,MTH-252,module_item,26982750,PFD degree 2/3,https://canvas.oregonstate.edu/courses/2080857/modules/items/26982750,00766-mth-252-linked-detail-pfd-degree-2-3,1,2,captured,captured_rendered_page,
obj-mth-252-module-item-26982749,2080857,MTH-252,module_item,26982749,PFD example 2,https://canvas.oregonstate.edu/courses/2080857/modules/items/26982749,00763-mth-252-linked-detail-pfd-example-2,1,2,captured,captured_rendered_page,
obj-mth-252-module-item-26982540,2080857,MTH-252,module_item,26982540,Review (Optional) - 3.3 Differentiation Rules,https://canvas.oregonstate.edu/courses/2080857/modules/items/26982540,00042-mth-252-module-item-review-optional-3-3-differentiation-rules,1,2,captured,captured_rendered_page,
obj-mth-252-module-item-26982541,2080857,MTH-252,module_item,26982541,Review (Optional) - 3.5 Derivatives of Trigonometric Functions,https://canvas.oregonstate.edu/courses/2080857/modules/items/26982541,00043-mth-252-module-item-review-optional-3-5-derivatives-of-trigonometric-functions,1,2,captured,captured_rendered_page,
obj-mth-252-module-item-26982542,2080857,MTH-252,module_item,26982542,Review (Optional) - 3.6 The Chain Rule,https://canvas.oregonstate.edu/courses/2080857/modules/items/26982542,00044-mth-252-module-item-review-optional-3-6-the-chain-rule,1,2,captured,captured_rendered_page,
obj-mth-252-module-item-26982543,2080857,MTH-252,module_item,26982543,Review (Optional) - 3.9 Derivatives of Exponential and Logarithmic Functions,https://canvas.oregonstate.edu/courses/2080857/modules/items/26982543,00045-mth-252-module-item-review-optional-3-9-derivatives-of-exponential-and-logarithmic-functions,1,2,captured,captured_rendered_page,
obj-mth-252-module-item-26982668,2080857,MTH-252,module_item,26982668,Riemann sums: Right Sum,https://canvas.oregonstate.edu/courses/2080857/modules/items/26982668,00740-mth-252-linked-detail-riemann-sums-right-sum,1,2,captured,captured_rendered_page,
obj-mth-252-module-item-26982769,2080857,MTH-252,module_item,26982769,Shell method 2,https://canvas.oregonstate.edu/courses/2080857/modules/items/26982769,00818-mth-252-linked-detail-shell-method-2,1,2,captured,captured_rendered_page,
obj-mth-252-module-item-26982770,2080857,MTH-252,module_item,26982770,Shell method 3,https://canvas.oregonstate.edu/courses/2080857/modules/items/26982770,00819-mth-252-linked-detail-shell-method-3,1,2,captured,captured_rendered_page,
obj-mth-252-module-item-26982771,2080857,MTH-252,module_item,26982771,Shell method 4 around y-axis,https://canvas.oregonstate.edu/courses/2080857/modules/items/26982771,00820-mth-252-linked-detail-shell-method-4-around-y-axis,1,2,captured,captured_rendered_page,
obj-mth-252-module-item-26982772,2080857,MTH-252,module_item,26982772,Shell method around x=4,https://canvas.oregonstate.edu/courses/2080857/modules/items/26982772,00821-mth-252-linked-detail-shell-method-around-x-4,1,2,captured,captured_rendered_page,
obj-mth-252-module-item-26982715,2080857,MTH-252,module_item,26982715,Substitution example: Composed exponential with trig,https://canvas.oregonstate.edu/courses/2080857/modules/items/26982715,00750-mth-252-linked-detail-substitution-example-composed-exponential-with-trig,1,2,captured,captured_rendered_page,
obj-mth-252-module-item-26982709,2080857,MTH-252,module_item,26982709,Substitution example: Exponential,https://canvas.oregonstate.edu/courses/2080857/modules/items/26982709,00768-mth-252-linked-detail-substitution-example-exponential,1,2,captured,captured_rendered_page,
obj-mth-252-module-item-26982713,2080857,MTH-252,module_item,26982713,Substitution example: Logarithms,https://canvas.oregonstate.edu/courses/2080857/modules/items/26982713,00756-mth-252-linked-detail-substitution-example-logarithms,1,2,captured,captured_rendered_page,
obj-mth-252-module-item-26982708,2080857,MTH-252,module_item,26982708,Substitution example: Rational function,https://canvas.oregonstate.edu/courses/2080857/modules/items/26982708,00771-mth-252-linked-detail-substitution-example-rational-function,1,2,captured,captured_rendered_page,
obj-mth-252-module-item-26982714,2080857,MTH-252,module_item,26982714,Substitution example: Rational function with logs,https://canvas.oregonstate.edu/courses/2080857/modules/items/26982714,00753-mth-252-linked-detail-substitution-example-rational-function-with-logs,1,2,captured,captured_rendered_page,
obj-mth-252-module-item-26982710,2080857,MTH-252,module_item,26982710,Substitution example: Trig,https://canvas.oregonstate.edu/courses/2080857/modules/items/26982710,00765-mth-252-linked-detail-substitution-example-trig,1,2,captured,captured_rendered_page,
obj-mth-252-module-item-26982707,2080857,MTH-252,module_item,26982707,Substitution with definite integrals,https://canvas.oregonstate.edu/courses/2080857/modules/items/26982707,00774-mth-252-linked-detail-substitution-with-definite-integrals,1,2,captured,captured_rendered_page,
obj-mth-252-module-item-26982716,2080857,MTH-252,module_item,26982716,Substitution with indefinite integral,https://canvas.oregonstate.edu/courses/2080857/modules/items/26982716,00747-mth-252-linked-detail-substitution-with-indefinite-integral,1,2,captured,captured_rendered_page,
obj-mth-252-module-item-26982711,2080857,MTH-252,module_item,26982711,Substitution: Inverse trig example 1,https://canvas.oregonstate.edu/courses/2080857/modules/items/26982711,00762-mth-252-linked-detail-substitution-inverse-trig-example-1,1,2,captured,captured_rendered_page,
obj-mth-252-module-item-26982712,2080857,MTH-252,module_item,26982712,Substitution: Inverse trig example 2,https://canvas.oregonstate.edu/courses/2080857/modules/items/26982712,00759-mth-252-linked-detail-substitution-inverse-trig-example-2,1,2,captured,captured_rendered_page,
obj-mth-252-module-item-26982689,2080857,MTH-252,module_item,26982689,The antiderivative (trig),https://canvas.oregonstate.edu/courses/2080857/modules/items/26982689,00803-mth-252-linked-detail-the-antiderivative-trig,1,2,captured,captured_rendered_page,
obj-mth-252-module-item-26982687,2080857,MTH-252,module_item,26982687,The antiderivative 1,https://canvas.oregonstate.edu/courses/2080857/modules/items/26982687,00797-mth-252-linked-detail-the-antiderivative-1,1,2,captured,captured_rendered_page,
obj-mth-252-module-item-26982688,2080857,MTH-252,module_item,26982688,The antiderivative 2,https://canvas.oregonstate.edu/courses/2080857/modules/items/26982688,00800-mth-252-linked-detail-the-antiderivative-2,1,2,captured,captured_rendered_page,
obj-mth-252-module-item-26982735,2080857,MTH-252,module_item,26982735,Trig integral involving secant,https://canvas.oregonstate.edu/courses/2080857/modules/items/26982735,00721-mth-252-linked-detail-trig-integral-involving-secant,1,2,captured,captured_rendered_page,
obj-mth-252-module-item-26982738,2080857,MTH-252,module_item,26982738,Trig Integrals: All EVEN exponents,https://canvas.oregonstate.edu/courses/2080857/modules/items/26982738,00730-mth-252-linked-detail-trig-integrals-all-even-exponents,1,2,captured,captured_rendered_page,
obj-mth-252-module-item-26982733,2080857,MTH-252,module_item,26982733,Trig Integrals: Example 2 with ODD power,https://canvas.oregonstate.edu/courses/2080857/modules/items/26982733,00715-mth-252-linked-detail-trig-integrals-example-2-with-odd-power,1,2,captured,captured_rendered_page,
obj-mth-252-module-item-26982734,2080857,MTH-252,module_item,26982734,Trig Integrals: Example 3 with ODD power,https://canvas.oregonstate.edu/courses/2080857/modules/items/26982734,00718-mth-252-linked-detail-trig-integrals-example-3-with-odd-power,1,2,captured,captured_rendered_page,
obj-mth-252-module-item-26982736,2080857,MTH-252,module_item,26982736,Trig Integrals: ODD power of tangent,https://canvas.oregonstate.edu/courses/2080857/modules/items/26982736,00724-mth-252-linked-detail-trig-integrals-odd-power-of-tangent,1,2,captured,captured_rendered_page,
obj-mth-252-module-item-26982737,2080857,MTH-252,module_item,26982737,Trig Integrals: Power reducing example 1,https://canvas.oregonstate.edu/courses/2080857/modules/items/26982737,00727-mth-252-linked-detail-trig-integrals-power-reducing-example-1,1,2,captured,captured_rendered_page,
obj-mth-252-module-item-26982742,2080857,MTH-252,module_item,26982742,Trig substitution example 3,https://canvas.oregonstate.edu/courses/2080857/modules/items/26982742,00742-mth-252-linked-detail-trig-substitution-example-3,1,2,captured,captured_rendered_page,
obj-mth-252-module-item-26982743,2080857,MTH-252,module_item,26982743,Trig substitution example 4,https://canvas.oregonstate.edu/courses/2080857/modules/items/26982743,00745-mth-252-linked-detail-trig-substitution-example-4,1,2,captured,captured_rendered_page,
obj-mth-252-module-item-26982744,2080857,MTH-252,module_item,26982744,Trig substitution example 5,https://canvas.oregonstate.edu/courses/2080857/modules/items/26982744,00748-mth-252-linked-detail-trig-substitution-example-5,1,2,captured,captured_rendered_page,
obj-mth-252-module-item-26982746,2080857,MTH-252,module_item,26982746,Trig substitution with definite integral,https://canvas.oregonstate.edu/courses/2080857/modules/items/26982746,00754-mth-252-linked-detail-trig-substitution-with-definite-integral,1,2,captured,captured_rendered_page,
obj-mth-252-module-item-26982745,2080857,MTH-252,module_item,26982745,Trig substitution with secant,https://canvas.oregonstate.edu/courses/2080857/modules/items/26982745,00751-mth-252-linked-detail-trig-substitution-with-secant,1,2,captured,captured_rendered_page,
obj-mth-252-module-item-26982658,2080857,MTH-252,module_item,26982658,"Upper, Lower, Left, and Right Sums",https://canvas.oregonstate.edu/courses/2080857/modules/items/26982658,00692-mth-252-linked-detail-upper-lower-left-and-right-sums,1,2,captured,captured_rendered_page,
obj-mth-252-module-item-26982701,2080857,MTH-252,module_item,26982701,Velocity example 1,https://canvas.oregonstate.edu/courses/2080857/modules/items/26982701,00792-mth-252-linked-detail-velocity-example-1,1,2,captured,captured_rendered_page,
obj-mth-252-module-item-26982760,2080857,MTH-252,module_item,26982760,Volume by slicing 2,https://canvas.oregonstate.edu/courses/2080857/modules/items/26982760,00796-mth-252-linked-detail-volume-by-slicing-2,1,2,captured,captured_rendered_page,
obj-mth-252-module-item-26982765,2080857,MTH-252,module_item,26982765,Washer method 1,https://canvas.oregonstate.edu/courses/2080857/modules/items/26982765,00811-mth-252-linked-detail-washer-method-1,1,2,captured,captured_rendered_page,
obj-mth-252-module-item-26982766,2080857,MTH-252,module_item,26982766,"Washer method 2, around y=3",https://canvas.oregonstate.edu/courses/2080857/modules/items/26982766,00814-mth-252-linked-detail-washer-method-2-around-y-3,1,2,captured,captured_rendered_page,
obj-mth-252-module-item-26982767,2080857,MTH-252,module_item,26982767,"Washer method 3, around x=5",https://canvas.oregonstate.edu/courses/2080857/modules/items/26982767,00816-mth-252-linked-detail-washer-method-3-around-x-5,1,2,captured,captured_rendered_page,
obj-mth-252-module-item-26982535,2080857,MTH-252,module_item,26982535,Website: MSLC --> Peer tutoring,https://canvas.oregonstate.edu/courses/2080857/modules/items/26982535,00439-mth-252-linked-detail-website-mslc-peer-tutoring,1,2,captured,captured_rendered_page,
obj-mth-252-module-item-26982657,2080857,MTH-252,module_item,26982657,What is Calculus?,https://canvas.oregonstate.edu/courses/2080857/modules/items/26982657,00529-mth-252-linked-detail-what-is-calculus,1,2,captured,captured_rendered_page,
obj-mth-252-module-item-26982781,2080857,MTH-252,module_item,26982781,Work: Lifting bucket with cable mass,https://canvas.oregonstate.edu/courses/2080857/modules/items/26982781,00830-mth-252-linked-detail-work-lifting-bucket-with-cable-mass,1,2,captured,captured_rendered_page,
obj-mth-252-module-item-26982780,2080857,MTH-252,module_item,26982780,Work: lifting leaking bucket,https://canvas.oregonstate.edu/courses/2080857/modules/items/26982780,00829-mth-252-linked-detail-work-lifting-leaking-bucket,1,2,captured,captured_rendered_page,
obj-mth-252-module-item-26982778,2080857,MTH-252,module_item,26982778,Work: Spring stretch 1,https://canvas.oregonstate.edu/courses/2080857/modules/items/26982778,00827-mth-252-linked-detail-work-spring-stretch-1,1,2,captured,captured_rendered_page,
obj-mth-252-module-item-26982779,2080857,MTH-252,module_item,26982779,Work: Spring stretch 2,https://canvas.oregonstate.edu/courses/2080857/modules/items/26982779,00828-mth-252-linked-detail-work-spring-stretch-2,1,2,captured,captured_rendered_page,
obj-mth-252-module-item-26982782,2080857,MTH-252,module_item,26982782,Work: Vertical pumping,https://canvas.oregonstate.edu/courses/2080857/modules/items/26982782,00831-mth-252-linked-detail-work-vertical-pumping,1,2,captured,captured_rendered_page,
obj-mth-252-module-item-26982783,2080857,MTH-252,module_item,26982783,"Work: Vertical pumping, isosceles triangle",https://canvas.oregonstate.edu/courses/2080857/modules/items/26982783,00832-mth-252-linked-detail-work-vertical-pumping-isosceles-triangle,1,2,captured,captured_rendered_page,
obj-mth-252-module-item-26982784,2080857,MTH-252,module_item,26982784,"Work: Vertical pumping, quadratic cross sections",https://canvas.oregonstate.edu/courses/2080857/modules/items/26982784,00833-mth-252-linked-detail-work-vertical-pumping-quadratic-cross-sections,1,2,captured,captured_rendered_page,
obj-mth-252-module-subheader-26982527,2080857,MTH-252,module_subheader,26982527,Gradescope Submissions - Students are held accountable for verifying submissions 8 context_module_sub_header 26982527 0 Score at least Must score at least to complete this module item Scored at least Module item has been completed by scoring at least Score at least % Must score at least % to complete this module item Scored at least % Module item has been completed by scoring at least % View Must view in order to complete this module item Viewed Module item has been viewed and is complete Mark done Must mark this module item done in order to complete Marked done Module item marked as done and is complete Contribute Must contribute to this module item to complete it Contributed Contributed to this module item and is complete Submit Must submit this module item to complete it Submitted Module item submitted and is complete,,,0,1,structural_marker,reference_only,Object inferred from module item listing without captured destination page.
obj-mth-252-module-subheader-26982651,2080857,MTH-252,module_subheader,26982651,Retake - Only ONE retake submission is permitted. 1 context_module_sub_header 26982651 0 Score at least Must score at least to complete this module item Scored at least Module item has been completed by scoring at least Score at least % Must score at least % to complete this module item Scored at least % Module item has been completed by scoring at least % View Must view in order to complete this module item Viewed Module item has been viewed and is complete Mark done Must mark this module item done in order to complete Marked done Module item marked as done and is complete Contribute Must contribute to this module item to complete it Contributed Contributed to this module item and is complete Submit Must submit this module item to complete it Submitted Module item submitted and is complete,,,0,1,structural_marker,reference_only,Object inferred from module item listing without captured destination page.
obj-mth-252-module-subheader-26982528,2080857,MTH-252,module_subheader,26982528,Videos below: Show what verifying subs looks like. 9 context_module_sub_header 26982528 0 Score at least Must score at least to complete this module item Scored at least Module item has been completed by scoring at least Score at least % Must score at least % to complete this module item Scored at least % Module item has been completed by scoring at least % View Must view in order to complete this module item Viewed Module item has been viewed and is complete Mark done Must mark this module item done in order to complete Marked done Module item marked as done and is complete Contribute Must contribute to this module item to complete it Contributed Contributed to this module item and is complete Submit Must submit this module item to complete it Submitted Module item submitted and is complete,,,0,1,structural_marker,reference_only,Object inferred from module item listing without captured destination page.
obj-mth-252-modules-https-canvas-oregonstate-edu-courses-2080857-modules,2080857,MTH-252,modules,,Course Modules: INTEGRAL CALCULUS (MTH_252Z_400_U2026),https://canvas.oregonstate.edu/courses/2080857/modules,00002-mth-252-modules-course-modules-integral-calculus-mth-252z-400-u2026,1,1,captured,captured_rendered_page,
obj-mth-252-page-dr-gs-videos-3e-1-dot-3-4-dot-10,2080857,MTH-252,page,dr-gs-videos-%3E-1-dot-3-4-dot-10,"Dr G's Videos --> 1.3, 4.10: INTEGRAL CALCULUS (MTH_252Z_400_U2026)",https://canvas.oregonstate.edu/courses/2080857/pages/dr-gs-videos-%3E-1-dot-3-4-dot-10?module_item_id=26982566,00068-mth-252-module-item-dr-g-s-videos-1-3-4-10-integral-calculus-mth-252z-400-u2026,1,2,captured,captured_rendered_page,
obj-mth-252-page-dr-gs-videos-3e-2-dot-2,2080857,MTH-252,page,dr-gs-videos-%3E-2-dot-2,Dr G's Videos --> 2.2 : INTEGRAL CALCULUS (MTH_252Z_400_U2026),https://canvas.oregonstate.edu/courses/2080857/pages/dr-gs-videos-%3E-2-dot-2?module_item_id=26982612,00114-mth-252-module-item-dr-g-s-videos-2-2-integral-calculus-mth-252z-400-u2026,1,2,captured,captured_rendered_page,
obj-mth-252-page-dr-gs-videos-3e-2-dot-3-2-dot-4,2080857,MTH-252,page,dr-gs-videos-%3E-2-dot-3-2-dot-4,"Dr G's Videos --> 2.3, 2.4: INTEGRAL CALCULUS (MTH_252Z_400_U2026)",https://canvas.oregonstate.edu/courses/2080857/pages/dr-gs-videos-%3E-2-dot-3-2-dot-4?module_item_id=26982623,00125-mth-252-module-item-dr-g-s-videos-2-3-2-4-integral-calculus-mth-252z-400-u2026,1,2,captured,captured_rendered_page,
obj-mth-252-page-dr-gs-videos-3e-3-dot-1-3-dot-2,2080857,MTH-252,page,dr-gs-videos-%3E-3-dot-1-3-dot-2,"Dr G's Videos --> 3.1, 3.2: INTEGRAL CALCULUS (MTH_252Z_400_U2026)",https://canvas.oregonstate.edu/courses/2080857/pages/dr-gs-videos-%3E-3-dot-1-3-dot-2?module_item_id=26982589,00091-mth-252-module-item-dr-g-s-videos-3-1-3-2-integral-calculus-mth-252z-400-u2026,1,2,captured,captured_rendered_page,
obj-mth-252-page-dr-gs-videos-3e-3-dot-3-continued-3-dot-4,2080857,MTH-252,page,dr-gs-videos-%3E-3-dot-3-continued-3-dot-4,"Dr G's Videos --> 3.3 continued, 3.4: INTEGRAL CALCULUS (MTH_252Z_400_U2026)",https://canvas.oregonstate.edu/courses/2080857/pages/dr-gs-videos-%3E-3-dot-3-continued-3-dot-4?module_item_id=26982601,00103-mth-252-module-item-dr-g-s-videos-3-3-continued-3-4-integral-calculus-mth-252z-400-u2026,1,2,captured,captured_rendered_page,
obj-mth-252-page-dr-gs-videos-3e-3-dot-7,2080857,MTH-252,page,dr-gs-videos-%3E-3-dot-7,Dr G's Videos --> 3.7: INTEGRAL CALCULUS (MTH_252Z_400_U2026),https://canvas.oregonstate.edu/courses/2080857/pages/dr-gs-videos-%3E-3-dot-7?module_item_id=26982645,00146-mth-252-module-item-dr-g-s-videos-3-7-integral-calculus-mth-252z-400-u2026,2,3,captured,captured_rendered_page,
obj-mth-252-page-dr-gs-videos-3e-sect-1-dot-3-1-dot-4,2080857,MTH-252,page,dr-gs-videos-%3E-sect-1-dot-3-1-dot-4,"Dr G's Videos --> Sect 1.3, 1.4: INTEGRAL CALCULUS (MTH_252Z_400_U2026)",https://canvas.oregonstate.edu/courses/2080857/pages/dr-gs-videos-%3E-sect-1-dot-3-1-dot-4?module_item_id=26982575,00077-mth-252-module-item-dr-g-s-videos-sect-1-3-1-4-integral-calculus-mth-252z-400-u2026,1,2,captured,captured_rendered_page,
obj-mth-252-page-dr-gs-videos-3e-sect-1-dot-4-1-dot-5-1-dot-6,2080857,MTH-252,page,dr-gs-videos-%3E-sect-1-dot-4-1-dot-5-1-dot-6,"Dr G's Videos --> Sect 1.4, 1.5, 1.6: INTEGRAL CALCULUS (MTH_252Z_400_U2026)",https://canvas.oregonstate.edu/courses/2080857/pages/dr-gs-videos-%3E-sect-1-dot-4-1-dot-5-1-dot-6?module_item_id=26982576,00078-mth-252-module-item-dr-g-s-videos-sect-1-4-1-5-1-6-integral-calculus-mth-252z-400-u2026,1,2,captured,captured_rendered_page,
obj-mth-252-page-dr-gs-videos-3e-2-dot-1-2-dot-2,2080857,MTH-252,page,dr-gs-videos-%3E-2-dot-1-2-dot-2,"Dr Gs Videos --> 2.1, 2.2: INTEGRAL CALCULUS (MTH_252Z_400_U2026)",https://canvas.oregonstate.edu/courses/2080857/pages/dr-gs-videos-%3E-2-dot-1-2-dot-2?module_item_id=26982611,00113-mth-252-module-item-dr-gs-videos-2-1-2-2-integral-calculus-mth-252z-400-u2026,1,2,captured,captured_rendered_page,
obj-mth-252-page-dr-g-videos-3e-3-dot-3,2080857,MTH-252,page,dr-g-videos-%3E-3-dot-3,Dr. G Videos --> 3.3: INTEGRAL CALCULUS (MTH_252Z_400_U2026),https://canvas.oregonstate.edu/courses/2080857/pages/dr-g-videos-%3E-3-dot-3?module_item_id=26982600,00102-mth-252-module-item-dr-g-videos-3-3-integral-calculus-mth-252z-400-u2026,1,2,captured,captured_rendered_page,
obj-mth-252-page-dr-gs-videos-3e-1-dot-1,2080857,MTH-252,page,dr-gs-videos-%3E-1-dot-1,Dr. G's Videos --> 1.1: INTEGRAL CALCULUS (MTH_252Z_400_U2026),https://canvas.oregonstate.edu/courses/2080857/pages/dr-gs-videos-%3E-1-dot-1?module_item_id=26982547,00049-mth-252-module-item-dr-g-s-videos-1-1-integral-calculus-mth-252z-400-u2026,1,2,captured,captured_rendered_page,
obj-mth-252-page-dr-gs-videos-3e-1-dot-2,2080857,MTH-252,page,dr-gs-videos-%3E-1-dot-2,Dr. G's Videos --> 1.2: INTEGRAL CALCULUS (MTH_252Z_400_U2026),https://canvas.oregonstate.edu/courses/2080857/pages/dr-gs-videos-%3E-1-dot-2?module_item_id=26982556,00058-mth-252-module-item-dr-g-s-videos-1-2-integral-calculus-mth-252z-400-u2026,1,2,captured,captured_rendered_page,
obj-mth-252-page-dr-gs-videos-3e-2-dot-5,2080857,MTH-252,page,dr-gs-videos-%3E-2-dot-5,Dr. G's Videos --> 2.5: INTEGRAL CALCULUS (MTH_252Z_400_U2026),https://canvas.oregonstate.edu/courses/2080857/pages/dr-gs-videos-%3E-2-dot-5?module_item_id=26982634,00136-mth-252-module-item-dr-g-s-videos-2-5-integral-calculus-mth-252z-400-u2026,2,3,captured,captured_rendered_page,
obj-mth-252-page-free-trial-slash-grace-period-in-achieve-2-weeks,2080857,MTH-252,page,free-trial-slash-grace-period-in-achieve-2-weeks,Free Trial/Grace Period in Achieve (2 weeks): INTEGRAL CALCULUS (MTH_252Z_400_U2026),https://canvas.oregonstate.edu/courses/2080857/pages/free-trial-slash-grace-period-in-achieve-2-weeks?module_item_id=26982525,00032-mth-252-module-item-free-trial-grace-period-in-achieve-2-weeks-integral-calculus-mth-252z-400-u2026,1,2,captured,captured_rendered_page,
obj-mth-252-page-front-page,2080857,MTH-252,page,front-page,Front Page: INTEGRAL CALCULUS (MTH_252Z_400_U2026),https://canvas.oregonstate.edu/courses/2080857/pages/front-page,00442-mth-252-linked-detail-front-page-integral-calculus-mth-252z-400-u2026,1,1,captured,captured_rendered_page,
obj-mth-252-page-get-your-mth-252z-course-materials-access-code-ebook,2080857,MTH-252,page,get-your-mth-252z-course-materials-access-code-+-ebook,Get your MTH 252Z Course Materials! (Access Code + Ebook) : INTEGRAL CALCULUS (MTH_252Z_400_U2026),https://canvas.oregonstate.edu/courses/2080857/pages/get-your-mth-252z-course-materials-access-code-+-ebook?module_item_id=26990499,00030-mth-252-module-item-get-your-mth-252z-course-materials-access-code-ebook-integral-calculus-mth-252z-400-u2026,1,2,captured,captured_rendered_page,
obj-mth-252-page-how-to-videos,2080857,MTH-252,page,how-to-videos,How-To Videos: INTEGRAL CALCULUS (MTH_252Z_400_U2026),https://canvas.oregonstate.edu/courses/2080857/pages/how-to-videos?module_item_id=26982537,00041-mth-252-module-item-how-to-videos-integral-calculus-mth-252z-400-u2026,1,2,captured,captured_rendered_page,
obj-mth-252-page-module-1-learning-materials-and-practice-activities-3-5-hours-2,2080857,MTH-252,page,module-1-learning-materials-and-practice-activities-3-5-hours-2,Module 1 — Learning Materials and Practice Activities 🕓 3 - 5 hours: INTEGRAL CALCULUS (MTH_252Z_400_U2026),https://canvas.oregonstate.edu/courses/2080857/pages/module-1-learning-materials-and-practice-activities-3-5-hours-2?module_item_id=26982545,00047-mth-252-module-item-module-1-learning-materials-and-practice-activities-3-5-hours-integral-calculus-mth-252z-400-u20,1,2,captured,captured_rendered_page,
obj-mth-252-page-module-1-overview,2080857,MTH-252,page,module-1-overview,Module 1 — Overview: INTEGRAL CALCULUS (MTH_252Z_400_U2026),https://canvas.oregonstate.edu/courses/2080857/pages/module-1-overview?module_item_id=26982544,00046-mth-252-module-item-module-1-overview-integral-calculus-mth-252z-400-u2026,1,2,captured,captured_rendered_page,
obj-mth-252-page-module-10-overview,2080857,MTH-252,page,module-10-overview,Module 10 - Overview: INTEGRAL CALCULUS (MTH_252Z_400_U2026),https://canvas.oregonstate.edu/courses/2080857/pages/module-10-overview?module_item_id=26982641,00143-mth-252-module-item-module-10-overview-integral-calculus-mth-252z-400-u2026,1,2,captured,captured_rendered_page,
obj-mth-252-page-module-10-learning-materials-and-practice-activities-3-5-hours-2,2080857,MTH-252,page,module-10-learning-materials-and-practice-activities-3-5-hours-2,Module 10 — Learning Materials and Practice Activities 🕓 3 - 5 hours: INTEGRAL CALCULUS (MTH_252Z_400_U2026),https://canvas.oregonstate.edu/courses/2080857/pages/module-10-learning-materials-and-practice-activities-3-5-hours-2?module_item_id=26982643,00144-mth-252-module-item-module-10-learning-materials-and-practice-activities-3-5-hours-integral-calculus-mth-252z-400-u2,1,2,captured,captured_rendered_page,
obj-mth-252-page-module-2-learning-materials-and-practice-activities-3-5-hours-2,2080857,MTH-252,page,module-2-learning-materials-and-practice-activities-3-5-hours-2,Module 2 — Learning Materials and Practice Activities 🕓 3 - 5 hours: INTEGRAL CALCULUS (MTH_252Z_400_U2026),https://canvas.oregonstate.edu/courses/2080857/pages/module-2-learning-materials-and-practice-activities-3-5-hours-2?module_item_id=26982554,00056-mth-252-module-item-module-2-learning-materials-and-practice-activities-3-5-hours-integral-calculus-mth-252z-400-u20,1,2,captured,captured_rendered_page,
obj-mth-252-page-module-2-overview,2080857,MTH-252,page,module-2-overview,Module 2 — Overview: INTEGRAL CALCULUS (MTH_252Z_400_U2026),https://canvas.oregonstate.edu/courses/2080857/pages/module-2-overview?module_item_id=26982553,00055-mth-252-module-item-module-2-overview-integral-calculus-mth-252z-400-u2026,1,2,captured,captured_rendered_page,
obj-mth-252-page-module-3-learning-materials-and-practice-activities-3-5-hours-2,2080857,MTH-252,page,module-3-learning-materials-and-practice-activities-3-5-hours-2,Module 3 — Learning Materials and Practice Activities 🕓 3 - 5 hours: INTEGRAL CALCULUS (MTH_252Z_400_U2026),https://canvas.oregonstate.edu/courses/2080857/pages/module-3-learning-materials-and-practice-activities-3-5-hours-2?module_item_id=26982564,00066-mth-252-module-item-module-3-learning-materials-and-practice-activities-3-5-hours-integral-calculus-mth-252z-400-u20,1,2,captured,captured_rendered_page,
obj-mth-252-page-module-3-overview,2080857,MTH-252,page,module-3-overview,Module 3 — Overview: INTEGRAL CALCULUS (MTH_252Z_400_U2026),https://canvas.oregonstate.edu/courses/2080857/pages/module-3-overview?module_item_id=26982563,00065-mth-252-module-item-module-3-overview-integral-calculus-mth-252z-400-u2026,1,2,captured,captured_rendered_page,
obj-mth-252-page-module-4-learning-materials-and-practice-activities-3-5-hours-2,2080857,MTH-252,page,module-4-learning-materials-and-practice-activities-3-5-hours-2,Module 4 — Learning Materials and Practice Activities 🕓 3 - 5 hours: INTEGRAL CALCULUS (MTH_252Z_400_U2026),https://canvas.oregonstate.edu/courses/2080857/pages/module-4-learning-materials-and-practice-activities-3-5-hours-2?module_item_id=26982573,00075-mth-252-module-item-module-4-learning-materials-and-practice-activities-3-5-hours-integral-calculus-mth-252z-400-u20,1,2,captured,captured_rendered_page,
obj-mth-252-page-module-4-overview,2080857,MTH-252,page,module-4-overview,Module 4 — Overview: INTEGRAL CALCULUS (MTH_252Z_400_U2026),https://canvas.oregonstate.edu/courses/2080857/pages/module-4-overview?module_item_id=26982572,00074-mth-252-module-item-module-4-overview-integral-calculus-mth-252z-400-u2026,1,2,captured,captured_rendered_page,
obj-mth-252-page-module-5-learning-materials-and-practice-activities-3-5-hours-2,2080857,MTH-252,page,module-5-learning-materials-and-practice-activities-3-5-hours-2,Module 5 — Learning Materials and Practice Activities 🕓 3 - 5 hours: INTEGRAL CALCULUS (MTH_252Z_400_U2026),https://canvas.oregonstate.edu/courses/2080857/pages/module-5-learning-materials-and-practice-activities-3-5-hours-2?module_item_id=26982587,00089-mth-252-module-item-module-5-learning-materials-and-practice-activities-3-5-hours-integral-calculus-mth-252z-400-u20,1,2,captured,captured_rendered_page,
obj-mth-252-page-module-5-overview,2080857,MTH-252,page,module-5-overview,Module 5 — Overview: INTEGRAL CALCULUS (MTH_252Z_400_U2026),https://canvas.oregonstate.edu/courses/2080857/pages/module-5-overview?module_item_id=26982586,00088-mth-252-module-item-module-5-overview-integral-calculus-mth-252z-400-u2026,1,2,captured,captured_rendered_page,
obj-mth-252-page-module-6-learning-materials-and-practice-activities-3-5-hours-2,2080857,MTH-252,page,module-6-learning-materials-and-practice-activities-3-5-hours-2,Module 6 — Learning Materials and Practice Activities 🕓 3 - 5 hours: INTEGRAL CALCULUS (MTH_252Z_400_U2026),https://canvas.oregonstate.edu/courses/2080857/pages/module-6-learning-materials-and-practice-activities-3-5-hours-2?module_item_id=26982598,00100-mth-252-module-item-module-6-learning-materials-and-practice-activities-3-5-hours-integral-calculus-mth-252z-400-u20,1,2,captured,captured_rendered_page,
obj-mth-252-page-module-6-overview,2080857,MTH-252,page,module-6-overview,Module 6 — Overview: INTEGRAL CALCULUS (MTH_252Z_400_U2026),https://canvas.oregonstate.edu/courses/2080857/pages/module-6-overview?module_item_id=26982597,00099-mth-252-module-item-module-6-overview-integral-calculus-mth-252z-400-u2026,1,2,captured,captured_rendered_page,
obj-mth-252-page-module-7-learning-materials-and-practice-activities-3-5-hours-2,2080857,MTH-252,page,module-7-learning-materials-and-practice-activities-3-5-hours-2,Module 7 — Learning Materials and Practice Activities 🕓 3 - 5 hours: INTEGRAL CALCULUS (MTH_252Z_400_U2026),https://canvas.oregonstate.edu/courses/2080857/pages/module-7-learning-materials-and-practice-activities-3-5-hours-2?module_item_id=26982609,00111-mth-252-module-item-module-7-learning-materials-and-practice-activities-3-5-hours-integral-calculus-mth-252z-400-u20,1,2,captured,captured_rendered_page,
obj-mth-252-page-module-7-overview,2080857,MTH-252,page,module-7-overview,Module 7 — Overview: INTEGRAL CALCULUS (MTH_252Z_400_U2026),https://canvas.oregonstate.edu/courses/2080857/pages/module-7-overview?module_item_id=26982608,00110-mth-252-module-item-module-7-overview-integral-calculus-mth-252z-400-u2026,1,2,captured,captured_rendered_page,
obj-mth-252-page-module-8-learning-materials-and-practice-activities-3-5-hours-2,2080857,MTH-252,page,module-8-learning-materials-and-practice-activities-3-5-hours-2,Module 8 — Learning Materials and Practice Activities 🕓 3 - 5 hours: INTEGRAL CALCULUS (MTH_252Z_400_U2026),https://canvas.oregonstate.edu/courses/2080857/pages/module-8-learning-materials-and-practice-activities-3-5-hours-2?module_item_id=26982620,00122-mth-252-module-item-module-8-learning-materials-and-practice-activities-3-5-hours-integral-calculus-mth-252z-400-u20,1,2,captured,captured_rendered_page,
obj-mth-252-page-module-8-overview,2080857,MTH-252,page,module-8-overview,Module 8 — Overview: INTEGRAL CALCULUS (MTH_252Z_400_U2026),https://canvas.oregonstate.edu/courses/2080857/pages/module-8-overview?module_item_id=26982619,00121-mth-252-module-item-module-8-overview-integral-calculus-mth-252z-400-u2026,1,2,captured,captured_rendered_page,
obj-mth-252-page-module-9-learning-materials-and-practice-activities-3-5-hours-2,2080857,MTH-252,page,module-9-learning-materials-and-practice-activities-3-5-hours-2,Module 9 — Learning Materials and Practice Activities 🕓 3 - 5 hours: INTEGRAL CALCULUS (MTH_252Z_400_U2026),https://canvas.oregonstate.edu/courses/2080857/pages/module-9-learning-materials-and-practice-activities-3-5-hours-2?module_item_id=26982632,00134-mth-252-module-item-module-9-learning-materials-and-practice-activities-3-5-hours-integral-calculus-mth-252z-400-u20,1,2,captured,captured_rendered_page,
obj-mth-252-page-module-9-overview,2080857,MTH-252,page,module-9-overview,Module 9 — Overview: INTEGRAL CALCULUS (MTH_252Z_400_U2026),https://canvas.oregonstate.edu/courses/2080857/pages/module-9-overview?module_item_id=26982631,00133-mth-252-module-item-module-9-overview-integral-calculus-mth-252z-400-u2026,1,2,captured,captured_rendered_page,
obj-mth-252-page-canvas-course-reference,2080857,MTH-252,page,$CANVAS_COURSE_REFERENCE$,Page Not Found,https://canvas.oregonstate.edu/courses/2080857/pages/$CANVAS_COURSE_REFERENCE$/file_ref/ge30297b0748bf4487a1dfbfc596dcc93?wrap=1,00463-mth-252-linked-detail-page-not-found,20,20,captured,captured_rendered_page,
obj-mth-252-page-start-here-accessibility-statements-and-privacy-policies,2080857,MTH-252,page,start-here-accessibility-statements-and-privacy-policies,Start Here — Accessibility Statements & Privacy Policies: INTEGRAL CALCULUS (MTH_252Z_400_U2026),https://canvas.oregonstate.edu/courses/2080857/pages/start-here-accessibility-statements-and-privacy-policies?module_item_id=26982532,00036-mth-252-module-item-start-here-accessibility-statements-privacy-policies-integral-calculus-mth-252z-400-u2026,1,2,captured,captured_rendered_page,
obj-mth-252-page-start-here-conclusion,2080857,MTH-252,page,start-here-conclusion,Start Here — Conclusion: INTEGRAL CALCULUS (MTH_252Z_400_U2026),https://canvas.oregonstate.edu/courses/2080857/pages/start-here-conclusion?module_item_id=26982534,00038-mth-252-module-item-start-here-conclusion-integral-calculus-mth-252z-400-u2026,1,2,captured,captured_rendered_page,
obj-mth-252-page-start-here-instructor-information-and-communication-policy,2080857,MTH-252,page,start-here-instructor-information-and-communication-policy,Start Here — Instructor Information & Communication Policy: INTEGRAL CALCULUS (MTH_252Z_400_U2026),https://canvas.oregonstate.edu/courses/2080857/pages/start-here-instructor-information-and-communication-policy?module_item_id=26982520,00028-mth-252-module-item-start-here-instructor-information-communication-policy-integral-calculus-mth-252z-400-u2026,1,2,captured,captured_rendered_page,
obj-mth-252-page-start-here-overview,2080857,MTH-252,page,start-here-overview,Start Here — Overview: INTEGRAL CALCULUS (MTH_252Z_400_U2026),https://canvas.oregonstate.edu/courses/2080857/pages/start-here-overview?module_item_id=26982519,00027-mth-252-module-item-start-here-overview-integral-calculus-mth-252z-400-u2026,1,2,captured,captured_rendered_page,
obj-mth-252-page-start-here-sources-cited,2080857,MTH-252,page,start-here-sources-cited,Start Here — Sources Cited: INTEGRAL CALCULUS (MTH_252Z_400_U2026),https://canvas.oregonstate.edu/courses/2080857/pages/start-here-sources-cited?module_item_id=26982533,00037-mth-252-module-item-start-here-sources-cited-integral-calculus-mth-252z-400-u2026,1,2,captured,captured_rendered_page,
obj-mth-252-page-start-here-where-to-go-for-help,2080857,MTH-252,page,start-here-where-to-go-for-help,Start Here — Where to go for help?: INTEGRAL CALCULUS (MTH_252Z_400_U2026),https://canvas.oregonstate.edu/courses/2080857/pages/start-here-where-to-go-for-help?module_item_id=26982531,00035-mth-252-module-item-start-here-where-to-go-for-help-integral-calculus-mth-252z-400-u2026,1,2,captured,captured_rendered_page,
obj-mth-252-page-syllabus-and-calendar-as-of-6-slash-21-3e-both-sections-400-and-401,2080857,MTH-252,page,syllabus-and-calendar-as-of-6-slash-21-%3E-both-sections-400-and-401,Syllabus and Calendar (as of 6/21) --> Both Sections 400 and 401: INTEGRAL CALCULUS (MTH_252Z_400_U2026),https://canvas.oregonstate.edu/courses/2080857/pages/syllabus-and-calendar-as-of-6-slash-21-%3E-both-sections-400-and-401?module_item_id=26982522,00029-mth-252-module-item-syllabus-and-calendar-as-of-6-21-both-sections-400-and-401-integral-calculus-mth-252z-400-u2026,2,3,captured,captured_rendered_page,
obj-mth-252-quiz-3167661,2080857,MTH-252,quiz,3167661,Mini-Exam Retake Sign Up: INTEGRAL CALCULUS (MTH_252Z_400_U2026),https://canvas.oregonstate.edu/courses/2080857/quizzes/3167661?module_item_id=26982640,00142-mth-252-module-item-mini-exam-retake-sign-up-integral-calculus-mth-252z-400-u2026,1,2,captured,captured_rendered_page,
obj-mth-252-quiz-3167659,2080857,MTH-252,quiz,3167659,Pre-Class Reading Quiz - 1.1 (RQ-1.1): INTEGRAL CALCULUS (MTH_252Z_400_U2026),https://canvas.oregonstate.edu/courses/2080857/quizzes/3167659?module_item_id=26982548,00050-mth-252-module-item-pre-class-reading-quiz-1-1-rq-1-1-integral-calculus-mth-252z-400-u2026,3,4,captured,captured_rendered_page,
obj-mth-252-quiz-3167658,2080857,MTH-252,quiz,3167658,Pre-Class Reading Quiz - 1.2 (RQ-1.2): INTEGRAL CALCULUS (MTH_252Z_400_U2026),https://canvas.oregonstate.edu/courses/2080857/quizzes/3167658?module_item_id=26982557,00059-mth-252-module-item-pre-class-reading-quiz-1-2-rq-1-2-integral-calculus-mth-252z-400-u2026,3,4,captured,captured_rendered_page,
obj-mth-252-quiz-3167655,2080857,MTH-252,quiz,3167655,Pre-Class Reading Quiz - 1.3 (RQ-1.3) : INTEGRAL CALCULUS (MTH_252Z_400_U2026),https://canvas.oregonstate.edu/courses/2080857/quizzes/3167655?module_item_id=26982567,00069-mth-252-module-item-pre-class-reading-quiz-1-3-rq-1-3-integral-calculus-mth-252z-400-u2026,3,4,captured,captured_rendered_page,
obj-mth-252-quiz-3167664,2080857,MTH-252,quiz,3167664,RQ-1.4 : INTEGRAL CALCULUS (MTH_252Z_400_U2026),https://canvas.oregonstate.edu/courses/2080857/quizzes/3167664?module_item_id=26982577,00079-mth-252-module-item-rq-1-4-integral-calculus-mth-252z-400-u2026,2,3,captured,captured_rendered_page,
obj-mth-252-quiz-3167662,2080857,MTH-252,quiz,3167662,RQ-1.5: INTEGRAL CALCULUS (MTH_252Z_400_U2026),https://canvas.oregonstate.edu/courses/2080857/quizzes/3167662?module_item_id=26982578,00080-mth-252-module-item-rq-1-5-integral-calculus-mth-252z-400-u2026,2,3,captured,captured_rendered_page,
obj-mth-252-quiz-3167654,2080857,MTH-252,quiz,3167654,RQ-1.6 : INTEGRAL CALCULUS (MTH_252Z_400_U2026),https://canvas.oregonstate.edu/courses/2080857/quizzes/3167654?module_item_id=26982579,00081-mth-252-module-item-rq-1-6-integral-calculus-mth-252z-400-u2026,2,3,captured,captured_rendered_page,
obj-mth-252-quiz-3167666,2080857,MTH-252,quiz,3167666,RQ-2.1 : INTEGRAL CALCULUS (MTH_252Z_400_U2026),https://canvas.oregonstate.edu/courses/2080857/quizzes/3167666?module_item_id=26982613,00115-mth-252-module-item-rq-2-1-integral-calculus-mth-252z-400-u2026,2,3,captured,captured_rendered_page,
obj-mth-252-quiz-3167653,2080857,MTH-252,quiz,3167653,RQ-2.2 : INTEGRAL CALCULUS (MTH_252Z_400_U2026),https://canvas.oregonstate.edu/courses/2080857/quizzes/3167653?module_item_id=26982614,00116-mth-252-module-item-rq-2-2-integral-calculus-mth-252z-400-u2026,2,3,captured,captured_rendered_page,
obj-mth-252-quiz-3167665,2080857,MTH-252,quiz,3167665,RQ-2.3 : INTEGRAL CALCULUS (MTH_252Z_400_U2026),https://canvas.oregonstate.edu/courses/2080857/quizzes/3167665?module_item_id=26982624,00126-mth-252-module-item-rq-2-3-integral-calculus-mth-252z-400-u2026,2,3,captured,captured_rendered_page,
obj-mth-252-quiz-3167663,2080857,MTH-252,quiz,3167663,RQ-2.4: INTEGRAL CALCULUS (MTH_252Z_400_U2026),https://canvas.oregonstate.edu/courses/2080857/quizzes/3167663?module_item_id=26982625,00127-mth-252-module-item-rq-2-4-integral-calculus-mth-252z-400-u2026,2,3,captured,captured_rendered_page,
obj-mth-252-quiz-3167668,2080857,MTH-252,quiz,3167668,RQ-2.5 : INTEGRAL CALCULUS (MTH_252Z_400_U2026),https://canvas.oregonstate.edu/courses/2080857/quizzes/3167668?module_item_id=26982635,00137-mth-252-module-item-rq-2-5-integral-calculus-mth-252z-400-u2026,2,3,captured,captured_rendered_page,
obj-mth-252-quiz-3167660,2080857,MTH-252,quiz,3167660,RQ-3.1: INTEGRAL CALCULUS (MTH_252Z_400_U2026),https://canvas.oregonstate.edu/courses/2080857/quizzes/3167660?module_item_id=26982591,00093-mth-252-module-item-rq-3-1-integral-calculus-mth-252z-400-u2026,2,3,captured,captured_rendered_page,
obj-mth-252-quiz-3167667,2080857,MTH-252,quiz,3167667,RQ-3.2 : INTEGRAL CALCULUS (MTH_252Z_400_U2026),https://canvas.oregonstate.edu/courses/2080857/quizzes/3167667?module_item_id=26982592,00094-mth-252-module-item-rq-3-2-integral-calculus-mth-252z-400-u2026,2,3,captured,captured_rendered_page,
obj-mth-252-quiz-3167656,2080857,MTH-252,quiz,3167656,RQ-3.3 : INTEGRAL CALCULUS (MTH_252Z_400_U2026),https://canvas.oregonstate.edu/courses/2080857/quizzes/3167656?module_item_id=26982602,00104-mth-252-module-item-rq-3-3-integral-calculus-mth-252z-400-u2026,2,3,captured,captured_rendered_page,
obj-mth-252-quiz-3167657,2080857,MTH-252,quiz,3167657,RQ-3.7: INTEGRAL CALCULUS (MTH_252Z_400_U2026),https://canvas.oregonstate.edu/courses/2080857/quizzes/3167657?module_item_id=26982646,00147-mth-252-module-item-rq-3-7-integral-calculus-mth-252z-400-u2026,2,3,captured,captured_rendered_page,
obj-mth-253-assignment-syllabus,2053263,MTH-253,assignment,syllabus,Syllabus for SEQUENCES AND SERIES (MTH_253Z_400_U2026),https://canvas.oregonstate.edu/courses/2053263/assignments/syllabus,00014-mth-253-syllabus-syllabus-for-sequences-and-series-mth-253z-400-u2026,1,1,captured,captured_rendered_page,
obj-mth-253-assignment-10553179,2053263,MTH-253,assignment,10553179,Unit 1 - Written Homework Assignment,https://canvas.oregonstate.edu/courses/2053263/assignments/10553179?module_item_id=26885537,00246-mth-253-module-item-unit-1-written-homework-assignment,3,5,captured,captured_rendered_page,
obj-mth-253-assignment-10553180,2053263,MTH-253,assignment,10553180,Unit 2 - Written Homework Assignment,https://canvas.oregonstate.edu/courses/2053263/assignments/10553180?module_item_id=26885550,00254-mth-253-module-item-unit-2-written-homework-assignment,3,5,captured,captured_rendered_page,
obj-mth-253-assignment-10553181,2053263,MTH-253,assignment,10553181,Unit 3 - Written Homework Assignment,https://canvas.oregonstate.edu/courses/2053263/assignments/10553181?module_item_id=26885565,00262-mth-253-module-item-unit-3-written-homework-assignment,3,5,captured,captured_rendered_page,
obj-mth-253-assignment-10553182,2053263,MTH-253,assignment,10553182,Unit 4 - Written Homework Assignment,https://canvas.oregonstate.edu/courses/2053263/assignments/10553182?module_item_id=26885580,00271-mth-253-module-item-unit-4-written-homework-assignment,3,5,captured,captured_rendered_page,
obj-mth-253-assignment-10553183,2053263,MTH-253,assignment,10553183,Unit 5 - Written Homework Assignment,https://canvas.oregonstate.edu/courses/2053263/assignments/10553183?module_item_id=26885592,00275-mth-253-module-item-unit-5-written-homework-assignment,3,5,captured,captured_rendered_page,
obj-mth-253-assignment-10584258,2053263,MTH-253,assignment,10584258,"Week 1 Web Homework: Infinity and Limits, Indeterminates, Improper Integrals",https://canvas.oregonstate.edu/courses/2053263/assignments/10584258?module_item_id=26977416,00247-mth-253-module-item-week-1-web-homework-infinity-and-limits-indeterminates-improper-integrals,3,5,captured,captured_rendered_page,
obj-mth-253-assignment-10584439,2053263,MTH-253,assignment,10584439,Week 10 Web Homework: Working with Taylor Series,https://canvas.oregonstate.edu/courses/2053263/assignments/10584439?module_item_id=26977989,00276-mth-253-module-item-week-10-web-homework-working-with-taylor-series,3,5,captured,captured_rendered_page,
obj-mth-253-assignment-10584372,2053263,MTH-253,assignment,10584372,Week 2 Web Homework: Sequences,https://canvas.oregonstate.edu/courses/2053263/assignments/10584372?module_item_id=26977767,00253-mth-253-module-item-week-2-web-homework-sequences,3,5,captured,captured_rendered_page,
obj-mth-253-assignment-10584373,2053263,MTH-253,assignment,10584373,Week 3 Web Homework: Introduction to Series,https://canvas.oregonstate.edu/courses/2053263/assignments/10584373?module_item_id=26977769,00255-mth-253-module-item-week-3-web-homework-introduction-to-series,3,5,captured,captured_rendered_page,
obj-mth-253-assignment-10584431,2053263,MTH-253,assignment,10584431,Week 4 Web Homework: The Divergence and Integral Tests,https://canvas.oregonstate.edu/courses/2053263/assignments/10584431?module_item_id=26977967,00259-mth-253-module-item-week-4-web-homework-the-divergence-and-integral-tests,3,5,captured,captured_rendered_page,
obj-mth-253-assignment-10584434,2053263,MTH-253,assignment,10584434,Week 5 Web Homework: Comparison and Alternate Series Tests,https://canvas.oregonstate.edu/courses/2053263/assignments/10584434?module_item_id=26977977,00260-mth-253-module-item-week-5-web-homework-comparison-and-alternate-series-tests,3,5,captured,captured_rendered_page,
obj-mth-253-assignment-10584435,2053263,MTH-253,assignment,10584435,Week 6 Web Homework: Ratio and Root Tests,https://canvas.oregonstate.edu/courses/2053263/assignments/10584435?module_item_id=26977980,00263-mth-253-module-item-week-6-web-homework-ratio-and-root-tests,3,5,captured,captured_rendered_page,
obj-mth-253-assignment-10584436,2053263,MTH-253,assignment,10584436,Week 7 Web Homework: Power Series and Functions,https://canvas.oregonstate.edu/courses/2053263/assignments/10584436?module_item_id=26977982,00267-mth-253-module-item-week-7-web-homework-power-series-and-functions,3,5,captured,captured_rendered_page,
obj-mth-253-assignment-10584437,2053263,MTH-253,assignment,10584437,Week 8 Web Homework Taylor and Maclaurin Series,https://canvas.oregonstate.edu/courses/2053263/assignments/10584437?module_item_id=26977985,00268-mth-253-module-item-week-8-web-homework-taylor-and-maclaurin-series,3,5,captured,captured_rendered_page,
obj-mth-253-assignment-10584438,2053263,MTH-253,assignment,10584438,Week 9 Web Homework: Properties of Power Series,https://canvas.oregonstate.edu/courses/2053263/assignments/10584438?module_item_id=26977987,00272-mth-253-module-item-week-9-web-homework-properties-of-power-series,3,5,captured,captured_rendered_page,
obj-mth-253-course-page-https-canvas-oregonstate-edu-courses-2053263-announcements,2053263,MTH-253,course_page,,Announcements: SEQUENCES AND SERIES (MTH_253Z_400_U2026),https://canvas.oregonstate.edu/courses/2053263/announcements,00013-mth-253-announcements-announcements-sequences-and-series-mth-253z-400-u2026,1,1,captured,captured_rendered_page,
obj-mth-253-course-page-https-canvas-oregonstate-edu-courses-2053263,2053263,MTH-253,course_page,,SEQUENCES AND SERIES (MTH_253Z_400_U2026),https://canvas.oregonstate.edu/courses/2053263,00009-mth-253-home-sequences-and-series-mth-253z-400-u2026,2,2,captured,captured_rendered_page,
obj-mth-253-discussion-11558499,2053263,MTH-253,discussion,11558499,Topic: General Q&A Discussion,https://canvas.oregonstate.edu/courses/2053263/discussion_topics/11558499?module_item_id=26885524,00237-mth-253-module-item-topic-general-q-a-discussion,2,3,captured,captured_rendered_page,
obj-mth-253-discussion-11558495,2053263,MTH-253,discussion,11558495,Topic: Preparing for your Final Exam - Q&A Discussion Board (Optional),https://canvas.oregonstate.edu/courses/2053263/discussion_topics/11558495?module_item_id=26885597,00278-mth-253-module-item-topic-preparing-for-your-final-exam-q-a-discussion-board-optional,2,3,captured,captured_rendered_page,
obj-mth-253-discussion-11558490,2053263,MTH-253,discussion,11558490,Topic: Unit 1 - Q&A Discussion Board (Optional),https://canvas.oregonstate.edu/courses/2053263/discussion_topics/11558490?module_item_id=26885531,00244-mth-253-module-item-topic-unit-1-q-a-discussion-board-optional,2,3,captured,captured_rendered_page,
obj-mth-253-discussion-11558498,2053263,MTH-253,discussion,11558498,Topic: Unit 1 Discussion Board - Submitted in Week 1 (Required),https://canvas.oregonstate.edu/courses/2053263/discussion_topics/11558498?module_item_id=26885532,00245-mth-253-module-item-topic-unit-1-discussion-board-submitted-in-week-1-required,3,4,captured,captured_rendered_page,
obj-mth-253-discussion-11558491,2053263,MTH-253,discussion,11558491,Topic: Unit 2 - Q&A Discussion Board (Optional),https://canvas.oregonstate.edu/courses/2053263/discussion_topics/11558491?module_item_id=26885544,00252-mth-253-module-item-topic-unit-2-q-a-discussion-board-optional,2,3,captured,captured_rendered_page,
obj-mth-253-discussion-11558484,2053263,MTH-253,discussion,11558484,Topic: Unit 2 is underway!,https://canvas.oregonstate.edu/courses/2053263/discussion_topics/11558484,00282-mth-253-linked-detail-topic-unit-2-is-underway,1,1,captured,captured_rendered_page,
obj-mth-253-discussion-11558492,2053263,MTH-253,discussion,11558492,Topic: Unit 3 - Q&A Discussion Board (Optional),https://canvas.oregonstate.edu/courses/2053263/discussion_topics/11558492?module_item_id=26885557,00258-mth-253-module-item-topic-unit-3-q-a-discussion-board-optional,2,3,captured,captured_rendered_page,
obj-mth-253-discussion-11558497,2053263,MTH-253,discussion,11558497,Topic: Unit 3 Discussion Board - Submitted in Week 6 (Required),https://canvas.oregonstate.edu/courses/2053263/discussion_topics/11558497?module_item_id=26885558,00261-mth-253-module-item-topic-unit-3-discussion-board-submitted-in-week-6-required,3,4,captured,captured_rendered_page,
obj-mth-253-discussion-11558493,2053263,MTH-253,discussion,11558493,Topic: Unit 4 - Q&A Discussion Board (Optional),https://canvas.oregonstate.edu/courses/2053263/discussion_topics/11558493?module_item_id=26885572,00266-mth-253-module-item-topic-unit-4-q-a-discussion-board-optional,2,3,captured,captured_rendered_page,
obj-mth-253-discussion-11558496,2053263,MTH-253,discussion,11558496,Topic: Unit 4 Discussion Board - Submitted in Week 9 (Required),https://canvas.oregonstate.edu/courses/2053263/discussion_topics/11558496?module_item_id=26885573,00269-mth-253-module-item-topic-unit-4-discussion-board-submitted-in-week-9-required,3,4,captured,captured_rendered_page,
obj-mth-253-discussion-11558494,2053263,MTH-253,discussion,11558494,Topic: Unit 5 - Q&A Discussion Board (Optional),https://canvas.oregonstate.edu/courses/2053263/discussion_topics/11558494?module_item_id=26885587,00274-mth-253-module-item-topic-unit-5-q-a-discussion-board-optional,2,3,captured,captured_rendered_page,
obj-mth-253-discussion-11558489,2053263,MTH-253,discussion,11558489,Topic: Welcome to the class!,https://canvas.oregonstate.edu/courses/2053263/discussion_topics/11558489,00283-mth-253-linked-detail-topic-welcome-to-the-class,1,1,captured,captured_rendered_page,
obj-mth-253-discussions-https-canvas-oregonstate-edu-courses-2053263-discussion-topics,2053263,MTH-253,discussions,,Discussions: SEQUENCES AND SERIES (MTH_253Z_400_U2026),https://canvas.oregonstate.edu/courses/2053263/discussion_topics,00015-mth-253-discussions-discussions-sequences-and-series-mth-253z-400-u2026,1,1,captured,captured_rendered_page,
obj-mth-253-download-119228487,2053263,MTH-253,download,119228487,Download,https://canvas.oregonstate.edu/courses/2053263/files/119228487/download?download_frd=1,00014-mth-253-syllabus-syllabus-for-sequences-and-series-mth-253z-400-u2026,4,8,downloaded_and_parsed,parsed_file_text,Parsed file text captured at /Users/jake/Developer/SU26/canvas/indexer/output/parsed_files/captured-0029-mth-253-119228487.md
obj-mth-253-download-118558899,2053263,MTH-253,download,118558899,Download,https://canvas.oregonstate.edu/courses/2053263/files/118558899/download?download_frd=1,00232-mth-253-module-item-start-here-syllabus-sequences-and-series-mth-253z-400-u2026,3,6,downloaded_and_parsed,parsed_file_text,Parsed file text captured at /Users/jake/Developer/SU26/canvas/indexer/output/parsed_files/captured-0008-mth-253-118558899.md
obj-mth-253-download-118558936,2053263,MTH-253,download,118558936,Download,https://canvas.oregonstate.edu/courses/2053263/files/118558936/download?download_frd=1,00243-mth-253-module-item-unit-1-learning-materials-sequences-and-series-mth-253z-400-u2026,3,6,downloaded_and_parsed,parsed_file_text,Parsed file text captured at /Users/jake/Developer/SU26/canvas/indexer/output/parsed_files/captured-0007-mth-253-118558936.md
obj-mth-253-download-118558848,2053263,MTH-253,download,118558848,Download,https://canvas.oregonstate.edu/courses/2053263/files/118558848/download?download_frd=1,00243-mth-253-module-item-unit-1-learning-materials-sequences-and-series-mth-253z-400-u2026,3,6,downloaded_and_parsed,parsed_file_text,Parsed file text captured at /Users/jake/Developer/SU26/canvas/indexer/output/parsed_files/captured-0010-mth-253-118558848.md
obj-mth-253-download-118558879,2053263,MTH-253,download,118558879,Download,https://canvas.oregonstate.edu/courses/2053263/files/118558879/download?download_frd=1,00243-mth-253-module-item-unit-1-learning-materials-sequences-and-series-mth-253z-400-u2026,3,6,downloaded_and_parsed,parsed_file_text,Parsed file text captured at /Users/jake/Developer/SU26/canvas/indexer/output/parsed_files/captured-0009-mth-253-118558879.md
obj-mth-253-download-118558963,2053263,MTH-253,download,118558963,Download,https://canvas.oregonstate.edu/courses/2053263/files/118558963/download?download_frd=1,00243-mth-253-module-item-unit-1-learning-materials-sequences-and-series-mth-253z-400-u2026,3,6,downloaded_and_parsed,parsed_file_text,Parsed file text captured at /Users/jake/Developer/SU26/canvas/indexer/output/parsed_files/captured-0004-mth-253-118558963.md
obj-mth-253-download-118558797,2053263,MTH-253,download,118558797,Download,https://canvas.oregonstate.edu/courses/2053263/files/118558797/download?download_frd=1,00246-mth-253-module-item-unit-1-written-homework-assignment,4,8,downloaded_and_parsed,parsed_file_text,Parsed file text captured at /Users/jake/Developer/SU26/canvas/indexer/output/parsed_files/captured-0011-mth-253-118558797.md
obj-mth-253-download-118558743,2053263,MTH-253,download,118558743,Download,https://canvas.oregonstate.edu/courses/2053263/files/118558743/download?download_frd=1,00251-mth-253-module-item-unit-2-learning-materials-sequences-and-series-mth-253z-400-u2026,4,7,indexed_download_link,indexed_not_read,Download URL captured but file binary has not been downloaded or parsed.
obj-mth-253-download-118558950,2053263,MTH-253,download,118558950,Download,https://canvas.oregonstate.edu/courses/2053263/files/118558950/download?download_frd=1,00251-mth-253-module-item-unit-2-learning-materials-sequences-and-series-mth-253z-400-u2026,4,7,indexed_download_link,indexed_not_read,Download URL captured but file binary has not been downloaded or parsed.
obj-mth-253-download-118558844,2053263,MTH-253,download,118558844,Download,https://canvas.oregonstate.edu/courses/2053263/files/118558844/download?download_frd=1,00251-mth-253-module-item-unit-2-learning-materials-sequences-and-series-mth-253z-400-u2026,4,4,indexed_download_link,indexed_not_read,Download URL captured but file binary has not been downloaded or parsed.
obj-mth-253-download-118558915,2053263,MTH-253,download,118558915,Download,https://canvas.oregonstate.edu/courses/2053263/files/118558915/download?download_frd=1,00251-mth-253-module-item-unit-2-learning-materials-sequences-and-series-mth-253z-400-u2026,4,4,indexed_download_link,indexed_not_read,Download URL captured but file binary has not been downloaded or parsed.
obj-mth-253-download-118558827,2053263,MTH-253,download,118558827,Download,https://canvas.oregonstate.edu/courses/2053263/files/118558827/download?download_frd=1,00251-mth-253-module-item-unit-2-learning-materials-sequences-and-series-mth-253z-400-u2026,4,4,indexed_download_link,indexed_not_read,Download URL captured but file binary has not been downloaded or parsed.
obj-mth-253-download-118558808,2053263,MTH-253,download,118558808,Download,https://canvas.oregonstate.edu/courses/2053263/files/118558808/download?download_frd=1,00251-mth-253-module-item-unit-2-learning-materials-sequences-and-series-mth-253z-400-u2026,4,4,indexed_download_link,indexed_not_read,Download URL captured but file binary has not been downloaded or parsed.
obj-mth-253-download-118558770,2053263,MTH-253,download,118558770,Download,https://canvas.oregonstate.edu/courses/2053263/files/118558770/download?download_frd=1,00251-mth-253-module-item-unit-2-learning-materials-sequences-and-series-mth-253z-400-u2026,4,4,indexed_download_link,indexed_not_read,Download URL captured but file binary has not been downloaded or parsed.
obj-mth-253-download-118558809,2053263,MTH-253,download,118558809,Download,https://canvas.oregonstate.edu/courses/2053263/files/118558809/download?download_frd=1,00251-mth-253-module-item-unit-2-learning-materials-sequences-and-series-mth-253z-400-u2026,4,4,indexed_download_link,indexed_not_read,Download URL captured but file binary has not been downloaded or parsed.
obj-mth-253-download-118558919,2053263,MTH-253,download,118558919,Download,https://canvas.oregonstate.edu/courses/2053263/files/118558919/download?download_frd=1,00251-mth-253-module-item-unit-2-learning-materials-sequences-and-series-mth-253z-400-u2026,4,4,indexed_download_link,indexed_not_read,Download URL captured but file binary has not been downloaded or parsed.
obj-mth-253-download-118558872,2053263,MTH-253,download,118558872,Download,https://canvas.oregonstate.edu/courses/2053263/files/118558872/download?download_frd=1,00254-mth-253-module-item-unit-2-written-homework-assignment,4,4,indexed_download_link,indexed_not_read,Download URL captured but file binary has not been downloaded or parsed.
obj-mth-253-download-118558751,2053263,MTH-253,download,118558751,Download,https://canvas.oregonstate.edu/courses/2053263/files/118558751/download?download_frd=1,00283-mth-253-linked-detail-topic-welcome-to-the-class,2,2,indexed_download_link,indexed_not_read,Download URL captured but file binary has not been downloaded or parsed.
obj-mth-253-download-118558944,2053263,MTH-253,download,118558944,MTH 253 - Final Exam Practice Problems - Answers.pdf,https://canvas.oregonstate.edu/courses/2053263/files/118558944/download?download_frd=1,00280-mth-253-module-item-mth-253-final-exam-practice-problems-answers-pdf-sequences-and-series-mth-253z-400-u2026,2,4,downloaded_and_parsed,parsed_file_text,Parsed file text captured at /Users/jake/Developer/SU26/canvas/indexer/output/parsed_files/captured-0006-mth-253-118558944.md
obj-mth-253-download-118558956,2053263,MTH-253,download,118558956,MTH 253 - Final Exam Practice Problems.pdf,https://canvas.oregonstate.edu/courses/2053263/files/118558956/download?download_frd=1,00279-mth-253-module-item-mth-253-final-exam-practice-problems-pdf-sequences-and-series-mth-253z-400-u2026,2,4,downloaded_and_parsed,parsed_file_text,Parsed file text captured at /Users/jake/Developer/SU26/canvas/indexer/output/parsed_files/captured-0005-mth-253-118558956.md
obj-mth-253-download-119294133,2053263,MTH-253,download,119294133,Practice-Quiz.pdf,https://canvas.oregonstate.edu/users/6660414/files/119294133/download?verifier=gGJq5JBGLXpWU66mkaU77iU27kEJcXVFbCpDi73N&download_frd=1,00240-mth-253-module-item-practice-quiz-take-it-before-attempting-quiz-1-sequences-and-series-mth-253z-400-u2026,5,5,indexed_download_link,indexed_not_read,Download URL captured but file binary has not been downloaded or parsed.
obj-mth-253-file-118558844,2053263,MTH-253,file,118558844,Convergence or Divergence of a Sequence.pdf: SEQUENCES AND SERIES (MTH_253Z_400_U2026),https://canvas.oregonstate.edu/courses/2053263/files/118558844?wrap=1,00551-mth-253-linked-detail-convergence-or-divergence-of-a-sequence-pdf-sequences-and-series-mth-253z-400-u2026,1,1,captured,captured_rendered_page,
obj-mth-253-file-118558936,2053263,MTH-253,file,118558936,Evaluating Limits.pdf: SEQUENCES AND SERIES (MTH_253Z_400_U2026),https://canvas.oregonstate.edu/courses/2053263/files/118558936?wrap=1,00540-mth-253-linked-detail-evaluating-limits-pdf-sequences-and-series-mth-253z-400-u2026,1,1,captured,captured_rendered_page,
obj-mth-253-file-118558915,2053263,MTH-253,file,118558915,Geometric Sequences.pdf: SEQUENCES AND SERIES (MTH_253Z_400_U2026),https://canvas.oregonstate.edu/courses/2053263/files/118558915?wrap=1,00552-mth-253-linked-detail-geometric-sequences-pdf-sequences-and-series-mth-253z-400-u2026,1,1,captured,captured_rendered_page,
obj-mth-253-file-118558770,2053263,MTH-253,file,118558770,Geometric Series.pdf: SEQUENCES AND SERIES (MTH_253Z_400_U2026),https://canvas.oregonstate.edu/courses/2053263/files/118558770?wrap=1,00555-mth-253-linked-detail-geometric-series-pdf-sequences-and-series-mth-253z-400-u2026,1,1,captured,captured_rendered_page,
obj-mth-253-file-118558963,2053263,MTH-253,file,118558963,Improper Integrals.pdf: SEQUENCES AND SERIES (MTH_253Z_400_U2026),https://canvas.oregonstate.edu/courses/2053263/files/118558963?wrap=1,00544-mth-253-linked-detail-improper-integrals-pdf-sequences-and-series-mth-253z-400-u2026,1,1,captured,captured_rendered_page,
obj-mth-253-file-118558848,2053263,MTH-253,file,118558848,Infinite Limits.pdf: SEQUENCES AND SERIES (MTH_253Z_400_U2026),https://canvas.oregonstate.edu/courses/2053263/files/118558848?wrap=1,00542-mth-253-linked-detail-infinite-limits-pdf-sequences-and-series-mth-253z-400-u2026,1,1,captured,captured_rendered_page,
obj-mth-253-file-118558827,2053263,MTH-253,file,118558827,Introduction to Series.pdf: SEQUENCES AND SERIES (MTH_253Z_400_U2026),https://canvas.oregonstate.edu/courses/2053263/files/118558827?wrap=1,00553-mth-253-linked-detail-introduction-to-series-pdf-sequences-and-series-mth-253z-400-u2026,1,1,captured,captured_rendered_page,
obj-mth-253-file-118558879,2053263,MTH-253,file,118558879,L'Hospital's Rule.pdf: SEQUENCES AND SERIES (MTH_253Z_400_U2026),https://canvas.oregonstate.edu/courses/2053263/files/118558879?wrap=1,00543-mth-253-linked-detail-l-hospital-s-rule-pdf-sequences-and-series-mth-253z-400-u2026,1,1,captured,captured_rendered_page,
obj-mth-253-file-118558944,2053263,MTH-253,file,118558944,MTH 253 - Final Exam Practice Problems - Answers.pdf: SEQUENCES AND SERIES (MTH_253Z_400_U2026),https://canvas.oregonstate.edu/courses/2053263/files/118558944?module_item_id=26885599,00280-mth-253-module-item-mth-253-final-exam-practice-problems-answers-pdf-sequences-and-series-mth-253z-400-u2026,2,3,captured,captured_rendered_page,
obj-mth-253-file-118558956,2053263,MTH-253,file,118558956,MTH 253 - Final Exam Practice Problems.pdf: SEQUENCES AND SERIES (MTH_253Z_400_U2026),https://canvas.oregonstate.edu/courses/2053263/files/118558956?module_item_id=26885598,00279-mth-253-module-item-mth-253-final-exam-practice-problems-pdf-sequences-and-series-mth-253z-400-u2026,2,3,captured,captured_rendered_page,
obj-mth-253-file-118558751,2053263,MTH-253,file,118558751,MTH 253 Course Syllabus - Fall 2025.pdf: SEQUENCES AND SERIES (MTH_253Z_400_U2026),https://canvas.oregonstate.edu/courses/2053263/files/118558751?wrap=1,00576-mth-253-linked-detail-mth-253-course-syllabus-fall-2025-pdf-sequences-and-series-mth-253z-400-u2026,1,1,captured,captured_rendered_page,
obj-mth-253-file-118558899,2053263,MTH-253,file,118558899,MTH 253 Weekly Schedule.docx: SEQUENCES AND SERIES (MTH_253Z_400_U2026),https://canvas.oregonstate.edu/courses/2053263/files/118558899?wrap=1,00533-mth-253-linked-detail-mth-253-weekly-schedule-docx-sequences-and-series-mth-253z-400-u2026,1,1,captured,captured_rendered_page,
obj-mth-253-file-119228487,2053263,MTH-253,file,119228487,MTH_253_Course_Syllabus_Summer_2026.pdf: SEQUENCES AND SERIES (MTH_253Z_400_U2026),https://canvas.oregonstate.edu/courses/2053263/files/119228487?wrap=1,00284-mth-253-linked-detail-mth-253-course-syllabus-summer-2026-pdf-sequences-and-series-mth-253z-400-u2026,1,1,captured,captured_rendered_page,
obj-mth-253-file-118558808,2053263,MTH-253,file,118558808,Partial Sums.pdf: SEQUENCES AND SERIES (MTH_253Z_400_U2026),https://canvas.oregonstate.edu/courses/2053263/files/118558808?wrap=1,00554-mth-253-linked-detail-partial-sums-pdf-sequences-and-series-mth-253z-400-u2026,1,1,captured,captured_rendered_page,
obj-mth-253-file-118558950,2053263,MTH-253,file,118558950,Recursive Sequences.pdf: SEQUENCES AND SERIES (MTH_253Z_400_U2026),https://canvas.oregonstate.edu/courses/2053263/files/118558950?wrap=1,00550-mth-253-linked-detail-recursive-sequences-pdf-sequences-and-series-mth-253z-400-u2026,1,1,captured,captured_rendered_page,
obj-mth-253-file-118558809,2053263,MTH-253,file,118558809,Repeating Decimals and Geometric Series.pdf: SEQUENCES AND SERIES (MTH_253Z_400_U2026),https://canvas.oregonstate.edu/courses/2053263/files/118558809?wrap=1,00556-mth-253-linked-detail-repeating-decimals-and-geometric-series-pdf-sequences-and-series-mth-253z-400-u2026,1,1,captured,captured_rendered_page,
obj-mth-253-file-118558743,2053263,MTH-253,file,118558743,Sequences.pdf: SEQUENCES AND SERIES (MTH_253Z_400_U2026),https://canvas.oregonstate.edu/courses/2053263/files/118558743?wrap=1,00548-mth-253-linked-detail-sequences-pdf-sequences-and-series-mth-253z-400-u2026,1,1,captured,captured_rendered_page,
obj-mth-253-file-118558919,2053263,MTH-253,file,118558919,Telescoping Series.pdf: SEQUENCES AND SERIES (MTH_253Z_400_U2026),https://canvas.oregonstate.edu/courses/2053263/files/118558919?wrap=1,00557-mth-253-linked-detail-telescoping-series-pdf-sequences-and-series-mth-253z-400-u2026,1,1,captured,captured_rendered_page,
obj-mth-253-file-118558797,2053263,MTH-253,file,118558797,Unit #1 Written Homework.pdf: SEQUENCES AND SERIES (MTH_253Z_400_U2026),https://canvas.oregonstate.edu/courses/2053263/files/118558797?wrap=1,00545-mth-253-linked-detail-unit-1-written-homework-pdf-sequences-and-series-mth-253z-400-u2026,1,1,captured,captured_rendered_page,
obj-mth-253-file-118558872,2053263,MTH-253,file,118558872,Unit #2 - Written Homework.pdf: SEQUENCES AND SERIES (MTH_253Z_400_U2026),https://canvas.oregonstate.edu/courses/2053263/files/118558872?wrap=1,00559-mth-253-linked-detail-unit-2-written-homework-pdf-sequences-and-series-mth-253z-400-u2026,1,1,captured,captured_rendered_page,
obj-mth-253-grades-https-canvas-oregonstate-edu-courses-2053263-grades,2053263,MTH-253,grades,,Grades for Jacob Peterson: SEQUENCES AND SERIES (MTH_253Z_400_U2026),https://canvas.oregonstate.edu/courses/2053263/grades,00012-mth-253-grades-grades-for-jacob-peterson-sequences-and-series-mth-253z-400-u2026,1,1,captured,captured_rendered_page,
obj-mth-253-module-subheader-26885568,2053263,MTH-253,module_subheader,26885568,11 context_module_sub_header 26885568 0 Score at least Must score at least to complete this module item Scored at least Module item has been completed by scoring at least Score at least % Must score at least % to complete this module item Scored at least % Module item has been completed by scoring at least % View Must view in order to complete this module item Viewed Module item has been viewed and is complete Mark done Must mark this module item done in order to complete Marked done Module item marked as done and is complete Contribute Must contribute to this module item to complete it Contributed Contributed to this module item and is complete Submit Must submit this module item to complete it Submitted Module item submitted and is complete,,,0,1,structural_marker,reference_only,Object inferred from module item listing without captured destination page.
obj-mth-253-module-subheader-26885583,2053263,MTH-253,module_subheader,26885583,11 context_module_sub_header 26885583 0 Score at least Must score at least to complete this module item Scored at least Module item has been completed by scoring at least Score at least % Must score at least % to complete this module item Scored at least % Module item has been completed by scoring at least % View Must view in order to complete this module item Viewed Module item has been viewed and is complete Mark done Must mark this module item done in order to complete Marked done Module item marked as done and is complete Contribute Must contribute to this module item to complete it Contributed Contributed to this module item and is complete Submit Must submit this module item to complete it Submitted Module item submitted and is complete,,,0,1,structural_marker,reference_only,Object inferred from module item listing without captured destination page.
obj-mth-253-module-subheader-26885549,2053263,MTH-253,module_subheader,26885549,4 context_module_sub_header 26885549 0 Score at least Must score at least to complete this module item Scored at least Module item has been completed by scoring at least Score at least % Must score at least % to complete this module item Scored at least % Module item has been completed by scoring at least % View Must view in order to complete this module item Viewed Module item has been viewed and is complete Mark done Must mark this module item done in order to complete Marked done Module item marked as done and is complete Contribute Must contribute to this module item to complete it Contributed Contributed to this module item and is complete Submit Must submit this module item to complete it Submitted Module item submitted and is complete,,,0,1,structural_marker,reference_only,Object inferred from module item listing without captured destination page.
obj-mth-253-module-subheader-26885551,2053263,MTH-253,module_subheader,26885551,4 context_module_sub_header 26885551 0 Score at least Must score at least to complete this module item Scored at least Module item has been completed by scoring at least Score at least % Must score at least % to complete this module item Scored at least % Module item has been completed by scoring at least % View Must view in order to complete this module item Viewed Module item has been viewed and is complete Mark done Must mark this module item done in order to complete Marked done Module item marked as done and is complete Contribute Must contribute to this module item to complete it Contributed Contributed to this module item and is complete Submit Must submit this module item to complete it Submitted Module item submitted and is complete,,,0,1,structural_marker,reference_only,Object inferred from module item listing without captured destination page.
obj-mth-253-module-subheader-26885564,2053263,MTH-253,module_subheader,26885564,4 context_module_sub_header 26885564 0 Score at least Must score at least to complete this module item Scored at least Module item has been completed by scoring at least Score at least % Must score at least % to complete this module item Scored at least % Module item has been completed by scoring at least % View Must view in order to complete this module item Viewed Module item has been viewed and is complete Mark done Must mark this module item done in order to complete Marked done Module item marked as done and is complete Contribute Must contribute to this module item to complete it Contributed Contributed to this module item and is complete Submit Must submit this module item to complete it Submitted Module item submitted and is complete,,,0,1,structural_marker,reference_only,Object inferred from module item listing without captured destination page.
obj-mth-253-module-subheader-26885574,2053263,MTH-253,module_subheader,26885574,4 context_module_sub_header 26885574 0 Score at least Must score at least to complete this module item Scored at least Module item has been completed by scoring at least Score at least % Must score at least % to complete this module item Scored at least % Module item has been completed by scoring at least % View Must view in order to complete this module item Viewed Module item has been viewed and is complete Mark done Must mark this module item done in order to complete Marked done Module item marked as done and is complete Contribute Must contribute to this module item to complete it Contributed Contributed to this module item and is complete Submit Must submit this module item to complete it Submitted Module item submitted and is complete,,,0,1,structural_marker,reference_only,Object inferred from module item listing without captured destination page.
obj-mth-253-module-subheader-26885593,2053263,MTH-253,module_subheader,26885593,4 context_module_sub_header 26885593 0 Score at least Must score at least to complete this module item Scored at least Module item has been completed by scoring at least Score at least % Must score at least % to complete this module item Scored at least % Module item has been completed by scoring at least % View Must view in order to complete this module item Viewed Module item has been viewed and is complete Mark done Must mark this module item done in order to complete Marked done Module item marked as done and is complete Contribute Must contribute to this module item to complete it Contributed Contributed to this module item and is complete Submit Must submit this module item to complete it Submitted Module item submitted and is complete,,,0,1,structural_marker,reference_only,Object inferred from module item listing without captured destination page.
obj-mth-253-module-subheader-26885600,2053263,MTH-253,module_subheader,26885600,5 context_module_sub_header 26885600 0 Score at least Must score at least to complete this module item Scored at least Module item has been completed by scoring at least Score at least % Must score at least % to complete this module item Scored at least % Module item has been completed by scoring at least % View Must view in order to complete this module item Viewed Module item has been viewed and is complete Mark done Must mark this module item done in order to complete Marked done Module item marked as done and is complete Contribute Must contribute to this module item to complete it Contributed Contributed to this module item and is complete Submit Must submit this module item to complete it Submitted Module item submitted and is complete,,,0,1,structural_marker,reference_only,Object inferred from module item listing without captured destination page.
obj-mth-253-module-subheader-26885591,2053263,MTH-253,module_subheader,26885591,7 context_module_sub_header 26885591 0 Score at least Must score at least to complete this module item Scored at least Module item has been completed by scoring at least Score at least % Must score at least % to complete this module item Scored at least % Module item has been completed by scoring at least % View Must view in order to complete this module item Viewed Module item has been viewed and is complete Mark done Must mark this module item done in order to complete Marked done Module item marked as done and is complete Contribute Must contribute to this module item to complete it Contributed Contributed to this module item and is complete Submit Must submit this module item to complete it Submitted Module item submitted and is complete,,,0,1,structural_marker,reference_only,Object inferred from module item listing without captured destination page.
obj-mth-253-module-subheader-26885602,2053263,MTH-253,module_subheader,26885602,7 context_module_sub_header 26885602 0 Score at least Must score at least to complete this module item Scored at least Module item has been completed by scoring at least Score at least % Must score at least % to complete this module item Scored at least % Module item has been completed by scoring at least % View Must view in order to complete this module item Viewed Module item has been viewed and is complete Mark done Must mark this module item done in order to complete Marked done Module item marked as done and is complete Contribute Must contribute to this module item to complete it Contributed Contributed to this module item and is complete Submit Must submit this module item to complete it Submitted Module item submitted and is complete,,,0,1,structural_marker,reference_only,Object inferred from module item listing without captured destination page.
obj-mth-253-module-subheader-26885533,2053263,MTH-253,module_subheader,26885533,9 context_module_sub_header 26885533 0 Score at least Must score at least to complete this module item Scored at least Module item has been completed by scoring at least Score at least % Must score at least % to complete this module item Scored at least % Module item has been completed by scoring at least % View Must view in order to complete this module item Viewed Module item has been viewed and is complete Mark done Must mark this module item done in order to complete Marked done Module item marked as done and is complete Contribute Must contribute to this module item to complete it Contributed Contributed to this module item and is complete Submit Must submit this module item to complete it Submitted Module item submitted and is complete,,,0,1,structural_marker,reference_only,Object inferred from module item listing without captured destination page.
obj-mth-253-module-subheader-26885553,2053263,MTH-253,module_subheader,26885553,9 context_module_sub_header 26885553 0 Score at least Must score at least to complete this module item Scored at least Module item has been completed by scoring at least Score at least % Must score at least % to complete this module item Scored at least % Module item has been completed by scoring at least % View Must view in order to complete this module item Viewed Module item has been viewed and is complete Mark done Must mark this module item done in order to complete Marked done Module item marked as done and is complete Contribute Must contribute to this module item to complete it Contributed Contributed to this module item and is complete Submit Must submit this module item to complete it Submitted Module item submitted and is complete,,,0,1,structural_marker,reference_only,Object inferred from module item listing without captured destination page.
obj-mth-253-module-subheader-26885588,2053263,MTH-253,module_subheader,26885588,9 context_module_sub_header 26885588 0 Score at least Must score at least to complete this module item Scored at least Module item has been completed by scoring at least Score at least % Must score at least % to complete this module item Scored at least % Module item has been completed by scoring at least % View Must view in order to complete this module item Viewed Module item has been viewed and is complete Mark done Must mark this module item done in order to complete Marked done Module item marked as done and is complete Contribute Must contribute to this module item to complete it Contributed Contributed to this module item and is complete Submit Must submit this module item to complete it Submitted Module item submitted and is complete,,,0,1,structural_marker,reference_only,Object inferred from module item listing without captured destination page.
obj-mth-253-module-subheader-26885594,2053263,MTH-253,module_subheader,26885594,Reminder: No unit quiz due in this module. 8 context_module_sub_header 26885594 0 Score at least Must score at least to complete this module item Scored at least Module item has been completed by scoring at least Score at least % Must score at least % to complete this module item Scored at least % Module item has been completed by scoring at least % View Must view in order to complete this module item Viewed Module item has been viewed and is complete Mark done Must mark this module item done in order to complete Marked done Module item marked as done and is complete Contribute Must contribute to this module item to complete it Contributed Contributed to this module item and is complete Submit Must submit this module item to complete it Submitted Module item submitted and is complete,,,0,1,structural_marker,reference_only,Object inferred from module item listing without captured destination page.
obj-mth-253-modules-https-canvas-oregonstate-edu-courses-2053263-modules,2053263,MTH-253,modules,,Course Modules: SEQUENCES AND SERIES (MTH_253Z_400_U2026),https://canvas.oregonstate.edu/courses/2053263/modules,00010-mth-253-modules-course-modules-sequences-and-series-mth-253z-400-u2026,1,1,captured,captured_rendered_page,
obj-mth-253-page-get-your-mth-253z-course-materials-access-code-ebook-2,2053263,MTH-253,page,get-your-mth-253z-course-materials-access-code-+-ebook-2,Get your MTH 253Z Course Materials! (Access Code + Ebook) : SEQUENCES AND SERIES (MTH_253Z_400_U2026),https://canvas.oregonstate.edu/courses/2053263/pages/get-your-mth-253z-course-materials-access-code-+-ebook-2?module_item_id=26885521,00233-mth-253-module-item-get-your-mth-253z-course-materials-access-code-ebook-sequences-and-series-mth-253z-400-u2026,1,2,captured,captured_rendered_page,
obj-mth-253-page-start-here-accessibility-statements-and-privacy-policies,2053263,MTH-253,page,start-here-accessibility-statements-and-privacy-policies,Start Here - Accessibility Statements & Privacy Policies: SEQUENCES AND SERIES (MTH_253Z_400_U2026),https://canvas.oregonstate.edu/courses/2053263/pages/start-here-accessibility-statements-and-privacy-policies?module_item_id=26885525,00238-mth-253-module-item-start-here-accessibility-statements-privacy-policies-sequences-and-series-mth-253z-400-u2026,1,2,captured,captured_rendered_page,
obj-mth-253-page-start-here-conclusion,2053263,MTH-253,page,start-here-conclusion,Start Here - Conclusion: SEQUENCES AND SERIES (MTH_253Z_400_U2026),https://canvas.oregonstate.edu/courses/2053263/pages/start-here-conclusion?module_item_id=26885527,00241-mth-253-module-item-start-here-conclusion-sequences-and-series-mth-253z-400-u2026,1,2,captured,captured_rendered_page,
obj-mth-253-page-start-here-instructor-information-and-communication-policy,2053263,MTH-253,page,start-here-instructor-information-and-communication-policy,Start Here - Instructor Information & Communication Policy: SEQUENCES AND SERIES (MTH_253Z_400_U2026),https://canvas.oregonstate.edu/courses/2053263/pages/start-here-instructor-information-and-communication-policy?module_item_id=26885522,00234-mth-253-module-item-start-here-instructor-information-communication-policy-sequences-and-series-mth-253z-400-u2026,1,2,captured,captured_rendered_page,
obj-mth-253-page-start-here-overview,2053263,MTH-253,page,start-here-overview,Start Here - Overview: SEQUENCES AND SERIES (MTH_253Z_400_U2026),https://canvas.oregonstate.edu/courses/2053263/pages/start-here-overview?module_item_id=26885519,00231-mth-253-module-item-start-here-overview-sequences-and-series-mth-253z-400-u2026,1,2,captured,captured_rendered_page,
obj-mth-253-page-start-here-sources-cited,2053263,MTH-253,page,start-here-sources-cited,Start Here - Sources Cited: SEQUENCES AND SERIES (MTH_253Z_400_U2026),https://canvas.oregonstate.edu/courses/2053263/pages/start-here-sources-cited?module_item_id=26885526,00239-mth-253-module-item-start-here-sources-cited-sequences-and-series-mth-253z-400-u2026,1,2,captured,captured_rendered_page,
obj-mth-253-page-start-here-syllabus,2053263,MTH-253,page,start-here-syllabus,Start Here - Syllabus: SEQUENCES AND SERIES (MTH_253Z_400_U2026),https://canvas.oregonstate.edu/courses/2053263/pages/start-here-syllabus?module_item_id=26885520,00232-mth-253-module-item-start-here-syllabus-sequences-and-series-mth-253z-400-u2026,2,3,captured,captured_rendered_page,
obj-mth-253-page-start-here-where-to-go-for-help,2053263,MTH-253,page,start-here-where-to-go-for-help,Start Here - Where to go for help?: SEQUENCES AND SERIES (MTH_253Z_400_U2026),https://canvas.oregonstate.edu/courses/2053263/pages/start-here-where-to-go-for-help?module_item_id=26885523,00236-mth-253-module-item-start-here-where-to-go-for-help-sequences-and-series-mth-253z-400-u2026,1,2,captured,captured_rendered_page,
obj-mth-253-page-start-here-on-the-use-of-ai-and-academic-honesty,2053263,MTH-253,page,start-here-on-the-use-of-ai-and-academic-honesty,Start Here: On the use of AI and academic honesty: SEQUENCES AND SERIES (MTH_253Z_400_U2026),https://canvas.oregonstate.edu/courses/2053263/pages/start-here-on-the-use-of-ai-and-academic-honesty?module_item_id=26977675,00235-mth-253-module-item-start-here-on-the-use-of-ai-and-academic-honesty-sequences-and-series-mth-253z-400-u2026,1,2,captured,captured_rendered_page,
obj-mth-253-page-unit-1-conclusion,2053263,MTH-253,page,unit-1-conclusion,Unit 1 - Conclusion: SEQUENCES AND SERIES (MTH_253Z_400_U2026),https://canvas.oregonstate.edu/courses/2053263/pages/unit-1-conclusion?module_item_id=26885541,00249-mth-253-module-item-unit-1-conclusion-sequences-and-series-mth-253z-400-u2026,1,2,captured,captured_rendered_page,
obj-mth-253-page-unit-1-learning-materials,2053263,MTH-253,page,unit-1-learning-materials,Unit 1 - Learning Materials: SEQUENCES AND SERIES (MTH_253Z_400_U2026),https://canvas.oregonstate.edu/courses/2053263/pages/unit-1-learning-materials?module_item_id=26885530,00243-mth-253-module-item-unit-1-learning-materials-sequences-and-series-mth-253z-400-u2026,2,3,captured,captured_rendered_page,
obj-mth-253-page-unit-1-overview,2053263,MTH-253,page,unit-1-overview,Unit 1 - Overview: SEQUENCES AND SERIES (MTH_253Z_400_U2026),https://canvas.oregonstate.edu/courses/2053263/pages/unit-1-overview?module_item_id=26885529,00242-mth-253-module-item-unit-1-overview-sequences-and-series-mth-253z-400-u2026,1,2,captured,captured_rendered_page,
obj-mth-253-page-unit-2-learning-materials,2053263,MTH-253,page,unit-2-learning-materials,Unit 2 - Learning Materials: SEQUENCES AND SERIES (MTH_253Z_400_U2026),https://canvas.oregonstate.edu/courses/2053263/pages/unit-2-learning-materials?module_item_id=26885543,00251-mth-253-module-item-unit-2-learning-materials-sequences-and-series-mth-253z-400-u2026,3,4,captured,captured_rendered_page,
obj-mth-253-page-unit-2-overview,2053263,MTH-253,page,unit-2-overview,Unit 2 - Overview: SEQUENCES AND SERIES (MTH_253Z_400_U2026),https://canvas.oregonstate.edu/courses/2053263/pages/unit-2-overview?module_item_id=26885542,00250-mth-253-module-item-unit-2-overview-sequences-and-series-mth-253z-400-u2026,2,3,captured,captured_rendered_page,
obj-mth-253-page-unit-3-overview,2053263,MTH-253,page,unit-3-overview,Unit 3 - Overview: SEQUENCES AND SERIES (MTH_253Z_400_U2026),https://canvas.oregonstate.edu/courses/2053263/pages/unit-3-overview?module_item_id=26885555,00257-mth-253-module-item-unit-3-overview-sequences-and-series-mth-253z-400-u2026,1,2,captured,captured_rendered_page,
obj-mth-253-page-unit-4-overview,2053263,MTH-253,page,unit-4-overview,Unit 4 - Overview: SEQUENCES AND SERIES (MTH_253Z_400_U2026),https://canvas.oregonstate.edu/courses/2053263/pages/unit-4-overview?module_item_id=26885570,00265-mth-253-module-item-unit-4-overview-sequences-and-series-mth-253z-400-u2026,1,2,captured,captured_rendered_page,
obj-mth-253-page-unit-5-overview,2053263,MTH-253,page,unit-5-overview,Unit 5 - Overview: SEQUENCES AND SERIES (MTH_253Z_400_U2026),https://canvas.oregonstate.edu/courses/2053263/pages/unit-5-overview?module_item_id=26885585,00273-mth-253-module-item-unit-5-overview-sequences-and-series-mth-253z-400-u2026,1,2,captured,captured_rendered_page,
obj-mth-253-page-week-11-overview,2053263,MTH-253,page,week-11-overview,Week 11 - Overview: SEQUENCES AND SERIES (MTH_253Z_400_U2026),https://canvas.oregonstate.edu/courses/2053263/pages/week-11-overview?module_item_id=26885596,00277-mth-253-module-item-week-11-overview-sequences-and-series-mth-253z-400-u2026,1,2,captured,captured_rendered_page,
obj-mth-253-quiz-3159588,2053263,MTH-253,quiz,3159588,Final Exam: SEQUENCES AND SERIES (MTH_253Z_400_U2026),https://canvas.oregonstate.edu/courses/2053263/quizzes/3159588?module_item_id=26885601,00281-mth-253-module-item-final-exam-sequences-and-series-mth-253z-400-u2026,3,4,captured,captured_rendered_page,
obj-mth-253-quiz-3166971,2053263,MTH-253,quiz,3166971,Practice Quiz (take it before attempting Quiz 1!): SEQUENCES AND SERIES (MTH_253Z_400_U2026),https://canvas.oregonstate.edu/courses/2053263/quizzes/3166971?module_item_id=26982050,00240-mth-253-module-item-practice-quiz-take-it-before-attempting-quiz-1-sequences-and-series-mth-253z-400-u2026,8,9,captured,captured_rendered_page,
obj-mth-253-quiz-3159593,2053263,MTH-253,quiz,3159593,Unit 1 Quiz: SEQUENCES AND SERIES (MTH_253Z_400_U2026),https://canvas.oregonstate.edu/courses/2053263/quizzes/3159593?module_item_id=26885539,00248-mth-253-module-item-unit-1-quiz-sequences-and-series-mth-253z-400-u2026,3,4,captured,captured_rendered_page,
obj-mth-253-quiz-3159592,2053263,MTH-253,quiz,3159592,Unit 2 Quiz: SEQUENCES AND SERIES (MTH_253Z_400_U2026),https://canvas.oregonstate.edu/courses/2053263/quizzes/3159592?module_item_id=26885552,00256-mth-253-module-item-unit-2-quiz-sequences-and-series-mth-253z-400-u2026,3,4,captured,captured_rendered_page,
obj-mth-253-quiz-3159589,2053263,MTH-253,quiz,3159589,Unit 3 Quiz: SEQUENCES AND SERIES (MTH_253Z_400_U2026),https://canvas.oregonstate.edu/courses/2053263/quizzes/3159589?module_item_id=26885567,00264-mth-253-module-item-unit-3-quiz-sequences-and-series-mth-253z-400-u2026,3,4,captured,captured_rendered_page,
obj-mth-253-quiz-3159590,2053263,MTH-253,quiz,3159590,Unit 4 Quiz: SEQUENCES AND SERIES (MTH_253Z_400_U2026),https://canvas.oregonstate.edu/courses/2053263/quizzes/3159590?module_item_id=26885582,00270-mth-253-module-item-unit-4-quiz-sequences-and-series-mth-253z-400-u2026,3,4,captured,captured_rendered_page,
obj-mth-253-quizzes-https-canvas-oregonstate-edu-courses-2053263-quizzes,2053263,MTH-253,quizzes,,Quizzes: SEQUENCES AND SERIES (MTH_253Z_400_U2026),https://canvas.oregonstate.edu/courses/2053263/quizzes,00016-mth-253-quizzes-quizzes-sequences-and-series-mth-253z-400-u2026,1,1,captured,captured_rendered_page,
obj-phy-212-assignment-10557047,2053526,PHY-212,assignment,10557047,Capstone Lab Week 1 Group Report,https://canvas.oregonstate.edu/courses/2053526/assignments/10557047,00410-phy-212-assignment-detail-capstone-lab-week-1-group-report,1,4,captured,captured_rendered_page,
obj-phy-212-assignment-10557046,2053526,PHY-212,assignment,10557046,Capstone Lab Week 2 Group Report,https://canvas.oregonstate.edu/courses/2053526/assignments/10557046,00411-phy-212-assignment-detail-capstone-lab-week-2-group-report,1,4,captured,captured_rendered_page,
obj-phy-212-assignment-10557057,2053526,PHY-212,assignment,10557057,Lab 1 Report,https://canvas.oregonstate.edu/courses/2053526/assignments/10557057,00397-phy-212-assignment-detail-lab-1-report,1,4,captured,captured_rendered_page,
obj-phy-212-assignment-10557058,2053526,PHY-212,assignment,10557058,Lab 2 Group Report,https://canvas.oregonstate.edu/courses/2053526/assignments/10557058,00399-phy-212-assignment-detail-lab-2-group-report,1,4,captured,access_deferred_until_available,"access_resolution=expected_access_denied_until_released; The Lab 2 report link is present, but a current course announcement says TA meetings and lab group reports start next week."
obj-phy-212-assignment-10557059,2053526,PHY-212,assignment,10557059,Lab 3 Group report,https://canvas.oregonstate.edu/courses/2053526/assignments/10557059,00401-phy-212-assignment-detail-lab-3-group-report,1,4,captured,captured_rendered_page,
obj-phy-212-assignment-10557060,2053526,PHY-212,assignment,10557060,Lab 4 Group Report,https://canvas.oregonstate.edu/courses/2053526/assignments/10557060,00403-phy-212-assignment-detail-lab-4-group-report,1,4,captured,captured_rendered_page,
obj-phy-212-assignment-10557061,2053526,PHY-212,assignment,10557061,Lab 5 Group report,https://canvas.oregonstate.edu/courses/2053526/assignments/10557061,00405-phy-212-assignment-detail-lab-5-group-report,1,4,captured,captured_rendered_page,
obj-phy-212-assignment-10557062,2053526,PHY-212,assignment,10557062,Lab 6 Group Report,https://canvas.oregonstate.edu/courses/2053526/assignments/10557062,00407-phy-212-assignment-detail-lab-6-group-report,1,4,captured,captured_rendered_page,
obj-phy-212-assignment-10591118,2053526,PHY-212,assignment,10591118,M1-0,https://canvas.oregonstate.edu/courses/2053526/assignments/10591118,00371-phy-212-assignment-detail-m1-0,1,4,captured,captured_rendered_page,
obj-phy-212-assignment-10592346,2053526,PHY-212,assignment,10592346,M1-00,https://canvas.oregonstate.edu/courses/2053526/assignments/10592346,00373-phy-212-assignment-detail-m1-00,1,4,captured,captured_rendered_page,
obj-phy-212-assignment-10592982,2053526,PHY-212,assignment,10592982,M1-1,https://canvas.oregonstate.edu/courses/2053526/assignments/10592982,00375-phy-212-assignment-detail-m1-1,1,4,captured,captured_rendered_page,
obj-phy-212-assignment-10593560,2053526,PHY-212,assignment,10593560,M1-2,https://canvas.oregonstate.edu/courses/2053526/assignments/10593560,00377-phy-212-assignment-detail-m1-2,1,4,captured,captured_rendered_page,
obj-phy-212-assignment-10595057,2053526,PHY-212,assignment,10595057,M1-3,https://canvas.oregonstate.edu/courses/2053526/assignments/10595057,00379-phy-212-assignment-detail-m1-3,1,4,captured,captured_rendered_page,
obj-phy-212-assignment-10595549,2053526,PHY-212,assignment,10595549,M1-4,https://canvas.oregonstate.edu/courses/2053526/assignments/10595549,00381-phy-212-assignment-detail-m1-4,1,4,captured,captured_rendered_page,
obj-phy-212-assignment-10597145,2053526,PHY-212,assignment,10597145,M1-5,https://canvas.oregonstate.edu/courses/2053526/assignments/10597145,00383-phy-212-assignment-detail-m1-5,1,4,captured,captured_rendered_page,
obj-phy-212-assignment-10557070,2053526,PHY-212,assignment,10557070,M2-1pre,https://canvas.oregonstate.edu/courses/2053526/assignments/10557070,00390-phy-212-assignment-detail-m2-1pre,1,4,captured,captured_rendered_page,
obj-phy-212-assignment-10557097,2053526,PHY-212,assignment,10557097,Quiz 1 notes,https://canvas.oregonstate.edu/courses/2053526/assignments/10557097,00594-phy-212-linked-detail-unauthorized,1,1,captured,access_deferred_until_available,access_resolution=expected_access_denied_until_released; The source module page explicitly says items may show Access Denied before they open.
obj-phy-212-assignment-10557098,2053526,PHY-212,assignment,10557098,Quiz 1A,https://canvas.oregonstate.edu/courses/2053526/assignments/10557098,00599-phy-212-linked-detail-unauthorized,1,1,captured,access_deferred_until_available,access_resolution=expected_access_denied_until_released; The source module page explicitly says items may show Access Denied before they open.
obj-phy-212-assignment-10557099,2053526,PHY-212,assignment,10557099,Quiz 1A_6pm,https://canvas.oregonstate.edu/courses/2053526/assignments/10557099,00600-phy-212-linked-detail-unauthorized,1,1,captured,access_deferred_until_available,access_resolution=expected_access_denied_until_released; The source module page explicitly says items may show Access Denied before they open.
obj-phy-212-assignment-10557100,2053526,PHY-212,assignment,10557100,Quiz 1A_asy_work,https://canvas.oregonstate.edu/courses/2053526/assignments/10557100,00596-phy-212-linked-detail-unauthorized,1,1,captured,access_deferred_until_available,access_resolution=expected_access_denied_until_released; The source module page explicitly says items may show Access Denied before they open.
obj-phy-212-assignment-10557101,2053526,PHY-212,assignment,10557101,Quiz 1B,https://canvas.oregonstate.edu/courses/2053526/assignments/10557101,00601-phy-212-linked-detail-unauthorized,1,1,captured,access_deferred_until_available,access_resolution=expected_access_denied_until_released; The source module page explicitly says items may show Access Denied before they open.
obj-phy-212-assignment-10557102,2053526,PHY-212,assignment,10557102,Quiz 1B_6pm,https://canvas.oregonstate.edu/courses/2053526/assignments/10557102,00602-phy-212-linked-detail-unauthorized,1,1,captured,access_deferred_until_available,access_resolution=expected_access_denied_until_released; The source module page explicitly says items may show Access Denied before they open.
obj-phy-212-assignment-10556989,2053526,PHY-212,assignment,10556989,Quiz 1B_asy (Remotely Proctored),https://canvas.oregonstate.edu/courses/2053526/assignments/10556989,00597-phy-212-linked-detail-unauthorized,1,1,captured,access_deferred_until_available,access_resolution=expected_access_denied_until_released; The source module page explicitly says items may show Access Denied before they open.
obj-phy-212-assignment-10557103,2053526,PHY-212,assignment,10557103,Quiz 1B_asy_work,https://canvas.oregonstate.edu/courses/2053526/assignments/10557103,00598-phy-212-linked-detail-unauthorized,1,1,captured,access_deferred_until_available,access_resolution=expected_access_denied_until_released; The source module page explicitly says items may show Access Denied before they open.
obj-phy-212-assignment-10557104,2053526,PHY-212,assignment,10557104,Quiz 1x,https://canvas.oregonstate.edu/courses/2053526/assignments/10557104,00603-phy-212-linked-detail-unauthorized,1,1,captured,access_deferred_until_available,access_resolution=expected_access_denied_until_released; The source module page explicitly says items may show Access Denied before they open.
obj-phy-212-assignment-syllabus,2053526,PHY-212,assignment,syllabus,Syllabus for GENERAL PHYSICS WITH CALCULUS (PH_212_400_U2026),https://canvas.oregonstate.edu/courses/2053526/assignments/syllabus,00022-phy-212-syllabus-syllabus-for-general-physics-with-calculus-ph-212-400-u2026,1,1,captured,captured_rendered_page,
obj-phy-212-assignment-10556958,2053526,PHY-212,assignment,10556958,Unauthorized,https://canvas.oregonstate.edu/courses/2053526/assignments/10556958,00618-phy-212-linked-detail-unauthorized,1,1,captured,captured_rendered_page,
obj-phy-212-assignment-10556975,2053526,PHY-212,assignment,10556975,Unauthorized,https://canvas.oregonstate.edu/courses/2053526/assignments/10556975,00619-phy-212-linked-detail-unauthorized,1,1,captured,captured_rendered_page,
obj-phy-212-assignment-10556967,2053526,PHY-212,assignment,10556967,Unauthorized,https://canvas.oregonstate.edu/courses/2053526/assignments/10556967,00620-phy-212-linked-detail-unauthorized,1,1,captured,captured_rendered_page,
obj-phy-212-assignment-10556938,2053526,PHY-212,assignment,10556938,Unauthorized,https://canvas.oregonstate.edu/courses/2053526/assignments/10556938,00621-phy-212-linked-detail-unauthorized,1,1,captured,captured_rendered_page,
obj-phy-212-assignment-10556951,2053526,PHY-212,assignment,10556951,Unauthorized,https://canvas.oregonstate.edu/courses/2053526/assignments/10556951,00622-phy-212-linked-detail-unauthorized,1,1,captured,captured_rendered_page,
obj-phy-212-assignment-10556991,2053526,PHY-212,assignment,10556991,Unauthorized,https://canvas.oregonstate.edu/courses/2053526/assignments/10556991,00623-phy-212-linked-detail-unauthorized,1,1,captured,captured_rendered_page,
obj-phy-212-assignment-10557013,2053526,PHY-212,assignment,10557013,Unauthorized,https://canvas.oregonstate.edu/courses/2053526/assignments/10557013,00624-phy-212-linked-detail-unauthorized,1,1,captured,captured_rendered_page,
obj-phy-212-assignment-10557015,2053526,PHY-212,assignment,10557015,Unauthorized,https://canvas.oregonstate.edu/courses/2053526/assignments/10557015,00625-phy-212-linked-detail-unauthorized,1,1,captured,captured_rendered_page,
obj-phy-212-assignment-10556947,2053526,PHY-212,assignment,10556947,Unauthorized,https://canvas.oregonstate.edu/courses/2053526/assignments/10556947,00626-phy-212-linked-detail-unauthorized,1,1,captured,captured_rendered_page,
obj-phy-212-assignment-10557020,2053526,PHY-212,assignment,10557020,Unauthorized,https://canvas.oregonstate.edu/courses/2053526/assignments/10557020,00627-phy-212-linked-detail-unauthorized,1,1,captured,captured_rendered_page,
obj-phy-212-assignment-10557027,2053526,PHY-212,assignment,10557027,Unauthorized,https://canvas.oregonstate.edu/courses/2053526/assignments/10557027,00628-phy-212-linked-detail-unauthorized,1,1,captured,captured_rendered_page,
obj-phy-212-assignment-10556937,2053526,PHY-212,assignment,10556937,Unauthorized,https://canvas.oregonstate.edu/courses/2053526/assignments/10556937,00629-phy-212-linked-detail-unauthorized,1,1,captured,captured_rendered_page,
obj-phy-212-assignment-10556943,2053526,PHY-212,assignment,10556943,Unauthorized,https://canvas.oregonstate.edu/courses/2053526/assignments/10556943,00630-phy-212-linked-detail-unauthorized,1,1,captured,captured_rendered_page,
obj-phy-212-assignment-10556996,2053526,PHY-212,assignment,10556996,Unauthorized,https://canvas.oregonstate.edu/courses/2053526/assignments/10556996,00631-phy-212-linked-detail-unauthorized,1,1,captured,captured_rendered_page,
obj-phy-212-assignment-10556959,2053526,PHY-212,assignment,10556959,Unauthorized,https://canvas.oregonstate.edu/courses/2053526/assignments/10556959,00632-phy-212-linked-detail-unauthorized,1,1,captured,captured_rendered_page,
obj-phy-212-assignment-10557105,2053526,PHY-212,assignment,10557105,Unauthorized,https://canvas.oregonstate.edu/courses/2053526/assignments/10557105,00633-phy-212-linked-detail-unauthorized,1,1,captured,captured_rendered_page,
obj-phy-212-assignment-10557108,2053526,PHY-212,assignment,10557108,Unauthorized,https://canvas.oregonstate.edu/courses/2053526/assignments/10557108,00635-phy-212-linked-detail-unauthorized,1,1,captured,captured_rendered_page,
obj-phy-212-assignment-10557111,2053526,PHY-212,assignment,10557111,Unauthorized,https://canvas.oregonstate.edu/courses/2053526/assignments/10557111,00637-phy-212-linked-detail-unauthorized,1,1,captured,captured_rendered_page,
obj-phy-212-assignment-10557106,2053526,PHY-212,assignment,10557106,Unauthorized,https://canvas.oregonstate.edu/courses/2053526/assignments/10557106,00638-phy-212-linked-detail-unauthorized,1,1,captured,captured_rendered_page,
obj-phy-212-assignment-10557107,2053526,PHY-212,assignment,10557107,Unauthorized,https://canvas.oregonstate.edu/courses/2053526/assignments/10557107,00639-phy-212-linked-detail-unauthorized,1,1,captured,captured_rendered_page,
obj-phy-212-assignment-10557109,2053526,PHY-212,assignment,10557109,Unauthorized,https://canvas.oregonstate.edu/courses/2053526/assignments/10557109,00640-phy-212-linked-detail-unauthorized,1,1,captured,captured_rendered_page,
obj-phy-212-assignment-10557110,2053526,PHY-212,assignment,10557110,Unauthorized,https://canvas.oregonstate.edu/courses/2053526/assignments/10557110,00641-phy-212-linked-detail-unauthorized,1,1,captured,captured_rendered_page,
obj-phy-212-assignment-10557112,2053526,PHY-212,assignment,10557112,Unauthorized,https://canvas.oregonstate.edu/courses/2053526/assignments/10557112,00642-phy-212-linked-detail-unauthorized,1,1,captured,captured_rendered_page,
obj-phy-212-assignments-https-canvas-oregonstate-edu-courses-2053526-assignments,2053526,PHY-212,assignments,,Assignments: GENERAL PHYSICS WITH CALCULUS (PH_212_400_U2026),https://canvas.oregonstate.edu/courses/2053526/assignments,00019-phy-212-assignments-assignments-general-physics-with-calculus-ph-212-400-u2026,2,2,captured,captured_rendered_page,
obj-phy-212-course-page-https-canvas-oregonstate-edu-courses-2053526-announcements,2053526,PHY-212,course_page,,Announcements: GENERAL PHYSICS WITH CALCULUS (PH_212_400_U2026),https://canvas.oregonstate.edu/courses/2053526/announcements,00021-phy-212-announcements-announcements-general-physics-with-calculus-ph-212-400-u2026,1,1,captured,captured_rendered_page,
obj-phy-212-course-page-https-canvas-oregonstate-edu-courses-2053526,2053526,PHY-212,course_page,,GENERAL PHYSICS WITH CALCULUS (PH_212_400_U2026),https://canvas.oregonstate.edu/courses/2053526,00017-phy-212-home-general-physics-with-calculus-ph-212-400-u2026,2,2,captured,captured_rendered_page,
obj-phy-212-discussion-11563812,2053526,PHY-212,discussion,11563812,Topic: 🤔 Project | Optional Step: Find Group Members,https://canvas.oregonstate.edu/courses/2053526/discussion_topics/11563812,00420-phy-212-linked-detail-topic-project-optional-step-find-group-members,1,1,captured,captured_rendered_page,
obj-phy-212-discussion-11604493,2053526,PHY-212,discussion,11604493,Topic: 7/1 Lecture canceled,https://canvas.oregonstate.edu/courses/2053526/discussion_topics/11604493,00416-phy-212-linked-detail-topic-7-1-lecture-canceled,1,1,captured,captured_rendered_page,
obj-phy-212-discussion-11579965,2053526,PHY-212,discussion,11579965,Topic: Capstone Lab Week 1 Discussion - Lab Group 22,https://canvas.oregonstate.edu/groups/733396/discussion_topics/11579965,00408-phy-212-assignment-detail-topic-capstone-lab-week-1-discussion-lab-group-22,2,2,captured,captured_rendered_page,
obj-phy-212-discussion-11579985,2053526,PHY-212,discussion,11579985,Topic: Capstone Lab Week 2 Discussion - Lab Group 22,https://canvas.oregonstate.edu/groups/733396/discussion_topics/11579985,00409-phy-212-assignment-detail-topic-capstone-lab-week-2-discussion-lab-group-22,2,2,captured,captured_rendered_page,
obj-phy-212-discussion-11563802,2053526,PHY-212,discussion,11563802,Topic: Course Introductions,https://canvas.oregonstate.edu/courses/2053526/discussion_topics/11563802,00393-phy-212-assignment-detail-topic-course-introductions,2,2,captured,captured_rendered_page,
obj-phy-212-discussion-11597788,2053526,PHY-212,discussion,11597788,Topic: First day lecture and participation,https://canvas.oregonstate.edu/courses/2053526/discussion_topics/11597788,00418-phy-212-linked-detail-topic-first-day-lecture-and-participation,1,1,captured,captured_rendered_page,
obj-phy-212-discussion-11563815,2053526,PHY-212,discussion,11563815,Topic: General Discussion & FAQs,https://canvas.oregonstate.edu/courses/2053526/discussion_topics/11563815?module_item_id=26896950,00346-phy-212-module-item-topic-general-discussion-faqs,2,3,captured,captured_rendered_page,
obj-phy-212-discussion-11579973,2053526,PHY-212,discussion,11579973,Topic: Lab 1 Discussion - Lab Group 22,https://canvas.oregonstate.edu/groups/733396/discussion_topics/11579973,00396-phy-212-assignment-detail-topic-lab-1-discussion-lab-group-22,2,2,captured,captured_rendered_page,
obj-phy-212-discussion-11579976,2053526,PHY-212,discussion,11579976,Topic: Lab 2 Discussion - Lab Group 22,https://canvas.oregonstate.edu/groups/733396/discussion_topics/11579976,00398-phy-212-assignment-detail-topic-lab-2-discussion-lab-group-22,2,2,captured,captured_rendered_page,
obj-phy-212-discussion-11579981,2053526,PHY-212,discussion,11579981,Topic: Lab 3 Discussion - Lab Group 22,https://canvas.oregonstate.edu/groups/733396/discussion_topics/11579981,00400-phy-212-assignment-detail-topic-lab-3-discussion-lab-group-22,2,2,captured,captured_rendered_page,
obj-phy-212-discussion-11579969,2053526,PHY-212,discussion,11579969,Topic: Lab 4 Discussion - Lab Group 22,https://canvas.oregonstate.edu/groups/733396/discussion_topics/11579969,00402-phy-212-assignment-detail-topic-lab-4-discussion-lab-group-22,2,2,captured,captured_rendered_page,
obj-phy-212-discussion-11580054,2053526,PHY-212,discussion,11580054,Topic: Lab 5 Discussion - Lab Group 22,https://canvas.oregonstate.edu/groups/733396/discussion_topics/11580054,00404-phy-212-assignment-detail-topic-lab-5-discussion-lab-group-22,2,2,captured,captured_rendered_page,
obj-phy-212-discussion-11579983,2053526,PHY-212,discussion,11579983,Topic: Lab 6 Discussion - Lab Group 22,https://canvas.oregonstate.edu/groups/733396/discussion_topics/11579983,00406-phy-212-assignment-detail-topic-lab-6-discussion-lab-group-22,2,2,captured,captured_rendered_page,
obj-phy-212-discussion-11605102,2053526,PHY-212,discussion,11605102,Topic: M21-pre upload,https://canvas.oregonstate.edu/courses/2053526/discussion_topics/11605102,00415-phy-212-linked-detail-topic-m21-pre-upload,1,1,captured,captured_rendered_page,
obj-phy-212-discussion-11601297,2053526,PHY-212,discussion,11601297,Topic: Please email your Lab TA to confirm your meeting time,https://canvas.oregonstate.edu/courses/2053526/discussion_topics/11601297,00417-phy-212-linked-detail-topic-please-email-your-lab-ta-to-confirm-your-meeting-time,1,1,captured,captured_rendered_page,
obj-phy-212-discussion-11563801,2053526,PHY-212,discussion,11563801,Topic: Welcome!,https://canvas.oregonstate.edu/courses/2053526/discussion_topics/11563801,00419-phy-212-linked-detail-topic-welcome,1,1,captured,captured_rendered_page,
obj-phy-212-discussions-https-canvas-oregonstate-edu-courses-2053526-discussion-topics,2053526,PHY-212,discussions,,Discussions: GENERAL PHYSICS WITH CALCULUS (PH_212_400_U2026),https://canvas.oregonstate.edu/courses/2053526/discussion_topics,00023-phy-212-discussions-discussions-general-physics-with-calculus-ph-212-400-u2026,1,1,captured,captured_rendered_page,
obj-phy-212-download-118705530,2053526,PHY-212,download,118705530,CamScanner,https://canvas.oregonstate.edu/courses/2053526/files/118705530/download?wrap=1,00341-phy-212-module-item-gradescope-general-physics-with-calculus-ph-212-400-u2026,2,8,downloaded_and_parsed,parsed_file_text,Parsed file text captured at /Users/jake/Developer/SU26/canvas/indexer/output/parsed_files/captured-0002-phy-212-118705530.md
obj-phy-212-download-118705575,2053526,PHY-212,download,118705575,Download,https://canvas.oregonstate.edu/courses/2053526/files/118705575/download?download_frd=1,00342-phy-212-module-item-proctorio-setup-and-troubleshooting-general-physics-with-calculus-ph-212-400-u2026,3,6,downloaded_and_parsed,parsed_file_text,Parsed file text captured at /Users/jake/Developer/SU26/canvas/indexer/output/parsed_files/captured-0003-phy-212-118705575.md
obj-phy-212-download-118706028,2053526,PHY-212,download,118706028,Download,https://canvas.oregonstate.edu/courses/2053526/files/118706028/download?download_frd=1,00369-phy-212-module-item-excel-skills-handout-general-physics-with-calculus-ph-212-400-u2026,3,3,indexed_download_link,indexed_not_read,Download URL captured but file binary has not been downloaded or parsed.
obj-phy-212-download-118706035,2053526,PHY-212,download,118706035,Download,https://canvas.oregonstate.edu/courses/2053526/files/118706035/download?download_frd=1,00369-phy-212-module-item-excel-skills-handout-general-physics-with-calculus-ph-212-400-u2026,3,3,indexed_download_link,indexed_not_read,Download URL captured but file binary has not been downloaded or parsed.
obj-phy-212-download-118706027,2053526,PHY-212,download,118706027,Download,https://canvas.oregonstate.edu/courses/2053526/files/118706027/download?download_frd=1,00369-phy-212-module-item-excel-skills-handout-general-physics-with-calculus-ph-212-400-u2026,3,3,indexed_download_link,indexed_not_read,Download URL captured but file binary has not been downloaded or parsed.
obj-phy-212-download-119256249,2053526,PHY-212,download,119256249,first day overview.pdf,https://canvas.oregonstate.edu/courses/2053526/files/119256249/download?download_frd=1,00345-phy-212-module-item-first-day-overview-pdf-general-physics-with-calculus-ph-212-400-u2026,2,4,downloaded_and_parsed,parsed_file_text,Parsed file text captured at /Users/jake/Developer/SU26/canvas/indexer/output/parsed_files/captured-0032-phy-212-119256249.md
obj-phy-212-download-119307451,2053526,PHY-212,download,119307451,Lab Structure and TA Meetings.pdf,https://canvas.oregonstate.edu/courses/2053526/files/119307451/download?download_frd=1,00335-phy-212-module-item-lab-structure-and-ta-meetings-pdf-general-physics-with-calculus-ph-212-400-u2026,5,5,indexed_download_link,indexed_not_read,Download URL captured but file binary has not been downloaded or parsed.
obj-phy-212-download-119284452,2053526,PHY-212,download,119284452,M1-00.pdf,https://canvas.oregonstate.edu/users/6660414/files/119284452/download?verifier=tdhRrXaJuL3lgDaVYfufXRkHXlGkrpdaExKG1oBJ&download_frd=1,00374-phy-212-assignment-detail-m1-00asy-general-physics-with-calculus-ph-212-400-u2026,4,8,downloaded_and_parsed,parsed_file_text,Parsed file text captured at /Users/jake/Developer/SU26/canvas/indexer/output/parsed_files/captured-0031-phy-212-119284452.md
obj-phy-212-download-119291668,2053526,PHY-212,download,119291668,M1-01.pdf,https://canvas.oregonstate.edu/users/6660414/files/119291668/download?verifier=cdD2R6qdibRpUciTWHAs5zvLNXk26R9XpDM5z6h2&download_frd=1,00376-phy-212-assignment-detail-m1-1asy-general-physics-with-calculus-ph-212-400-u2026,4,8,downloaded_and_parsed,parsed_file_text,Parsed file text captured at /Users/jake/Developer/SU26/canvas/indexer/output/parsed_files/captured-0030-phy-212-119291668.md
obj-phy-212-download-118706032,2053526,PHY-212,download,118706032,PH211_DATA_time-distance.txt,https://canvas.oregonstate.edu/courses/2053526/files/118706032/download?download_frd=1,00369-phy-212-module-item-excel-skills-handout-general-physics-with-calculus-ph-212-400-u2026,3,3,indexed_download_link,indexed_not_read,Download URL captured but file binary has not been downloaded or parsed.
obj-phy-212-download-118706030,2053526,PHY-212,download,118706030,PH211_Excel-Skills-Ref.xlsx,https://canvas.oregonstate.edu/courses/2053526/files/118706030/download?download_frd=1,00369-phy-212-module-item-excel-skills-handout-general-physics-with-calculus-ph-212-400-u2026,3,9,indexed_download_link,indexed_not_read,Download URL captured but file binary has not been downloaded or parsed.
obj-phy-212-download-118706071,2053526,PHY-212,download,118706071,Scannable or GeniusScan,https://canvas.oregonstate.edu/courses/2053526/files/118706071/download?wrap=1,00341-phy-212-module-item-gradescope-general-physics-with-calculus-ph-212-400-u2026,2,8,downloaded_and_parsed,parsed_file_text,Parsed file text captured at /Users/jake/Developer/SU26/canvas/indexer/output/parsed_files/captured-0001-phy-212-118706071.md
obj-phy-212-download-119256264,2053526,PHY-212,download,119256264,syllabus_U2026.pdf,https://canvas.oregonstate.edu/courses/2053526/files/119256264/download?download_frd=1,00331-phy-212-module-item-syllabus-u2026-pdf-general-physics-with-calculus-ph-212-400-u2026,2,4,downloaded_and_parsed,parsed_file_text,Parsed file text captured at /Users/jake/Developer/SU26/canvas/indexer/output/parsed_files/captured-0033-phy-212-119256264.md
obj-phy-212-file-119256249,2053526,PHY-212,file,119256249,first day overview.pdf: GENERAL PHYSICS WITH CALCULUS (PH_212_400_U2026),https://canvas.oregonstate.edu/courses/2053526/files/119256249?module_item_id=26997777,00345-phy-212-module-item-first-day-overview-pdf-general-physics-with-calculus-ph-212-400-u2026,2,3,captured,captured_rendered_page,
obj-phy-212-file-119307451,2053526,PHY-212,file,119307451,Lab Structure and TA Meetings.pdf: GENERAL PHYSICS WITH CALCULUS (PH_212_400_U2026),https://canvas.oregonstate.edu/courses/2053526/files/119307451?module_item_id=27007746,00335-phy-212-module-item-lab-structure-and-ta-meetings-pdf-general-physics-with-calculus-ph-212-400-u2026,3,4,captured,captured_rendered_page,
obj-phy-212-file-118706028,2053526,PHY-212,file,118706028,PH211_Basic-Excel-Workflows.pptx: GENERAL PHYSICS WITH CALCULUS (PH_212_400_U2026),https://canvas.oregonstate.edu/courses/2053526/files/118706028?wrap=1,00645-phy-212-linked-detail-ph211-basic-excel-workflows-pptx-general-physics-with-calculus-ph-212-400-u2026,1,1,captured,captured_rendered_page,
obj-phy-212-file-118706032,2053526,PHY-212,file,118706032,PH211_DATA_time-distance.txt: GENERAL PHYSICS WITH CALCULUS (PH_212_400_U2026),https://canvas.oregonstate.edu/courses/2053526/files/118706032?wrap=1,00647-phy-212-linked-detail-ph211-data-time-distance-txt-general-physics-with-calculus-ph-212-400-u2026,1,1,captured,captured_rendered_page,
obj-phy-212-file-118706035,2053526,PHY-212,file,118706035,PH211_Excel-Data-Analysis.pptx: GENERAL PHYSICS WITH CALCULUS (PH_212_400_U2026),https://canvas.oregonstate.edu/courses/2053526/files/118706035?wrap=1,00648-phy-212-linked-detail-ph211-excel-data-analysis-pptx-general-physics-with-calculus-ph-212-400-u2026,1,1,captured,captured_rendered_page,
obj-phy-212-file-118706027,2053526,PHY-212,file,118706027,PH211_Excel-Derivitives-Integrals.pptx: GENERAL PHYSICS WITH CALCULUS (PH_212_400_U2026),https://canvas.oregonstate.edu/courses/2053526/files/118706027?wrap=1,00649-phy-212-linked-detail-ph211-excel-derivitives-integrals-pptx-general-physics-with-calculus-ph-212-400-u2026,1,1,captured,captured_rendered_page,
obj-phy-212-file-118706030,2053526,PHY-212,file,118706030,PH211_Excel-Skills-Ref.xlsx: GENERAL PHYSICS WITH CALCULUS (PH_212_400_U2026),https://canvas.oregonstate.edu/courses/2053526/files/118706030?wrap=1,00644-phy-212-linked-detail-ph211-excel-skills-ref-xlsx-general-physics-with-calculus-ph-212-400-u2026,1,1,captured,captured_rendered_page,
obj-phy-212-file-118705575,2053526,PHY-212,file,118705575,Proctorio Guide.pdf: GENERAL PHYSICS WITH CALCULUS (PH_212_400_U2026),https://canvas.oregonstate.edu/courses/2053526/files/118705575?wrap=1,00580-phy-212-linked-detail-proctorio-guide-pdf-general-physics-with-calculus-ph-212-400-u2026,1,1,captured,captured_rendered_page,
obj-phy-212-file-119256264,2053526,PHY-212,file,119256264,syllabus_U2026.pdf: GENERAL PHYSICS WITH CALCULUS (PH_212_400_U2026),https://canvas.oregonstate.edu/courses/2053526/files/119256264?module_item_id=26992777,00331-phy-212-module-item-syllabus-u2026-pdf-general-physics-with-calculus-ph-212-400-u2026,2,3,captured,captured_rendered_page,
obj-phy-212-grades-https-canvas-oregonstate-edu-courses-2053526-grades,2053526,PHY-212,grades,,Grades for Jacob Peterson: GENERAL PHYSICS WITH CALCULUS (PH_212_400_U2026),https://canvas.oregonstate.edu/courses/2053526/grades,00020-phy-212-grades-grades-for-jacob-peterson-general-physics-with-calculus-ph-212-400-u2026,1,1,captured,captured_rendered_page,
obj-phy-212-modules-https-canvas-oregonstate-edu-courses-2053526-modules,2053526,PHY-212,modules,,Course Modules: GENERAL PHYSICS WITH CALCULUS (PH_212_400_U2026),https://canvas.oregonstate.edu/courses/2053526/modules,00018-phy-212-modules-course-modules-general-physics-with-calculus-ph-212-400-u2026,1,1,captured,captured_rendered_page,
obj-phy-212-page-project-7c-consequences-and-implications-of-science,2053526,PHY-212,page,project-%7C-consequences-and-implications-of-science,🤔 Project | Consequences & Implications of Science: GENERAL PHYSICS WITH CALCULUS (PH_212_400_U2026),https://canvas.oregonstate.edu/courses/2053526/pages/project-%7C-consequences-and-implications-of-science,00690-phy-212-linked-detail-project-consequences-implications-of-science-general-physics-with-calculus-ph-212-400-u2026,1,1,captured,captured_rendered_page,
obj-phy-212-page-project-7c-reminder-submit-presentations-next-week,2053526,PHY-212,page,project-%7C-reminder-submit-presentations-next-week,🤔 Project | Reminder: Submit Presentations Next Week: GENERAL PHYSICS WITH CALCULUS (PH_212_400_U2026),https://canvas.oregonstate.edu/courses/2053526/pages/project-%7C-reminder-submit-presentations-next-week,00421-phy-212-linked-detail-project-reminder-submit-presentations-next-week-general-physics-with-calculus-ph-212-400-u2026,1,1,captured,captured_rendered_page,
obj-phy-212-page-academic-misconduct-scenarios,2053526,PHY-212,page,academic-misconduct-scenarios,Academic Misconduct Scenarios: GENERAL PHYSICS WITH CALCULUS (PH_212_400_U2026),https://canvas.oregonstate.edu/courses/2053526/pages/academic-misconduct-scenarios?module_item_id=26896953,00349-phy-212-module-item-academic-misconduct-scenarios-general-physics-with-calculus-ph-212-400-u2026,2,3,captured,captured_rendered_page,
obj-phy-212-page-accessibility-statements-and-privacy-policies,2053526,PHY-212,page,accessibility-statements-and-privacy-policies,Accessibility Statements & Privacy Policies: GENERAL PHYSICS WITH CALCULUS (PH_212_400_U2026),https://canvas.oregonstate.edu/courses/2053526/pages/accessibility-statements-and-privacy-policies?module_item_id=26896933,00327-phy-212-module-item-accessibility-statements-privacy-policies-general-physics-with-calculus-ph-212-400-u2026,1,2,captured,captured_rendered_page,
obj-phy-212-page-announcements,2053526,PHY-212,page,announcements,Announcements: GENERAL PHYSICS WITH CALCULUS (PH_212_400_U2026),https://canvas.oregonstate.edu/courses/2053526/pages/announcements?module_item_id=26896939,00333-phy-212-module-item-announcements-general-physics-with-calculus-ph-212-400-u2026,1,2,captured,captured_rendered_page,
obj-phy-212-page-course-webpages,2053526,PHY-212,page,course-webpages,Course webpages: GENERAL PHYSICS WITH CALCULUS (PH_212_400_U2026),https://canvas.oregonstate.edu/courses/2053526/pages/course-webpages?module_item_id=26896941,00336-phy-212-module-item-course-webpages-general-physics-with-calculus-ph-212-400-u2026,1,2,captured,captured_rendered_page,
obj-phy-212-page-excel-skills-handout-2,2053526,PHY-212,page,excel-skills-handout-2,Excel Skills Handout: GENERAL PHYSICS WITH CALCULUS (PH_212_400_U2026),https://canvas.oregonstate.edu/courses/2053526/pages/excel-skills-handout-2?module_item_id=26896976,00369-phy-212-module-item-excel-skills-handout-general-physics-with-calculus-ph-212-400-u2026,2,3,captured,captured_rendered_page,
obj-phy-212-page-financial-resources-and-more,2053526,PHY-212,page,financial-resources-and-more,Financial resources and more: GENERAL PHYSICS WITH CALCULUS (PH_212_400_U2026),https://canvas.oregonstate.edu/courses/2053526/pages/financial-resources-and-more?module_item_id=26896952,00348-phy-212-module-item-financial-resources-and-more-general-physics-with-calculus-ph-212-400-u2026,1,2,captured,captured_rendered_page,
obj-phy-212-page-general-information,2053526,PHY-212,page,general-information,General information: GENERAL PHYSICS WITH CALCULUS (PH_212_400_U2026),https://canvas.oregonstate.edu/courses/2053526/pages/general-information?module_item_id=26896936,00330-phy-212-module-item-general-information-general-physics-with-calculus-ph-212-400-u2026,1,2,captured,captured_rendered_page,
obj-phy-212-page-get-your-ph-211-course-materials-2,2053526,PHY-212,page,get-your-ph-211-course-materials-2,Get your PH 211 Course Materials! : GENERAL PHYSICS WITH CALCULUS (PH_212_400_U2026),https://canvas.oregonstate.edu/courses/2053526/pages/get-your-ph-211-course-materials-2?module_item_id=26992779,00337-phy-212-module-item-get-your-ph-211-course-materials-general-physics-with-calculus-ph-212-400-u2026,1,2,captured,captured_rendered_page,
obj-phy-212-page-gradescope,2053526,PHY-212,page,gradescope,Gradescope: GENERAL PHYSICS WITH CALCULUS (PH_212_400_U2026),https://canvas.oregonstate.edu/courses/2053526/pages/gradescope?module_item_id=26896946,00341-phy-212-module-item-gradescope-general-physics-with-calculus-ph-212-400-u2026,2,3,captured,captured_rendered_page,
obj-phy-212-page-help-getting-internet,2053526,PHY-212,page,help-getting-internet,Help getting internet: GENERAL PHYSICS WITH CALCULUS (PH_212_400_U2026),https://canvas.oregonstate.edu/courses/2053526/pages/help-getting-internet?module_item_id=26896955,00351-phy-212-module-item-help-getting-internet-general-physics-with-calculus-ph-212-400-u2026,1,2,captured,captured_rendered_page,
obj-phy-212-page-instructor-information-and-communication-policy,2053526,PHY-212,page,instructor-information-and-communication-policy,Instructor Information & Communication Policy: GENERAL PHYSICS WITH CALCULUS (PH_212_400_U2026),https://canvas.oregonstate.edu/courses/2053526/pages/instructor-information-and-communication-policy?module_item_id=26896931,00325-phy-212-module-item-instructor-information-communication-policy-general-physics-with-calculus-ph-212-400-u2026,1,2,captured,captured_rendered_page,
obj-phy-212-page-lab-1-instructions-2,2053526,PHY-212,page,lab-1-instructions-2,Lab 1 Instructions: GENERAL PHYSICS WITH CALCULUS (PH_212_400_U2026),https://canvas.oregonstate.edu/courses/2053526/pages/lab-1-instructions-2?module_item_id=26896962,00357-phy-212-module-item-lab-1-instructions-general-physics-with-calculus-ph-212-400-u2026,1,2,captured,captured_rendered_page,
obj-phy-212-page-lab-1-team-building-and-uncertainty-refresher,2053526,PHY-212,page,lab-1-team-building-and-uncertainty-refresher,Lab 1: Team Building and Uncertainty Refresher: GENERAL PHYSICS WITH CALCULUS (PH_212_400_U2026),https://canvas.oregonstate.edu/courses/2053526/pages/lab-1-team-building-and-uncertainty-refresher,00605-phy-212-linked-detail-lab-1-team-building-and-uncertainty-refresher-general-physics-with-calculus-ph-212-400-u2026,2,2,captured,captured_rendered_page,
obj-phy-212-page-lab-2-instructions-2,2053526,PHY-212,page,lab-2-instructions-2,Lab 2 Instructions: GENERAL PHYSICS WITH CALCULUS (PH_212_400_U2026),https://canvas.oregonstate.edu/courses/2053526/pages/lab-2-instructions-2?module_item_id=26896965,00360-phy-212-module-item-lab-2-instructions-general-physics-with-calculus-ph-212-400-u2026,2,3,captured,captured_rendered_page,
obj-phy-212-page-lab-2-uncertainty-propagation,2053526,PHY-212,page,lab-2-uncertainty-propagation,Lab 2: Uncertainty Propagation: GENERAL PHYSICS WITH CALCULUS (PH_212_400_U2026),https://canvas.oregonstate.edu/courses/2053526/pages/lab-2-uncertainty-propagation,00613-phy-212-linked-detail-lab-2-uncertainty-propagation-general-physics-with-calculus-ph-212-400-u2026,1,1,captured,captured_rendered_page,
obj-phy-212-page-lab-3-hypothesis-testing,2053526,PHY-212,page,lab-3-hypothesis-testing,Lab 3 Hypothesis Testing: GENERAL PHYSICS WITH CALCULUS (PH_212_400_U2026),https://canvas.oregonstate.edu/courses/2053526/pages/lab-3-hypothesis-testing,00643-phy-212-linked-detail-lab-3-hypothesis-testing-general-physics-with-calculus-ph-212-400-u2026,1,1,captured,captured_rendered_page,
obj-phy-212-page-lab-3-instructions-2,2053526,PHY-212,page,lab-3-instructions-2,Lab 3 Instructions: GENERAL PHYSICS WITH CALCULUS (PH_212_400_U2026),https://canvas.oregonstate.edu/courses/2053526/pages/lab-3-instructions-2?module_item_id=26896972,00366-phy-212-module-item-lab-3-instructions-general-physics-with-calculus-ph-212-400-u2026,1,2,captured,captured_rendered_page,
obj-phy-212-page-lab-supplies,2053526,PHY-212,page,lab-supplies,Lab Supplies: GENERAL PHYSICS WITH CALCULUS (PH_212_400_U2026),https://canvas.oregonstate.edu/courses/2053526/pages/lab-supplies?module_item_id=26896964,00359-phy-212-module-item-lab-supplies-general-physics-with-calculus-ph-212-400-u2026,2,3,captured,captured_rendered_page,
obj-phy-212-page-module-1-7c-circular-motion-7c-learning-materials,2053526,PHY-212,page,module-1-%7C-circular-motion-%7C-learning-materials,Module 1 | Circular Motion | Learning Materials: GENERAL PHYSICS WITH CALCULUS (PH_212_400_U2026),https://canvas.oregonstate.edu/courses/2053526/pages/module-1-%7C-circular-motion-%7C-learning-materials?module_item_id=26896959,00354-phy-212-module-item-module-1-circular-motion-learning-materials-general-physics-with-calculus-ph-212-400-u2026,2,3,captured,captured_rendered_page,
obj-phy-212-page-module-1-7c-circular-motion-7c-required-activities,2053526,PHY-212,page,module-1-%7C-circular-motion-%7C-required-activities,Module 1 | Circular Motion | Required Activities: GENERAL PHYSICS WITH CALCULUS (PH_212_400_U2026),https://canvas.oregonstate.edu/courses/2053526/pages/module-1-%7C-circular-motion-%7C-required-activities?module_item_id=26896960,00355-phy-212-module-item-module-1-circular-motion-required-activities-general-physics-with-calculus-ph-212-400-u2026,2,3,captured,captured_rendered_page,
obj-phy-212-page-module-1-7c-motion-7c-conclusion,2053526,PHY-212,page,module-1-%7C-motion-%7C-conclusion,Module 1 | Motion | Conclusion: GENERAL PHYSICS WITH CALCULUS (PH_212_400_U2026),https://canvas.oregonstate.edu/courses/2053526/pages/module-1-%7C-motion-%7C-conclusion?module_item_id=26896968,00362-phy-212-module-item-module-1-motion-conclusion-general-physics-with-calculus-ph-212-400-u2026,1,2,captured,captured_rendered_page,
obj-phy-212-page-module-1-7c-overview-of-circular-motion,2053526,PHY-212,page,module-1-%7C-overview-of-circular-motion,Module 1 | Overview of Circular Motion: GENERAL PHYSICS WITH CALCULUS (PH_212_400_U2026),https://canvas.oregonstate.edu/courses/2053526/pages/module-1-%7C-overview-of-circular-motion?module_item_id=26896958,00353-phy-212-module-item-module-1-overview-of-circular-motion-general-physics-with-calculus-ph-212-400-u2026,1,2,captured,captured_rendered_page,
obj-phy-212-page-module-2-7c-overview-of-rotation,2053526,PHY-212,page,module-2-%7C-overview-of-rotation,Module 2 | Overview of Rotation: GENERAL PHYSICS WITH CALCULUS (PH_212_400_U2026),https://canvas.oregonstate.edu/courses/2053526/pages/module-2-%7C-overview-of-rotation?module_item_id=26896969,00363-phy-212-module-item-module-2-overview-of-rotation-general-physics-with-calculus-ph-212-400-u2026,1,2,captured,captured_rendered_page,
obj-phy-212-page-module-2-7c-rotation-7c-conclusion,2053526,PHY-212,page,module-2-%7C-rotation-%7C-conclusion,Module 2 | Rotation | Conclusion: GENERAL PHYSICS WITH CALCULUS (PH_212_400_U2026),https://canvas.oregonstate.edu/courses/2053526/pages/module-2-%7C-rotation-%7C-conclusion?module_item_id=26896975,00368-phy-212-module-item-module-2-rotation-conclusion-general-physics-with-calculus-ph-212-400-u2026,1,2,captured,captured_rendered_page,
obj-phy-212-page-module-2-7c-rotation-7c-learning-materials,2053526,PHY-212,page,module-2-%7C-rotation-%7C-learning-materials,Module 2 | Rotation | Learning Materials: GENERAL PHYSICS WITH CALCULUS (PH_212_400_U2026),https://canvas.oregonstate.edu/courses/2053526/pages/module-2-%7C-rotation-%7C-learning-materials?module_item_id=26896970,00364-phy-212-module-item-module-2-rotation-learning-materials-general-physics-with-calculus-ph-212-400-u2026,2,3,captured,captured_rendered_page,
obj-phy-212-page-module-2-7c-rotation-7c-required-activities,2053526,PHY-212,page,module-2-%7C-rotation-%7C-required-activities,Module 2 | Rotation | Required Activities: GENERAL PHYSICS WITH CALCULUS (PH_212_400_U2026),https://canvas.oregonstate.edu/courses/2053526/pages/module-2-%7C-rotation-%7C-required-activities?module_item_id=26896971,00365-phy-212-module-item-module-2-rotation-required-activities-general-physics-with-calculus-ph-212-400-u2026,2,3,captured,captured_rendered_page,
obj-phy-212-page-oer-physics-textbook,2053526,PHY-212,page,oer-physics-textbook,OER Physics textbook: GENERAL PHYSICS WITH CALCULUS (PH_212_400_U2026),https://canvas.oregonstate.edu/courses/2053526/pages/oer-physics-textbook?module_item_id=26896949,00344-phy-212-module-item-oer-physics-textbook-general-physics-with-calculus-ph-212-400-u2026,1,2,captured,captured_rendered_page,
obj-phy-212-page-opt-out-of-lab,2053526,PHY-212,page,opt-out-of-lab,Opt-out of lab: GENERAL PHYSICS WITH CALCULUS (PH_212_400_U2026),https://canvas.oregonstate.edu/courses/2053526/pages/opt-out-of-lab?module_item_id=26896948,00343-phy-212-module-item-opt-out-of-lab-general-physics-with-calculus-ph-212-400-u2026,1,2,captured,captured_rendered_page,
obj-phy-212-page-ph-211-instructional-videos,2053526,PHY-212,page,ph-211-instructional-videos,PH 211 Instructional videos: GENERAL PHYSICS WITH CALCULUS (PH_212_400_U2026),https://canvas.oregonstate.edu/courses/2053526/pages/ph-211-instructional-videos?module_item_id=26896951,00347-phy-212-module-item-ph-211-instructional-videos-general-physics-with-calculus-ph-212-400-u2026,1,2,captured,captured_rendered_page,
obj-phy-212-page-pre-lecture-partial-credit,2053526,PHY-212,page,pre-lecture-partial-credit,Pre-lecture partial credit: GENERAL PHYSICS WITH CALCULUS (PH_212_400_U2026),https://canvas.oregonstate.edu/courses/2053526/pages/pre-lecture-partial-credit?module_item_id=26896942,00338-phy-212-module-item-pre-lecture-partial-credit-general-physics-with-calculus-ph-212-400-u2026,1,2,captured,captured_rendered_page,
obj-phy-212-page-proctorio-setup-and-troubleshooting,2053526,PHY-212,page,proctorio-setup-and-troubleshooting,Proctorio setup and troubleshooting: GENERAL PHYSICS WITH CALCULUS (PH_212_400_U2026),https://canvas.oregonstate.edu/courses/2053526/pages/proctorio-setup-and-troubleshooting?module_item_id=26896947,00342-phy-212-module-item-proctorio-setup-and-troubleshooting-general-physics-with-calculus-ph-212-400-u2026,2,3,captured,captured_rendered_page,
obj-phy-212-page-scanned-text-on-reserve-at-library,2053526,PHY-212,page,scanned-text-on-reserve-at-library,Scanned text on reserve at library: GENERAL PHYSICS WITH CALCULUS (PH_212_400_U2026),https://canvas.oregonstate.edu/courses/2053526/pages/scanned-text-on-reserve-at-library?module_item_id=26896945,00340-phy-212-module-item-scanned-text-on-reserve-at-library-general-physics-with-calculus-ph-212-400-u2026,1,2,captured,captured_rendered_page,
obj-phy-212-page-scanned-text-on-reserve-at-the-library,2053526,PHY-212,page,scanned-text-on-reserve-at-the-library,Scanned text on reserve at the library: GENERAL PHYSICS WITH CALCULUS (PH_212_400_U2026),https://canvas.oregonstate.edu/courses/2053526/pages/scanned-text-on-reserve-at-the-library?module_item_id=26896954,00350-phy-212-module-item-scanned-text-on-reserve-at-the-library-general-physics-with-calculus-ph-212-400-u2026,1,2,captured,captured_rendered_page,
obj-phy-212-page-scanning-resources-2,2053526,PHY-212,page,scanning-resources-2,Scanning Resources: GENERAL PHYSICS WITH CALCULUS (PH_212_400_U2026),https://canvas.oregonstate.edu/courses/2053526/pages/scanning-resources-2?module_item_id=26896956,00352-phy-212-module-item-scanning-resources-general-physics-with-calculus-ph-212-400-u2026,2,3,captured,captured_rendered_page,
obj-phy-212-page-scanning-resources,2053526,PHY-212,page,scanning-resources,Scanning Resources: GENERAL PHYSICS WITH CALCULUS (PH_212_400_U2026),https://canvas.oregonstate.edu/courses/2053526/pages/scanning-resources,00662-phy-212-linked-detail-scanning-resources-general-physics-with-calculus-ph-212-400-u2026,1,1,captured,captured_rendered_page,
obj-phy-212-page-sources-cited,2053526,PHY-212,page,sources-cited,Sources Cited: GENERAL PHYSICS WITH CALCULUS (PH_212_400_U2026),https://canvas.oregonstate.edu/courses/2053526/pages/sources-cited?module_item_id=26896934,00328-phy-212-module-item-sources-cited-general-physics-with-calculus-ph-212-400-u2026,1,2,captured,captured_rendered_page,
obj-phy-212-page-start-here-conclusion,2053526,PHY-212,page,start-here-conclusion,Start Here - Conclusion: GENERAL PHYSICS WITH CALCULUS (PH_212_400_U2026),https://canvas.oregonstate.edu/courses/2053526/pages/start-here-conclusion?module_item_id=26896935,00329-phy-212-module-item-start-here-conclusion-general-physics-with-calculus-ph-212-400-u2026,1,2,captured,captured_rendered_page,
obj-phy-212-page-start-here-overview,2053526,PHY-212,page,start-here-overview,Start Here - Overview: GENERAL PHYSICS WITH CALCULUS (PH_212_400_U2026),https://canvas.oregonstate.edu/courses/2053526/pages/start-here-overview?module_item_id=26896930,00324-phy-212-module-item-start-here-overview-general-physics-with-calculus-ph-212-400-u2026,1,2,captured,captured_rendered_page,
obj-phy-212-page-ta-info-and-scheduler,2053526,PHY-212,page,ta-info-and-scheduler,TA Info & Scheduler: GENERAL PHYSICS WITH CALCULUS (PH_212_400_U2026),https://canvas.oregonstate.edu/courses/2053526/pages/ta-info-and-scheduler?module_item_id=26896940,00334-phy-212-module-item-ta-info-scheduler-general-physics-with-calculus-ph-212-400-u2026,1,2,captured,captured_rendered_page,
obj-phy-212-page-virtual-wormhole-getting-assistance,2053526,PHY-212,page,virtual-wormhole-getting-assistance,Virtual Wormhole - Getting assistance: GENERAL PHYSICS WITH CALCULUS (PH_212_400_U2026),https://canvas.oregonstate.edu/courses/2053526/pages/virtual-wormhole-getting-assistance?module_item_id=26896944,00339-phy-212-module-item-virtual-wormhole-getting-assistance-general-physics-with-calculus-ph-212-400-u2026,1,2,captured,captured_rendered_page,
obj-phy-212-page-where-to-go-for-help,2053526,PHY-212,page,where-to-go-for-help,Where to go for help?: GENERAL PHYSICS WITH CALCULUS (PH_212_400_U2026),https://canvas.oregonstate.edu/courses/2053526/pages/where-to-go-for-help?module_item_id=26896932,00326-phy-212-module-item-where-to-go-for-help-general-physics-with-calculus-ph-212-400-u2026,1,2,captured,captured_rendered_page,
obj-phy-212-page-zoom-info,2053526,PHY-212,page,zoom-info,Zoom info: GENERAL PHYSICS WITH CALCULUS (PH_212_400_U2026),https://canvas.oregonstate.edu/courses/2053526/pages/zoom-info?module_item_id=26896938,00332-phy-212-module-item-zoom-info-general-physics-with-calculus-ph-212-400-u2026,1,2,captured,captured_rendered_page,
obj-phy-212-quiz-3160489,2053526,PHY-212,quiz,3160489,Hw 1 - Rotational Motion: GENERAL PHYSICS WITH CALCULUS (PH_212_400_U2026),https://canvas.oregonstate.edu/courses/2053526/quizzes/3160489,00391-phy-212-assignment-detail-hw-1-rotational-motion-general-physics-with-calculus-ph-212-400-u2026,17,17,captured,captured_rendered_page,
obj-phy-212-quiz-3160444,2053526,PHY-212,quiz,3160444,Hw 2 - Rotational Dynamics: GENERAL PHYSICS WITH CALCULUS (PH_212_400_U2026),https://canvas.oregonstate.edu/courses/2053526/quizzes/3160444,00392-phy-212-assignment-detail-hw-2-rotational-dynamics-general-physics-with-calculus-ph-212-400-u2026,3,3,captured,access_deferred_until_available,access_resolution=expected_access_denied_until_released; The source module page explicitly says items may show Access Denied before they open.
obj-phy-212-quiz-3160479,2053526,PHY-212,quiz,3160479,Lab Collaboration Contract: GENERAL PHYSICS WITH CALCULUS (PH_212_400_U2026),https://canvas.oregonstate.edu/courses/2053526/quizzes/3160479?module_item_id=26942495,00361-phy-212-module-item-lab-collaboration-contract-general-physics-with-calculus-ph-212-400-u2026,3,4,captured,captured_rendered_page,
obj-phy-212-quiz-3160510,2053526,PHY-212,quiz,3160510,Lab Group Check-In Survey (Lab 3): GENERAL PHYSICS WITH CALCULUS (PH_212_400_U2026),https://canvas.oregonstate.edu/courses/2053526/quizzes/3160510?module_item_id=26896973,00367-phy-212-module-item-lab-group-check-in-survey-lab-3-general-physics-with-calculus-ph-212-400-u2026,3,4,captured,captured_rendered_page,
obj-phy-212-quiz-3160466,2053526,PHY-212,quiz,3160466,Lab Group Check-In Survey (Lab 5): GENERAL PHYSICS WITH CALCULUS (PH_212_400_U2026),https://canvas.oregonstate.edu/courses/2053526/quizzes/3160466,00414-phy-212-assignment-detail-lab-group-check-in-survey-lab-5-general-physics-with-calculus-ph-212-400-u2026,1,1,captured,captured_rendered_page,
obj-phy-212-quiz-3160536,2053526,PHY-212,quiz,3160536,Lab Partner Values Survey: GENERAL PHYSICS WITH CALCULUS (PH_212_400_U2026),https://canvas.oregonstate.edu/courses/2053526/quizzes/3160536?module_item_id=26896963,00358-phy-212-module-item-lab-partner-values-survey-general-physics-with-calculus-ph-212-400-u2026,10,11,captured,captured_rendered_page,
obj-phy-212-quiz-3169001,2053526,PHY-212,quiz,3169001,M1-00asy: GENERAL PHYSICS WITH CALCULUS (PH_212_400_U2026),https://canvas.oregonstate.edu/courses/2053526/quizzes/3169001,00374-phy-212-assignment-detail-m1-00asy-general-physics-with-calculus-ph-212-400-u2026,8,8,captured,captured_rendered_page,
obj-phy-212-quiz-3169000,2053526,PHY-212,quiz,3169000,M1-0asy: GENERAL PHYSICS WITH CALCULUS (PH_212_400_U2026),https://canvas.oregonstate.edu/courses/2053526/quizzes/3169000,00372-phy-212-assignment-detail-m1-0asy-general-physics-with-calculus-ph-212-400-u2026,6,6,captured,captured_rendered_page,
obj-phy-212-quiz-3160454,2053526,PHY-212,quiz,3160454,M1-1asy: GENERAL PHYSICS WITH CALCULUS (PH_212_400_U2026),https://canvas.oregonstate.edu/courses/2053526/quizzes/3160454,00376-phy-212-assignment-detail-m1-1asy-general-physics-with-calculus-ph-212-400-u2026,9,9,captured,captured_rendered_page,
obj-phy-212-quiz-3160514,2053526,PHY-212,quiz,3160514,M1-1pre: GENERAL PHYSICS WITH CALCULUS (PH_212_400_U2026),https://canvas.oregonstate.edu/courses/2053526/quizzes/3160514,00385-phy-212-assignment-detail-m1-1pre-general-physics-with-calculus-ph-212-400-u2026,5,5,captured,captured_rendered_page,
obj-phy-212-quiz-3160491,2053526,PHY-212,quiz,3160491,M1-2asy: GENERAL PHYSICS WITH CALCULUS (PH_212_400_U2026),https://canvas.oregonstate.edu/courses/2053526/quizzes/3160491,00378-phy-212-assignment-detail-m1-2asy-general-physics-with-calculus-ph-212-400-u2026,3,3,captured,captured_rendered_page,
obj-phy-212-quiz-3160464,2053526,PHY-212,quiz,3160464,M1-2pre: GENERAL PHYSICS WITH CALCULUS (PH_212_400_U2026),https://canvas.oregonstate.edu/courses/2053526/quizzes/3160464,00386-phy-212-assignment-detail-m1-2pre-general-physics-with-calculus-ph-212-400-u2026,5,5,captured,captured_rendered_page,
obj-phy-212-quiz-3160508,2053526,PHY-212,quiz,3160508,M1-3asy: GENERAL PHYSICS WITH CALCULUS (PH_212_400_U2026),https://canvas.oregonstate.edu/courses/2053526/quizzes/3160508,00380-phy-212-assignment-detail-m1-3asy-general-physics-with-calculus-ph-212-400-u2026,3,3,captured,access_deferred_until_available,access_resolution=expected_access_denied_until_released; The source module page explicitly says items may show Access Denied before they open.
obj-phy-212-quiz-3160475,2053526,PHY-212,quiz,3160475,M1-3pre: GENERAL PHYSICS WITH CALCULUS (PH_212_400_U2026),https://canvas.oregonstate.edu/courses/2053526/quizzes/3160475,00387-phy-212-assignment-detail-m1-3pre-general-physics-with-calculus-ph-212-400-u2026,3,3,captured,captured_rendered_page,
obj-phy-212-quiz-3160457,2053526,PHY-212,quiz,3160457,M1-4asy: GENERAL PHYSICS WITH CALCULUS (PH_212_400_U2026),https://canvas.oregonstate.edu/courses/2053526/quizzes/3160457,00382-phy-212-assignment-detail-m1-4asy-general-physics-with-calculus-ph-212-400-u2026,3,3,captured,access_deferred_until_available,access_resolution=expected_access_denied_until_released; The source module page explicitly says items may show Access Denied before they open.
obj-phy-212-quiz-3160500,2053526,PHY-212,quiz,3160500,M1-4pre: GENERAL PHYSICS WITH CALCULUS (PH_212_400_U2026),https://canvas.oregonstate.edu/courses/2053526/quizzes/3160500,00388-phy-212-assignment-detail-m1-4pre-general-physics-with-calculus-ph-212-400-u2026,3,3,captured,captured_rendered_page,
obj-phy-212-quiz-3160528,2053526,PHY-212,quiz,3160528,M1-5asy: GENERAL PHYSICS WITH CALCULUS (PH_212_400_U2026),https://canvas.oregonstate.edu/courses/2053526/quizzes/3160528,00384-phy-212-assignment-detail-m1-5asy-general-physics-with-calculus-ph-212-400-u2026,2,2,captured,access_deferred_until_available,access_resolution=expected_access_denied_until_released; The source module page explicitly says items may show Access Denied before they open.
obj-phy-212-quiz-3160476,2053526,PHY-212,quiz,3160476,M1-5pre: GENERAL PHYSICS WITH CALCULUS (PH_212_400_U2026),https://canvas.oregonstate.edu/courses/2053526/quizzes/3160476,00389-phy-212-assignment-detail-m1-5pre-general-physics-with-calculus-ph-212-400-u2026,3,3,captured,captured_rendered_page,
obj-phy-212-quiz-3160532,2053526,PHY-212,quiz,3160532,PH 212e Lab Survey: GENERAL PHYSICS WITH CALCULUS (PH_212_400_U2026),https://canvas.oregonstate.edu/courses/2053526/quizzes/3160532,00412-phy-212-assignment-detail-ph-212e-lab-survey-general-physics-with-calculus-ph-212-400-u2026,1,1,captured,captured_rendered_page,
obj-phy-212-quiz-3160506,2053526,PHY-212,quiz,3160506,Proctorio practice quiz (Remotely Proctored): GENERAL PHYSICS WITH CALCULUS (PH_212_400_U2026),https://canvas.oregonstate.edu/courses/2053526/quizzes/3160506?module_item_id=26896961,00356-phy-212-module-item-proctorio-practice-quiz-remotely-proctored-general-physics-with-calculus-ph-212-400-u2026,3,4,captured,captured_rendered_page,
obj-phy-212-quiz-3160453,2053526,PHY-212,quiz,3160453,Quiz 1A_asy (Remotely Proctored),https://canvas.oregonstate.edu/courses/2053526/quizzes/3160453,00595-phy-212-linked-detail-unauthorized,1,1,captured,access_deferred_until_available,access_resolution=expected_access_denied_until_released; The source module page explicitly says items may show Access Denied before they open.
obj-phy-212-quiz-3160535,2053526,PHY-212,quiz,3160535,Unauthorized,https://canvas.oregonstate.edu/courses/2053526/quizzes/3160535,00634-phy-212-linked-detail-unauthorized,1,1,captured,captured_rendered_page,
obj-phy-212-quiz-3160503,2053526,PHY-212,quiz,3160503,Unauthorized,https://canvas.oregonstate.edu/courses/2053526/quizzes/3160503,00636-phy-212-linked-detail-unauthorized,1,1,captured,captured_rendered_page,
