object_id,course_id,course_code,object_type,title,primary_category,classification_labels,importance,actionability,confidence,due_text,available_text,points_text,estimated_time,module_ids,module_titles,module_item_ids,issue_types,evidence_count,reason
obj-mth-252-assignment-10586024,2080857,MTH-252,assignment,Acheive - 2.4 Arc Length of a Curve (NO Surface Area),graded_task,graded_task,high,action_required,high,Aug 17 by 11:59pm,,5,,mod-mth-252-014-module-8-application-of-integration-graphical-and-real-world,Module 8: Application of Integration - Graphical and Real-World,mi-mth-252-26982629,external_tool|redirected,4,assignment object
obj-mth-252-assignment-10586025,2080857,MTH-252,assignment,Achieve - 1.1 Approximating Areas,graded_task,graded_task,high,action_required,high,Jun 29 by 11:59pm,,5,,mod-mth-252-004-module-1-intro-to-riemann-sums-upper-lower-left-right-and-midpoint-riemann-sums,"Module 1: Intro to Riemann Sums: Upper, Lower, Left, Right, and Midpoint Riemann Sums",mi-mth-252-26982551,external_tool|redirected,4,assignment object
obj-mth-252-assignment-10586026,2080857,MTH-252,assignment,Achieve - 1.2 The Definite Integral,graded_task,graded_task,high,action_required,high,Jul 6 by 11:59pm,,5,,mod-mth-252-005-module-2-intro-to-definite-integral-and-properties,Module 2: Intro to Definite Integral and Properties,mi-mth-252-26982560,external_tool|redirected,4,assignment object
obj-mth-252-assignment-10586027,2080857,MTH-252,assignment,Achieve - 1.3 The Fundamental Theorem of Calculus,graded_task,graded_task,high,action_required,high,Jul 13 by 11:59pm,,5,,mod-mth-252-007-module-3-the-fundamental-theorems-of-calculus,Module 3: The Fundamental Theorems of Calculus,mi-mth-252-26982569,external_tool|redirected,4,assignment object
obj-mth-252-assignment-10586028,2080857,MTH-252,assignment,Achieve - 1.4 Integration Formulas and the Net Change Theorem,graded_task,graded_task,high,action_required,high,Jul 20 by 11:59pm,,5,,mod-mth-252-008-module-4-introduction-to-applications,Module 4: Introduction to Applications,mi-mth-252-26982581,external_tool|redirected,4,assignment object
obj-mth-252-assignment-10586029,2080857,MTH-252,assignment,Achieve - 1.5 Substitution,graded_task,graded_task,high,action_required,high,Jul 20 by 11:59pm,,5,,mod-mth-252-008-module-4-introduction-to-applications,Module 4: Introduction to Applications,mi-mth-252-26982582,external_tool|redirected,4,assignment object
obj-mth-252-assignment-10586030,2080857,MTH-252,assignment,Achieve - 1.6 Integrals Involving Exponential and Logarithmic Functions,graded_task,graded_task,high,action_required,high,Jul 20 by 11:59pm,,5,,mod-mth-252-008-module-4-introduction-to-applications,Module 4: Introduction to Applications,mi-mth-252-26982583,external_tool|redirected,4,assignment object
obj-mth-252-assignment-10586031,2080857,MTH-252,assignment,Achieve - 2.1 Areas between Curves,graded_task,graded_task,high,action_required,high,Aug 10 by 11:59pm,,5,,mod-mth-252-013-module-7-applications-of-integration-graphical,Module 7: Applications of Integration - Graphical,mi-mth-252-26982615,external_tool|redirected,4,assignment object
obj-mth-252-assignment-10586032,2080857,MTH-252,assignment,Achieve - 2.2 Volumes by Slicing and Disc/Washer Method,graded_task,graded_task,high,action_required,high,Aug 10 by 11:59pm,,5,,mod-mth-252-013-module-7-applications-of-integration-graphical,Module 7: Applications of Integration - Graphical,mi-mth-252-26982616,external_tool|redirected,4,assignment object
obj-mth-252-assignment-10586033,2080857,MTH-252,assignment,Achieve - 2.3 Volumes of Revolution: Cylindrical Shells,graded_task,graded_task,high,action_required,high,Aug 17 by 11:59pm,,5,,mod-mth-252-014-module-8-application-of-integration-graphical-and-real-world,Module 8: Application of Integration - Graphical and Real-World,mi-mth-252-26982628,external_tool|redirected,4,assignment object
obj-mth-252-assignment-10586034,2080857,MTH-252,assignment,Achieve - 2.5 - 1 Physical Applications,graded_task,graded_task,high,action_required,high,Aug 24 by 11:59pm,,5,,mod-mth-252-016-module-9-applications-of-integration-real-world,Module 9: Applications of Integration - Real-World,mi-mth-252-26982638,external_tool|redirected,4,assignment object
obj-mth-252-assignment-10586036,2080857,MTH-252,assignment,Achieve - 2.5 - 2 Physical Applications,graded_task,graded_task,high,action_required,high,Aug 24 by 11:59pm,,5,,mod-mth-252-016-module-9-applications-of-integration-real-world,Module 9: Applications of Integration - Real-World,mi-mth-252-26982639,external_tool|redirected,4,assignment object
obj-mth-252-assignment-10586037,2080857,MTH-252,assignment,Achieve - 3.1 Integration by Parts,graded_task,graded_task,high,action_required,high,Jul 27 by 11:59pm,,5,,mod-mth-252-010-module-5-techniques-to-solve-integrals,Module 5: Techniques to Solve Integrals,mi-mth-252-26982595,external_tool|redirected,4,assignment object
obj-mth-252-assignment-10586038,2080857,MTH-252,assignment,Achieve - 3.2 Trigonometric Integrals,graded_task,graded_task,high,action_required,high,Jul 27 by 11:59pm,,5,,mod-mth-252-010-module-5-techniques-to-solve-integrals,Module 5: Techniques to Solve Integrals,mi-mth-252-26982596,external_tool|redirected,4,assignment object
obj-mth-252-assignment-10586039,2080857,MTH-252,assignment,Achieve - 3.3 Trigonometric Substitution,graded_task,graded_task,high,action_required,high,Aug 3 by 11:59pm,,5,,mod-mth-252-011-module-6-techniques-continued,Module 6: Techniques Continued,mi-mth-252-26982605,external_tool|redirected,4,assignment object
obj-mth-252-assignment-10586040,2080857,MTH-252,assignment,Achieve - 3.4 Partial Fractions,graded_task,graded_task,high,action_required,high,Aug 3 by 11:59pm,,5,,mod-mth-252-011-module-6-techniques-continued,Module 6: Techniques Continued,mi-mth-252-26982606,external_tool|redirected,4,assignment object
obj-mth-252-assignment-10586041,2080857,MTH-252,assignment,Achieve - 3.7 Improper Integrals,graded_task,graded_task,high,action_required,high,Aug 31 by 11:59pm,,5,,mod-mth-252-017-module-10-applications-of-integration-real-world,Module 10: Applications of Integration - Real World,mi-mth-252-26982648,external_tool|redirected,4,assignment object
obj-mth-252-assignment-10586042,2080857,MTH-252,assignment,Achieve - 4.10 Antiderivatives,graded_task,graded_task,high,action_required,high,Jul 13 by 11:59pm,,5,,mod-mth-252-007-module-3-the-fundamental-theorems-of-calculus,Module 3: The Fundamental Theorems of Calculus,mi-mth-252-26982570,external_tool|redirected,4,assignment object
obj-mth-252-assignment-10586043,2080857,MTH-252,assignment,Final Mini-Exam 5 --> Monday to Wednesday,graded_task,graded_task,high,action_required,high,Sep 2 by 11:59pm,,5,,mod-mth-252-018-final-exam-available-monday-wednesday-of-week-11,Final Exam: Available Monday - Wednesday of week 11,mi-mth-252-26982652,redirected,4,assignment object
obj-mth-252-assignment-10586044,2080857,MTH-252,assignment,Intro Reflect 1,graded_task,graded_task,high,action_required,high,Jun 29 by 11:59pm,,5,,mod-mth-252-004-module-1-intro-to-riemann-sums-upper-lower-left-right-and-midpoint-riemann-sums,"Module 1: Intro to Riemann Sums: Upper, Lower, Left, Right, and Midpoint Riemann Sums",mi-mth-252-26982550,external_tool|redirected,4,assignment object
obj-mth-252-assignment-10586046,2080857,MTH-252,assignment,Mini-Exam 1 - Retake,graded_task,graded_task,high,action_required,high,Sep 2 by 11:59pm,,5,,mod-mth-252-018-final-exam-available-monday-wednesday-of-week-11,Final Exam: Available Monday - Wednesday of week 11,mi-mth-252-26982653,redirected,4,assignment object
obj-mth-252-assignment-10586045,2080857,MTH-252,assignment,Mini-Exam 1 - Tues - Thur --> No Calculators,graded_task,graded_task,high,action_required,high,Jul 9 by 11:59pm,,5,,mod-mth-252-006-mini-exam-1-available-tuesday-thursday-of-week-3,Mini-Exam 1: Available Tuesday - Thursday of Week 3,mi-mth-252-26982562,redirected,4,assignment object
obj-mth-252-assignment-10586047,2080857,MTH-252,assignment,Mini-Exam 2 - Retake,graded_task,graded_task|critical_setup|prep_reading,high,action_required,high,Sep 2 by 11:59pm,,5,,mod-mth-252-018-final-exam-available-monday-wednesday-of-week-11,Final Exam: Available Monday - Wednesday of week 11,mi-mth-252-26982654,external_tool|redirected,4,assignment object|critical setup title/text signal|prep/reading title/text signal
obj-mth-252-assignment-10586048,2080857,MTH-252,assignment,Mini-Exam 2 --> No Calculators on this Exam,graded_task,graded_task,high,action_required,high,Jul 23 by 11:59pm,,5,,mod-mth-252-009-mini-exam-2-available-tuesday-thursday-of-week-5,Mini-Exam 2: Available Tuesday - Thursday of Week 5,mi-mth-252-26982585,redirected,4,assignment object
obj-mth-252-assignment-10586049,2080857,MTH-252,assignment,Mini-Exam 3 - Retake,graded_task,graded_task|critical_setup|prep_reading,high,action_required,high,Sep 2 by 11:59pm,,5,,mod-mth-252-018-final-exam-available-monday-wednesday-of-week-11,Final Exam: Available Monday - Wednesday of week 11,mi-mth-252-26982655,external_tool|redirected,4,assignment object|critical setup title/text signal|prep/reading title/text signal
obj-mth-252-assignment-10586050,2080857,MTH-252,assignment,Mini-Exam 3 --> Tuesday to Thursday,graded_task,graded_task,high,action_required,high,Aug 6 by 11:59pm,,5,,mod-mth-252-012-mini-exam-3-available-tuesday-thursday-of-week-7,Mini-Exam 3: Available Tuesday - Thursday of Week 7,mi-mth-252-26982607,redirected,4,assignment object
obj-mth-252-assignment-10586051,2080857,MTH-252,assignment,Mini-Exam 4 - Retake,graded_task,graded_task|critical_setup|prep_reading,high,action_required,high,Sep 2 by 11:59pm,,5,,mod-mth-252-018-final-exam-available-monday-wednesday-of-week-11,Final Exam: Available Monday - Wednesday of week 11,mi-mth-252-26982656,external_tool|redirected,4,assignment object|critical setup title/text signal|prep/reading title/text signal
obj-mth-252-assignment-10586052,2080857,MTH-252,assignment,Mini-Exam 4 --> Tuesday to Thursday,graded_task,graded_task,high,action_required,high,Aug 20 by 11:59pm,,5,,mod-mth-252-015-mini-exam-4-available-tuesday-thursday-of-week-9,Mini-Exam 4: Available Tuesday - Thursday of Week 9,mi-mth-252-26982630,redirected,4,assignment object
obj-mth-252-assignment-10586053,2080857,MTH-252,assignment,Module 1 — Written Homework (WHW 1) 🕓 2 hours,graded_task,graded_task|critical_setup|prep_reading|lecture_video,high,action_required,high,Jun 29 by 11:59pm,,5,2 hours,mod-mth-252-004-module-1-intro-to-riemann-sums-upper-lower-left-right-and-midpoint-riemann-sums,"Module 1: Intro to Riemann Sums: Upper, Lower, Left, Right, and Midpoint Riemann Sums",mi-mth-252-26982549,external_tool|redirected,4,assignment object|critical setup title/text signal|prep/reading title/text signal|video title/link signal
obj-mth-252-assignment-10586054,2080857,MTH-252,assignment,Module 10 — Written Homework (WHW 10) 🕓 3 hours,graded_task,graded_task,high,action_required,high,Aug 31 by 11:59pm,,5,3 hours,mod-mth-252-017-module-10-applications-of-integration-real-world,Module 10: Applications of Integration - Real World,mi-mth-252-26982649,redirected,4,assignment object
obj-mth-252-assignment-10586055,2080857,MTH-252,assignment,Module 2 — Written Homework (WHW 2) 🕓 3 hours,graded_task,graded_task,high,action_required,high,Jul 6 by 11:59pm,,5,3 hours,mod-mth-252-005-module-2-intro-to-definite-integral-and-properties,Module 2: Intro to Definite Integral and Properties,mi-mth-252-26982558,redirected,4,assignment object
obj-mth-252-assignment-10586056,2080857,MTH-252,assignment,Module 3 — Written Homework (WHW 3) 🕓 3 hours,graded_task,graded_task,high,action_required,high,Jul 13 by 11:59pm,,5,3 hours,mod-mth-252-007-module-3-the-fundamental-theorems-of-calculus,Module 3: The Fundamental Theorems of Calculus,mi-mth-252-26982568,redirected,4,assignment object
obj-mth-252-assignment-10586057,2080857,MTH-252,assignment,Module 4 — Written Homework (WHW 4) 🕓 3 hours,graded_task,graded_task,high,action_required,high,Jul 20 by 11:59pm,,1.5,3 hours,mod-mth-252-008-module-4-introduction-to-applications,Module 4: Introduction to Applications,mi-mth-252-26982580,redirected,4,assignment object
obj-mth-252-assignment-10586058,2080857,MTH-252,assignment,Module 5 — Written Homework (WHW 5) 🕓 3 hours,graded_task,graded_task,high,action_required,high,Jul 27 by 11:59pm,,1.5,3 hours,mod-mth-252-010-module-5-techniques-to-solve-integrals,Module 5: Techniques to Solve Integrals,mi-mth-252-26982594,redirected,4,assignment object
obj-mth-252-assignment-10586059,2080857,MTH-252,assignment,Module 6 — Written Homework (WHW 6) 🕓 3 hours,graded_task,graded_task,high,action_required,high,Aug 3 by 11:59pm,,5,3 hours,mod-mth-252-011-module-6-techniques-continued,Module 6: Techniques Continued,mi-mth-252-26982603,redirected,4,assignment object
obj-mth-252-assignment-10586060,2080857,MTH-252,assignment,Module 7 — Written Homework (WHW 7) 🕓 3 hours,graded_task,graded_task,high,action_required,high,Aug 10 by 11:59pm,,5,3 hours,mod-mth-252-013-module-7-applications-of-integration-graphical,Module 7: Applications of Integration - Graphical,mi-mth-252-26982617,redirected,4,assignment object
obj-mth-252-assignment-10586061,2080857,MTH-252,assignment,Module 8 — Written Homework (WHW 8) 🕓 3 hours,graded_task,graded_task,high,action_required,high,Aug 17 by 11:59pm,,5,3 hours,mod-mth-252-014-module-8-application-of-integration-graphical-and-real-world,Module 8: Application of Integration - Graphical and Real-World,mi-mth-252-26982626,redirected,4,assignment object
obj-mth-252-assignment-10586062,2080857,MTH-252,assignment,Module 9 — Written Homework (WHW 9) 🕓 3 hours,graded_task,graded_task,high,action_required,high,Aug 24 by 11:59pm,,5,3 hours,mod-mth-252-016-module-9-applications-of-integration-real-world,Module 9: Applications of Integration - Real-World,mi-mth-252-26982636,redirected,4,assignment object
obj-mth-252-assignment-10586063,2080857,MTH-252,assignment,Reflection 2,graded_task,graded_task,high,action_required,high,Jul 6 by 11:59pm,,5,,mod-mth-252-005-module-2-intro-to-definite-integral-and-properties,Module 2: Intro to Definite Integral and Properties,mi-mth-252-26982559,external_tool|redirected,4,assignment object
obj-mth-252-assignment-10586064,2080857,MTH-252,assignment,Reflection 3,graded_task,graded_task,high,action_required,high,Aug 31 by 11:59pm,,5,,mod-mth-252-017-module-10-applications-of-integration-real-world,Module 10: Applications of Integration - Real World,mi-mth-252-26982647,external_tool|redirected,4,assignment object
obj-mth-252-assignment-syllabus,2080857,MTH-252,assignment,Syllabus for INTEGRAL CALCULUS (MTH_252Z_400_U2026),graded_task,graded_task|critical_setup,high,action_required,high,,,,,,,,,1,assignment object|critical setup title/text signal
obj-mth-252-course-page-https-canvas-oregonstate-edu-courses-2080857-announcements,2080857,MTH-252,course_page,Announcements: INTEGRAL CALCULUS (MTH_252Z_400_U2026),reference,course_navigation_surface,low,reference_only,high,,,,,,,,,1,course navigation/index surface
obj-mth-252-course-page-https-canvas-oregonstate-edu-courses-2080857,2080857,MTH-252,course_page,INTEGRAL CALCULUS (MTH_252Z_400_U2026),reference,course_navigation_surface|critical_setup|prep_reading,low,reference_only,high,,,,,,,,redirected,3,course navigation/index surface|critical setup title/text signal|prep/reading title/text signal
obj-mth-252-discussion-11593475,2080857,MTH-252,discussion,Topic: Module 1 — Discussion Reflection: WHW 1 🕓 0.25 hour,graded_task,graded_task,high,action_required,high,,,,0.25 hour,mod-mth-252-004-module-1-intro-to-riemann-sums-upper-lower-left-right-and-midpoint-riemann-sums,"Module 1: Intro to Riemann Sums: Upper, Lower, Left, Right, and Midpoint Riemann Sums",mi-mth-252-26982552,redirected,2,task-like discussion object
obj-mth-252-discussion-11593474,2080857,MTH-252,discussion,Topic: Module 2 — Discussion Reflection 🕓 0.5 hour,graded_task,graded_task,high,action_required,high,Jul 7 at 12:59am,,,0.5 hour,mod-mth-252-005-module-2-intro-to-definite-integral-and-properties,Module 2: Intro to Definite Integral and Properties,mi-mth-252-26982561,redirected,2,task-like discussion object
obj-mth-252-discussion-11593473,2080857,MTH-252,discussion,Topic: Module 3 — Discussion Reflection: Mini-Exam 1 🕓 0.5 hour,graded_task,graded_task,high,action_required,high,,,,0.5 hour,mod-mth-252-007-module-3-the-fundamental-theorems-of-calculus,Module 3: The Fundamental Theorems of Calculus,mi-mth-252-26982571,redirected,3,task-like discussion object
obj-mth-252-discussion-11593472,2080857,MTH-252,discussion,Topic: Module 4 — Discussion Reflection: WHW 4 🕓 0.5 hour,graded_task,graded_task,high,action_required,high,Jul 21 at 11:59pm,,,0.5 hour,mod-mth-252-008-module-4-introduction-to-applications,Module 4: Introduction to Applications,mi-mth-252-26982584,redirected,3,task-like discussion object
obj-mth-252-discussion-11593471,2080857,MTH-252,discussion,Topic: Module 5 — Discussion Reflection: Mini-Exam 2 🕓 0.5 hour,graded_task,graded_task,high,action_required,high,Jul 24 at 11:59pm,,,0.5 hour,mod-mth-252-010-module-5-techniques-to-solve-integrals,Module 5: Techniques to Solve Integrals,mi-mth-252-26982593,redirected,3,task-like discussion object
obj-mth-252-discussion-11593470,2080857,MTH-252,discussion,Topic: Module 6 — Discussion Reflection: WHW 6 🕓 0.5 hour,graded_task,graded_task,high,action_required,high,Aug 4 at 11:59pm,,,0.5 hour,mod-mth-252-011-module-6-techniques-continued,Module 6: Techniques Continued,mi-mth-252-26982604,redirected,3,task-like discussion object
obj-mth-252-discussion-11593469,2080857,MTH-252,discussion,Topic: Module 7 — Discussion Reflection: Mini-Exam 3 🕓 0.5 hour,graded_task,graded_task,high,action_required,high,Aug 7 at 11:59pm,,,0.5 hour,mod-mth-252-013-module-7-applications-of-integration-graphical,Module 7: Applications of Integration - Graphical,mi-mth-252-26982618,redirected,3,task-like discussion object
obj-mth-252-discussion-11593468,2080857,MTH-252,discussion,Topic: Module 8 — Discussion Reflection: WHW 8 🕓 0.5 hour,graded_task,graded_task,high,action_required,high,,,,0.5 hour,mod-mth-252-014-module-8-application-of-integration-graphical-and-real-world,Module 8: Application of Integration - Graphical and Real-World,mi-mth-252-26982627,redirected,3,task-like discussion object
obj-mth-252-discussion-11593467,2080857,MTH-252,discussion,Topic: Module 9 — Discussion Reflection: Final and Exam Prep 🕓 0.5 hour,graded_task,graded_task,high,action_required,high,Aug 25 at 11:59pm,,,0.5 hour,mod-mth-252-016-module-9-applications-of-integration-real-world,Module 9: Applications of Integration - Real-World,mi-mth-252-26982637,redirected,3,task-like discussion object
obj-mth-252-discussion-11601246,2080857,MTH-252,discussion,Topic: Q & A link --> in Start Here module,reference,reference,low,reference_only,medium,,,,,,,,,1,default retained reference
obj-mth-252-discussion-11593476,2080857,MTH-252,discussion,Topic: Q&A Discussion,graded_task,graded_task,high,action_required,high,,,,,mod-mth-252-001-start-here,Start Here,mi-mth-252-26982539,redirected,3,task-like discussion object
obj-mth-252-discussions-https-canvas-oregonstate-edu-courses-2080857-discussion-topics,2080857,MTH-252,discussions,Discussions: INTEGRAL CALCULUS (MTH_252Z_400_U2026),reference,course_navigation_surface|prep_reading,low,reference_only,high,Jul 14,Jul 10,,0.5 hour,,,,,1,course navigation/index surface|prep/reading title/text signal
obj-mth-252-download-119223553,2080857,MTH-252,download,252-Lecture-1.1-to-ME1.pdf,file_reference,file_reference|download_indexed_not_read,low,review_needed,low,,,,,,,,,4,download object|download link not parsed
obj-mth-252-download-119223594,2080857,MTH-252,download,252-Lecture-1.3-to-ME2.pdf,file_reference,file_reference|download_indexed_not_read,low,review_needed,low,,,,,,,,,4,download object|download link not parsed
obj-mth-252-download-119223597,2080857,MTH-252,download,252-Lecture-2.1-to-ME4.pdf,file_reference,file_reference|download_indexed_not_read,low,review_needed,low,,,,,,,,,4,download object|download link not parsed
obj-mth-252-download-119223617,2080857,MTH-252,download,"252-Lecture-2.5-to-ME5 pages 5 - 8, 13 - 17, 19, 20-1-1.pdf",file_reference,file_reference|download_indexed_not_read,low,review_needed,low,,,,,,,,,2,download object|download link not parsed
obj-mth-252-download-119223598,2080857,MTH-252,download,252-Lecture-2.5-to-ME5.pdf,file_reference,file_reference|download_indexed_not_read,low,review_needed,low,,,,,,,,,4,download object|download link not parsed
obj-mth-252-download-119223561,2080857,MTH-252,download,252-Lecture-3.1-to-ME3.pdf,file_reference,file_reference|download_indexed_not_read,low,review_needed,low,,,,,,,,,4,download object|download link not parsed
obj-mth-252-download-119223565,2080857,MTH-252,download,Achieve Registration Process_v3.pdf,critical_setup,critical_setup|file_reference|download_indexed_not_read,high,action_required,high,,,,,,,,,2,critical setup title/text signal|download object|download link not parsed
obj-mth-252-download-119223618,2080857,MTH-252,download,Download,file_reference,file_reference|download_indexed_not_read,low,review_needed,low,,,,,,,,,3,download object|download link not parsed
obj-mth-252-download-119223455,2080857,MTH-252,download,Download,file_reference,file_reference|download_indexed_not_read,low,review_needed,low,,,,,,,,,3,download object|download link not parsed
obj-mth-252-download-119223623,2080857,MTH-252,download,Download,file_reference,file_reference|download_indexed_not_read,low,review_needed,low,,,,,,,,,3,download object|download link not parsed
obj-mth-252-download-119223452,2080857,MTH-252,download,Download,file_reference,file_reference|download_indexed_not_read,low,review_needed,low,,,,,,,,,3,download object|download link not parsed
obj-mth-252-download-99187575,2080857,MTH-252,download,IVP-Wksht1.pdf,file_reference,file_reference|download_indexed_not_read,low,review_needed,low,,,,,,,,,2,download object|download link not parsed
obj-mth-252-download-99187581,2080857,MTH-252,download,IVP-Wksht2.pdf,file_reference,file_reference|download_indexed_not_read,low,review_needed,low,,,,,,,,,2,download object|download link not parsed
obj-mth-252-download-119223466,2080857,MTH-252,download,Lecture-2.3-2.4.pdf,file_reference,file_reference|download_indexed_not_read,low,review_needed,low,,,,,,,,,2,download object|download link not parsed
obj-mth-252-download-119223595,2080857,MTH-252,download,Lecture-3.1-3.2.pdf,file_reference,file_reference|download_indexed_not_read,low,review_needed,low,,,,,,,,,2,download object|download link not parsed
obj-mth-252-download-119223484,2080857,MTH-252,download,MLC Hours.pdf,file_reference,file_reference|download_indexed_not_read,low,review_needed,low,,,,,,,,,2,download object|download link not parsed
obj-mth-252-download-119246076,2080857,MTH-252,download,MTH 252Z-400 Syllabus U26 Gilliam.pdf,critical_setup,critical_setup|file_reference|download_indexed_not_read,high,action_required,high,,,,,,,,,2,critical setup title/text signal|download object|download link not parsed
obj-mth-252-download-119246078,2080857,MTH-252,download,MTH 252Z-401 Syllabus U26 Gilliam.pdf,critical_setup,critical_setup|file_reference|download_indexed_not_read,high,action_required,high,,,,,,,,,2,critical setup title/text signal|download object|download link not parsed
obj-mth-252-download-119246095,2080857,MTH-252,download,MTH-252-Online-Course-Calendar.pdf,critical_setup,critical_setup|file_reference|download_indexed_not_read,high,action_required,high,,,,,,,,,2,critical setup title/text signal|download object|download link not parsed
obj-mth-252-external-url-26982660,2080857,MTH-252,external_url,Application: Area under curve: Distance Links to an external site.,external_tool,external_tool,low,review_needed,low,,,,,mod-mth-252-020-1-1-approximating-area-under-the-curve,1.1 Approximating Area Under the Curve,mi-mth-252-26982660,,1,external surface
obj-mth-252-external-url-26982662,2080857,MTH-252,external_url,"Application: Area under the graph, table Links to an external site.",external_tool,external_tool,low,review_needed,low,,,,,mod-mth-252-020-1-1-approximating-area-under-the-curve,1.1 Approximating Area Under the Curve,mi-mth-252-26982662,,1,external surface
obj-mth-252-external-url-26982696,2080857,MTH-252,external_url,Application: Average value of investment Links to an external site.,external_tool,external_tool,low,review_needed,low,,,,,mod-mth-252-023-1-3-continued-working-with-integrals,1.3 - Continued: Working with Integrals,mi-mth-252-26982696,,1,external surface
obj-mth-252-external-url-26982680,2080857,MTH-252,external_url,Area Accumulation Graph Analysis (OpenStax Specific) Links to an external site.,prep_reading,prep_reading|external_tool,medium,prep_required,low,,,,,mod-mth-252-022-1-3-fundamental-theorem-of-calculus-i-ii-antiderivatives,1.3 Fundamental Theorem of Calculus I & II / Antiderivatives,mi-mth-252-26982680,,1,prep/reading title/text signal|external surface
obj-mth-252-external-url-26982661,2080857,MTH-252,external_url,"Area under curve, more rectangles Links to an external site.",external_tool,external_tool,low,review_needed,low,,,,,mod-mth-252-020-1-1-approximating-area-under-the-curve,1.1 Approximating Area Under the Curve,mi-mth-252-26982661,,1,external surface
obj-mth-252-external-url-26982663,2080857,MTH-252,external_url,Area under curve: Left Sum Links to an external site.,external_tool,external_tool,low,review_needed,low,,,,,mod-mth-252-020-1-1-approximating-area-under-the-curve,1.1 Approximating Area Under the Curve,mi-mth-252-26982663,,1,external surface
obj-mth-252-external-url-26982664,2080857,MTH-252,external_url,Area under curve: Right Sum Links to an external site.,external_tool,external_tool,low,review_needed,low,,,,,mod-mth-252-020-1-1-approximating-area-under-the-curve,1.1 Approximating Area Under the Curve,mi-mth-252-26982664,,1,external surface
obj-mth-252-external-url-26982700,2080857,MTH-252,external_url,"Area under the curve: Interpretation, velocity Links to an external site.",external_tool,external_tool,low,review_needed,low,,,,,mod-mth-252-024-1-4-integration-formulas-and-net-change,1.4 Integration Formulas and Net Change,mi-mth-252-26982700,,1,external surface
obj-mth-252-external-url-26982695,2080857,MTH-252,external_url,Average temperature Links to an external site.,external_tool,external_tool,low,review_needed,low,,,,,mod-mth-252-023-1-3-continued-working-with-integrals,1.3 - Continued: Working with Integrals,mi-mth-252-26982695,,1,external surface
obj-mth-252-external-url-26982692,2080857,MTH-252,external_url,Average value of a function Links to an external site.,external_tool,external_tool,low,review_needed,low,,,,,mod-mth-252-023-1-3-continued-working-with-integrals,1.3 - Continued: Working with Integrals,mi-mth-252-26982692,,1,external surface
obj-mth-252-external-url-26982694,2080857,MTH-252,external_url,Average value of f continued Links to an external site.,external_tool,external_tool,low,review_needed,low,,,,,mod-mth-252-023-1-3-continued-working-with-integrals,1.3 - Continued: Working with Integrals,mi-mth-252-26982694,,1,external surface
obj-mth-252-external-url-26982693,2080857,MTH-252,external_url,Average Value: Find C Value(s) (Alta Specific) Links to an external site.,external_tool,external_tool,low,review_needed,low,,,,,mod-mth-252-023-1-3-continued-working-with-integrals,1.3 - Continued: Working with Integrals,mi-mth-252-26982693,,1,external surface
obj-mth-252-external-url-26982672,2080857,MTH-252,external_url,Convert Riemann sum to integrals Links to an external site.,external_tool,external_tool,low,review_needed,low,,,,,mod-mth-252-021-1-2-definite-integrals,1.2 Definite Integrals,mi-mth-252-26982672,,1,external surface
obj-mth-252-external-url-26982677,2080857,MTH-252,external_url,Definite integral: Constant*function Links to an external site.,external_tool,external_tool,low,review_needed,low,,,,,mod-mth-252-021-1-2-definite-integrals,1.2 Definite Integrals,mi-mth-252-26982677,,1,external surface
obj-mth-252-external-url-26982676,2080857,MTH-252,external_url,Definite integral: Function plus constant Links to an external site.,external_tool,external_tool,low,review_needed,low,,,,,mod-mth-252-021-1-2-definite-integrals,1.2 Definite Integrals,mi-mth-252-26982676,,1,external surface
obj-mth-252-external-url-26982675,2080857,MTH-252,external_url,Definite integral: Intro and application Links to an external site.,external_tool,external_tool,low,review_needed,low,,,,,mod-mth-252-021-1-2-definite-integrals,1.2 Definite Integrals,mi-mth-252-26982675,,1,external surface
obj-mth-252-external-url-26982673,2080857,MTH-252,external_url,Definite integral: Properties continued Links to an external site.,external_tool,external_tool,low,review_needed,low,,,,,mod-mth-252-021-1-2-definite-integrals,1.2 Definite Integrals,mi-mth-252-26982673,,1,external surface
obj-mth-252-external-url-26982671,2080857,MTH-252,external_url,Definite integral: Setting up the integral Links to an external site.,external_tool,external_tool,low,review_needed,low,,,,,mod-mth-252-021-1-2-definite-integrals,1.2 Definite Integrals,mi-mth-252-26982671,,1,external surface
obj-mth-252-external-url-26982678,2080857,MTH-252,external_url,Definite integral: Trig Links to an external site.,external_tool,external_tool,low,review_needed,low,,,,,mod-mth-252-021-1-2-definite-integrals,1.2 Definite Integrals,mi-mth-252-26982678,,1,external surface
obj-mth-252-external-url-26982670,2080857,MTH-252,external_url,Definite integral: Using geometry Links to an external site.,external_tool,external_tool,low,review_needed,low,,,,,mod-mth-252-021-1-2-definite-integrals,1.2 Definite Integrals,mi-mth-252-26982670,,1,external surface
obj-mth-252-external-url-26982674,2080857,MTH-252,external_url,Definite integrals: Properties Links to an external site.,external_tool,external_tool,low,review_needed,low,,,,,mod-mth-252-021-1-2-definite-integrals,1.2 Definite Integrals,mi-mth-252-26982674,,1,external surface
obj-mth-252-external-url-26982717,2080857,MTH-252,external_url,Example problems: Exponentials Links to an external site.,external_tool,external_tool,low,review_needed,low,,,,,mod-mth-252-026-1-6-exponentials-and-logarithms,1.6 Exponentials and Logarithms,mi-mth-252-26982717,,1,external surface
obj-mth-252-external-url-26982690,2080857,MTH-252,external_url,Find antiderivative 2 Links to an external site.,external_tool,external_tool,low,review_needed,low,,,,,mod-mth-252-022-1-3-fundamental-theorem-of-calculus-i-ii-antiderivatives,1.3 Fundamental Theorem of Calculus I & II / Antiderivatives,mi-mth-252-26982690,,1,external surface
obj-mth-252-external-url-26982691,2080857,MTH-252,external_url,Find antiderivative 3 Links to an external site.,external_tool,external_tool,low,review_needed,low,,,,,mod-mth-252-022-1-3-fundamental-theorem-of-calculus-i-ii-antiderivatives,1.3 Fundamental Theorem of Calculus I & II / Antiderivatives,mi-mth-252-26982691,,1,external surface
obj-mth-252-external-url-26982683,2080857,MTH-252,external_url,FToC: Example Links to an external site.,external_tool,external_tool,low,review_needed,low,,,,,mod-mth-252-022-1-3-fundamental-theorem-of-calculus-i-ii-antiderivatives,1.3 Fundamental Theorem of Calculus I & II / Antiderivatives,mi-mth-252-26982683,,1,external surface
obj-mth-252-external-url-26982686,2080857,MTH-252,external_url,FToC: Example using area Links to an external site.,external_tool,external_tool,low,review_needed,low,,,,,mod-mth-252-022-1-3-fundamental-theorem-of-calculus-i-ii-antiderivatives,1.3 Fundamental Theorem of Calculus I & II / Antiderivatives,mi-mth-252-26982686,,1,external surface
obj-mth-252-external-url-26982684,2080857,MTH-252,external_url,FToC: Polynomial example Links to an external site.,external_tool,external_tool,low,review_needed,low,,,,,mod-mth-252-022-1-3-fundamental-theorem-of-calculus-i-ii-antiderivatives,1.3 Fundamental Theorem of Calculus I & II / Antiderivatives,mi-mth-252-26982684,,1,external surface
obj-mth-252-external-url-26982682,2080857,MTH-252,external_url,FToC: Setup and solve Links to an external site.,external_tool,external_tool,low,review_needed,low,,,,,mod-mth-252-022-1-3-fundamental-theorem-of-calculus-i-ii-antiderivatives,1.3 Fundamental Theorem of Calculus I & II / Antiderivatives,mi-mth-252-26982682,,1,external surface
obj-mth-252-external-url-26982685,2080857,MTH-252,external_url,FToC: Trig example Links to an external site.,external_tool,external_tool,low,review_needed,low,,,,,mod-mth-252-022-1-3-fundamental-theorem-of-calculus-i-ii-antiderivatives,1.3 Fundamental Theorem of Calculus I & II / Antiderivatives,mi-mth-252-26982685,,1,external surface
obj-mth-252-external-url-26982679,2080857,MTH-252,external_url,Fundamental Theorem of Calc (FToC): Area function Links to an external site.,external_tool,external_tool,low,review_needed,low,,,,,mod-mth-252-022-1-3-fundamental-theorem-of-calculus-i-ii-antiderivatives,1.3 Fundamental Theorem of Calculus I & II / Antiderivatives,mi-mth-252-26982679,,1,external surface
obj-mth-252-external-url-26982681,2080857,MTH-252,external_url,Fundamental Theorem of Calc (FToC): Definite integrals Links to an external site.,external_tool,external_tool,low,review_needed,low,,,,,mod-mth-252-022-1-3-fundamental-theorem-of-calculus-i-ii-antiderivatives,1.3 Fundamental Theorem of Calculus I & II / Antiderivatives,mi-mth-252-26982681,,1,external surface
obj-mth-252-external-url-26982702,2080857,MTH-252,external_url,Future value Links to an external site.,external_tool,external_tool,low,review_needed,low,,,,,mod-mth-252-024-1-4-integration-formulas-and-net-change,1.4 Integration Formulas and Net Change,mi-mth-252-26982702,,1,external surface
obj-mth-252-external-url-26982718,2080857,MTH-252,external_url,Integrating exponentials: example 2 Links to an external site.,external_tool,external_tool,low,review_needed,low,,,,,mod-mth-252-026-1-6-exponentials-and-logarithms,1.6 Exponentials and Logarithms,mi-mth-252-26982718,,1,external surface
obj-mth-252-external-url-26982719,2080857,MTH-252,external_url,Integrating exponentials: Example 3 Links to an external site.,external_tool,external_tool,low,review_needed,low,,,,,mod-mth-252-026-1-6-exponentials-and-logarithms,1.6 Exponentials and Logarithms,mi-mth-252-26982719,,1,external surface
obj-mth-252-external-url-26982720,2080857,MTH-252,external_url,Integrating Natural Log (Alta Specific) Links to an external site.,external_tool,external_tool,low,review_needed,low,,,,,mod-mth-252-026-1-6-exponentials-and-logarithms,1.6 Exponentials and Logarithms,mi-mth-252-26982720,,1,external surface
obj-mth-252-external-url-26982704,2080857,MTH-252,external_url,Integration: Odd/Even function continued Links to an external site.,external_tool,external_tool,low,review_needed,low,,,,,mod-mth-252-024-1-4-integration-formulas-and-net-change,1.4 Integration Formulas and Net Change,mi-mth-252-26982704,,1,external surface
obj-mth-252-external-url-26982703,2080857,MTH-252,external_url,Integration: Odd/Even functions Links to an external site.,external_tool,external_tool,low,review_needed,low,,,,,mod-mth-252-024-1-4-integration-formulas-and-net-change,1.4 Integration Formulas and Net Change,mi-mth-252-26982703,,1,external surface
obj-mth-252-external-url-26982669,2080857,MTH-252,external_url,Intro: Definite Integral Links to an external site.,external_tool,external_tool,low,review_needed,low,,,,,mod-mth-252-021-1-2-definite-integrals,1.2 Definite Integrals,mi-mth-252-26982669,,1,external surface
obj-mth-252-external-url-26982697,2080857,MTH-252,external_url,Intro: Net change theorem Links to an external site.,external_tool,external_tool,low,review_needed,low,,,,,mod-mth-252-024-1-4-integration-formulas-and-net-change,1.4 Integration Formulas and Net Change,mi-mth-252-26982697,,1,external surface
obj-mth-252-external-url-26982721,2080857,MTH-252,external_url,Intro. Integration by Parts Links to an external site.,external_tool,external_tool,low,review_needed,low,,,,,mod-mth-252-027-3-1-integration-by-parts,3.1 Integration by Parts,mi-mth-252-26982721,,1,external surface
obj-mth-252-external-url-26982722,2080857,MTH-252,external_url,Intro. Integration by Parts: Definite integral Links to an external site.,external_tool,external_tool,low,review_needed,low,,,,,mod-mth-252-027-3-1-integration-by-parts,3.1 Integration by Parts,mi-mth-252-26982722,,1,external surface
obj-mth-252-external-url-26982706,2080857,MTH-252,external_url,Intro. Substitution continued Links to an external site.,external_tool,external_tool,low,review_needed,low,,,,,mod-mth-252-025-1-5-substitution-u-sub,1.5 Substitution (u-sub),mi-mth-252-26982706,,1,external surface
obj-mth-252-external-url-26982705,2080857,MTH-252,external_url,Intro. Substitution Links to an external site.,external_tool,external_tool,low,review_needed,low,,,,,mod-mth-252-025-1-5-substitution-u-sub,1.5 Substitution (u-sub),mi-mth-252-26982705,,1,external surface
obj-mth-252-external-url-26982665,2080857,MTH-252,external_url,Midpoint rule 1 Links to an external site.,external_tool,external_tool,low,review_needed,low,,,,,mod-mth-252-020-1-1-approximating-area-under-the-curve,1.1 Approximating Area Under the Curve,mi-mth-252-26982665,,1,external surface
obj-mth-252-external-url-26982666,2080857,MTH-252,external_url,Midpoint rule 2 Links to an external site.,external_tool,external_tool,low,review_needed,low,,,,,mod-mth-252-020-1-1-approximating-area-under-the-curve,1.1 Approximating Area Under the Curve,mi-mth-252-26982666,,1,external surface
obj-mth-252-external-url-26982667,2080857,MTH-252,external_url,Midpoint rule with table Links to an external site.,external_tool,external_tool,low,review_needed,low,,,,,mod-mth-252-020-1-1-approximating-area-under-the-curve,1.1 Approximating Area Under the Curve,mi-mth-252-26982667,,1,external surface
obj-mth-252-external-url-26982698,2080857,MTH-252,external_url,Net change in population Links to an external site.,external_tool,external_tool,low,review_needed,low,,,,,mod-mth-252-024-1-4-integration-formulas-and-net-change,1.4 Integration Formulas and Net Change,mi-mth-252-26982698,,1,external surface
obj-mth-252-external-url-26982699,2080857,MTH-252,external_url,Net Displacement at Time t (Alta Specific) Links to an external site.,external_tool,external_tool,low,review_needed,low,,,,,mod-mth-252-024-1-4-integration-formulas-and-net-change,1.4 Integration Formulas and Net Change,mi-mth-252-26982699,,1,external surface
obj-mth-252-external-url-26982668,2080857,MTH-252,external_url,Riemann sums: Right Sum Links to an external site.,external_tool,external_tool,low,review_needed,low,,,,,mod-mth-252-021-1-2-definite-integrals,1.2 Definite Integrals,mi-mth-252-26982668,,1,external surface
obj-mth-252-external-url-26982715,2080857,MTH-252,external_url,Substitution example: Composed exponential with trig Links to an external site.,external_tool,external_tool,low,review_needed,low,,,,,mod-mth-252-025-1-5-substitution-u-sub,1.5 Substitution (u-sub),mi-mth-252-26982715,,1,external surface
obj-mth-252-external-url-26982709,2080857,MTH-252,external_url,Substitution example: Exponential Links to an external site.,external_tool,external_tool,low,review_needed,low,,,,,mod-mth-252-025-1-5-substitution-u-sub,1.5 Substitution (u-sub),mi-mth-252-26982709,,1,external surface
obj-mth-252-external-url-26982713,2080857,MTH-252,external_url,Substitution example: Logarithms Links to an external site.,external_tool,external_tool,low,review_needed,low,,,,,mod-mth-252-025-1-5-substitution-u-sub,1.5 Substitution (u-sub),mi-mth-252-26982713,,1,external surface
obj-mth-252-external-url-26982708,2080857,MTH-252,external_url,Substitution example: Rational function Links to an external site.,external_tool,external_tool,low,review_needed,low,,,,,mod-mth-252-025-1-5-substitution-u-sub,1.5 Substitution (u-sub),mi-mth-252-26982708,,1,external surface
obj-mth-252-external-url-26982714,2080857,MTH-252,external_url,Substitution example: Rational function with logs Links to an external site.,external_tool,external_tool,low,review_needed,low,,,,,mod-mth-252-025-1-5-substitution-u-sub,1.5 Substitution (u-sub),mi-mth-252-26982714,,1,external surface
obj-mth-252-external-url-26982710,2080857,MTH-252,external_url,Substitution example: Trig Links to an external site.,external_tool,external_tool,low,review_needed,low,,,,,mod-mth-252-025-1-5-substitution-u-sub,1.5 Substitution (u-sub),mi-mth-252-26982710,,1,external surface
obj-mth-252-external-url-26982707,2080857,MTH-252,external_url,Substitution with definite integrals Links to an external site.,external_tool,external_tool,low,review_needed,low,,,,,mod-mth-252-025-1-5-substitution-u-sub,1.5 Substitution (u-sub),mi-mth-252-26982707,,1,external surface
obj-mth-252-external-url-26982716,2080857,MTH-252,external_url,Substitution with indefinite integral Links to an external site.,external_tool,external_tool,low,review_needed,low,,,,,mod-mth-252-025-1-5-substitution-u-sub,1.5 Substitution (u-sub),mi-mth-252-26982716,,1,external surface
obj-mth-252-external-url-26982711,2080857,MTH-252,external_url,Substitution: Inverse trig example 1 Links to an external site.,external_tool,external_tool,low,review_needed,low,,,,,mod-mth-252-025-1-5-substitution-u-sub,1.5 Substitution (u-sub),mi-mth-252-26982711,,1,external surface
obj-mth-252-external-url-26982712,2080857,MTH-252,external_url,Substitution: Inverse trig example 2 Links to an external site.,external_tool,external_tool,low,review_needed,low,,,,,mod-mth-252-025-1-5-substitution-u-sub,1.5 Substitution (u-sub),mi-mth-252-26982712,,1,external surface
obj-mth-252-external-url-26982689,2080857,MTH-252,external_url,The antiderivative (trig) Links to an external site.,external_tool,external_tool,low,review_needed,low,,,,,mod-mth-252-022-1-3-fundamental-theorem-of-calculus-i-ii-antiderivatives,1.3 Fundamental Theorem of Calculus I & II / Antiderivatives,mi-mth-252-26982689,,1,external surface
obj-mth-252-external-url-26982687,2080857,MTH-252,external_url,The antiderivative 1 Links to an external site.,external_tool,external_tool,low,review_needed,low,,,,,mod-mth-252-022-1-3-fundamental-theorem-of-calculus-i-ii-antiderivatives,1.3 Fundamental Theorem of Calculus I & II / Antiderivatives,mi-mth-252-26982687,,1,external surface
obj-mth-252-external-url-26982688,2080857,MTH-252,external_url,The antiderivative 2 Links to an external site.,external_tool,external_tool,low,review_needed,low,,,,,mod-mth-252-022-1-3-fundamental-theorem-of-calculus-i-ii-antiderivatives,1.3 Fundamental Theorem of Calculus I & II / Antiderivatives,mi-mth-252-26982688,,1,external surface
obj-mth-252-external-url-26982701,2080857,MTH-252,external_url,Velocity example 1 Links to an external site.,external_tool,external_tool,low,review_needed,low,,,,,mod-mth-252-024-1-4-integration-formulas-and-net-change,1.4 Integration Formulas and Net Change,mi-mth-252-26982701,,1,external surface
obj-mth-252-file-119223553,2080857,MTH-252,file,252-Lecture-1.1-to-ME1.pdf: INTEGRAL CALCULUS (MTH_252Z_400_U2026),prep_reading,prep_reading|file_reference,medium,prep_required,medium,,,,,mod-mth-252-004-module-1-intro-to-riemann-sums-upper-lower-left-right-and-midpoint-riemann-sums|mod-mth-252-005-module-2-intro-to-definite-integral-and-properties,"Module 1: Intro to Riemann Sums: Upper, Lower, Left, Right, and Midpoint Riemann Sums|Module 2: Intro to Definite Integral and Properties",mi-mth-252-26982546|mi-mth-252-26982555,redirected,6,prep/reading title/text signal|file object
obj-mth-252-file-119223594,2080857,MTH-252,file,252-Lecture-1.3-to-ME2.pdf: INTEGRAL CALCULUS (MTH_252Z_400_U2026),prep_reading,prep_reading|file_reference,medium,prep_required,medium,,,,,mod-mth-252-007-module-3-the-fundamental-theorems-of-calculus|mod-mth-252-008-module-4-introduction-to-applications,Module 3: The Fundamental Theorems of Calculus|Module 4: Introduction to Applications,mi-mth-252-26982565|mi-mth-252-26982574,redirected,6,prep/reading title/text signal|file object
obj-mth-252-file-119223597,2080857,MTH-252,file,252-Lecture-2.1-to-ME4.pdf: INTEGRAL CALCULUS (MTH_252Z_400_U2026),prep_reading,prep_reading|file_reference,medium,prep_required,medium,,,,,mod-mth-252-013-module-7-applications-of-integration-graphical|mod-mth-252-014-module-8-application-of-integration-graphical-and-real-world,Module 7: Applications of Integration - Graphical|Module 8: Application of Integration - Graphical and Real-World,mi-mth-252-26982610|mi-mth-252-26982621,redirected,6,prep/reading title/text signal|file object
obj-mth-252-file-119223617,2080857,MTH-252,file,"252-Lecture-2.5-to-ME5 pages 5 - 8, 13 - 17, 19, 20-1-1.pdf: INTEGRAL CALCULUS (MTH_252Z_400_U2026)",file_reference,file_reference,low,reference_only,medium,,,,,,,,,1,file object
obj-mth-252-file-119223618,2080857,MTH-252,file,"252-Lecture-2.5-to-ME5 pages 5 - 8, 13 - 17, 19, 20-1-2.pdf: INTEGRAL CALCULUS (MTH_252Z_400_U2026)",file_reference,file_reference,low,reference_only,medium,,,,,,,,,1,file object
obj-mth-252-file-119223598,2080857,MTH-252,file,252-Lecture-2.5-to-ME5.pdf: INTEGRAL CALCULUS (MTH_252Z_400_U2026),prep_reading,prep_reading|file_reference,medium,prep_required,medium,,,,,mod-mth-252-016-module-9-applications-of-integration-real-world|mod-mth-252-017-module-10-applications-of-integration-real-world,Module 9: Applications of Integration - Real-World|Module 10: Applications of Integration - Real World,mi-mth-252-26982633|mi-mth-252-26982644,redirected,6,prep/reading title/text signal|file object
obj-mth-252-file-119223561,2080857,MTH-252,file,252-Lecture-3.1-to-ME3.pdf: INTEGRAL CALCULUS (MTH_252Z_400_U2026),prep_reading,prep_reading|file_reference,medium,prep_required,medium,,,,,mod-mth-252-010-module-5-techniques-to-solve-integrals|mod-mth-252-011-module-6-techniques-continued,Module 5: Techniques to Solve Integrals|Module 6: Techniques Continued,mi-mth-252-26982588|mi-mth-252-26982599,redirected,6,prep/reading title/text signal|file object
obj-mth-252-file-119223565,2080857,MTH-252,file,Achieve Registration Process_v3.pdf: INTEGRAL CALCULUS (MTH_252Z_400_U2026),critical_setup,critical_setup|file_reference,high,action_required,high,,,,,mod-mth-252-001-start-here,Start Here,mi-mth-252-26982524,redirected,3,critical setup title/text signal|file object
obj-mth-252-file-119223466,2080857,MTH-252,file,Lecture-2.3-2.4.pdf: INTEGRAL CALCULUS (MTH_252Z_400_U2026),prep_reading,prep_reading|file_reference,medium,prep_required,medium,,,,,mod-mth-252-014-module-8-application-of-integration-graphical-and-real-world,Module 8: Application of Integration - Graphical and Real-World,mi-mth-252-26982622,redirected,3,prep/reading title/text signal|file object
obj-mth-252-file-119223595,2080857,MTH-252,file,Lecture-3.1-3.2.pdf: INTEGRAL CALCULUS (MTH_252Z_400_U2026),prep_reading,prep_reading|file_reference,medium,prep_required,medium,,,,,mod-mth-252-010-module-5-techniques-to-solve-integrals,Module 5: Techniques to Solve Integrals,mi-mth-252-26982590,redirected,3,prep/reading title/text signal|file object
obj-mth-252-file-119223455,2080857,MTH-252,file,ME2-Retake-Template.pdf: INTEGRAL CALCULUS (MTH_252Z_400_U2026),file_reference,file_reference,low,reference_only,medium,,,,,,,,,1,file object
obj-mth-252-file-119223623,2080857,MTH-252,file,ME3-Retake-Template.pdf: INTEGRAL CALCULUS (MTH_252Z_400_U2026),file_reference,file_reference,low,reference_only,medium,,,,,,,,,1,file object
obj-mth-252-file-119223452,2080857,MTH-252,file,ME4-Retake-Template.pdf: INTEGRAL CALCULUS (MTH_252Z_400_U2026),file_reference,file_reference,low,reference_only,medium,,,,,,,,,1,file object
obj-mth-252-file-119223484,2080857,MTH-252,file,MLC Hours.pdf: INTEGRAL CALCULUS (MTH_252Z_400_U2026),file_reference,file_reference,low,reference_only,medium,,,,,mod-mth-252-002-tutoring-support-and-course-resources,Tutoring Support and Course Resources,mi-mth-252-26982536,redirected,3,file object
obj-mth-252-file-119246076,2080857,MTH-252,file,MTH 252Z-400 Syllabus U26 Gilliam.pdf: INTEGRAL CALCULUS (MTH_252Z_400_U2026),critical_setup,critical_setup|file_reference,high,action_required,high,,,,,,,,,1,critical setup title/text signal|file object
obj-mth-252-file-119246078,2080857,MTH-252,file,MTH 252Z-401 Syllabus U26 Gilliam.pdf: INTEGRAL CALCULUS (MTH_252Z_400_U2026),critical_setup,critical_setup|file_reference,high,action_required,high,,,,,,,,,1,critical setup title/text signal|file object
obj-mth-252-file-119246095,2080857,MTH-252,file,MTH-252-Online-Course-Calendar.pdf: INTEGRAL CALCULUS (MTH_252Z_400_U2026),critical_setup,critical_setup|file_reference,high,action_required,high,,,,,,,,,1,critical setup title/text signal|file object
obj-mth-252-grades-https-canvas-oregonstate-edu-courses-2080857-grades,2080857,MTH-252,grades,Grades for Jacob Peterson: INTEGRAL CALCULUS (MTH_252Z_400_U2026),reference,course_navigation_surface|prep_reading,low,reference_only,high,Jun 29 by 11:59pm,,100,2 hours,,,,,1,course navigation/index surface|prep/reading title/text signal
obj-mth-252-module-item-26982773,2080857,MTH-252,module_item,Arc length 1,lecture_video,lecture_video,medium,prep_required,medium,,,,,mod-mth-252-034-2-4-arc-length,2.4 Arc Length,mi-mth-252-26982773,,2,video title/link signal
obj-mth-252-module-item-26982774,2080857,MTH-252,module_item,Arc length 1 continued,lecture_video,lecture_video,medium,prep_required,medium,,,,,mod-mth-252-034-2-4-arc-length,2.4 Arc Length,mi-mth-252-26982774,,2,video title/link signal
obj-mth-252-module-item-26982775,2080857,MTH-252,module_item,Arc length 2,lecture_video,lecture_video,medium,prep_required,medium,,,,,mod-mth-252-034-2-4-arc-length,2.4 Arc Length,mi-mth-252-26982775,,2,video title/link signal
obj-mth-252-module-item-26982776,2080857,MTH-252,module_item,Arc length 3,lecture_video,lecture_video,medium,prep_required,medium,,,,,mod-mth-252-034-2-4-arc-length,2.4 Arc Length,mi-mth-252-26982776,,2,video title/link signal
obj-mth-252-module-item-26982777,2080857,MTH-252,module_item,Arc length 4,lecture_video,lecture_video,medium,prep_required,medium,,,,,mod-mth-252-034-2-4-arc-length,2.4 Arc Length,mi-mth-252-26982777,,2,video title/link signal
obj-mth-252-module-item-26982758,2080857,MTH-252,module_item,"Area between curves , respect to y",lecture_video,lecture_video,medium,prep_required,medium,,,,,mod-mth-252-031-2-1areas-between-curves,2.1Areas Between Curves,mi-mth-252-26982758,,2,video title/link signal
obj-mth-252-module-item-26982755,2080857,MTH-252,module_item,Area between curves 2,lecture_video,lecture_video,medium,prep_required,medium,,,,,mod-mth-252-031-2-1areas-between-curves,2.1Areas Between Curves,mi-mth-252-26982755,,2,video title/link signal
obj-mth-252-module-item-26982756,2080857,MTH-252,module_item,Area between curves 3,lecture_video,lecture_video,medium,prep_required,medium,,,,,mod-mth-252-031-2-1areas-between-curves,2.1Areas Between Curves,mi-mth-252-26982756,,2,video title/link signal
obj-mth-252-module-item-26982757,2080857,MTH-252,module_item,Area between curves 4,lecture_video,lecture_video,medium,prep_required,medium,,,,,mod-mth-252-031-2-1areas-between-curves,2.1Areas Between Curves,mi-mth-252-26982757,,2,video title/link signal
obj-mth-252-module-item-26982659,2080857,MTH-252,module_item,Area under curve: Rectangles,lecture_video,lecture_video,medium,prep_required,medium,,,,,mod-mth-252-020-1-1-approximating-area-under-the-curve,1.1 Approximating Area Under the Curve,mi-mth-252-26982659,,2,video title/link signal
obj-mth-252-module-item-26982538,2080857,MTH-252,module_item,CamScanner: Making ONE pdf with multiple pages,critical_setup,critical_setup|lecture_video,high,action_required,high,,,,,mod-mth-252-002-tutoring-support-and-course-resources,Tutoring Support and Course Resources,mi-mth-252-26982538,,2,critical setup title/text signal|video title/link signal
obj-mth-252-module-item-26982764,2080857,MTH-252,module_item,Disc method around y=1,lecture_video,lecture_video,medium,prep_required,medium,,,,,mod-mth-252-032-2-2-volume-by-slicing,2.2 Volume by Slicing,mi-mth-252-26982764,,2,video title/link signal
obj-mth-252-module-item-26982761,2080857,MTH-252,module_item,Disk method 1,lecture_video,lecture_video,medium,prep_required,medium,,,,,mod-mth-252-032-2-2-volume-by-slicing,2.2 Volume by Slicing,mi-mth-252-26982761,,2,video title/link signal
obj-mth-252-module-item-26982762,2080857,MTH-252,module_item,Disk method 2,lecture_video,lecture_video,medium,prep_required,medium,,,,,mod-mth-252-032-2-2-volume-by-slicing,2.2 Volume by Slicing,mi-mth-252-26982762,,2,video title/link signal
obj-mth-252-module-item-26982763,2080857,MTH-252,module_item,Disk method 3,lecture_video,lecture_video,medium,prep_required,medium,,,,,mod-mth-252-032-2-2-volume-by-slicing,2.2 Volume by Slicing,mi-mth-252-26982763,,2,video title/link signal
obj-mth-252-module-item-26982530,2080857,MTH-252,module_item,Gradescope Submission Using Computer (no audio),critical_setup,required_ungraded_task|critical_setup,high,action_required,high,,,,,mod-mth-252-001-start-here,Start Here,mi-mth-252-26982530,external_tool,2,module requirement marker|critical setup title/text signal
obj-mth-252-module-item-26982529,2080857,MTH-252,module_item,Gradescope Submission Using Phone (no audio),critical_setup,required_ungraded_task|critical_setup,high,action_required,high,,,,,mod-mth-252-001-start-here,Start Here,mi-mth-252-26982529,external_tool,2,module requirement marker|critical setup title/text signal
obj-mth-252-module-item-26982785,2080857,MTH-252,module_item,Hydrostatic force: Horizontal plate,lecture_video,lecture_video,medium,prep_required,medium,,,,,mod-mth-252-035-2-5-physical-applications,2.5 Physical Applications,mi-mth-252-26982785,,2,video title/link signal
obj-mth-252-module-item-26982787,2080857,MTH-252,module_item,Hydrostatic force: Semicircle window,lecture_video,lecture_video,medium,prep_required,medium,,,,,mod-mth-252-035-2-5-physical-applications,2.5 Physical Applications,mi-mth-252-26982787,,2,video title/link signal
obj-mth-252-module-item-26982786,2080857,MTH-252,module_item,Hydrostatic force: Vertical isosceles triangle,lecture_video,lecture_video,medium,prep_required,medium,,,,,mod-mth-252-035-2-5-physical-applications,2.5 Physical Applications,mi-mth-252-26982786,,2,video title/link signal
obj-mth-252-module-item-26982790,2080857,MTH-252,module_item,"Improper integral 3, exponential integrand",lecture_video,lecture_video,medium,prep_required,medium,,,,,mod-mth-252-036-3-7-improper-integrals,3.7 Improper Integrals,mi-mth-252-26982790,,2,video title/link signal
obj-mth-252-module-item-26982791,2080857,MTH-252,module_item,"Improper integral 4, rational integrand",lecture_video,lecture_video,medium,prep_required,medium,,,,,mod-mth-252-036-3-7-improper-integrals,3.7 Improper Integrals,mi-mth-252-26982791,,2,video title/link signal
obj-mth-252-module-item-26982792,2080857,MTH-252,module_item,"Improper integral 5, rational integrand",lecture_video,lecture_video,medium,prep_required,medium,,,,,mod-mth-252-036-3-7-improper-integrals,3.7 Improper Integrals,mi-mth-252-26982792,,2,video title/link signal
obj-mth-252-module-item-26982793,2080857,MTH-252,module_item,Improper integral: +infinity to -infinity,lecture_video,lecture_video,medium,prep_required,medium,,,,,mod-mth-252-036-3-7-improper-integrals,3.7 Improper Integrals,mi-mth-252-26982793,,2,video title/link signal
obj-mth-252-module-item-26982794,2080857,MTH-252,module_item,Improper integral: Discontinuous integrand 1,lecture_video,lecture_video,medium,prep_required,medium,,,,,mod-mth-252-036-3-7-improper-integrals,3.7 Improper Integrals,mi-mth-252-26982794,,2,video title/link signal
obj-mth-252-module-item-26982795,2080857,MTH-252,module_item,Improper integral: Discontinuous integrand 2,lecture_video,lecture_video,medium,prep_required,medium,,,,,mod-mth-252-036-3-7-improper-integrals,3.7 Improper Integrals,mi-mth-252-26982795,,2,video title/link signal
obj-mth-252-module-item-26982789,2080857,MTH-252,module_item,"Improper integrals 2, exponential integrand",lecture_video,lecture_video,medium,prep_required,medium,,,,,mod-mth-252-036-3-7-improper-integrals,3.7 Improper Integrals,mi-mth-252-26982789,,2,video title/link signal
obj-mth-252-module-item-26982725,2080857,MTH-252,module_item,Indefinite integral: Example 2,lecture_video,lecture_video,medium,prep_required,medium,,,,,mod-mth-252-027-3-1-integration-by-parts,3.1 Integration by Parts,mi-mth-252-26982725,,2,video title/link signal
obj-mth-252-module-item-26982726,2080857,MTH-252,module_item,Indefinite integral: Example 3,lecture_video,lecture_video,medium,prep_required,medium,,,,,mod-mth-252-027-3-1-integration-by-parts,3.1 Integration by Parts,mi-mth-252-26982726,,2,video title/link signal
obj-mth-252-module-item-26982727,2080857,MTH-252,module_item,"Indefinite integral: Example 4, exponential",lecture_video,lecture_video,medium,prep_required,medium,,,,,mod-mth-252-027-3-1-integration-by-parts,3.1 Integration by Parts,mi-mth-252-26982727,,2,video title/link signal
obj-mth-252-module-item-26982731,2080857,MTH-252,module_item,"Indefinite integral: Exponential and trig, IBP twice and solve",lecture_video,lecture_video,medium,prep_required,medium,,,,,mod-mth-252-027-3-1-integration-by-parts,3.1 Integration by Parts,mi-mth-252-26982731,,2,video title/link signal
obj-mth-252-module-item-26982730,2080857,MTH-252,module_item,"Indefinite integral: Exponential, IBP twice",lecture_video,lecture_video,medium,prep_required,medium,,,,,mod-mth-252-027-3-1-integration-by-parts,3.1 Integration by Parts,mi-mth-252-26982730,external_tool,2,video title/link signal
obj-mth-252-module-item-26982728,2080857,MTH-252,module_item,Indefinite integral: log,lecture_video,lecture_video,medium,prep_required,medium,,,,,mod-mth-252-027-3-1-integration-by-parts,3.1 Integration by Parts,mi-mth-252-26982728,,2,video title/link signal
obj-mth-252-module-item-26982729,2080857,MTH-252,module_item,Indefinite integral: Trig times linear,lecture_video,lecture_video,medium,prep_required,medium,,,,,mod-mth-252-027-3-1-integration-by-parts,3.1 Integration by Parts,mi-mth-252-26982729,,2,video title/link signal
obj-mth-252-module-item-26982747,2080857,MTH-252,module_item,Integration using long division,lecture_video,lecture_video,medium,prep_required,medium,,,,,mod-mth-252-030-3-4-partial-fraction-decomposition-pfd,3.4 Partial Fraction Decomposition (PFD),mi-mth-252-26982747,,2,video title/link signal
obj-mth-252-module-item-26982753,2080857,MTH-252,module_item,Integration with long division,lecture_video,lecture_video,medium,prep_required,medium,,,,,mod-mth-252-030-3-4-partial-fraction-decomposition-pfd,3.4 Partial Fraction Decomposition (PFD),mi-mth-252-26982753,,2,video title/link signal
obj-mth-252-module-item-26982752,2080857,MTH-252,module_item,Integration with PFD,lecture_video,lecture_video,medium,prep_required,medium,,,,,mod-mth-252-030-3-4-partial-fraction-decomposition-pfd,3.4 Partial Fraction Decomposition (PFD),mi-mth-252-26982752,,2,video title/link signal
obj-mth-252-module-item-26982754,2080857,MTH-252,module_item,Intro. Area between curves,lecture_video,lecture_video,medium,prep_required,medium,,,,,mod-mth-252-031-2-1areas-between-curves,2.1Areas Between Curves,mi-mth-252-26982754,,2,video title/link signal
obj-mth-252-module-item-26982788,2080857,MTH-252,module_item,Intro. Improper integrals,lecture_video,lecture_video,medium,prep_required,medium,,,,,mod-mth-252-036-3-7-improper-integrals,3.7 Improper Integrals,mi-mth-252-26982788,,2,video title/link signal
obj-mth-252-module-item-26982723,2080857,MTH-252,module_item,Intro. indefinite integral continued,lecture_video,lecture_video,medium,prep_required,medium,,,,,mod-mth-252-027-3-1-integration-by-parts,3.1 Integration by Parts,mi-mth-252-26982723,,2,video title/link signal
obj-mth-252-module-item-26982724,2080857,MTH-252,module_item,Intro. Integration by Parts example 1,lecture_video,lecture_video,medium,prep_required,medium,,,,,mod-mth-252-027-3-1-integration-by-parts,3.1 Integration by Parts,mi-mth-252-26982724,,2,video title/link signal
obj-mth-252-module-item-26982751,2080857,MTH-252,module_item,Intro. Integration with PFD,lecture_video,lecture_video,medium,prep_required,medium,,,,,mod-mth-252-030-3-4-partial-fraction-decomposition-pfd,3.4 Partial Fraction Decomposition (PFD),mi-mth-252-26982751,,2,video title/link signal
obj-mth-252-module-item-26982748,2080857,MTH-252,module_item,Intro. Partial fraction decomposition (PFD),lecture_video,lecture_video,medium,prep_required,medium,,,,,mod-mth-252-030-3-4-partial-fraction-decomposition-pfd,3.4 Partial Fraction Decomposition (PFD),mi-mth-252-26982748,,2,video title/link signal
obj-mth-252-module-item-26982768,2080857,MTH-252,module_item,Intro. shell method,lecture_video,lecture_video,medium,prep_required,medium,,,,,mod-mth-252-033-2-3-volumes-of-revolution-shell-method,2.3 Volumes of Revolution: Shell Method,mi-mth-252-26982768,,2,video title/link signal
obj-mth-252-module-item-26982739,2080857,MTH-252,module_item,Intro. Trig substitution 1,lecture_video,lecture_video,medium,prep_required,medium,,,,,mod-mth-252-029-3-3-trigonometric-substitution,3.3 Trigonometric Substitution,mi-mth-252-26982739,,2,video title/link signal
obj-mth-252-module-item-26982741,2080857,MTH-252,module_item,Intro. Trig substitution 2,lecture_video,lecture_video,medium,prep_required,medium,,,,,mod-mth-252-029-3-3-trigonometric-substitution,3.3 Trigonometric Substitution,mi-mth-252-26982741,,2,video title/link signal
obj-mth-252-module-item-26982732,2080857,MTH-252,module_item,Intro. Trigonometric integrals with an ODD power,lecture_video,lecture_video,medium,prep_required,medium,,,,,mod-mth-252-028-3-2-trigonometric-integrals,3.2 Trigonometric Integrals,mi-mth-252-26982732,,2,video title/link signal
obj-mth-252-module-item-26982740,2080857,MTH-252,module_item,Intro. Trigonometric Substitution continued,lecture_video,lecture_video,medium,prep_required,medium,,,,,mod-mth-252-029-3-3-trigonometric-substitution,3.3 Trigonometric Substitution,mi-mth-252-26982740,,2,video title/link signal
obj-mth-252-module-item-26982759,2080857,MTH-252,module_item,Intro. volume by slicing,lecture_video,lecture_video,medium,prep_required,medium,,,,,mod-mth-252-032-2-2-volume-by-slicing,2.2 Volume by Slicing,mi-mth-252-26982759,,2,video title/link signal
obj-mth-252-module-item-26982526,2080857,MTH-252,module_item,OpenStax Course Online Textbook (pdf downloadable),prep_reading,prep_reading,medium,prep_required,medium,,,,,mod-mth-252-001-start-here,Start Here,mi-mth-252-26982526,,2,prep/reading title/text signal
obj-mth-252-module-item-26982750,2080857,MTH-252,module_item,PFD degree 2/3,lecture_video,lecture_video,medium,prep_required,medium,,,,,mod-mth-252-030-3-4-partial-fraction-decomposition-pfd,3.4 Partial Fraction Decomposition (PFD),mi-mth-252-26982750,,2,video title/link signal
obj-mth-252-module-item-26982749,2080857,MTH-252,module_item,PFD example 2,lecture_video,lecture_video,medium,prep_required,medium,,,,,mod-mth-252-030-3-4-partial-fraction-decomposition-pfd,3.4 Partial Fraction Decomposition (PFD),mi-mth-252-26982749,,2,video title/link signal
obj-mth-252-module-item-26982540,2080857,MTH-252,module_item,Review (Optional) - 3.3 Differentiation Rules,reference,reference,low,reference_only,medium,,,,,mod-mth-252-003-mth-251-review-optional,MTH 251 Review **Optional**,mi-mth-252-26982540,external_tool,2,default retained reference
obj-mth-252-module-item-26982541,2080857,MTH-252,module_item,Review (Optional) - 3.5 Derivatives of Trigonometric Functions,reference,reference,low,reference_only,medium,,,,,mod-mth-252-003-mth-251-review-optional,MTH 251 Review **Optional**,mi-mth-252-26982541,external_tool,2,default retained reference
obj-mth-252-module-item-26982542,2080857,MTH-252,module_item,Review (Optional) - 3.6 The Chain Rule,reference,reference,low,reference_only,medium,,,,,mod-mth-252-003-mth-251-review-optional,MTH 251 Review **Optional**,mi-mth-252-26982542,external_tool,2,default retained reference
obj-mth-252-module-item-26982543,2080857,MTH-252,module_item,Review (Optional) - 3.9 Derivatives of Exponential and Logarithmic Functions,reference,reference,low,reference_only,medium,,,,,mod-mth-252-003-mth-251-review-optional,MTH 251 Review **Optional**,mi-mth-252-26982543,external_tool,2,default retained reference
obj-mth-252-module-item-26982769,2080857,MTH-252,module_item,Shell method 2,lecture_video,lecture_video,medium,prep_required,medium,,,,,mod-mth-252-033-2-3-volumes-of-revolution-shell-method,2.3 Volumes of Revolution: Shell Method,mi-mth-252-26982769,,2,video title/link signal
obj-mth-252-module-item-26982770,2080857,MTH-252,module_item,Shell method 3,lecture_video,lecture_video,medium,prep_required,medium,,,,,mod-mth-252-033-2-3-volumes-of-revolution-shell-method,2.3 Volumes of Revolution: Shell Method,mi-mth-252-26982770,,2,video title/link signal
obj-mth-252-module-item-26982771,2080857,MTH-252,module_item,Shell method 4 around y-axis,lecture_video,lecture_video,medium,prep_required,medium,,,,,mod-mth-252-033-2-3-volumes-of-revolution-shell-method,2.3 Volumes of Revolution: Shell Method,mi-mth-252-26982771,,2,video title/link signal
obj-mth-252-module-item-26982772,2080857,MTH-252,module_item,Shell method around x=4,lecture_video,lecture_video,medium,prep_required,medium,,,,,mod-mth-252-033-2-3-volumes-of-revolution-shell-method,2.3 Volumes of Revolution: Shell Method,mi-mth-252-26982772,,2,video title/link signal
obj-mth-252-module-item-26982735,2080857,MTH-252,module_item,Trig integral involving secant,lecture_video,lecture_video,medium,prep_required,medium,,,,,mod-mth-252-028-3-2-trigonometric-integrals,3.2 Trigonometric Integrals,mi-mth-252-26982735,,2,video title/link signal
obj-mth-252-module-item-26982738,2080857,MTH-252,module_item,Trig Integrals: All EVEN exponents,lecture_video,lecture_video,medium,prep_required,medium,,,,,mod-mth-252-028-3-2-trigonometric-integrals,3.2 Trigonometric Integrals,mi-mth-252-26982738,,2,video title/link signal
obj-mth-252-module-item-26982733,2080857,MTH-252,module_item,Trig Integrals: Example 2 with ODD power,lecture_video,lecture_video,medium,prep_required,medium,,,,,mod-mth-252-028-3-2-trigonometric-integrals,3.2 Trigonometric Integrals,mi-mth-252-26982733,,2,video title/link signal
obj-mth-252-module-item-26982734,2080857,MTH-252,module_item,Trig Integrals: Example 3 with ODD power,lecture_video,lecture_video,medium,prep_required,medium,,,,,mod-mth-252-028-3-2-trigonometric-integrals,3.2 Trigonometric Integrals,mi-mth-252-26982734,,2,video title/link signal
obj-mth-252-module-item-26982736,2080857,MTH-252,module_item,Trig Integrals: ODD power of tangent,lecture_video,lecture_video,medium,prep_required,medium,,,,,mod-mth-252-028-3-2-trigonometric-integrals,3.2 Trigonometric Integrals,mi-mth-252-26982736,,2,video title/link signal
obj-mth-252-module-item-26982737,2080857,MTH-252,module_item,Trig Integrals: Power reducing example 1,lecture_video,lecture_video,medium,prep_required,medium,,,,,mod-mth-252-028-3-2-trigonometric-integrals,3.2 Trigonometric Integrals,mi-mth-252-26982737,,2,video title/link signal
obj-mth-252-module-item-26982742,2080857,MTH-252,module_item,Trig substitution example 3,lecture_video,lecture_video,medium,prep_required,medium,,,,,mod-mth-252-029-3-3-trigonometric-substitution,3.3 Trigonometric Substitution,mi-mth-252-26982742,,2,video title/link signal
obj-mth-252-module-item-26982743,2080857,MTH-252,module_item,Trig substitution example 4,lecture_video,lecture_video,medium,prep_required,medium,,,,,mod-mth-252-029-3-3-trigonometric-substitution,3.3 Trigonometric Substitution,mi-mth-252-26982743,,2,video title/link signal
obj-mth-252-module-item-26982744,2080857,MTH-252,module_item,Trig substitution example 5,lecture_video,lecture_video,medium,prep_required,medium,,,,,mod-mth-252-029-3-3-trigonometric-substitution,3.3 Trigonometric Substitution,mi-mth-252-26982744,,2,video title/link signal
obj-mth-252-module-item-26982746,2080857,MTH-252,module_item,Trig substitution with definite integral,lecture_video,lecture_video,medium,prep_required,medium,,,,,mod-mth-252-029-3-3-trigonometric-substitution,3.3 Trigonometric Substitution,mi-mth-252-26982746,,2,video title/link signal
obj-mth-252-module-item-26982745,2080857,MTH-252,module_item,Trig substitution with secant,lecture_video,lecture_video,medium,prep_required,medium,,,,,mod-mth-252-029-3-3-trigonometric-substitution,3.3 Trigonometric Substitution,mi-mth-252-26982745,,2,video title/link signal
obj-mth-252-module-item-26982658,2080857,MTH-252,module_item,"Upper, Lower, Left, and Right Sums",lecture_video,lecture_video,medium,prep_required,medium,,,,,mod-mth-252-020-1-1-approximating-area-under-the-curve,1.1 Approximating Area Under the Curve,mi-mth-252-26982658,,2,video title/link signal
obj-mth-252-module-item-26982760,2080857,MTH-252,module_item,Volume by slicing 2,lecture_video,lecture_video,medium,prep_required,medium,,,,,mod-mth-252-032-2-2-volume-by-slicing,2.2 Volume by Slicing,mi-mth-252-26982760,,2,video title/link signal
obj-mth-252-module-item-26982765,2080857,MTH-252,module_item,Washer method 1,lecture_video,lecture_video,medium,prep_required,medium,,,,,mod-mth-252-032-2-2-volume-by-slicing,2.2 Volume by Slicing,mi-mth-252-26982765,,2,video title/link signal
obj-mth-252-module-item-26982766,2080857,MTH-252,module_item,"Washer method 2, around y=3",lecture_video,lecture_video,medium,prep_required,medium,,,,,mod-mth-252-032-2-2-volume-by-slicing,2.2 Volume by Slicing,mi-mth-252-26982766,,2,video title/link signal
obj-mth-252-module-item-26982767,2080857,MTH-252,module_item,"Washer method 3, around x=5",lecture_video,lecture_video,medium,prep_required,medium,,,,,mod-mth-252-032-2-2-volume-by-slicing,2.2 Volume by Slicing,mi-mth-252-26982767,,2,video title/link signal
obj-mth-252-module-item-26982535,2080857,MTH-252,module_item,Website: MSLC --> Peer tutoring,reference,reference,low,reference_only,medium,,,,,mod-mth-252-002-tutoring-support-and-course-resources,Tutoring Support and Course Resources,mi-mth-252-26982535,,2,default retained reference
obj-mth-252-module-item-26982657,2080857,MTH-252,module_item,What is Calculus?,lecture_video,lecture_video,medium,prep_required,medium,,,,,mod-mth-252-019-intro-to-calculus,Intro to Calculus,mi-mth-252-26982657,,2,video title/link signal
obj-mth-252-module-item-26982781,2080857,MTH-252,module_item,Work: Lifting bucket with cable mass,lecture_video,lecture_video,medium,prep_required,medium,,,,,mod-mth-252-035-2-5-physical-applications,2.5 Physical Applications,mi-mth-252-26982781,,2,video title/link signal
obj-mth-252-module-item-26982780,2080857,MTH-252,module_item,Work: lifting leaking bucket,lecture_video,lecture_video,medium,prep_required,medium,,,,,mod-mth-252-035-2-5-physical-applications,2.5 Physical Applications,mi-mth-252-26982780,,2,video title/link signal
obj-mth-252-module-item-26982778,2080857,MTH-252,module_item,Work: Spring stretch 1,lecture_video,lecture_video,medium,prep_required,medium,,,,,mod-mth-252-035-2-5-physical-applications,2.5 Physical Applications,mi-mth-252-26982778,,2,video title/link signal
obj-mth-252-module-item-26982779,2080857,MTH-252,module_item,Work: Spring stretch 2,lecture_video,lecture_video,medium,prep_required,medium,,,,,mod-mth-252-035-2-5-physical-applications,2.5 Physical Applications,mi-mth-252-26982779,,2,video title/link signal
obj-mth-252-module-item-26982782,2080857,MTH-252,module_item,Work: Vertical pumping,lecture_video,lecture_video,medium,prep_required,medium,,,,,mod-mth-252-035-2-5-physical-applications,2.5 Physical Applications,mi-mth-252-26982782,,2,video title/link signal
obj-mth-252-module-item-26982783,2080857,MTH-252,module_item,"Work: Vertical pumping, isosceles triangle",lecture_video,lecture_video,medium,prep_required,medium,,,,,mod-mth-252-035-2-5-physical-applications,2.5 Physical Applications,mi-mth-252-26982783,,2,video title/link signal
obj-mth-252-module-item-26982784,2080857,MTH-252,module_item,"Work: Vertical pumping, quadratic cross sections",lecture_video,lecture_video,medium,prep_required,medium,,,,,mod-mth-252-035-2-5-physical-applications,2.5 Physical Applications,mi-mth-252-26982784,,2,video title/link signal
obj-mth-252-module-subheader-26982527,2080857,MTH-252,module_subheader,Gradescope Submissions - Students are held accountable for verifying submissions 8,critical_setup,critical_setup,high,action_required,high,,,,,mod-mth-252-001-start-here,Start Here,mi-mth-252-26982527,,1,critical setup title/text signal
obj-mth-252-module-subheader-26982651,2080857,MTH-252,module_subheader,Retake - Only ONE retake submission is permitted. 1,reference,reference,low,reference_only,medium,,,,,mod-mth-252-018-final-exam-available-monday-wednesday-of-week-11,Final Exam: Available Monday - Wednesday of week 11,mi-mth-252-26982651,,1,default retained reference
obj-mth-252-module-subheader-26982528,2080857,MTH-252,module_subheader,Videos below: Show what verifying subs looks like. 9,lecture_video,lecture_video,medium,prep_required,medium,,,,,mod-mth-252-001-start-here,Start Here,mi-mth-252-26982528,,1,video title/link signal
obj-mth-252-modules-https-canvas-oregonstate-edu-courses-2080857-modules,2080857,MTH-252,modules,Course Modules: INTEGRAL CALCULUS (MTH_252Z_400_U2026),reference,course_navigation_surface|critical_setup|prep_reading|lecture_video|admin_policy,low,reference_only,high,,,,3 - 5 hours,,,,,1,course navigation/index surface|critical setup title/text signal|prep/reading title/text signal|video title/link signal|admin/policy signal
obj-mth-252-page-dr-gs-videos-3e-1-dot-3-4-dot-10,2080857,MTH-252,page,"Dr G's Videos --> 1.3, 4.10: INTEGRAL CALCULUS (MTH_252Z_400_U2026)",lecture_video,lecture_video,medium,prep_required,medium,,,,,mod-mth-252-007-module-3-the-fundamental-theorems-of-calculus,Module 3: The Fundamental Theorems of Calculus,mi-mth-252-26982566,redirected,2,video title/link signal
obj-mth-252-page-dr-gs-videos-3e-2-dot-2,2080857,MTH-252,page,Dr G's Videos --> 2.2 : INTEGRAL CALCULUS (MTH_252Z_400_U2026),lecture_video,lecture_video,medium,prep_required,medium,,,,,mod-mth-252-013-module-7-applications-of-integration-graphical,Module 7: Applications of Integration - Graphical,mi-mth-252-26982612,redirected,2,video title/link signal
obj-mth-252-page-dr-gs-videos-3e-2-dot-3-2-dot-4,2080857,MTH-252,page,"Dr G's Videos --> 2.3, 2.4: INTEGRAL CALCULUS (MTH_252Z_400_U2026)",lecture_video,lecture_video,medium,prep_required,medium,,,,,mod-mth-252-014-module-8-application-of-integration-graphical-and-real-world,Module 8: Application of Integration - Graphical and Real-World,mi-mth-252-26982623,redirected,2,video title/link signal
obj-mth-252-page-dr-gs-videos-3e-3-dot-1-3-dot-2,2080857,MTH-252,page,"Dr G's Videos --> 3.1, 3.2: INTEGRAL CALCULUS (MTH_252Z_400_U2026)",lecture_video,lecture_video,medium,prep_required,medium,,,,,mod-mth-252-010-module-5-techniques-to-solve-integrals,Module 5: Techniques to Solve Integrals,mi-mth-252-26982589,redirected,2,video title/link signal
obj-mth-252-page-dr-gs-videos-3e-3-dot-3-continued-3-dot-4,2080857,MTH-252,page,"Dr G's Videos --> 3.3 continued, 3.4: INTEGRAL CALCULUS (MTH_252Z_400_U2026)",lecture_video,lecture_video,medium,prep_required,medium,,,,,mod-mth-252-011-module-6-techniques-continued,Module 6: Techniques Continued,mi-mth-252-26982601,redirected,2,video title/link signal
obj-mth-252-page-dr-gs-videos-3e-3-dot-7,2080857,MTH-252,page,Dr G's Videos --> 3.7: INTEGRAL CALCULUS (MTH_252Z_400_U2026),lecture_video,lecture_video,medium,prep_required,medium,,,,,mod-mth-252-017-module-10-applications-of-integration-real-world,Module 10: Applications of Integration - Real World,mi-mth-252-26982645,redirected,3,video title/link signal
obj-mth-252-page-dr-gs-videos-3e-sect-1-dot-3-1-dot-4,2080857,MTH-252,page,"Dr G's Videos --> Sect 1.3, 1.4: INTEGRAL CALCULUS (MTH_252Z_400_U2026)",lecture_video,lecture_video,medium,prep_required,medium,,,,,mod-mth-252-008-module-4-introduction-to-applications,Module 4: Introduction to Applications,mi-mth-252-26982575,redirected,2,video title/link signal
obj-mth-252-page-dr-gs-videos-3e-sect-1-dot-4-1-dot-5-1-dot-6,2080857,MTH-252,page,"Dr G's Videos --> Sect 1.4, 1.5, 1.6: INTEGRAL CALCULUS (MTH_252Z_400_U2026)",lecture_video,lecture_video,medium,prep_required,medium,,,,,mod-mth-252-008-module-4-introduction-to-applications,Module 4: Introduction to Applications,mi-mth-252-26982576,redirected,2,video title/link signal
obj-mth-252-page-dr-gs-videos-3e-2-dot-1-2-dot-2,2080857,MTH-252,page,"Dr Gs Videos --> 2.1, 2.2: INTEGRAL CALCULUS (MTH_252Z_400_U2026)",lecture_video,lecture_video,medium,prep_required,medium,,,,,mod-mth-252-013-module-7-applications-of-integration-graphical,Module 7: Applications of Integration - Graphical,mi-mth-252-26982611,redirected,2,video title/link signal
obj-mth-252-page-dr-g-videos-3e-3-dot-3,2080857,MTH-252,page,Dr. G Videos --> 3.3: INTEGRAL CALCULUS (MTH_252Z_400_U2026),lecture_video,lecture_video,medium,prep_required,medium,,,,,mod-mth-252-011-module-6-techniques-continued,Module 6: Techniques Continued,mi-mth-252-26982600,redirected,2,video title/link signal
obj-mth-252-page-dr-gs-videos-3e-1-dot-1,2080857,MTH-252,page,Dr. G's Videos --> 1.1: INTEGRAL CALCULUS (MTH_252Z_400_U2026),lecture_video,lecture_video,medium,prep_required,medium,,,,,mod-mth-252-004-module-1-intro-to-riemann-sums-upper-lower-left-right-and-midpoint-riemann-sums,"Module 1: Intro to Riemann Sums: Upper, Lower, Left, Right, and Midpoint Riemann Sums",mi-mth-252-26982547,redirected,2,video title/link signal
obj-mth-252-page-dr-gs-videos-3e-1-dot-2,2080857,MTH-252,page,Dr. G's Videos --> 1.2: INTEGRAL CALCULUS (MTH_252Z_400_U2026),lecture_video,lecture_video,medium,prep_required,medium,,,,,mod-mth-252-005-module-2-intro-to-definite-integral-and-properties,Module 2: Intro to Definite Integral and Properties,mi-mth-252-26982556,redirected,2,video title/link signal
obj-mth-252-page-dr-gs-videos-3e-2-dot-5,2080857,MTH-252,page,Dr. G's Videos --> 2.5: INTEGRAL CALCULUS (MTH_252Z_400_U2026),lecture_video,lecture_video,medium,prep_required,medium,,,,,mod-mth-252-016-module-9-applications-of-integration-real-world,Module 9: Applications of Integration - Real-World,mi-mth-252-26982634,redirected,2,video title/link signal
obj-mth-252-page-free-trial-slash-grace-period-in-achieve-2-weeks,2080857,MTH-252,page,Free Trial/Grace Period in Achieve (2 weeks): INTEGRAL CALCULUS (MTH_252Z_400_U2026),required_ungraded_task,required_ungraded_task,medium,action_required,medium,,,,,mod-mth-252-001-start-here,Start Here,mi-mth-252-26982525,redirected,2,module requirement marker
obj-mth-252-page-front-page,2080857,MTH-252,page,Front Page: INTEGRAL CALCULUS (MTH_252Z_400_U2026),critical_setup,critical_setup,high,action_required,high,,,,,,,,,1,critical setup title/text signal
obj-mth-252-page-get-your-mth-252z-course-materials-access-code-ebook,2080857,MTH-252,page,Get your MTH 252Z Course Materials! (Access Code + Ebook) : INTEGRAL CALCULUS (MTH_252Z_400_U2026),critical_setup,critical_setup|prep_reading,high,action_required,high,,,,,mod-mth-252-001-start-here,Start Here,mi-mth-252-26990499,redirected,2,critical setup title/text signal|prep/reading title/text signal
obj-mth-252-page-how-to-videos,2080857,MTH-252,page,How-To Videos: INTEGRAL CALCULUS (MTH_252Z_400_U2026),critical_setup,critical_setup|lecture_video,high,action_required,high,,,,,mod-mth-252-002-tutoring-support-and-course-resources,Tutoring Support and Course Resources,mi-mth-252-26982537,redirected,2,critical setup title/text signal|video title/link signal
obj-mth-252-page-module-1-learning-materials-and-practice-activities-3-5-hours-2,2080857,MTH-252,page,Module 1 — Learning Materials and Practice Activities 🕓 3 - 5 hours: INTEGRAL CALCULUS (MTH_252Z_400_U2026),prep_reading,prep_reading|lecture_video,medium,prep_required,medium,,,,3 - 5 hours,mod-mth-252-004-module-1-intro-to-riemann-sums-upper-lower-left-right-and-midpoint-riemann-sums,"Module 1: Intro to Riemann Sums: Upper, Lower, Left, Right, and Midpoint Riemann Sums",mi-mth-252-26982545,redirected,2,prep/reading title/text signal|video title/link signal
obj-mth-252-page-module-1-overview,2080857,MTH-252,page,Module 1 — Overview: INTEGRAL CALCULUS (MTH_252Z_400_U2026),reference,reference,low,reference_only,medium,,,,,mod-mth-252-004-module-1-intro-to-riemann-sums-upper-lower-left-right-and-midpoint-riemann-sums,"Module 1: Intro to Riemann Sums: Upper, Lower, Left, Right, and Midpoint Riemann Sums",mi-mth-252-26982544,redirected,2,default retained reference
obj-mth-252-page-module-10-overview,2080857,MTH-252,page,Module 10 - Overview: INTEGRAL CALCULUS (MTH_252Z_400_U2026),reference,reference,low,reference_only,medium,,,,,mod-mth-252-017-module-10-applications-of-integration-real-world,Module 10: Applications of Integration - Real World,mi-mth-252-26982641,redirected,2,default retained reference
obj-mth-252-page-module-10-learning-materials-and-practice-activities-3-5-hours-2,2080857,MTH-252,page,Module 10 — Learning Materials and Practice Activities 🕓 3 - 5 hours: INTEGRAL CALCULUS (MTH_252Z_400_U2026),prep_reading,prep_reading|lecture_video,medium,prep_required,medium,,,,3 - 5 hours,mod-mth-252-017-module-10-applications-of-integration-real-world,Module 10: Applications of Integration - Real World,mi-mth-252-26982643,redirected,2,prep/reading title/text signal|video title/link signal
obj-mth-252-page-module-2-learning-materials-and-practice-activities-3-5-hours-2,2080857,MTH-252,page,Module 2 — Learning Materials and Practice Activities 🕓 3 - 5 hours: INTEGRAL CALCULUS (MTH_252Z_400_U2026),prep_reading,prep_reading|lecture_video,medium,prep_required,medium,,,,3 - 5 hours,mod-mth-252-005-module-2-intro-to-definite-integral-and-properties,Module 2: Intro to Definite Integral and Properties,mi-mth-252-26982554,redirected,2,prep/reading title/text signal|video title/link signal
obj-mth-252-page-module-2-overview,2080857,MTH-252,page,Module 2 — Overview: INTEGRAL CALCULUS (MTH_252Z_400_U2026),reference,reference,low,reference_only,medium,,,,,mod-mth-252-005-module-2-intro-to-definite-integral-and-properties,Module 2: Intro to Definite Integral and Properties,mi-mth-252-26982553,redirected,2,default retained reference
obj-mth-252-page-module-3-learning-materials-and-practice-activities-3-5-hours-2,2080857,MTH-252,page,Module 3 — Learning Materials and Practice Activities 🕓 3 - 5 hours: INTEGRAL CALCULUS (MTH_252Z_400_U2026),prep_reading,prep_reading|lecture_video,medium,prep_required,medium,,,,3 - 5 hours,mod-mth-252-007-module-3-the-fundamental-theorems-of-calculus,Module 3: The Fundamental Theorems of Calculus,mi-mth-252-26982564,redirected,2,prep/reading title/text signal|video title/link signal
obj-mth-252-page-module-3-overview,2080857,MTH-252,page,Module 3 — Overview: INTEGRAL CALCULUS (MTH_252Z_400_U2026),reference,reference,low,reference_only,medium,,,,,mod-mth-252-007-module-3-the-fundamental-theorems-of-calculus,Module 3: The Fundamental Theorems of Calculus,mi-mth-252-26982563,redirected,2,default retained reference
obj-mth-252-page-module-4-learning-materials-and-practice-activities-3-5-hours-2,2080857,MTH-252,page,Module 4 — Learning Materials and Practice Activities 🕓 3 - 5 hours: INTEGRAL CALCULUS (MTH_252Z_400_U2026),prep_reading,prep_reading|lecture_video,medium,prep_required,medium,,,,3 - 5 hours,mod-mth-252-008-module-4-introduction-to-applications,Module 4: Introduction to Applications,mi-mth-252-26982573,redirected,2,prep/reading title/text signal|video title/link signal
obj-mth-252-page-module-4-overview,2080857,MTH-252,page,Module 4 — Overview: INTEGRAL CALCULUS (MTH_252Z_400_U2026),reference,reference,low,reference_only,medium,,,,,mod-mth-252-008-module-4-introduction-to-applications,Module 4: Introduction to Applications,mi-mth-252-26982572,redirected,2,default retained reference
obj-mth-252-page-module-5-learning-materials-and-practice-activities-3-5-hours-2,2080857,MTH-252,page,Module 5 — Learning Materials and Practice Activities 🕓 3 - 5 hours: INTEGRAL CALCULUS (MTH_252Z_400_U2026),prep_reading,prep_reading|lecture_video,medium,prep_required,medium,,,,3 - 5 hours,mod-mth-252-010-module-5-techniques-to-solve-integrals,Module 5: Techniques to Solve Integrals,mi-mth-252-26982587,redirected,2,prep/reading title/text signal|video title/link signal
obj-mth-252-page-module-5-overview,2080857,MTH-252,page,Module 5 — Overview: INTEGRAL CALCULUS (MTH_252Z_400_U2026),reference,reference,low,reference_only,medium,,,,,mod-mth-252-010-module-5-techniques-to-solve-integrals,Module 5: Techniques to Solve Integrals,mi-mth-252-26982586,redirected,2,default retained reference
obj-mth-252-page-module-6-learning-materials-and-practice-activities-3-5-hours-2,2080857,MTH-252,page,Module 6 — Learning Materials and Practice Activities 🕓 3 - 5 hours: INTEGRAL CALCULUS (MTH_252Z_400_U2026),prep_reading,prep_reading|lecture_video,medium,prep_required,medium,,,,3 - 5 hours,mod-mth-252-011-module-6-techniques-continued,Module 6: Techniques Continued,mi-mth-252-26982598,redirected,2,prep/reading title/text signal|video title/link signal
obj-mth-252-page-module-6-overview,2080857,MTH-252,page,Module 6 — Overview: INTEGRAL CALCULUS (MTH_252Z_400_U2026),reference,reference,low,reference_only,medium,,,,,mod-mth-252-011-module-6-techniques-continued,Module 6: Techniques Continued,mi-mth-252-26982597,redirected,2,default retained reference
obj-mth-252-page-module-7-learning-materials-and-practice-activities-3-5-hours-2,2080857,MTH-252,page,Module 7 — Learning Materials and Practice Activities 🕓 3 - 5 hours: INTEGRAL CALCULUS (MTH_252Z_400_U2026),prep_reading,prep_reading|lecture_video,medium,prep_required,medium,,,,3 - 5 hours,mod-mth-252-013-module-7-applications-of-integration-graphical,Module 7: Applications of Integration - Graphical,mi-mth-252-26982609,redirected,2,prep/reading title/text signal|video title/link signal
obj-mth-252-page-module-7-overview,2080857,MTH-252,page,Module 7 — Overview: INTEGRAL CALCULUS (MTH_252Z_400_U2026),reference,reference,low,reference_only,medium,,,,,mod-mth-252-013-module-7-applications-of-integration-graphical,Module 7: Applications of Integration - Graphical,mi-mth-252-26982608,redirected,2,default retained reference
obj-mth-252-page-module-8-learning-materials-and-practice-activities-3-5-hours-2,2080857,MTH-252,page,Module 8 — Learning Materials and Practice Activities 🕓 3 - 5 hours: INTEGRAL CALCULUS (MTH_252Z_400_U2026),prep_reading,prep_reading|lecture_video,medium,prep_required,medium,,,,3 - 5 hours,mod-mth-252-014-module-8-application-of-integration-graphical-and-real-world,Module 8: Application of Integration - Graphical and Real-World,mi-mth-252-26982620,redirected,2,prep/reading title/text signal|video title/link signal
obj-mth-252-page-module-8-overview,2080857,MTH-252,page,Module 8 — Overview: INTEGRAL CALCULUS (MTH_252Z_400_U2026),reference,reference,low,reference_only,medium,,,,,mod-mth-252-014-module-8-application-of-integration-graphical-and-real-world,Module 8: Application of Integration - Graphical and Real-World,mi-mth-252-26982619,redirected,2,default retained reference
obj-mth-252-page-module-9-learning-materials-and-practice-activities-3-5-hours-2,2080857,MTH-252,page,Module 9 — Learning Materials and Practice Activities 🕓 3 - 5 hours: INTEGRAL CALCULUS (MTH_252Z_400_U2026),prep_reading,prep_reading|lecture_video,medium,prep_required,medium,,,,3 - 5 hours,mod-mth-252-016-module-9-applications-of-integration-real-world,Module 9: Applications of Integration - Real-World,mi-mth-252-26982632,redirected,2,prep/reading title/text signal|video title/link signal
obj-mth-252-page-module-9-overview,2080857,MTH-252,page,Module 9 — Overview: INTEGRAL CALCULUS (MTH_252Z_400_U2026),reference,reference,low,reference_only,medium,,,,,mod-mth-252-016-module-9-applications-of-integration-real-world,Module 9: Applications of Integration - Real-World,mi-mth-252-26982631,redirected,2,default retained reference
obj-mth-252-page-canvas-course-reference,2080857,MTH-252,page,Page Not Found,blocked_or_broken,blocked_or_broken,high,review_needed,low,,,,,,,,page_not_found,20,issue=page_not_found
obj-mth-252-page-start-here-accessibility-statements-and-privacy-policies,2080857,MTH-252,page,Start Here — Accessibility Statements & Privacy Policies: INTEGRAL CALCULUS (MTH_252Z_400_U2026),admin_policy,admin_policy,low,reference_only,medium,,,,,mod-mth-252-001-start-here,Start Here,mi-mth-252-26982532,redirected,2,admin/policy signal
obj-mth-252-page-start-here-conclusion,2080857,MTH-252,page,Start Here — Conclusion: INTEGRAL CALCULUS (MTH_252Z_400_U2026),reference,reference,low,reference_only,medium,,,,,mod-mth-252-001-start-here,Start Here,mi-mth-252-26982534,redirected,2,default retained reference
obj-mth-252-page-start-here-instructor-information-and-communication-policy,2080857,MTH-252,page,Start Here — Instructor Information & Communication Policy: INTEGRAL CALCULUS (MTH_252Z_400_U2026),required_ungraded_task,required_ungraded_task|admin_policy,medium,action_required,medium,,,,,mod-mth-252-001-start-here,Start Here,mi-mth-252-26982520,redirected,2,module requirement marker|admin/policy signal
obj-mth-252-page-start-here-overview,2080857,MTH-252,page,Start Here — Overview: INTEGRAL CALCULUS (MTH_252Z_400_U2026),required_ungraded_task,required_ungraded_task,medium,action_required,medium,,,,,mod-mth-252-001-start-here,Start Here,mi-mth-252-26982519,redirected,2,module requirement marker
obj-mth-252-page-start-here-sources-cited,2080857,MTH-252,page,Start Here — Sources Cited: INTEGRAL CALCULUS (MTH_252Z_400_U2026),critical_setup,critical_setup,high,action_required,high,,,,,mod-mth-252-001-start-here,Start Here,mi-mth-252-26982533,redirected,2,critical setup title/text signal
obj-mth-252-page-start-here-where-to-go-for-help,2080857,MTH-252,page,Start Here — Where to go for help?: INTEGRAL CALCULUS (MTH_252Z_400_U2026),admin_policy,admin_policy,low,reference_only,medium,,,,,mod-mth-252-001-start-here,Start Here,mi-mth-252-26982531,redirected,2,admin/policy signal
obj-mth-252-page-syllabus-and-calendar-as-of-6-slash-21-3e-both-sections-400-and-401,2080857,MTH-252,page,Syllabus and Calendar (as of 6/21) --> Both Sections 400 and 401: INTEGRAL CALCULUS (MTH_252Z_400_U2026),critical_setup,required_ungraded_task|critical_setup,high,action_required,high,,,,,mod-mth-252-001-start-here,Start Here,mi-mth-252-26982522,redirected,2,module requirement marker|critical setup title/text signal
obj-mth-252-quiz-3167661,2080857,MTH-252,quiz,Mini-Exam Retake Sign Up: INTEGRAL CALCULUS (MTH_252Z_400_U2026),graded_task,graded_task,high,action_required,high,,,,,mod-mth-252-017-module-10-applications-of-integration-real-world,Module 10: Applications of Integration - Real World,mi-mth-252-26982640,redirected,2,quiz object
obj-mth-252-quiz-3167659,2080857,MTH-252,quiz,Pre-Class Reading Quiz - 1.1 (RQ-1.1): INTEGRAL CALCULUS (MTH_252Z_400_U2026),graded_task,graded_task|prep_reading,high,action_required,high,,,,,mod-mth-252-004-module-1-intro-to-riemann-sums-upper-lower-left-right-and-midpoint-riemann-sums,"Module 1: Intro to Riemann Sums: Upper, Lower, Left, Right, and Midpoint Riemann Sums",mi-mth-252-26982548,redirected,3,quiz object|prep/reading title/text signal
obj-mth-252-quiz-3167658,2080857,MTH-252,quiz,Pre-Class Reading Quiz - 1.2 (RQ-1.2): INTEGRAL CALCULUS (MTH_252Z_400_U2026),graded_task,graded_task|prep_reading,high,action_required,high,,,,,mod-mth-252-005-module-2-intro-to-definite-integral-and-properties,Module 2: Intro to Definite Integral and Properties,mi-mth-252-26982557,redirected,3,quiz object|prep/reading title/text signal
obj-mth-252-quiz-3167655,2080857,MTH-252,quiz,Pre-Class Reading Quiz - 1.3 (RQ-1.3) : INTEGRAL CALCULUS (MTH_252Z_400_U2026),graded_task,graded_task|prep_reading,high,action_required,high,,,,,mod-mth-252-007-module-3-the-fundamental-theorems-of-calculus,Module 3: The Fundamental Theorems of Calculus,mi-mth-252-26982567,redirected,2,quiz object|prep/reading title/text signal
obj-mth-252-quiz-3167664,2080857,MTH-252,quiz,RQ-1.4 : INTEGRAL CALCULUS (MTH_252Z_400_U2026),graded_task,graded_task,high,action_required,high,,,,,mod-mth-252-008-module-4-introduction-to-applications,Module 4: Introduction to Applications,mi-mth-252-26982577,redirected,2,quiz object
obj-mth-252-quiz-3167662,2080857,MTH-252,quiz,RQ-1.5: INTEGRAL CALCULUS (MTH_252Z_400_U2026),graded_task,graded_task,high,action_required,high,,,,,mod-mth-252-008-module-4-introduction-to-applications,Module 4: Introduction to Applications,mi-mth-252-26982578,redirected,2,quiz object
obj-mth-252-quiz-3167654,2080857,MTH-252,quiz,RQ-1.6 : INTEGRAL CALCULUS (MTH_252Z_400_U2026),graded_task,graded_task,high,action_required,high,,,,,mod-mth-252-008-module-4-introduction-to-applications,Module 4: Introduction to Applications,mi-mth-252-26982579,redirected,2,quiz object
obj-mth-252-quiz-3167666,2080857,MTH-252,quiz,RQ-2.1 : INTEGRAL CALCULUS (MTH_252Z_400_U2026),graded_task,graded_task,high,action_required,high,,,,,mod-mth-252-013-module-7-applications-of-integration-graphical,Module 7: Applications of Integration - Graphical,mi-mth-252-26982613,redirected,2,quiz object
obj-mth-252-quiz-3167653,2080857,MTH-252,quiz,RQ-2.2 : INTEGRAL CALCULUS (MTH_252Z_400_U2026),graded_task,graded_task,high,action_required,high,,,,,mod-mth-252-013-module-7-applications-of-integration-graphical,Module 7: Applications of Integration - Graphical,mi-mth-252-26982614,redirected,2,quiz object
obj-mth-252-quiz-3167665,2080857,MTH-252,quiz,RQ-2.3 : INTEGRAL CALCULUS (MTH_252Z_400_U2026),graded_task,graded_task,high,action_required,high,,,,,mod-mth-252-014-module-8-application-of-integration-graphical-and-real-world,Module 8: Application of Integration - Graphical and Real-World,mi-mth-252-26982624,redirected,2,quiz object
obj-mth-252-quiz-3167663,2080857,MTH-252,quiz,RQ-2.4: INTEGRAL CALCULUS (MTH_252Z_400_U2026),graded_task,graded_task,high,action_required,high,,,,,mod-mth-252-014-module-8-application-of-integration-graphical-and-real-world,Module 8: Application of Integration - Graphical and Real-World,mi-mth-252-26982625,redirected,2,quiz object
obj-mth-252-quiz-3167668,2080857,MTH-252,quiz,RQ-2.5 : INTEGRAL CALCULUS (MTH_252Z_400_U2026),graded_task,graded_task,high,action_required,high,,,,,mod-mth-252-016-module-9-applications-of-integration-real-world,Module 9: Applications of Integration - Real-World,mi-mth-252-26982635,redirected,2,quiz object
obj-mth-252-quiz-3167660,2080857,MTH-252,quiz,RQ-3.1: INTEGRAL CALCULUS (MTH_252Z_400_U2026),graded_task,graded_task,high,action_required,high,,,,,mod-mth-252-010-module-5-techniques-to-solve-integrals,Module 5: Techniques to Solve Integrals,mi-mth-252-26982591,redirected,2,quiz object
obj-mth-252-quiz-3167667,2080857,MTH-252,quiz,RQ-3.2 : INTEGRAL CALCULUS (MTH_252Z_400_U2026),graded_task,graded_task,high,action_required,high,,,,,mod-mth-252-010-module-5-techniques-to-solve-integrals,Module 5: Techniques to Solve Integrals,mi-mth-252-26982592,redirected,2,quiz object
obj-mth-252-quiz-3167656,2080857,MTH-252,quiz,RQ-3.3 : INTEGRAL CALCULUS (MTH_252Z_400_U2026),graded_task,graded_task,high,action_required,high,,,,,mod-mth-252-011-module-6-techniques-continued,Module 6: Techniques Continued,mi-mth-252-26982602,redirected,2,quiz object
obj-mth-252-quiz-3167657,2080857,MTH-252,quiz,RQ-3.7: INTEGRAL CALCULUS (MTH_252Z_400_U2026),graded_task,graded_task,high,action_required,high,,,,,mod-mth-252-017-module-10-applications-of-integration-real-world,Module 10: Applications of Integration - Real World,mi-mth-252-26982646,redirected,2,quiz object
obj-mth-253-assignment-syllabus,2053263,MTH-253,assignment,Syllabus for SEQUENCES AND SERIES (MTH_253Z_400_U2026),graded_task,graded_task|critical_setup|prep_reading,high,action_required,high,,,,,,,,,1,assignment object|critical setup title/text signal|prep/reading title/text signal
obj-mth-253-assignment-10553179,2053263,MTH-253,assignment,Unit 1 - Written Homework Assignment,graded_task,graded_task|prep_reading,high,action_required,high,Jun 26 by 11:59pm,,5,,mod-mth-253-002-unit-1-week-1,Unit 1 - Week 1,mi-mth-253-26885537,external_tool|redirected,5,assignment object|prep/reading title/text signal
obj-mth-253-assignment-10553180,2053263,MTH-253,assignment,Unit 2 - Written Homework Assignment,graded_task,graded_task|prep_reading,high,action_required,high,Jul 9 by 11:59pm,,5,,mod-mth-253-003-unit-2-week-2-and-week-3,Unit 2 - Week 2 and Week 3,mi-mth-253-26885550,redirected,5,assignment object|prep/reading title/text signal
obj-mth-253-assignment-10553181,2053263,MTH-253,assignment,Unit 3 - Written Homework Assignment,graded_task,graded_task|prep_reading,high,action_required,high,Jul 30 by 11:59pm,,5,,mod-mth-253-004-unit-3-weeks-4-5-and-6,"Unit 3 - Weeks 4, 5, and 6",mi-mth-253-26885565,redirected,5,assignment object|prep/reading title/text signal
obj-mth-253-assignment-10553182,2053263,MTH-253,assignment,Unit 4 - Written Homework Assignment,graded_task,graded_task|prep_reading,high,action_required,high,Aug 20 by 11:59pm,,5,,mod-mth-253-005-unit-4-weeks-7-8-and-9,"Unit 4 - Weeks 7, 8, and 9",mi-mth-253-26885580,redirected,5,assignment object|prep/reading title/text signal
obj-mth-253-assignment-10553183,2053263,MTH-253,assignment,Unit 5 - Written Homework Assignment,graded_task,graded_task|prep_reading,high,action_required,high,Aug 27 by 11:59pm,,5,,mod-mth-253-006-unit-5-covers-week-10,Unit 5 - Covers Week 10,mi-mth-253-26885592,redirected,5,assignment object|prep/reading title/text signal
obj-mth-253-assignment-10584258,2053263,MTH-253,assignment,"Week 1 Web Homework: Infinity and Limits, Indeterminates, Improper Integrals",graded_task,graded_task|prep_reading,high,action_required,high,Jun 29 by 11:59pm,,5,,mod-mth-253-002-unit-1-week-1,Unit 1 - Week 1,mi-mth-253-26977416,external_tool|redirected,5,assignment object|prep/reading title/text signal
obj-mth-253-assignment-10584439,2053263,MTH-253,assignment,Week 10 Web Homework: Working with Taylor Series,graded_task,graded_task|prep_reading,high,action_required,high,Aug 30 by 11:59pm,,5,,mod-mth-253-006-unit-5-covers-week-10,Unit 5 - Covers Week 10,mi-mth-253-26977989,external_tool|redirected,5,assignment object|prep/reading title/text signal
obj-mth-253-assignment-10584372,2053263,MTH-253,assignment,Week 2 Web Homework: Sequences,graded_task,graded_task|prep_reading,high,action_required,high,Jul 6 by 11:59pm,,5,,mod-mth-253-003-unit-2-week-2-and-week-3,Unit 2 - Week 2 and Week 3,mi-mth-253-26977767,external_tool|redirected,5,assignment object|prep/reading title/text signal
obj-mth-253-assignment-10584373,2053263,MTH-253,assignment,Week 3 Web Homework: Introduction to Series,graded_task,graded_task|prep_reading,high,action_required,high,Jul 12 by 11:59pm,,5,,mod-mth-253-003-unit-2-week-2-and-week-3,Unit 2 - Week 2 and Week 3,mi-mth-253-26977769,external_tool|redirected,5,assignment object|prep/reading title/text signal
obj-mth-253-assignment-10584431,2053263,MTH-253,assignment,Week 4 Web Homework: The Divergence and Integral Tests,graded_task,graded_task|prep_reading,high,action_required,high,Jul 19 by 11:59pm,,5,,mod-mth-253-004-unit-3-weeks-4-5-and-6,"Unit 3 - Weeks 4, 5, and 6",mi-mth-253-26977967,external_tool|redirected,5,assignment object|prep/reading title/text signal
obj-mth-253-assignment-10584434,2053263,MTH-253,assignment,Week 5 Web Homework: Comparison and Alternate Series Tests,graded_task,graded_task|prep_reading,high,action_required,high,Jul 26 by 11:59pm,,5,,mod-mth-253-004-unit-3-weeks-4-5-and-6,"Unit 3 - Weeks 4, 5, and 6",mi-mth-253-26977977,external_tool|redirected,5,assignment object|prep/reading title/text signal
obj-mth-253-assignment-10584435,2053263,MTH-253,assignment,Week 6 Web Homework: Ratio and Root Tests,graded_task,graded_task|prep_reading,high,action_required,high,Aug 2 by 11:59pm,,5,,mod-mth-253-004-unit-3-weeks-4-5-and-6,"Unit 3 - Weeks 4, 5, and 6",mi-mth-253-26977980,external_tool|redirected,5,assignment object|prep/reading title/text signal
obj-mth-253-assignment-10584436,2053263,MTH-253,assignment,Week 7 Web Homework: Power Series and Functions,graded_task,graded_task|prep_reading,high,action_required,high,Aug 9 by 11:59pm,,5,,mod-mth-253-005-unit-4-weeks-7-8-and-9,"Unit 4 - Weeks 7, 8, and 9",mi-mth-253-26977982,external_tool|redirected,5,assignment object|prep/reading title/text signal
obj-mth-253-assignment-10584437,2053263,MTH-253,assignment,Week 8 Web Homework Taylor and Maclaurin Series,graded_task,graded_task|prep_reading,high,action_required,high,Aug 16 by 11:59pm,,5,,mod-mth-253-005-unit-4-weeks-7-8-and-9,"Unit 4 - Weeks 7, 8, and 9",mi-mth-253-26977985,external_tool|redirected,5,assignment object|prep/reading title/text signal
obj-mth-253-assignment-10584438,2053263,MTH-253,assignment,Week 9 Web Homework: Properties of Power Series,graded_task,graded_task|prep_reading,high,action_required,high,Aug 23 by 11:59pm,,5,,mod-mth-253-005-unit-4-weeks-7-8-and-9,"Unit 4 - Weeks 7, 8, and 9",mi-mth-253-26977987,external_tool|redirected,5,assignment object|prep/reading title/text signal
obj-mth-253-course-page-https-canvas-oregonstate-edu-courses-2053263-announcements,2053263,MTH-253,course_page,Announcements: SEQUENCES AND SERIES (MTH_253Z_400_U2026),reference,course_navigation_surface|prep_reading,low,reference_only,high,,,,,,,,,1,course navigation/index surface|prep/reading title/text signal
obj-mth-253-course-page-https-canvas-oregonstate-edu-courses-2053263,2053263,MTH-253,course_page,SEQUENCES AND SERIES (MTH_253Z_400_U2026),reference,course_navigation_surface|critical_setup,low,reference_only,high,,,,,,,,redirected,2,course navigation/index surface|critical setup title/text signal
obj-mth-253-discussion-11558499,2053263,MTH-253,discussion,Topic: General Q&A Discussion,graded_task,graded_task,high,action_required,high,,,,,mod-mth-253-001-start-here,Start Here,mi-mth-253-26885524,redirected,3,task-like discussion object
obj-mth-253-discussion-11558495,2053263,MTH-253,discussion,Topic: Preparing for your Final Exam - Q&A Discussion Board (Optional),graded_task,graded_task,high,action_required,high,,,,,mod-mth-253-007-finals-week,Finals Week,mi-mth-253-26885597,redirected,3,task-like discussion object
obj-mth-253-discussion-11558490,2053263,MTH-253,discussion,Topic: Unit 1 - Q&A Discussion Board (Optional),graded_task,graded_task,high,action_required,high,,,,,mod-mth-253-002-unit-1-week-1,Unit 1 - Week 1,mi-mth-253-26885531,redirected,3,task-like discussion object
obj-mth-253-discussion-11558487,2053263,MTH-253,discussion,"Topic: Unit 1 - Written Homework - Due Tonight, 6/26!",reference,reference,low,reference_only,medium,,,,,,,,,1,default retained reference
obj-mth-253-discussion-11558498,2053263,MTH-253,discussion,Topic: Unit 1 Discussion Board - Submitted in Week 1 (Required),graded_task,graded_task,high,action_required,high,,,,,mod-mth-253-002-unit-1-week-1,Unit 1 - Week 1,mi-mth-253-26885532,redirected,4,task-like discussion object
obj-mth-253-discussion-11558491,2053263,MTH-253,discussion,Topic: Unit 2 - Q&A Discussion Board (Optional),graded_task,graded_task,high,action_required,high,,,,,mod-mth-253-003-unit-2-week-2-and-week-3,Unit 2 - Week 2 and Week 3,mi-mth-253-26885544,redirected,3,task-like discussion object
obj-mth-253-discussion-11558492,2053263,MTH-253,discussion,Topic: Unit 3 - Q&A Discussion Board (Optional),graded_task,graded_task,high,action_required,high,,,,,mod-mth-253-004-unit-3-weeks-4-5-and-6,"Unit 3 - Weeks 4, 5, and 6",mi-mth-253-26885557,redirected,3,task-like discussion object
obj-mth-253-discussion-11558497,2053263,MTH-253,discussion,Topic: Unit 3 Discussion Board - Submitted in Week 6 (Required),graded_task,graded_task,high,action_required,high,,,,,mod-mth-253-004-unit-3-weeks-4-5-and-6,"Unit 3 - Weeks 4, 5, and 6",mi-mth-253-26885558,redirected,4,task-like discussion object
obj-mth-253-discussion-11558493,2053263,MTH-253,discussion,Topic: Unit 4 - Q&A Discussion Board (Optional),graded_task,graded_task,high,action_required,high,,,,,mod-mth-253-005-unit-4-weeks-7-8-and-9,"Unit 4 - Weeks 7, 8, and 9",mi-mth-253-26885572,redirected,3,task-like discussion object
obj-mth-253-discussion-11558496,2053263,MTH-253,discussion,Topic: Unit 4 Discussion Board - Submitted in Week 9 (Required),graded_task,graded_task,high,action_required,high,,,,,mod-mth-253-005-unit-4-weeks-7-8-and-9,"Unit 4 - Weeks 7, 8, and 9",mi-mth-253-26885573,redirected,4,task-like discussion object
obj-mth-253-discussion-11558494,2053263,MTH-253,discussion,Topic: Unit 5 - Q&A Discussion Board (Optional),graded_task,graded_task,high,action_required,high,,,,,mod-mth-253-006-unit-5-covers-week-10,Unit 5 - Covers Week 10,mi-mth-253-26885587,redirected,3,task-like discussion object
obj-mth-253-discussion-11558489,2053263,MTH-253,discussion,Topic: Welcome to the class!,reference,reference,low,reference_only,medium,,,,,,,,,1,default retained reference
obj-mth-253-discussion-11558488,2053263,MTH-253,discussion,Topic: Welcome to Week 1!,graded_task,graded_task|critical_setup|prep_reading|lecture_video,high,action_required,high,,,,,,,,,1,task-like discussion object|critical setup title/text signal|prep/reading title/text signal|video title/link signal
obj-mth-253-discussions-https-canvas-oregonstate-edu-courses-2053263-discussion-topics,2053263,MTH-253,discussions,Discussions: SEQUENCES AND SERIES (MTH_253Z_400_U2026),reference,course_navigation_surface|prep_reading,low,reference_only,high,Jun 28,Jul 12,,,,,,,1,course navigation/index surface|prep/reading title/text signal
obj-mth-253-download-118558899,2053263,MTH-253,download,Download,file_reference,file_reference|download_indexed_not_read,low,review_needed,low,,,,,,,,,3,download object|download link not parsed
obj-mth-253-download-118558936,2053263,MTH-253,download,Download,file_reference,file_reference|download_indexed_not_read,low,review_needed,low,,,,,,,,,4,download object|download link not parsed
obj-mth-253-download-118558848,2053263,MTH-253,download,Download,file_reference,file_reference|download_indexed_not_read,low,review_needed,low,,,,,,,,,4,download object|download link not parsed
obj-mth-253-download-118558879,2053263,MTH-253,download,Download,file_reference,file_reference|download_indexed_not_read,low,review_needed,low,,,,,,,,,4,download object|download link not parsed
obj-mth-253-download-118558963,2053263,MTH-253,download,Download,file_reference,file_reference|download_indexed_not_read,low,review_needed,low,,,,,,,,,4,download object|download link not parsed
obj-mth-253-download-118558797,2053263,MTH-253,download,Download,file_reference,file_reference|download_indexed_not_read,low,review_needed,low,,,,,,,,,4,download object|download link not parsed
obj-mth-253-download-118558944,2053263,MTH-253,download,MTH 253 - Final Exam Practice Problems - Answers.pdf,prep_reading,prep_reading|file_reference|download_indexed_not_read,medium,prep_required,low,,,,,,,,,2,prep/reading title/text signal|download object|download link not parsed
obj-mth-253-download-118558956,2053263,MTH-253,download,MTH 253 - Final Exam Practice Problems.pdf,prep_reading,prep_reading|file_reference|download_indexed_not_read,medium,prep_required,low,,,,,,,,,2,prep/reading title/text signal|download object|download link not parsed
obj-mth-253-download-119228487,2053263,MTH-253,download,Syllabus,critical_setup,critical_setup|file_reference|download_indexed_not_read,high,action_required,high,,,,,,,,,4,critical setup title/text signal|download object|download link not parsed
obj-mth-253-file-118558936,2053263,MTH-253,file,Evaluating Limits.pdf: SEQUENCES AND SERIES (MTH_253Z_400_U2026),file_reference,file_reference,low,reference_only,medium,,,,,,,,,1,file object
obj-mth-253-file-118558963,2053263,MTH-253,file,Improper Integrals.pdf: SEQUENCES AND SERIES (MTH_253Z_400_U2026),file_reference,file_reference,low,reference_only,medium,,,,,,,,,1,file object
obj-mth-253-file-118558848,2053263,MTH-253,file,Infinite Limits.pdf: SEQUENCES AND SERIES (MTH_253Z_400_U2026),file_reference,file_reference,low,reference_only,medium,,,,,,,,,1,file object
obj-mth-253-file-118558879,2053263,MTH-253,file,L'Hospital's Rule.pdf: SEQUENCES AND SERIES (MTH_253Z_400_U2026),file_reference,file_reference,low,reference_only,medium,,,,,,,,,1,file object
obj-mth-253-file-118558944,2053263,MTH-253,file,MTH 253 - Final Exam Practice Problems - Answers.pdf: SEQUENCES AND SERIES (MTH_253Z_400_U2026),prep_reading,prep_reading|file_reference,medium,prep_required,medium,,,,,mod-mth-253-007-finals-week,Finals Week,mi-mth-253-26885599,redirected,3,prep/reading title/text signal|file object
obj-mth-253-file-118558956,2053263,MTH-253,file,MTH 253 - Final Exam Practice Problems.pdf: SEQUENCES AND SERIES (MTH_253Z_400_U2026),prep_reading,prep_reading|file_reference,medium,prep_required,medium,,,,,mod-mth-253-007-finals-week,Finals Week,mi-mth-253-26885598,redirected,3,prep/reading title/text signal|file object
obj-mth-253-file-118558899,2053263,MTH-253,file,MTH 253 Weekly Schedule.docx: SEQUENCES AND SERIES (MTH_253Z_400_U2026),file_reference,file_reference,low,reference_only,medium,,,,,,,,,1,file object
obj-mth-253-file-119228487,2053263,MTH-253,file,MTH_253_Course_Syllabus_Summer_2026.pdf: SEQUENCES AND SERIES (MTH_253Z_400_U2026),critical_setup,critical_setup|file_reference,high,action_required,high,,,,,,,,,1,critical setup title/text signal|file object
obj-mth-253-file-118558797,2053263,MTH-253,file,Unit #1 Written Homework.pdf: SEQUENCES AND SERIES (MTH_253Z_400_U2026),file_reference,file_reference,low,reference_only,medium,,,,,,,,,1,file object
obj-mth-253-grades-https-canvas-oregonstate-edu-courses-2053263-grades,2053263,MTH-253,grades,Grades for Jacob Peterson: SEQUENCES AND SERIES (MTH_253Z_400_U2026),reference,course_navigation_surface|prep_reading,low,reference_only,high,Jun 26 by 11:59pm,,100,,,,,,1,course navigation/index surface|prep/reading title/text signal
obj-mth-253-module-subheader-26885568,2053263,MTH-253,module_subheader,11,reference,reference,low,reference_only,medium,,,,,mod-mth-253-004-unit-3-weeks-4-5-and-6,"Unit 3 - Weeks 4, 5, and 6",mi-mth-253-26885568,,1,default retained reference
obj-mth-253-module-subheader-26885583,2053263,MTH-253,module_subheader,11,reference,reference,low,reference_only,medium,,,,,mod-mth-253-005-unit-4-weeks-7-8-and-9,"Unit 4 - Weeks 7, 8, and 9",mi-mth-253-26885583,,1,default retained reference
obj-mth-253-module-subheader-26885549,2053263,MTH-253,module_subheader,4,reference,reference,low,reference_only,medium,,,,,mod-mth-253-002-unit-1-week-1,Unit 1 - Week 1,mi-mth-253-26885549,,1,default retained reference
obj-mth-253-module-subheader-26885551,2053263,MTH-253,module_subheader,4,reference,reference,low,reference_only,medium,,,,,mod-mth-253-003-unit-2-week-2-and-week-3,Unit 2 - Week 2 and Week 3,mi-mth-253-26885551,,1,default retained reference
obj-mth-253-module-subheader-26885564,2053263,MTH-253,module_subheader,4,reference,reference,low,reference_only,medium,,,,,mod-mth-253-004-unit-3-weeks-4-5-and-6,"Unit 3 - Weeks 4, 5, and 6",mi-mth-253-26885564,,1,default retained reference
obj-mth-253-module-subheader-26885574,2053263,MTH-253,module_subheader,4,reference,reference,low,reference_only,medium,,,,,mod-mth-253-005-unit-4-weeks-7-8-and-9,"Unit 4 - Weeks 7, 8, and 9",mi-mth-253-26885574,,1,default retained reference
obj-mth-253-module-subheader-26885593,2053263,MTH-253,module_subheader,4,reference,reference,low,reference_only,medium,,,,,mod-mth-253-006-unit-5-covers-week-10,Unit 5 - Covers Week 10,mi-mth-253-26885593,,1,default retained reference
obj-mth-253-module-subheader-26885600,2053263,MTH-253,module_subheader,5,reference,reference,low,reference_only,medium,,,,,mod-mth-253-007-finals-week,Finals Week,mi-mth-253-26885600,,1,default retained reference
obj-mth-253-module-subheader-26885591,2053263,MTH-253,module_subheader,7,reference,reference,low,reference_only,medium,,,,,mod-mth-253-006-unit-5-covers-week-10,Unit 5 - Covers Week 10,mi-mth-253-26885591,,1,default retained reference
obj-mth-253-module-subheader-26885602,2053263,MTH-253,module_subheader,7,reference,reference,low,reference_only,medium,,,,,mod-mth-253-007-finals-week,Finals Week,mi-mth-253-26885602,,1,default retained reference
obj-mth-253-module-subheader-26885533,2053263,MTH-253,module_subheader,9,reference,reference,low,reference_only,medium,,,,,mod-mth-253-002-unit-1-week-1,Unit 1 - Week 1,mi-mth-253-26885533,,1,default retained reference
obj-mth-253-module-subheader-26885553,2053263,MTH-253,module_subheader,9,reference,reference,low,reference_only,medium,,,,,mod-mth-253-003-unit-2-week-2-and-week-3,Unit 2 - Week 2 and Week 3,mi-mth-253-26885553,,1,default retained reference
obj-mth-253-module-subheader-26885588,2053263,MTH-253,module_subheader,9,reference,reference,low,reference_only,medium,,,,,mod-mth-253-006-unit-5-covers-week-10,Unit 5 - Covers Week 10,mi-mth-253-26885588,,1,default retained reference
obj-mth-253-module-subheader-26885594,2053263,MTH-253,module_subheader,Reminder: No unit quiz due in this module. 8,reference,reference,low,reference_only,medium,,,,,mod-mth-253-006-unit-5-covers-week-10,Unit 5 - Covers Week 10,mi-mth-253-26885594,,1,default retained reference
obj-mth-253-modules-https-canvas-oregonstate-edu-courses-2053263-modules,2053263,MTH-253,modules,Course Modules: SEQUENCES AND SERIES (MTH_253Z_400_U2026),reference,course_navigation_surface|critical_setup|prep_reading|admin_policy,low,reference_only,high,,,,,,,,,1,course navigation/index surface|critical setup title/text signal|prep/reading title/text signal|admin/policy signal
obj-mth-253-page-get-your-mth-253z-course-materials-access-code-ebook-2,2053263,MTH-253,page,Get your MTH 253Z Course Materials! (Access Code + Ebook) : SEQUENCES AND SERIES (MTH_253Z_400_U2026),critical_setup,critical_setup,high,action_required,high,,,,,mod-mth-253-001-start-here,Start Here,mi-mth-253-26885521,redirected,2,critical setup title/text signal
obj-mth-253-page-start-here-accessibility-statements-and-privacy-policies,2053263,MTH-253,page,Start Here - Accessibility Statements & Privacy Policies: SEQUENCES AND SERIES (MTH_253Z_400_U2026),admin_policy,admin_policy,low,reference_only,medium,,,,,mod-mth-253-001-start-here,Start Here,mi-mth-253-26885525,redirected,2,admin/policy signal
obj-mth-253-page-start-here-conclusion,2053263,MTH-253,page,Start Here - Conclusion: SEQUENCES AND SERIES (MTH_253Z_400_U2026),reference,reference,low,reference_only,medium,,,,,mod-mth-253-001-start-here,Start Here,mi-mth-253-26885527,redirected,2,default retained reference
obj-mth-253-page-start-here-instructor-information-and-communication-policy,2053263,MTH-253,page,Start Here - Instructor Information & Communication Policy: SEQUENCES AND SERIES (MTH_253Z_400_U2026),admin_policy,admin_policy,low,reference_only,medium,,,,,mod-mth-253-001-start-here,Start Here,mi-mth-253-26885522,redirected,2,admin/policy signal
obj-mth-253-page-start-here-overview,2053263,MTH-253,page,Start Here - Overview: SEQUENCES AND SERIES (MTH_253Z_400_U2026),reference,reference,low,reference_only,medium,,,,,mod-mth-253-001-start-here,Start Here,mi-mth-253-26885519,redirected,2,default retained reference
obj-mth-253-page-start-here-sources-cited,2053263,MTH-253,page,Start Here - Sources Cited: SEQUENCES AND SERIES (MTH_253Z_400_U2026),critical_setup,critical_setup,high,action_required,high,,,,,mod-mth-253-001-start-here,Start Here,mi-mth-253-26885526,redirected,2,critical setup title/text signal
obj-mth-253-page-start-here-syllabus,2053263,MTH-253,page,Start Here - Syllabus: SEQUENCES AND SERIES (MTH_253Z_400_U2026),critical_setup,critical_setup,high,action_required,high,,,,,mod-mth-253-001-start-here,Start Here,mi-mth-253-26885520,redirected,3,critical setup title/text signal
obj-mth-253-page-start-here-where-to-go-for-help,2053263,MTH-253,page,Start Here - Where to go for help?: SEQUENCES AND SERIES (MTH_253Z_400_U2026),reference,reference,low,reference_only,medium,,,,,mod-mth-253-001-start-here,Start Here,mi-mth-253-26885523,redirected,2,default retained reference
obj-mth-253-page-start-here-on-the-use-of-ai-and-academic-honesty,2053263,MTH-253,page,Start Here: On the use of AI and academic honesty: SEQUENCES AND SERIES (MTH_253Z_400_U2026),lecture_video,lecture_video|admin_policy,medium,prep_required,medium,,,,,mod-mth-253-001-start-here,Start Here,mi-mth-253-26977675,redirected,2,video title/link signal|admin/policy signal
obj-mth-253-page-unit-1-learning-materials,2053263,MTH-253,page,Unit 1 - Learning Materials: SEQUENCES AND SERIES (MTH_253Z_400_U2026),prep_reading,prep_reading|lecture_video,medium,prep_required,medium,,,,,mod-mth-253-002-unit-1-week-1,Unit 1 - Week 1,mi-mth-253-26885530,external_tool|redirected,4,prep/reading title/text signal|video title/link signal
obj-mth-253-page-unit-1-overview,2053263,MTH-253,page,Unit 1 - Overview: SEQUENCES AND SERIES (MTH_253Z_400_U2026),prep_reading,prep_reading,medium,prep_required,medium,,,,,mod-mth-253-002-unit-1-week-1,Unit 1 - Week 1,mi-mth-253-26885529,redirected,3,prep/reading title/text signal
obj-mth-253-page-unit-2-overview,2053263,MTH-253,page,Unit 2 - Overview: SEQUENCES AND SERIES (MTH_253Z_400_U2026),prep_reading,prep_reading,medium,prep_required,medium,,,,,mod-mth-253-003-unit-2-week-2-and-week-3,Unit 2 - Week 2 and Week 3,mi-mth-253-26885542,redirected,2,prep/reading title/text signal
obj-mth-253-page-unit-3-overview,2053263,MTH-253,page,Unit 3 - Overview: SEQUENCES AND SERIES (MTH_253Z_400_U2026),prep_reading,prep_reading,medium,prep_required,medium,,,,,mod-mth-253-004-unit-3-weeks-4-5-and-6,"Unit 3 - Weeks 4, 5, and 6",mi-mth-253-26885555,redirected,2,prep/reading title/text signal
obj-mth-253-page-unit-4-overview,2053263,MTH-253,page,Unit 4 - Overview: SEQUENCES AND SERIES (MTH_253Z_400_U2026),prep_reading,prep_reading,medium,prep_required,medium,,,,,mod-mth-253-005-unit-4-weeks-7-8-and-9,"Unit 4 - Weeks 7, 8, and 9",mi-mth-253-26885570,redirected,2,prep/reading title/text signal
obj-mth-253-page-unit-5-overview,2053263,MTH-253,page,Unit 5 - Overview: SEQUENCES AND SERIES (MTH_253Z_400_U2026),prep_reading,prep_reading,medium,prep_required,medium,,,,,mod-mth-253-006-unit-5-covers-week-10,Unit 5 - Covers Week 10,mi-mth-253-26885585,redirected,2,prep/reading title/text signal
obj-mth-253-page-week-11-overview,2053263,MTH-253,page,Week 11 - Overview: SEQUENCES AND SERIES (MTH_253Z_400_U2026),reference,reference,low,reference_only,medium,,,,,mod-mth-253-007-finals-week,Finals Week,mi-mth-253-26885596,redirected,2,default retained reference
obj-mth-253-quiz-3159588,2053263,MTH-253,quiz,Final Exam: SEQUENCES AND SERIES (MTH_253Z_400_U2026),graded_task,graded_task,high,action_required,high,,,,,mod-mth-253-007-finals-week,Finals Week,mi-mth-253-26885601,redirected,4,quiz object
obj-mth-253-quiz-3166971,2053263,MTH-253,quiz,Practice Quiz (take it before attempting Quiz 1!): SEQUENCES AND SERIES (MTH_253Z_400_U2026),graded_task,graded_task|critical_setup|prep_reading,high,action_required,high,,,5,,mod-mth-253-001-start-here,Start Here,mi-mth-253-26982050,redirected,4,quiz object|critical setup title/text signal|prep/reading title/text signal
obj-mth-253-quiz-3159593,2053263,MTH-253,quiz,Unit 1 Quiz: SEQUENCES AND SERIES (MTH_253Z_400_U2026),graded_task,graded_task,high,action_required,high,,,,,mod-mth-253-002-unit-1-week-1,Unit 1 - Week 1,mi-mth-253-26885539,redirected,4,quiz object
obj-mth-253-quiz-3159592,2053263,MTH-253,quiz,Unit 2 Quiz: SEQUENCES AND SERIES (MTH_253Z_400_U2026),graded_task,graded_task,high,action_required,high,,,,,mod-mth-253-003-unit-2-week-2-and-week-3,Unit 2 - Week 2 and Week 3,mi-mth-253-26885552,redirected,4,quiz object
obj-mth-253-quiz-3159589,2053263,MTH-253,quiz,Unit 3 Quiz: SEQUENCES AND SERIES (MTH_253Z_400_U2026),graded_task,graded_task,high,action_required,high,,,,,mod-mth-253-004-unit-3-weeks-4-5-and-6,"Unit 3 - Weeks 4, 5, and 6",mi-mth-253-26885567,redirected,4,quiz object
obj-mth-253-quiz-3159590,2053263,MTH-253,quiz,Unit 4 Quiz: SEQUENCES AND SERIES (MTH_253Z_400_U2026),graded_task,graded_task,high,action_required,high,,,,,mod-mth-253-005-unit-4-weeks-7-8-and-9,"Unit 4 - Weeks 7, 8, and 9",mi-mth-253-26885582,redirected,4,quiz object
obj-mth-253-quizzes-https-canvas-oregonstate-edu-courses-2053263-quizzes,2053263,MTH-253,quizzes,Quizzes: SEQUENCES AND SERIES (MTH_253Z_400_U2026),reference,course_navigation_surface,low,reference_only,high,Jun 28 at 12:00pm,,,,,,,,1,course navigation/index surface
obj-phy-212-assignment-10557057,2053526,PHY-212,assignment,Lab 1 Report,graded_task,graded_task,high,action_required,high,Jun 27 by 11:59pm,,20,,,,,external_tool,3,assignment object
obj-phy-212-assignment-10591118,2053526,PHY-212,assignment,M1-0,graded_task,graded_task,high,action_required,high,Jun 22 at 12:44pm,,1,,,,,,3,assignment object
obj-phy-212-assignment-10592346,2053526,PHY-212,assignment,M1-00,graded_task,graded_task,high,action_required,high,Jun 23 at 12:12pm,,2,,,,,,3,assignment object
obj-phy-212-assignment-10592982,2053526,PHY-212,assignment,M1-1,graded_task,graded_task,high,action_required,high,Jun 24 at 1:02pm,,3,,,,,,3,assignment object
obj-phy-212-assignment-10593560,2053526,PHY-212,assignment,M1-2,graded_task,graded_task,high,action_required,high,Jun 25 at 12:22pm,,5,,,,,,3,assignment object
obj-phy-212-assignment-10557070,2053526,PHY-212,assignment,M2-1pre,graded_task,graded_task,high,action_required,high,Jul 4 at 10:00am,Jun 27 at 10:00am,3,,,,,,3,assignment object
obj-phy-212-assignment-syllabus,2053526,PHY-212,assignment,Syllabus for GENERAL PHYSICS WITH CALCULUS (PH_212_400_U2026),graded_task,graded_task|critical_setup,high,action_required,high,,,,,,,,,1,assignment object|critical setup title/text signal
obj-phy-212-assignment-10557021,2053526,PHY-212,assignment,Unauthorized,blocked_or_broken,graded_task|blocked_or_broken,high,action_required,high,,,,,,,,unauthorized,1,assignment object|issue=unauthorized
obj-phy-212-assignment-10557097,2053526,PHY-212,assignment,Unauthorized,blocked_or_broken,graded_task|blocked_or_broken,high,action_required,high,,,,,,,,unauthorized,1,assignment object|issue=unauthorized
obj-phy-212-assignment-10557100,2053526,PHY-212,assignment,Unauthorized,blocked_or_broken,graded_task|blocked_or_broken,high,action_required,high,,,,,,,,unauthorized,1,assignment object|issue=unauthorized
obj-phy-212-assignment-10556989,2053526,PHY-212,assignment,Unauthorized,blocked_or_broken,graded_task|blocked_or_broken,high,action_required,high,,,,,,,,unauthorized,1,assignment object|issue=unauthorized
obj-phy-212-assignment-10557103,2053526,PHY-212,assignment,Unauthorized,blocked_or_broken,graded_task|blocked_or_broken,high,action_required,high,,,,,,,,unauthorized,1,assignment object|issue=unauthorized
obj-phy-212-assignment-10557098,2053526,PHY-212,assignment,Unauthorized,blocked_or_broken,graded_task|blocked_or_broken,high,action_required,high,,,,,,,,unauthorized,1,assignment object|issue=unauthorized
obj-phy-212-assignment-10557099,2053526,PHY-212,assignment,Unauthorized,blocked_or_broken,graded_task|blocked_or_broken,high,action_required,high,,,,,,,,unauthorized,1,assignment object|issue=unauthorized
obj-phy-212-assignment-10557101,2053526,PHY-212,assignment,Unauthorized,blocked_or_broken,graded_task|blocked_or_broken,high,action_required,high,,,,,,,,unauthorized,1,assignment object|issue=unauthorized
obj-phy-212-assignment-10557102,2053526,PHY-212,assignment,Unauthorized,blocked_or_broken,graded_task|blocked_or_broken,high,action_required,high,,,,,,,,unauthorized,1,assignment object|issue=unauthorized
obj-phy-212-assignment-10557104,2053526,PHY-212,assignment,Unauthorized,blocked_or_broken,graded_task|blocked_or_broken,high,action_required,high,,,,,,,,unauthorized,1,assignment object|issue=unauthorized
obj-phy-212-assignment-10557058,2053526,PHY-212,assignment,Unauthorized,blocked_or_broken,graded_task|blocked_or_broken,high,action_required,high,,,,,,,,unauthorized,1,assignment object|issue=unauthorized
obj-phy-212-assignments-https-canvas-oregonstate-edu-courses-2053526-assignments,2053526,PHY-212,assignments,Assignments: GENERAL PHYSICS WITH CALCULUS (PH_212_400_U2026),reference,course_navigation_surface|critical_setup|prep_reading,low,reference_only,high,Aug 14 at 11:59pm,,5,,,,,,1,course navigation/index surface|critical setup title/text signal|prep/reading title/text signal
obj-phy-212-course-page-https-canvas-oregonstate-edu-courses-2053526-announcements,2053526,PHY-212,course_page,Announcements: GENERAL PHYSICS WITH CALCULUS (PH_212_400_U2026),reference,course_navigation_surface|prep_reading,low,reference_only,high,,,,,,,,,1,course navigation/index surface|prep/reading title/text signal
obj-phy-212-course-page-https-canvas-oregonstate-edu-courses-2053526,2053526,PHY-212,course_page,GENERAL PHYSICS WITH CALCULUS (PH_212_400_U2026),reference,course_navigation_surface,low,reference_only,high,,,,,,,,redirected,2,course navigation/index surface
obj-phy-212-discussion-11563812,2053526,PHY-212,discussion,Topic: 🤔 Project | Optional Step: Find Group Members,graded_task,graded_task|prep_reading,high,action_required,high,,,,,,,,,1,task-like discussion object|prep/reading title/text signal
obj-phy-212-discussion-11563802,2053526,PHY-212,discussion,Topic: Course Introductions,graded_task,graded_task,high,action_required,high,,,,,,,,redirected,2,task-like discussion object
obj-phy-212-discussion-11597788,2053526,PHY-212,discussion,Topic: First day lecture and participation,reference,reference,low,reference_only,medium,,,,,,,,,1,default retained reference
obj-phy-212-discussion-11563815,2053526,PHY-212,discussion,Topic: General Discussion & FAQs,graded_task,graded_task|critical_setup|prep_reading|admin_policy,high,action_required,high,,,,,mod-phy-212-003-student-resources,Student resources,mi-phy-212-26896950,redirected,3,task-like discussion object|critical setup title/text signal|prep/reading title/text signal|admin/policy signal
obj-phy-212-discussion-11579973,2053526,PHY-212,discussion,Topic: Lab 1 Discussion - Lab Group 22,graded_task,graded_task,high,action_required,high,,,,,,,,redirected,1,task-like discussion object
obj-phy-212-discussion-11601297,2053526,PHY-212,discussion,Topic: Please email your Lab TA to confirm your meeting time,reference,reference,low,reference_only,medium,,,,,,,,,1,default retained reference
obj-phy-212-discussion-11563801,2053526,PHY-212,discussion,Topic: Welcome!,reference,reference,low,reference_only,medium,,,,,,,,,1,default retained reference
obj-phy-212-discussions-https-canvas-oregonstate-edu-courses-2053526-discussion-topics,2053526,PHY-212,discussions,Discussions: GENERAL PHYSICS WITH CALCULUS (PH_212_400_U2026),reference,course_navigation_surface|prep_reading,low,reference_only,high,Jun 25,Jul 4,,,,,,,1,course navigation/index surface|prep/reading title/text signal
obj-phy-212-discussions-https-canvas-oregonstate-edu-groups-733396-discussion-topics,2053526,PHY-212,discussions,Discussions: Lab Group 22,reference,course_navigation_surface|prep_reading,low,reference_only,high,Jun 25,Aug 15,,,,,,redirected,1,course navigation/index surface|prep/reading title/text signal
obj-phy-212-download-118705530,2053526,PHY-212,download,CamScanner,critical_setup,critical_setup|file_reference|download_indexed_not_read,high,action_required,high,,,,,,,,,2,critical setup title/text signal|download object|download link not parsed
obj-phy-212-download-118705575,2053526,PHY-212,download,Download,file_reference,file_reference|download_indexed_not_read,low,review_needed,low,,,,,,,,,3,download object|download link not parsed
obj-phy-212-download-119256249,2053526,PHY-212,download,first day overview.pdf,file_reference,file_reference|download_indexed_not_read,low,review_needed,low,,,,,,,,,2,download object|download link not parsed
obj-phy-212-download-119284452,2053526,PHY-212,download,M1-00.pdf,file_reference,file_reference|download_indexed_not_read,low,review_needed,low,,,,,,,,,4,download object|download link not parsed
obj-phy-212-download-119291668,2053526,PHY-212,download,M1-01.pdf,file_reference,file_reference|download_indexed_not_read,low,review_needed,low,,,,,,,,,4,download object|download link not parsed
obj-phy-212-download-118706071,2053526,PHY-212,download,Scannable or GeniusScan,critical_setup,critical_setup|file_reference|download_indexed_not_read,high,action_required,high,,,,,,,,,2,critical setup title/text signal|download object|download link not parsed
obj-phy-212-download-119256264,2053526,PHY-212,download,syllabus_U2026.pdf,critical_setup,critical_setup|file_reference|download_indexed_not_read,high,action_required,high,,,,,,,,,2,critical setup title/text signal|download object|download link not parsed
obj-phy-212-file-119256249,2053526,PHY-212,file,first day overview.pdf: GENERAL PHYSICS WITH CALCULUS (PH_212_400_U2026),file_reference,file_reference,low,reference_only,medium,,,,,mod-phy-212-002-course-information,Course information,mi-phy-212-26997777,redirected,3,file object
obj-phy-212-file-118705575,2053526,PHY-212,file,Proctorio Guide.pdf: GENERAL PHYSICS WITH CALCULUS (PH_212_400_U2026),critical_setup,critical_setup|file_reference,high,action_required,high,,,,,,,,,1,critical setup title/text signal|file object
obj-phy-212-file-119256264,2053526,PHY-212,file,syllabus_U2026.pdf: GENERAL PHYSICS WITH CALCULUS (PH_212_400_U2026),critical_setup,critical_setup|file_reference,high,action_required,high,,,,,mod-phy-212-002-course-information,Course information,mi-phy-212-26992777,redirected,3,critical setup title/text signal|file object
obj-phy-212-grades-https-canvas-oregonstate-edu-courses-2053526-grades,2053526,PHY-212,grades,Grades for Jacob Peterson: GENERAL PHYSICS WITH CALCULUS (PH_212_400_U2026),reference,course_navigation_surface|critical_setup|prep_reading|lecture_video,low,reference_only,high,Jun 25 by 11:59pm,,5,,,,,,1,course navigation/index surface|critical setup title/text signal|prep/reading title/text signal|video title/link signal
obj-phy-212-modules-https-canvas-oregonstate-edu-courses-2053526-modules,2053526,PHY-212,modules,Course Modules: GENERAL PHYSICS WITH CALCULUS (PH_212_400_U2026),reference,course_navigation_surface|critical_setup|prep_reading|lecture_video|admin_policy,low,reference_only,high,,,5,,,,,,1,course navigation/index surface|critical setup title/text signal|prep/reading title/text signal|video title/link signal|admin/policy signal
obj-phy-212-page-project-7c-consequences-and-implications-of-science,2053526,PHY-212,page,🤔 Project | Consequences & Implications of Science: GENERAL PHYSICS WITH CALCULUS (PH_212_400_U2026),critical_setup,critical_setup,high,action_required,high,,,,,,,,,1,critical setup title/text signal
obj-phy-212-page-academic-misconduct-scenarios,2053526,PHY-212,page,Academic Misconduct Scenarios: GENERAL PHYSICS WITH CALCULUS (PH_212_400_U2026),admin_policy,admin_policy,low,reference_only,medium,,,,,mod-phy-212-003-student-resources,Student resources,mi-phy-212-26896953,redirected,3,admin/policy signal
obj-phy-212-page-accessibility-statements-and-privacy-policies,2053526,PHY-212,page,Accessibility Statements & Privacy Policies: GENERAL PHYSICS WITH CALCULUS (PH_212_400_U2026),admin_policy,admin_policy,low,reference_only,medium,,,,,mod-phy-212-001-start-here,Start Here,mi-phy-212-26896933,redirected,2,admin/policy signal
obj-phy-212-page-announcements,2053526,PHY-212,page,Announcements: GENERAL PHYSICS WITH CALCULUS (PH_212_400_U2026),reference,reference,low,reference_only,medium,,,,,mod-phy-212-002-course-information,Course information,mi-phy-212-26896939,redirected,2,default retained reference
obj-phy-212-page-course-webpages,2053526,PHY-212,page,Course webpages: GENERAL PHYSICS WITH CALCULUS (PH_212_400_U2026),reference,reference,low,reference_only,medium,,,,,mod-phy-212-002-course-information,Course information,mi-phy-212-26896941,redirected,2,default retained reference
obj-phy-212-page-financial-resources-and-more,2053526,PHY-212,page,Financial resources and more: GENERAL PHYSICS WITH CALCULUS (PH_212_400_U2026),admin_policy,admin_policy,low,reference_only,medium,,,,,mod-phy-212-003-student-resources,Student resources,mi-phy-212-26896952,redirected,2,admin/policy signal
obj-phy-212-page-general-information,2053526,PHY-212,page,General information: GENERAL PHYSICS WITH CALCULUS (PH_212_400_U2026),reference,reference,low,reference_only,medium,,,,,mod-phy-212-002-course-information,Course information,mi-phy-212-26896936,redirected,2,default retained reference
obj-phy-212-page-get-your-ph-211-course-materials-2,2053526,PHY-212,page,Get your PH 211 Course Materials! : GENERAL PHYSICS WITH CALCULUS (PH_212_400_U2026),critical_setup,critical_setup|prep_reading,high,action_required,high,,,,,mod-phy-212-002-course-information,Course information,mi-phy-212-26992779,redirected,2,critical setup title/text signal|prep/reading title/text signal
obj-phy-212-page-gradescope,2053526,PHY-212,page,Gradescope: GENERAL PHYSICS WITH CALCULUS (PH_212_400_U2026),critical_setup,critical_setup|lecture_video,high,action_required,high,,,,,mod-phy-212-002-course-information,Course information,mi-phy-212-26896946,redirected,2,critical setup title/text signal|video title/link signal
obj-phy-212-page-help-getting-internet,2053526,PHY-212,page,Help getting internet: GENERAL PHYSICS WITH CALCULUS (PH_212_400_U2026),critical_setup,critical_setup|admin_policy,high,action_required,high,,,,,mod-phy-212-003-student-resources,Student resources,mi-phy-212-26896955,redirected,2,critical setup title/text signal|admin/policy signal
obj-phy-212-page-instructor-information-and-communication-policy,2053526,PHY-212,page,Instructor Information & Communication Policy: GENERAL PHYSICS WITH CALCULUS (PH_212_400_U2026),admin_policy,admin_policy,low,reference_only,medium,,,,,mod-phy-212-001-start-here,Start Here,mi-phy-212-26896931,redirected,2,admin/policy signal
obj-phy-212-page-lab-1-instructions-2,2053526,PHY-212,page,Lab 1 Instructions: GENERAL PHYSICS WITH CALCULUS (PH_212_400_U2026),critical_setup,critical_setup,high,action_required,high,,,,,mod-phy-212-004-module-1-circular-motion,Module 1 | Circular Motion,mi-phy-212-26896962,redirected,2,critical setup title/text signal
obj-phy-212-page-lab-1-team-building-and-uncertainty-refresher,2053526,PHY-212,page,Lab 1: Team Building and Uncertainty Refresher: GENERAL PHYSICS WITH CALCULUS (PH_212_400_U2026),critical_setup,critical_setup,high,action_required,high,,,,,,,,,1,critical setup title/text signal
obj-phy-212-page-lab-2-instructions-2,2053526,PHY-212,page,Lab 2 Instructions: GENERAL PHYSICS WITH CALCULUS (PH_212_400_U2026),critical_setup,critical_setup,high,action_required,high,,,,,mod-phy-212-004-module-1-circular-motion,Module 1 | Circular Motion,mi-phy-212-26896965,redirected,2,critical setup title/text signal
obj-phy-212-page-lab-2-uncertainty-propagation,2053526,PHY-212,page,Lab 2: Uncertainty Propagation: GENERAL PHYSICS WITH CALCULUS (PH_212_400_U2026),critical_setup,critical_setup|lecture_video,high,action_required,high,,,,,,,,redirected,1,critical setup title/text signal|video title/link signal
obj-phy-212-page-lab-supplies,2053526,PHY-212,page,Lab Supplies: GENERAL PHYSICS WITH CALCULUS (PH_212_400_U2026),critical_setup,critical_setup,high,action_required,high,,,,,mod-phy-212-004-module-1-circular-motion,Module 1 | Circular Motion,mi-phy-212-26896964,redirected,3,critical setup title/text signal
obj-phy-212-page-module-1-7c-circular-motion-7c-learning-materials,2053526,PHY-212,page,Module 1 | Circular Motion | Learning Materials: GENERAL PHYSICS WITH CALCULUS (PH_212_400_U2026),prep_reading,prep_reading|lecture_video,medium,prep_required,medium,,,,,mod-phy-212-004-module-1-circular-motion,Module 1 | Circular Motion,mi-phy-212-26896959,redirected,3,prep/reading title/text signal|video title/link signal
obj-phy-212-page-module-1-7c-circular-motion-7c-required-activities,2053526,PHY-212,page,Module 1 | Circular Motion | Required Activities: GENERAL PHYSICS WITH CALCULUS (PH_212_400_U2026),critical_setup,critical_setup|prep_reading|lecture_video,high,action_required,high,,,,,mod-phy-212-004-module-1-circular-motion,Module 1 | Circular Motion,mi-phy-212-26896960,redirected,3,critical setup title/text signal|prep/reading title/text signal|video title/link signal
obj-phy-212-page-module-1-7c-motion-7c-conclusion,2053526,PHY-212,page,Module 1 | Motion | Conclusion: GENERAL PHYSICS WITH CALCULUS (PH_212_400_U2026),reference,reference,low,reference_only,medium,,,,,mod-phy-212-004-module-1-circular-motion,Module 1 | Circular Motion,mi-phy-212-26896968,redirected,2,default retained reference
obj-phy-212-page-module-1-7c-overview-of-circular-motion,2053526,PHY-212,page,Module 1 | Overview of Circular Motion: GENERAL PHYSICS WITH CALCULUS (PH_212_400_U2026),prep_reading,prep_reading|admin_policy,medium,prep_required,medium,,,,,mod-phy-212-004-module-1-circular-motion,Module 1 | Circular Motion,mi-phy-212-26896958,redirected,2,prep/reading title/text signal|admin/policy signal
obj-phy-212-page-oer-physics-textbook,2053526,PHY-212,page,OER Physics textbook: GENERAL PHYSICS WITH CALCULUS (PH_212_400_U2026),prep_reading,prep_reading,medium,prep_required,medium,,,,,mod-phy-212-002-course-information,Course information,mi-phy-212-26896949,redirected,2,prep/reading title/text signal
obj-phy-212-page-opt-out-of-lab,2053526,PHY-212,page,Opt-out of lab: GENERAL PHYSICS WITH CALCULUS (PH_212_400_U2026),reference,reference,low,reference_only,medium,,,,,mod-phy-212-002-course-information,Course information,mi-phy-212-26896948,redirected,2,default retained reference
obj-phy-212-page-ph-211-instructional-videos,2053526,PHY-212,page,PH 211 Instructional videos: GENERAL PHYSICS WITH CALCULUS (PH_212_400_U2026),lecture_video,lecture_video|admin_policy,medium,prep_required,medium,,,,,mod-phy-212-003-student-resources,Student resources,mi-phy-212-26896951,redirected,2,video title/link signal|admin/policy signal
obj-phy-212-page-pre-lecture-partial-credit,2053526,PHY-212,page,Pre-lecture partial credit: GENERAL PHYSICS WITH CALCULUS (PH_212_400_U2026),reference,reference,low,reference_only,medium,,,,,mod-phy-212-002-course-information,Course information,mi-phy-212-26896942,redirected,2,default retained reference
obj-phy-212-page-proctorio-setup-and-troubleshooting,2053526,PHY-212,page,Proctorio setup and troubleshooting: GENERAL PHYSICS WITH CALCULUS (PH_212_400_U2026),critical_setup,critical_setup,high,action_required,high,,,,,mod-phy-212-002-course-information,Course information,mi-phy-212-26896947,redirected,3,critical setup title/text signal
obj-phy-212-page-scanned-text-on-reserve-at-library,2053526,PHY-212,page,Scanned text on reserve at library: GENERAL PHYSICS WITH CALCULUS (PH_212_400_U2026),critical_setup,critical_setup,high,action_required,high,,,,,mod-phy-212-002-course-information,Course information,mi-phy-212-26896945,redirected,2,critical setup title/text signal
obj-phy-212-page-scanned-text-on-reserve-at-the-library,2053526,PHY-212,page,Scanned text on reserve at the library: GENERAL PHYSICS WITH CALCULUS (PH_212_400_U2026),critical_setup,critical_setup|admin_policy,high,action_required,high,,,,,mod-phy-212-003-student-resources,Student resources,mi-phy-212-26896954,redirected,2,critical setup title/text signal|admin/policy signal
obj-phy-212-page-scanning-resources-2,2053526,PHY-212,page,Scanning Resources: GENERAL PHYSICS WITH CALCULUS (PH_212_400_U2026),critical_setup,critical_setup|admin_policy,high,action_required,high,,,,,mod-phy-212-003-student-resources,Student resources,mi-phy-212-26896956,redirected,2,critical setup title/text signal|admin/policy signal
obj-phy-212-page-scanning-resources,2053526,PHY-212,page,Scanning Resources: GENERAL PHYSICS WITH CALCULUS (PH_212_400_U2026),critical_setup,critical_setup,high,action_required,high,,,,,,,,,1,critical setup title/text signal
obj-phy-212-page-sources-cited,2053526,PHY-212,page,Sources Cited: GENERAL PHYSICS WITH CALCULUS (PH_212_400_U2026),critical_setup,critical_setup,high,action_required,high,,,,,mod-phy-212-001-start-here,Start Here,mi-phy-212-26896934,redirected,2,critical setup title/text signal
obj-phy-212-page-start-here-conclusion,2053526,PHY-212,page,Start Here - Conclusion: GENERAL PHYSICS WITH CALCULUS (PH_212_400_U2026),reference,reference,low,reference_only,medium,,,,,mod-phy-212-001-start-here,Start Here,mi-phy-212-26896935,redirected,2,default retained reference
obj-phy-212-page-start-here-overview,2053526,PHY-212,page,Start Here - Overview: GENERAL PHYSICS WITH CALCULUS (PH_212_400_U2026),reference,reference,low,reference_only,medium,,,,,mod-phy-212-001-start-here,Start Here,mi-phy-212-26896930,external_tool|redirected,2,default retained reference
obj-phy-212-page-ta-info-and-scheduler,2053526,PHY-212,page,TA Info & Scheduler: GENERAL PHYSICS WITH CALCULUS (PH_212_400_U2026),reference,reference,low,reference_only,medium,,,,,mod-phy-212-002-course-information,Course information,mi-phy-212-26896940,redirected,2,default retained reference
obj-phy-212-page-virtual-wormhole-getting-assistance,2053526,PHY-212,page,Virtual Wormhole - Getting assistance: GENERAL PHYSICS WITH CALCULUS (PH_212_400_U2026),reference,reference,low,reference_only,medium,,,,,mod-phy-212-002-course-information,Course information,mi-phy-212-26896944,redirected,2,default retained reference
obj-phy-212-page-where-to-go-for-help,2053526,PHY-212,page,Where to go for help?: GENERAL PHYSICS WITH CALCULUS (PH_212_400_U2026),admin_policy,admin_policy,low,reference_only,medium,,,,,mod-phy-212-001-start-here,Start Here,mi-phy-212-26896932,redirected,2,admin/policy signal
obj-phy-212-page-zoom-info,2053526,PHY-212,page,Zoom info: GENERAL PHYSICS WITH CALCULUS (PH_212_400_U2026),reference,reference,low,reference_only,medium,,,,,mod-phy-212-002-course-information,Course information,mi-phy-212-26896938,redirected,2,default retained reference
obj-phy-212-quiz-3160489,2053526,PHY-212,quiz,Hw 1 - Rotational Motion: GENERAL PHYSICS WITH CALCULUS (PH_212_400_U2026),graded_task,graded_task|prep_reading,high,action_required,high,,,,,,,,redirected,2,quiz object|prep/reading title/text signal
obj-phy-212-quiz-3160479,2053526,PHY-212,quiz,Lab Collaboration Contract: GENERAL PHYSICS WITH CALCULUS (PH_212_400_U2026),graded_task,graded_task|critical_setup,high,action_required,high,,,5,,mod-phy-212-004-module-1-circular-motion,Module 1 | Circular Motion,mi-phy-212-26942495,redirected,3,quiz object|critical setup title/text signal
obj-phy-212-quiz-3160536,2053526,PHY-212,quiz,Lab Partner Values Survey: GENERAL PHYSICS WITH CALCULUS (PH_212_400_U2026),blocked_or_broken,graded_task|critical_setup|prep_reading|blocked_or_broken,high,action_required,high,,,5,,mod-phy-212-004-module-1-circular-motion,Module 1 | Circular Motion,mi-phy-212-26896963,redirected|unauthorized,11,quiz object|critical setup title/text signal|prep/reading title/text signal|issue=redirected|unauthorized
obj-phy-212-quiz-3169001,2053526,PHY-212,quiz,M1-00asy: GENERAL PHYSICS WITH CALCULUS (PH_212_400_U2026),blocked_or_broken,graded_task|critical_setup|lecture_video|blocked_or_broken,high,action_required,high,,,1,,,,,redirected|unauthorized,8,quiz object|critical setup title/text signal|video title/link signal|issue=redirected|unauthorized
obj-phy-212-quiz-3169000,2053526,PHY-212,quiz,M1-0asy: GENERAL PHYSICS WITH CALCULUS (PH_212_400_U2026),blocked_or_broken,graded_task|prep_reading|lecture_video|blocked_or_broken,high,action_required,high,,,1,,,,,redirected|unauthorized,6,quiz object|prep/reading title/text signal|video title/link signal|issue=redirected|unauthorized
obj-phy-212-quiz-3160454,2053526,PHY-212,quiz,M1-1asy: GENERAL PHYSICS WITH CALCULUS (PH_212_400_U2026),blocked_or_broken,graded_task|critical_setup|lecture_video|blocked_or_broken,high,action_required,high,,,1,,,,,redirected|unauthorized,9,quiz object|critical setup title/text signal|video title/link signal|issue=redirected|unauthorized
obj-phy-212-quiz-3160514,2053526,PHY-212,quiz,M1-1pre: GENERAL PHYSICS WITH CALCULUS (PH_212_400_U2026),blocked_or_broken,graded_task|prep_reading|lecture_video|blocked_or_broken,high,action_required,high,,,3,,,,,redirected|unauthorized,5,quiz object|prep/reading title/text signal|video title/link signal|issue=redirected|unauthorized
obj-phy-212-quiz-3160491,2053526,PHY-212,quiz,M1-2asy: GENERAL PHYSICS WITH CALCULUS (PH_212_400_U2026),graded_task,graded_task|critical_setup|lecture_video,high,action_required,high,,,,,,,,redirected,3,quiz object|critical setup title/text signal|video title/link signal
obj-phy-212-quiz-3160464,2053526,PHY-212,quiz,M1-2pre: GENERAL PHYSICS WITH CALCULUS (PH_212_400_U2026),blocked_or_broken,graded_task|prep_reading|lecture_video|blocked_or_broken,high,action_required,high,,,3,,,,,redirected|unauthorized,5,quiz object|prep/reading title/text signal|video title/link signal|issue=redirected|unauthorized
obj-phy-212-quiz-3160475,2053526,PHY-212,quiz,M1-3pre: GENERAL PHYSICS WITH CALCULUS (PH_212_400_U2026),graded_task,graded_task,high,action_required,high,,,,,,,,redirected,2,quiz object
obj-phy-212-quiz-3160500,2053526,PHY-212,quiz,M1-4pre: GENERAL PHYSICS WITH CALCULUS (PH_212_400_U2026),graded_task,graded_task,high,action_required,high,,,,,,,,redirected,2,quiz object
obj-phy-212-quiz-3160476,2053526,PHY-212,quiz,M1-5pre: GENERAL PHYSICS WITH CALCULUS (PH_212_400_U2026),graded_task,graded_task,high,action_required,high,,,,,,,,redirected,2,quiz object
obj-phy-212-quiz-3160506,2053526,PHY-212,quiz,Proctorio practice quiz (Remotely Proctored): GENERAL PHYSICS WITH CALCULUS (PH_212_400_U2026),graded_task,graded_task|critical_setup|prep_reading,high,action_required,high,,,5,,mod-phy-212-004-module-1-circular-motion,Module 1 | Circular Motion,mi-phy-212-26896961,redirected,4,quiz object|critical setup title/text signal|prep/reading title/text signal
obj-phy-212-quiz-3160444,2053526,PHY-212,quiz,Unauthorized,blocked_or_broken,graded_task|blocked_or_broken,high,action_required,high,,,,,,,,unauthorized,1,quiz object|issue=unauthorized
obj-phy-212-quiz-3160508,2053526,PHY-212,quiz,Unauthorized,blocked_or_broken,graded_task|blocked_or_broken,high,action_required,high,,,,,,,,unauthorized,1,quiz object|issue=unauthorized
obj-phy-212-quiz-3160457,2053526,PHY-212,quiz,Unauthorized,blocked_or_broken,graded_task|blocked_or_broken,high,action_required,high,,,,,,,,unauthorized,1,quiz object|issue=unauthorized
obj-phy-212-quiz-3160440,2053526,PHY-212,quiz,Unauthorized,blocked_or_broken,graded_task|blocked_or_broken,high,action_required,high,,,,,,,,unauthorized,1,quiz object|issue=unauthorized
obj-phy-212-quiz-3160453,2053526,PHY-212,quiz,Unauthorized,blocked_or_broken,graded_task|blocked_or_broken,high,action_required,high,,,,,,,,unauthorized,1,quiz object|issue=unauthorized
