course_id,course_code,module_id,module_order,module_title,module_item_id,canvas_module_item_id,item_order,module_item_title,item_type,destination_object_id,destination_object_type,destination_canvas_object_id,destination_page_id,capture_status,has_task,task_id,task_type,task_review_state,classification_category,classification_labels,confidence,in_assignments_surface,in_grades_surface,has_download,has_review,review_reasons,issue_types,crosscheck_status,notes,source_page_id,source_url,destination_url
2080857,MTH-252,mod-mth-252-001-keys-solutions,1,Keys/Solutions,mi-mth-252-26982502,26982502,1,WHW1-Key.pdf,Attachment,obj-mth-252-file-119223581,file,119223581,00026-mth-252-module-item-whw1-key-pdf-integral-calculus-mth-252z-400-u2026,captured,no,,,,file_reference,file_reference,medium,no,no,no,no,,redirected,module_item_reference_only,,00002-mth-252-modules-course-modules-integral-calculus-mth-252z-400-u2026,https://canvas.oregonstate.edu/courses/2080857/modules,https://canvas.oregonstate.edu/courses/2080857/files/119223581?module_item_id=26982502
2080857,MTH-252,mod-mth-252-001-keys-solutions,1,Keys/Solutions,mi-mth-252-26982503,26982503,2,WHW2-Key.pdf,Attachment,obj-mth-252-file-119223582,file,119223582,00027-mth-252-module-item-whw2-key-pdf-integral-calculus-mth-252z-400-u2026,captured,no,,,,file_reference,file_reference,medium,no,no,no,no,,redirected,module_item_reference_only,,00002-mth-252-modules-course-modules-integral-calculus-mth-252z-400-u2026,https://canvas.oregonstate.edu/courses/2080857/modules,https://canvas.oregonstate.edu/courses/2080857/files/119223582?module_item_id=26982503
2080857,MTH-252,mod-mth-252-001-keys-solutions,1,Keys/Solutions,mi-mth-252-26982504,26982504,3,WHW3-Key.pdf,Attachment,obj-mth-252-file-119223584,file,119223584,00028-mth-252-module-item-whw3-key-pdf-integral-calculus-mth-252z-400-u2026,captured,no,,,,file_reference,file_reference,medium,no,no,no,no,,redirected,module_item_reference_only,,00002-mth-252-modules-course-modules-integral-calculus-mth-252z-400-u2026,https://canvas.oregonstate.edu/courses/2080857/modules,https://canvas.oregonstate.edu/courses/2080857/files/119223584?module_item_id=26982504
2080857,MTH-252,mod-mth-252-002-start-here,2,Start Here,mi-mth-252-26982519,26982519,4,Start Here — Overview,Page,obj-mth-252-page-start-here-overview,page,start-here-overview,00029-mth-252-module-item-start-here-overview-integral-calculus-mth-252z-400-u2026,captured,yes,task-00253-mth-252-required-ungraded-task-start-here-overview-integral-calculus-mth-252z-400-u2026,required_ungraded_task,candidate,required_ungraded_task,required_ungraded_task,medium,no,no,no,no,,redirected,module_item_has_task,,00002-mth-252-modules-course-modules-integral-calculus-mth-252z-400-u2026,https://canvas.oregonstate.edu/courses/2080857/modules,https://canvas.oregonstate.edu/courses/2080857/pages/start-here-overview?module_item_id=26982519
2080857,MTH-252,mod-mth-252-002-start-here,2,Start Here,mi-mth-252-26982520,26982520,5,Start Here — Instructor Information & Communication Policy,Page,obj-mth-252-page-start-here-instructor-information-and-communication-policy,page,start-here-instructor-information-and-communication-policy,00030-mth-252-module-item-start-here-instructor-information-communication-policy-integral-calculus-mth-252z-400-u2026,captured,no,,,,required_ungraded_task,required_ungraded_task|admin_policy,medium,no,no,no,no,,redirected,module_item_important_reference,,00002-mth-252-modules-course-modules-integral-calculus-mth-252z-400-u2026,https://canvas.oregonstate.edu/courses/2080857/modules,https://canvas.oregonstate.edu/courses/2080857/pages/start-here-instructor-information-and-communication-policy?module_item_id=26982520
2080857,MTH-252,mod-mth-252-002-start-here,2,Start Here,mi-mth-252-26982522,26982522,6,Syllabus and Calendar (as of 7/05) --> Both Sections 400 and 401,Page,obj-mth-252-page-syllabus-and-calendar-as-of-7-slash-05-3e-both-sections-400-and-401,page,syllabus-and-calendar-as-of-7-slash-05-%3E-both-sections-400-and-401,00031-mth-252-module-item-syllabus-and-calendar-as-of-7-05-both-sections-400-and-401-integral-calculus-mth-252z-400-u2026,captured,yes,task-00255-mth-252-critical-setup-syllabus-and-calendar-as-of-7-05-both-sections-400-and-401-integral-calculus-mth,critical_setup,candidate,critical_setup,required_ungraded_task|critical_setup,high,no,no,no,no,,redirected,module_item_has_task,,00002-mth-252-modules-course-modules-integral-calculus-mth-252z-400-u2026,https://canvas.oregonstate.edu/courses/2080857/modules,https://canvas.oregonstate.edu/courses/2080857/pages/syllabus-and-calendar-as-of-7-slash-05-%3E-both-sections-400-and-401?module_item_id=26982522
2080857,MTH-252,mod-mth-252-002-start-here,2,Start Here,mi-mth-252-26990499,26990499,7,Get your MTH 252Z Course Materials! (Access Code + Ebook),Page,obj-mth-252-page-get-your-mth-252z-course-materials-access-code-ebook,page,get-your-mth-252z-course-materials-access-code-+-ebook,00032-mth-252-module-item-get-your-mth-252z-course-materials-access-code-ebook-integral-calculus-mth-252z-400-u2026,captured,yes,task-00241-mth-252-critical-setup-get-your-mth-252z-course-materials-access-code-ebook-integral-calculus-mth-252z-,critical_setup,candidate,critical_setup,critical_setup|prep_reading,high,no,no,no,no,,redirected,module_item_has_task,,00002-mth-252-modules-course-modules-integral-calculus-mth-252z-400-u2026,https://canvas.oregonstate.edu/courses/2080857/modules,https://canvas.oregonstate.edu/courses/2080857/pages/get-your-mth-252z-course-materials-access-code-+-ebook?module_item_id=26990499
2080857,MTH-252,mod-mth-252-002-start-here,2,Start Here,mi-mth-252-26982524,26982524,8,Achieve Registration Process_v3.pdf,Attachment,obj-mth-252-file-119223565,file,119223565,00033-mth-252-module-item-achieve-registration-process-v3-pdf-integral-calculus-mth-252z-400-u2026,captured,yes,task-00207-mth-252-critical-setup-achieve-registration-process-v3-pdf-integral-calculus-mth-252z-400-u2026,critical_setup,candidate,critical_setup,critical_setup|file_reference,high,no,no,no,no,,redirected,module_item_has_task,,00002-mth-252-modules-course-modules-integral-calculus-mth-252z-400-u2026,https://canvas.oregonstate.edu/courses/2080857/modules,https://canvas.oregonstate.edu/courses/2080857/files/119223565?module_item_id=26982524
2080857,MTH-252,mod-mth-252-002-start-here,2,Start Here,mi-mth-252-26982525,26982525,9,Free Trial/Grace Period in Achieve (2 weeks),Page,obj-mth-252-page-free-trial-slash-grace-period-in-achieve-2-weeks,page,free-trial-slash-grace-period-in-achieve-2-weeks,00034-mth-252-module-item-free-trial-grace-period-in-achieve-2-weeks-integral-calculus-mth-252z-400-u2026,captured,yes,task-00239-mth-252-required-ungraded-task-free-trial-grace-period-in-achieve-2-weeks-integral-calculus-mth-252z-400-u2026,required_ungraded_task,candidate,required_ungraded_task,required_ungraded_task,medium,no,no,no,no,,redirected,module_item_has_task,,00002-mth-252-modules-course-modules-integral-calculus-mth-252z-400-u2026,https://canvas.oregonstate.edu/courses/2080857/modules,https://canvas.oregonstate.edu/courses/2080857/pages/free-trial-slash-grace-period-in-achieve-2-weeks?module_item_id=26982525
2080857,MTH-252,mod-mth-252-002-start-here,2,Start Here,mi-mth-252-26982526,26982526,10,OpenStax Course Online Textbook (pdf downloadable) Links to an external site.,External Url,obj-mth-252-module-item-26982526,module_item,26982526,00351-mth-252-linked-detail-openstax-course-online-textbook-pdf-downloadable,captured,yes,task-00219-mth-252-prep-reading-openstax-course-online-textbook-pdf-downloadable,prep_reading,candidate,prep_reading,prep_reading,medium,no,no,no,no,,,module_item_has_task,,00002-mth-252-modules-course-modules-integral-calculus-mth-252z-400-u2026,https://canvas.oregonstate.edu/courses/2080857/modules,https://canvas.oregonstate.edu/courses/2080857/modules/items/26982526
2080857,MTH-252,mod-mth-252-002-start-here,2,Start Here,mi-mth-252-26982527,26982527,11,Gradescope Submissions - Students are held accountable for verifying submissions 8,Context Module Sub Header,obj-mth-252-module-subheader-26982527,module_subheader,26982527,,structural_marker,yes,task-00224-mth-252-critical-setup-gradescope-submissions-students-are-held-accountable-for-verifying-submissions-8,critical_setup,candidate,critical_setup,critical_setup,high,no,no,no,no,,,module_item_reference_only,Object inferred from module item listing without captured destination page.,00002-mth-252-modules-course-modules-integral-calculus-mth-252z-400-u2026,https://canvas.oregonstate.edu/courses/2080857/modules,
2080857,MTH-252,mod-mth-252-002-start-here,2,Start Here,mi-mth-252-26982528,26982528,12,Videos below: Show what verifying subs looks like. 9,Context Module Sub Header,obj-mth-252-module-subheader-26982528,module_subheader,26982528,,structural_marker,yes,task-00225-mth-252-lecture-video-videos-below-show-what-verifying-subs-looks-like-9,lecture_video,candidate,lecture_video,lecture_video,medium,no,no,no,no,,,module_item_reference_only,Object inferred from module item listing without captured destination page.,00002-mth-252-modules-course-modules-integral-calculus-mth-252z-400-u2026,https://canvas.oregonstate.edu/courses/2080857/modules,
2080857,MTH-252,mod-mth-252-002-start-here,2,Start Here,mi-mth-252-26982529,26982529,13,Gradescope Submission Using Phone (no audio),External Tool,obj-mth-252-module-item-26982529,module_item,26982529,00035-mth-252-module-item-gradescope-submission-using-phone-no-audio,captured,yes,task-00214-mth-252-critical-setup-gradescope-submission-using-phone-no-audio,critical_setup,candidate,critical_setup,required_ungraded_task|critical_setup,high,no,no,no,no,,external_tool,module_item_has_task,,00002-mth-252-modules-course-modules-integral-calculus-mth-252z-400-u2026,https://canvas.oregonstate.edu/courses/2080857/modules,https://canvas.oregonstate.edu/courses/2080857/modules/items/26982529
2080857,MTH-252,mod-mth-252-002-start-here,2,Start Here,mi-mth-252-26982530,26982530,14,Gradescope Submission Using Computer (no audio),External Tool,obj-mth-252-module-item-26982530,module_item,26982530,00036-mth-252-module-item-gradescope-submission-using-computer-no-audio,captured,yes,task-00213-mth-252-critical-setup-gradescope-submission-using-computer-no-audio,critical_setup,candidate,critical_setup,required_ungraded_task|critical_setup,high,no,no,no,no,,external_tool,module_item_has_task,,00002-mth-252-modules-course-modules-integral-calculus-mth-252z-400-u2026,https://canvas.oregonstate.edu/courses/2080857/modules,https://canvas.oregonstate.edu/courses/2080857/modules/items/26982530
2080857,MTH-252,mod-mth-252-002-start-here,2,Start Here,mi-mth-252-26982531,26982531,15,Start Here — Where to go for help?,Page,obj-mth-252-page-start-here-where-to-go-for-help,page,start-here-where-to-go-for-help,00037-mth-252-module-item-start-here-where-to-go-for-help-integral-calculus-mth-252z-400-u2026,captured,no,,,,admin_policy,admin_policy,medium,no,no,no,no,,redirected,module_item_reference_only,,00002-mth-252-modules-course-modules-integral-calculus-mth-252z-400-u2026,https://canvas.oregonstate.edu/courses/2080857/modules,https://canvas.oregonstate.edu/courses/2080857/pages/start-here-where-to-go-for-help?module_item_id=26982531
2080857,MTH-252,mod-mth-252-002-start-here,2,Start Here,mi-mth-252-26982532,26982532,16,Start Here — Accessibility Statements & Privacy Policies,Page,obj-mth-252-page-start-here-accessibility-statements-and-privacy-policies,page,start-here-accessibility-statements-and-privacy-policies,00038-mth-252-module-item-start-here-accessibility-statements-privacy-policies-integral-calculus-mth-252z-400-u2026,captured,no,,,,admin_policy,admin_policy,medium,no,no,no,no,,redirected,module_item_reference_only,,00002-mth-252-modules-course-modules-integral-calculus-mth-252z-400-u2026,https://canvas.oregonstate.edu/courses/2080857/modules,https://canvas.oregonstate.edu/courses/2080857/pages/start-here-accessibility-statements-and-privacy-policies?module_item_id=26982532
2080857,MTH-252,mod-mth-252-002-start-here,2,Start Here,mi-mth-252-26982533,26982533,17,Start Here — Sources Cited,Page,obj-mth-252-page-start-here-sources-cited,page,start-here-sources-cited,00039-mth-252-module-item-start-here-sources-cited-integral-calculus-mth-252z-400-u2026,captured,yes,task-00254-mth-252-critical-setup-start-here-sources-cited-integral-calculus-mth-252z-400-u2026,critical_setup,candidate,critical_setup,critical_setup,high,no,no,no,no,,redirected,module_item_has_task,,00002-mth-252-modules-course-modules-integral-calculus-mth-252z-400-u2026,https://canvas.oregonstate.edu/courses/2080857/modules,https://canvas.oregonstate.edu/courses/2080857/pages/start-here-sources-cited?module_item_id=26982533
2080857,MTH-252,mod-mth-252-002-start-here,2,Start Here,mi-mth-252-26982534,26982534,18,Start Here — Conclusion,Page,obj-mth-252-page-start-here-conclusion,page,start-here-conclusion,00040-mth-252-module-item-start-here-conclusion-integral-calculus-mth-252z-400-u2026,captured,no,,,,reference,reference,medium,no,no,no,no,,redirected,module_item_reference_only,,00002-mth-252-modules-course-modules-integral-calculus-mth-252z-400-u2026,https://canvas.oregonstate.edu/courses/2080857/modules,https://canvas.oregonstate.edu/courses/2080857/pages/start-here-conclusion?module_item_id=26982534
2080857,MTH-252,mod-mth-252-002-start-here,2,Start Here,mi-mth-252-26982539,26982539,19,Q&A Discussion,Discussion Topic,obj-mth-252-discussion-11593476,discussion,11593476,00041-mth-252-module-item-topic-q-a-discussion,captured,no,,,,reference,reference,medium,no,no,no,no,,redirected,module_item_reference_only,,00002-mth-252-modules-course-modules-integral-calculus-mth-252z-400-u2026,https://canvas.oregonstate.edu/courses/2080857/modules,https://canvas.oregonstate.edu/courses/2080857/discussion_topics/11593476?module_item_id=26982539
2080857,MTH-252,mod-mth-252-003-tutoring-support-and-course-resources,3,Tutoring Support and Course Resources,mi-mth-252-26982535,26982535,20,Website: MSLC --> Peer tutoring,External Url,obj-mth-252-module-item-26982535,module_item,26982535,00353-mth-252-linked-detail-website-mslc-peer-tutoring,captured,no,,,,reference,reference,medium,no,no,no,no,,,module_item_reference_only,,00002-mth-252-modules-course-modules-integral-calculus-mth-252z-400-u2026,https://canvas.oregonstate.edu/courses/2080857/modules,https://canvas.oregonstate.edu/courses/2080857/modules/items/26982535
2080857,MTH-252,mod-mth-252-003-tutoring-support-and-course-resources,3,Tutoring Support and Course Resources,mi-mth-252-26982536,26982536,21,MSLC Summer Tutoring Hours.pdf,Attachment,obj-mth-252-file-119223484,file,119223484,00042-mth-252-module-item-mlc-hours-pdf-integral-calculus-mth-252z-400-u2026,captured,no,,,,file_reference,file_reference,medium,no,no,no,no,,redirected,module_item_reference_only,,00002-mth-252-modules-course-modules-integral-calculus-mth-252z-400-u2026,https://canvas.oregonstate.edu/courses/2080857/modules,https://canvas.oregonstate.edu/courses/2080857/files/119223484?module_item_id=26982536
2080857,MTH-252,mod-mth-252-003-tutoring-support-and-course-resources,3,Tutoring Support and Course Resources,mi-mth-252-26982537,26982537,22,How-To Videos,Page,obj-mth-252-page-how-to-videos,page,how-to-videos,00043-mth-252-module-item-how-to-videos-integral-calculus-mth-252z-400-u2026,captured,yes,task-00242-mth-252-critical-setup-how-to-videos-integral-calculus-mth-252z-400-u2026,critical_setup,candidate,critical_setup,critical_setup|lecture_video,high,no,no,no,no,,redirected,module_item_has_task,,00002-mth-252-modules-course-modules-integral-calculus-mth-252z-400-u2026,https://canvas.oregonstate.edu/courses/2080857/modules,https://canvas.oregonstate.edu/courses/2080857/pages/how-to-videos?module_item_id=26982537
2080857,MTH-252,mod-mth-252-003-tutoring-support-and-course-resources,3,Tutoring Support and Course Resources,mi-mth-252-26982538,26982538,23,CamScanner: Making ONE pdf with multiple pages Links to an external site.,External Url,obj-mth-252-external-url-26982538,external_url,26982538,,external_unvisited,yes,task-00091-mth-252-critical-setup-camscanner-making-one-pdf-with-multiple-pages-links-to-an-external-site,critical_setup,candidate,critical_setup,critical_setup|external_tool,high,no,no,no,yes,external_surface,,module_item_external_unvisited,Object inferred from module item listing without captured destination page.,00002-mth-252-modules-course-modules-integral-calculus-mth-252z-400-u2026,https://canvas.oregonstate.edu/courses/2080857/modules,https://youtu.be/aP78GQc9gNA
2080857,MTH-252,mod-mth-252-003-tutoring-support-and-course-resources,3,Tutoring Support and Course Resources,mi-mth-252-27022202,27022202,24,Textbook: OpenStax Calculus - Volume 1 link Links to an external site.,External Url,obj-mth-252-module-item-27022202,module_item,27022202,00354-mth-252-linked-detail-textbook-openstax-calculus-volume-1-link,captured,yes,task-00220-mth-252-prep-reading-textbook-openstax-calculus-volume-1-link,prep_reading,candidate,prep_reading,prep_reading,medium,no,no,no,no,,,module_item_has_task,,00002-mth-252-modules-course-modules-integral-calculus-mth-252z-400-u2026,https://canvas.oregonstate.edu/courses/2080857/modules,https://canvas.oregonstate.edu/courses/2080857/modules/items/27022202
2080857,MTH-252,mod-mth-252-004-mth-251-review-optional,4,MTH 251 Review **Optional**,mi-mth-252-26982540,26982540,25,Review (Optional) - 3.3 Differentiation Rules,External Tool,obj-mth-252-module-item-26982540,module_item,26982540,00044-mth-252-module-item-review-optional-3-3-differentiation-rules,captured,no,,,,reference,reference,medium,no,no,no,no,,external_tool,module_item_reference_only,,00002-mth-252-modules-course-modules-integral-calculus-mth-252z-400-u2026,https://canvas.oregonstate.edu/courses/2080857/modules,https://canvas.oregonstate.edu/courses/2080857/modules/items/26982540
2080857,MTH-252,mod-mth-252-004-mth-251-review-optional,4,MTH 251 Review **Optional**,mi-mth-252-26982541,26982541,26,Review (Optional) - 3.5 Derivatives of Trigonometric Functions,External Tool,obj-mth-252-module-item-26982541,module_item,26982541,00045-mth-252-module-item-review-optional-3-5-derivatives-of-trigonometric-functions,captured,no,,,,reference,reference,medium,no,no,no,no,,external_tool,module_item_reference_only,,00002-mth-252-modules-course-modules-integral-calculus-mth-252z-400-u2026,https://canvas.oregonstate.edu/courses/2080857/modules,https://canvas.oregonstate.edu/courses/2080857/modules/items/26982541
2080857,MTH-252,mod-mth-252-004-mth-251-review-optional,4,MTH 251 Review **Optional**,mi-mth-252-26982542,26982542,27,Review (Optional) - 3.6 The Chain Rule,External Tool,obj-mth-252-module-item-26982542,module_item,26982542,00046-mth-252-module-item-review-optional-3-6-the-chain-rule,captured,no,,,,reference,reference,medium,no,no,no,no,,external_tool,module_item_reference_only,,00002-mth-252-modules-course-modules-integral-calculus-mth-252z-400-u2026,https://canvas.oregonstate.edu/courses/2080857/modules,https://canvas.oregonstate.edu/courses/2080857/modules/items/26982542
2080857,MTH-252,mod-mth-252-004-mth-251-review-optional,4,MTH 251 Review **Optional**,mi-mth-252-26982543,26982543,28,Review (Optional) - 3.9 Derivatives of Exponential and Logarithmic Functions,External Tool,obj-mth-252-module-item-26982543,module_item,26982543,00047-mth-252-module-item-review-optional-3-9-derivatives-of-exponential-and-logarithmic-functions,captured,no,,,,reference,reference,medium,no,no,no,no,,external_tool,module_item_reference_only,,00002-mth-252-modules-course-modules-integral-calculus-mth-252z-400-u2026,https://canvas.oregonstate.edu/courses/2080857/modules,https://canvas.oregonstate.edu/courses/2080857/modules/items/26982543
2080857,MTH-252,mod-mth-252-005-module-1-intro-to-riemann-sums-upper-lower-left-right-and-midpoint-riemann-sums,5,"Module 1: Intro to Riemann Sums: Upper, Lower, Left, Right, and Midpoint Riemann Sums",mi-mth-252-26982544,26982544,29,Module 1 — Overview,Page,obj-mth-252-page-module-1-overview,page,module-1-overview,00048-mth-252-module-item-module-1-overview-integral-calculus-mth-252z-400-u2026,captured,no,,,,reference,reference,medium,no,no,no,no,,redirected,module_item_reference_only,,00002-mth-252-modules-course-modules-integral-calculus-mth-252z-400-u2026,https://canvas.oregonstate.edu/courses/2080857/modules,https://canvas.oregonstate.edu/courses/2080857/pages/module-1-overview?module_item_id=26982544
2080857,MTH-252,mod-mth-252-005-module-1-intro-to-riemann-sums-upper-lower-left-right-and-midpoint-riemann-sums,5,"Module 1: Intro to Riemann Sums: Upper, Lower, Left, Right, and Midpoint Riemann Sums",mi-mth-252-26982545,26982545,30,Module 1 — Learning Materials and Practice Activities 🕓 3 - 5 hours,Page,obj-mth-252-page-module-1-learning-materials-and-practice-activities-3-5-hours-2,page,module-1-learning-materials-and-practice-activities-3-5-hours-2,00049-mth-252-module-item-module-1-learning-materials-and-practice-activities-3-5-hours-integral-calculus-mth-252z-400-u20,captured,yes,task-00243-mth-252-prep-reading-module-1-learning-materials-and-practice-activities-3-5-hours-integral-calculus-,prep_reading,candidate,prep_reading,prep_reading|lecture_video,medium,no,no,no,no,,redirected,module_item_has_task,,00002-mth-252-modules-course-modules-integral-calculus-mth-252z-400-u2026,https://canvas.oregonstate.edu/courses/2080857/modules,https://canvas.oregonstate.edu/courses/2080857/pages/module-1-learning-materials-and-practice-activities-3-5-hours-2?module_item_id=26982545
2080857,MTH-252,mod-mth-252-005-module-1-intro-to-riemann-sums-upper-lower-left-right-and-midpoint-riemann-sums,5,"Module 1: Intro to Riemann Sums: Upper, Lower, Left, Right, and Midpoint Riemann Sums",mi-mth-252-26982546,26982546,31,Dr. G's Lecture Notes--> Sect. 1.1 and 1.2,Attachment,obj-mth-252-file-119223553,file,119223553,00050-mth-252-module-item-252-lecture-1-1-to-me1-pdf-integral-calculus-mth-252z-400-u2026,captured,yes,task-00202-mth-252-prep-reading-252-lecture-1-1-to-me1-pdf-integral-calculus-mth-252z-400-u2026,prep_reading,candidate,prep_reading,prep_reading|file_reference,medium,no,no,no,no,,redirected,module_item_has_task,,00002-mth-252-modules-course-modules-integral-calculus-mth-252z-400-u2026,https://canvas.oregonstate.edu/courses/2080857/modules,https://canvas.oregonstate.edu/courses/2080857/files/119223553?module_item_id=26982546
2080857,MTH-252,mod-mth-252-005-module-1-intro-to-riemann-sums-upper-lower-left-right-and-midpoint-riemann-sums,5,"Module 1: Intro to Riemann Sums: Upper, Lower, Left, Right, and Midpoint Riemann Sums",mi-mth-252-26982547,26982547,32,Dr. G's Videos --> 1.1,Page,obj-mth-252-page-dr-gs-videos-3e-1-dot-1,page,dr-gs-videos-%3E-1-dot-1,00051-mth-252-module-item-dr-g-s-videos-1-1-integral-calculus-mth-252z-400-u2026,captured,yes,task-00236-mth-252-lecture-video-dr-g-s-videos-1-1-integral-calculus-mth-252z-400-u2026,lecture_video,candidate,lecture_video,lecture_video,medium,no,no,no,no,,redirected,module_item_has_task,,00002-mth-252-modules-course-modules-integral-calculus-mth-252z-400-u2026,https://canvas.oregonstate.edu/courses/2080857/modules,https://canvas.oregonstate.edu/courses/2080857/pages/dr-gs-videos-%3E-1-dot-1?module_item_id=26982547
2080857,MTH-252,mod-mth-252-005-module-1-intro-to-riemann-sums-upper-lower-left-right-and-midpoint-riemann-sums,5,"Module 1: Intro to Riemann Sums: Upper, Lower, Left, Right, and Midpoint Riemann Sums",mi-mth-252-26982548,26982548,33,Pre-Class Reading Quiz - 1.1 (RQ-1.1),Quiz,obj-mth-252-quiz-3167659,quiz,3167659,00052-mth-252-module-item-pre-class-reading-quiz-1-1-rq-1-1-integral-calculus-mth-252z-400-u2026,captured,yes,task-00257-mth-252-graded-task-pre-class-reading-quiz-1-1-rq-1-1-integral-calculus-mth-252z-400-u2026,graded_task,candidate,graded_task,graded_task|prep_reading,high,no,no,no,no,,redirected,module_item_has_task,,00002-mth-252-modules-course-modules-integral-calculus-mth-252z-400-u2026,https://canvas.oregonstate.edu/courses/2080857/modules,https://canvas.oregonstate.edu/courses/2080857/quizzes/3167659?module_item_id=26982548
2080857,MTH-252,mod-mth-252-005-module-1-intro-to-riemann-sums-upper-lower-left-right-and-midpoint-riemann-sums,5,"Module 1: Intro to Riemann Sums: Upper, Lower, Left, Right, and Midpoint Riemann Sums",mi-mth-252-26982549,26982549,34,Module 1 — Written Homework (WHW 1) 🕓 2 hours,Assignment,obj-mth-252-assignment-10586053,assignment,10586053,00053-mth-252-module-item-module-1-written-homework-whw-1-2-hours,captured,yes,task-00029-mth-252-graded-task-module-1-written-homework-whw-1-2-hours,graded_task,candidate,graded_task,graded_task|critical_setup|prep_reading|lecture_video,high,no,yes,no,no,,external_tool|redirected,module_item_has_task,,00002-mth-252-modules-course-modules-integral-calculus-mth-252z-400-u2026,https://canvas.oregonstate.edu/courses/2080857/modules,https://canvas.oregonstate.edu/courses/2080857/assignments/10586053?module_item_id=26982549
2080857,MTH-252,mod-mth-252-005-module-1-intro-to-riemann-sums-upper-lower-left-right-and-midpoint-riemann-sums,5,"Module 1: Intro to Riemann Sums: Upper, Lower, Left, Right, and Midpoint Riemann Sums",mi-mth-252-26982550,26982550,35,Intro Reflect 1,Assignment,obj-mth-252-assignment-10586044,assignment,10586044,00054-mth-252-module-item-intro-reflect-1,captured,yes,task-00020-mth-252-graded-task-intro-reflect-1,graded_task,candidate,graded_task,graded_task,high,no,yes,no,no,,external_tool|redirected,module_item_has_task,,00002-mth-252-modules-course-modules-integral-calculus-mth-252z-400-u2026,https://canvas.oregonstate.edu/courses/2080857/modules,https://canvas.oregonstate.edu/courses/2080857/assignments/10586044?module_item_id=26982550
2080857,MTH-252,mod-mth-252-005-module-1-intro-to-riemann-sums-upper-lower-left-right-and-midpoint-riemann-sums,5,"Module 1: Intro to Riemann Sums: Upper, Lower, Left, Right, and Midpoint Riemann Sums",mi-mth-252-26982551,26982551,36,Achieve - 1.1 Approximating Areas,Assignment,obj-mth-252-assignment-10586025,assignment,10586025,00055-mth-252-module-item-achieve-1-1-approximating-areas,captured,yes,task-00002-mth-252-graded-task-achieve-1-1-approximating-areas,graded_task,candidate,graded_task,graded_task,high,no,yes,no,no,,external_tool|redirected,module_item_has_task,,00002-mth-252-modules-course-modules-integral-calculus-mth-252z-400-u2026,https://canvas.oregonstate.edu/courses/2080857/modules,https://canvas.oregonstate.edu/courses/2080857/assignments/10586025?module_item_id=26982551
2080857,MTH-252,mod-mth-252-005-module-1-intro-to-riemann-sums-upper-lower-left-right-and-midpoint-riemann-sums,5,"Module 1: Intro to Riemann Sums: Upper, Lower, Left, Right, and Midpoint Riemann Sums",mi-mth-252-26982552,26982552,37,Module 1 — Discussion Reflection: WHW 1 🕓 0.25 hour,Discussion Topic,obj-mth-252-discussion-11593475,discussion,11593475,00056-mth-252-module-item-topic-module-1-discussion-reflection-whw-1-0-25-hour,captured,yes,task-00043-mth-252-graded-task-topic-module-1-discussion-reflection-whw-1-0-25-hour,graded_task,candidate,graded_task,graded_task,high,no,no,no,no,,redirected,module_item_has_task,,00002-mth-252-modules-course-modules-integral-calculus-mth-252z-400-u2026,https://canvas.oregonstate.edu/courses/2080857/modules,https://canvas.oregonstate.edu/courses/2080857/discussion_topics/11593475?module_item_id=26982552
2080857,MTH-252,mod-mth-252-006-module-2-intro-to-definite-integral-and-properties,6,Module 2: Intro to Definite Integral and Properties,mi-mth-252-26982553,26982553,38,Module 2 — Overview,Page,obj-mth-252-page-module-2-overview,page,module-2-overview,00057-mth-252-module-item-module-2-overview-integral-calculus-mth-252z-400-u2026,captured,no,,,,reference,reference,medium,no,no,no,no,,redirected,module_item_reference_only,,00002-mth-252-modules-course-modules-integral-calculus-mth-252z-400-u2026,https://canvas.oregonstate.edu/courses/2080857/modules,https://canvas.oregonstate.edu/courses/2080857/pages/module-2-overview?module_item_id=26982553
2080857,MTH-252,mod-mth-252-006-module-2-intro-to-definite-integral-and-properties,6,Module 2: Intro to Definite Integral and Properties,mi-mth-252-26982554,26982554,39,Module 2 — Learning Materials and Practice Activities 🕓 3 - 5 hours,Page,obj-mth-252-page-module-2-learning-materials-and-practice-activities-3-5-hours-2,page,module-2-learning-materials-and-practice-activities-3-5-hours-2,00058-mth-252-module-item-module-2-learning-materials-and-practice-activities-3-5-hours-integral-calculus-mth-252z-400-u20,captured,yes,task-00245-mth-252-prep-reading-module-2-learning-materials-and-practice-activities-3-5-hours-integral-calculus-,prep_reading,candidate,prep_reading,prep_reading|lecture_video,medium,no,no,no,no,,redirected,module_item_has_task,,00002-mth-252-modules-course-modules-integral-calculus-mth-252z-400-u2026,https://canvas.oregonstate.edu/courses/2080857/modules,https://canvas.oregonstate.edu/courses/2080857/pages/module-2-learning-materials-and-practice-activities-3-5-hours-2?module_item_id=26982554
2080857,MTH-252,mod-mth-252-006-module-2-intro-to-definite-integral-and-properties,6,Module 2: Intro to Definite Integral and Properties,mi-mth-252-26982555,26982555,40,"Dr. G's Lecture Notes--> Weeks 1, 2",Attachment,obj-mth-252-file-119223553,file,119223553,00059-mth-252-module-item-252-lecture-1-1-to-me1-pdf-integral-calculus-mth-252z-400-u2026,captured,yes,task-00202-mth-252-prep-reading-252-lecture-1-1-to-me1-pdf-integral-calculus-mth-252z-400-u2026,prep_reading,candidate,prep_reading,prep_reading|file_reference,medium,no,no,no,no,,redirected,module_item_has_task,,00002-mth-252-modules-course-modules-integral-calculus-mth-252z-400-u2026,https://canvas.oregonstate.edu/courses/2080857/modules,https://canvas.oregonstate.edu/courses/2080857/files/119223553?module_item_id=26982546
2080857,MTH-252,mod-mth-252-006-module-2-intro-to-definite-integral-and-properties,6,Module 2: Intro to Definite Integral and Properties,mi-mth-252-26982556,26982556,41,Dr. G's Videos --> 1.2,Page,obj-mth-252-page-dr-gs-videos-3e-1-dot-2,page,dr-gs-videos-%3E-1-dot-2,00060-mth-252-module-item-dr-g-s-videos-1-2-integral-calculus-mth-252z-400-u2026,captured,yes,task-00237-mth-252-lecture-video-dr-g-s-videos-1-2-integral-calculus-mth-252z-400-u2026,lecture_video,candidate,lecture_video,lecture_video,medium,no,no,no,no,,redirected,module_item_has_task,,00002-mth-252-modules-course-modules-integral-calculus-mth-252z-400-u2026,https://canvas.oregonstate.edu/courses/2080857/modules,https://canvas.oregonstate.edu/courses/2080857/pages/dr-gs-videos-%3E-1-dot-2?module_item_id=26982556
2080857,MTH-252,mod-mth-252-006-module-2-intro-to-definite-integral-and-properties,6,Module 2: Intro to Definite Integral and Properties,mi-mth-252-26982557,26982557,42,Pre-Class Reading Quiz - 1.2 (RQ-1.2),Quiz,obj-mth-252-quiz-3167658,quiz,3167658,00061-mth-252-module-item-pre-class-reading-quiz-1-2-rq-1-2-integral-calculus-mth-252z-400-u2026,captured,yes,task-00258-mth-252-graded-task-pre-class-reading-quiz-1-2-rq-1-2-integral-calculus-mth-252z-400-u2026,graded_task,candidate,graded_task,graded_task|prep_reading,high,no,no,no,no,,redirected,module_item_has_task,,00002-mth-252-modules-course-modules-integral-calculus-mth-252z-400-u2026,https://canvas.oregonstate.edu/courses/2080857/modules,https://canvas.oregonstate.edu/courses/2080857/quizzes/3167658?module_item_id=26982557
2080857,MTH-252,mod-mth-252-006-module-2-intro-to-definite-integral-and-properties,6,Module 2: Intro to Definite Integral and Properties,mi-mth-252-26982558,26982558,43,Module 2 — Written Homework (WHW 2) 🕓 3 hours,Assignment,obj-mth-252-assignment-10586055,assignment,10586055,00062-mth-252-module-item-module-2-written-homework-whw-2-3-hours,captured,yes,task-00031-mth-252-graded-task-module-2-written-homework-whw-2-3-hours,graded_task,candidate,graded_task,graded_task|critical_setup|prep_reading|lecture_video,high,no,yes,no,no,,redirected,module_item_has_task,,00002-mth-252-modules-course-modules-integral-calculus-mth-252z-400-u2026,https://canvas.oregonstate.edu/courses/2080857/modules,https://canvas.oregonstate.edu/courses/2080857/assignments/10586055?module_item_id=26982558
2080857,MTH-252,mod-mth-252-006-module-2-intro-to-definite-integral-and-properties,6,Module 2: Intro to Definite Integral and Properties,mi-mth-252-26982559,26982559,44,Reflection 2,Assignment,obj-mth-252-assignment-10586063,assignment,10586063,00063-mth-252-module-item-reflection-2,captured,yes,task-00039-mth-252-graded-task-reflection-2,graded_task,candidate,graded_task,graded_task,high,no,yes,no,no,,external_tool|redirected,module_item_has_task,,00002-mth-252-modules-course-modules-integral-calculus-mth-252z-400-u2026,https://canvas.oregonstate.edu/courses/2080857/modules,https://canvas.oregonstate.edu/courses/2080857/assignments/10586063?module_item_id=26982559
2080857,MTH-252,mod-mth-252-006-module-2-intro-to-definite-integral-and-properties,6,Module 2: Intro to Definite Integral and Properties,mi-mth-252-26982560,26982560,45,Achieve - 1.2 The Definite Integral,Assignment,obj-mth-252-assignment-10586026,assignment,10586026,00064-mth-252-module-item-achieve-1-2-the-definite-integral,captured,yes,task-00003-mth-252-graded-task-achieve-1-2-the-definite-integral,graded_task,candidate,graded_task,graded_task,high,no,yes,no,no,,external_tool|redirected,module_item_has_task,,00002-mth-252-modules-course-modules-integral-calculus-mth-252z-400-u2026,https://canvas.oregonstate.edu/courses/2080857/modules,https://canvas.oregonstate.edu/courses/2080857/assignments/10586026?module_item_id=26982560
2080857,MTH-252,mod-mth-252-006-module-2-intro-to-definite-integral-and-properties,6,Module 2: Intro to Definite Integral and Properties,mi-mth-252-26982561,26982561,46,Module 2 — Discussion Reflection 🕓 0.5 hour,Discussion Topic,obj-mth-252-discussion-11593474,discussion,11593474,00065-mth-252-module-item-topic-module-2-discussion-reflection-0-5-hour,captured,yes,task-00044-mth-252-graded-task-topic-module-2-discussion-reflection-0-5-hour,graded_task,candidate,graded_task,graded_task,high,no,no,no,no,,redirected,module_item_has_task,,00002-mth-252-modules-course-modules-integral-calculus-mth-252z-400-u2026,https://canvas.oregonstate.edu/courses/2080857/modules,https://canvas.oregonstate.edu/courses/2080857/discussion_topics/11593474?module_item_id=26982561
2080857,MTH-252,mod-mth-252-007-mini-exam-1-available-tuesday-thursday-of-week-3,7,Mini-Exam 1: Available Tuesday - Thursday of Week 3,mi-mth-252-26982562,26982562,47,Mini-Exam 1 - Tues - Thur (No late submissions),Assignment,obj-mth-252-assignment-10586045,assignment,10586045,00066-mth-252-module-item-mini-exam-1-tues-thur-no-late-submissions,captured,yes,task-00022-mth-252-graded-task-mini-exam-1-tues-thur-no-late-submissions,graded_task,candidate,graded_task,graded_task|critical_setup|prep_reading|lecture_video,high,no,yes,no,no,,external_tool|redirected,module_item_has_task,,00002-mth-252-modules-course-modules-integral-calculus-mth-252z-400-u2026,https://canvas.oregonstate.edu/courses/2080857/modules,https://canvas.oregonstate.edu/courses/2080857/assignments/10586045?module_item_id=26982562
2080857,MTH-252,mod-mth-252-008-module-3-the-fundamental-theorems-of-calculus,8,Module 3: The Fundamental Theorems of Calculus,mi-mth-252-26982563,26982563,48,Module 3 — Overview,Page,obj-mth-252-page-module-3-overview,page,module-3-overview,00067-mth-252-module-item-module-3-overview-integral-calculus-mth-252z-400-u2026,captured,no,,,,reference,reference,medium,no,no,no,no,,redirected,module_item_reference_only,,00002-mth-252-modules-course-modules-integral-calculus-mth-252z-400-u2026,https://canvas.oregonstate.edu/courses/2080857/modules,https://canvas.oregonstate.edu/courses/2080857/pages/module-3-overview?module_item_id=26982563
2080857,MTH-252,mod-mth-252-008-module-3-the-fundamental-theorems-of-calculus,8,Module 3: The Fundamental Theorems of Calculus,mi-mth-252-26982564,26982564,49,Module 3 — Learning Materials and Practice Activities 🕓 3 - 5 hours,Page,obj-mth-252-page-module-3-learning-materials-and-practice-activities-3-5-hours-2,page,module-3-learning-materials-and-practice-activities-3-5-hours-2,00068-mth-252-module-item-module-3-learning-materials-and-practice-activities-3-5-hours-integral-calculus-mth-252z-400-u20,captured,yes,task-00246-mth-252-prep-reading-module-3-learning-materials-and-practice-activities-3-5-hours-integral-calculus-,prep_reading,candidate,prep_reading,prep_reading|lecture_video,medium,no,no,no,no,,redirected,module_item_has_task,,00002-mth-252-modules-course-modules-integral-calculus-mth-252z-400-u2026,https://canvas.oregonstate.edu/courses/2080857/modules,https://canvas.oregonstate.edu/courses/2080857/pages/module-3-learning-materials-and-practice-activities-3-5-hours-2?module_item_id=26982564
2080857,MTH-252,mod-mth-252-008-module-3-the-fundamental-theorems-of-calculus,8,Module 3: The Fundamental Theorems of Calculus,mi-mth-252-26982565,26982565,50,"Dr. G's Lecture Notes--> Sects. 1.3, 4.10, 1.4, 1.5, 1.6",Attachment,obj-mth-252-file-119223594,file,119223594,00069-mth-252-module-item-252-lecture-1-3-to-me2-pdf-integral-calculus-mth-252z-400-u2026,captured,yes,task-00203-mth-252-prep-reading-252-lecture-1-3-to-me2-pdf-integral-calculus-mth-252z-400-u2026,prep_reading,candidate,prep_reading,prep_reading|file_reference,medium,no,no,no,no,,redirected,module_item_has_task,,00002-mth-252-modules-course-modules-integral-calculus-mth-252z-400-u2026,https://canvas.oregonstate.edu/courses/2080857/modules,https://canvas.oregonstate.edu/courses/2080857/files/119223594?module_item_id=26982565
2080857,MTH-252,mod-mth-252-008-module-3-the-fundamental-theorems-of-calculus,8,Module 3: The Fundamental Theorems of Calculus,mi-mth-252-26982566,26982566,51,"Dr G's Videos --> 1.3, 4.10",Page,obj-mth-252-page-dr-gs-videos-3e-1-dot-3-4-dot-10,page,dr-gs-videos-%3E-1-dot-3-4-dot-10,00070-mth-252-module-item-dr-g-s-videos-1-3-4-10-integral-calculus-mth-252z-400-u2026,captured,yes,task-00226-mth-252-lecture-video-dr-g-s-videos-1-3-4-10-integral-calculus-mth-252z-400-u2026,lecture_video,candidate,lecture_video,lecture_video,medium,no,no,no,no,,redirected,module_item_has_task,,00002-mth-252-modules-course-modules-integral-calculus-mth-252z-400-u2026,https://canvas.oregonstate.edu/courses/2080857/modules,https://canvas.oregonstate.edu/courses/2080857/pages/dr-gs-videos-%3E-1-dot-3-4-dot-10?module_item_id=26982566
2080857,MTH-252,mod-mth-252-008-module-3-the-fundamental-theorems-of-calculus,8,Module 3: The Fundamental Theorems of Calculus,mi-mth-252-26982567,26982567,52,Pre-Class Reading Quiz - 1.3 (RQ-1.3),Quiz,obj-mth-252-quiz-3167655,quiz,3167655,00071-mth-252-module-item-pre-class-reading-quiz-1-3-rq-1-3-integral-calculus-mth-252z-400-u2026,captured,yes,task-00259-mth-252-graded-task-pre-class-reading-quiz-1-3-rq-1-3-integral-calculus-mth-252z-400-u2026,graded_task,candidate,graded_task,graded_task|prep_reading,high,no,no,no,no,,redirected,module_item_has_task,,00002-mth-252-modules-course-modules-integral-calculus-mth-252z-400-u2026,https://canvas.oregonstate.edu/courses/2080857/modules,https://canvas.oregonstate.edu/courses/2080857/quizzes/3167655?module_item_id=26982567
2080857,MTH-252,mod-mth-252-008-module-3-the-fundamental-theorems-of-calculus,8,Module 3: The Fundamental Theorems of Calculus,mi-mth-252-26982568,26982568,53,Module 3 — Written Homework (WHW 3) 🕓 3 hours,Assignment,obj-mth-252-assignment-10586056,assignment,10586056,00072-mth-252-module-item-module-3-written-homework-whw-3-3-hours,captured,yes,task-00032-mth-252-graded-task-module-3-written-homework-whw-3-3-hours,graded_task,candidate,graded_task,graded_task|critical_setup|prep_reading|lecture_video,high,no,yes,no,no,,external_tool|redirected,module_item_has_task,,00002-mth-252-modules-course-modules-integral-calculus-mth-252z-400-u2026,https://canvas.oregonstate.edu/courses/2080857/modules,https://canvas.oregonstate.edu/courses/2080857/assignments/10586056?module_item_id=26982568
2080857,MTH-252,mod-mth-252-008-module-3-the-fundamental-theorems-of-calculus,8,Module 3: The Fundamental Theorems of Calculus,mi-mth-252-26982569,26982569,54,Achieve - 1.3 The Fundamental Theorem of Calculus,Assignment,obj-mth-252-assignment-10586027,assignment,10586027,00073-mth-252-module-item-achieve-1-3-the-fundamental-theorem-of-calculus,captured,yes,task-00004-mth-252-graded-task-achieve-1-3-the-fundamental-theorem-of-calculus,graded_task,candidate,graded_task,graded_task,high,no,yes,no,no,,external_tool|redirected,module_item_has_task,,00002-mth-252-modules-course-modules-integral-calculus-mth-252z-400-u2026,https://canvas.oregonstate.edu/courses/2080857/modules,https://canvas.oregonstate.edu/courses/2080857/assignments/10586027?module_item_id=26982569
2080857,MTH-252,mod-mth-252-008-module-3-the-fundamental-theorems-of-calculus,8,Module 3: The Fundamental Theorems of Calculus,mi-mth-252-26982570,26982570,55,Achieve - 4.10 Antiderivatives,Assignment,obj-mth-252-assignment-10586042,assignment,10586042,00074-mth-252-module-item-achieve-4-10-antiderivatives,captured,yes,task-00018-mth-252-graded-task-achieve-4-10-antiderivatives,graded_task,candidate,graded_task,graded_task,high,no,yes,no,no,,external_tool|redirected,module_item_has_task,,00002-mth-252-modules-course-modules-integral-calculus-mth-252z-400-u2026,https://canvas.oregonstate.edu/courses/2080857/modules,https://canvas.oregonstate.edu/courses/2080857/assignments/10586042?module_item_id=26982570
2080857,MTH-252,mod-mth-252-008-module-3-the-fundamental-theorems-of-calculus,8,Module 3: The Fundamental Theorems of Calculus,mi-mth-252-26982571,26982571,56,Module 3 — Discussion Reflection: Mini-Exam 1 🕓 0.5 hour,Discussion Topic,obj-mth-252-discussion-11593473,discussion,11593473,00075-mth-252-module-item-topic-module-3-discussion-reflection-mini-exam-1-0-5-hour,captured,yes,task-00045-mth-252-graded-task-topic-module-3-discussion-reflection-mini-exam-1-0-5-hour,graded_task,candidate,graded_task,graded_task,high,no,no,no,no,,redirected,module_item_has_task,,00002-mth-252-modules-course-modules-integral-calculus-mth-252z-400-u2026,https://canvas.oregonstate.edu/courses/2080857/modules,https://canvas.oregonstate.edu/courses/2080857/discussion_topics/11593473?module_item_id=26982571
2080857,MTH-252,mod-mth-252-009-module-4-introduction-to-applications,9,Module 4: Introduction to Applications,mi-mth-252-26982572,26982572,57,Module 4 — Overview,Page,obj-mth-252-page-module-4-overview,page,module-4-overview,00076-mth-252-module-item-module-4-overview-integral-calculus-mth-252z-400-u2026,captured,no,,,,reference,reference,medium,no,no,no,no,,redirected,module_item_reference_only,,00002-mth-252-modules-course-modules-integral-calculus-mth-252z-400-u2026,https://canvas.oregonstate.edu/courses/2080857/modules,https://canvas.oregonstate.edu/courses/2080857/pages/module-4-overview?module_item_id=26982572
2080857,MTH-252,mod-mth-252-009-module-4-introduction-to-applications,9,Module 4: Introduction to Applications,mi-mth-252-26982573,26982573,58,Module 4 — Learning Materials and Practice Activities 🕓 3 - 5 hours,Page,obj-mth-252-page-module-4-learning-materials-and-practice-activities-3-5-hours-2,page,module-4-learning-materials-and-practice-activities-3-5-hours-2,00077-mth-252-module-item-module-4-learning-materials-and-practice-activities-3-5-hours-integral-calculus-mth-252z-400-u20,captured,yes,task-00247-mth-252-prep-reading-module-4-learning-materials-and-practice-activities-3-5-hours-integral-calculus-,prep_reading,candidate,prep_reading,prep_reading|lecture_video,medium,no,no,no,no,,redirected,module_item_has_task,,00002-mth-252-modules-course-modules-integral-calculus-mth-252z-400-u2026,https://canvas.oregonstate.edu/courses/2080857/modules,https://canvas.oregonstate.edu/courses/2080857/pages/module-4-learning-materials-and-practice-activities-3-5-hours-2?module_item_id=26982573
2080857,MTH-252,mod-mth-252-009-module-4-introduction-to-applications,9,Module 4: Introduction to Applications,mi-mth-252-26982574,26982574,59,"Dr. G's Lecture Notes--> Sects. 1.3, 4.10, 1.4, 1.5, 1.6",Attachment,obj-mth-252-file-119223594,file,119223594,00078-mth-252-module-item-252-lecture-1-3-to-me2-pdf-integral-calculus-mth-252z-400-u2026,captured,yes,task-00203-mth-252-prep-reading-252-lecture-1-3-to-me2-pdf-integral-calculus-mth-252z-400-u2026,prep_reading,candidate,prep_reading,prep_reading|file_reference,medium,no,no,no,no,,redirected,module_item_has_task,,00002-mth-252-modules-course-modules-integral-calculus-mth-252z-400-u2026,https://canvas.oregonstate.edu/courses/2080857/modules,https://canvas.oregonstate.edu/courses/2080857/files/119223594?module_item_id=26982565
2080857,MTH-252,mod-mth-252-009-module-4-introduction-to-applications,9,Module 4: Introduction to Applications,mi-mth-252-26982575,26982575,60,"Dr G's Videos --> Sect 1.3, 1.4",Page,obj-mth-252-page-dr-gs-videos-3e-sect-1-dot-3-1-dot-4,page,dr-gs-videos-%3E-sect-1-dot-3-1-dot-4,00079-mth-252-module-item-dr-g-s-videos-sect-1-3-1-4-integral-calculus-mth-252z-400-u2026,captured,yes,task-00232-mth-252-lecture-video-dr-g-s-videos-sect-1-3-1-4-integral-calculus-mth-252z-400-u2026,lecture_video,candidate,lecture_video,lecture_video,medium,no,no,no,no,,redirected,module_item_has_task,,00002-mth-252-modules-course-modules-integral-calculus-mth-252z-400-u2026,https://canvas.oregonstate.edu/courses/2080857/modules,https://canvas.oregonstate.edu/courses/2080857/pages/dr-gs-videos-%3E-sect-1-dot-3-1-dot-4?module_item_id=26982575
2080857,MTH-252,mod-mth-252-009-module-4-introduction-to-applications,9,Module 4: Introduction to Applications,mi-mth-252-26982576,26982576,61,"Dr G's Videos --> Sect 1.4, 1.5, 1.6",Page,obj-mth-252-page-dr-gs-videos-3e-sect-1-dot-4-1-dot-5-1-dot-6,page,dr-gs-videos-%3E-sect-1-dot-4-1-dot-5-1-dot-6,00080-mth-252-module-item-dr-g-s-videos-sect-1-4-1-5-1-6-integral-calculus-mth-252z-400-u2026,captured,yes,task-00233-mth-252-lecture-video-dr-g-s-videos-sect-1-4-1-5-1-6-integral-calculus-mth-252z-400-u2026,lecture_video,candidate,lecture_video,lecture_video,medium,no,no,no,no,,redirected,module_item_has_task,,00002-mth-252-modules-course-modules-integral-calculus-mth-252z-400-u2026,https://canvas.oregonstate.edu/courses/2080857/modules,https://canvas.oregonstate.edu/courses/2080857/pages/dr-gs-videos-%3E-sect-1-dot-4-1-dot-5-1-dot-6?module_item_id=26982576
2080857,MTH-252,mod-mth-252-009-module-4-introduction-to-applications,9,Module 4: Introduction to Applications,mi-mth-252-26982577,26982577,62,RQ-1.4,Quiz,obj-mth-252-quiz-3167664,quiz,3167664,00081-mth-252-module-item-rq-1-4-integral-calculus-mth-252z-400-u2026,captured,yes,task-00260-mth-252-graded-task-rq-1-4-integral-calculus-mth-252z-400-u2026,graded_task,candidate,graded_task,graded_task|prep_reading,high,no,no,no,no,,redirected,module_item_has_task,,00002-mth-252-modules-course-modules-integral-calculus-mth-252z-400-u2026,https://canvas.oregonstate.edu/courses/2080857/modules,https://canvas.oregonstate.edu/courses/2080857/quizzes/3167664?module_item_id=26982577
2080857,MTH-252,mod-mth-252-009-module-4-introduction-to-applications,9,Module 4: Introduction to Applications,mi-mth-252-26982578,26982578,63,RQ-1.5,Quiz,obj-mth-252-quiz-3167662,quiz,3167662,00082-mth-252-module-item-rq-1-5-integral-calculus-mth-252z-400-u2026,captured,yes,task-00261-mth-252-graded-task-rq-1-5-integral-calculus-mth-252z-400-u2026,graded_task,candidate,graded_task,graded_task|prep_reading,high,no,no,no,no,,redirected,module_item_has_task,,00002-mth-252-modules-course-modules-integral-calculus-mth-252z-400-u2026,https://canvas.oregonstate.edu/courses/2080857/modules,https://canvas.oregonstate.edu/courses/2080857/quizzes/3167662?module_item_id=26982578
2080857,MTH-252,mod-mth-252-009-module-4-introduction-to-applications,9,Module 4: Introduction to Applications,mi-mth-252-26982579,26982579,64,RQ-1.6,Quiz,obj-mth-252-quiz-3167654,quiz,3167654,00083-mth-252-module-item-rq-1-6-integral-calculus-mth-252z-400-u2026,captured,yes,task-00262-mth-252-graded-task-rq-1-6-integral-calculus-mth-252z-400-u2026,graded_task,candidate,graded_task,graded_task|prep_reading,high,no,no,no,no,,redirected,module_item_has_task,,00002-mth-252-modules-course-modules-integral-calculus-mth-252z-400-u2026,https://canvas.oregonstate.edu/courses/2080857/modules,https://canvas.oregonstate.edu/courses/2080857/quizzes/3167654?module_item_id=26982579
2080857,MTH-252,mod-mth-252-009-module-4-introduction-to-applications,9,Module 4: Introduction to Applications,mi-mth-252-26982580,26982580,65,Module 4 — Written Homework (WHW 4) 🕓 3 hours,Assignment,obj-mth-252-assignment-10586057,assignment,10586057,00084-mth-252-module-item-module-4-written-homework-whw-4-3-hours,captured,yes,task-00033-mth-252-graded-task-module-4-written-homework-whw-4-3-hours,graded_task,candidate,graded_task,graded_task|critical_setup|prep_reading|lecture_video,high,no,yes,no,no,,external_tool|redirected,module_item_has_task,,00002-mth-252-modules-course-modules-integral-calculus-mth-252z-400-u2026,https://canvas.oregonstate.edu/courses/2080857/modules,https://canvas.oregonstate.edu/courses/2080857/assignments/10586057?module_item_id=26982580
2080857,MTH-252,mod-mth-252-009-module-4-introduction-to-applications,9,Module 4: Introduction to Applications,mi-mth-252-26982581,26982581,66,Achieve - 1.4 Integration Formulas and the Net Change Theorem,Assignment,obj-mth-252-assignment-10586028,assignment,10586028,00085-mth-252-module-item-achieve-1-4-integration-formulas-and-the-net-change-theorem,captured,yes,task-00005-mth-252-graded-task-achieve-1-4-integration-formulas-and-the-net-change-theorem,graded_task,candidate,graded_task,graded_task,high,no,yes,no,no,,external_tool|redirected,module_item_has_task,,00002-mth-252-modules-course-modules-integral-calculus-mth-252z-400-u2026,https://canvas.oregonstate.edu/courses/2080857/modules,https://canvas.oregonstate.edu/courses/2080857/assignments/10586028?module_item_id=26982581
2080857,MTH-252,mod-mth-252-009-module-4-introduction-to-applications,9,Module 4: Introduction to Applications,mi-mth-252-26982582,26982582,67,Achieve - 1.5 Substitution,Assignment,obj-mth-252-assignment-10586029,assignment,10586029,00086-mth-252-module-item-achieve-1-5-substitution,captured,yes,task-00006-mth-252-graded-task-achieve-1-5-substitution,graded_task,candidate,graded_task,graded_task,high,no,yes,no,no,,external_tool|redirected,module_item_has_task,,00002-mth-252-modules-course-modules-integral-calculus-mth-252z-400-u2026,https://canvas.oregonstate.edu/courses/2080857/modules,https://canvas.oregonstate.edu/courses/2080857/assignments/10586029?module_item_id=26982582
2080857,MTH-252,mod-mth-252-009-module-4-introduction-to-applications,9,Module 4: Introduction to Applications,mi-mth-252-26982583,26982583,68,Achieve - 1.6 Integrals Involving Exponential and Logarithmic Functions,Assignment,obj-mth-252-assignment-10586030,assignment,10586030,00087-mth-252-module-item-achieve-1-6-integrals-involving-exponential-and-logarithmic-functions,captured,yes,task-00007-mth-252-graded-task-achieve-1-6-integrals-involving-exponential-and-logarithmic-functions,graded_task,candidate,graded_task,graded_task,high,no,yes,no,no,,external_tool|redirected,module_item_has_task,,00002-mth-252-modules-course-modules-integral-calculus-mth-252z-400-u2026,https://canvas.oregonstate.edu/courses/2080857/modules,https://canvas.oregonstate.edu/courses/2080857/assignments/10586030?module_item_id=26982583
2080857,MTH-252,mod-mth-252-009-module-4-introduction-to-applications,9,Module 4: Introduction to Applications,mi-mth-252-26982584,26982584,69,Module 4 — Discussion Reflection: WHW 4 🕓 0.5 hour,Discussion Topic,obj-mth-252-discussion-11593472,discussion,11593472,00088-mth-252-module-item-topic-module-4-discussion-reflection-whw-4-0-5-hour,captured,yes,task-00046-mth-252-graded-task-topic-module-4-discussion-reflection-whw-4-0-5-hour,graded_task,candidate,graded_task,graded_task,high,no,no,no,no,,redirected,module_item_has_task,,00002-mth-252-modules-course-modules-integral-calculus-mth-252z-400-u2026,https://canvas.oregonstate.edu/courses/2080857/modules,https://canvas.oregonstate.edu/courses/2080857/discussion_topics/11593472?module_item_id=26982584
2080857,MTH-252,mod-mth-252-010-mini-exam-2-available-tuesday-thursday-of-week-5,10,Mini-Exam 2: Available Tuesday - Thursday of Week 5,mi-mth-252-26982585,26982585,70,Mini-Exam 2 --> No Calculators on this Exam,Assignment,obj-mth-252-assignment-10586048,assignment,10586048,00089-mth-252-module-item-mini-exam-2-no-calculators-on-this-exam,captured,yes,task-00024-mth-252-graded-task-mini-exam-2-no-calculators-on-this-exam,graded_task,candidate,graded_task,graded_task|critical_setup|prep_reading|lecture_video,high,no,yes,no,no,,external_tool|redirected,module_item_has_task,,00002-mth-252-modules-course-modules-integral-calculus-mth-252z-400-u2026,https://canvas.oregonstate.edu/courses/2080857/modules,https://canvas.oregonstate.edu/courses/2080857/assignments/10586048?module_item_id=26982585
2080857,MTH-252,mod-mth-252-011-module-5-techniques-to-solve-integrals,11,Module 5: Techniques to Solve Integrals,mi-mth-252-26982586,26982586,71,Module 5 — Overview,Page,obj-mth-252-page-module-5-overview,page,module-5-overview,00090-mth-252-module-item-module-5-overview-integral-calculus-mth-252z-400-u2026,captured,no,,,,reference,reference,medium,no,no,no,no,,redirected,module_item_reference_only,,00002-mth-252-modules-course-modules-integral-calculus-mth-252z-400-u2026,https://canvas.oregonstate.edu/courses/2080857/modules,https://canvas.oregonstate.edu/courses/2080857/pages/module-5-overview?module_item_id=26982586
2080857,MTH-252,mod-mth-252-011-module-5-techniques-to-solve-integrals,11,Module 5: Techniques to Solve Integrals,mi-mth-252-26982587,26982587,72,Module 5 — Learning Materials and Practice Activities 🕓 3 - 5 hours,Page,obj-mth-252-page-module-5-learning-materials-and-practice-activities-3-5-hours-2,page,module-5-learning-materials-and-practice-activities-3-5-hours-2,00091-mth-252-module-item-module-5-learning-materials-and-practice-activities-3-5-hours-integral-calculus-mth-252z-400-u20,captured,yes,task-00248-mth-252-prep-reading-module-5-learning-materials-and-practice-activities-3-5-hours-integral-calculus-,prep_reading,candidate,prep_reading,prep_reading|lecture_video,medium,no,no,no,no,,redirected,module_item_has_task,,00002-mth-252-modules-course-modules-integral-calculus-mth-252z-400-u2026,https://canvas.oregonstate.edu/courses/2080857/modules,https://canvas.oregonstate.edu/courses/2080857/pages/module-5-learning-materials-and-practice-activities-3-5-hours-2?module_item_id=26982587
2080857,MTH-252,mod-mth-252-011-module-5-techniques-to-solve-integrals,11,Module 5: Techniques to Solve Integrals,mi-mth-252-26982588,26982588,73,"Dr. G's Lecture Notes--> Sects. 3.1, 3.2, 3.3, 3.4",Attachment,obj-mth-252-file-119223561,file,119223561,00092-mth-252-module-item-252-lecture-3-1-to-me3-pdf-integral-calculus-mth-252z-400-u2026,captured,yes,task-00206-mth-252-prep-reading-252-lecture-3-1-to-me3-pdf-integral-calculus-mth-252z-400-u2026,prep_reading,candidate,prep_reading,prep_reading|file_reference,medium,no,no,no,no,,redirected,module_item_has_task,,00002-mth-252-modules-course-modules-integral-calculus-mth-252z-400-u2026,https://canvas.oregonstate.edu/courses/2080857/modules,https://canvas.oregonstate.edu/courses/2080857/files/119223561?module_item_id=26982588
2080857,MTH-252,mod-mth-252-011-module-5-techniques-to-solve-integrals,11,Module 5: Techniques to Solve Integrals,mi-mth-252-26982589,26982589,74,"Dr G's Videos --> 3.1, 3.2",Page,obj-mth-252-page-dr-gs-videos-3e-3-dot-1-3-dot-2,page,dr-gs-videos-%3E-3-dot-1-3-dot-2,00093-mth-252-module-item-dr-g-s-videos-3-1-3-2-integral-calculus-mth-252z-400-u2026,captured,yes,task-00229-mth-252-lecture-video-dr-g-s-videos-3-1-3-2-integral-calculus-mth-252z-400-u2026,lecture_video,candidate,lecture_video,lecture_video,medium,no,no,no,no,,redirected,module_item_has_task,,00002-mth-252-modules-course-modules-integral-calculus-mth-252z-400-u2026,https://canvas.oregonstate.edu/courses/2080857/modules,https://canvas.oregonstate.edu/courses/2080857/pages/dr-gs-videos-%3E-3-dot-1-3-dot-2?module_item_id=26982589
2080857,MTH-252,mod-mth-252-011-module-5-techniques-to-solve-integrals,11,Module 5: Techniques to Solve Integrals,mi-mth-252-26982590,26982590,75,Dr G Lecture Notes - 3.1-3.2.pdf,Attachment,obj-mth-252-file-119223595,file,119223595,00094-mth-252-module-item-lecture-3-1-3-2-pdf-integral-calculus-mth-252z-400-u2026,captured,yes,task-00209-mth-252-prep-reading-lecture-3-1-3-2-pdf-integral-calculus-mth-252z-400-u2026,prep_reading,candidate,prep_reading,prep_reading|file_reference,medium,no,no,no,no,,redirected,module_item_has_task,,00002-mth-252-modules-course-modules-integral-calculus-mth-252z-400-u2026,https://canvas.oregonstate.edu/courses/2080857/modules,https://canvas.oregonstate.edu/courses/2080857/files/119223595?module_item_id=26982590
2080857,MTH-252,mod-mth-252-011-module-5-techniques-to-solve-integrals,11,Module 5: Techniques to Solve Integrals,mi-mth-252-26982591,26982591,76,RQ-3.1,Quiz,obj-mth-252-quiz-3167660,quiz,3167660,00095-mth-252-module-item-rq-3-1-integral-calculus-mth-252z-400-u2026,captured,yes,task-00268-mth-252-graded-task-rq-3-1-integral-calculus-mth-252z-400-u2026,graded_task,candidate,graded_task,graded_task|prep_reading,high,no,no,no,no,,redirected,module_item_has_task,,00002-mth-252-modules-course-modules-integral-calculus-mth-252z-400-u2026,https://canvas.oregonstate.edu/courses/2080857/modules,https://canvas.oregonstate.edu/courses/2080857/quizzes/3167660?module_item_id=26982591
2080857,MTH-252,mod-mth-252-011-module-5-techniques-to-solve-integrals,11,Module 5: Techniques to Solve Integrals,mi-mth-252-26982592,26982592,77,RQ-3.2,Quiz,obj-mth-252-quiz-3167667,quiz,3167667,00096-mth-252-module-item-rq-3-2-integral-calculus-mth-252z-400-u2026,captured,yes,task-00269-mth-252-graded-task-rq-3-2-integral-calculus-mth-252z-400-u2026,graded_task,candidate,graded_task,graded_task|prep_reading,high,no,no,no,no,,redirected,module_item_has_task,,00002-mth-252-modules-course-modules-integral-calculus-mth-252z-400-u2026,https://canvas.oregonstate.edu/courses/2080857/modules,https://canvas.oregonstate.edu/courses/2080857/quizzes/3167667?module_item_id=26982592
2080857,MTH-252,mod-mth-252-011-module-5-techniques-to-solve-integrals,11,Module 5: Techniques to Solve Integrals,mi-mth-252-26982593,26982593,78,Module 5 — Discussion Reflection: Mini-Exam 2 🕓 0.5 hour,Discussion Topic,obj-mth-252-discussion-11593471,discussion,11593471,00097-mth-252-module-item-topic-module-5-discussion-reflection-mini-exam-2-0-5-hour,captured,yes,task-00047-mth-252-graded-task-topic-module-5-discussion-reflection-mini-exam-2-0-5-hour,graded_task,candidate,graded_task,graded_task,high,no,no,no,no,,redirected,module_item_has_task,,00002-mth-252-modules-course-modules-integral-calculus-mth-252z-400-u2026,https://canvas.oregonstate.edu/courses/2080857/modules,https://canvas.oregonstate.edu/courses/2080857/discussion_topics/11593471?module_item_id=26982593
2080857,MTH-252,mod-mth-252-011-module-5-techniques-to-solve-integrals,11,Module 5: Techniques to Solve Integrals,mi-mth-252-26982594,26982594,79,Module 5 — Written Homework (WHW 5) 🕓 3 hours,Assignment,obj-mth-252-assignment-10586058,assignment,10586058,00098-mth-252-module-item-module-5-written-homework-whw-5-3-hours,captured,yes,task-00034-mth-252-graded-task-module-5-written-homework-whw-5-3-hours,graded_task,candidate,graded_task,graded_task|critical_setup|prep_reading|lecture_video,high,no,yes,no,no,,external_tool|redirected,module_item_has_task,,00002-mth-252-modules-course-modules-integral-calculus-mth-252z-400-u2026,https://canvas.oregonstate.edu/courses/2080857/modules,https://canvas.oregonstate.edu/courses/2080857/assignments/10586058?module_item_id=26982594
2080857,MTH-252,mod-mth-252-011-module-5-techniques-to-solve-integrals,11,Module 5: Techniques to Solve Integrals,mi-mth-252-26982595,26982595,80,Achieve - 3.1 Integration by Parts,Assignment,obj-mth-252-assignment-10586037,assignment,10586037,00099-mth-252-module-item-achieve-3-1-integration-by-parts,captured,yes,task-00013-mth-252-graded-task-achieve-3-1-integration-by-parts,graded_task,candidate,graded_task,graded_task,high,no,yes,no,no,,external_tool|redirected,module_item_has_task,,00002-mth-252-modules-course-modules-integral-calculus-mth-252z-400-u2026,https://canvas.oregonstate.edu/courses/2080857/modules,https://canvas.oregonstate.edu/courses/2080857/assignments/10586037?module_item_id=26982595
2080857,MTH-252,mod-mth-252-011-module-5-techniques-to-solve-integrals,11,Module 5: Techniques to Solve Integrals,mi-mth-252-26982596,26982596,81,Achieve - 3.2 Trigonometric Integrals,Assignment,obj-mth-252-assignment-10586038,assignment,10586038,00100-mth-252-module-item-achieve-3-2-trigonometric-integrals,captured,yes,task-00014-mth-252-graded-task-achieve-3-2-trigonometric-integrals,graded_task,candidate,graded_task,graded_task,high,no,yes,no,no,,external_tool|redirected,module_item_has_task,,00002-mth-252-modules-course-modules-integral-calculus-mth-252z-400-u2026,https://canvas.oregonstate.edu/courses/2080857/modules,https://canvas.oregonstate.edu/courses/2080857/assignments/10586038?module_item_id=26982596
2080857,MTH-252,mod-mth-252-012-module-6-techniques-continued,12,Module 6: Techniques Continued,mi-mth-252-26982597,26982597,82,Module 6 — Overview,Page,obj-mth-252-page-module-6-overview,page,module-6-overview,00101-mth-252-module-item-module-6-overview-integral-calculus-mth-252z-400-u2026,captured,no,,,,reference,reference,medium,no,no,no,no,,redirected,module_item_reference_only,,00002-mth-252-modules-course-modules-integral-calculus-mth-252z-400-u2026,https://canvas.oregonstate.edu/courses/2080857/modules,https://canvas.oregonstate.edu/courses/2080857/pages/module-6-overview?module_item_id=26982597
2080857,MTH-252,mod-mth-252-012-module-6-techniques-continued,12,Module 6: Techniques Continued,mi-mth-252-26982598,26982598,83,Module 6 — Learning Materials and Practice Activities 🕓 3 - 5 hours,Page,obj-mth-252-page-module-6-learning-materials-and-practice-activities-3-5-hours-2,page,module-6-learning-materials-and-practice-activities-3-5-hours-2,00102-mth-252-module-item-module-6-learning-materials-and-practice-activities-3-5-hours-integral-calculus-mth-252z-400-u20,captured,yes,task-00249-mth-252-prep-reading-module-6-learning-materials-and-practice-activities-3-5-hours-integral-calculus-,prep_reading,candidate,prep_reading,prep_reading|lecture_video,medium,no,no,no,no,,redirected,module_item_has_task,,00002-mth-252-modules-course-modules-integral-calculus-mth-252z-400-u2026,https://canvas.oregonstate.edu/courses/2080857/modules,https://canvas.oregonstate.edu/courses/2080857/pages/module-6-learning-materials-and-practice-activities-3-5-hours-2?module_item_id=26982598
2080857,MTH-252,mod-mth-252-012-module-6-techniques-continued,12,Module 6: Techniques Continued,mi-mth-252-26982599,26982599,84,"Dr. G's Lecture Notes--> Sects. 3.1, 3.2, 3.3, 3.4",Attachment,obj-mth-252-file-119223561,file,119223561,00103-mth-252-module-item-252-lecture-3-1-to-me3-pdf-integral-calculus-mth-252z-400-u2026,captured,yes,task-00206-mth-252-prep-reading-252-lecture-3-1-to-me3-pdf-integral-calculus-mth-252z-400-u2026,prep_reading,candidate,prep_reading,prep_reading|file_reference,medium,no,no,no,no,,redirected,module_item_has_task,,00002-mth-252-modules-course-modules-integral-calculus-mth-252z-400-u2026,https://canvas.oregonstate.edu/courses/2080857/modules,https://canvas.oregonstate.edu/courses/2080857/files/119223561?module_item_id=26982588
2080857,MTH-252,mod-mth-252-012-module-6-techniques-continued,12,Module 6: Techniques Continued,mi-mth-252-26982600,26982600,85,Dr. G Videos --> 3.3,Page,obj-mth-252-page-dr-g-videos-3e-3-dot-3,page,dr-g-videos-%3E-3-dot-3,00104-mth-252-module-item-dr-g-videos-3-3-integral-calculus-mth-252z-400-u2026,captured,yes,task-00235-mth-252-lecture-video-dr-g-videos-3-3-integral-calculus-mth-252z-400-u2026,lecture_video,candidate,lecture_video,lecture_video,medium,no,no,no,no,,redirected,module_item_has_task,,00002-mth-252-modules-course-modules-integral-calculus-mth-252z-400-u2026,https://canvas.oregonstate.edu/courses/2080857/modules,https://canvas.oregonstate.edu/courses/2080857/pages/dr-g-videos-%3E-3-dot-3?module_item_id=26982600
2080857,MTH-252,mod-mth-252-012-module-6-techniques-continued,12,Module 6: Techniques Continued,mi-mth-252-26982601,26982601,86,"Dr G's Videos --> 3.3 continued, 3.4",Page,obj-mth-252-page-dr-gs-videos-3e-3-dot-3-continued-3-dot-4,page,dr-gs-videos-%3E-3-dot-3-continued-3-dot-4,00105-mth-252-module-item-dr-g-s-videos-3-3-continued-3-4-integral-calculus-mth-252z-400-u2026,captured,yes,task-00230-mth-252-lecture-video-dr-g-s-videos-3-3-continued-3-4-integral-calculus-mth-252z-400-u2026,lecture_video,candidate,lecture_video,lecture_video,medium,no,no,no,no,,redirected,module_item_has_task,,00002-mth-252-modules-course-modules-integral-calculus-mth-252z-400-u2026,https://canvas.oregonstate.edu/courses/2080857/modules,https://canvas.oregonstate.edu/courses/2080857/pages/dr-gs-videos-%3E-3-dot-3-continued-3-dot-4?module_item_id=26982601
2080857,MTH-252,mod-mth-252-012-module-6-techniques-continued,12,Module 6: Techniques Continued,mi-mth-252-26982602,26982602,87,RQ-3.3,Quiz,obj-mth-252-quiz-3167656,quiz,3167656,00106-mth-252-module-item-rq-3-3-integral-calculus-mth-252z-400-u2026,captured,yes,task-00270-mth-252-graded-task-rq-3-3-integral-calculus-mth-252z-400-u2026,graded_task,candidate,graded_task,graded_task,high,no,no,no,no,,redirected,module_item_has_task,,00002-mth-252-modules-course-modules-integral-calculus-mth-252z-400-u2026,https://canvas.oregonstate.edu/courses/2080857/modules,https://canvas.oregonstate.edu/courses/2080857/quizzes/3167656?module_item_id=26982602
2080857,MTH-252,mod-mth-252-012-module-6-techniques-continued,12,Module 6: Techniques Continued,mi-mth-252-26982603,26982603,88,Module 6 — Written Homework (WHW 6) 🕓 3 hours,Assignment,obj-mth-252-assignment-10586059,assignment,10586059,00107-mth-252-module-item-module-6-written-homework-whw-6-3-hours,captured,yes,task-00035-mth-252-graded-task-module-6-written-homework-whw-6-3-hours,graded_task,candidate,graded_task,graded_task,high,no,yes,no,no,,redirected,module_item_has_task,,00002-mth-252-modules-course-modules-integral-calculus-mth-252z-400-u2026,https://canvas.oregonstate.edu/courses/2080857/modules,https://canvas.oregonstate.edu/courses/2080857/assignments/10586059?module_item_id=26982603
2080857,MTH-252,mod-mth-252-012-module-6-techniques-continued,12,Module 6: Techniques Continued,mi-mth-252-26982604,26982604,89,Module 6 — Discussion Reflection: WHW 6 🕓 0.5 hour,Discussion Topic,obj-mth-252-discussion-11593470,discussion,11593470,00108-mth-252-module-item-topic-module-6-discussion-reflection-whw-6-0-5-hour,captured,yes,task-00048-mth-252-graded-task-topic-module-6-discussion-reflection-whw-6-0-5-hour,graded_task,candidate,graded_task,graded_task,high,no,no,no,no,,redirected,module_item_has_task,,00002-mth-252-modules-course-modules-integral-calculus-mth-252z-400-u2026,https://canvas.oregonstate.edu/courses/2080857/modules,https://canvas.oregonstate.edu/courses/2080857/discussion_topics/11593470?module_item_id=26982604
2080857,MTH-252,mod-mth-252-012-module-6-techniques-continued,12,Module 6: Techniques Continued,mi-mth-252-26982605,26982605,90,Achieve - 3.3 Trigonometric Substitution,Assignment,obj-mth-252-assignment-10586039,assignment,10586039,00109-mth-252-module-item-achieve-3-3-trigonometric-substitution,captured,yes,task-00015-mth-252-graded-task-achieve-3-3-trigonometric-substitution,graded_task,candidate,graded_task,graded_task,high,no,yes,no,no,,external_tool|redirected,module_item_has_task,,00002-mth-252-modules-course-modules-integral-calculus-mth-252z-400-u2026,https://canvas.oregonstate.edu/courses/2080857/modules,https://canvas.oregonstate.edu/courses/2080857/assignments/10586039?module_item_id=26982605
2080857,MTH-252,mod-mth-252-012-module-6-techniques-continued,12,Module 6: Techniques Continued,mi-mth-252-26982606,26982606,91,Achieve - 3.4 Partial Fractions,Assignment,obj-mth-252-assignment-10586040,assignment,10586040,00110-mth-252-module-item-achieve-3-4-partial-fractions,captured,yes,task-00016-mth-252-graded-task-achieve-3-4-partial-fractions,graded_task,candidate,graded_task,graded_task,high,no,yes,no,no,,external_tool|redirected,module_item_has_task,,00002-mth-252-modules-course-modules-integral-calculus-mth-252z-400-u2026,https://canvas.oregonstate.edu/courses/2080857/modules,https://canvas.oregonstate.edu/courses/2080857/assignments/10586040?module_item_id=26982606
2080857,MTH-252,mod-mth-252-013-mini-exam-3-available-tuesday-thursday-of-week-7,13,Mini-Exam 3: Available Tuesday - Thursday of Week 7,mi-mth-252-26982607,26982607,92,Mini-Exam 3 --> Tuesday to Thursday,Assignment,obj-mth-252-assignment-10586050,assignment,10586050,00111-mth-252-module-item-mini-exam-3-tuesday-to-thursday,captured,yes,task-00026-mth-252-graded-task-mini-exam-3-tuesday-to-thursday,graded_task,candidate,graded_task,graded_task,high,no,yes,no,no,,redirected,module_item_has_task,,00002-mth-252-modules-course-modules-integral-calculus-mth-252z-400-u2026,https://canvas.oregonstate.edu/courses/2080857/modules,https://canvas.oregonstate.edu/courses/2080857/assignments/10586050?module_item_id=26982607
2080857,MTH-252,mod-mth-252-014-module-7-applications-of-integration-graphical,14,Module 7: Applications of Integration - Graphical,mi-mth-252-26982608,26982608,93,Module 7 — Overview,Page,obj-mth-252-page-module-7-overview,page,module-7-overview,00112-mth-252-module-item-module-7-overview-integral-calculus-mth-252z-400-u2026,captured,no,,,,reference,reference,medium,no,no,no,no,,redirected,module_item_reference_only,,00002-mth-252-modules-course-modules-integral-calculus-mth-252z-400-u2026,https://canvas.oregonstate.edu/courses/2080857/modules,https://canvas.oregonstate.edu/courses/2080857/pages/module-7-overview?module_item_id=26982608
2080857,MTH-252,mod-mth-252-014-module-7-applications-of-integration-graphical,14,Module 7: Applications of Integration - Graphical,mi-mth-252-26982609,26982609,94,Module 7 — Learning Materials and Practice Activities 🕓 3 - 5 hours,Page,obj-mth-252-page-module-7-learning-materials-and-practice-activities-3-5-hours-2,page,module-7-learning-materials-and-practice-activities-3-5-hours-2,00113-mth-252-module-item-module-7-learning-materials-and-practice-activities-3-5-hours-integral-calculus-mth-252z-400-u20,captured,yes,task-00250-mth-252-prep-reading-module-7-learning-materials-and-practice-activities-3-5-hours-integral-calculus-,prep_reading,candidate,prep_reading,prep_reading|lecture_video,medium,no,no,no,no,,redirected,module_item_has_task,,00002-mth-252-modules-course-modules-integral-calculus-mth-252z-400-u2026,https://canvas.oregonstate.edu/courses/2080857/modules,https://canvas.oregonstate.edu/courses/2080857/pages/module-7-learning-materials-and-practice-activities-3-5-hours-2?module_item_id=26982609
2080857,MTH-252,mod-mth-252-014-module-7-applications-of-integration-graphical,14,Module 7: Applications of Integration - Graphical,mi-mth-252-26982610,26982610,95,"Dr. G's Lecture Notes--> Sects. 2.1, 2.2, 2.3, 2.4",Attachment,obj-mth-252-file-119223597,file,119223597,00114-mth-252-module-item-252-lecture-2-1-to-me4-pdf-integral-calculus-mth-252z-400-u2026,captured,yes,task-00204-mth-252-prep-reading-252-lecture-2-1-to-me4-pdf-integral-calculus-mth-252z-400-u2026,prep_reading,candidate,prep_reading,prep_reading|file_reference,medium,no,no,no,no,,redirected,module_item_has_task,,00002-mth-252-modules-course-modules-integral-calculus-mth-252z-400-u2026,https://canvas.oregonstate.edu/courses/2080857/modules,https://canvas.oregonstate.edu/courses/2080857/files/119223597?module_item_id=26982610
2080857,MTH-252,mod-mth-252-014-module-7-applications-of-integration-graphical,14,Module 7: Applications of Integration - Graphical,mi-mth-252-26982611,26982611,96,"Dr Gs Videos --> 2.1, 2.2",Page,obj-mth-252-page-dr-gs-videos-3e-2-dot-1-2-dot-2,page,dr-gs-videos-%3E-2-dot-1-2-dot-2,00115-mth-252-module-item-dr-gs-videos-2-1-2-2-integral-calculus-mth-252z-400-u2026,captured,yes,task-00234-mth-252-lecture-video-dr-gs-videos-2-1-2-2-integral-calculus-mth-252z-400-u2026,lecture_video,candidate,lecture_video,lecture_video,medium,no,no,no,no,,redirected,module_item_has_task,,00002-mth-252-modules-course-modules-integral-calculus-mth-252z-400-u2026,https://canvas.oregonstate.edu/courses/2080857/modules,https://canvas.oregonstate.edu/courses/2080857/pages/dr-gs-videos-%3E-2-dot-1-2-dot-2?module_item_id=26982611
2080857,MTH-252,mod-mth-252-014-module-7-applications-of-integration-graphical,14,Module 7: Applications of Integration - Graphical,mi-mth-252-26982612,26982612,97,Dr G's Videos --> 2.2,Page,obj-mth-252-page-dr-gs-videos-3e-2-dot-2,page,dr-gs-videos-%3E-2-dot-2,00116-mth-252-module-item-dr-g-s-videos-2-2-integral-calculus-mth-252z-400-u2026,captured,yes,task-00227-mth-252-lecture-video-dr-g-s-videos-2-2-integral-calculus-mth-252z-400-u2026,lecture_video,candidate,lecture_video,lecture_video,medium,no,no,no,no,,redirected,module_item_has_task,,00002-mth-252-modules-course-modules-integral-calculus-mth-252z-400-u2026,https://canvas.oregonstate.edu/courses/2080857/modules,https://canvas.oregonstate.edu/courses/2080857/pages/dr-gs-videos-%3E-2-dot-2?module_item_id=26982612
2080857,MTH-252,mod-mth-252-014-module-7-applications-of-integration-graphical,14,Module 7: Applications of Integration - Graphical,mi-mth-252-26982613,26982613,98,RQ-2.1,Quiz,obj-mth-252-quiz-3167666,quiz,3167666,00117-mth-252-module-item-rq-2-1-integral-calculus-mth-252z-400-u2026,captured,yes,task-00263-mth-252-graded-task-rq-2-1-integral-calculus-mth-252z-400-u2026,graded_task,candidate,graded_task,graded_task,high,no,no,no,no,,redirected,module_item_has_task,,00002-mth-252-modules-course-modules-integral-calculus-mth-252z-400-u2026,https://canvas.oregonstate.edu/courses/2080857/modules,https://canvas.oregonstate.edu/courses/2080857/quizzes/3167666?module_item_id=26982613
2080857,MTH-252,mod-mth-252-014-module-7-applications-of-integration-graphical,14,Module 7: Applications of Integration - Graphical,mi-mth-252-26982614,26982614,99,RQ-2.2,Quiz,obj-mth-252-quiz-3167653,quiz,3167653,00118-mth-252-module-item-rq-2-2-integral-calculus-mth-252z-400-u2026,captured,yes,task-00264-mth-252-graded-task-rq-2-2-integral-calculus-mth-252z-400-u2026,graded_task,candidate,graded_task,graded_task,high,no,no,no,no,,redirected,module_item_has_task,,00002-mth-252-modules-course-modules-integral-calculus-mth-252z-400-u2026,https://canvas.oregonstate.edu/courses/2080857/modules,https://canvas.oregonstate.edu/courses/2080857/quizzes/3167653?module_item_id=26982614
2080857,MTH-252,mod-mth-252-014-module-7-applications-of-integration-graphical,14,Module 7: Applications of Integration - Graphical,mi-mth-252-26982615,26982615,100,Achieve - 2.1 Areas between Curves,Assignment,obj-mth-252-assignment-10586031,assignment,10586031,00119-mth-252-module-item-achieve-2-1-areas-between-curves,captured,yes,task-00008-mth-252-graded-task-achieve-2-1-areas-between-curves,graded_task,candidate,graded_task,graded_task,high,no,yes,no,no,,external_tool|redirected,module_item_has_task,,00002-mth-252-modules-course-modules-integral-calculus-mth-252z-400-u2026,https://canvas.oregonstate.edu/courses/2080857/modules,https://canvas.oregonstate.edu/courses/2080857/assignments/10586031?module_item_id=26982615
2080857,MTH-252,mod-mth-252-014-module-7-applications-of-integration-graphical,14,Module 7: Applications of Integration - Graphical,mi-mth-252-26982616,26982616,101,Achieve - 2.2 Volumes by Slicing and Disc/Washer Method,Assignment,obj-mth-252-assignment-10586032,assignment,10586032,00120-mth-252-module-item-achieve-2-2-volumes-by-slicing-and-disc-washer-method,captured,yes,task-00009-mth-252-graded-task-achieve-2-2-volumes-by-slicing-and-disc-washer-method,graded_task,candidate,graded_task,graded_task,high,no,yes,no,no,,external_tool|redirected,module_item_has_task,,00002-mth-252-modules-course-modules-integral-calculus-mth-252z-400-u2026,https://canvas.oregonstate.edu/courses/2080857/modules,https://canvas.oregonstate.edu/courses/2080857/assignments/10586032?module_item_id=26982616
2080857,MTH-252,mod-mth-252-014-module-7-applications-of-integration-graphical,14,Module 7: Applications of Integration - Graphical,mi-mth-252-26982617,26982617,102,Module 7 — Written Homework (WHW 7) 🕓 3 hours,Assignment,obj-mth-252-assignment-10586060,assignment,10586060,00121-mth-252-module-item-module-7-written-homework-whw-7-3-hours,captured,yes,task-00036-mth-252-graded-task-module-7-written-homework-whw-7-3-hours,graded_task,candidate,graded_task,graded_task,high,no,yes,no,no,,redirected,module_item_has_task,,00002-mth-252-modules-course-modules-integral-calculus-mth-252z-400-u2026,https://canvas.oregonstate.edu/courses/2080857/modules,https://canvas.oregonstate.edu/courses/2080857/assignments/10586060?module_item_id=26982617
2080857,MTH-252,mod-mth-252-014-module-7-applications-of-integration-graphical,14,Module 7: Applications of Integration - Graphical,mi-mth-252-26982618,26982618,103,Module 7 — Discussion Reflection: Mini-Exam 3 🕓 0.5 hour,Discussion Topic,obj-mth-252-discussion-11593469,discussion,11593469,00122-mth-252-module-item-topic-module-7-discussion-reflection-mini-exam-3-0-5-hour,captured,yes,task-00049-mth-252-graded-task-topic-module-7-discussion-reflection-mini-exam-3-0-5-hour,graded_task,candidate,graded_task,graded_task,high,no,no,no,no,,redirected,module_item_has_task,,00002-mth-252-modules-course-modules-integral-calculus-mth-252z-400-u2026,https://canvas.oregonstate.edu/courses/2080857/modules,https://canvas.oregonstate.edu/courses/2080857/discussion_topics/11593469?module_item_id=26982618
2080857,MTH-252,mod-mth-252-015-module-8-application-of-integration-graphical-and-real-world,15,Module 8: Application of Integration - Graphical and Real-World,mi-mth-252-26982619,26982619,104,Module 8 — Overview,Page,obj-mth-252-page-module-8-overview,page,module-8-overview,00123-mth-252-module-item-module-8-overview-integral-calculus-mth-252z-400-u2026,captured,no,,,,reference,reference,medium,no,no,no,no,,redirected,module_item_reference_only,,00002-mth-252-modules-course-modules-integral-calculus-mth-252z-400-u2026,https://canvas.oregonstate.edu/courses/2080857/modules,https://canvas.oregonstate.edu/courses/2080857/pages/module-8-overview?module_item_id=26982619
2080857,MTH-252,mod-mth-252-015-module-8-application-of-integration-graphical-and-real-world,15,Module 8: Application of Integration - Graphical and Real-World,mi-mth-252-26982620,26982620,105,Module 8 — Learning Materials and Practice Activities 🕓 3 - 5 hours,Page,obj-mth-252-page-module-8-learning-materials-and-practice-activities-3-5-hours-2,page,module-8-learning-materials-and-practice-activities-3-5-hours-2,00124-mth-252-module-item-module-8-learning-materials-and-practice-activities-3-5-hours-integral-calculus-mth-252z-400-u20,captured,yes,task-00251-mth-252-prep-reading-module-8-learning-materials-and-practice-activities-3-5-hours-integral-calculus-,prep_reading,candidate,prep_reading,prep_reading|lecture_video,medium,no,no,no,no,,redirected,module_item_has_task,,00002-mth-252-modules-course-modules-integral-calculus-mth-252z-400-u2026,https://canvas.oregonstate.edu/courses/2080857/modules,https://canvas.oregonstate.edu/courses/2080857/pages/module-8-learning-materials-and-practice-activities-3-5-hours-2?module_item_id=26982620
2080857,MTH-252,mod-mth-252-015-module-8-application-of-integration-graphical-and-real-world,15,Module 8: Application of Integration - Graphical and Real-World,mi-mth-252-26982621,26982621,106,"Dr. G's Lecture Notes--> Sects. 2.1, 2.2, 2.3, 2.4",Attachment,obj-mth-252-file-119223597,file,119223597,00125-mth-252-module-item-252-lecture-2-1-to-me4-pdf-integral-calculus-mth-252z-400-u2026,captured,yes,task-00204-mth-252-prep-reading-252-lecture-2-1-to-me4-pdf-integral-calculus-mth-252z-400-u2026,prep_reading,candidate,prep_reading,prep_reading|file_reference,medium,no,no,no,no,,redirected,module_item_has_task,,00002-mth-252-modules-course-modules-integral-calculus-mth-252z-400-u2026,https://canvas.oregonstate.edu/courses/2080857/modules,https://canvas.oregonstate.edu/courses/2080857/files/119223597?module_item_id=26982610
2080857,MTH-252,mod-mth-252-015-module-8-application-of-integration-graphical-and-real-world,15,Module 8: Application of Integration - Graphical and Real-World,mi-mth-252-26982622,26982622,107,Dr G's Lecture Notes --> 2.3-2.4.pdf,Attachment,obj-mth-252-file-119223466,file,119223466,00126-mth-252-module-item-lecture-2-3-2-4-pdf-integral-calculus-mth-252z-400-u2026,captured,yes,task-00208-mth-252-prep-reading-lecture-2-3-2-4-pdf-integral-calculus-mth-252z-400-u2026,prep_reading,candidate,prep_reading,prep_reading|file_reference,medium,no,no,no,no,,redirected,module_item_has_task,,00002-mth-252-modules-course-modules-integral-calculus-mth-252z-400-u2026,https://canvas.oregonstate.edu/courses/2080857/modules,https://canvas.oregonstate.edu/courses/2080857/files/119223466?module_item_id=26982622
2080857,MTH-252,mod-mth-252-015-module-8-application-of-integration-graphical-and-real-world,15,Module 8: Application of Integration - Graphical and Real-World,mi-mth-252-26982623,26982623,108,"Dr G's Videos --> 2.3, 2.4",Page,obj-mth-252-page-dr-gs-videos-3e-2-dot-3-2-dot-4,page,dr-gs-videos-%3E-2-dot-3-2-dot-4,00127-mth-252-module-item-dr-g-s-videos-2-3-2-4-integral-calculus-mth-252z-400-u2026,captured,yes,task-00228-mth-252-lecture-video-dr-g-s-videos-2-3-2-4-integral-calculus-mth-252z-400-u2026,lecture_video,candidate,lecture_video,lecture_video,medium,no,no,no,no,,redirected,module_item_has_task,,00002-mth-252-modules-course-modules-integral-calculus-mth-252z-400-u2026,https://canvas.oregonstate.edu/courses/2080857/modules,https://canvas.oregonstate.edu/courses/2080857/pages/dr-gs-videos-%3E-2-dot-3-2-dot-4?module_item_id=26982623
2080857,MTH-252,mod-mth-252-015-module-8-application-of-integration-graphical-and-real-world,15,Module 8: Application of Integration - Graphical and Real-World,mi-mth-252-26982624,26982624,109,RQ-2.3,Quiz,obj-mth-252-quiz-3167665,quiz,3167665,00128-mth-252-module-item-rq-2-3-integral-calculus-mth-252z-400-u2026,captured,yes,task-00265-mth-252-graded-task-rq-2-3-integral-calculus-mth-252z-400-u2026,graded_task,candidate,graded_task,graded_task,high,no,no,no,no,,redirected,module_item_has_task,,00002-mth-252-modules-course-modules-integral-calculus-mth-252z-400-u2026,https://canvas.oregonstate.edu/courses/2080857/modules,https://canvas.oregonstate.edu/courses/2080857/quizzes/3167665?module_item_id=26982624
2080857,MTH-252,mod-mth-252-015-module-8-application-of-integration-graphical-and-real-world,15,Module 8: Application of Integration - Graphical and Real-World,mi-mth-252-26982625,26982625,110,RQ-2.4,Quiz,obj-mth-252-quiz-3167663,quiz,3167663,00129-mth-252-module-item-rq-2-4-integral-calculus-mth-252z-400-u2026,captured,yes,task-00266-mth-252-graded-task-rq-2-4-integral-calculus-mth-252z-400-u2026,graded_task,candidate,graded_task,graded_task,high,no,no,no,no,,redirected,module_item_has_task,,00002-mth-252-modules-course-modules-integral-calculus-mth-252z-400-u2026,https://canvas.oregonstate.edu/courses/2080857/modules,https://canvas.oregonstate.edu/courses/2080857/quizzes/3167663?module_item_id=26982625
2080857,MTH-252,mod-mth-252-015-module-8-application-of-integration-graphical-and-real-world,15,Module 8: Application of Integration - Graphical and Real-World,mi-mth-252-26982626,26982626,111,Module 8 — Written Homework (WHW 8) 🕓 3 hours,Assignment,obj-mth-252-assignment-10586061,assignment,10586061,00130-mth-252-module-item-module-8-written-homework-whw-8-3-hours,captured,yes,task-00037-mth-252-graded-task-module-8-written-homework-whw-8-3-hours,graded_task,candidate,graded_task,graded_task,high,no,yes,no,no,,redirected,module_item_has_task,,00002-mth-252-modules-course-modules-integral-calculus-mth-252z-400-u2026,https://canvas.oregonstate.edu/courses/2080857/modules,https://canvas.oregonstate.edu/courses/2080857/assignments/10586061?module_item_id=26982626
2080857,MTH-252,mod-mth-252-015-module-8-application-of-integration-graphical-and-real-world,15,Module 8: Application of Integration - Graphical and Real-World,mi-mth-252-26982627,26982627,112,Module 8 — Discussion Reflection: WHW 8 🕓 0.5 hour,Discussion Topic,obj-mth-252-discussion-11593468,discussion,11593468,00131-mth-252-module-item-topic-module-8-discussion-reflection-whw-8-0-5-hour,captured,yes,task-00050-mth-252-graded-task-topic-module-8-discussion-reflection-whw-8-0-5-hour,graded_task,candidate,graded_task,graded_task,high,no,no,no,no,,redirected,module_item_has_task,,00002-mth-252-modules-course-modules-integral-calculus-mth-252z-400-u2026,https://canvas.oregonstate.edu/courses/2080857/modules,https://canvas.oregonstate.edu/courses/2080857/discussion_topics/11593468?module_item_id=26982627
2080857,MTH-252,mod-mth-252-015-module-8-application-of-integration-graphical-and-real-world,15,Module 8: Application of Integration - Graphical and Real-World,mi-mth-252-26982628,26982628,113,Achieve - 2.3 Volumes of Revolution: Cylindrical Shells,Assignment,obj-mth-252-assignment-10586033,assignment,10586033,00132-mth-252-module-item-achieve-2-3-volumes-of-revolution-cylindrical-shells,captured,yes,task-00010-mth-252-graded-task-achieve-2-3-volumes-of-revolution-cylindrical-shells,graded_task,candidate,graded_task,graded_task,high,no,yes,no,no,,external_tool|redirected,module_item_has_task,,00002-mth-252-modules-course-modules-integral-calculus-mth-252z-400-u2026,https://canvas.oregonstate.edu/courses/2080857/modules,https://canvas.oregonstate.edu/courses/2080857/assignments/10586033?module_item_id=26982628
2080857,MTH-252,mod-mth-252-015-module-8-application-of-integration-graphical-and-real-world,15,Module 8: Application of Integration - Graphical and Real-World,mi-mth-252-26982629,26982629,114,Acheive - 2.4 Arc Length of a Curve (NO Surface Area),Assignment,obj-mth-252-assignment-10586024,assignment,10586024,00133-mth-252-module-item-acheive-2-4-arc-length-of-a-curve-no-surface-area,captured,yes,task-00001-mth-252-graded-task-acheive-2-4-arc-length-of-a-curve-no-surface-area,graded_task,candidate,graded_task,graded_task,high,no,yes,no,no,,external_tool|redirected,module_item_has_task,,00002-mth-252-modules-course-modules-integral-calculus-mth-252z-400-u2026,https://canvas.oregonstate.edu/courses/2080857/modules,https://canvas.oregonstate.edu/courses/2080857/assignments/10586024?module_item_id=26982629
2080857,MTH-252,mod-mth-252-016-mini-exam-4-available-tuesday-thursday-of-week-9,16,Mini-Exam 4: Available Tuesday - Thursday of Week 9,mi-mth-252-26982630,26982630,115,Mini-Exam 4 --> Tuesday to Thursday,Assignment,obj-mth-252-assignment-10586052,assignment,10586052,00134-mth-252-module-item-mini-exam-4-tuesday-to-thursday,captured,yes,task-00028-mth-252-graded-task-mini-exam-4-tuesday-to-thursday,graded_task,candidate,graded_task,graded_task,high,no,yes,no,no,,redirected,module_item_has_task,,00002-mth-252-modules-course-modules-integral-calculus-mth-252z-400-u2026,https://canvas.oregonstate.edu/courses/2080857/modules,https://canvas.oregonstate.edu/courses/2080857/assignments/10586052?module_item_id=26982630
2080857,MTH-252,mod-mth-252-017-module-9-applications-of-integration-real-world,17,Module 9: Applications of Integration - Real-World,mi-mth-252-26982631,26982631,116,Module 9 — Overview,Page,obj-mth-252-page-module-9-overview,page,module-9-overview,00135-mth-252-module-item-module-9-overview-integral-calculus-mth-252z-400-u2026,captured,no,,,,reference,reference,medium,no,no,no,no,,redirected,module_item_reference_only,,00002-mth-252-modules-course-modules-integral-calculus-mth-252z-400-u2026,https://canvas.oregonstate.edu/courses/2080857/modules,https://canvas.oregonstate.edu/courses/2080857/pages/module-9-overview?module_item_id=26982631
2080857,MTH-252,mod-mth-252-017-module-9-applications-of-integration-real-world,17,Module 9: Applications of Integration - Real-World,mi-mth-252-26982632,26982632,117,Module 9 — Learning Materials and Practice Activities 🕓 3 - 5 hours,Page,obj-mth-252-page-module-9-learning-materials-and-practice-activities-3-5-hours-2,page,module-9-learning-materials-and-practice-activities-3-5-hours-2,00136-mth-252-module-item-module-9-learning-materials-and-practice-activities-3-5-hours-integral-calculus-mth-252z-400-u20,captured,yes,task-00252-mth-252-prep-reading-module-9-learning-materials-and-practice-activities-3-5-hours-integral-calculus-,prep_reading,candidate,prep_reading,prep_reading|lecture_video,medium,no,no,no,no,,redirected,module_item_has_task,,00002-mth-252-modules-course-modules-integral-calculus-mth-252z-400-u2026,https://canvas.oregonstate.edu/courses/2080857/modules,https://canvas.oregonstate.edu/courses/2080857/pages/module-9-learning-materials-and-practice-activities-3-5-hours-2?module_item_id=26982632
2080857,MTH-252,mod-mth-252-017-module-9-applications-of-integration-real-world,17,Module 9: Applications of Integration - Real-World,mi-mth-252-26982633,26982633,118,"Dr. G's Lecture Notes--> Sects. 2.5-1, 2.5-2, 3.7",Attachment,obj-mth-252-file-119223598,file,119223598,00137-mth-252-module-item-252-lecture-2-5-to-me5-pdf-integral-calculus-mth-252z-400-u2026,captured,yes,task-00205-mth-252-prep-reading-252-lecture-2-5-to-me5-pdf-integral-calculus-mth-252z-400-u2026,prep_reading,candidate,prep_reading,prep_reading|file_reference,medium,no,no,no,no,,redirected,module_item_has_task,,00002-mth-252-modules-course-modules-integral-calculus-mth-252z-400-u2026,https://canvas.oregonstate.edu/courses/2080857/modules,https://canvas.oregonstate.edu/courses/2080857/files/119223598?module_item_id=26982633
2080857,MTH-252,mod-mth-252-017-module-9-applications-of-integration-real-world,17,Module 9: Applications of Integration - Real-World,mi-mth-252-26982634,26982634,119,Dr. G's Videos --> 2.5,Page,obj-mth-252-page-dr-gs-videos-3e-2-dot-5,page,dr-gs-videos-%3E-2-dot-5,00138-mth-252-module-item-dr-g-s-videos-2-5-integral-calculus-mth-252z-400-u2026,captured,yes,task-00238-mth-252-lecture-video-dr-g-s-videos-2-5-integral-calculus-mth-252z-400-u2026,lecture_video,candidate,lecture_video,lecture_video,medium,no,no,no,no,,redirected,module_item_has_task,,00002-mth-252-modules-course-modules-integral-calculus-mth-252z-400-u2026,https://canvas.oregonstate.edu/courses/2080857/modules,https://canvas.oregonstate.edu/courses/2080857/pages/dr-gs-videos-%3E-2-dot-5?module_item_id=26982634
2080857,MTH-252,mod-mth-252-017-module-9-applications-of-integration-real-world,17,Module 9: Applications of Integration - Real-World,mi-mth-252-26982635,26982635,120,RQ-2.5,Quiz,obj-mth-252-quiz-3167668,quiz,3167668,00139-mth-252-module-item-rq-2-5-integral-calculus-mth-252z-400-u2026,captured,yes,task-00267-mth-252-graded-task-rq-2-5-integral-calculus-mth-252z-400-u2026,graded_task,candidate,graded_task,graded_task,high,no,no,no,no,,redirected,module_item_has_task,,00002-mth-252-modules-course-modules-integral-calculus-mth-252z-400-u2026,https://canvas.oregonstate.edu/courses/2080857/modules,https://canvas.oregonstate.edu/courses/2080857/quizzes/3167668?module_item_id=26982635
2080857,MTH-252,mod-mth-252-017-module-9-applications-of-integration-real-world,17,Module 9: Applications of Integration - Real-World,mi-mth-252-26982636,26982636,121,Module 9 — Written Homework (WHW 9) 🕓 3 hours,Assignment,obj-mth-252-assignment-10586062,assignment,10586062,00140-mth-252-module-item-module-9-written-homework-whw-9-3-hours,captured,yes,task-00038-mth-252-graded-task-module-9-written-homework-whw-9-3-hours,graded_task,candidate,graded_task,graded_task,high,no,yes,no,no,,redirected,module_item_has_task,,00002-mth-252-modules-course-modules-integral-calculus-mth-252z-400-u2026,https://canvas.oregonstate.edu/courses/2080857/modules,https://canvas.oregonstate.edu/courses/2080857/assignments/10586062?module_item_id=26982636
2080857,MTH-252,mod-mth-252-017-module-9-applications-of-integration-real-world,17,Module 9: Applications of Integration - Real-World,mi-mth-252-26982637,26982637,122,Module 9 — Discussion Reflection: Final and Exam Prep 🕓 0.5 hour,Discussion Topic,obj-mth-252-discussion-11593467,discussion,11593467,00141-mth-252-module-item-topic-module-9-discussion-reflection-final-and-exam-prep-0-5-hour,captured,yes,task-00051-mth-252-graded-task-topic-module-9-discussion-reflection-final-and-exam-prep-0-5-hour,graded_task,candidate,graded_task,graded_task,high,no,no,no,no,,redirected,module_item_has_task,,00002-mth-252-modules-course-modules-integral-calculus-mth-252z-400-u2026,https://canvas.oregonstate.edu/courses/2080857/modules,https://canvas.oregonstate.edu/courses/2080857/discussion_topics/11593467?module_item_id=26982637
2080857,MTH-252,mod-mth-252-017-module-9-applications-of-integration-real-world,17,Module 9: Applications of Integration - Real-World,mi-mth-252-26982638,26982638,123,Achieve - 2.5 - 1 Physical Applications,Assignment,obj-mth-252-assignment-10586034,assignment,10586034,00142-mth-252-module-item-achieve-2-5-1-physical-applications,captured,yes,task-00011-mth-252-graded-task-achieve-2-5-1-physical-applications,graded_task,candidate,graded_task,graded_task,high,no,yes,no,no,,external_tool|redirected,module_item_has_task,,00002-mth-252-modules-course-modules-integral-calculus-mth-252z-400-u2026,https://canvas.oregonstate.edu/courses/2080857/modules,https://canvas.oregonstate.edu/courses/2080857/assignments/10586034?module_item_id=26982638
2080857,MTH-252,mod-mth-252-017-module-9-applications-of-integration-real-world,17,Module 9: Applications of Integration - Real-World,mi-mth-252-26982639,26982639,124,Achieve - 2.5 - 2 Physical Applications,Assignment,obj-mth-252-assignment-10586036,assignment,10586036,00143-mth-252-module-item-achieve-2-5-2-physical-applications,captured,yes,task-00012-mth-252-graded-task-achieve-2-5-2-physical-applications,graded_task,candidate,graded_task,graded_task,high,no,yes,no,no,,external_tool|redirected,module_item_has_task,,00002-mth-252-modules-course-modules-integral-calculus-mth-252z-400-u2026,https://canvas.oregonstate.edu/courses/2080857/modules,https://canvas.oregonstate.edu/courses/2080857/assignments/10586036?module_item_id=26982639
2080857,MTH-252,mod-mth-252-018-module-10-applications-of-integration-real-world,18,Module 10: Applications of Integration - Real World,mi-mth-252-26982640,26982640,125,Mini-Exam Retake Sign Up,Quiz,obj-mth-252-quiz-3167661,quiz,3167661,00144-mth-252-module-item-mini-exam-retake-sign-up-integral-calculus-mth-252z-400-u2026,captured,yes,task-00256-mth-252-graded-task-mini-exam-retake-sign-up-integral-calculus-mth-252z-400-u2026,graded_task,candidate,graded_task,graded_task,high,no,no,no,no,,redirected,module_item_has_task,,00002-mth-252-modules-course-modules-integral-calculus-mth-252z-400-u2026,https://canvas.oregonstate.edu/courses/2080857/modules,https://canvas.oregonstate.edu/courses/2080857/quizzes/3167661?module_item_id=26982640
2080857,MTH-252,mod-mth-252-018-module-10-applications-of-integration-real-world,18,Module 10: Applications of Integration - Real World,mi-mth-252-26982641,26982641,126,Module 10 - Overview,Page,obj-mth-252-page-module-10-overview,page,module-10-overview,00145-mth-252-module-item-module-10-overview-integral-calculus-mth-252z-400-u2026,captured,no,,,,reference,reference,medium,no,no,no,no,,redirected,module_item_reference_only,,00002-mth-252-modules-course-modules-integral-calculus-mth-252z-400-u2026,https://canvas.oregonstate.edu/courses/2080857/modules,https://canvas.oregonstate.edu/courses/2080857/pages/module-10-overview?module_item_id=26982641
2080857,MTH-252,mod-mth-252-018-module-10-applications-of-integration-real-world,18,Module 10: Applications of Integration - Real World,mi-mth-252-26982643,26982643,127,Module 10 — Learning Materials and Practice Activities 🕓 3 - 5 hours,Page,obj-mth-252-page-module-10-learning-materials-and-practice-activities-3-5-hours-2,page,module-10-learning-materials-and-practice-activities-3-5-hours-2,00146-mth-252-module-item-module-10-learning-materials-and-practice-activities-3-5-hours-integral-calculus-mth-252z-400-u2,captured,yes,task-00244-mth-252-prep-reading-module-10-learning-materials-and-practice-activities-3-5-hours-integral-calculus,prep_reading,candidate,prep_reading,prep_reading|lecture_video,medium,no,no,no,no,,redirected,module_item_has_task,,00002-mth-252-modules-course-modules-integral-calculus-mth-252z-400-u2026,https://canvas.oregonstate.edu/courses/2080857/modules,https://canvas.oregonstate.edu/courses/2080857/pages/module-10-learning-materials-and-practice-activities-3-5-hours-2?module_item_id=26982643
2080857,MTH-252,mod-mth-252-018-module-10-applications-of-integration-real-world,18,Module 10: Applications of Integration - Real World,mi-mth-252-26982644,26982644,128,"Dr. G's Lecture Notes--> Sects. 2.5-1, 2.5-2, 3.7",Attachment,obj-mth-252-file-119223598,file,119223598,00147-mth-252-module-item-252-lecture-2-5-to-me5-pdf-integral-calculus-mth-252z-400-u2026,captured,yes,task-00205-mth-252-prep-reading-252-lecture-2-5-to-me5-pdf-integral-calculus-mth-252z-400-u2026,prep_reading,candidate,prep_reading,prep_reading|file_reference,medium,no,no,no,no,,redirected,module_item_has_task,,00002-mth-252-modules-course-modules-integral-calculus-mth-252z-400-u2026,https://canvas.oregonstate.edu/courses/2080857/modules,https://canvas.oregonstate.edu/courses/2080857/files/119223598?module_item_id=26982633
2080857,MTH-252,mod-mth-252-018-module-10-applications-of-integration-real-world,18,Module 10: Applications of Integration - Real World,mi-mth-252-26982645,26982645,129,Dr G's Videos --> 3.7,Page,obj-mth-252-page-dr-gs-videos-3e-3-dot-7,page,dr-gs-videos-%3E-3-dot-7,00148-mth-252-module-item-dr-g-s-videos-3-7-integral-calculus-mth-252z-400-u2026,captured,yes,task-00231-mth-252-lecture-video-dr-g-s-videos-3-7-integral-calculus-mth-252z-400-u2026,lecture_video,candidate,lecture_video,lecture_video,medium,no,no,no,no,,redirected,module_item_has_task,,00002-mth-252-modules-course-modules-integral-calculus-mth-252z-400-u2026,https://canvas.oregonstate.edu/courses/2080857/modules,https://canvas.oregonstate.edu/courses/2080857/pages/dr-gs-videos-%3E-3-dot-7?module_item_id=26982645
2080857,MTH-252,mod-mth-252-018-module-10-applications-of-integration-real-world,18,Module 10: Applications of Integration - Real World,mi-mth-252-26982646,26982646,130,RQ-3.7,Quiz,obj-mth-252-quiz-3167657,quiz,3167657,00149-mth-252-module-item-rq-3-7-integral-calculus-mth-252z-400-u2026,captured,yes,task-00271-mth-252-graded-task-rq-3-7-integral-calculus-mth-252z-400-u2026,graded_task,candidate,graded_task,graded_task,high,no,no,no,no,,redirected,module_item_has_task,,00002-mth-252-modules-course-modules-integral-calculus-mth-252z-400-u2026,https://canvas.oregonstate.edu/courses/2080857/modules,https://canvas.oregonstate.edu/courses/2080857/quizzes/3167657?module_item_id=26982646
2080857,MTH-252,mod-mth-252-018-module-10-applications-of-integration-real-world,18,Module 10: Applications of Integration - Real World,mi-mth-252-26982647,26982647,131,Reflection 3,Assignment,obj-mth-252-assignment-10586064,assignment,10586064,00150-mth-252-module-item-reflection-3,captured,yes,task-00040-mth-252-graded-task-reflection-3,graded_task,candidate,graded_task,graded_task,high,no,yes,no,no,,external_tool|redirected,module_item_has_task,,00002-mth-252-modules-course-modules-integral-calculus-mth-252z-400-u2026,https://canvas.oregonstate.edu/courses/2080857/modules,https://canvas.oregonstate.edu/courses/2080857/assignments/10586064?module_item_id=26982647
2080857,MTH-252,mod-mth-252-018-module-10-applications-of-integration-real-world,18,Module 10: Applications of Integration - Real World,mi-mth-252-26982648,26982648,132,Achieve - 3.7 Improper Integrals,Assignment,obj-mth-252-assignment-10586041,assignment,10586041,00151-mth-252-module-item-achieve-3-7-improper-integrals,captured,yes,task-00017-mth-252-graded-task-achieve-3-7-improper-integrals,graded_task,candidate,graded_task,graded_task,high,no,yes,no,no,,external_tool|redirected,module_item_has_task,,00002-mth-252-modules-course-modules-integral-calculus-mth-252z-400-u2026,https://canvas.oregonstate.edu/courses/2080857/modules,https://canvas.oregonstate.edu/courses/2080857/assignments/10586041?module_item_id=26982648
2080857,MTH-252,mod-mth-252-018-module-10-applications-of-integration-real-world,18,Module 10: Applications of Integration - Real World,mi-mth-252-26982649,26982649,133,Module 10 — Written Homework (WHW 10) 🕓 3 hours,Assignment,obj-mth-252-assignment-10586054,assignment,10586054,00152-mth-252-module-item-module-10-written-homework-whw-10-3-hours,captured,yes,task-00030-mth-252-graded-task-module-10-written-homework-whw-10-3-hours,graded_task,candidate,graded_task,graded_task,high,no,yes,no,no,,redirected,module_item_has_task,,00002-mth-252-modules-course-modules-integral-calculus-mth-252z-400-u2026,https://canvas.oregonstate.edu/courses/2080857/modules,https://canvas.oregonstate.edu/courses/2080857/assignments/10586054?module_item_id=26982649
2080857,MTH-252,mod-mth-252-019-final-exam-available-monday-wednesday-of-week-11,19,Final Exam: Available Monday - Wednesday of week 11,mi-mth-252-26982651,26982651,134,Retake - Only ONE retake submission is permitted. 1,Context Module Sub Header,obj-mth-252-module-subheader-26982651,module_subheader,26982651,,structural_marker,no,,,,reference,reference,medium,no,no,no,no,,,module_item_reference_only,Object inferred from module item listing without captured destination page.,00002-mth-252-modules-course-modules-integral-calculus-mth-252z-400-u2026,https://canvas.oregonstate.edu/courses/2080857/modules,
2080857,MTH-252,mod-mth-252-019-final-exam-available-monday-wednesday-of-week-11,19,Final Exam: Available Monday - Wednesday of week 11,mi-mth-252-26982652,26982652,135,Final Mini-Exam 5 --> Monday to Wednesday,Assignment,obj-mth-252-assignment-10586043,assignment,10586043,00153-mth-252-module-item-final-mini-exam-5-monday-to-wednesday,captured,yes,task-00019-mth-252-graded-task-final-mini-exam-5-monday-to-wednesday,graded_task,candidate,graded_task,graded_task,high,no,yes,no,no,,redirected,module_item_has_task,,00002-mth-252-modules-course-modules-integral-calculus-mth-252z-400-u2026,https://canvas.oregonstate.edu/courses/2080857/modules,https://canvas.oregonstate.edu/courses/2080857/assignments/10586043?module_item_id=26982652
2080857,MTH-252,mod-mth-252-019-final-exam-available-monday-wednesday-of-week-11,19,Final Exam: Available Monday - Wednesday of week 11,mi-mth-252-26982653,26982653,136,Mini-Exam 1 - Retake,Assignment,obj-mth-252-assignment-10586046,assignment,10586046,00154-mth-252-module-item-mini-exam-1-retake,captured,yes,task-00021-mth-252-graded-task-mini-exam-1-retake,graded_task,candidate,graded_task,graded_task,high,no,yes,no,no,,redirected,module_item_has_task,,00002-mth-252-modules-course-modules-integral-calculus-mth-252z-400-u2026,https://canvas.oregonstate.edu/courses/2080857/modules,https://canvas.oregonstate.edu/courses/2080857/assignments/10586046?module_item_id=26982653
2080857,MTH-252,mod-mth-252-019-final-exam-available-monday-wednesday-of-week-11,19,Final Exam: Available Monday - Wednesday of week 11,mi-mth-252-26982654,26982654,137,Mini-Exam 2 - Retake,Assignment,obj-mth-252-assignment-10586047,assignment,10586047,00155-mth-252-module-item-mini-exam-2-retake,captured,yes,task-00023-mth-252-graded-task-mini-exam-2-retake,graded_task,candidate,graded_task,graded_task|critical_setup|prep_reading,high,no,yes,no,no,,external_tool|redirected,module_item_has_task,,00002-mth-252-modules-course-modules-integral-calculus-mth-252z-400-u2026,https://canvas.oregonstate.edu/courses/2080857/modules,https://canvas.oregonstate.edu/courses/2080857/assignments/10586047?module_item_id=26982654
2080857,MTH-252,mod-mth-252-019-final-exam-available-monday-wednesday-of-week-11,19,Final Exam: Available Monday - Wednesday of week 11,mi-mth-252-26982655,26982655,138,Mini-Exam 3 - Retake,Assignment,obj-mth-252-assignment-10586049,assignment,10586049,00156-mth-252-module-item-mini-exam-3-retake,captured,yes,task-00025-mth-252-graded-task-mini-exam-3-retake,graded_task,candidate,graded_task,graded_task|critical_setup|prep_reading,high,no,yes,no,no,,external_tool|redirected,module_item_has_task,,00002-mth-252-modules-course-modules-integral-calculus-mth-252z-400-u2026,https://canvas.oregonstate.edu/courses/2080857/modules,https://canvas.oregonstate.edu/courses/2080857/assignments/10586049?module_item_id=26982655
2080857,MTH-252,mod-mth-252-019-final-exam-available-monday-wednesday-of-week-11,19,Final Exam: Available Monday - Wednesday of week 11,mi-mth-252-26982656,26982656,139,Mini-Exam 4 - Retake,Assignment,obj-mth-252-assignment-10586051,assignment,10586051,00157-mth-252-module-item-mini-exam-4-retake,captured,yes,task-00027-mth-252-graded-task-mini-exam-4-retake,graded_task,candidate,graded_task,graded_task|critical_setup|prep_reading,high,no,yes,no,no,,external_tool|redirected,module_item_has_task,,00002-mth-252-modules-course-modules-integral-calculus-mth-252z-400-u2026,https://canvas.oregonstate.edu/courses/2080857/modules,https://canvas.oregonstate.edu/courses/2080857/assignments/10586051?module_item_id=26982656
2080857,MTH-252,mod-mth-252-020-intro-to-calculus,20,Intro to Calculus,mi-mth-252-26982657,26982657,140,What is Calculus? Links to an external site.,External Url,obj-mth-252-external-url-26982657,external_url,26982657,,external_unvisited,yes,task-00194-mth-252-external-tool-what-is-calculus-links-to-an-external-site,external_tool,needs_review,external_tool,external_tool,low,no,no,no,yes,external_surface,,module_item_external_unvisited,Object inferred from module item listing without captured destination page.,00002-mth-252-modules-course-modules-integral-calculus-mth-252z-400-u2026,https://canvas.oregonstate.edu/courses/2080857/modules,https://youtu.be/tXnYk5zLPTI
2080857,MTH-252,mod-mth-252-021-1-1-approximating-area-under-the-curve,21,1.1 Approximating Area Under the Curve,mi-mth-252-26982658,26982658,141,"Upper, Lower, Left, and Right Sums Links to an external site.",External Url,obj-mth-252-external-url-26982658,external_url,26982658,,external_unvisited,yes,task-00188-mth-252-external-tool-upper-lower-left-and-right-sums-links-to-an-external-site,external_tool,needs_review,external_tool,external_tool,low,no,no,no,yes,external_surface,,module_item_external_unvisited,Object inferred from module item listing without captured destination page.,00002-mth-252-modules-course-modules-integral-calculus-mth-252z-400-u2026,https://canvas.oregonstate.edu/courses/2080857/modules,https://youtu.be/bVYrCrG0ggo
2080857,MTH-252,mod-mth-252-021-1-1-approximating-area-under-the-curve,21,1.1 Approximating Area Under the Curve,mi-mth-252-26982659,26982659,142,Area under curve: Rectangles Links to an external site.,External Url,obj-mth-252-external-url-26982659,external_url,26982659,,external_unvisited,yes,task-00084-mth-252-external-tool-area-under-curve-rectangles-links-to-an-external-site,external_tool,needs_review,external_tool,external_tool,low,no,no,no,yes,external_surface,,module_item_external_unvisited,Object inferred from module item listing without captured destination page.,00002-mth-252-modules-course-modules-integral-calculus-mth-252z-400-u2026,https://canvas.oregonstate.edu/courses/2080857/modules,https://youtu.be/eHbHQ2wqZvc
2080857,MTH-252,mod-mth-252-021-1-1-approximating-area-under-the-curve,21,1.1 Approximating Area Under the Curve,mi-mth-252-26982660,26982660,143,Application: Area under curve: Distance Links to an external site.,External Url,obj-mth-252-external-url-26982660,external_url,26982660,,external_unvisited,yes,task-00069-mth-252-external-tool-application-area-under-curve-distance-links-to-an-external-site,external_tool,needs_review,external_tool,external_tool,low,no,no,no,yes,external_surface,,module_item_external_unvisited,Object inferred from module item listing without captured destination page.,00002-mth-252-modules-course-modules-integral-calculus-mth-252z-400-u2026,https://canvas.oregonstate.edu/courses/2080857/modules,https://youtu.be/DZZd1qo1n2A
2080857,MTH-252,mod-mth-252-021-1-1-approximating-area-under-the-curve,21,1.1 Approximating Area Under the Curve,mi-mth-252-26982661,26982661,144,"Area under curve, more rectangles Links to an external site.",External Url,obj-mth-252-external-url-26982661,external_url,26982661,,external_unvisited,yes,task-00082-mth-252-external-tool-area-under-curve-more-rectangles-links-to-an-external-site,external_tool,needs_review,external_tool,external_tool,low,no,no,no,yes,external_surface,,module_item_external_unvisited,Object inferred from module item listing without captured destination page.,00002-mth-252-modules-course-modules-integral-calculus-mth-252z-400-u2026,https://canvas.oregonstate.edu/courses/2080857/modules,https://youtu.be/B8WYjWiw5YM
2080857,MTH-252,mod-mth-252-021-1-1-approximating-area-under-the-curve,21,1.1 Approximating Area Under the Curve,mi-mth-252-26982662,26982662,145,"Application: Area under the graph, table Links to an external site.",External Url,obj-mth-252-external-url-26982662,external_url,26982662,,external_unvisited,yes,task-00070-mth-252-external-tool-application-area-under-the-graph-table-links-to-an-external-site,external_tool,needs_review,external_tool,external_tool,low,no,no,no,yes,external_surface,,module_item_external_unvisited,Object inferred from module item listing without captured destination page.,00002-mth-252-modules-course-modules-integral-calculus-mth-252z-400-u2026,https://canvas.oregonstate.edu/courses/2080857/modules,https://youtu.be/_lNM3EZhByw
2080857,MTH-252,mod-mth-252-021-1-1-approximating-area-under-the-curve,21,1.1 Approximating Area Under the Curve,mi-mth-252-26982663,26982663,146,Area under curve: Left Sum Links to an external site.,External Url,obj-mth-252-external-url-26982663,external_url,26982663,,external_unvisited,yes,task-00083-mth-252-external-tool-area-under-curve-left-sum-links-to-an-external-site,external_tool,needs_review,external_tool,external_tool,low,no,no,no,yes,external_surface,,module_item_external_unvisited,Object inferred from module item listing without captured destination page.,00002-mth-252-modules-course-modules-integral-calculus-mth-252z-400-u2026,https://canvas.oregonstate.edu/courses/2080857/modules,https://youtu.be/v9WTXqKgg7I
2080857,MTH-252,mod-mth-252-021-1-1-approximating-area-under-the-curve,21,1.1 Approximating Area Under the Curve,mi-mth-252-26982664,26982664,147,Area under curve: Right Sum Links to an external site.,External Url,obj-mth-252-external-url-26982664,external_url,26982664,,external_unvisited,yes,task-00085-mth-252-external-tool-area-under-curve-right-sum-links-to-an-external-site,external_tool,needs_review,external_tool,external_tool,low,no,no,no,yes,external_surface,,module_item_external_unvisited,Object inferred from module item listing without captured destination page.,00002-mth-252-modules-course-modules-integral-calculus-mth-252z-400-u2026,https://canvas.oregonstate.edu/courses/2080857/modules,https://youtu.be/BvwyTXeuLS0
2080857,MTH-252,mod-mth-252-021-1-1-approximating-area-under-the-curve,21,1.1 Approximating Area Under the Curve,mi-mth-252-26982665,26982665,148,Midpoint rule 1 Links to an external site.,External Url,obj-mth-252-external-url-26982665,external_url,26982665,,external_unvisited,yes,task-00155-mth-252-external-tool-midpoint-rule-1-links-to-an-external-site,external_tool,needs_review,external_tool,external_tool,low,no,no,no,yes,external_surface,,module_item_external_unvisited,Object inferred from module item listing without captured destination page.,00002-mth-252-modules-course-modules-integral-calculus-mth-252z-400-u2026,https://canvas.oregonstate.edu/courses/2080857/modules,https://youtu.be/GIiRh4V9GvI
2080857,MTH-252,mod-mth-252-021-1-1-approximating-area-under-the-curve,21,1.1 Approximating Area Under the Curve,mi-mth-252-26982666,26982666,149,Midpoint rule 2 Links to an external site.,External Url,obj-mth-252-external-url-26982666,external_url,26982666,,external_unvisited,yes,task-00156-mth-252-external-tool-midpoint-rule-2-links-to-an-external-site,external_tool,needs_review,external_tool,external_tool,low,no,no,no,yes,external_surface,,module_item_external_unvisited,Object inferred from module item listing without captured destination page.,00002-mth-252-modules-course-modules-integral-calculus-mth-252z-400-u2026,https://canvas.oregonstate.edu/courses/2080857/modules,https://youtu.be/LmVPqLOPsqc
2080857,MTH-252,mod-mth-252-021-1-1-approximating-area-under-the-curve,21,1.1 Approximating Area Under the Curve,mi-mth-252-26982667,26982667,150,Midpoint rule with table Links to an external site.,External Url,obj-mth-252-external-url-26982667,external_url,26982667,,external_unvisited,yes,task-00157-mth-252-external-tool-midpoint-rule-with-table-links-to-an-external-site,external_tool,needs_review,external_tool,external_tool,low,no,no,no,yes,external_surface,,module_item_external_unvisited,Object inferred from module item listing without captured destination page.,00002-mth-252-modules-course-modules-integral-calculus-mth-252z-400-u2026,https://canvas.oregonstate.edu/courses/2080857/modules,https://youtu.be/5FYkXyyTnUE
2080857,MTH-252,mod-mth-252-022-1-2-definite-integrals,22,1.2 Definite Integrals,mi-mth-252-26982668,26982668,151,Riemann sums: Right Sum Links to an external site.,External Url,obj-mth-252-external-url-26982668,external_url,26982668,,external_unvisited,yes,task-00162-mth-252-external-tool-riemann-sums-right-sum-links-to-an-external-site,external_tool,needs_review,external_tool,external_tool,low,no,no,no,yes,external_surface,,module_item_external_unvisited,Object inferred from module item listing without captured destination page.,00002-mth-252-modules-course-modules-integral-calculus-mth-252z-400-u2026,https://canvas.oregonstate.edu/courses/2080857/modules,https://youtu.be/PjiB_-cVly0
2080857,MTH-252,mod-mth-252-022-1-2-definite-integrals,22,1.2 Definite Integrals,mi-mth-252-26982669,26982669,152,Intro: Definite Integral Links to an external site.,External Url,obj-mth-252-external-url-26982669,external_url,26982669,,external_unvisited,yes,task-00138-mth-252-external-tool-intro-definite-integral-links-to-an-external-site,external_tool,needs_review,external_tool,external_tool,low,no,no,no,yes,external_surface,,module_item_external_unvisited,Object inferred from module item listing without captured destination page.,00002-mth-252-modules-course-modules-integral-calculus-mth-252z-400-u2026,https://canvas.oregonstate.edu/courses/2080857/modules,https://youtu.be/VDOBMZRWxmw
2080857,MTH-252,mod-mth-252-022-1-2-definite-integrals,22,1.2 Definite Integrals,mi-mth-252-26982670,26982670,153,Definite integral: Using geometry Links to an external site.,External Url,obj-mth-252-external-url-26982670,external_url,26982670,,external_unvisited,yes,task-00099-mth-252-external-tool-definite-integral-using-geometry-links-to-an-external-site,external_tool,needs_review,external_tool,external_tool,low,no,no,no,yes,external_surface,,module_item_external_unvisited,Object inferred from module item listing without captured destination page.,00002-mth-252-modules-course-modules-integral-calculus-mth-252z-400-u2026,https://canvas.oregonstate.edu/courses/2080857/modules,https://youtu.be/jTjrLTEQEws
2080857,MTH-252,mod-mth-252-022-1-2-definite-integrals,22,1.2 Definite Integrals,mi-mth-252-26982671,26982671,154,Definite integral: Setting up the integral Links to an external site.,External Url,obj-mth-252-external-url-26982671,external_url,26982671,,external_unvisited,yes,task-00097-mth-252-external-tool-definite-integral-setting-up-the-integral-links-to-an-external-site,external_tool,needs_review,external_tool,external_tool,low,no,no,no,yes,external_surface,,module_item_external_unvisited,Object inferred from module item listing without captured destination page.,00002-mth-252-modules-course-modules-integral-calculus-mth-252z-400-u2026,https://canvas.oregonstate.edu/courses/2080857/modules,https://youtu.be/6pQUsnRKxSg
2080857,MTH-252,mod-mth-252-022-1-2-definite-integrals,22,1.2 Definite Integrals,mi-mth-252-26982672,26982672,155,Convert Riemann sum to integrals Links to an external site.,External Url,obj-mth-252-external-url-26982672,external_url,26982672,,external_unvisited,yes,task-00092-mth-252-external-tool-convert-riemann-sum-to-integrals-links-to-an-external-site,external_tool,needs_review,external_tool,external_tool,low,no,no,no,yes,external_surface,,module_item_external_unvisited,Object inferred from module item listing without captured destination page.,00002-mth-252-modules-course-modules-integral-calculus-mth-252z-400-u2026,https://canvas.oregonstate.edu/courses/2080857/modules,https://youtu.be/FZKRsD9FqU4
2080857,MTH-252,mod-mth-252-022-1-2-definite-integrals,22,1.2 Definite Integrals,mi-mth-252-26982673,26982673,156,Definite integral: Properties continued Links to an external site.,External Url,obj-mth-252-external-url-26982673,external_url,26982673,,external_unvisited,yes,task-00096-mth-252-external-tool-definite-integral-properties-continued-links-to-an-external-site,external_tool,needs_review,external_tool,external_tool,low,no,no,no,yes,external_surface,,module_item_external_unvisited,Object inferred from module item listing without captured destination page.,00002-mth-252-modules-course-modules-integral-calculus-mth-252z-400-u2026,https://canvas.oregonstate.edu/courses/2080857/modules,https://youtu.be/UgUKjUAkwN8
2080857,MTH-252,mod-mth-252-022-1-2-definite-integrals,22,1.2 Definite Integrals,mi-mth-252-26982674,26982674,157,Definite integrals: Properties Links to an external site.,External Url,obj-mth-252-external-url-26982674,external_url,26982674,,external_unvisited,yes,task-00100-mth-252-external-tool-definite-integrals-properties-links-to-an-external-site,external_tool,needs_review,external_tool,external_tool,low,no,no,no,yes,external_surface,,module_item_external_unvisited,Object inferred from module item listing without captured destination page.,00002-mth-252-modules-course-modules-integral-calculus-mth-252z-400-u2026,https://canvas.oregonstate.edu/courses/2080857/modules,https://youtu.be/ycOZVVVXHvM
2080857,MTH-252,mod-mth-252-022-1-2-definite-integrals,22,1.2 Definite Integrals,mi-mth-252-26982675,26982675,158,Definite integral: Intro and application Links to an external site.,External Url,obj-mth-252-external-url-26982675,external_url,26982675,,external_unvisited,yes,task-00095-mth-252-external-tool-definite-integral-intro-and-application-links-to-an-external-site,external_tool,needs_review,external_tool,external_tool,low,no,no,no,yes,external_surface,,module_item_external_unvisited,Object inferred from module item listing without captured destination page.,00002-mth-252-modules-course-modules-integral-calculus-mth-252z-400-u2026,https://canvas.oregonstate.edu/courses/2080857/modules,https://youtu.be/HnZTll3OmIc
2080857,MTH-252,mod-mth-252-022-1-2-definite-integrals,22,1.2 Definite Integrals,mi-mth-252-26982676,26982676,159,Definite integral: Function plus constant Links to an external site.,External Url,obj-mth-252-external-url-26982676,external_url,26982676,,external_unvisited,yes,task-00094-mth-252-external-tool-definite-integral-function-plus-constant-links-to-an-external-site,external_tool,needs_review,external_tool,external_tool,low,no,no,no,yes,external_surface,,module_item_external_unvisited,Object inferred from module item listing without captured destination page.,00002-mth-252-modules-course-modules-integral-calculus-mth-252z-400-u2026,https://canvas.oregonstate.edu/courses/2080857/modules,https://youtu.be/kmnvYAS409s
2080857,MTH-252,mod-mth-252-022-1-2-definite-integrals,22,1.2 Definite Integrals,mi-mth-252-26982677,26982677,160,Definite integral: Constant*function Links to an external site.,External Url,obj-mth-252-external-url-26982677,external_url,26982677,,external_unvisited,yes,task-00093-mth-252-external-tool-definite-integral-constant-function-links-to-an-external-site,external_tool,needs_review,external_tool,external_tool,low,no,no,no,yes,external_surface,,module_item_external_unvisited,Object inferred from module item listing without captured destination page.,00002-mth-252-modules-course-modules-integral-calculus-mth-252z-400-u2026,https://canvas.oregonstate.edu/courses/2080857/modules,https://youtu.be/csjUDj6HMpc
2080857,MTH-252,mod-mth-252-022-1-2-definite-integrals,22,1.2 Definite Integrals,mi-mth-252-26982678,26982678,161,Definite integral: Trig Links to an external site.,External Url,obj-mth-252-external-url-26982678,external_url,26982678,,external_unvisited,yes,task-00098-mth-252-external-tool-definite-integral-trig-links-to-an-external-site,external_tool,needs_review,external_tool,external_tool,low,no,no,no,yes,external_surface,,module_item_external_unvisited,Object inferred from module item listing without captured destination page.,00002-mth-252-modules-course-modules-integral-calculus-mth-252z-400-u2026,https://canvas.oregonstate.edu/courses/2080857/modules,https://youtu.be/itmNYsvNiHs
2080857,MTH-252,mod-mth-252-023-1-3-fundamental-theorem-of-calculus-i-ii-antiderivatives,23,1.3 Fundamental Theorem of Calculus I & II / Antiderivatives,mi-mth-252-26982679,26982679,162,Fundamental Theorem of Calc (FToC): Area function Links to an external site.,External Url,obj-mth-252-external-url-26982679,external_url,26982679,,external_unvisited,yes,task-00113-mth-252-external-tool-fundamental-theorem-of-calc-ftoc-area-function-links-to-an-external-site,external_tool,needs_review,external_tool,external_tool,low,no,no,no,yes,external_surface,,module_item_external_unvisited,Object inferred from module item listing without captured destination page.,00002-mth-252-modules-course-modules-integral-calculus-mth-252z-400-u2026,https://canvas.oregonstate.edu/courses/2080857/modules,https://youtu.be/jyRdHbHeUuU
2080857,MTH-252,mod-mth-252-023-1-3-fundamental-theorem-of-calculus-i-ii-antiderivatives,23,1.3 Fundamental Theorem of Calculus I & II / Antiderivatives,mi-mth-252-26982680,26982680,163,Area Accumulation Graph Analysis (OpenStax Specific) Links to an external site.,External Url,obj-mth-252-external-url-26982680,external_url,26982680,,external_unvisited,yes,task-00077-mth-252-prep-reading-area-accumulation-graph-analysis-openstax-specific-links-to-an-external-site,prep_reading,needs_review,prep_reading,prep_reading|external_tool,low,no,no,no,yes,external_surface,,module_item_external_unvisited,Object inferred from module item listing without captured destination page.,00002-mth-252-modules-course-modules-integral-calculus-mth-252z-400-u2026,https://canvas.oregonstate.edu/courses/2080857/modules,https://youtu.be/yjJ1JIvX7t4
2080857,MTH-252,mod-mth-252-023-1-3-fundamental-theorem-of-calculus-i-ii-antiderivatives,23,1.3 Fundamental Theorem of Calculus I & II / Antiderivatives,mi-mth-252-26982681,26982681,164,Fundamental Theorem of Calc (FToC): Definite integrals Links to an external site.,External Url,obj-mth-252-external-url-26982681,external_url,26982681,,external_unvisited,yes,task-00114-mth-252-external-tool-fundamental-theorem-of-calc-ftoc-definite-integrals-links-to-an-external-site,external_tool,needs_review,external_tool,external_tool,low,no,no,no,yes,external_surface,,module_item_external_unvisited,Object inferred from module item listing without captured destination page.,00002-mth-252-modules-course-modules-integral-calculus-mth-252z-400-u2026,https://canvas.oregonstate.edu/courses/2080857/modules,https://youtu.be/ZTqEj1NyGPw
2080857,MTH-252,mod-mth-252-023-1-3-fundamental-theorem-of-calculus-i-ii-antiderivatives,23,1.3 Fundamental Theorem of Calculus I & II / Antiderivatives,mi-mth-252-26982682,26982682,165,FToC: Setup and solve Links to an external site.,External Url,obj-mth-252-external-url-26982682,external_url,26982682,,external_unvisited,yes,task-00111-mth-252-external-tool-ftoc-setup-and-solve-links-to-an-external-site,external_tool,needs_review,external_tool,external_tool,low,no,no,no,yes,external_surface,,module_item_external_unvisited,Object inferred from module item listing without captured destination page.,00002-mth-252-modules-course-modules-integral-calculus-mth-252z-400-u2026,https://canvas.oregonstate.edu/courses/2080857/modules,https://youtu.be/YE9jpfxEFYk
2080857,MTH-252,mod-mth-252-023-1-3-fundamental-theorem-of-calculus-i-ii-antiderivatives,23,1.3 Fundamental Theorem of Calculus I & II / Antiderivatives,mi-mth-252-26982683,26982683,166,FToC: Example Links to an external site.,External Url,obj-mth-252-external-url-26982683,external_url,26982683,,external_unvisited,yes,task-00108-mth-252-external-tool-ftoc-example-links-to-an-external-site,external_tool,needs_review,external_tool,external_tool,low,no,no,no,yes,external_surface,,module_item_external_unvisited,Object inferred from module item listing without captured destination page.,00002-mth-252-modules-course-modules-integral-calculus-mth-252z-400-u2026,https://canvas.oregonstate.edu/courses/2080857/modules,https://youtu.be/gJtkTRjqM6I
2080857,MTH-252,mod-mth-252-023-1-3-fundamental-theorem-of-calculus-i-ii-antiderivatives,23,1.3 Fundamental Theorem of Calculus I & II / Antiderivatives,mi-mth-252-26982684,26982684,167,FToC: Polynomial example Links to an external site.,External Url,obj-mth-252-external-url-26982684,external_url,26982684,,external_unvisited,yes,task-00110-mth-252-external-tool-ftoc-polynomial-example-links-to-an-external-site,external_tool,needs_review,external_tool,external_tool,low,no,no,no,yes,external_surface,,module_item_external_unvisited,Object inferred from module item listing without captured destination page.,00002-mth-252-modules-course-modules-integral-calculus-mth-252z-400-u2026,https://canvas.oregonstate.edu/courses/2080857/modules,https://youtu.be/X5ke8bUiiQM
2080857,MTH-252,mod-mth-252-023-1-3-fundamental-theorem-of-calculus-i-ii-antiderivatives,23,1.3 Fundamental Theorem of Calculus I & II / Antiderivatives,mi-mth-252-26982685,26982685,168,FToC: Trig example Links to an external site.,External Url,obj-mth-252-external-url-26982685,external_url,26982685,,external_unvisited,yes,task-00112-mth-252-external-tool-ftoc-trig-example-links-to-an-external-site,external_tool,needs_review,external_tool,external_tool,low,no,no,no,yes,external_surface,,module_item_external_unvisited,Object inferred from module item listing without captured destination page.,00002-mth-252-modules-course-modules-integral-calculus-mth-252z-400-u2026,https://canvas.oregonstate.edu/courses/2080857/modules,https://youtu.be/GwOhAkU-A0M
2080857,MTH-252,mod-mth-252-023-1-3-fundamental-theorem-of-calculus-i-ii-antiderivatives,23,1.3 Fundamental Theorem of Calculus I & II / Antiderivatives,mi-mth-252-26982686,26982686,169,FToC: Example using area Links to an external site.,External Url,obj-mth-252-external-url-26982686,external_url,26982686,,external_unvisited,yes,task-00109-mth-252-external-tool-ftoc-example-using-area-links-to-an-external-site,external_tool,needs_review,external_tool,external_tool,low,no,no,no,yes,external_surface,,module_item_external_unvisited,Object inferred from module item listing without captured destination page.,00002-mth-252-modules-course-modules-integral-calculus-mth-252z-400-u2026,https://canvas.oregonstate.edu/courses/2080857/modules,https://youtu.be/zdWBJTOfdiM
2080857,MTH-252,mod-mth-252-023-1-3-fundamental-theorem-of-calculus-i-ii-antiderivatives,23,1.3 Fundamental Theorem of Calculus I & II / Antiderivatives,mi-mth-252-26982687,26982687,170,The antiderivative 1 Links to an external site.,External Url,obj-mth-252-external-url-26982687,external_url,26982687,,external_unvisited,yes,task-00178-mth-252-external-tool-the-antiderivative-1-links-to-an-external-site,external_tool,needs_review,external_tool,external_tool,low,no,no,no,yes,external_surface,,module_item_external_unvisited,Object inferred from module item listing without captured destination page.,00002-mth-252-modules-course-modules-integral-calculus-mth-252z-400-u2026,https://canvas.oregonstate.edu/courses/2080857/modules,https://youtu.be/US8p_qO4Or8
2080857,MTH-252,mod-mth-252-023-1-3-fundamental-theorem-of-calculus-i-ii-antiderivatives,23,1.3 Fundamental Theorem of Calculus I & II / Antiderivatives,mi-mth-252-26982688,26982688,171,The antiderivative 2 Links to an external site.,External Url,obj-mth-252-external-url-26982688,external_url,26982688,,external_unvisited,yes,task-00179-mth-252-external-tool-the-antiderivative-2-links-to-an-external-site,external_tool,needs_review,external_tool,external_tool,low,no,no,no,yes,external_surface,,module_item_external_unvisited,Object inferred from module item listing without captured destination page.,00002-mth-252-modules-course-modules-integral-calculus-mth-252z-400-u2026,https://canvas.oregonstate.edu/courses/2080857/modules,https://youtu.be/0s4_ojV_HNY
2080857,MTH-252,mod-mth-252-023-1-3-fundamental-theorem-of-calculus-i-ii-antiderivatives,23,1.3 Fundamental Theorem of Calculus I & II / Antiderivatives,mi-mth-252-26982689,26982689,172,The antiderivative (trig) Links to an external site.,External Url,obj-mth-252-external-url-26982689,external_url,26982689,,external_unvisited,yes,task-00177-mth-252-external-tool-the-antiderivative-trig-links-to-an-external-site,external_tool,needs_review,external_tool,external_tool,low,no,no,no,yes,external_surface,,module_item_external_unvisited,Object inferred from module item listing without captured destination page.,00002-mth-252-modules-course-modules-integral-calculus-mth-252z-400-u2026,https://canvas.oregonstate.edu/courses/2080857/modules,https://youtu.be/7TPVm_DwsYE
2080857,MTH-252,mod-mth-252-023-1-3-fundamental-theorem-of-calculus-i-ii-antiderivatives,23,1.3 Fundamental Theorem of Calculus I & II / Antiderivatives,mi-mth-252-26982690,26982690,173,Find antiderivative 2 Links to an external site.,External Url,obj-mth-252-external-url-26982690,external_url,26982690,,external_unvisited,yes,task-00106-mth-252-external-tool-find-antiderivative-2-links-to-an-external-site,external_tool,needs_review,external_tool,external_tool,low,no,no,no,yes,external_surface,,module_item_external_unvisited,Object inferred from module item listing without captured destination page.,00002-mth-252-modules-course-modules-integral-calculus-mth-252z-400-u2026,https://canvas.oregonstate.edu/courses/2080857/modules,https://youtu.be/-_FJ1V5_Fcc
2080857,MTH-252,mod-mth-252-023-1-3-fundamental-theorem-of-calculus-i-ii-antiderivatives,23,1.3 Fundamental Theorem of Calculus I & II / Antiderivatives,mi-mth-252-26982691,26982691,174,Find antiderivative 3 Links to an external site.,External Url,obj-mth-252-external-url-26982691,external_url,26982691,,external_unvisited,yes,task-00107-mth-252-external-tool-find-antiderivative-3-links-to-an-external-site,external_tool,needs_review,external_tool,external_tool,low,no,no,no,yes,external_surface,,module_item_external_unvisited,Object inferred from module item listing without captured destination page.,00002-mth-252-modules-course-modules-integral-calculus-mth-252z-400-u2026,https://canvas.oregonstate.edu/courses/2080857/modules,https://youtu.be/KM61G41NKGY
2080857,MTH-252,mod-mth-252-024-1-3-continued-working-with-integrals,24,1.3 - Continued: Working with Integrals,mi-mth-252-26982692,26982692,175,Average value of a function Links to an external site.,External Url,obj-mth-252-external-url-26982692,external_url,26982692,,external_unvisited,yes,task-00088-mth-252-external-tool-average-value-of-a-function-links-to-an-external-site,external_tool,needs_review,external_tool,external_tool,low,no,no,no,yes,external_surface,,module_item_external_unvisited,Object inferred from module item listing without captured destination page.,00002-mth-252-modules-course-modules-integral-calculus-mth-252z-400-u2026,https://canvas.oregonstate.edu/courses/2080857/modules,https://youtu.be/2ikYbP6DpzE
2080857,MTH-252,mod-mth-252-024-1-3-continued-working-with-integrals,24,1.3 - Continued: Working with Integrals,mi-mth-252-26982693,26982693,176,Average Value: Find C Value(s) (Alta Specific) Links to an external site.,External Url,obj-mth-252-external-url-26982693,external_url,26982693,,external_unvisited,yes,task-00090-mth-252-external-tool-average-value-find-c-value-s-alta-specific-links-to-an-external-site,external_tool,needs_review,external_tool,external_tool,low,no,no,no,yes,external_surface,,module_item_external_unvisited,Object inferred from module item listing without captured destination page.,00002-mth-252-modules-course-modules-integral-calculus-mth-252z-400-u2026,https://canvas.oregonstate.edu/courses/2080857/modules,https://youtu.be/20XiiJFlgd0
2080857,MTH-252,mod-mth-252-024-1-3-continued-working-with-integrals,24,1.3 - Continued: Working with Integrals,mi-mth-252-26982694,26982694,177,Average value of f continued Links to an external site.,External Url,obj-mth-252-external-url-26982694,external_url,26982694,,external_unvisited,yes,task-00089-mth-252-external-tool-average-value-of-f-continued-links-to-an-external-site,external_tool,needs_review,external_tool,external_tool,low,no,no,no,yes,external_surface,,module_item_external_unvisited,Object inferred from module item listing without captured destination page.,00002-mth-252-modules-course-modules-integral-calculus-mth-252z-400-u2026,https://canvas.oregonstate.edu/courses/2080857/modules,https://youtu.be/3BxBjhsoF6o
2080857,MTH-252,mod-mth-252-024-1-3-continued-working-with-integrals,24,1.3 - Continued: Working with Integrals,mi-mth-252-26982695,26982695,178,Average temperature Links to an external site.,External Url,obj-mth-252-external-url-26982695,external_url,26982695,,external_unvisited,yes,task-00087-mth-252-external-tool-average-temperature-links-to-an-external-site,external_tool,needs_review,external_tool,external_tool,low,no,no,no,yes,external_surface,,module_item_external_unvisited,Object inferred from module item listing without captured destination page.,00002-mth-252-modules-course-modules-integral-calculus-mth-252z-400-u2026,https://canvas.oregonstate.edu/courses/2080857/modules,https://youtu.be/ba7HOTlDBec
2080857,MTH-252,mod-mth-252-024-1-3-continued-working-with-integrals,24,1.3 - Continued: Working with Integrals,mi-mth-252-26982696,26982696,179,Application: Average value of investment Links to an external site.,External Url,obj-mth-252-external-url-26982696,external_url,26982696,,external_unvisited,yes,task-00071-mth-252-external-tool-application-average-value-of-investment-links-to-an-external-site,external_tool,needs_review,external_tool,external_tool,low,no,no,no,yes,external_surface,,module_item_external_unvisited,Object inferred from module item listing without captured destination page.,00002-mth-252-modules-course-modules-integral-calculus-mth-252z-400-u2026,https://canvas.oregonstate.edu/courses/2080857/modules,https://youtu.be/80fxxec6ihM
2080857,MTH-252,mod-mth-252-025-1-4-integration-formulas-and-net-change,25,1.4 Integration Formulas and Net Change,mi-mth-252-26982697,26982697,180,Intro: Net change theorem Links to an external site.,External Url,obj-mth-252-external-url-26982697,external_url,26982697,,external_unvisited,yes,task-00139-mth-252-external-tool-intro-net-change-theorem-links-to-an-external-site,external_tool,needs_review,external_tool,external_tool,low,no,no,no,yes,external_surface,,module_item_external_unvisited,Object inferred from module item listing without captured destination page.,00002-mth-252-modules-course-modules-integral-calculus-mth-252z-400-u2026,https://canvas.oregonstate.edu/courses/2080857/modules,https://youtu.be/EivFp4mscX4
2080857,MTH-252,mod-mth-252-025-1-4-integration-formulas-and-net-change,25,1.4 Integration Formulas and Net Change,mi-mth-252-26982698,26982698,181,Net change in population Links to an external site.,External Url,obj-mth-252-external-url-26982698,external_url,26982698,,external_unvisited,yes,task-00158-mth-252-external-tool-net-change-in-population-links-to-an-external-site,external_tool,needs_review,external_tool,external_tool,low,no,no,no,yes,external_surface,,module_item_external_unvisited,Object inferred from module item listing without captured destination page.,00002-mth-252-modules-course-modules-integral-calculus-mth-252z-400-u2026,https://canvas.oregonstate.edu/courses/2080857/modules,https://youtu.be/jX2MPRxtTwE
2080857,MTH-252,mod-mth-252-025-1-4-integration-formulas-and-net-change,25,1.4 Integration Formulas and Net Change,mi-mth-252-26982699,26982699,182,Net Displacement at Time t (Alta Specific) Links to an external site.,External Url,obj-mth-252-external-url-26982699,external_url,26982699,,external_unvisited,yes,task-00159-mth-252-external-tool-net-displacement-at-time-t-alta-specific-links-to-an-external-site,external_tool,needs_review,external_tool,external_tool,low,no,no,no,yes,external_surface,,module_item_external_unvisited,Object inferred from module item listing without captured destination page.,00002-mth-252-modules-course-modules-integral-calculus-mth-252z-400-u2026,https://canvas.oregonstate.edu/courses/2080857/modules,https://youtu.be/HLYafwRnYyk
2080857,MTH-252,mod-mth-252-025-1-4-integration-formulas-and-net-change,25,1.4 Integration Formulas and Net Change,mi-mth-252-26982700,26982700,183,"Area under the curve: Interpretation, velocity Links to an external site.",External Url,obj-mth-252-external-url-26982700,external_url,26982700,,external_unvisited,yes,task-00086-mth-252-external-tool-area-under-the-curve-interpretation-velocity-links-to-an-external-site,external_tool,needs_review,external_tool,external_tool,low,no,no,no,yes,external_surface,,module_item_external_unvisited,Object inferred from module item listing without captured destination page.,00002-mth-252-modules-course-modules-integral-calculus-mth-252z-400-u2026,https://canvas.oregonstate.edu/courses/2080857/modules,https://youtu.be/Z_OHgubPJKA
2080857,MTH-252,mod-mth-252-025-1-4-integration-formulas-and-net-change,25,1.4 Integration Formulas and Net Change,mi-mth-252-26982701,26982701,184,Velocity example 1 Links to an external site.,External Url,obj-mth-252-external-url-26982701,external_url,26982701,,external_unvisited,yes,task-00189-mth-252-external-tool-velocity-example-1-links-to-an-external-site,external_tool,needs_review,external_tool,external_tool,low,no,no,no,yes,external_surface,,module_item_external_unvisited,Object inferred from module item listing without captured destination page.,00002-mth-252-modules-course-modules-integral-calculus-mth-252z-400-u2026,https://canvas.oregonstate.edu/courses/2080857/modules,https://youtu.be/VS2CEu6qbUg
2080857,MTH-252,mod-mth-252-025-1-4-integration-formulas-and-net-change,25,1.4 Integration Formulas and Net Change,mi-mth-252-26982702,26982702,185,Future value Links to an external site.,External Url,obj-mth-252-external-url-26982702,external_url,26982702,,external_unvisited,yes,task-00115-mth-252-external-tool-future-value-links-to-an-external-site,external_tool,needs_review,external_tool,external_tool,low,no,no,no,yes,external_surface,,module_item_external_unvisited,Object inferred from module item listing without captured destination page.,00002-mth-252-modules-course-modules-integral-calculus-mth-252z-400-u2026,https://canvas.oregonstate.edu/courses/2080857/modules,https://youtu.be/rlyoHQn8eSY
2080857,MTH-252,mod-mth-252-025-1-4-integration-formulas-and-net-change,25,1.4 Integration Formulas and Net Change,mi-mth-252-26982703,26982703,186,Integration: Odd/Even functions Links to an external site.,External Url,obj-mth-252-external-url-26982703,external_url,26982703,,external_unvisited,yes,task-00137-mth-252-external-tool-integration-odd-even-functions-links-to-an-external-site,external_tool,needs_review,external_tool,external_tool,low,no,no,no,yes,external_surface,,module_item_external_unvisited,Object inferred from module item listing without captured destination page.,00002-mth-252-modules-course-modules-integral-calculus-mth-252z-400-u2026,https://canvas.oregonstate.edu/courses/2080857/modules,https://youtu.be/gxcZ80pWOx0
2080857,MTH-252,mod-mth-252-025-1-4-integration-formulas-and-net-change,25,1.4 Integration Formulas and Net Change,mi-mth-252-26982704,26982704,187,Integration: Odd/Even function continued Links to an external site.,External Url,obj-mth-252-external-url-26982704,external_url,26982704,,external_unvisited,yes,task-00136-mth-252-external-tool-integration-odd-even-function-continued-links-to-an-external-site,external_tool,needs_review,external_tool,external_tool,low,no,no,no,yes,external_surface,,module_item_external_unvisited,Object inferred from module item listing without captured destination page.,00002-mth-252-modules-course-modules-integral-calculus-mth-252z-400-u2026,https://canvas.oregonstate.edu/courses/2080857/modules,https://youtu.be/MKM_E81rFII
2080857,MTH-252,mod-mth-252-026-1-5-substitution-u-sub,26,1.5 Substitution (u-sub),mi-mth-252-26982705,26982705,188,Intro. Substitution Links to an external site.,External Url,obj-mth-252-external-url-26982705,external_url,26982705,,external_unvisited,yes,task-00150-mth-252-external-tool-intro-substitution-links-to-an-external-site,external_tool,needs_review,external_tool,external_tool,low,no,no,no,yes,external_surface,,module_item_external_unvisited,Object inferred from module item listing without captured destination page.,00002-mth-252-modules-course-modules-integral-calculus-mth-252z-400-u2026,https://canvas.oregonstate.edu/courses/2080857/modules,https://youtu.be/568hUU4beuk
2080857,MTH-252,mod-mth-252-026-1-5-substitution-u-sub,26,1.5 Substitution (u-sub),mi-mth-252-26982706,26982706,189,Intro. Substitution continued Links to an external site.,External Url,obj-mth-252-external-url-26982706,external_url,26982706,,external_unvisited,yes,task-00149-mth-252-external-tool-intro-substitution-continued-links-to-an-external-site,external_tool,needs_review,external_tool,external_tool,low,no,no,no,yes,external_surface,,module_item_external_unvisited,Object inferred from module item listing without captured destination page.,00002-mth-252-modules-course-modules-integral-calculus-mth-252z-400-u2026,https://canvas.oregonstate.edu/courses/2080857/modules,https://youtu.be/3MbdmYeYB_I
2080857,MTH-252,mod-mth-252-026-1-5-substitution-u-sub,26,1.5 Substitution (u-sub),mi-mth-252-26982707,26982707,190,Substitution with definite integrals Links to an external site.,External Url,obj-mth-252-external-url-26982707,external_url,26982707,,external_unvisited,yes,task-00173-mth-252-external-tool-substitution-with-definite-integrals-links-to-an-external-site,external_tool,needs_review,external_tool,external_tool,low,no,no,no,yes,external_surface,,module_item_external_unvisited,Object inferred from module item listing without captured destination page.,00002-mth-252-modules-course-modules-integral-calculus-mth-252z-400-u2026,https://canvas.oregonstate.edu/courses/2080857/modules,https://youtu.be/emRDaSYCLMs
2080857,MTH-252,mod-mth-252-026-1-5-substitution-u-sub,26,1.5 Substitution (u-sub),mi-mth-252-26982708,26982708,191,Substitution example: Rational function Links to an external site.,External Url,obj-mth-252-external-url-26982708,external_url,26982708,,external_unvisited,yes,task-00170-mth-252-external-tool-substitution-example-rational-function-links-to-an-external-site,external_tool,needs_review,external_tool,external_tool,low,no,no,no,yes,external_surface,,module_item_external_unvisited,Object inferred from module item listing without captured destination page.,00002-mth-252-modules-course-modules-integral-calculus-mth-252z-400-u2026,https://canvas.oregonstate.edu/courses/2080857/modules,https://youtu.be/hauyUjzRTos
2080857,MTH-252,mod-mth-252-026-1-5-substitution-u-sub,26,1.5 Substitution (u-sub),mi-mth-252-26982709,26982709,192,Substitution example: Exponential Links to an external site.,External Url,obj-mth-252-external-url-26982709,external_url,26982709,,external_unvisited,yes,task-00168-mth-252-external-tool-substitution-example-exponential-links-to-an-external-site,external_tool,needs_review,external_tool,external_tool,low,no,no,no,yes,external_surface,,module_item_external_unvisited,Object inferred from module item listing without captured destination page.,00002-mth-252-modules-course-modules-integral-calculus-mth-252z-400-u2026,https://canvas.oregonstate.edu/courses/2080857/modules,https://youtu.be/YvrmGNyHs90
2080857,MTH-252,mod-mth-252-026-1-5-substitution-u-sub,26,1.5 Substitution (u-sub),mi-mth-252-26982710,26982710,193,Substitution example: Trig Links to an external site.,External Url,obj-mth-252-external-url-26982710,external_url,26982710,,external_unvisited,yes,task-00172-mth-252-external-tool-substitution-example-trig-links-to-an-external-site,external_tool,needs_review,external_tool,external_tool,low,no,no,no,yes,external_surface,,module_item_external_unvisited,Object inferred from module item listing without captured destination page.,00002-mth-252-modules-course-modules-integral-calculus-mth-252z-400-u2026,https://canvas.oregonstate.edu/courses/2080857/modules,https://youtu.be/YvrmGNyHs90
2080857,MTH-252,mod-mth-252-026-1-5-substitution-u-sub,26,1.5 Substitution (u-sub),mi-mth-252-26982711,26982711,194,Substitution: Inverse trig example 1 Links to an external site.,External Url,obj-mth-252-external-url-26982711,external_url,26982711,,external_unvisited,yes,task-00175-mth-252-external-tool-substitution-inverse-trig-example-1-links-to-an-external-site,external_tool,needs_review,external_tool,external_tool,low,no,no,no,yes,external_surface,,module_item_external_unvisited,Object inferred from module item listing without captured destination page.,00002-mth-252-modules-course-modules-integral-calculus-mth-252z-400-u2026,https://canvas.oregonstate.edu/courses/2080857/modules,https://youtu.be/J6MvP8SYVfo
2080857,MTH-252,mod-mth-252-026-1-5-substitution-u-sub,26,1.5 Substitution (u-sub),mi-mth-252-26982712,26982712,195,Substitution: Inverse trig example 2 Links to an external site.,External Url,obj-mth-252-external-url-26982712,external_url,26982712,,external_unvisited,yes,task-00176-mth-252-external-tool-substitution-inverse-trig-example-2-links-to-an-external-site,external_tool,needs_review,external_tool,external_tool,low,no,no,no,yes,external_surface,,module_item_external_unvisited,Object inferred from module item listing without captured destination page.,00002-mth-252-modules-course-modules-integral-calculus-mth-252z-400-u2026,https://canvas.oregonstate.edu/courses/2080857/modules,https://youtu.be/ypoOeSJjp4k
2080857,MTH-252,mod-mth-252-026-1-5-substitution-u-sub,26,1.5 Substitution (u-sub),mi-mth-252-26982713,26982713,196,Substitution example: Logarithms Links to an external site.,External Url,obj-mth-252-external-url-26982713,external_url,26982713,,external_unvisited,yes,task-00169-mth-252-external-tool-substitution-example-logarithms-links-to-an-external-site,external_tool,needs_review,external_tool,external_tool,low,no,no,no,yes,external_surface,,module_item_external_unvisited,Object inferred from module item listing without captured destination page.,00002-mth-252-modules-course-modules-integral-calculus-mth-252z-400-u2026,https://canvas.oregonstate.edu/courses/2080857/modules,https://youtu.be/FJHHQdQEecE
2080857,MTH-252,mod-mth-252-026-1-5-substitution-u-sub,26,1.5 Substitution (u-sub),mi-mth-252-26982714,26982714,197,Substitution example: Rational function with logs Links to an external site.,External Url,obj-mth-252-external-url-26982714,external_url,26982714,,external_unvisited,yes,task-00171-mth-252-external-tool-substitution-example-rational-function-with-logs-links-to-an-external-site,external_tool,needs_review,external_tool,external_tool,low,no,no,no,yes,external_surface,,module_item_external_unvisited,Object inferred from module item listing without captured destination page.,00002-mth-252-modules-course-modules-integral-calculus-mth-252z-400-u2026,https://canvas.oregonstate.edu/courses/2080857/modules,https://youtu.be/VY5r1-9apdc
2080857,MTH-252,mod-mth-252-026-1-5-substitution-u-sub,26,1.5 Substitution (u-sub),mi-mth-252-26982715,26982715,198,Substitution example: Composed exponential with trig Links to an external site.,External Url,obj-mth-252-external-url-26982715,external_url,26982715,,external_unvisited,yes,task-00167-mth-252-external-tool-substitution-example-composed-exponential-with-trig-links-to-an-external-site,external_tool,needs_review,external_tool,external_tool,low,no,no,no,yes,external_surface,,module_item_external_unvisited,Object inferred from module item listing without captured destination page.,00002-mth-252-modules-course-modules-integral-calculus-mth-252z-400-u2026,https://canvas.oregonstate.edu/courses/2080857/modules,https://youtu.be/zherIhRjLtM
2080857,MTH-252,mod-mth-252-026-1-5-substitution-u-sub,26,1.5 Substitution (u-sub),mi-mth-252-26982716,26982716,199,Substitution with indefinite integral Links to an external site.,External Url,obj-mth-252-external-url-26982716,external_url,26982716,,external_unvisited,yes,task-00174-mth-252-external-tool-substitution-with-indefinite-integral-links-to-an-external-site,external_tool,needs_review,external_tool,external_tool,low,no,no,no,yes,external_surface,,module_item_external_unvisited,Object inferred from module item listing without captured destination page.,00002-mth-252-modules-course-modules-integral-calculus-mth-252z-400-u2026,https://canvas.oregonstate.edu/courses/2080857/modules,https://youtu.be/GQC0YcyEzto
2080857,MTH-252,mod-mth-252-027-1-6-exponentials-and-logarithms,27,1.6 Exponentials and Logarithms,mi-mth-252-26982717,26982717,200,Example problems: Exponentials Links to an external site.,External Url,obj-mth-252-external-url-26982717,external_url,26982717,,external_unvisited,yes,task-00105-mth-252-external-tool-example-problems-exponentials-links-to-an-external-site,external_tool,needs_review,external_tool,external_tool,low,no,no,no,yes,external_surface,,module_item_external_unvisited,Object inferred from module item listing without captured destination page.,00002-mth-252-modules-course-modules-integral-calculus-mth-252z-400-u2026,https://canvas.oregonstate.edu/courses/2080857/modules,https://youtu.be/D9dqdbCgJQM
2080857,MTH-252,mod-mth-252-027-1-6-exponentials-and-logarithms,27,1.6 Exponentials and Logarithms,mi-mth-252-26982718,26982718,201,Integrating exponentials: example 2 Links to an external site.,External Url,obj-mth-252-external-url-26982718,external_url,26982718,,external_unvisited,yes,task-00130-mth-252-external-tool-integrating-exponentials-example-2-links-to-an-external-site,external_tool,needs_review,external_tool,external_tool,low,no,no,no,yes,external_surface,,module_item_external_unvisited,Object inferred from module item listing without captured destination page.,00002-mth-252-modules-course-modules-integral-calculus-mth-252z-400-u2026,https://canvas.oregonstate.edu/courses/2080857/modules,https://youtu.be/DffQa5SyMSE
2080857,MTH-252,mod-mth-252-027-1-6-exponentials-and-logarithms,27,1.6 Exponentials and Logarithms,mi-mth-252-26982719,26982719,202,Integrating exponentials: Example 3 Links to an external site.,External Url,obj-mth-252-external-url-26982719,external_url,26982719,,external_unvisited,yes,task-00131-mth-252-external-tool-integrating-exponentials-example-3-links-to-an-external-site,external_tool,needs_review,external_tool,external_tool,low,no,no,no,yes,external_surface,,module_item_external_unvisited,Object inferred from module item listing without captured destination page.,00002-mth-252-modules-course-modules-integral-calculus-mth-252z-400-u2026,https://canvas.oregonstate.edu/courses/2080857/modules,https://youtu.be/BNSonfQqHA4
2080857,MTH-252,mod-mth-252-027-1-6-exponentials-and-logarithms,27,1.6 Exponentials and Logarithms,mi-mth-252-26982720,26982720,203,Integrating Natural Log (Alta Specific) Links to an external site.,External Url,obj-mth-252-external-url-26982720,external_url,26982720,,external_unvisited,yes,task-00132-mth-252-external-tool-integrating-natural-log-alta-specific-links-to-an-external-site,external_tool,needs_review,external_tool,external_tool,low,no,no,no,yes,external_surface,,module_item_external_unvisited,Object inferred from module item listing without captured destination page.,00002-mth-252-modules-course-modules-integral-calculus-mth-252z-400-u2026,https://canvas.oregonstate.edu/courses/2080857/modules,https://youtu.be/ZL3rzP04cGQ
2080857,MTH-252,mod-mth-252-028-3-1-integration-by-parts,28,3.1 Integration by Parts,mi-mth-252-26982721,26982721,204,Intro. Integration by Parts Links to an external site.,External Url,obj-mth-252-external-url-26982721,external_url,26982721,,external_unvisited,yes,task-00144-mth-252-external-tool-intro-integration-by-parts-links-to-an-external-site,external_tool,needs_review,external_tool,external_tool,low,no,no,no,yes,external_surface,,module_item_external_unvisited,Object inferred from module item listing without captured destination page.,00002-mth-252-modules-course-modules-integral-calculus-mth-252z-400-u2026,https://canvas.oregonstate.edu/courses/2080857/modules,https://youtu.be/xmFK_mG120k
2080857,MTH-252,mod-mth-252-028-3-1-integration-by-parts,28,3.1 Integration by Parts,mi-mth-252-26982722,26982722,205,Intro. Integration by Parts: Definite integral Links to an external site.,External Url,obj-mth-252-external-url-26982722,external_url,26982722,,external_unvisited,yes,task-00145-mth-252-external-tool-intro-integration-by-parts-definite-integral-links-to-an-external-site,external_tool,needs_review,external_tool,external_tool,low,no,no,no,yes,external_surface,,module_item_external_unvisited,Object inferred from module item listing without captured destination page.,00002-mth-252-modules-course-modules-integral-calculus-mth-252z-400-u2026,https://canvas.oregonstate.edu/courses/2080857/modules,https://youtu.be/aA15lSLSxgE
2080857,MTH-252,mod-mth-252-028-3-1-integration-by-parts,28,3.1 Integration by Parts,mi-mth-252-26982723,26982723,206,Intro. indefinite integral continued Links to an external site.,External Url,obj-mth-252-external-url-26982723,external_url,26982723,,external_unvisited,yes,task-00142-mth-252-external-tool-intro-indefinite-integral-continued-links-to-an-external-site,external_tool,needs_review,external_tool,external_tool,low,no,no,no,yes,external_surface,,module_item_external_unvisited,Object inferred from module item listing without captured destination page.,00002-mth-252-modules-course-modules-integral-calculus-mth-252z-400-u2026,https://canvas.oregonstate.edu/courses/2080857/modules,https://youtu.be/tP34NbvFbW4
2080857,MTH-252,mod-mth-252-028-3-1-integration-by-parts,28,3.1 Integration by Parts,mi-mth-252-26982724,26982724,207,Intro. Integration by Parts example 1 Links to an external site.,External Url,obj-mth-252-external-url-26982724,external_url,26982724,,external_unvisited,yes,task-00143-mth-252-external-tool-intro-integration-by-parts-example-1-links-to-an-external-site,external_tool,needs_review,external_tool,external_tool,low,no,no,no,yes,external_surface,,module_item_external_unvisited,Object inferred from module item listing without captured destination page.,00002-mth-252-modules-course-modules-integral-calculus-mth-252z-400-u2026,https://canvas.oregonstate.edu/courses/2080857/modules,https://youtu.be/815s-YB9X44
2080857,MTH-252,mod-mth-252-028-3-1-integration-by-parts,28,3.1 Integration by Parts,mi-mth-252-26982725,26982725,208,Indefinite integral: Example 2 Links to an external site.,External Url,obj-mth-252-external-url-26982725,external_url,26982725,,external_unvisited,yes,task-00126-mth-252-external-tool-indefinite-integral-example-2-links-to-an-external-site,external_tool,needs_review,external_tool,external_tool,low,no,no,no,yes,external_surface,,module_item_external_unvisited,Object inferred from module item listing without captured destination page.,00002-mth-252-modules-course-modules-integral-calculus-mth-252z-400-u2026,https://canvas.oregonstate.edu/courses/2080857/modules,https://youtu.be/sW7tMxXTM0A
2080857,MTH-252,mod-mth-252-028-3-1-integration-by-parts,28,3.1 Integration by Parts,mi-mth-252-26982726,26982726,209,Indefinite integral: Example 3 Links to an external site.,External Url,obj-mth-252-external-url-26982726,external_url,26982726,,external_unvisited,yes,task-00127-mth-252-external-tool-indefinite-integral-example-3-links-to-an-external-site,external_tool,needs_review,external_tool,external_tool,low,no,no,no,yes,external_surface,,module_item_external_unvisited,Object inferred from module item listing without captured destination page.,00002-mth-252-modules-course-modules-integral-calculus-mth-252z-400-u2026,https://canvas.oregonstate.edu/courses/2080857/modules,https://youtu.be/7YWWtQqcXBc
2080857,MTH-252,mod-mth-252-028-3-1-integration-by-parts,28,3.1 Integration by Parts,mi-mth-252-26982727,26982727,210,"Indefinite integral: Example 4, exponential Links to an external site.",External Url,obj-mth-252-external-url-26982727,external_url,26982727,,external_unvisited,yes,task-00128-mth-252-external-tool-indefinite-integral-example-4-exponential-links-to-an-external-site,external_tool,needs_review,external_tool,external_tool,low,no,no,no,yes,external_surface,,module_item_external_unvisited,Object inferred from module item listing without captured destination page.,00002-mth-252-modules-course-modules-integral-calculus-mth-252z-400-u2026,https://canvas.oregonstate.edu/courses/2080857/modules,https://youtu.be/7YWWtQqcXBc
2080857,MTH-252,mod-mth-252-028-3-1-integration-by-parts,28,3.1 Integration by Parts,mi-mth-252-26982728,26982728,211,Indefinite integral: log Links to an external site.,External Url,obj-mth-252-external-url-26982728,external_url,26982728,,external_unvisited,yes,task-00129-mth-252-external-tool-indefinite-integral-log-links-to-an-external-site,external_tool,needs_review,external_tool,external_tool,low,no,no,no,yes,external_surface,,module_item_external_unvisited,Object inferred from module item listing without captured destination page.,00002-mth-252-modules-course-modules-integral-calculus-mth-252z-400-u2026,https://canvas.oregonstate.edu/courses/2080857/modules,https://youtu.be/uieKq2dCWRY
2080857,MTH-252,mod-mth-252-028-3-1-integration-by-parts,28,3.1 Integration by Parts,mi-mth-252-26982729,26982729,212,Indefinite integral: Trig times linear Links to an external site.,External Url,obj-mth-252-module-item-26982729,module_item,26982729,00451-mth-252-linked-detail-indefinite-integral-trig-times-linear,captured,yes,task-00217-mth-252-lecture-video-indefinite-integral-trig-times-linear,lecture_video,candidate,lecture_video,lecture_video,medium,no,no,no,no,,,module_item_has_task,,00002-mth-252-modules-course-modules-integral-calculus-mth-252z-400-u2026,https://canvas.oregonstate.edu/courses/2080857/modules,https://canvas.oregonstate.edu/courses/2080857/modules/items/26982729
2080857,MTH-252,mod-mth-252-028-3-1-integration-by-parts,28,3.1 Integration by Parts,mi-mth-252-26982730,26982730,213,"Indefinite integral: Exponential, IBP twice",External Url,obj-mth-252-module-item-26982730,module_item,26982730,00158-mth-252-module-item-indefinite-integral-exponential-ibp-twice,captured,yes,task-00216-mth-252-lecture-video-indefinite-integral-exponential-ibp-twice,lecture_video,candidate,lecture_video,lecture_video,medium,no,no,no,no,,external_tool,module_item_has_task,,00002-mth-252-modules-course-modules-integral-calculus-mth-252z-400-u2026,https://canvas.oregonstate.edu/courses/2080857/modules,https://canvas.oregonstate.edu/courses/2080857/modules/items/26982730
2080857,MTH-252,mod-mth-252-028-3-1-integration-by-parts,28,3.1 Integration by Parts,mi-mth-252-26982731,26982731,214,"Indefinite integral: Exponential and trig, IBP twice and solve Links to an external site.",External Url,obj-mth-252-module-item-26982731,module_item,26982731,00452-mth-252-linked-detail-indefinite-integral-exponential-and-trig-ibp-twice-and-solve,captured,yes,task-00215-mth-252-lecture-video-indefinite-integral-exponential-and-trig-ibp-twice-and-solve,lecture_video,candidate,lecture_video,lecture_video,medium,no,no,no,no,,,module_item_has_task,,00002-mth-252-modules-course-modules-integral-calculus-mth-252z-400-u2026,https://canvas.oregonstate.edu/courses/2080857/modules,https://canvas.oregonstate.edu/courses/2080857/modules/items/26982731
2080857,MTH-252,mod-mth-252-029-3-2-trigonometric-integrals,29,3.2 Trigonometric Integrals,mi-mth-252-26982732,26982732,215,Intro. Trigonometric integrals with an ODD power Links to an external site.,External Url,obj-mth-252-module-item-26982732,module_item,26982732,00635-mth-252-linked-detail-intro-trigonometric-integrals-with-an-odd-power,captured,yes,task-00218-mth-252-lecture-video-intro-trigonometric-integrals-with-an-odd-power,lecture_video,candidate,lecture_video,lecture_video,medium,no,no,no,no,,,module_item_has_task,,00002-mth-252-modules-course-modules-integral-calculus-mth-252z-400-u2026,https://canvas.oregonstate.edu/courses/2080857/modules,https://canvas.oregonstate.edu/courses/2080857/modules/items/26982732
2080857,MTH-252,mod-mth-252-029-3-2-trigonometric-integrals,29,3.2 Trigonometric Integrals,mi-mth-252-26982733,26982733,216,Trig Integrals: Example 2 with ODD power Links to an external site.,External Url,obj-mth-252-module-item-26982733,module_item,26982733,00810-mth-252-linked-detail-trig-integrals-example-2-with-odd-power,captured,yes,task-00222-mth-252-lecture-video-trig-integrals-example-2-with-odd-power,lecture_video,candidate,lecture_video,lecture_video,medium,no,no,no,no,,,module_item_has_task,,00002-mth-252-modules-course-modules-integral-calculus-mth-252z-400-u2026,https://canvas.oregonstate.edu/courses/2080857/modules,https://canvas.oregonstate.edu/courses/2080857/modules/items/26982733
2080857,MTH-252,mod-mth-252-029-3-2-trigonometric-integrals,29,3.2 Trigonometric Integrals,mi-mth-252-26982734,26982734,217,Trig Integrals: Example 3 with ODD power Links to an external site.,External Url,obj-mth-252-module-item-26982734,module_item,26982734,00813-mth-252-linked-detail-trig-integrals-example-3-with-odd-power,captured,yes,task-00223-mth-252-lecture-video-trig-integrals-example-3-with-odd-power,lecture_video,candidate,lecture_video,lecture_video,medium,no,no,no,no,,,module_item_has_task,,00002-mth-252-modules-course-modules-integral-calculus-mth-252z-400-u2026,https://canvas.oregonstate.edu/courses/2080857/modules,https://canvas.oregonstate.edu/courses/2080857/modules/items/26982734
2080857,MTH-252,mod-mth-252-029-3-2-trigonometric-integrals,29,3.2 Trigonometric Integrals,mi-mth-252-26982735,26982735,218,Trig integral involving secant Links to an external site.,External Url,obj-mth-252-module-item-26982735,module_item,26982735,00814-mth-252-linked-detail-trig-integral-involving-secant,captured,yes,task-00221-mth-252-lecture-video-trig-integral-involving-secant,lecture_video,candidate,lecture_video,lecture_video,medium,no,no,no,no,,,module_item_has_task,,00002-mth-252-modules-course-modules-integral-calculus-mth-252z-400-u2026,https://canvas.oregonstate.edu/courses/2080857/modules,https://canvas.oregonstate.edu/courses/2080857/modules/items/26982735
2080857,MTH-252,mod-mth-252-029-3-2-trigonometric-integrals,29,3.2 Trigonometric Integrals,mi-mth-252-26982736,26982736,219,Trig Integrals: ODD power of tangent Links to an external site.,External Url,obj-mth-252-external-url-26982736,external_url,26982736,,external_unvisited,yes,task-00181-mth-252-external-tool-trig-integrals-odd-power-of-tangent-links-to-an-external-site,external_tool,needs_review,external_tool,external_tool,low,no,no,no,yes,external_surface,,module_item_external_unvisited,Object inferred from module item listing without captured destination page.,00002-mth-252-modules-course-modules-integral-calculus-mth-252z-400-u2026,https://canvas.oregonstate.edu/courses/2080857/modules,https://youtu.be/RJ2rD54H_cA
2080857,MTH-252,mod-mth-252-029-3-2-trigonometric-integrals,29,3.2 Trigonometric Integrals,mi-mth-252-26982737,26982737,220,Trig Integrals: Power reducing example 1 Links to an external site.,External Url,obj-mth-252-external-url-26982737,external_url,26982737,,external_unvisited,yes,task-00182-mth-252-external-tool-trig-integrals-power-reducing-example-1-links-to-an-external-site,external_tool,needs_review,external_tool,external_tool,low,no,no,no,yes,external_surface,,module_item_external_unvisited,Object inferred from module item listing without captured destination page.,00002-mth-252-modules-course-modules-integral-calculus-mth-252z-400-u2026,https://canvas.oregonstate.edu/courses/2080857/modules,https://youtu.be/heHZz041JSI
2080857,MTH-252,mod-mth-252-029-3-2-trigonometric-integrals,29,3.2 Trigonometric Integrals,mi-mth-252-26982738,26982738,221,Trig Integrals: All EVEN exponents Links to an external site.,External Url,obj-mth-252-external-url-26982738,external_url,26982738,,external_unvisited,yes,task-00180-mth-252-external-tool-trig-integrals-all-even-exponents-links-to-an-external-site,external_tool,needs_review,external_tool,external_tool,low,no,no,no,yes,external_surface,,module_item_external_unvisited,Object inferred from module item listing without captured destination page.,00002-mth-252-modules-course-modules-integral-calculus-mth-252z-400-u2026,https://canvas.oregonstate.edu/courses/2080857/modules,https://youtu.be/rpbr2nH7lNY
2080857,MTH-252,mod-mth-252-030-3-3-trigonometric-substitution,30,3.3 Trigonometric Substitution,mi-mth-252-26982739,26982739,222,Intro. Trig substitution 1 Links to an external site.,External Url,obj-mth-252-external-url-26982739,external_url,26982739,,external_unvisited,yes,task-00151-mth-252-external-tool-intro-trig-substitution-1-links-to-an-external-site,external_tool,needs_review,external_tool,external_tool,low,no,no,no,yes,external_surface,,module_item_external_unvisited,Object inferred from module item listing without captured destination page.,00002-mth-252-modules-course-modules-integral-calculus-mth-252z-400-u2026,https://canvas.oregonstate.edu/courses/2080857/modules,https://youtu.be/yS7Mgsvwdkw
2080857,MTH-252,mod-mth-252-030-3-3-trigonometric-substitution,30,3.3 Trigonometric Substitution,mi-mth-252-26982740,26982740,223,Intro. Trigonometric Substitution continued Links to an external site.,External Url,obj-mth-252-external-url-26982740,external_url,26982740,,external_unvisited,yes,task-00153-mth-252-external-tool-intro-trigonometric-substitution-continued-links-to-an-external-site,external_tool,needs_review,external_tool,external_tool,low,no,no,no,yes,external_surface,,module_item_external_unvisited,Object inferred from module item listing without captured destination page.,00002-mth-252-modules-course-modules-integral-calculus-mth-252z-400-u2026,https://canvas.oregonstate.edu/courses/2080857/modules,https://youtu.be/cyi-qyG1Yds
2080857,MTH-252,mod-mth-252-030-3-3-trigonometric-substitution,30,3.3 Trigonometric Substitution,mi-mth-252-26982741,26982741,224,Intro. Trig substitution 2 Links to an external site.,External Url,obj-mth-252-external-url-26982741,external_url,26982741,,external_unvisited,yes,task-00152-mth-252-external-tool-intro-trig-substitution-2-links-to-an-external-site,external_tool,needs_review,external_tool,external_tool,low,no,no,no,yes,external_surface,,module_item_external_unvisited,Object inferred from module item listing without captured destination page.,00002-mth-252-modules-course-modules-integral-calculus-mth-252z-400-u2026,https://canvas.oregonstate.edu/courses/2080857/modules,https://youtu.be/kSW4sEg_VdQ
2080857,MTH-252,mod-mth-252-030-3-3-trigonometric-substitution,30,3.3 Trigonometric Substitution,mi-mth-252-26982742,26982742,225,Trig substitution example 3 Links to an external site.,External Url,obj-mth-252-external-url-26982742,external_url,26982742,,external_unvisited,yes,task-00183-mth-252-external-tool-trig-substitution-example-3-links-to-an-external-site,external_tool,needs_review,external_tool,external_tool,low,no,no,no,yes,external_surface,,module_item_external_unvisited,Object inferred from module item listing without captured destination page.,00002-mth-252-modules-course-modules-integral-calculus-mth-252z-400-u2026,https://canvas.oregonstate.edu/courses/2080857/modules,https://youtu.be/UHRmp07p9IA
2080857,MTH-252,mod-mth-252-030-3-3-trigonometric-substitution,30,3.3 Trigonometric Substitution,mi-mth-252-26982743,26982743,226,Trig substitution example 4 Links to an external site.,External Url,obj-mth-252-external-url-26982743,external_url,26982743,,external_unvisited,yes,task-00184-mth-252-external-tool-trig-substitution-example-4-links-to-an-external-site,external_tool,needs_review,external_tool,external_tool,low,no,no,no,yes,external_surface,,module_item_external_unvisited,Object inferred from module item listing without captured destination page.,00002-mth-252-modules-course-modules-integral-calculus-mth-252z-400-u2026,https://canvas.oregonstate.edu/courses/2080857/modules,https://youtu.be/a-f63vZVuBQ
2080857,MTH-252,mod-mth-252-030-3-3-trigonometric-substitution,30,3.3 Trigonometric Substitution,mi-mth-252-26982744,26982744,227,Trig substitution example 5 Links to an external site.,External Url,obj-mth-252-external-url-26982744,external_url,26982744,,external_unvisited,yes,task-00185-mth-252-external-tool-trig-substitution-example-5-links-to-an-external-site,external_tool,needs_review,external_tool,external_tool,low,no,no,no,yes,external_surface,,module_item_external_unvisited,Object inferred from module item listing without captured destination page.,00002-mth-252-modules-course-modules-integral-calculus-mth-252z-400-u2026,https://canvas.oregonstate.edu/courses/2080857/modules,https://youtu.be/jZa4FM6l6pM
2080857,MTH-252,mod-mth-252-030-3-3-trigonometric-substitution,30,3.3 Trigonometric Substitution,mi-mth-252-26982745,26982745,228,Trig substitution with secant Links to an external site.,External Url,obj-mth-252-external-url-26982745,external_url,26982745,,external_unvisited,yes,task-00187-mth-252-external-tool-trig-substitution-with-secant-links-to-an-external-site,external_tool,needs_review,external_tool,external_tool,low,no,no,no,yes,external_surface,,module_item_external_unvisited,Object inferred from module item listing without captured destination page.,00002-mth-252-modules-course-modules-integral-calculus-mth-252z-400-u2026,https://canvas.oregonstate.edu/courses/2080857/modules,https://youtu.be/snUBWVMPWfQ
2080857,MTH-252,mod-mth-252-030-3-3-trigonometric-substitution,30,3.3 Trigonometric Substitution,mi-mth-252-26982746,26982746,229,Trig substitution with definite integral Links to an external site.,External Url,obj-mth-252-external-url-26982746,external_url,26982746,,external_unvisited,yes,task-00186-mth-252-external-tool-trig-substitution-with-definite-integral-links-to-an-external-site,external_tool,needs_review,external_tool,external_tool,low,no,no,no,yes,external_surface,,module_item_external_unvisited,Object inferred from module item listing without captured destination page.,00002-mth-252-modules-course-modules-integral-calculus-mth-252z-400-u2026,https://canvas.oregonstate.edu/courses/2080857/modules,https://youtu.be/TMV5avDezeA
2080857,MTH-252,mod-mth-252-031-3-4-partial-fraction-decomposition-pfd,31,3.4 Partial Fraction Decomposition (PFD),mi-mth-252-26982747,26982747,230,Integration using long division Links to an external site.,External Url,obj-mth-252-external-url-26982747,external_url,26982747,,external_unvisited,yes,task-00133-mth-252-external-tool-integration-using-long-division-links-to-an-external-site,external_tool,needs_review,external_tool,external_tool,low,no,no,no,yes,external_surface,,module_item_external_unvisited,Object inferred from module item listing without captured destination page.,00002-mth-252-modules-course-modules-integral-calculus-mth-252z-400-u2026,https://canvas.oregonstate.edu/courses/2080857/modules,https://youtu.be/JIIbmjyrIf8
2080857,MTH-252,mod-mth-252-031-3-4-partial-fraction-decomposition-pfd,31,3.4 Partial Fraction Decomposition (PFD),mi-mth-252-26982748,26982748,231,Intro. Partial fraction decomposition (PFD) Links to an external site.,External Url,obj-mth-252-external-url-26982748,external_url,26982748,,external_unvisited,yes,task-00147-mth-252-external-tool-intro-partial-fraction-decomposition-pfd-links-to-an-external-site,external_tool,needs_review,external_tool,external_tool,low,no,no,no,yes,external_surface,,module_item_external_unvisited,Object inferred from module item listing without captured destination page.,00002-mth-252-modules-course-modules-integral-calculus-mth-252z-400-u2026,https://canvas.oregonstate.edu/courses/2080857/modules,https://youtu.be/c2oLHtPA03U
2080857,MTH-252,mod-mth-252-031-3-4-partial-fraction-decomposition-pfd,31,3.4 Partial Fraction Decomposition (PFD),mi-mth-252-26982749,26982749,232,PFD example 2 Links to an external site.,External Url,obj-mth-252-external-url-26982749,external_url,26982749,,external_unvisited,yes,task-00161-mth-252-external-tool-pfd-example-2-links-to-an-external-site,external_tool,needs_review,external_tool,external_tool,low,no,no,no,yes,external_surface,,module_item_external_unvisited,Object inferred from module item listing without captured destination page.,00002-mth-252-modules-course-modules-integral-calculus-mth-252z-400-u2026,https://canvas.oregonstate.edu/courses/2080857/modules,https://youtu.be/SQ4l8yDlBVE
2080857,MTH-252,mod-mth-252-031-3-4-partial-fraction-decomposition-pfd,31,3.4 Partial Fraction Decomposition (PFD),mi-mth-252-26982750,26982750,233,PFD degree 2/3 Links to an external site.,External Url,obj-mth-252-external-url-26982750,external_url,26982750,,external_unvisited,yes,task-00160-mth-252-external-tool-pfd-degree-2-3-links-to-an-external-site,external_tool,needs_review,external_tool,external_tool,low,no,no,no,yes,external_surface,,module_item_external_unvisited,Object inferred from module item listing without captured destination page.,00002-mth-252-modules-course-modules-integral-calculus-mth-252z-400-u2026,https://canvas.oregonstate.edu/courses/2080857/modules,https://youtu.be/04RSkBwVzK0
2080857,MTH-252,mod-mth-252-031-3-4-partial-fraction-decomposition-pfd,31,3.4 Partial Fraction Decomposition (PFD),mi-mth-252-26982751,26982751,234,Intro. Integration with PFD Links to an external site.,External Url,obj-mth-252-external-url-26982751,external_url,26982751,,external_unvisited,yes,task-00146-mth-252-external-tool-intro-integration-with-pfd-links-to-an-external-site,external_tool,needs_review,external_tool,external_tool,low,no,no,no,yes,external_surface,,module_item_external_unvisited,Object inferred from module item listing without captured destination page.,00002-mth-252-modules-course-modules-integral-calculus-mth-252z-400-u2026,https://canvas.oregonstate.edu/courses/2080857/modules,https://youtu.be/AHNSE0ri3i0
2080857,MTH-252,mod-mth-252-031-3-4-partial-fraction-decomposition-pfd,31,3.4 Partial Fraction Decomposition (PFD),mi-mth-252-26982752,26982752,235,Integration with PFD Links to an external site.,External Url,obj-mth-252-external-url-26982752,external_url,26982752,,external_unvisited,yes,task-00135-mth-252-external-tool-integration-with-pfd-links-to-an-external-site,external_tool,needs_review,external_tool,external_tool,low,no,no,no,yes,external_surface,,module_item_external_unvisited,Object inferred from module item listing without captured destination page.,00002-mth-252-modules-course-modules-integral-calculus-mth-252z-400-u2026,https://canvas.oregonstate.edu/courses/2080857/modules,https://youtu.be/PjsDXfQ8QwQ
2080857,MTH-252,mod-mth-252-031-3-4-partial-fraction-decomposition-pfd,31,3.4 Partial Fraction Decomposition (PFD),mi-mth-252-26982753,26982753,236,Integration with long division Links to an external site.,External Url,obj-mth-252-external-url-26982753,external_url,26982753,,external_unvisited,yes,task-00134-mth-252-external-tool-integration-with-long-division-links-to-an-external-site,external_tool,needs_review,external_tool,external_tool,low,no,no,no,yes,external_surface,,module_item_external_unvisited,Object inferred from module item listing without captured destination page.,00002-mth-252-modules-course-modules-integral-calculus-mth-252z-400-u2026,https://canvas.oregonstate.edu/courses/2080857/modules,https://youtu.be/JIIbmjyrIf8
2080857,MTH-252,mod-mth-252-032-2-1areas-between-curves,32,2.1Areas Between Curves,mi-mth-252-26982754,26982754,237,Intro. Area between curves Links to an external site.,External Url,obj-mth-252-external-url-26982754,external_url,26982754,,external_unvisited,yes,task-00140-mth-252-external-tool-intro-area-between-curves-links-to-an-external-site,external_tool,needs_review,external_tool,external_tool,low,no,no,no,yes,external_surface,,module_item_external_unvisited,Object inferred from module item listing without captured destination page.,00002-mth-252-modules-course-modules-integral-calculus-mth-252z-400-u2026,https://canvas.oregonstate.edu/courses/2080857/modules,https://youtu.be/de-0e0nYf5I
2080857,MTH-252,mod-mth-252-032-2-1areas-between-curves,32,2.1Areas Between Curves,mi-mth-252-26982755,26982755,238,Area between curves 2 Links to an external site.,External Url,obj-mth-252-external-url-26982755,external_url,26982755,,external_unvisited,yes,task-00079-mth-252-external-tool-area-between-curves-2-links-to-an-external-site,external_tool,needs_review,external_tool,external_tool,low,no,no,no,yes,external_surface,,module_item_external_unvisited,Object inferred from module item listing without captured destination page.,00002-mth-252-modules-course-modules-integral-calculus-mth-252z-400-u2026,https://canvas.oregonstate.edu/courses/2080857/modules,https://youtu.be/E_1aDcOoDtE
2080857,MTH-252,mod-mth-252-032-2-1areas-between-curves,32,2.1Areas Between Curves,mi-mth-252-26982756,26982756,239,Area between curves 3 Links to an external site.,External Url,obj-mth-252-external-url-26982756,external_url,26982756,,external_unvisited,yes,task-00080-mth-252-external-tool-area-between-curves-3-links-to-an-external-site,external_tool,needs_review,external_tool,external_tool,low,no,no,no,yes,external_surface,,module_item_external_unvisited,Object inferred from module item listing without captured destination page.,00002-mth-252-modules-course-modules-integral-calculus-mth-252z-400-u2026,https://canvas.oregonstate.edu/courses/2080857/modules,https://youtu.be/n2JqTztMrvQ
2080857,MTH-252,mod-mth-252-032-2-1areas-between-curves,32,2.1Areas Between Curves,mi-mth-252-26982757,26982757,240,Area between curves 4 Links to an external site.,External Url,obj-mth-252-external-url-26982757,external_url,26982757,,external_unvisited,yes,task-00081-mth-252-external-tool-area-between-curves-4-links-to-an-external-site,external_tool,needs_review,external_tool,external_tool,low,no,no,no,yes,external_surface,,module_item_external_unvisited,Object inferred from module item listing without captured destination page.,00002-mth-252-modules-course-modules-integral-calculus-mth-252z-400-u2026,https://canvas.oregonstate.edu/courses/2080857/modules,https://youtu.be/BH-V6Gx2n8E
2080857,MTH-252,mod-mth-252-032-2-1areas-between-curves,32,2.1Areas Between Curves,mi-mth-252-26982758,26982758,241,"Area between curves , respect to y Links to an external site.",External Url,obj-mth-252-external-url-26982758,external_url,26982758,,external_unvisited,yes,task-00078-mth-252-external-tool-area-between-curves-respect-to-y-links-to-an-external-site,external_tool,needs_review,external_tool,external_tool,low,no,no,no,yes,external_surface,,module_item_external_unvisited,Object inferred from module item listing without captured destination page.,00002-mth-252-modules-course-modules-integral-calculus-mth-252z-400-u2026,https://canvas.oregonstate.edu/courses/2080857/modules,https://youtu.be/fGvSy6U209Y
2080857,MTH-252,mod-mth-252-033-2-2-volume-by-slicing,33,2.2 Volume by Slicing,mi-mth-252-26982759,26982759,242,Intro. volume by slicing Links to an external site.,External Url,obj-mth-252-external-url-26982759,external_url,26982759,,external_unvisited,yes,task-00154-mth-252-external-tool-intro-volume-by-slicing-links-to-an-external-site,external_tool,needs_review,external_tool,external_tool,low,no,no,no,yes,external_surface,,module_item_external_unvisited,Object inferred from module item listing without captured destination page.,00002-mth-252-modules-course-modules-integral-calculus-mth-252z-400-u2026,https://canvas.oregonstate.edu/courses/2080857/modules,https://youtu.be/Q8c8Gs1OUgk
2080857,MTH-252,mod-mth-252-033-2-2-volume-by-slicing,33,2.2 Volume by Slicing,mi-mth-252-26982760,26982760,243,Volume by slicing 2 Links to an external site.,External Url,obj-mth-252-external-url-26982760,external_url,26982760,,external_unvisited,yes,task-00190-mth-252-external-tool-volume-by-slicing-2-links-to-an-external-site,external_tool,needs_review,external_tool,external_tool,low,no,no,no,yes,external_surface,,module_item_external_unvisited,Object inferred from module item listing without captured destination page.,00002-mth-252-modules-course-modules-integral-calculus-mth-252z-400-u2026,https://canvas.oregonstate.edu/courses/2080857/modules,https://youtu.be/BQ5sg21w-lA
2080857,MTH-252,mod-mth-252-033-2-2-volume-by-slicing,33,2.2 Volume by Slicing,mi-mth-252-26982761,26982761,244,Disk method 1 Links to an external site.,External Url,obj-mth-252-external-url-26982761,external_url,26982761,,external_unvisited,yes,task-00102-mth-252-external-tool-disk-method-1-links-to-an-external-site,external_tool,needs_review,external_tool,external_tool,low,no,no,no,yes,external_surface,,module_item_external_unvisited,Object inferred from module item listing without captured destination page.,00002-mth-252-modules-course-modules-integral-calculus-mth-252z-400-u2026,https://canvas.oregonstate.edu/courses/2080857/modules,https://youtu.be/1CbZlM09zF8
2080857,MTH-252,mod-mth-252-033-2-2-volume-by-slicing,33,2.2 Volume by Slicing,mi-mth-252-26982762,26982762,245,Disk method 2 Links to an external site.,External Url,obj-mth-252-external-url-26982762,external_url,26982762,,external_unvisited,yes,task-00103-mth-252-external-tool-disk-method-2-links-to-an-external-site,external_tool,needs_review,external_tool,external_tool,low,no,no,no,yes,external_surface,,module_item_external_unvisited,Object inferred from module item listing without captured destination page.,00002-mth-252-modules-course-modules-integral-calculus-mth-252z-400-u2026,https://canvas.oregonstate.edu/courses/2080857/modules,https://youtu.be/oYe4gkKQDE8
2080857,MTH-252,mod-mth-252-033-2-2-volume-by-slicing,33,2.2 Volume by Slicing,mi-mth-252-26982763,26982763,246,Disk method 3 Links to an external site.,External Url,obj-mth-252-external-url-26982763,external_url,26982763,,external_unvisited,yes,task-00104-mth-252-external-tool-disk-method-3-links-to-an-external-site,external_tool,needs_review,external_tool,external_tool,low,no,no,no,yes,external_surface,,module_item_external_unvisited,Object inferred from module item listing without captured destination page.,00002-mth-252-modules-course-modules-integral-calculus-mth-252z-400-u2026,https://canvas.oregonstate.edu/courses/2080857/modules,https://youtu.be/Ba_q-eu8n34
2080857,MTH-252,mod-mth-252-033-2-2-volume-by-slicing,33,2.2 Volume by Slicing,mi-mth-252-26982764,26982764,247,Disc method around y=1 Links to an external site.,External Url,obj-mth-252-external-url-26982764,external_url,26982764,,external_unvisited,yes,task-00101-mth-252-external-tool-disc-method-around-y-1-links-to-an-external-site,external_tool,needs_review,external_tool,external_tool,low,no,no,no,yes,external_surface,,module_item_external_unvisited,Object inferred from module item listing without captured destination page.,00002-mth-252-modules-course-modules-integral-calculus-mth-252z-400-u2026,https://canvas.oregonstate.edu/courses/2080857/modules,https://youtu.be/yTElv1k33rk
2080857,MTH-252,mod-mth-252-033-2-2-volume-by-slicing,33,2.2 Volume by Slicing,mi-mth-252-26982765,26982765,248,Washer method 1 Links to an external site.,External Url,obj-mth-252-external-url-26982765,external_url,26982765,,external_unvisited,yes,task-00191-mth-252-external-tool-washer-method-1-links-to-an-external-site,external_tool,needs_review,external_tool,external_tool,low,no,no,no,yes,external_surface,,module_item_external_unvisited,Object inferred from module item listing without captured destination page.,00002-mth-252-modules-course-modules-integral-calculus-mth-252z-400-u2026,https://canvas.oregonstate.edu/courses/2080857/modules,https://youtu.be/rbqWHbxmVUI
2080857,MTH-252,mod-mth-252-033-2-2-volume-by-slicing,33,2.2 Volume by Slicing,mi-mth-252-26982766,26982766,249,"Washer method 2, around y=3 Links to an external site.",External Url,obj-mth-252-external-url-26982766,external_url,26982766,,external_unvisited,yes,task-00192-mth-252-external-tool-washer-method-2-around-y-3-links-to-an-external-site,external_tool,needs_review,external_tool,external_tool,low,no,no,no,yes,external_surface,,module_item_external_unvisited,Object inferred from module item listing without captured destination page.,00002-mth-252-modules-course-modules-integral-calculus-mth-252z-400-u2026,https://canvas.oregonstate.edu/courses/2080857/modules,https://youtu.be/6zaqRVD90mY
2080857,MTH-252,mod-mth-252-033-2-2-volume-by-slicing,33,2.2 Volume by Slicing,mi-mth-252-26982767,26982767,250,"Washer method 3, around x=5 Links to an external site.",External Url,obj-mth-252-external-url-26982767,external_url,26982767,,external_unvisited,yes,task-00193-mth-252-external-tool-washer-method-3-around-x-5-links-to-an-external-site,external_tool,needs_review,external_tool,external_tool,low,no,no,no,yes,external_surface,,module_item_external_unvisited,Object inferred from module item listing without captured destination page.,00002-mth-252-modules-course-modules-integral-calculus-mth-252z-400-u2026,https://canvas.oregonstate.edu/courses/2080857/modules,https://youtu.be/2yd_Ae-7wls
2080857,MTH-252,mod-mth-252-034-2-3-volumes-of-revolution-shell-method,34,2.3 Volumes of Revolution: Shell Method,mi-mth-252-26982768,26982768,251,Intro. shell method Links to an external site.,External Url,obj-mth-252-external-url-26982768,external_url,26982768,,external_unvisited,yes,task-00148-mth-252-external-tool-intro-shell-method-links-to-an-external-site,external_tool,needs_review,external_tool,external_tool,low,no,no,no,yes,external_surface,,module_item_external_unvisited,Object inferred from module item listing without captured destination page.,00002-mth-252-modules-course-modules-integral-calculus-mth-252z-400-u2026,https://canvas.oregonstate.edu/courses/2080857/modules,https://youtu.be/pCMkHkprN0I
2080857,MTH-252,mod-mth-252-034-2-3-volumes-of-revolution-shell-method,34,2.3 Volumes of Revolution: Shell Method,mi-mth-252-26982769,26982769,252,Shell method 2 Links to an external site.,External Url,obj-mth-252-external-url-26982769,external_url,26982769,,external_unvisited,yes,task-00163-mth-252-external-tool-shell-method-2-links-to-an-external-site,external_tool,needs_review,external_tool,external_tool,low,no,no,no,yes,external_surface,,module_item_external_unvisited,Object inferred from module item listing without captured destination page.,00002-mth-252-modules-course-modules-integral-calculus-mth-252z-400-u2026,https://canvas.oregonstate.edu/courses/2080857/modules,https://youtu.be/3B2YQbEzshg
2080857,MTH-252,mod-mth-252-034-2-3-volumes-of-revolution-shell-method,34,2.3 Volumes of Revolution: Shell Method,mi-mth-252-26982770,26982770,253,Shell method 3 Links to an external site.,External Url,obj-mth-252-external-url-26982770,external_url,26982770,,external_unvisited,yes,task-00164-mth-252-external-tool-shell-method-3-links-to-an-external-site,external_tool,needs_review,external_tool,external_tool,low,no,no,no,yes,external_surface,,module_item_external_unvisited,Object inferred from module item listing without captured destination page.,00002-mth-252-modules-course-modules-integral-calculus-mth-252z-400-u2026,https://canvas.oregonstate.edu/courses/2080857/modules,https://youtu.be/DHCWM-Pg_Yw
2080857,MTH-252,mod-mth-252-034-2-3-volumes-of-revolution-shell-method,34,2.3 Volumes of Revolution: Shell Method,mi-mth-252-26982771,26982771,254,Shell method 4 around y-axis Links to an external site.,External Url,obj-mth-252-external-url-26982771,external_url,26982771,,external_unvisited,yes,task-00165-mth-252-external-tool-shell-method-4-around-y-axis-links-to-an-external-site,external_tool,needs_review,external_tool,external_tool,low,no,no,no,yes,external_surface,,module_item_external_unvisited,Object inferred from module item listing without captured destination page.,00002-mth-252-modules-course-modules-integral-calculus-mth-252z-400-u2026,https://canvas.oregonstate.edu/courses/2080857/modules,https://youtu.be/aW_3JoRHsPU
2080857,MTH-252,mod-mth-252-034-2-3-volumes-of-revolution-shell-method,34,2.3 Volumes of Revolution: Shell Method,mi-mth-252-26982772,26982772,255,Shell method around x=4 Links to an external site.,External Url,obj-mth-252-external-url-26982772,external_url,26982772,,external_unvisited,yes,task-00166-mth-252-external-tool-shell-method-around-x-4-links-to-an-external-site,external_tool,needs_review,external_tool,external_tool,low,no,no,no,yes,external_surface,,module_item_external_unvisited,Object inferred from module item listing without captured destination page.,00002-mth-252-modules-course-modules-integral-calculus-mth-252z-400-u2026,https://canvas.oregonstate.edu/courses/2080857/modules,https://youtu.be/fAKmfe_5QWw
2080857,MTH-252,mod-mth-252-035-2-4-arc-length,35,2.4 Arc Length,mi-mth-252-26982773,26982773,256,Arc length 1 Links to an external site.,External Url,obj-mth-252-external-url-26982773,external_url,26982773,,external_unvisited,yes,task-00073-mth-252-external-tool-arc-length-1-links-to-an-external-site,external_tool,needs_review,external_tool,external_tool,low,no,no,no,yes,external_surface,,module_item_external_unvisited,Object inferred from module item listing without captured destination page.,00002-mth-252-modules-course-modules-integral-calculus-mth-252z-400-u2026,https://canvas.oregonstate.edu/courses/2080857/modules,https://youtu.be/seoFxrNL85c
2080857,MTH-252,mod-mth-252-035-2-4-arc-length,35,2.4 Arc Length,mi-mth-252-26982774,26982774,257,Arc length 1 continued Links to an external site.,External Url,obj-mth-252-external-url-26982774,external_url,26982774,,external_unvisited,yes,task-00072-mth-252-external-tool-arc-length-1-continued-links-to-an-external-site,external_tool,needs_review,external_tool,external_tool,low,no,no,no,yes,external_surface,,module_item_external_unvisited,Object inferred from module item listing without captured destination page.,00002-mth-252-modules-course-modules-integral-calculus-mth-252z-400-u2026,https://canvas.oregonstate.edu/courses/2080857/modules,https://youtu.be/NbnTw0opE_0
2080857,MTH-252,mod-mth-252-035-2-4-arc-length,35,2.4 Arc Length,mi-mth-252-26982775,26982775,258,Arc length 2 Links to an external site.,External Url,obj-mth-252-external-url-26982775,external_url,26982775,,external_unvisited,yes,task-00074-mth-252-external-tool-arc-length-2-links-to-an-external-site,external_tool,needs_review,external_tool,external_tool,low,no,no,no,yes,external_surface,,module_item_external_unvisited,Object inferred from module item listing without captured destination page.,00002-mth-252-modules-course-modules-integral-calculus-mth-252z-400-u2026,https://canvas.oregonstate.edu/courses/2080857/modules,https://youtu.be/QttlclJGxJQ
2080857,MTH-252,mod-mth-252-035-2-4-arc-length,35,2.4 Arc Length,mi-mth-252-26982776,26982776,259,Arc length 3 Links to an external site.,External Url,obj-mth-252-external-url-26982776,external_url,26982776,,external_unvisited,yes,task-00075-mth-252-external-tool-arc-length-3-links-to-an-external-site,external_tool,needs_review,external_tool,external_tool,low,no,no,no,yes,external_surface,,module_item_external_unvisited,Object inferred from module item listing without captured destination page.,00002-mth-252-modules-course-modules-integral-calculus-mth-252z-400-u2026,https://canvas.oregonstate.edu/courses/2080857/modules,https://youtu.be/cw76RZ_fsZI
2080857,MTH-252,mod-mth-252-035-2-4-arc-length,35,2.4 Arc Length,mi-mth-252-26982777,26982777,260,Arc length 4 Links to an external site.,External Url,obj-mth-252-external-url-26982777,external_url,26982777,,external_unvisited,yes,task-00076-mth-252-external-tool-arc-length-4-links-to-an-external-site,external_tool,needs_review,external_tool,external_tool,low,no,no,no,yes,external_surface,,module_item_external_unvisited,Object inferred from module item listing without captured destination page.,00002-mth-252-modules-course-modules-integral-calculus-mth-252z-400-u2026,https://canvas.oregonstate.edu/courses/2080857/modules,https://youtu.be/0j227VZN0X8
2080857,MTH-252,mod-mth-252-036-2-5-physical-applications,36,2.5 Physical Applications,mi-mth-252-26982778,26982778,261,Work: Spring stretch 1 Links to an external site.,External Url,obj-mth-252-external-url-26982778,external_url,26982778,,external_unvisited,yes,task-00197-mth-252-external-tool-work-spring-stretch-1-links-to-an-external-site,external_tool,needs_review,external_tool,external_tool,low,no,no,no,yes,external_surface,,module_item_external_unvisited,Object inferred from module item listing without captured destination page.,00002-mth-252-modules-course-modules-integral-calculus-mth-252z-400-u2026,https://canvas.oregonstate.edu/courses/2080857/modules,https://youtu.be/3_-7IJO6EVc
2080857,MTH-252,mod-mth-252-036-2-5-physical-applications,36,2.5 Physical Applications,mi-mth-252-26982779,26982779,262,Work: Spring stretch 2 Links to an external site.,External Url,obj-mth-252-external-url-26982779,external_url,26982779,,external_unvisited,yes,task-00198-mth-252-external-tool-work-spring-stretch-2-links-to-an-external-site,external_tool,needs_review,external_tool,external_tool,low,no,no,no,yes,external_surface,,module_item_external_unvisited,Object inferred from module item listing without captured destination page.,00002-mth-252-modules-course-modules-integral-calculus-mth-252z-400-u2026,https://canvas.oregonstate.edu/courses/2080857/modules,https://youtu.be/Fd65ZxqpktE
2080857,MTH-252,mod-mth-252-036-2-5-physical-applications,36,2.5 Physical Applications,mi-mth-252-26982780,26982780,263,Work: lifting leaking bucket Links to an external site.,External Url,obj-mth-252-external-url-26982780,external_url,26982780,,external_unvisited,yes,task-00196-mth-252-external-tool-work-lifting-leaking-bucket-links-to-an-external-site,external_tool,needs_review,external_tool,external_tool,low,no,no,no,yes,external_surface,,module_item_external_unvisited,Object inferred from module item listing without captured destination page.,00002-mth-252-modules-course-modules-integral-calculus-mth-252z-400-u2026,https://canvas.oregonstate.edu/courses/2080857/modules,https://youtu.be/YMaR5KJj2zQ
2080857,MTH-252,mod-mth-252-036-2-5-physical-applications,36,2.5 Physical Applications,mi-mth-252-26982781,26982781,264,Work: Lifting bucket with cable mass Links to an external site.,External Url,obj-mth-252-external-url-26982781,external_url,26982781,,external_unvisited,yes,task-00195-mth-252-external-tool-work-lifting-bucket-with-cable-mass-links-to-an-external-site,external_tool,needs_review,external_tool,external_tool,low,no,no,no,yes,external_surface,,module_item_external_unvisited,Object inferred from module item listing without captured destination page.,00002-mth-252-modules-course-modules-integral-calculus-mth-252z-400-u2026,https://canvas.oregonstate.edu/courses/2080857/modules,https://youtu.be/pKZzfYIgq1Q
2080857,MTH-252,mod-mth-252-036-2-5-physical-applications,36,2.5 Physical Applications,mi-mth-252-26982782,26982782,265,Work: Vertical pumping Links to an external site.,External Url,obj-mth-252-external-url-26982782,external_url,26982782,,external_unvisited,yes,task-00199-mth-252-external-tool-work-vertical-pumping-links-to-an-external-site,external_tool,needs_review,external_tool,external_tool,low,no,no,no,yes,external_surface,,module_item_external_unvisited,Object inferred from module item listing without captured destination page.,00002-mth-252-modules-course-modules-integral-calculus-mth-252z-400-u2026,https://canvas.oregonstate.edu/courses/2080857/modules,https://youtu.be/T7sma-7qQFA
2080857,MTH-252,mod-mth-252-036-2-5-physical-applications,36,2.5 Physical Applications,mi-mth-252-26982783,26982783,266,"Work: Vertical pumping, isosceles triangle Links to an external site.",External Url,obj-mth-252-external-url-26982783,external_url,26982783,,external_unvisited,yes,task-00200-mth-252-external-tool-work-vertical-pumping-isosceles-triangle-links-to-an-external-site,external_tool,needs_review,external_tool,external_tool,low,no,no,no,yes,external_surface,,module_item_external_unvisited,Object inferred from module item listing without captured destination page.,00002-mth-252-modules-course-modules-integral-calculus-mth-252z-400-u2026,https://canvas.oregonstate.edu/courses/2080857/modules,https://youtu.be/1x-xMf4TFNM
2080857,MTH-252,mod-mth-252-036-2-5-physical-applications,36,2.5 Physical Applications,mi-mth-252-26982784,26982784,267,"Work: Vertical pumping, quadratic cross sections Links to an external site.",External Url,obj-mth-252-external-url-26982784,external_url,26982784,,external_unvisited,yes,task-00201-mth-252-external-tool-work-vertical-pumping-quadratic-cross-sections-links-to-an-external-site,external_tool,needs_review,external_tool,external_tool,low,no,no,no,yes,external_surface,,module_item_external_unvisited,Object inferred from module item listing without captured destination page.,00002-mth-252-modules-course-modules-integral-calculus-mth-252z-400-u2026,https://canvas.oregonstate.edu/courses/2080857/modules,https://youtu.be/RPXnZl3przM
2080857,MTH-252,mod-mth-252-036-2-5-physical-applications,36,2.5 Physical Applications,mi-mth-252-26982785,26982785,268,Hydrostatic force: Horizontal plate Links to an external site.,External Url,obj-mth-252-external-url-26982785,external_url,26982785,,external_unvisited,yes,task-00116-mth-252-external-tool-hydrostatic-force-horizontal-plate-links-to-an-external-site,external_tool,needs_review,external_tool,external_tool,low,no,no,no,yes,external_surface,,module_item_external_unvisited,Object inferred from module item listing without captured destination page.,00002-mth-252-modules-course-modules-integral-calculus-mth-252z-400-u2026,https://canvas.oregonstate.edu/courses/2080857/modules,https://youtu.be/zSyh3IzQMdc
2080857,MTH-252,mod-mth-252-036-2-5-physical-applications,36,2.5 Physical Applications,mi-mth-252-26982786,26982786,269,Hydrostatic force: Vertical isosceles triangle Links to an external site.,External Url,obj-mth-252-external-url-26982786,external_url,26982786,,external_unvisited,yes,task-00118-mth-252-external-tool-hydrostatic-force-vertical-isosceles-triangle-links-to-an-external-site,external_tool,needs_review,external_tool,external_tool,low,no,no,no,yes,external_surface,,module_item_external_unvisited,Object inferred from module item listing without captured destination page.,00002-mth-252-modules-course-modules-integral-calculus-mth-252z-400-u2026,https://canvas.oregonstate.edu/courses/2080857/modules,https://youtu.be/7exmlrEbNXI
2080857,MTH-252,mod-mth-252-036-2-5-physical-applications,36,2.5 Physical Applications,mi-mth-252-26982787,26982787,270,Hydrostatic force: Semicircle window Links to an external site.,External Url,obj-mth-252-external-url-26982787,external_url,26982787,,external_unvisited,yes,task-00117-mth-252-external-tool-hydrostatic-force-semicircle-window-links-to-an-external-site,external_tool,needs_review,external_tool,external_tool,low,no,no,no,yes,external_surface,,module_item_external_unvisited,Object inferred from module item listing without captured destination page.,00002-mth-252-modules-course-modules-integral-calculus-mth-252z-400-u2026,https://canvas.oregonstate.edu/courses/2080857/modules,https://youtu.be/Ntk9RpCCSeM
2080857,MTH-252,mod-mth-252-037-3-7-improper-integrals,37,3.7 Improper Integrals,mi-mth-252-26982788,26982788,271,Intro. Improper integrals Links to an external site.,External Url,obj-mth-252-external-url-26982788,external_url,26982788,,external_unvisited,yes,task-00141-mth-252-external-tool-intro-improper-integrals-links-to-an-external-site,external_tool,needs_review,external_tool,external_tool,low,no,no,no,yes,external_surface,,module_item_external_unvisited,Object inferred from module item listing without captured destination page.,00002-mth-252-modules-course-modules-integral-calculus-mth-252z-400-u2026,https://canvas.oregonstate.edu/courses/2080857/modules,https://youtu.be/F19y9IiH-cM
2080857,MTH-252,mod-mth-252-037-3-7-improper-integrals,37,3.7 Improper Integrals,mi-mth-252-26982789,26982789,272,"Improper integrals 2, exponential integrand Links to an external site.",External Url,obj-mth-252-external-url-26982789,external_url,26982789,,external_unvisited,yes,task-00125-mth-252-external-tool-improper-integrals-2-exponential-integrand-links-to-an-external-site,external_tool,needs_review,external_tool,external_tool,low,no,no,no,yes,external_surface,,module_item_external_unvisited,Object inferred from module item listing without captured destination page.,00002-mth-252-modules-course-modules-integral-calculus-mth-252z-400-u2026,https://canvas.oregonstate.edu/courses/2080857/modules,https://youtu.be/5Tz992fOYAA
2080857,MTH-252,mod-mth-252-037-3-7-improper-integrals,37,3.7 Improper Integrals,mi-mth-252-26982790,26982790,273,"Improper integral 3, exponential integrand Links to an external site.",External Url,obj-mth-252-external-url-26982790,external_url,26982790,,external_unvisited,yes,task-00119-mth-252-external-tool-improper-integral-3-exponential-integrand-links-to-an-external-site,external_tool,needs_review,external_tool,external_tool,low,no,no,no,yes,external_surface,,module_item_external_unvisited,Object inferred from module item listing without captured destination page.,00002-mth-252-modules-course-modules-integral-calculus-mth-252z-400-u2026,https://canvas.oregonstate.edu/courses/2080857/modules,https://youtu.be/9O9Rd7JyKLo
2080857,MTH-252,mod-mth-252-037-3-7-improper-integrals,37,3.7 Improper Integrals,mi-mth-252-26982791,26982791,274,"Improper integral 4, rational integrand Links to an external site.",External Url,obj-mth-252-external-url-26982791,external_url,26982791,,external_unvisited,yes,task-00120-mth-252-external-tool-improper-integral-4-rational-integrand-links-to-an-external-site,external_tool,needs_review,external_tool,external_tool,low,no,no,no,yes,external_surface,,module_item_external_unvisited,Object inferred from module item listing without captured destination page.,00002-mth-252-modules-course-modules-integral-calculus-mth-252z-400-u2026,https://canvas.oregonstate.edu/courses/2080857/modules,https://youtu.be/CvziF8rGSnw
2080857,MTH-252,mod-mth-252-037-3-7-improper-integrals,37,3.7 Improper Integrals,mi-mth-252-26982792,26982792,275,"Improper integral 5, rational integrand Links to an external site.",External Url,obj-mth-252-external-url-26982792,external_url,26982792,,external_unvisited,yes,task-00121-mth-252-external-tool-improper-integral-5-rational-integrand-links-to-an-external-site,external_tool,needs_review,external_tool,external_tool,low,no,no,no,yes,external_surface,,module_item_external_unvisited,Object inferred from module item listing without captured destination page.,00002-mth-252-modules-course-modules-integral-calculus-mth-252z-400-u2026,https://canvas.oregonstate.edu/courses/2080857/modules,https://youtu.be/m2qnjmZQqa4
2080857,MTH-252,mod-mth-252-037-3-7-improper-integrals,37,3.7 Improper Integrals,mi-mth-252-26982793,26982793,276,Improper integral: +infinity to -infinity Links to an external site.,External Url,obj-mth-252-external-url-26982793,external_url,26982793,,external_unvisited,yes,task-00122-mth-252-external-tool-improper-integral-infinity-to-infinity-links-to-an-external-site,external_tool,needs_review,external_tool,external_tool,low,no,no,no,yes,external_surface,,module_item_external_unvisited,Object inferred from module item listing without captured destination page.,00002-mth-252-modules-course-modules-integral-calculus-mth-252z-400-u2026,https://canvas.oregonstate.edu/courses/2080857/modules,https://youtu.be/qWMJpYajOww
2080857,MTH-252,mod-mth-252-037-3-7-improper-integrals,37,3.7 Improper Integrals,mi-mth-252-26982794,26982794,277,Improper integral: Discontinuous integrand 1 Links to an external site.,External Url,obj-mth-252-external-url-26982794,external_url,26982794,,external_unvisited,yes,task-00123-mth-252-external-tool-improper-integral-discontinuous-integrand-1-links-to-an-external-site,external_tool,needs_review,external_tool,external_tool,low,no,no,no,yes,external_surface,,module_item_external_unvisited,Object inferred from module item listing without captured destination page.,00002-mth-252-modules-course-modules-integral-calculus-mth-252z-400-u2026,https://canvas.oregonstate.edu/courses/2080857/modules,https://youtu.be/KWQgBZStE6M
2080857,MTH-252,mod-mth-252-037-3-7-improper-integrals,37,3.7 Improper Integrals,mi-mth-252-26982795,26982795,278,Improper integral: Discontinuous integrand 2 Links to an external site.,External Url,obj-mth-252-external-url-26982795,external_url,26982795,,external_unvisited,yes,task-00124-mth-252-external-tool-improper-integral-discontinuous-integrand-2-links-to-an-external-site,external_tool,needs_review,external_tool,external_tool,low,no,no,no,yes,external_surface,,module_item_external_unvisited,Object inferred from module item listing without captured destination page.,00002-mth-252-modules-course-modules-integral-calculus-mth-252z-400-u2026,https://canvas.oregonstate.edu/courses/2080857/modules,https://youtu.be/gN7I8LhKalQ
2053263,MTH-253,mod-mth-253-001-start-here,1,Start Here,mi-mth-253-26885519,26885519,1,Start Here - Overview,Page,obj-mth-253-page-start-here-overview,page,start-here-overview,00169-mth-253-module-item-start-here-overview-sequences-and-series-mth-253z-400-u2026,captured,no,,,,reference,reference,medium,no,no,no,no,,redirected,module_item_reference_only,,00010-mth-253-modules-course-modules-sequences-and-series-mth-253z-400-u2026,https://canvas.oregonstate.edu/courses/2053263/modules,https://canvas.oregonstate.edu/courses/2053263/pages/start-here-overview?module_item_id=26885519
2053263,MTH-253,mod-mth-253-001-start-here,1,Start Here,mi-mth-253-26885520,26885520,2,Start Here - Syllabus,Page,obj-mth-253-page-start-here-syllabus,page,start-here-syllabus,00170-mth-253-module-item-start-here-syllabus-sequences-and-series-mth-253z-400-u2026,captured,yes,task-00307-mth-253-critical-setup-start-here-syllabus-sequences-and-series-mth-253z-400-u2026,critical_setup,candidate,critical_setup,critical_setup,high,no,no,no,no,,redirected,module_item_has_task,,00010-mth-253-modules-course-modules-sequences-and-series-mth-253z-400-u2026,https://canvas.oregonstate.edu/courses/2053263/modules,https://canvas.oregonstate.edu/courses/2053263/pages/start-here-syllabus?module_item_id=26885520
2053263,MTH-253,mod-mth-253-001-start-here,1,Start Here,mi-mth-253-26885521,26885521,3,Get your MTH 253Z Course Materials! (Access Code + Ebook),Page,obj-mth-253-page-get-your-mth-253z-course-materials-access-code-ebook-2,page,get-your-mth-253z-course-materials-access-code-+-ebook-2,00171-mth-253-module-item-get-your-mth-253z-course-materials-access-code-ebook-sequences-and-series-mth-253z-400-u2026,captured,yes,task-00305-mth-253-critical-setup-get-your-mth-253z-course-materials-access-code-ebook-sequences-and-series-mth-25,critical_setup,candidate,critical_setup,critical_setup,high,no,no,no,no,,redirected,module_item_has_task,,00010-mth-253-modules-course-modules-sequences-and-series-mth-253z-400-u2026,https://canvas.oregonstate.edu/courses/2053263/modules,https://canvas.oregonstate.edu/courses/2053263/pages/get-your-mth-253z-course-materials-access-code-+-ebook-2?module_item_id=26885521
2053263,MTH-253,mod-mth-253-001-start-here,1,Start Here,mi-mth-253-26885522,26885522,4,Start Here - Instructor Information & Communication Policy,Page,obj-mth-253-page-start-here-instructor-information-and-communication-policy,page,start-here-instructor-information-and-communication-policy,00172-mth-253-module-item-start-here-instructor-information-communication-policy-sequences-and-series-mth-253z-400-u2026,captured,no,,,,admin_policy,admin_policy,medium,no,no,no,no,,redirected,module_item_reference_only,,00010-mth-253-modules-course-modules-sequences-and-series-mth-253z-400-u2026,https://canvas.oregonstate.edu/courses/2053263/modules,https://canvas.oregonstate.edu/courses/2053263/pages/start-here-instructor-information-and-communication-policy?module_item_id=26885522
2053263,MTH-253,mod-mth-253-001-start-here,1,Start Here,mi-mth-253-26977675,26977675,5,Start Here: On the use of AI and academic honesty,Page,obj-mth-253-page-start-here-on-the-use-of-ai-and-academic-honesty,page,start-here-on-the-use-of-ai-and-academic-honesty,00173-mth-253-module-item-start-here-on-the-use-of-ai-and-academic-honesty-sequences-and-series-mth-253z-400-u2026,captured,no,,,,lecture_video,lecture_video|admin_policy,medium,no,no,no,no,,redirected,module_item_important_reference,,00010-mth-253-modules-course-modules-sequences-and-series-mth-253z-400-u2026,https://canvas.oregonstate.edu/courses/2053263/modules,https://canvas.oregonstate.edu/courses/2053263/pages/start-here-on-the-use-of-ai-and-academic-honesty?module_item_id=26977675
2053263,MTH-253,mod-mth-253-001-start-here,1,Start Here,mi-mth-253-26885523,26885523,6,Start Here - Where to go for help?,Page,obj-mth-253-page-start-here-where-to-go-for-help,page,start-here-where-to-go-for-help,00174-mth-253-module-item-start-here-where-to-go-for-help-sequences-and-series-mth-253z-400-u2026,captured,no,,,,reference,reference,medium,no,no,no,no,,redirected,module_item_reference_only,,00010-mth-253-modules-course-modules-sequences-and-series-mth-253z-400-u2026,https://canvas.oregonstate.edu/courses/2053263/modules,https://canvas.oregonstate.edu/courses/2053263/pages/start-here-where-to-go-for-help?module_item_id=26885523
2053263,MTH-253,mod-mth-253-001-start-here,1,Start Here,mi-mth-253-26885524,26885524,7,General Q&A Discussion,Discussion Topic,obj-mth-253-discussion-11558499,discussion,11558499,00175-mth-253-module-item-topic-general-q-a-discussion,captured,no,,,,reference,reference,medium,no,no,no,no,,redirected,module_item_reference_only,,00010-mth-253-modules-course-modules-sequences-and-series-mth-253z-400-u2026,https://canvas.oregonstate.edu/courses/2053263/modules,https://canvas.oregonstate.edu/courses/2053263/discussion_topics/11558499?module_item_id=26885524
2053263,MTH-253,mod-mth-253-001-start-here,1,Start Here,mi-mth-253-26885525,26885525,8,Start Here - Accessibility Statements & Privacy Policies,Page,obj-mth-253-page-start-here-accessibility-statements-and-privacy-policies,page,start-here-accessibility-statements-and-privacy-policies,00176-mth-253-module-item-start-here-accessibility-statements-privacy-policies-sequences-and-series-mth-253z-400-u2026,captured,no,,,,admin_policy,admin_policy,medium,no,no,no,no,,redirected,module_item_reference_only,,00010-mth-253-modules-course-modules-sequences-and-series-mth-253z-400-u2026,https://canvas.oregonstate.edu/courses/2053263/modules,https://canvas.oregonstate.edu/courses/2053263/pages/start-here-accessibility-statements-and-privacy-policies?module_item_id=26885525
2053263,MTH-253,mod-mth-253-001-start-here,1,Start Here,mi-mth-253-26885526,26885526,9,Start Here - Sources Cited,Page,obj-mth-253-page-start-here-sources-cited,page,start-here-sources-cited,00177-mth-253-module-item-start-here-sources-cited-sequences-and-series-mth-253z-400-u2026,captured,yes,task-00306-mth-253-critical-setup-start-here-sources-cited-sequences-and-series-mth-253z-400-u2026,critical_setup,candidate,critical_setup,critical_setup,high,no,no,no,no,,redirected,module_item_has_task,,00010-mth-253-modules-course-modules-sequences-and-series-mth-253z-400-u2026,https://canvas.oregonstate.edu/courses/2053263/modules,https://canvas.oregonstate.edu/courses/2053263/pages/start-here-sources-cited?module_item_id=26885526
2053263,MTH-253,mod-mth-253-001-start-here,1,Start Here,mi-mth-253-26982050,26982050,10,Practice Quiz (take it before attempting Quiz 1!),Quiz,obj-mth-253-quiz-3166971,quiz,3166971,00178-mth-253-module-item-practice-quiz-take-it-before-attempting-quiz-1-sequences-and-series-mth-253z-400-u2026,captured,yes,task-00317-mth-253-graded-task-practice-quiz-take-it-before-attempting-quiz-1-sequences-and-series-mth-253z-400,graded_task,candidate,graded_task,graded_task|critical_setup|prep_reading,high,no,no,no,no,,redirected,module_item_has_task,,00010-mth-253-modules-course-modules-sequences-and-series-mth-253z-400-u2026,https://canvas.oregonstate.edu/courses/2053263/modules,https://canvas.oregonstate.edu/courses/2053263/quizzes/3166971?module_item_id=26982050
2053263,MTH-253,mod-mth-253-001-start-here,1,Start Here,mi-mth-253-26885527,26885527,11,Start Here - Conclusion,Page,obj-mth-253-page-start-here-conclusion,page,start-here-conclusion,00179-mth-253-module-item-start-here-conclusion-sequences-and-series-mth-253z-400-u2026,captured,no,,,,reference,reference,medium,no,no,no,no,,redirected,module_item_reference_only,,00010-mth-253-modules-course-modules-sequences-and-series-mth-253z-400-u2026,https://canvas.oregonstate.edu/courses/2053263/modules,https://canvas.oregonstate.edu/courses/2053263/pages/start-here-conclusion?module_item_id=26885527
2053263,MTH-253,mod-mth-253-002-unit-1-week-1,2,Unit 1 - Week 1,mi-mth-253-26885529,26885529,12,Unit 1 - Overview,Page,obj-mth-253-page-unit-1-overview,page,unit-1-overview,00180-mth-253-module-item-unit-1-overview-sequences-and-series-mth-253z-400-u2026,captured,yes,task-00309-mth-253-prep-reading-unit-1-overview-sequences-and-series-mth-253z-400-u2026,prep_reading,candidate,prep_reading,prep_reading,medium,no,no,no,no,,redirected,module_item_has_task,,00010-mth-253-modules-course-modules-sequences-and-series-mth-253z-400-u2026,https://canvas.oregonstate.edu/courses/2053263/modules,https://canvas.oregonstate.edu/courses/2053263/pages/unit-1-overview?module_item_id=26885529
2053263,MTH-253,mod-mth-253-002-unit-1-week-1,2,Unit 1 - Week 1,mi-mth-253-26885530,26885530,13,Unit 1 - Learning Materials,Page,obj-mth-253-page-unit-1-learning-materials,page,unit-1-learning-materials,00181-mth-253-module-item-unit-1-learning-materials-sequences-and-series-mth-253z-400-u2026,captured,yes,task-00308-mth-253-prep-reading-unit-1-learning-materials-sequences-and-series-mth-253z-400-u2026,prep_reading,candidate,prep_reading,prep_reading|lecture_video,medium,no,no,no,no,,external_tool|redirected,module_item_has_task,,00010-mth-253-modules-course-modules-sequences-and-series-mth-253z-400-u2026,https://canvas.oregonstate.edu/courses/2053263/modules,https://canvas.oregonstate.edu/courses/2053263/pages/unit-1-learning-materials?module_item_id=26885530
2053263,MTH-253,mod-mth-253-002-unit-1-week-1,2,Unit 1 - Week 1,mi-mth-253-26885531,26885531,14,Unit 1 - Q&A Discussion Board (Optional),Discussion Topic,obj-mth-253-discussion-11558490,discussion,11558490,00182-mth-253-module-item-topic-unit-1-q-a-discussion-board-optional,captured,yes,task-00288-mth-253-prep-reading-topic-unit-1-q-a-discussion-board-optional,prep_reading,candidate,prep_reading,prep_reading|lecture_video,medium,no,no,no,no,,redirected,module_item_has_task,,00010-mth-253-modules-course-modules-sequences-and-series-mth-253z-400-u2026,https://canvas.oregonstate.edu/courses/2053263/modules,https://canvas.oregonstate.edu/courses/2053263/discussion_topics/11558490?module_item_id=26885531
2053263,MTH-253,mod-mth-253-002-unit-1-week-1,2,Unit 1 - Week 1,mi-mth-253-26885549,26885549,15,4,Context Module Sub Header,obj-mth-253-module-subheader-26885549,module_subheader,26885549,,structural_marker,no,,,,reference,reference,medium,no,no,no,no,,,module_item_reference_only,Object inferred from module item listing without captured destination page.,00010-mth-253-modules-course-modules-sequences-and-series-mth-253z-400-u2026,https://canvas.oregonstate.edu/courses/2053263/modules,
2053263,MTH-253,mod-mth-253-002-unit-1-week-1,2,Unit 1 - Week 1,mi-mth-253-26885532,26885532,16,Unit 1 Discussion Board - Submitted in Week 1 (Required),Discussion Topic,obj-mth-253-discussion-11558498,discussion,11558498,00183-mth-253-module-item-topic-unit-1-discussion-board-submitted-in-week-1-required,captured,yes,task-00289-mth-253-graded-task-topic-unit-1-discussion-board-submitted-in-week-1-required,graded_task,candidate,graded_task,graded_task,high,no,no,no,no,,redirected,module_item_has_task,,00010-mth-253-modules-course-modules-sequences-and-series-mth-253z-400-u2026,https://canvas.oregonstate.edu/courses/2053263/modules,https://canvas.oregonstate.edu/courses/2053263/discussion_topics/11558498?module_item_id=26885532
2053263,MTH-253,mod-mth-253-002-unit-1-week-1,2,Unit 1 - Week 1,mi-mth-253-26885537,26885537,17,Unit 1 - Written Homework Assignment,Assignment,obj-mth-253-assignment-10553179,assignment,10553179,00184-mth-253-module-item-unit-1-written-homework-assignment,captured,yes,task-00273-mth-253-graded-task-unit-1-written-homework-assignment,graded_task,candidate,graded_task,graded_task|prep_reading,high,no,yes,no,no,,redirected,module_item_has_task,,00010-mth-253-modules-course-modules-sequences-and-series-mth-253z-400-u2026,https://canvas.oregonstate.edu/courses/2053263/modules,https://canvas.oregonstate.edu/courses/2053263/assignments/10553179?module_item_id=26885537
2053263,MTH-253,mod-mth-253-002-unit-1-week-1,2,Unit 1 - Week 1,mi-mth-253-26977416,26977416,18,"Week 1 Web Homework: Infinity and Limits, Indeterminates, Improper Integrals",Assignment,obj-mth-253-assignment-10584258,assignment,10584258,00185-mth-253-module-item-week-1-web-homework-infinity-and-limits-indeterminates-improper-integrals,captured,yes,task-00278-mth-253-graded-task-week-1-web-homework-infinity-and-limits-indeterminates-improper-integrals,graded_task,candidate,graded_task,graded_task|prep_reading,high,no,yes,no,no,,external_tool|redirected,module_item_has_task,,00010-mth-253-modules-course-modules-sequences-and-series-mth-253z-400-u2026,https://canvas.oregonstate.edu/courses/2053263/modules,https://canvas.oregonstate.edu/courses/2053263/assignments/10584258?module_item_id=26977416
2053263,MTH-253,mod-mth-253-002-unit-1-week-1,2,Unit 1 - Week 1,mi-mth-253-26885539,26885539,19,Unit 1 Quiz,Quiz,obj-mth-253-quiz-3159593,quiz,3159593,00186-mth-253-module-item-unit-1-quiz-sequences-and-series-mth-253z-400-u2026,captured,yes,task-00318-mth-253-graded-task-unit-1-quiz-sequences-and-series-mth-253z-400-u2026,graded_task,candidate,graded_task,graded_task|critical_setup|prep_reading,high,no,no,no,no,,redirected,module_item_has_task,,00010-mth-253-modules-course-modules-sequences-and-series-mth-253z-400-u2026,https://canvas.oregonstate.edu/courses/2053263/modules,https://canvas.oregonstate.edu/courses/2053263/quizzes/3159593?module_item_id=26885539
2053263,MTH-253,mod-mth-253-002-unit-1-week-1,2,Unit 1 - Week 1,mi-mth-253-26885533,26885533,20,9,Context Module Sub Header,obj-mth-253-module-subheader-26885533,module_subheader,26885533,,structural_marker,no,,,,reference,reference,medium,no,no,no,no,,,module_item_reference_only,Object inferred from module item listing without captured destination page.,00010-mth-253-modules-course-modules-sequences-and-series-mth-253z-400-u2026,https://canvas.oregonstate.edu/courses/2053263/modules,
2053263,MTH-253,mod-mth-253-002-unit-1-week-1,2,Unit 1 - Week 1,mi-mth-253-26885541,26885541,21,Unit 1 - Conclusion,Page,obj-mth-253-page-unit-1-conclusion,page,unit-1-conclusion,00187-mth-253-module-item-unit-1-conclusion-sequences-and-series-mth-253z-400-u2026,captured,no,,,,reference,reference,medium,no,no,no,no,,redirected,module_item_reference_only,,00010-mth-253-modules-course-modules-sequences-and-series-mth-253z-400-u2026,https://canvas.oregonstate.edu/courses/2053263/modules,https://canvas.oregonstate.edu/courses/2053263/pages/unit-1-conclusion?module_item_id=26885541
2053263,MTH-253,mod-mth-253-003-unit-2-week-2-and-week-3,3,Unit 2 - Week 2 and Week 3,mi-mth-253-26885542,26885542,22,Unit 2 - Overview,Page,obj-mth-253-page-unit-2-overview,page,unit-2-overview,00188-mth-253-module-item-unit-2-overview-sequences-and-series-mth-253z-400-u2026,captured,yes,task-00311-mth-253-prep-reading-unit-2-overview-sequences-and-series-mth-253z-400-u2026,prep_reading,candidate,prep_reading,prep_reading,medium,no,no,no,no,,redirected,module_item_has_task,,00010-mth-253-modules-course-modules-sequences-and-series-mth-253z-400-u2026,https://canvas.oregonstate.edu/courses/2053263/modules,https://canvas.oregonstate.edu/courses/2053263/pages/unit-2-overview?module_item_id=26885542
2053263,MTH-253,mod-mth-253-003-unit-2-week-2-and-week-3,3,Unit 2 - Week 2 and Week 3,mi-mth-253-26885543,26885543,23,Unit 2 - Learning Materials,Page,obj-mth-253-page-unit-2-learning-materials,page,unit-2-learning-materials,00189-mth-253-module-item-unit-2-learning-materials-sequences-and-series-mth-253z-400-u2026,captured,yes,task-00310-mth-253-prep-reading-unit-2-learning-materials-sequences-and-series-mth-253z-400-u2026,prep_reading,candidate,prep_reading,prep_reading|lecture_video,medium,no,no,no,no,,external_tool|redirected,module_item_has_task,,00010-mth-253-modules-course-modules-sequences-and-series-mth-253z-400-u2026,https://canvas.oregonstate.edu/courses/2053263/modules,https://canvas.oregonstate.edu/courses/2053263/pages/unit-2-learning-materials?module_item_id=26885543
2053263,MTH-253,mod-mth-253-003-unit-2-week-2-and-week-3,3,Unit 2 - Week 2 and Week 3,mi-mth-253-26885544,26885544,24,Unit 2 - Q&A Discussion Board (Optional),Discussion Topic,obj-mth-253-discussion-11558491,discussion,11558491,00190-mth-253-module-item-topic-unit-2-q-a-discussion-board-optional,captured,no,,,,reference,reference,medium,no,no,no,no,,redirected,module_item_reference_only,,00010-mth-253-modules-course-modules-sequences-and-series-mth-253z-400-u2026,https://canvas.oregonstate.edu/courses/2053263/modules,https://canvas.oregonstate.edu/courses/2053263/discussion_topics/11558491?module_item_id=26885544
2053263,MTH-253,mod-mth-253-003-unit-2-week-2-and-week-3,3,Unit 2 - Week 2 and Week 3,mi-mth-253-26885551,26885551,25,4,Context Module Sub Header,obj-mth-253-module-subheader-26885551,module_subheader,26885551,,structural_marker,no,,,,reference,reference,medium,no,no,no,no,,,module_item_reference_only,Object inferred from module item listing without captured destination page.,00010-mth-253-modules-course-modules-sequences-and-series-mth-253z-400-u2026,https://canvas.oregonstate.edu/courses/2053263/modules,
2053263,MTH-253,mod-mth-253-003-unit-2-week-2-and-week-3,3,Unit 2 - Week 2 and Week 3,mi-mth-253-26977767,26977767,26,Week 2 Web Homework: Sequences,Assignment,obj-mth-253-assignment-10584372,assignment,10584372,00191-mth-253-module-item-week-2-web-homework-sequences,captured,yes,task-00280-mth-253-graded-task-week-2-web-homework-sequences,graded_task,candidate,graded_task,graded_task|prep_reading,high,no,yes,no,no,,external_tool|redirected,module_item_has_task,,00010-mth-253-modules-course-modules-sequences-and-series-mth-253z-400-u2026,https://canvas.oregonstate.edu/courses/2053263/modules,https://canvas.oregonstate.edu/courses/2053263/assignments/10584372?module_item_id=26977767
2053263,MTH-253,mod-mth-253-003-unit-2-week-2-and-week-3,3,Unit 2 - Week 2 and Week 3,mi-mth-253-26885550,26885550,27,Unit 2 - Written Homework Assignment,Assignment,obj-mth-253-assignment-10553180,assignment,10553180,00192-mth-253-module-item-unit-2-written-homework-assignment,captured,yes,task-00274-mth-253-graded-task-unit-2-written-homework-assignment,graded_task,candidate,graded_task,graded_task|prep_reading,high,no,yes,no,no,,redirected,module_item_has_task,,00010-mth-253-modules-course-modules-sequences-and-series-mth-253z-400-u2026,https://canvas.oregonstate.edu/courses/2053263/modules,https://canvas.oregonstate.edu/courses/2053263/assignments/10553180?module_item_id=26885550
2053263,MTH-253,mod-mth-253-003-unit-2-week-2-and-week-3,3,Unit 2 - Week 2 and Week 3,mi-mth-253-26977769,26977769,28,Week 3 Web Homework: Introduction to Series,Assignment,obj-mth-253-assignment-10584373,assignment,10584373,00193-mth-253-module-item-week-3-web-homework-introduction-to-series,captured,yes,task-00281-mth-253-graded-task-week-3-web-homework-introduction-to-series,graded_task,candidate,graded_task,graded_task|prep_reading,high,no,yes,no,no,,external_tool|redirected,module_item_has_task,,00010-mth-253-modules-course-modules-sequences-and-series-mth-253z-400-u2026,https://canvas.oregonstate.edu/courses/2053263/modules,https://canvas.oregonstate.edu/courses/2053263/assignments/10584373?module_item_id=26977769
2053263,MTH-253,mod-mth-253-003-unit-2-week-2-and-week-3,3,Unit 2 - Week 2 and Week 3,mi-mth-253-26885552,26885552,29,Unit 2 Quiz,Quiz,obj-mth-253-quiz-3159592,quiz,3159592,00194-mth-253-module-item-unit-2-quiz-sequences-and-series-mth-253z-400-u2026,captured,yes,task-00319-mth-253-graded-task-unit-2-quiz-sequences-and-series-mth-253z-400-u2026,graded_task,candidate,graded_task,graded_task|critical_setup|prep_reading,high,no,no,no,no,,redirected,module_item_has_task,,00010-mth-253-modules-course-modules-sequences-and-series-mth-253z-400-u2026,https://canvas.oregonstate.edu/courses/2053263/modules,https://canvas.oregonstate.edu/courses/2053263/quizzes/3159592?module_item_id=26885552
2053263,MTH-253,mod-mth-253-003-unit-2-week-2-and-week-3,3,Unit 2 - Week 2 and Week 3,mi-mth-253-26885553,26885553,30,9,Context Module Sub Header,obj-mth-253-module-subheader-26885553,module_subheader,26885553,,structural_marker,no,,,,reference,reference,medium,no,no,no,no,,,module_item_reference_only,Object inferred from module item listing without captured destination page.,00010-mth-253-modules-course-modules-sequences-and-series-mth-253z-400-u2026,https://canvas.oregonstate.edu/courses/2053263/modules,
2053263,MTH-253,mod-mth-253-003-unit-2-week-2-and-week-3,3,Unit 2 - Week 2 and Week 3,mi-mth-253-26885554,26885554,31,Unit 2 - Conclusion,Page,obj-mth-253-page-unit-2-conclusion,page,unit-2-conclusion,00195-mth-253-module-item-unit-2-conclusion-sequences-and-series-mth-253z-400-u2026,captured,no,,,,reference,reference,medium,no,no,no,no,,redirected,module_item_reference_only,,00010-mth-253-modules-course-modules-sequences-and-series-mth-253z-400-u2026,https://canvas.oregonstate.edu/courses/2053263/modules,https://canvas.oregonstate.edu/courses/2053263/pages/unit-2-conclusion?module_item_id=26885554
2053263,MTH-253,mod-mth-253-004-unit-3-weeks-4-5-and-6,4,"Unit 3 - Weeks 4, 5, and 6",mi-mth-253-26885555,26885555,32,Unit 3 - Overview,Page,obj-mth-253-page-unit-3-overview,page,unit-3-overview,00196-mth-253-module-item-unit-3-overview-sequences-and-series-mth-253z-400-u2026,captured,yes,task-00313-mth-253-prep-reading-unit-3-overview-sequences-and-series-mth-253z-400-u2026,prep_reading,candidate,prep_reading,prep_reading,medium,no,no,no,no,,redirected,module_item_has_task,,00010-mth-253-modules-course-modules-sequences-and-series-mth-253z-400-u2026,https://canvas.oregonstate.edu/courses/2053263/modules,https://canvas.oregonstate.edu/courses/2053263/pages/unit-3-overview?module_item_id=26885555
2053263,MTH-253,mod-mth-253-004-unit-3-weeks-4-5-and-6,4,"Unit 3 - Weeks 4, 5, and 6",mi-mth-253-26885556,26885556,33,Unit 3 - Learning Materials,Page,obj-mth-253-page-unit-3-learning-materials,page,unit-3-learning-materials,00197-mth-253-module-item-unit-3-learning-materials-sequences-and-series-mth-253z-400-u2026,captured,yes,task-00312-mth-253-prep-reading-unit-3-learning-materials-sequences-and-series-mth-253z-400-u2026,prep_reading,candidate,prep_reading,prep_reading|lecture_video,medium,no,no,no,no,,external_tool|redirected,module_item_has_task,,00010-mth-253-modules-course-modules-sequences-and-series-mth-253z-400-u2026,https://canvas.oregonstate.edu/courses/2053263/modules,https://canvas.oregonstate.edu/courses/2053263/pages/unit-3-learning-materials?module_item_id=26885556
2053263,MTH-253,mod-mth-253-004-unit-3-weeks-4-5-and-6,4,"Unit 3 - Weeks 4, 5, and 6",mi-mth-253-26885557,26885557,34,Unit 3 - Q&A Discussion Board (Optional),Discussion Topic,obj-mth-253-discussion-11558492,discussion,11558492,00198-mth-253-module-item-topic-unit-3-q-a-discussion-board-optional,captured,no,,,,reference,reference,medium,no,no,no,no,,redirected,module_item_reference_only,,00010-mth-253-modules-course-modules-sequences-and-series-mth-253z-400-u2026,https://canvas.oregonstate.edu/courses/2053263/modules,https://canvas.oregonstate.edu/courses/2053263/discussion_topics/11558492?module_item_id=26885557
2053263,MTH-253,mod-mth-253-004-unit-3-weeks-4-5-and-6,4,"Unit 3 - Weeks 4, 5, and 6",mi-mth-253-26885564,26885564,35,4,Context Module Sub Header,obj-mth-253-module-subheader-26885564,module_subheader,26885564,,structural_marker,no,,,,reference,reference,medium,no,no,no,no,,,module_item_reference_only,Object inferred from module item listing without captured destination page.,00010-mth-253-modules-course-modules-sequences-and-series-mth-253z-400-u2026,https://canvas.oregonstate.edu/courses/2053263/modules,
2053263,MTH-253,mod-mth-253-004-unit-3-weeks-4-5-and-6,4,"Unit 3 - Weeks 4, 5, and 6",mi-mth-253-26977967,26977967,36,Week 4 Web Homework: The Divergence and Integral Tests,Assignment,obj-mth-253-assignment-10584431,assignment,10584431,00199-mth-253-module-item-week-4-web-homework-the-divergence-and-integral-tests,captured,yes,task-00282-mth-253-graded-task-week-4-web-homework-the-divergence-and-integral-tests,graded_task,candidate,graded_task,graded_task|prep_reading,high,no,yes,no,no,,external_tool|redirected,module_item_has_task,,00010-mth-253-modules-course-modules-sequences-and-series-mth-253z-400-u2026,https://canvas.oregonstate.edu/courses/2053263/modules,https://canvas.oregonstate.edu/courses/2053263/assignments/10584431?module_item_id=26977967
2053263,MTH-253,mod-mth-253-004-unit-3-weeks-4-5-and-6,4,"Unit 3 - Weeks 4, 5, and 6",mi-mth-253-26977977,26977977,37,Week 5 Web Homework: Comparison and Alternate Series Tests,Assignment,obj-mth-253-assignment-10584434,assignment,10584434,00200-mth-253-module-item-week-5-web-homework-comparison-and-alternate-series-tests,captured,yes,task-00283-mth-253-graded-task-week-5-web-homework-comparison-and-alternate-series-tests,graded_task,candidate,graded_task,graded_task|prep_reading,high,no,yes,no,no,,external_tool|redirected,module_item_has_task,,00010-mth-253-modules-course-modules-sequences-and-series-mth-253z-400-u2026,https://canvas.oregonstate.edu/courses/2053263/modules,https://canvas.oregonstate.edu/courses/2053263/assignments/10584434?module_item_id=26977977
2053263,MTH-253,mod-mth-253-004-unit-3-weeks-4-5-and-6,4,"Unit 3 - Weeks 4, 5, and 6",mi-mth-253-26885558,26885558,38,Unit 3 Discussion Board - Submitted in Week 6 (Required),Discussion Topic,obj-mth-253-discussion-11558497,discussion,11558497,00201-mth-253-module-item-topic-unit-3-discussion-board-submitted-in-week-6-required,captured,yes,task-00290-mth-253-graded-task-topic-unit-3-discussion-board-submitted-in-week-6-required,graded_task,candidate,graded_task,graded_task,high,no,no,no,no,,redirected,module_item_has_task,,00010-mth-253-modules-course-modules-sequences-and-series-mth-253z-400-u2026,https://canvas.oregonstate.edu/courses/2053263/modules,https://canvas.oregonstate.edu/courses/2053263/discussion_topics/11558497?module_item_id=26885558
2053263,MTH-253,mod-mth-253-004-unit-3-weeks-4-5-and-6,4,"Unit 3 - Weeks 4, 5, and 6",mi-mth-253-26885565,26885565,39,Unit 3 - Written Homework Assignment,Assignment,obj-mth-253-assignment-10553181,assignment,10553181,00202-mth-253-module-item-unit-3-written-homework-assignment,captured,yes,task-00275-mth-253-graded-task-unit-3-written-homework-assignment,graded_task,candidate,graded_task,graded_task|prep_reading,high,no,yes,no,no,,external_tool|redirected,module_item_has_task,,00010-mth-253-modules-course-modules-sequences-and-series-mth-253z-400-u2026,https://canvas.oregonstate.edu/courses/2053263/modules,https://canvas.oregonstate.edu/courses/2053263/assignments/10553181?module_item_id=26885565
2053263,MTH-253,mod-mth-253-004-unit-3-weeks-4-5-and-6,4,"Unit 3 - Weeks 4, 5, and 6",mi-mth-253-26977980,26977980,40,Week 6 Web Homework: Ratio and Root Tests,Assignment,obj-mth-253-assignment-10584435,assignment,10584435,00203-mth-253-module-item-week-6-web-homework-ratio-and-root-tests,captured,yes,task-00284-mth-253-graded-task-week-6-web-homework-ratio-and-root-tests,graded_task,candidate,graded_task,graded_task|prep_reading,high,no,yes,no,no,,external_tool|redirected,module_item_has_task,,00010-mth-253-modules-course-modules-sequences-and-series-mth-253z-400-u2026,https://canvas.oregonstate.edu/courses/2053263/modules,https://canvas.oregonstate.edu/courses/2053263/assignments/10584435?module_item_id=26977980
2053263,MTH-253,mod-mth-253-004-unit-3-weeks-4-5-and-6,4,"Unit 3 - Weeks 4, 5, and 6",mi-mth-253-26885567,26885567,41,Unit 3 Quiz,Quiz,obj-mth-253-quiz-3159589,quiz,3159589,00204-mth-253-module-item-unit-3-quiz-sequences-and-series-mth-253z-400-u2026,captured,yes,task-00320-mth-253-graded-task-unit-3-quiz-sequences-and-series-mth-253z-400-u2026,graded_task,candidate,graded_task,graded_task,high,no,no,no,no,,redirected,module_item_has_task,,00010-mth-253-modules-course-modules-sequences-and-series-mth-253z-400-u2026,https://canvas.oregonstate.edu/courses/2053263/modules,https://canvas.oregonstate.edu/courses/2053263/quizzes/3159589?module_item_id=26885567
2053263,MTH-253,mod-mth-253-004-unit-3-weeks-4-5-and-6,4,"Unit 3 - Weeks 4, 5, and 6",mi-mth-253-26885568,26885568,42,11,Context Module Sub Header,obj-mth-253-module-subheader-26885568,module_subheader,26885568,,structural_marker,no,,,,reference,reference,medium,no,no,no,no,,,module_item_reference_only,Object inferred from module item listing without captured destination page.,00010-mth-253-modules-course-modules-sequences-and-series-mth-253z-400-u2026,https://canvas.oregonstate.edu/courses/2053263/modules,
2053263,MTH-253,mod-mth-253-005-unit-4-weeks-7-8-and-9,5,"Unit 4 - Weeks 7, 8, and 9",mi-mth-253-26885570,26885570,43,Unit 4 - Overview,Page,obj-mth-253-page-unit-4-overview,page,unit-4-overview,00205-mth-253-module-item-unit-4-overview-sequences-and-series-mth-253z-400-u2026,captured,yes,task-00314-mth-253-prep-reading-unit-4-overview-sequences-and-series-mth-253z-400-u2026,prep_reading,candidate,prep_reading,prep_reading,medium,no,no,no,no,,redirected,module_item_has_task,,00010-mth-253-modules-course-modules-sequences-and-series-mth-253z-400-u2026,https://canvas.oregonstate.edu/courses/2053263/modules,https://canvas.oregonstate.edu/courses/2053263/pages/unit-4-overview?module_item_id=26885570
2053263,MTH-253,mod-mth-253-005-unit-4-weeks-7-8-and-9,5,"Unit 4 - Weeks 7, 8, and 9",mi-mth-253-26885572,26885572,44,Unit 4 - Q&A Discussion Board (Optional),Discussion Topic,obj-mth-253-discussion-11558493,discussion,11558493,00206-mth-253-module-item-topic-unit-4-q-a-discussion-board-optional,captured,no,,,,reference,reference,medium,no,no,no,no,,redirected,module_item_reference_only,,00010-mth-253-modules-course-modules-sequences-and-series-mth-253z-400-u2026,https://canvas.oregonstate.edu/courses/2053263/modules,https://canvas.oregonstate.edu/courses/2053263/discussion_topics/11558493?module_item_id=26885572
2053263,MTH-253,mod-mth-253-005-unit-4-weeks-7-8-and-9,5,"Unit 4 - Weeks 7, 8, and 9",mi-mth-253-26885574,26885574,45,4,Context Module Sub Header,obj-mth-253-module-subheader-26885574,module_subheader,26885574,,structural_marker,no,,,,reference,reference,medium,no,no,no,no,,,module_item_reference_only,Object inferred from module item listing without captured destination page.,00010-mth-253-modules-course-modules-sequences-and-series-mth-253z-400-u2026,https://canvas.oregonstate.edu/courses/2053263/modules,
2053263,MTH-253,mod-mth-253-005-unit-4-weeks-7-8-and-9,5,"Unit 4 - Weeks 7, 8, and 9",mi-mth-253-26977982,26977982,46,Week 7 Web Homework: Power Series and Functions,Assignment,obj-mth-253-assignment-10584436,assignment,10584436,00207-mth-253-module-item-week-7-web-homework-power-series-and-functions,captured,yes,task-00285-mth-253-graded-task-week-7-web-homework-power-series-and-functions,graded_task,candidate,graded_task,graded_task|prep_reading,high,no,yes,no,no,,external_tool|redirected,module_item_has_task,,00010-mth-253-modules-course-modules-sequences-and-series-mth-253z-400-u2026,https://canvas.oregonstate.edu/courses/2053263/modules,https://canvas.oregonstate.edu/courses/2053263/assignments/10584436?module_item_id=26977982
2053263,MTH-253,mod-mth-253-005-unit-4-weeks-7-8-and-9,5,"Unit 4 - Weeks 7, 8, and 9",mi-mth-253-26977985,26977985,47,Week 8 Web Homework Taylor and Maclaurin Series,Assignment,obj-mth-253-assignment-10584437,assignment,10584437,00208-mth-253-module-item-week-8-web-homework-taylor-and-maclaurin-series,captured,yes,task-00286-mth-253-graded-task-week-8-web-homework-taylor-and-maclaurin-series,graded_task,candidate,graded_task,graded_task|prep_reading,high,no,yes,no,no,,external_tool|redirected,module_item_has_task,,00010-mth-253-modules-course-modules-sequences-and-series-mth-253z-400-u2026,https://canvas.oregonstate.edu/courses/2053263/modules,https://canvas.oregonstate.edu/courses/2053263/assignments/10584437?module_item_id=26977985
2053263,MTH-253,mod-mth-253-005-unit-4-weeks-7-8-and-9,5,"Unit 4 - Weeks 7, 8, and 9",mi-mth-253-26885573,26885573,48,Unit 4 Discussion Board - Submitted in Week 9 (Required),Discussion Topic,obj-mth-253-discussion-11558496,discussion,11558496,00209-mth-253-module-item-topic-unit-4-discussion-board-submitted-in-week-9-required,captured,yes,task-00291-mth-253-graded-task-topic-unit-4-discussion-board-submitted-in-week-9-required,graded_task,candidate,graded_task,graded_task,high,no,no,no,no,,redirected,module_item_has_task,,00010-mth-253-modules-course-modules-sequences-and-series-mth-253z-400-u2026,https://canvas.oregonstate.edu/courses/2053263/modules,https://canvas.oregonstate.edu/courses/2053263/discussion_topics/11558496?module_item_id=26885573
2053263,MTH-253,mod-mth-253-005-unit-4-weeks-7-8-and-9,5,"Unit 4 - Weeks 7, 8, and 9",mi-mth-253-26885582,26885582,49,Unit 4 Quiz,Quiz,obj-mth-253-quiz-3159590,quiz,3159590,00210-mth-253-module-item-unit-4-quiz-sequences-and-series-mth-253z-400-u2026,captured,yes,task-00321-mth-253-graded-task-unit-4-quiz-sequences-and-series-mth-253z-400-u2026,graded_task,candidate,graded_task,graded_task,high,no,no,no,no,,redirected,module_item_has_task,,00010-mth-253-modules-course-modules-sequences-and-series-mth-253z-400-u2026,https://canvas.oregonstate.edu/courses/2053263/modules,https://canvas.oregonstate.edu/courses/2053263/quizzes/3159590?module_item_id=26885582
2053263,MTH-253,mod-mth-253-005-unit-4-weeks-7-8-and-9,5,"Unit 4 - Weeks 7, 8, and 9",mi-mth-253-26885580,26885580,50,Unit 4 - Written Homework Assignment,Assignment,obj-mth-253-assignment-10553182,assignment,10553182,00211-mth-253-module-item-unit-4-written-homework-assignment,captured,yes,task-00276-mth-253-graded-task-unit-4-written-homework-assignment,graded_task,candidate,graded_task,graded_task|prep_reading,high,no,yes,no,no,,redirected,module_item_has_task,,00010-mth-253-modules-course-modules-sequences-and-series-mth-253z-400-u2026,https://canvas.oregonstate.edu/courses/2053263/modules,https://canvas.oregonstate.edu/courses/2053263/assignments/10553182?module_item_id=26885580
2053263,MTH-253,mod-mth-253-005-unit-4-weeks-7-8-and-9,5,"Unit 4 - Weeks 7, 8, and 9",mi-mth-253-26977987,26977987,51,Week 9 Web Homework: Properties of Power Series,Assignment,obj-mth-253-assignment-10584438,assignment,10584438,00212-mth-253-module-item-week-9-web-homework-properties-of-power-series,captured,yes,task-00287-mth-253-graded-task-week-9-web-homework-properties-of-power-series,graded_task,candidate,graded_task,graded_task|prep_reading,high,no,yes,no,no,,external_tool|redirected,module_item_has_task,,00010-mth-253-modules-course-modules-sequences-and-series-mth-253z-400-u2026,https://canvas.oregonstate.edu/courses/2053263/modules,https://canvas.oregonstate.edu/courses/2053263/assignments/10584438?module_item_id=26977987
2053263,MTH-253,mod-mth-253-005-unit-4-weeks-7-8-and-9,5,"Unit 4 - Weeks 7, 8, and 9",mi-mth-253-26885583,26885583,52,11,Context Module Sub Header,obj-mth-253-module-subheader-26885583,module_subheader,26885583,,structural_marker,no,,,,reference,reference,medium,no,no,no,no,,,module_item_reference_only,Object inferred from module item listing without captured destination page.,00010-mth-253-modules-course-modules-sequences-and-series-mth-253z-400-u2026,https://canvas.oregonstate.edu/courses/2053263/modules,
2053263,MTH-253,mod-mth-253-006-unit-5-covers-week-10,6,Unit 5 - Covers Week 10,mi-mth-253-26885585,26885585,53,Unit 5 - Overview,Page,obj-mth-253-page-unit-5-overview,page,unit-5-overview,00213-mth-253-module-item-unit-5-overview-sequences-and-series-mth-253z-400-u2026,captured,yes,task-00315-mth-253-prep-reading-unit-5-overview-sequences-and-series-mth-253z-400-u2026,prep_reading,candidate,prep_reading,prep_reading,medium,no,no,no,no,,redirected,module_item_has_task,,00010-mth-253-modules-course-modules-sequences-and-series-mth-253z-400-u2026,https://canvas.oregonstate.edu/courses/2053263/modules,https://canvas.oregonstate.edu/courses/2053263/pages/unit-5-overview?module_item_id=26885585
2053263,MTH-253,mod-mth-253-006-unit-5-covers-week-10,6,Unit 5 - Covers Week 10,mi-mth-253-26885587,26885587,54,Unit 5 - Q&A Discussion Board (Optional),Discussion Topic,obj-mth-253-discussion-11558494,discussion,11558494,00214-mth-253-module-item-topic-unit-5-q-a-discussion-board-optional,captured,no,,,,reference,reference,medium,no,no,no,no,,redirected,module_item_reference_only,,00010-mth-253-modules-course-modules-sequences-and-series-mth-253z-400-u2026,https://canvas.oregonstate.edu/courses/2053263/modules,https://canvas.oregonstate.edu/courses/2053263/discussion_topics/11558494?module_item_id=26885587
2053263,MTH-253,mod-mth-253-006-unit-5-covers-week-10,6,Unit 5 - Covers Week 10,mi-mth-253-26885593,26885593,55,4,Context Module Sub Header,obj-mth-253-module-subheader-26885593,module_subheader,26885593,,structural_marker,no,,,,reference,reference,medium,no,no,no,no,,,module_item_reference_only,Object inferred from module item listing without captured destination page.,00010-mth-253-modules-course-modules-sequences-and-series-mth-253z-400-u2026,https://canvas.oregonstate.edu/courses/2053263/modules,
2053263,MTH-253,mod-mth-253-006-unit-5-covers-week-10,6,Unit 5 - Covers Week 10,mi-mth-253-26885592,26885592,56,Unit 5 - Written Homework Assignment,Assignment,obj-mth-253-assignment-10553183,assignment,10553183,00215-mth-253-module-item-unit-5-written-homework-assignment,captured,yes,task-00277-mth-253-graded-task-unit-5-written-homework-assignment,graded_task,candidate,graded_task,graded_task|prep_reading,high,no,yes,no,no,,redirected,module_item_has_task,,00010-mth-253-modules-course-modules-sequences-and-series-mth-253z-400-u2026,https://canvas.oregonstate.edu/courses/2053263/modules,https://canvas.oregonstate.edu/courses/2053263/assignments/10553183?module_item_id=26885592
2053263,MTH-253,mod-mth-253-006-unit-5-covers-week-10,6,Unit 5 - Covers Week 10,mi-mth-253-26977989,26977989,57,Week 10 Web Homework: Working with Taylor Series,Assignment,obj-mth-253-assignment-10584439,assignment,10584439,00216-mth-253-module-item-week-10-web-homework-working-with-taylor-series,captured,yes,task-00279-mth-253-graded-task-week-10-web-homework-working-with-taylor-series,graded_task,candidate,graded_task,graded_task|prep_reading,high,no,yes,no,no,,external_tool|redirected,module_item_has_task,,00010-mth-253-modules-course-modules-sequences-and-series-mth-253z-400-u2026,https://canvas.oregonstate.edu/courses/2053263/modules,https://canvas.oregonstate.edu/courses/2053263/assignments/10584439?module_item_id=26977989
2053263,MTH-253,mod-mth-253-006-unit-5-covers-week-10,6,Unit 5 - Covers Week 10,mi-mth-253-26885591,26885591,58,7,Context Module Sub Header,obj-mth-253-module-subheader-26885591,module_subheader,26885591,,structural_marker,no,,,,reference,reference,medium,no,no,no,no,,,module_item_reference_only,Object inferred from module item listing without captured destination page.,00010-mth-253-modules-course-modules-sequences-and-series-mth-253z-400-u2026,https://canvas.oregonstate.edu/courses/2053263/modules,
2053263,MTH-253,mod-mth-253-006-unit-5-covers-week-10,6,Unit 5 - Covers Week 10,mi-mth-253-26885594,26885594,59,Reminder: No unit quiz due in this module. 8,Context Module Sub Header,obj-mth-253-module-subheader-26885594,module_subheader,26885594,,structural_marker,no,,,,reference,reference,medium,no,no,no,no,,,module_item_reference_only,Object inferred from module item listing without captured destination page.,00010-mth-253-modules-course-modules-sequences-and-series-mth-253z-400-u2026,https://canvas.oregonstate.edu/courses/2053263/modules,
2053263,MTH-253,mod-mth-253-006-unit-5-covers-week-10,6,Unit 5 - Covers Week 10,mi-mth-253-26885588,26885588,60,9,Context Module Sub Header,obj-mth-253-module-subheader-26885588,module_subheader,26885588,,structural_marker,no,,,,reference,reference,medium,no,no,no,no,,,module_item_reference_only,Object inferred from module item listing without captured destination page.,00010-mth-253-modules-course-modules-sequences-and-series-mth-253z-400-u2026,https://canvas.oregonstate.edu/courses/2053263/modules,
2053263,MTH-253,mod-mth-253-007-finals-week,7,Finals Week,mi-mth-253-26885596,26885596,61,Week 11 - Overview,Page,obj-mth-253-page-week-11-overview,page,week-11-overview,00217-mth-253-module-item-week-11-overview-sequences-and-series-mth-253z-400-u2026,captured,no,,,,reference,reference,medium,no,no,no,no,,redirected,module_item_reference_only,,00010-mth-253-modules-course-modules-sequences-and-series-mth-253z-400-u2026,https://canvas.oregonstate.edu/courses/2053263/modules,https://canvas.oregonstate.edu/courses/2053263/pages/week-11-overview?module_item_id=26885596
2053263,MTH-253,mod-mth-253-007-finals-week,7,Finals Week,mi-mth-253-26885597,26885597,62,Preparing for your Final Exam - Q&A Discussion Board (Optional),Discussion Topic,obj-mth-253-discussion-11558495,discussion,11558495,00218-mth-253-module-item-topic-preparing-for-your-final-exam-q-a-discussion-board-optional,captured,no,,,,reference,reference,medium,no,no,no,no,,redirected,module_item_reference_only,,00010-mth-253-modules-course-modules-sequences-and-series-mth-253z-400-u2026,https://canvas.oregonstate.edu/courses/2053263/modules,https://canvas.oregonstate.edu/courses/2053263/discussion_topics/11558495?module_item_id=26885597
2053263,MTH-253,mod-mth-253-007-finals-week,7,Finals Week,mi-mth-253-26885598,26885598,63,MTH 253 - Final Exam Practice Problems.pdf,Attachment,obj-mth-253-file-118558956,file,118558956,00219-mth-253-module-item-mth-253-final-exam-practice-problems-pdf-sequences-and-series-mth-253z-400-u2026,captured,yes,task-00303-mth-253-prep-reading-mth-253-final-exam-practice-problems-pdf-sequences-and-series-mth-253z-400-u2026,prep_reading,candidate,prep_reading,prep_reading|file_reference,medium,no,no,no,no,,redirected,module_item_has_task,,00010-mth-253-modules-course-modules-sequences-and-series-mth-253z-400-u2026,https://canvas.oregonstate.edu/courses/2053263/modules,https://canvas.oregonstate.edu/courses/2053263/files/118558956?module_item_id=26885598
2053263,MTH-253,mod-mth-253-007-finals-week,7,Finals Week,mi-mth-253-26885599,26885599,64,MTH 253 - Final Exam Practice Problems - Answers.pdf,Attachment,obj-mth-253-file-118558944,file,118558944,00220-mth-253-module-item-mth-253-final-exam-practice-problems-answers-pdf-sequences-and-series-mth-253z-400-u2026,captured,yes,task-00302-mth-253-prep-reading-mth-253-final-exam-practice-problems-answers-pdf-sequences-and-series-mth-253z-4,prep_reading,candidate,prep_reading,prep_reading|file_reference,medium,no,no,no,no,,redirected,module_item_has_task,,00010-mth-253-modules-course-modules-sequences-and-series-mth-253z-400-u2026,https://canvas.oregonstate.edu/courses/2053263/modules,https://canvas.oregonstate.edu/courses/2053263/files/118558944?module_item_id=26885599
2053263,MTH-253,mod-mth-253-007-finals-week,7,Finals Week,mi-mth-253-26885600,26885600,65,5,Context Module Sub Header,obj-mth-253-module-subheader-26885600,module_subheader,26885600,,structural_marker,no,,,,reference,reference,medium,no,no,no,no,,,module_item_reference_only,Object inferred from module item listing without captured destination page.,00010-mth-253-modules-course-modules-sequences-and-series-mth-253z-400-u2026,https://canvas.oregonstate.edu/courses/2053263/modules,
2053263,MTH-253,mod-mth-253-007-finals-week,7,Finals Week,mi-mth-253-26885601,26885601,66,Final Exam,Quiz,obj-mth-253-quiz-3159588,quiz,3159588,00221-mth-253-module-item-final-exam-sequences-and-series-mth-253z-400-u2026,captured,yes,task-00316-mth-253-graded-task-final-exam-sequences-and-series-mth-253z-400-u2026,graded_task,candidate,graded_task,graded_task,high,no,no,no,no,,redirected,module_item_has_task,,00010-mth-253-modules-course-modules-sequences-and-series-mth-253z-400-u2026,https://canvas.oregonstate.edu/courses/2053263/modules,https://canvas.oregonstate.edu/courses/2053263/quizzes/3159588?module_item_id=26885601
2053263,MTH-253,mod-mth-253-007-finals-week,7,Finals Week,mi-mth-253-26885602,26885602,67,7,Context Module Sub Header,obj-mth-253-module-subheader-26885602,module_subheader,26885602,,structural_marker,no,,,,reference,reference,medium,no,no,no,no,,,module_item_reference_only,Object inferred from module item listing without captured destination page.,00010-mth-253-modules-course-modules-sequences-and-series-mth-253z-400-u2026,https://canvas.oregonstate.edu/courses/2053263/modules,
2053526,PHY-212,mod-phy-212-001-start-here,1,Start Here,mi-phy-212-26896930,26896930,1,Start Here - Overview,Page,obj-phy-212-page-start-here-overview,page,start-here-overview,00264-phy-212-module-item-start-here-overview-general-physics-with-calculus-ph-212-400-u2026,captured,no,,,,reference,reference,medium,no,no,no,no,,external_tool|redirected,module_item_reference_only,,00018-phy-212-modules-course-modules-general-physics-with-calculus-ph-212-400-u2026,https://canvas.oregonstate.edu/courses/2053526/modules,https://canvas.oregonstate.edu/courses/2053526/pages/start-here-overview?module_item_id=26896930
2053526,PHY-212,mod-phy-212-001-start-here,1,Start Here,mi-phy-212-26896931,26896931,2,Instructor Information & Communication Policy,Page,obj-phy-212-page-instructor-information-and-communication-policy,page,instructor-information-and-communication-policy,00265-phy-212-module-item-instructor-information-communication-policy-general-physics-with-calculus-ph-212-400-u2026,captured,no,,,,admin_policy,admin_policy,medium,no,no,no,no,,redirected,module_item_reference_only,,00018-phy-212-modules-course-modules-general-physics-with-calculus-ph-212-400-u2026,https://canvas.oregonstate.edu/courses/2053526/modules,https://canvas.oregonstate.edu/courses/2053526/pages/instructor-information-and-communication-policy?module_item_id=26896931
2053526,PHY-212,mod-phy-212-001-start-here,1,Start Here,mi-phy-212-26896932,26896932,3,Where to go for help?,Page,obj-phy-212-page-where-to-go-for-help,page,where-to-go-for-help,00266-phy-212-module-item-where-to-go-for-help-general-physics-with-calculus-ph-212-400-u2026,captured,no,,,,admin_policy,admin_policy,medium,no,no,no,no,,redirected,module_item_reference_only,,00018-phy-212-modules-course-modules-general-physics-with-calculus-ph-212-400-u2026,https://canvas.oregonstate.edu/courses/2053526/modules,https://canvas.oregonstate.edu/courses/2053526/pages/where-to-go-for-help?module_item_id=26896932
2053526,PHY-212,mod-phy-212-001-start-here,1,Start Here,mi-phy-212-26896933,26896933,4,Accessibility Statements & Privacy Policies,Page,obj-phy-212-page-accessibility-statements-and-privacy-policies,page,accessibility-statements-and-privacy-policies,00267-phy-212-module-item-accessibility-statements-privacy-policies-general-physics-with-calculus-ph-212-400-u2026,captured,no,,,,admin_policy,admin_policy,medium,no,no,no,no,,redirected,module_item_reference_only,,00018-phy-212-modules-course-modules-general-physics-with-calculus-ph-212-400-u2026,https://canvas.oregonstate.edu/courses/2053526/modules,https://canvas.oregonstate.edu/courses/2053526/pages/accessibility-statements-and-privacy-policies?module_item_id=26896933
2053526,PHY-212,mod-phy-212-001-start-here,1,Start Here,mi-phy-212-26896934,26896934,5,Sources Cited,Page,obj-phy-212-page-sources-cited,page,sources-cited,00268-phy-212-module-item-sources-cited-general-physics-with-calculus-ph-212-400-u2026,captured,yes,task-00424-phy-212-critical-setup-sources-cited-general-physics-with-calculus-ph-212-400-u2026,critical_setup,candidate,critical_setup,critical_setup,high,no,no,no,no,,redirected,module_item_has_task,,00018-phy-212-modules-course-modules-general-physics-with-calculus-ph-212-400-u2026,https://canvas.oregonstate.edu/courses/2053526/modules,https://canvas.oregonstate.edu/courses/2053526/pages/sources-cited?module_item_id=26896934
2053526,PHY-212,mod-phy-212-001-start-here,1,Start Here,mi-phy-212-26896935,26896935,6,Start Here - Conclusion,Page,obj-phy-212-page-start-here-conclusion,page,start-here-conclusion,00269-phy-212-module-item-start-here-conclusion-general-physics-with-calculus-ph-212-400-u2026,captured,no,,,,reference,reference,medium,no,no,no,no,,redirected,module_item_reference_only,,00018-phy-212-modules-course-modules-general-physics-with-calculus-ph-212-400-u2026,https://canvas.oregonstate.edu/courses/2053526/modules,https://canvas.oregonstate.edu/courses/2053526/pages/start-here-conclusion?module_item_id=26896935
2053526,PHY-212,mod-phy-212-002-course-information,2,Course information,mi-phy-212-26896936,26896936,7,General information,Page,obj-phy-212-page-general-information,page,general-information,00270-phy-212-module-item-general-information-general-physics-with-calculus-ph-212-400-u2026,captured,no,,,,reference,reference,medium,no,no,no,no,,redirected,module_item_reference_only,,00018-phy-212-modules-course-modules-general-physics-with-calculus-ph-212-400-u2026,https://canvas.oregonstate.edu/courses/2053526/modules,https://canvas.oregonstate.edu/courses/2053526/pages/general-information?module_item_id=26896936
2053526,PHY-212,mod-phy-212-002-course-information,2,Course information,mi-phy-212-26992777,26992777,8,Syllabus,Attachment,obj-phy-212-file-119369072,file,119369072,00271-phy-212-module-item-syllabus-u2026-pdf-general-physics-with-calculus-ph-212-400-u2026,captured,yes,task-00386-phy-212-critical-setup-syllabus-u2026-pdf-general-physics-with-calculus-ph-212-400-u2026,critical_setup,candidate,critical_setup,critical_setup|file_reference,high,no,no,no,no,,redirected,module_item_has_task,,00018-phy-212-modules-course-modules-general-physics-with-calculus-ph-212-400-u2026,https://canvas.oregonstate.edu/courses/2053526/modules,https://canvas.oregonstate.edu/courses/2053526/files/119369072?module_item_id=26992777
2053526,PHY-212,mod-phy-212-002-course-information,2,Course information,mi-phy-212-26896938,26896938,9,Zoom info,Page,obj-phy-212-page-zoom-info,page,zoom-info,00272-phy-212-module-item-zoom-info-general-physics-with-calculus-ph-212-400-u2026,captured,no,,,,reference,reference,medium,no,no,no,no,,redirected,module_item_reference_only,,00018-phy-212-modules-course-modules-general-physics-with-calculus-ph-212-400-u2026,https://canvas.oregonstate.edu/courses/2053526/modules,https://canvas.oregonstate.edu/courses/2053526/pages/zoom-info?module_item_id=26896938
2053526,PHY-212,mod-phy-212-002-course-information,2,Course information,mi-phy-212-26896939,26896939,10,Announcements,Page,obj-phy-212-page-announcements,page,announcements,00273-phy-212-module-item-announcements-general-physics-with-calculus-ph-212-400-u2026,captured,no,,,,reference,reference,medium,no,no,no,no,,redirected,module_item_reference_only,,00018-phy-212-modules-course-modules-general-physics-with-calculus-ph-212-400-u2026,https://canvas.oregonstate.edu/courses/2053526/modules,https://canvas.oregonstate.edu/courses/2053526/pages/announcements?module_item_id=26896939
2053526,PHY-212,mod-phy-212-002-course-information,2,Course information,mi-phy-212-26896940,26896940,11,TA Info & Scheduler,Page,obj-phy-212-page-ta-info-and-scheduler,page,ta-info-and-scheduler,00274-phy-212-module-item-ta-info-scheduler-general-physics-with-calculus-ph-212-400-u2026,captured,no,,,,reference,reference,medium,no,no,no,no,,redirected,module_item_reference_only,,00018-phy-212-modules-course-modules-general-physics-with-calculus-ph-212-400-u2026,https://canvas.oregonstate.edu/courses/2053526/modules,https://canvas.oregonstate.edu/courses/2053526/pages/ta-info-and-scheduler?module_item_id=26896940
2053526,PHY-212,mod-phy-212-002-course-information,2,Course information,mi-phy-212-27007746,27007746,12,About Lab Structure and TA Meetings,Attachment,obj-phy-212-file-119307451,file,119307451,00275-phy-212-module-item-lab-structure-and-ta-meetings-pdf-general-physics-with-calculus-ph-212-400-u2026,captured,no,,,,file_reference,file_reference,medium,no,no,no,no,,redirected,module_item_reference_only,,00018-phy-212-modules-course-modules-general-physics-with-calculus-ph-212-400-u2026,https://canvas.oregonstate.edu/courses/2053526/modules,https://canvas.oregonstate.edu/courses/2053526/files/119307451?module_item_id=27007746
2053526,PHY-212,mod-phy-212-002-course-information,2,Course information,mi-phy-212-26896941,26896941,13,Course webpages,Page,obj-phy-212-page-course-webpages,page,course-webpages,00276-phy-212-module-item-course-webpages-general-physics-with-calculus-ph-212-400-u2026,captured,no,,,,reference,reference,medium,no,no,no,no,,redirected,module_item_reference_only,,00018-phy-212-modules-course-modules-general-physics-with-calculus-ph-212-400-u2026,https://canvas.oregonstate.edu/courses/2053526/modules,https://canvas.oregonstate.edu/courses/2053526/pages/course-webpages?module_item_id=26896941
2053526,PHY-212,mod-phy-212-002-course-information,2,Course information,mi-phy-212-26992779,26992779,14,Get your PH 211 Course Materials!,Page,obj-phy-212-page-get-your-ph-211-course-materials-2,page,get-your-ph-211-course-materials-2,00277-phy-212-module-item-get-your-ph-211-course-materials-general-physics-with-calculus-ph-212-400-u2026,captured,yes,task-00390-phy-212-critical-setup-get-your-ph-211-course-materials-general-physics-with-calculus-ph-212-400-u2026,critical_setup,candidate,critical_setup,critical_setup|prep_reading,high,no,no,no,no,,redirected,module_item_has_task,,00018-phy-212-modules-course-modules-general-physics-with-calculus-ph-212-400-u2026,https://canvas.oregonstate.edu/courses/2053526/modules,https://canvas.oregonstate.edu/courses/2053526/pages/get-your-ph-211-course-materials-2?module_item_id=26992779
2053526,PHY-212,mod-phy-212-002-course-information,2,Course information,mi-phy-212-26896942,26896942,15,Pre-lecture partial credit,Page,obj-phy-212-page-pre-lecture-partial-credit,page,pre-lecture-partial-credit,00278-phy-212-module-item-pre-lecture-partial-credit-general-physics-with-calculus-ph-212-400-u2026,captured,no,,,,reference,reference,medium,no,no,no,no,,redirected,module_item_reference_only,,00018-phy-212-modules-course-modules-general-physics-with-calculus-ph-212-400-u2026,https://canvas.oregonstate.edu/courses/2053526/modules,https://canvas.oregonstate.edu/courses/2053526/pages/pre-lecture-partial-credit?module_item_id=26896942
2053526,PHY-212,mod-phy-212-002-course-information,2,Course information,mi-phy-212-26896944,26896944,16,Virtual Wormhole - Getting assistance,Page,obj-phy-212-page-virtual-wormhole-getting-assistance,page,virtual-wormhole-getting-assistance,00279-phy-212-module-item-virtual-wormhole-getting-assistance-general-physics-with-calculus-ph-212-400-u2026,captured,no,,,,reference,reference,medium,no,no,no,no,,redirected,module_item_reference_only,,00018-phy-212-modules-course-modules-general-physics-with-calculus-ph-212-400-u2026,https://canvas.oregonstate.edu/courses/2053526/modules,https://canvas.oregonstate.edu/courses/2053526/pages/virtual-wormhole-getting-assistance?module_item_id=26896944
2053526,PHY-212,mod-phy-212-002-course-information,2,Course information,mi-phy-212-26896945,26896945,17,Scanned text on reserve at library,Page,obj-phy-212-page-scanned-text-on-reserve-at-library,page,scanned-text-on-reserve-at-library,00280-phy-212-module-item-scanned-text-on-reserve-at-library-general-physics-with-calculus-ph-212-400-u2026,captured,yes,task-00421-phy-212-critical-setup-scanned-text-on-reserve-at-library-general-physics-with-calculus-ph-212-400-u202,critical_setup,candidate,critical_setup,critical_setup,high,no,no,no,no,,redirected,module_item_has_task,,00018-phy-212-modules-course-modules-general-physics-with-calculus-ph-212-400-u2026,https://canvas.oregonstate.edu/courses/2053526/modules,https://canvas.oregonstate.edu/courses/2053526/pages/scanned-text-on-reserve-at-library?module_item_id=26896945
2053526,PHY-212,mod-phy-212-002-course-information,2,Course information,mi-phy-212-26896946,26896946,18,Gradescope,Page,obj-phy-212-page-gradescope,page,gradescope,00281-phy-212-module-item-gradescope-general-physics-with-calculus-ph-212-400-u2026,captured,yes,task-00391-phy-212-critical-setup-gradescope-general-physics-with-calculus-ph-212-400-u2026,critical_setup,candidate,critical_setup,critical_setup|lecture_video,high,no,no,no,no,,redirected,module_item_has_task,,00018-phy-212-modules-course-modules-general-physics-with-calculus-ph-212-400-u2026,https://canvas.oregonstate.edu/courses/2053526/modules,https://canvas.oregonstate.edu/courses/2053526/pages/gradescope?module_item_id=26896946
2053526,PHY-212,mod-phy-212-002-course-information,2,Course information,mi-phy-212-26896947,26896947,19,Proctorio setup and troubleshooting,Page,obj-phy-212-page-proctorio-setup-and-troubleshooting,page,proctorio-setup-and-troubleshooting,00282-phy-212-module-item-proctorio-setup-and-troubleshooting-general-physics-with-calculus-ph-212-400-u2026,captured,yes,task-00420-phy-212-critical-setup-proctorio-setup-and-troubleshooting-general-physics-with-calculus-ph-212-400-u20,critical_setup,candidate,critical_setup,critical_setup,high,no,no,no,no,,redirected,module_item_has_task,,00018-phy-212-modules-course-modules-general-physics-with-calculus-ph-212-400-u2026,https://canvas.oregonstate.edu/courses/2053526/modules,https://canvas.oregonstate.edu/courses/2053526/pages/proctorio-setup-and-troubleshooting?module_item_id=26896947
2053526,PHY-212,mod-phy-212-002-course-information,2,Course information,mi-phy-212-26896948,26896948,20,Opt-out of lab,Page,obj-phy-212-page-opt-out-of-lab,page,opt-out-of-lab,00283-phy-212-module-item-opt-out-of-lab-general-physics-with-calculus-ph-212-400-u2026,captured,no,,,,reference,reference,medium,no,no,no,no,,redirected,module_item_reference_only,,00018-phy-212-modules-course-modules-general-physics-with-calculus-ph-212-400-u2026,https://canvas.oregonstate.edu/courses/2053526/modules,https://canvas.oregonstate.edu/courses/2053526/pages/opt-out-of-lab?module_item_id=26896948
2053526,PHY-212,mod-phy-212-002-course-information,2,Course information,mi-phy-212-26896949,26896949,21,OER Physics textbook,Page,obj-phy-212-page-oer-physics-textbook,page,oer-physics-textbook,00284-phy-212-module-item-oer-physics-textbook-general-physics-with-calculus-ph-212-400-u2026,captured,yes,task-00419-phy-212-prep-reading-oer-physics-textbook-general-physics-with-calculus-ph-212-400-u2026,prep_reading,candidate,prep_reading,prep_reading,medium,no,no,no,no,,redirected,module_item_has_task,,00018-phy-212-modules-course-modules-general-physics-with-calculus-ph-212-400-u2026,https://canvas.oregonstate.edu/courses/2053526/modules,https://canvas.oregonstate.edu/courses/2053526/pages/oer-physics-textbook?module_item_id=26896949
2053526,PHY-212,mod-phy-212-002-course-information,2,Course information,mi-phy-212-26997777,26997777,22,First day overview,Attachment,obj-phy-212-file-119256249,file,119256249,00285-phy-212-module-item-first-day-overview-pdf-general-physics-with-calculus-ph-212-400-u2026,captured,no,,,,file_reference,file_reference,medium,no,no,no,no,,redirected,module_item_reference_only,,00018-phy-212-modules-course-modules-general-physics-with-calculus-ph-212-400-u2026,https://canvas.oregonstate.edu/courses/2053526/modules,https://canvas.oregonstate.edu/courses/2053526/files/119256249?module_item_id=26997777
2053526,PHY-212,mod-phy-212-003-student-resources,3,Student resources,mi-phy-212-26896950,26896950,23,General Discussion & FAQs,Discussion Topic,obj-phy-212-discussion-11563815,discussion,11563815,00286-phy-212-module-item-topic-general-discussion-faqs,captured,no,,,,admin_policy,admin_policy,medium,no,no,no,no,,redirected,module_item_reference_only,,00018-phy-212-modules-course-modules-general-physics-with-calculus-ph-212-400-u2026,https://canvas.oregonstate.edu/courses/2053526/modules,https://canvas.oregonstate.edu/courses/2053526/discussion_topics/11563815?module_item_id=26896950
2053526,PHY-212,mod-phy-212-003-student-resources,3,Student resources,mi-phy-212-26896951,26896951,24,PH 211 Instructional videos,Page,obj-phy-212-page-ph-211-instructional-videos,page,ph-211-instructional-videos,00287-phy-212-module-item-ph-211-instructional-videos-general-physics-with-calculus-ph-212-400-u2026,captured,no,,,,lecture_video,lecture_video|admin_policy,medium,no,no,no,no,,redirected,module_item_important_reference,,00018-phy-212-modules-course-modules-general-physics-with-calculus-ph-212-400-u2026,https://canvas.oregonstate.edu/courses/2053526/modules,https://canvas.oregonstate.edu/courses/2053526/pages/ph-211-instructional-videos?module_item_id=26896951
2053526,PHY-212,mod-phy-212-003-student-resources,3,Student resources,mi-phy-212-26896952,26896952,25,Financial resources and more,Page,obj-phy-212-page-financial-resources-and-more,page,financial-resources-and-more,00288-phy-212-module-item-financial-resources-and-more-general-physics-with-calculus-ph-212-400-u2026,captured,no,,,,admin_policy,admin_policy,medium,no,no,no,no,,redirected,module_item_reference_only,,00018-phy-212-modules-course-modules-general-physics-with-calculus-ph-212-400-u2026,https://canvas.oregonstate.edu/courses/2053526/modules,https://canvas.oregonstate.edu/courses/2053526/pages/financial-resources-and-more?module_item_id=26896952
2053526,PHY-212,mod-phy-212-003-student-resources,3,Student resources,mi-phy-212-26896953,26896953,26,Academic Misconduct Scenarios,Page,obj-phy-212-page-academic-misconduct-scenarios,page,academic-misconduct-scenarios,00289-phy-212-module-item-academic-misconduct-scenarios-general-physics-with-calculus-ph-212-400-u2026,captured,no,,,,admin_policy,admin_policy,medium,no,no,no,no,,redirected,module_item_reference_only,,00018-phy-212-modules-course-modules-general-physics-with-calculus-ph-212-400-u2026,https://canvas.oregonstate.edu/courses/2053526/modules,https://canvas.oregonstate.edu/courses/2053526/pages/academic-misconduct-scenarios?module_item_id=26896953
2053526,PHY-212,mod-phy-212-003-student-resources,3,Student resources,mi-phy-212-26896954,26896954,27,Scanned text on reserve at the library,Page,obj-phy-212-page-scanned-text-on-reserve-at-the-library,page,scanned-text-on-reserve-at-the-library,00290-phy-212-module-item-scanned-text-on-reserve-at-the-library-general-physics-with-calculus-ph-212-400-u2026,captured,no,,,,critical_setup,critical_setup|admin_policy,high,no,no,no,no,,redirected,module_item_important_reference,,00018-phy-212-modules-course-modules-general-physics-with-calculus-ph-212-400-u2026,https://canvas.oregonstate.edu/courses/2053526/modules,https://canvas.oregonstate.edu/courses/2053526/pages/scanned-text-on-reserve-at-the-library?module_item_id=26896954
2053526,PHY-212,mod-phy-212-003-student-resources,3,Student resources,mi-phy-212-26896956,26896956,28,Scanning Resources,Page,obj-phy-212-page-scanning-resources-2,page,scanning-resources-2,00291-phy-212-module-item-scanning-resources-general-physics-with-calculus-ph-212-400-u2026,captured,no,,,,critical_setup,critical_setup|admin_policy,high,no,no,no,no,,redirected,module_item_important_reference,,00018-phy-212-modules-course-modules-general-physics-with-calculus-ph-212-400-u2026,https://canvas.oregonstate.edu/courses/2053526/modules,https://canvas.oregonstate.edu/courses/2053526/pages/scanning-resources-2?module_item_id=26896956
2053526,PHY-212,mod-phy-212-004-module-1-circular-motion,4,Module 1 | Circular Motion,mi-phy-212-26896958,26896958,29,Module 1 | Overview of Circular Motion,Page,obj-phy-212-page-module-1-7c-overview-of-circular-motion,page,module-1-%7C-overview-of-circular-motion,00292-phy-212-module-item-module-1-overview-of-circular-motion-general-physics-with-calculus-ph-212-400-u2026,captured,no,,,,prep_reading,prep_reading|admin_policy,medium,no,no,no,no,,redirected,module_item_important_reference,,00018-phy-212-modules-course-modules-general-physics-with-calculus-ph-212-400-u2026,https://canvas.oregonstate.edu/courses/2053526/modules,https://canvas.oregonstate.edu/courses/2053526/pages/module-1-%7C-overview-of-circular-motion?module_item_id=26896958
2053526,PHY-212,mod-phy-212-004-module-1-circular-motion,4,Module 1 | Circular Motion,mi-phy-212-26896959,26896959,30,Module 1 | Circular Motion | Learning Materials,Page,obj-phy-212-page-module-1-7c-circular-motion-7c-learning-materials,page,module-1-%7C-circular-motion-%7C-learning-materials,00293-phy-212-module-item-module-1-circular-motion-learning-materials-general-physics-with-calculus-ph-212-400-u2026,captured,yes,task-00403-phy-212-prep-reading-module-1-circular-motion-learning-materials-general-physics-with-calculus-ph-212,prep_reading,candidate,prep_reading,prep_reading|lecture_video,medium,no,no,no,no,,redirected,module_item_has_task,,00018-phy-212-modules-course-modules-general-physics-with-calculus-ph-212-400-u2026,https://canvas.oregonstate.edu/courses/2053526/modules,https://canvas.oregonstate.edu/courses/2053526/pages/module-1-%7C-circular-motion-%7C-learning-materials?module_item_id=26896959
2053526,PHY-212,mod-phy-212-004-module-1-circular-motion,4,Module 1 | Circular Motion,mi-phy-212-26896960,26896960,31,Module 1 | Circular Motion | Required Activities,Page,obj-phy-212-page-module-1-7c-circular-motion-7c-required-activities,page,module-1-%7C-circular-motion-%7C-required-activities,00294-phy-212-module-item-module-1-circular-motion-required-activities-general-physics-with-calculus-ph-212-400-u2026,captured,yes,task-00404-phy-212-critical-setup-module-1-circular-motion-required-activities-general-physics-with-calculus-ph-21,critical_setup,candidate,critical_setup,critical_setup|prep_reading|lecture_video,high,no,no,no,no,,redirected,module_item_has_task,,00018-phy-212-modules-course-modules-general-physics-with-calculus-ph-212-400-u2026,https://canvas.oregonstate.edu/courses/2053526/modules,https://canvas.oregonstate.edu/courses/2053526/pages/module-1-%7C-circular-motion-%7C-required-activities?module_item_id=26896960
2053526,PHY-212,mod-phy-212-004-module-1-circular-motion,4,Module 1 | Circular Motion,mi-phy-212-26896961,26896961,32,Proctorio practice quiz (Remotely Proctored),Quiz,obj-phy-212-quiz-3160506,quiz,3160506,00295-phy-212-module-item-proctorio-practice-quiz-remotely-proctored-general-physics-with-calculus-ph-212-400-u2026,captured,yes,task-00465-phy-212-graded-task-proctorio-practice-quiz-remotely-proctored-general-physics-with-calculus-ph-212-,graded_task,candidate,graded_task,graded_task|critical_setup|prep_reading,high,no,no,no,no,,redirected,module_item_has_task,,00018-phy-212-modules-course-modules-general-physics-with-calculus-ph-212-400-u2026,https://canvas.oregonstate.edu/courses/2053526/modules,https://canvas.oregonstate.edu/courses/2053526/quizzes/3160506?module_item_id=26896961
2053526,PHY-212,mod-phy-212-004-module-1-circular-motion,4,Module 1 | Circular Motion,mi-phy-212-26896962,26896962,33,Lab 1 Instructions,Page,obj-phy-212-page-lab-1-instructions-2,page,lab-1-instructions-2,00296-phy-212-module-item-lab-1-instructions-general-physics-with-calculus-ph-212-400-u2026,captured,yes,task-00392-phy-212-critical-setup-lab-1-instructions-general-physics-with-calculus-ph-212-400-u2026,critical_setup,candidate,critical_setup,critical_setup,high,no,no,no,no,,redirected,module_item_has_task,,00018-phy-212-modules-course-modules-general-physics-with-calculus-ph-212-400-u2026,https://canvas.oregonstate.edu/courses/2053526/modules,https://canvas.oregonstate.edu/courses/2053526/pages/lab-1-instructions-2?module_item_id=26896962
2053526,PHY-212,mod-phy-212-004-module-1-circular-motion,4,Module 1 | Circular Motion,mi-phy-212-26896963,26896963,34,Lab Partner Values Survey,Quiz,obj-phy-212-quiz-3160536,quiz,3160536,00297-phy-212-module-item-lab-partner-values-survey-general-physics-with-calculus-ph-212-400-u2026,captured,yes,task-00435-phy-212-graded-task-lab-partner-values-survey-general-physics-with-calculus-ph-212-400-u2026,graded_task,candidate,graded_task,graded_task|critical_setup|prep_reading,high,no,no,no,no,,redirected,module_item_has_task,,00018-phy-212-modules-course-modules-general-physics-with-calculus-ph-212-400-u2026,https://canvas.oregonstate.edu/courses/2053526/modules,https://canvas.oregonstate.edu/courses/2053526/quizzes/3160536?module_item_id=26896963
2053526,PHY-212,mod-phy-212-004-module-1-circular-motion,4,Module 1 | Circular Motion,mi-phy-212-26896964,26896964,35,Lab Supplies,Page,obj-phy-212-page-lab-supplies,page,lab-supplies,00298-phy-212-module-item-lab-supplies-general-physics-with-calculus-ph-212-400-u2026,captured,yes,task-00402-phy-212-critical-setup-lab-supplies-general-physics-with-calculus-ph-212-400-u2026,critical_setup,candidate,critical_setup,critical_setup,high,no,no,no,no,,redirected,module_item_has_task,,00018-phy-212-modules-course-modules-general-physics-with-calculus-ph-212-400-u2026,https://canvas.oregonstate.edu/courses/2053526/modules,https://canvas.oregonstate.edu/courses/2053526/pages/lab-supplies?module_item_id=26896964
2053526,PHY-212,mod-phy-212-004-module-1-circular-motion,4,Module 1 | Circular Motion,mi-phy-212-26896965,26896965,36,Lab 2 Instructions,Page,obj-phy-212-page-lab-2-instructions-2,page,lab-2-instructions-2,00299-phy-212-module-item-lab-2-instructions-general-physics-with-calculus-ph-212-400-u2026,captured,yes,task-00394-phy-212-critical-setup-lab-2-instructions-general-physics-with-calculus-ph-212-400-u2026,critical_setup,candidate,critical_setup,critical_setup,high,no,no,no,no,,redirected,module_item_has_task,,00018-phy-212-modules-course-modules-general-physics-with-calculus-ph-212-400-u2026,https://canvas.oregonstate.edu/courses/2053526/modules,https://canvas.oregonstate.edu/courses/2053526/pages/lab-2-instructions-2?module_item_id=26896965
2053526,PHY-212,mod-phy-212-004-module-1-circular-motion,4,Module 1 | Circular Motion,mi-phy-212-26942495,26942495,37,Lab Collaboration Contract,Quiz,obj-phy-212-quiz-3160479,quiz,3160479,00300-phy-212-module-item-lab-collaboration-contract-general-physics-with-calculus-ph-212-400-u2026,captured,yes,task-00432-phy-212-graded-task-lab-collaboration-contract-general-physics-with-calculus-ph-212-400-u2026,graded_task,candidate,graded_task,graded_task|critical_setup|prep_reading,high,no,no,no,no,,redirected,module_item_has_task,,00018-phy-212-modules-course-modules-general-physics-with-calculus-ph-212-400-u2026,https://canvas.oregonstate.edu/courses/2053526/modules,https://canvas.oregonstate.edu/courses/2053526/quizzes/3160479?module_item_id=26942495
2053526,PHY-212,mod-phy-212-004-module-1-circular-motion,4,Module 1 | Circular Motion,mi-phy-212-26896968,26896968,38,Module 1 | Motion | Conclusion,Page,obj-phy-212-page-module-1-7c-motion-7c-conclusion,page,module-1-%7C-motion-%7C-conclusion,00301-phy-212-module-item-module-1-motion-conclusion-general-physics-with-calculus-ph-212-400-u2026,captured,no,,,,reference,reference,medium,no,no,no,no,,redirected,module_item_reference_only,,00018-phy-212-modules-course-modules-general-physics-with-calculus-ph-212-400-u2026,https://canvas.oregonstate.edu/courses/2053526/modules,https://canvas.oregonstate.edu/courses/2053526/pages/module-1-%7C-motion-%7C-conclusion?module_item_id=26896968
2053526,PHY-212,mod-phy-212-005-module-2-rotation,5,Module 2 | Rotation,mi-phy-212-26896969,26896969,39,Module 2 | Overview of Rotation,Page,obj-phy-212-page-module-2-7c-overview-of-rotation,page,module-2-%7C-overview-of-rotation,00302-phy-212-module-item-module-2-overview-of-rotation-general-physics-with-calculus-ph-212-400-u2026,captured,yes,task-00405-phy-212-prep-reading-module-2-overview-of-rotation-general-physics-with-calculus-ph-212-400-u2026,prep_reading,candidate,prep_reading,prep_reading,medium,no,no,no,no,,redirected,module_item_has_task,,00018-phy-212-modules-course-modules-general-physics-with-calculus-ph-212-400-u2026,https://canvas.oregonstate.edu/courses/2053526/modules,https://canvas.oregonstate.edu/courses/2053526/pages/module-2-%7C-overview-of-rotation?module_item_id=26896969
2053526,PHY-212,mod-phy-212-005-module-2-rotation,5,Module 2 | Rotation,mi-phy-212-26896970,26896970,40,Module 2 | Rotation | Learning Materials,Page,obj-phy-212-page-module-2-7c-rotation-7c-learning-materials,page,module-2-%7C-rotation-%7C-learning-materials,00303-phy-212-module-item-module-2-rotation-learning-materials-general-physics-with-calculus-ph-212-400-u2026,captured,yes,task-00406-phy-212-prep-reading-module-2-rotation-learning-materials-general-physics-with-calculus-ph-212-400-u2,prep_reading,candidate,prep_reading,prep_reading|lecture_video,medium,no,no,no,no,,redirected,module_item_has_task,,00018-phy-212-modules-course-modules-general-physics-with-calculus-ph-212-400-u2026,https://canvas.oregonstate.edu/courses/2053526/modules,https://canvas.oregonstate.edu/courses/2053526/pages/module-2-%7C-rotation-%7C-learning-materials?module_item_id=26896970
2053526,PHY-212,mod-phy-212-005-module-2-rotation,5,Module 2 | Rotation,mi-phy-212-26896971,26896971,41,Module 2 | Rotation | Required Activities,Page,obj-phy-212-page-module-2-7c-rotation-7c-required-activities,page,module-2-%7C-rotation-%7C-required-activities,00304-phy-212-module-item-module-2-rotation-required-activities-general-physics-with-calculus-ph-212-400-u2026,captured,yes,task-00407-phy-212-prep-reading-module-2-rotation-required-activities-general-physics-with-calculus-ph-212-400-u,prep_reading,candidate,prep_reading,prep_reading|lecture_video,medium,no,no,no,no,,redirected,module_item_has_task,,00018-phy-212-modules-course-modules-general-physics-with-calculus-ph-212-400-u2026,https://canvas.oregonstate.edu/courses/2053526/modules,https://canvas.oregonstate.edu/courses/2053526/pages/module-2-%7C-rotation-%7C-required-activities?module_item_id=26896971
2053526,PHY-212,mod-phy-212-005-module-2-rotation,5,Module 2 | Rotation,mi-phy-212-26896972,26896972,42,Lab 3 Instructions,Page,obj-phy-212-page-lab-3-instructions-2,page,lab-3-instructions-2,00305-phy-212-module-item-lab-3-instructions-general-physics-with-calculus-ph-212-400-u2026,captured,yes,task-00397-phy-212-critical-setup-lab-3-instructions-general-physics-with-calculus-ph-212-400-u2026,critical_setup,candidate,critical_setup,critical_setup,high,no,no,no,no,,redirected,module_item_has_task,,00018-phy-212-modules-course-modules-general-physics-with-calculus-ph-212-400-u2026,https://canvas.oregonstate.edu/courses/2053526/modules,https://canvas.oregonstate.edu/courses/2053526/pages/lab-3-instructions-2?module_item_id=26896972
2053526,PHY-212,mod-phy-212-005-module-2-rotation,5,Module 2 | Rotation,mi-phy-212-26896973,26896973,43,Lab Group Check-In Survey (Lab 3),Quiz,obj-phy-212-quiz-3160510,quiz,3160510,00306-phy-212-module-item-lab-group-check-in-survey-lab-3-general-physics-with-calculus-ph-212-400-u2026,captured,yes,task-00433-phy-212-graded-task-lab-group-check-in-survey-lab-3-general-physics-with-calculus-ph-212-400-u2026,graded_task,candidate,graded_task,graded_task,high,no,no,no,no,,redirected,module_item_has_task,,00018-phy-212-modules-course-modules-general-physics-with-calculus-ph-212-400-u2026,https://canvas.oregonstate.edu/courses/2053526/modules,https://canvas.oregonstate.edu/courses/2053526/quizzes/3160510?module_item_id=26896973
2053526,PHY-212,mod-phy-212-005-module-2-rotation,5,Module 2 | Rotation,mi-phy-212-26896975,26896975,44,Module 2 | Rotation | Conclusion,Page,obj-phy-212-page-module-2-7c-rotation-7c-conclusion,page,module-2-%7C-rotation-%7C-conclusion,00307-phy-212-module-item-module-2-rotation-conclusion-general-physics-with-calculus-ph-212-400-u2026,captured,no,,,,reference,reference,medium,no,no,no,no,,redirected,module_item_reference_only,,00018-phy-212-modules-course-modules-general-physics-with-calculus-ph-212-400-u2026,https://canvas.oregonstate.edu/courses/2053526/modules,https://canvas.oregonstate.edu/courses/2053526/pages/module-2-%7C-rotation-%7C-conclusion?module_item_id=26896975
2053526,PHY-212,mod-phy-212-005-module-2-rotation,5,Module 2 | Rotation,mi-phy-212-26896976,26896976,45,Excel Skills Handout,Page,obj-phy-212-page-excel-skills-handout-2,page,excel-skills-handout-2,00308-phy-212-module-item-excel-skills-handout-general-physics-with-calculus-ph-212-400-u2026,captured,yes,task-00389-phy-212-lecture-video-excel-skills-handout-general-physics-with-calculus-ph-212-400-u2026,lecture_video,candidate,lecture_video,lecture_video,medium,no,no,no,no,,external_tool|redirected,module_item_has_task,,00018-phy-212-modules-course-modules-general-physics-with-calculus-ph-212-400-u2026,https://canvas.oregonstate.edu/courses/2053526/modules,https://canvas.oregonstate.edu/courses/2053526/pages/excel-skills-handout-2?module_item_id=26896976
2053526,PHY-212,mod-phy-212-006-module-3-gravity,6,Module 3 | Gravity,mi-phy-212-26897001,26897001,46,Module 3 | Overview of Gravity,Page,obj-phy-212-page-module-3-7c-overview-of-gravity,page,module-3-%7C-overview-of-gravity,00309-phy-212-module-item-module-3-overview-of-gravity-general-physics-with-calculus-ph-212-400-u2026,captured,yes,task-00410-phy-212-prep-reading-module-3-overview-of-gravity-general-physics-with-calculus-ph-212-400-u2026,prep_reading,candidate,prep_reading,prep_reading,medium,no,no,no,no,,redirected,module_item_has_task,,00018-phy-212-modules-course-modules-general-physics-with-calculus-ph-212-400-u2026,https://canvas.oregonstate.edu/courses/2053526/modules,https://canvas.oregonstate.edu/courses/2053526/pages/module-3-%7C-overview-of-gravity?module_item_id=26897001
2053526,PHY-212,mod-phy-212-006-module-3-gravity,6,Module 3 | Gravity,mi-phy-212-26897002,26897002,47,Module 3 | Gravity | Learning Materials,Page,obj-phy-212-page-module-3-7c-gravity-7c-learning-materials,page,module-3-%7C-gravity-%7C-learning-materials,00310-phy-212-module-item-module-3-gravity-learning-materials-general-physics-with-calculus-ph-212-400-u2026,captured,yes,task-00408-phy-212-prep-reading-module-3-gravity-learning-materials-general-physics-with-calculus-ph-212-400-u20,prep_reading,candidate,prep_reading,prep_reading|lecture_video,medium,no,no,no,no,,redirected,module_item_has_task,,00018-phy-212-modules-course-modules-general-physics-with-calculus-ph-212-400-u2026,https://canvas.oregonstate.edu/courses/2053526/modules,https://canvas.oregonstate.edu/courses/2053526/pages/module-3-%7C-gravity-%7C-learning-materials?module_item_id=26897002
2053526,PHY-212,mod-phy-212-006-module-3-gravity,6,Module 3 | Gravity,mi-phy-212-26897003,26897003,48,Module 3 | Gravity | Required Activities,Page,obj-phy-212-page-module-3-7c-gravity-7c-required-activities,page,module-3-%7C-gravity-%7C-required-activities,00311-phy-212-module-item-module-3-gravity-required-activities-general-physics-with-calculus-ph-212-400-u2026,captured,yes,task-00409-phy-212-prep-reading-module-3-gravity-required-activities-general-physics-with-calculus-ph-212-400-u2,prep_reading,candidate,prep_reading,prep_reading|lecture_video,medium,no,no,no,no,,redirected,module_item_has_task,,00018-phy-212-modules-course-modules-general-physics-with-calculus-ph-212-400-u2026,https://canvas.oregonstate.edu/courses/2053526/modules,https://canvas.oregonstate.edu/courses/2053526/pages/module-3-%7C-gravity-%7C-required-activities?module_item_id=26897003
2053526,PHY-212,mod-phy-212-006-module-3-gravity,6,Module 3 | Gravity,mi-phy-212-26897006,26897006,49,Module 3 | Gravity | Conclusion,Page,obj-phy-212-page-module-3-7c-gravity-7c-conclusion,page,module-3-%7C-gravity-%7C-conclusion,00312-phy-212-module-item-module-3-gravity-conclusion-general-physics-with-calculus-ph-212-400-u2026,captured,no,,,,reference,reference,medium,no,no,no,no,,redirected,module_item_reference_only,,00018-phy-212-modules-course-modules-general-physics-with-calculus-ph-212-400-u2026,https://canvas.oregonstate.edu/courses/2053526/modules,https://canvas.oregonstate.edu/courses/2053526/pages/module-3-%7C-gravity-%7C-conclusion?module_item_id=26897006
2053526,PHY-212,mod-phy-212-006-module-3-gravity,6,Module 3 | Gravity,mi-phy-212-26896980,26896980,50,Lab 4 Instructions,Page,obj-phy-212-page-lab-4-instructions-2,page,lab-4-instructions-2,00313-phy-212-module-item-lab-4-instructions-general-physics-with-calculus-ph-212-400-u2026,captured,yes,task-00399-phy-212-critical-setup-lab-4-instructions-general-physics-with-calculus-ph-212-400-u2026,critical_setup,candidate,critical_setup,critical_setup,high,no,no,no,no,,redirected,module_item_has_task,,00018-phy-212-modules-course-modules-general-physics-with-calculus-ph-212-400-u2026,https://canvas.oregonstate.edu/courses/2053526/modules,https://canvas.oregonstate.edu/courses/2053526/pages/lab-4-instructions-2?module_item_id=26896980
2053526,PHY-212,mod-phy-212-007-module-4-oscillations,7,Module 4 | Oscillations,mi-phy-212-26896977,26896977,51,Module 4 | Overview of Oscillations,Page,obj-phy-212-page-module-4-7c-overview-of-oscillations,page,module-4-%7C-overview-of-oscillations,00314-phy-212-module-item-module-4-overview-of-oscillations-general-physics-with-calculus-ph-212-400-u2026,captured,yes,task-00413-phy-212-prep-reading-module-4-overview-of-oscillations-general-physics-with-calculus-ph-212-400-u2026,prep_reading,candidate,prep_reading,prep_reading,medium,no,no,no,no,,redirected,module_item_has_task,,00018-phy-212-modules-course-modules-general-physics-with-calculus-ph-212-400-u2026,https://canvas.oregonstate.edu/courses/2053526/modules,https://canvas.oregonstate.edu/courses/2053526/pages/module-4-%7C-overview-of-oscillations?module_item_id=26896977
2053526,PHY-212,mod-phy-212-007-module-4-oscillations,7,Module 4 | Oscillations,mi-phy-212-26896978,26896978,52,Module 4 | Oscillations | Learning Materials,Page,obj-phy-212-page-module-4-7c-oscillations-7c-learning-materials,page,module-4-%7C-oscillations-%7C-learning-materials,00315-phy-212-module-item-module-4-oscillations-learning-materials-general-physics-with-calculus-ph-212-400-u2026,captured,yes,task-00411-phy-212-prep-reading-module-4-oscillations-learning-materials-general-physics-with-calculus-ph-212-40,prep_reading,candidate,prep_reading,prep_reading|lecture_video,medium,no,no,no,no,,redirected,module_item_has_task,,00018-phy-212-modules-course-modules-general-physics-with-calculus-ph-212-400-u2026,https://canvas.oregonstate.edu/courses/2053526/modules,https://canvas.oregonstate.edu/courses/2053526/pages/module-4-%7C-oscillations-%7C-learning-materials?module_item_id=26896978
2053526,PHY-212,mod-phy-212-007-module-4-oscillations,7,Module 4 | Oscillations,mi-phy-212-26896979,26896979,53,Module 4 | Oscillations | Required Activities,Page,obj-phy-212-page-module-4-7c-oscillations-7c-required-activities,page,module-4-%7C-oscillations-%7C-required-activities,00316-phy-212-module-item-module-4-oscillations-required-activities-general-physics-with-calculus-ph-212-400-u2026,captured,yes,task-00412-phy-212-prep-reading-module-4-oscillations-required-activities-general-physics-with-calculus-ph-212-4,prep_reading,candidate,prep_reading,prep_reading|lecture_video,medium,no,no,no,no,,redirected,module_item_has_task,,00018-phy-212-modules-course-modules-general-physics-with-calculus-ph-212-400-u2026,https://canvas.oregonstate.edu/courses/2053526/modules,https://canvas.oregonstate.edu/courses/2053526/pages/module-4-%7C-oscillations-%7C-required-activities?module_item_id=26896979
2053526,PHY-212,mod-phy-212-007-module-4-oscillations,7,Module 4 | Oscillations,mi-phy-212-26896982,26896982,54,Module 4 | Oscillations | Conclusion,Page,obj-phy-212-page-module-4-7c-oscillations-7c-conclusion,page,module-4-%7C-oscillations-%7C-conclusion,00317-phy-212-module-item-module-4-oscillations-conclusion-general-physics-with-calculus-ph-212-400-u2026,captured,no,,,,reference,reference,medium,no,no,no,no,,redirected,module_item_reference_only,,00018-phy-212-modules-course-modules-general-physics-with-calculus-ph-212-400-u2026,https://canvas.oregonstate.edu/courses/2053526/modules,https://canvas.oregonstate.edu/courses/2053526/pages/module-4-%7C-oscillations-%7C-conclusion?module_item_id=26896982
2053526,PHY-212,mod-phy-212-008-module-5-waves,8,Module 5 | Waves,mi-phy-212-26896983,26896983,55,Module 5 | Overview of Waves,Page,obj-phy-212-page-module-5-7c-overview-of-waves,page,module-5-%7C-overview-of-waves,00318-phy-212-module-item-module-5-overview-of-waves-general-physics-with-calculus-ph-212-400-u2026,captured,yes,task-00416-phy-212-prep-reading-module-5-overview-of-waves-general-physics-with-calculus-ph-212-400-u2026,prep_reading,candidate,prep_reading,prep_reading,medium,no,no,no,no,,redirected,module_item_has_task,,00018-phy-212-modules-course-modules-general-physics-with-calculus-ph-212-400-u2026,https://canvas.oregonstate.edu/courses/2053526/modules,https://canvas.oregonstate.edu/courses/2053526/pages/module-5-%7C-overview-of-waves?module_item_id=26896983
2053526,PHY-212,mod-phy-212-008-module-5-waves,8,Module 5 | Waves,mi-phy-212-26896984,26896984,56,Module 5 | Waves | Learning Materials,Page,obj-phy-212-page-module-5-7c-waves-7c-learning-materials,page,module-5-%7C-waves-%7C-learning-materials,00319-phy-212-module-item-module-5-waves-learning-materials-general-physics-with-calculus-ph-212-400-u2026,captured,yes,task-00417-phy-212-prep-reading-module-5-waves-learning-materials-general-physics-with-calculus-ph-212-400-u2026,prep_reading,candidate,prep_reading,prep_reading|lecture_video,medium,no,no,no,no,,redirected,module_item_has_task,,00018-phy-212-modules-course-modules-general-physics-with-calculus-ph-212-400-u2026,https://canvas.oregonstate.edu/courses/2053526/modules,https://canvas.oregonstate.edu/courses/2053526/pages/module-5-%7C-waves-%7C-learning-materials?module_item_id=26896984
2053526,PHY-212,mod-phy-212-008-module-5-waves,8,Module 5 | Waves,mi-phy-212-26896985,26896985,57,Module 5 | Waves | Required Activities,Page,obj-phy-212-page-module-5-7c-waves-7c-required-activities,page,module-5-%7C-waves-%7C-required-activities,00320-phy-212-module-item-module-5-waves-required-activities-general-physics-with-calculus-ph-212-400-u2026,captured,yes,task-00418-phy-212-prep-reading-module-5-waves-required-activities-general-physics-with-calculus-ph-212-400-u202,prep_reading,candidate,prep_reading,prep_reading|lecture_video,medium,no,no,no,no,,redirected,module_item_has_task,,00018-phy-212-modules-course-modules-general-physics-with-calculus-ph-212-400-u2026,https://canvas.oregonstate.edu/courses/2053526/modules,https://canvas.oregonstate.edu/courses/2053526/pages/module-5-%7C-waves-%7C-required-activities?module_item_id=26896985
2053526,PHY-212,mod-phy-212-008-module-5-waves,8,Module 5 | Waves,mi-phy-212-26896986,26896986,58,Lab 5 Instructions,Page,obj-phy-212-page-lab-5-instructions-2,page,lab-5-instructions-2,00321-phy-212-module-item-lab-5-instructions-general-physics-with-calculus-ph-212-400-u2026,captured,yes,task-00401-phy-212-critical-setup-lab-5-instructions-general-physics-with-calculus-ph-212-400-u2026,critical_setup,candidate,critical_setup,critical_setup,high,no,no,no,no,,redirected,module_item_has_task,,00018-phy-212-modules-course-modules-general-physics-with-calculus-ph-212-400-u2026,https://canvas.oregonstate.edu/courses/2053526/modules,https://canvas.oregonstate.edu/courses/2053526/pages/lab-5-instructions-2?module_item_id=26896986
2053526,PHY-212,mod-phy-212-008-module-5-waves,8,Module 5 | Waves,mi-phy-212-26896987,26896987,59,Lab Group Check-In Survey (Lab 5),Quiz,obj-phy-212-quiz-3160466,quiz,3160466,00322-phy-212-module-item-lab-group-check-in-survey-lab-5-general-physics-with-calculus-ph-212-400-u2026,captured,yes,task-00434-phy-212-graded-task-lab-group-check-in-survey-lab-5-general-physics-with-calculus-ph-212-400-u2026,graded_task,candidate,graded_task,graded_task,high,no,no,no,no,,redirected,module_item_has_task,,00018-phy-212-modules-course-modules-general-physics-with-calculus-ph-212-400-u2026,https://canvas.oregonstate.edu/courses/2053526/modules,https://canvas.oregonstate.edu/courses/2053526/quizzes/3160466?module_item_id=26896987
2053526,PHY-212,mod-phy-212-008-module-5-waves,8,Module 5 | Waves,mi-phy-212-26896988,26896988,60,Capstone Lab Week 1,Page,obj-phy-212-page-capstone-lab-week-1,page,capstone-lab-week-1,00323-phy-212-module-item-capstone-lab-week-1-general-physics-with-calculus-ph-212-400-u2026,captured,yes,task-00388-phy-212-critical-setup-capstone-lab-week-1-general-physics-with-calculus-ph-212-400-u2026,critical_setup,candidate,critical_setup,critical_setup,high,no,no,no,no,,redirected,module_item_has_task,,00018-phy-212-modules-course-modules-general-physics-with-calculus-ph-212-400-u2026,https://canvas.oregonstate.edu/courses/2053526/modules,https://canvas.oregonstate.edu/courses/2053526/pages/capstone-lab-week-1?module_item_id=26896988
2053526,PHY-212,mod-phy-212-008-module-5-waves,8,Module 5 | Waves,mi-phy-212-26896989,26896989,61,Module 5 | Waves | Conclusion,Page,obj-phy-212-page-module-5-7c-waves-7c-conclusion,page,module-5-%7C-waves-%7C-conclusion,00324-phy-212-module-item-module-5-waves-conclusion-general-physics-with-calculus-ph-212-400-u2026,captured,no,,,,reference,reference,medium,no,no,no,no,,redirected,module_item_reference_only,,00018-phy-212-modules-course-modules-general-physics-with-calculus-ph-212-400-u2026,https://canvas.oregonstate.edu/courses/2053526/modules,https://canvas.oregonstate.edu/courses/2053526/pages/module-5-%7C-waves-%7C-conclusion?module_item_id=26896989
