suspicion_id,course_id,course_code,severity,category,object_id,task_id,module_id,module_item_id,page_id,title,source_url,related_url,evidence_id,review_id,status,detail,suggested_action
sus-00001,2053263,MTH-253,high,module_crosscheck,obj-mth-253-quiz-3166971,task-00315-mth-253-blocked-or-broken-practice-quiz-take-it-before-attempting-quiz-1-sequences-and-series-mth-253z-400,mod-mth-253-001-start-here,mi-mth-253-26982050,00240-mth-253-module-item-practice-quiz-take-it-before-attempting-quiz-1-sequences-and-series-mth-253z-400-u2026,Practice Quiz (take it before attempting Quiz 1!),https://canvas.oregonstate.edu/courses/2053263/modules,https://canvas.oregonstate.edu/courses/2053263/quizzes/3166971?module_item_id=26982050,,,module_item_blocked,capture_status=captured; issue_types=redirected|unauthorized,Inspect this module item or add a retry/rule if it contains required work.
sus-00002,2053526,PHY-212,medium,assignments_surface_crosscheck,obj-phy-212-assignment-10591118,task-00328-phy-212-graded-task-m1-0,,,00019-phy-212-assignments-assignments-general-physics-with-calculus-ph-212-400-u2026,M1-0,https://canvas.oregonstate.edu/courses/2053526/assignments,https://canvas.oregonstate.edu/courses/2053526/assignments/10591118,ev-01604,,assignments_surface_task_not_in_modules,group=Participation; type=Assignment; due=; available=; text=Assignment M1-0 -/1 pts No submission for this assignment. 1 points possible. See Details,Decide whether this surface-listed task needs module context or should stay grade/assignment-only.
sus-00003,2053526,PHY-212,medium,assignments_surface_crosscheck,obj-phy-212-assignment-10592346,task-00329-phy-212-graded-task-m1-00,,,00019-phy-212-assignments-assignments-general-physics-with-calculus-ph-212-400-u2026,M1-00,https://canvas.oregonstate.edu/courses/2053526/assignments,https://canvas.oregonstate.edu/courses/2053526/assignments/10592346,ev-01605,,assignments_surface_task_not_in_modules,group=Participation; type=Assignment; due=; available=; text=Assignment M1-00 -/2 pts No submission for this assignment. 2 points possible. See Details,Decide whether this surface-listed task needs module context or should stay grade/assignment-only.
sus-00004,2053526,PHY-212,medium,assignments_surface_crosscheck,obj-phy-212-assignment-10592982,task-00330-phy-212-graded-task-m1-1,,,00019-phy-212-assignments-assignments-general-physics-with-calculus-ph-212-400-u2026,M1-1,https://canvas.oregonstate.edu/courses/2053526/assignments,https://canvas.oregonstate.edu/courses/2053526/assignments/10592982,ev-01606,,assignments_surface_task_not_in_modules,group=Participation; type=Assignment; due=; available=; text=Assignment M1-1 -/3 pts No submission for this assignment. 3 points possible. See Details,Decide whether this surface-listed task needs module context or should stay grade/assignment-only.
sus-00005,2053526,PHY-212,medium,assignments_surface_crosscheck,obj-phy-212-assignment-10593560,task-00331-phy-212-graded-task-m1-2,,,00019-phy-212-assignments-assignments-general-physics-with-calculus-ph-212-400-u2026,M1-2,https://canvas.oregonstate.edu/courses/2053526/assignments,https://canvas.oregonstate.edu/courses/2053526/assignments/10593560,ev-01607,,assignments_surface_task_not_in_modules,group=Participation; type=Assignment; due=; available=; text=Assignment M1-2 -/5 pts No submission for this assignment. 5 points possible.,Decide whether this surface-listed task needs module context or should stay grade/assignment-only.
sus-00006,2053526,PHY-212,medium,assignments_surface_crosscheck,obj-phy-212-assignment-10595057,task-00332-phy-212-graded-task-m1-3,,,00019-phy-212-assignments-assignments-general-physics-with-calculus-ph-212-400-u2026,M1-3,https://canvas.oregonstate.edu/courses/2053526/assignments,https://canvas.oregonstate.edu/courses/2053526/assignments/10595057,ev-01608,,assignments_surface_task_not_in_modules,group=Participation; type=Assignment; due=; available=; text=Assignment M1-3 -/5 pts No submission for this assignment. 5 points possible.,Decide whether this surface-listed task needs module context or should stay grade/assignment-only.
sus-00007,2053526,PHY-212,medium,assignments_surface_crosscheck,obj-phy-212-assignment-10595549,task-00333-phy-212-graded-task-m1-4,,,00019-phy-212-assignments-assignments-general-physics-with-calculus-ph-212-400-u2026,M1-4,https://canvas.oregonstate.edu/courses/2053526/assignments,https://canvas.oregonstate.edu/courses/2053526/assignments/10595549,ev-01609,,assignments_surface_task_not_in_modules,group=Participation; type=Assignment; due=; available=; text=Assignment M1-4 -/6 pts No submission for this assignment. 6 points possible.,Decide whether this surface-listed task needs module context or should stay grade/assignment-only.
sus-00008,2053526,PHY-212,medium,assignments_surface_crosscheck,obj-phy-212-assignment-10597145,task-00334-phy-212-graded-task-m1-5,,,00019-phy-212-assignments-assignments-general-physics-with-calculus-ph-212-400-u2026,M1-5,https://canvas.oregonstate.edu/courses/2053526/assignments,https://canvas.oregonstate.edu/courses/2053526/assignments/10597145,ev-01610,,assignments_surface_task_not_in_modules,group=Participation; type=Assignment; due=; available=; text=Assignment M1-5 -/5 pts No submission for this assignment. 5 points possible.,Decide whether this surface-listed task needs module context or should stay grade/assignment-only.
sus-00009,2053526,PHY-212,medium,assignments_surface_crosscheck,obj-phy-212-assignment-10557070,task-00335-phy-212-graded-task-m2-1pre,,,00019-phy-212-assignments-assignments-general-physics-with-calculus-ph-212-400-u2026,M2-1pre,https://canvas.oregonstate.edu/courses/2053526/assignments,https://canvas.oregonstate.edu/courses/2053526/assignments/10557070,ev-01611,,assignments_surface_task_not_in_modules,group=pre-lecture; type=Assignment; due=; available=; text=Assignment M2-1pre -/3 pts No submission for this assignment. 3 points possible.,Decide whether this surface-listed task needs module context or should stay grade/assignment-only.
sus-00010,2053526,PHY-212,medium,assignments_surface_crosscheck,obj-phy-212-assignment-10557057,task-00322-phy-212-graded-task-lab-1-report,,,00019-phy-212-assignments-assignments-general-physics-with-calculus-ph-212-400-u2026,Lab 1 Report,https://canvas.oregonstate.edu/courses/2053526/assignments,https://canvas.oregonstate.edu/courses/2053526/assignments/10557057,ev-01612,,assignments_surface_task_not_in_modules,group=lab; type=Assignment; due=; available=; text=Assignment Lab 1 Report -/20 pts No submission for this assignment. 20 points possible.,Decide whether this surface-listed task needs module context or should stay grade/assignment-only.
sus-00011,2053526,PHY-212,medium,assignments_surface_crosscheck,obj-phy-212-assignment-10557058,task-00323-phy-212-graded-task-lab-2-group-report,,,00019-phy-212-assignments-assignments-general-physics-with-calculus-ph-212-400-u2026,Lab 2 Group Report,https://canvas.oregonstate.edu/courses/2053526/assignments,https://canvas.oregonstate.edu/courses/2053526/assignments/10557058,ev-01613,,assignments_surface_task_not_in_modules,group=lab; type=Assignment; due=; available=; text=Assignment Lab 2 Group Report -/20 pts No submission for this assignment. 20 points possible.,Decide whether this surface-listed task needs module context or should stay grade/assignment-only.
sus-00012,2053526,PHY-212,medium,assignments_surface_crosscheck,obj-phy-212-assignment-10557059,task-00324-phy-212-graded-task-lab-3-group-report,,,00019-phy-212-assignments-assignments-general-physics-with-calculus-ph-212-400-u2026,Lab 3 Group report,https://canvas.oregonstate.edu/courses/2053526/assignments,https://canvas.oregonstate.edu/courses/2053526/assignments/10557059,ev-01614,,assignments_surface_task_not_in_modules,group=lab; type=Assignment; due=; available=; text=Assignment Lab 3 Group report -/20 pts No submission for this assignment. 20 points possible.,Decide whether this surface-listed task needs module context or should stay grade/assignment-only.
sus-00013,2053526,PHY-212,medium,assignments_surface_crosscheck,obj-phy-212-assignment-10557060,task-00325-phy-212-graded-task-lab-4-group-report,,,00019-phy-212-assignments-assignments-general-physics-with-calculus-ph-212-400-u2026,Lab 4 Group Report,https://canvas.oregonstate.edu/courses/2053526/assignments,https://canvas.oregonstate.edu/courses/2053526/assignments/10557060,ev-01615,,assignments_surface_task_not_in_modules,group=lab; type=Assignment; due=; available=; text=Assignment Lab 4 Group Report -/20 pts No submission for this assignment. 20 points possible.,Decide whether this surface-listed task needs module context or should stay grade/assignment-only.
sus-00014,2053526,PHY-212,medium,assignments_surface_crosscheck,obj-phy-212-assignment-10557061,task-00326-phy-212-graded-task-lab-5-group-report,,,00019-phy-212-assignments-assignments-general-physics-with-calculus-ph-212-400-u2026,Lab 5 Group report,https://canvas.oregonstate.edu/courses/2053526/assignments,https://canvas.oregonstate.edu/courses/2053526/assignments/10557061,ev-01616,,assignments_surface_task_not_in_modules,group=lab; type=Assignment; due=; available=; text=Assignment Lab 5 Group report -/20 pts No submission for this assignment. 20 points possible.,Decide whether this surface-listed task needs module context or should stay grade/assignment-only.
sus-00015,2053526,PHY-212,medium,assignments_surface_crosscheck,obj-phy-212-assignment-10557062,task-00327-phy-212-graded-task-lab-6-group-report,,,00019-phy-212-assignments-assignments-general-physics-with-calculus-ph-212-400-u2026,Lab 6 Group Report,https://canvas.oregonstate.edu/courses/2053526/assignments,https://canvas.oregonstate.edu/courses/2053526/assignments/10557062,ev-01617,,assignments_surface_task_not_in_modules,group=lab; type=Assignment; due=; available=; text=Assignment Lab 6 Group Report -/20 pts No submission for this assignment. 20 points possible.,Decide whether this surface-listed task needs module context or should stay grade/assignment-only.
sus-00016,2053526,PHY-212,medium,assignments_surface_crosscheck,obj-phy-212-assignment-10557047,task-00320-phy-212-graded-task-capstone-lab-week-1-group-report,,,00019-phy-212-assignments-assignments-general-physics-with-calculus-ph-212-400-u2026,Capstone Lab Week 1 Group Report,https://canvas.oregonstate.edu/courses/2053526/assignments,https://canvas.oregonstate.edu/courses/2053526/assignments/10557047,ev-01618,,assignments_surface_task_not_in_modules,group=lab; type=Assignment; due=; available=; text=Assignment Capstone Lab Week 1 Group Report -/20 pts No submission for this assignment. 20 points possible.,Decide whether this surface-listed task needs module context or should stay grade/assignment-only.
sus-00017,2053526,PHY-212,medium,assignments_surface_crosscheck,obj-phy-212-assignment-10557046,task-00321-phy-212-graded-task-capstone-lab-week-2-group-report,,,00019-phy-212-assignments-assignments-general-physics-with-calculus-ph-212-400-u2026,Capstone Lab Week 2 Group Report,https://canvas.oregonstate.edu/courses/2053526/assignments,https://canvas.oregonstate.edu/courses/2053526/assignments/10557046,ev-01619,,assignments_surface_task_not_in_modules,group=lab; type=Assignment; due=; available=; text=Assignment Capstone Lab Week 2 Group Report -/20 pts No submission for this assignment. 20 points possible.,Decide whether this surface-listed task needs module context or should stay grade/assignment-only.
sus-00018,2053526,PHY-212,medium,grades_surface_crosscheck,obj-phy-212-assignment-10557057,task-00322-phy-212-graded-task-lab-1-report,,,00020-phy-212-grades-grades-for-jacob-peterson-general-physics-with-calculus-ph-212-400-u2026,Lab 1 Report,https://canvas.oregonstate.edu/courses/2053526/grades,https://canvas.oregonstate.edu/courses/2053526/assignments/10557057/submissions/6660414,ev-01620,,grades_surface_task_not_in_modules,cells=Lab 1 Report lab | Jun 27 by 11:59pm |  |  | Instructor has not posted this grade Click to test a different score Instructor has not posted this grade - / 20 pending_review 3245380 10557057 |  | Grade Info See scoring details See rubric results 1 comment 1 | ; text=Lab 1 Report lab Jun 27 by 11:59pm Instructor has not posted this grade Click to test a different score Instructor has not posted this grade - / 20 pending_review 3245380 10557057 Grade Info See scoring details See rubric results 1 comment 1,Decide whether this surface-listed task needs module context or should stay grade/assignment-only.
sus-00019,2053526,PHY-212,medium,grades_surface_crosscheck,obj-phy-212-assignment-10557070,task-00335-phy-212-graded-task-m2-1pre,,,00020-phy-212-grades-grades-for-jacob-peterson-general-physics-with-calculus-ph-212-400-u2026,M2-1pre,https://canvas.oregonstate.edu/courses/2053526/grades,https://canvas.oregonstate.edu/courses/2053526/assignments/10557070/submissions/6660414,ev-01621,,grades_surface_task_not_in_modules,cells=M2-1pre pre-lecture | Jul 2 by 10am |  |  | Click to test a different score Click to test a different score - / 3 unsubmitted 3245379 10557070 |  | Grade Info See scoring details See rubric results 0 comments 0 | ; text=M2-1pre pre-lecture Jul 2 by 10am Click to test a different score Click to test a different score - / 3 unsubmitted 3245379 10557070 Grade Info See scoring details See rubric results 0 comments 0,Decide whether this surface-listed task needs module context or should stay grade/assignment-only.
sus-00020,2053526,PHY-212,medium,grades_surface_crosscheck,obj-phy-212-assignment-10557058,task-00323-phy-212-graded-task-lab-2-group-report,,,00020-phy-212-grades-grades-for-jacob-peterson-general-physics-with-calculus-ph-212-400-u2026,Lab 2 Group Report,https://canvas.oregonstate.edu/courses/2053526/grades,https://canvas.oregonstate.edu/courses/2053526/assignments/10557058/submissions/6660414,ev-01622,,grades_surface_task_not_in_modules,cells=Lab 2 Group Report lab | Jul 4 by 11:59pm |  |  | Click to test a different score Click to test a different score - / 20 unsubmitted 3245380 10557058 |  | Grade Info See scoring details See rubric results 0 comments 0 | ; text=Lab 2 Group Report lab Jul 4 by 11:59pm Click to test a different score Click to test a different score - / 20 unsubmitted 3245380 10557058 Grade Info See scoring details See rubric results 0 comments 0,Decide whether this surface-listed task needs module context or should stay grade/assignment-only.
sus-00021,2053526,PHY-212,medium,grades_surface_crosscheck,obj-phy-212-assignment-10557059,task-00324-phy-212-graded-task-lab-3-group-report,,,00020-phy-212-grades-grades-for-jacob-peterson-general-physics-with-calculus-ph-212-400-u2026,Lab 3 Group report,https://canvas.oregonstate.edu/courses/2053526/grades,https://canvas.oregonstate.edu/courses/2053526/assignments/10557059/submissions/6660414,ev-01623,,grades_surface_task_not_in_modules,cells=Lab 3 Group report lab | Jul 11 by 11:59pm |  |  | Click to test a different score Click to test a different score - / 20 unsubmitted 3245380 10557059 |  | Grade Info See scoring details See rubric results 0 comments 0 | ; text=Lab 3 Group report lab Jul 11 by 11:59pm Click to test a different score Click to test a different score - / 20 unsubmitted 3245380 10557059 Grade Info See scoring details See rubric results 0 comments 0,Decide whether this surface-listed task needs module context or should stay grade/assignment-only.
sus-00022,2053526,PHY-212,medium,grades_surface_crosscheck,obj-phy-212-assignment-10557060,task-00325-phy-212-graded-task-lab-4-group-report,,,00020-phy-212-grades-grades-for-jacob-peterson-general-physics-with-calculus-ph-212-400-u2026,Lab 4 Group Report,https://canvas.oregonstate.edu/courses/2053526/grades,https://canvas.oregonstate.edu/courses/2053526/assignments/10557060/submissions/6660414,ev-01624,,grades_surface_task_not_in_modules,cells=Lab 4 Group Report lab | Jul 18 by 11:59pm |  |  | Click to test a different score Click to test a different score - / 20 unsubmitted 3245380 10557060 |  | Grade Info See scoring details See rubric results 0 comments 0 | ; text=Lab 4 Group Report lab Jul 18 by 11:59pm Click to test a different score Click to test a different score - / 20 unsubmitted 3245380 10557060 Grade Info See scoring details See rubric results 0 comments 0,Decide whether this surface-listed task needs module context or should stay grade/assignment-only.
sus-00023,2053526,PHY-212,medium,grades_surface_crosscheck,obj-phy-212-assignment-10557061,task-00326-phy-212-graded-task-lab-5-group-report,,,00020-phy-212-grades-grades-for-jacob-peterson-general-physics-with-calculus-ph-212-400-u2026,Lab 5 Group report,https://canvas.oregonstate.edu/courses/2053526/grades,https://canvas.oregonstate.edu/courses/2053526/assignments/10557061/submissions/6660414,ev-01625,,grades_surface_task_not_in_modules,cells=Lab 5 Group report lab | Jul 25 by 11:59pm |  |  | Click to test a different score Click to test a different score - / 20 unsubmitted 3245380 10557061 |  | Grade Info See scoring details See rubric results 0 comments 0 | ; text=Lab 5 Group report lab Jul 25 by 11:59pm Click to test a different score Click to test a different score - / 20 unsubmitted 3245380 10557061 Grade Info See scoring details See rubric results 0 comments 0,Decide whether this surface-listed task needs module context or should stay grade/assignment-only.
sus-00024,2053526,PHY-212,medium,grades_surface_crosscheck,obj-phy-212-assignment-10557047,task-00320-phy-212-graded-task-capstone-lab-week-1-group-report,,,00020-phy-212-grades-grades-for-jacob-peterson-general-physics-with-calculus-ph-212-400-u2026,Capstone Lab Week 1 Group Report,https://canvas.oregonstate.edu/courses/2053526/grades,https://canvas.oregonstate.edu/courses/2053526/assignments/10557047/submissions/6660414,ev-01626,,grades_surface_task_not_in_modules,cells=Capstone Lab Week 1 Group Report lab | Aug 1 by 11:59pm |  |  | Click to test a different score Click to test a different score - / 20 unsubmitted 3245380 10557047 |  | Grade Info See scoring details See rubric results 0 comments 0 | ; text=Capstone Lab Week 1 Group Report lab Aug 1 by 11:59pm Click to test a different score Click to test a different score - / 20 unsubmitted 3245380 10557047 Grade Info See scoring details See rubric results 0 comments 0,Decide whether this surface-listed task needs module context or should stay grade/assignment-only.
sus-00025,2053526,PHY-212,medium,grades_surface_crosscheck,obj-phy-212-assignment-10557062,task-00327-phy-212-graded-task-lab-6-group-report,,,00020-phy-212-grades-grades-for-jacob-peterson-general-physics-with-calculus-ph-212-400-u2026,Lab 6 Group Report,https://canvas.oregonstate.edu/courses/2053526/grades,https://canvas.oregonstate.edu/courses/2053526/assignments/10557062/submissions/6660414,ev-01627,,grades_surface_task_not_in_modules,cells=Lab 6 Group Report lab | Aug 8 by 11:59pm |  |  | Click to test a different score Click to test a different score - / 20 unsubmitted 3245380 10557062 |  | Grade Info See scoring details See rubric results 0 comments 0 | ; text=Lab 6 Group Report lab Aug 8 by 11:59pm Click to test a different score Click to test a different score - / 20 unsubmitted 3245380 10557062 Grade Info See scoring details See rubric results 0 comments 0,Decide whether this surface-listed task needs module context or should stay grade/assignment-only.
sus-00026,2053526,PHY-212,medium,grades_surface_crosscheck,obj-phy-212-assignment-10557046,task-00321-phy-212-graded-task-capstone-lab-week-2-group-report,,,00020-phy-212-grades-grades-for-jacob-peterson-general-physics-with-calculus-ph-212-400-u2026,Capstone Lab Week 2 Group Report,https://canvas.oregonstate.edu/courses/2053526/grades,https://canvas.oregonstate.edu/courses/2053526/assignments/10557046/submissions/6660414,ev-01628,,grades_surface_task_not_in_modules,cells=Capstone Lab Week 2 Group Report lab | Aug 15 by 11:59pm |  |  | Click to test a different score Click to test a different score - / 20 unsubmitted 3245380 10557046 |  | Grade Info See scoring details See rubric results 0 comments 0 | ; text=Capstone Lab Week 2 Group Report lab Aug 15 by 11:59pm Click to test a different score Click to test a different score - / 20 unsubmitted 3245380 10557046 Grade Info See scoring details See rubric results 0 comments 0,Decide whether this surface-listed task needs module context or should stay grade/assignment-only.
sus-00027,2053526,PHY-212,medium,grades_surface_crosscheck,obj-phy-212-assignment-10591118,task-00328-phy-212-graded-task-m1-0,,,00020-phy-212-grades-grades-for-jacob-peterson-general-physics-with-calculus-ph-212-400-u2026,M1-0,https://canvas.oregonstate.edu/courses/2053526/grades,https://canvas.oregonstate.edu/courses/2053526/assignments/10591118/submissions/6660414,ev-01629,,grades_surface_task_not_in_modules,cells=M1-0 Participation |  | Jun 22 at 12:44pm |  | Click to test a different score Click to test a different score - / 1 graded 3245378 10591118 |  | Grade Info See scoring details See rubric results 0 comments 0 | ; text=M1-0 Participation Jun 22 at 12:44pm Click to test a different score Click to test a different score - / 1 graded 3245378 10591118 Grade Info See scoring details See rubric results 0 comments 0,Decide whether this surface-listed task needs module context or should stay grade/assignment-only.
sus-00028,2053526,PHY-212,medium,grades_surface_crosscheck,obj-phy-212-assignment-10592346,task-00329-phy-212-graded-task-m1-00,,,00020-phy-212-grades-grades-for-jacob-peterson-general-physics-with-calculus-ph-212-400-u2026,M1-00,https://canvas.oregonstate.edu/courses/2053526/grades,https://canvas.oregonstate.edu/courses/2053526/assignments/10592346/submissions/6660414,ev-01630,,grades_surface_task_not_in_modules,cells=M1-00 Participation |  | Jun 23 at 12:12pm |  | Click to test a different score Click to test a different score - / 2 graded 3245378 10592346 |  | Grade Info See scoring details See rubric results 0 comments 0 | ; text=M1-00 Participation Jun 23 at 12:12pm Click to test a different score Click to test a different score - / 2 graded 3245378 10592346 Grade Info See scoring details See rubric results 0 comments 0,Decide whether this surface-listed task needs module context or should stay grade/assignment-only.
sus-00029,2053526,PHY-212,medium,grades_surface_crosscheck,obj-phy-212-assignment-10592982,task-00330-phy-212-graded-task-m1-1,,,00020-phy-212-grades-grades-for-jacob-peterson-general-physics-with-calculus-ph-212-400-u2026,M1-1,https://canvas.oregonstate.edu/courses/2053526/grades,https://canvas.oregonstate.edu/courses/2053526/assignments/10592982/submissions/6660414,ev-01631,,grades_surface_task_not_in_modules,cells=M1-1 Participation |  | Jun 24 at 1:02pm |  | Click to test a different score Click to test a different score - / 3 graded 3245378 10592982 |  | Grade Info See scoring details See rubric results 0 comments 0 | ; text=M1-1 Participation Jun 24 at 1:02pm Click to test a different score Click to test a different score - / 3 graded 3245378 10592982 Grade Info See scoring details See rubric results 0 comments 0,Decide whether this surface-listed task needs module context or should stay grade/assignment-only.
sus-00030,2053526,PHY-212,medium,grades_surface_crosscheck,obj-phy-212-assignment-10593560,task-00331-phy-212-graded-task-m1-2,,,00020-phy-212-grades-grades-for-jacob-peterson-general-physics-with-calculus-ph-212-400-u2026,M1-2,https://canvas.oregonstate.edu/courses/2053526/grades,https://canvas.oregonstate.edu/courses/2053526/assignments/10593560/submissions/6660414,ev-01632,,grades_surface_task_not_in_modules,cells=M1-2 Participation |  | Jun 25 at 12:22pm |  | Click to test a different score Click to test a different score 0 / 5 0.0 0 0 graded 3245378 10593560 |  | Grade Info See scoring details See rubric results 0 comments 0 | ; text=M1-2 Participation Jun 25 at 12:22pm Click to test a different score Click to test a different score 0 / 5 0.0 0 0 graded 3245378 10593560 Grade Info See scoring details See rubric results 0 comments 0,Decide whether this surface-listed task needs module context or should stay grade/assignment-only.
sus-00031,2053526,PHY-212,medium,grades_surface_crosscheck,obj-phy-212-assignment-10595057,task-00332-phy-212-graded-task-m1-3,,,00020-phy-212-grades-grades-for-jacob-peterson-general-physics-with-calculus-ph-212-400-u2026,M1-3,https://canvas.oregonstate.edu/courses/2053526/grades,https://canvas.oregonstate.edu/courses/2053526/assignments/10595057/submissions/6660414,ev-01633,,grades_surface_task_not_in_modules,cells=M1-3 Participation |  | Jun 29 at 12:24pm |  | Click to test a different score Click to test a different score 0 / 5 0.0 0 0 graded 3245378 10595057 |  | Grade Info See scoring details See rubric results 0 comments 0 | ; text=M1-3 Participation Jun 29 at 12:24pm Click to test a different score Click to test a different score 0 / 5 0.0 0 0 graded 3245378 10595057 Grade Info See scoring details See rubric results 0 comments 0,Decide whether this surface-listed task needs module context or should stay grade/assignment-only.
sus-00032,2053526,PHY-212,medium,grades_surface_crosscheck,obj-phy-212-assignment-10595549,task-00333-phy-212-graded-task-m1-4,,,00020-phy-212-grades-grades-for-jacob-peterson-general-physics-with-calculus-ph-212-400-u2026,M1-4,https://canvas.oregonstate.edu/courses/2053526/grades,https://canvas.oregonstate.edu/courses/2053526/assignments/10595549/submissions/6660414,ev-01634,,grades_surface_task_not_in_modules,cells=M1-4 Participation |  | Jun 30 at 12:16pm |  | Click to test a different score Click to test a different score 0 / 6 0.0 0 0 graded 3245378 10595549 |  | Grade Info See scoring details See rubric results 0 comments 0 | ; text=M1-4 Participation Jun 30 at 12:16pm Click to test a different score Click to test a different score 0 / 6 0.0 0 0 graded 3245378 10595549 Grade Info See scoring details See rubric results 0 comments 0,Decide whether this surface-listed task needs module context or should stay grade/assignment-only.
sus-00033,2053526,PHY-212,medium,grades_surface_crosscheck,obj-phy-212-assignment-10597145,task-00334-phy-212-graded-task-m1-5,,,00020-phy-212-grades-grades-for-jacob-peterson-general-physics-with-calculus-ph-212-400-u2026,M1-5,https://canvas.oregonstate.edu/courses/2053526/grades,https://canvas.oregonstate.edu/courses/2053526/assignments/10597145/submissions/6660414,ev-01635,,grades_surface_task_not_in_modules,cells=M1-5 Participation |  | Jul 2 at 12:56pm |  | Click to test a different score Click to test a different score 0 / 5 0.0 0 0 graded 3245378 10597145 |  | Grade Info See scoring details See rubric results 0 comments 0 | ; text=M1-5 Participation Jul 2 at 12:56pm Click to test a different score Click to test a different score 0 / 5 0.0 0 0 graded 3245378 10597145 Grade Info See scoring details See rubric results 0 comments 0,Decide whether this surface-listed task needs module context or should stay grade/assignment-only.
sus-00034,2053526,PHY-212,medium,assignments_surface_crosscheck,obj-phy-212-assignment-10591118,task-00328-phy-212-graded-task-m1-0,,,00691-phy-212-linked-detail-assignments-general-physics-with-calculus-ph-212-400-u2026,M1-0,https://canvas.oregonstate.edu/courses/2053526/assignments,https://canvas.oregonstate.edu/courses/2053526/assignments/10591118,ev-01636,,assignments_surface_task_not_in_modules,group=Participation; type=Assignment; due=; available=; text=Assignment M1-0 -/1 pts No submission for this assignment. 1 points possible. See Details,Decide whether this surface-listed task needs module context or should stay grade/assignment-only.
sus-00035,2053526,PHY-212,medium,assignments_surface_crosscheck,obj-phy-212-assignment-10592346,task-00329-phy-212-graded-task-m1-00,,,00691-phy-212-linked-detail-assignments-general-physics-with-calculus-ph-212-400-u2026,M1-00,https://canvas.oregonstate.edu/courses/2053526/assignments,https://canvas.oregonstate.edu/courses/2053526/assignments/10592346,ev-01637,,assignments_surface_task_not_in_modules,group=Participation; type=Assignment; due=; available=; text=Assignment M1-00 -/2 pts No submission for this assignment. 2 points possible. See Details,Decide whether this surface-listed task needs module context or should stay grade/assignment-only.
sus-00036,2053526,PHY-212,medium,assignments_surface_crosscheck,obj-phy-212-assignment-10592982,task-00330-phy-212-graded-task-m1-1,,,00691-phy-212-linked-detail-assignments-general-physics-with-calculus-ph-212-400-u2026,M1-1,https://canvas.oregonstate.edu/courses/2053526/assignments,https://canvas.oregonstate.edu/courses/2053526/assignments/10592982,ev-01638,,assignments_surface_task_not_in_modules,group=Participation; type=Assignment; due=; available=; text=Assignment M1-1 -/3 pts No submission for this assignment. 3 points possible. See Details,Decide whether this surface-listed task needs module context or should stay grade/assignment-only.
sus-00037,2053526,PHY-212,medium,assignments_surface_crosscheck,obj-phy-212-assignment-10593560,task-00331-phy-212-graded-task-m1-2,,,00691-phy-212-linked-detail-assignments-general-physics-with-calculus-ph-212-400-u2026,M1-2,https://canvas.oregonstate.edu/courses/2053526/assignments,https://canvas.oregonstate.edu/courses/2053526/assignments/10593560,ev-01639,,assignments_surface_task_not_in_modules,group=Participation; type=Assignment; due=; available=; text=Assignment M1-2 -/5 pts No submission for this assignment. 5 points possible. See Details,Decide whether this surface-listed task needs module context or should stay grade/assignment-only.
sus-00038,2053526,PHY-212,medium,assignments_surface_crosscheck,obj-phy-212-assignment-10595057,task-00332-phy-212-graded-task-m1-3,,,00691-phy-212-linked-detail-assignments-general-physics-with-calculus-ph-212-400-u2026,M1-3,https://canvas.oregonstate.edu/courses/2053526/assignments,https://canvas.oregonstate.edu/courses/2053526/assignments/10595057,ev-01640,,assignments_surface_task_not_in_modules,group=Participation; type=Assignment; due=; available=; text=Assignment M1-3 -/5 pts No submission for this assignment. 5 points possible. See Details,Decide whether this surface-listed task needs module context or should stay grade/assignment-only.
sus-00039,2053526,PHY-212,medium,assignments_surface_crosscheck,obj-phy-212-assignment-10595549,task-00333-phy-212-graded-task-m1-4,,,00691-phy-212-linked-detail-assignments-general-physics-with-calculus-ph-212-400-u2026,M1-4,https://canvas.oregonstate.edu/courses/2053526/assignments,https://canvas.oregonstate.edu/courses/2053526/assignments/10595549,ev-01641,,assignments_surface_task_not_in_modules,group=Participation; type=Assignment; due=; available=; text=Assignment M1-4 -/6 pts No submission for this assignment. 6 points possible. See Details,Decide whether this surface-listed task needs module context or should stay grade/assignment-only.
sus-00040,2053526,PHY-212,medium,assignments_surface_crosscheck,obj-phy-212-assignment-10597145,task-00334-phy-212-graded-task-m1-5,,,00691-phy-212-linked-detail-assignments-general-physics-with-calculus-ph-212-400-u2026,M1-5,https://canvas.oregonstate.edu/courses/2053526/assignments,https://canvas.oregonstate.edu/courses/2053526/assignments/10597145,ev-01642,,assignments_surface_task_not_in_modules,group=Participation; type=Assignment; due=; available=; text=Assignment M1-5 -/5 pts No submission for this assignment. 5 points possible. See Details,Decide whether this surface-listed task needs module context or should stay grade/assignment-only.
sus-00041,2053526,PHY-212,medium,assignments_surface_crosscheck,obj-phy-212-assignment-10557070,task-00335-phy-212-graded-task-m2-1pre,,,00691-phy-212-linked-detail-assignments-general-physics-with-calculus-ph-212-400-u2026,M2-1pre,https://canvas.oregonstate.edu/courses/2053526/assignments,https://canvas.oregonstate.edu/courses/2053526/assignments/10557070,ev-01643,,assignments_surface_task_not_in_modules,group=pre-lecture; type=Assignment; due=Jul 2 at 10:00am; available=Aug 14 at 10:00am; text=Assignment M2-1pre Available until Aug 14 at 10:00amAug 14 at 10:00amAug 14 at 10:00am Due Jul 2 at 10:00amJul 2 at 10:00amJul 2 at 10:00am -/3 pts No submission for this assignment. 3 points possible.,Decide whether this surface-listed task needs module context or should stay grade/assignment-only.
sus-00042,2053526,PHY-212,medium,assignments_surface_crosscheck,obj-phy-212-assignment-10557057,task-00322-phy-212-graded-task-lab-1-report,,,00691-phy-212-linked-detail-assignments-general-physics-with-calculus-ph-212-400-u2026,Lab 1 Report,https://canvas.oregonstate.edu/courses/2053526/assignments,https://canvas.oregonstate.edu/courses/2053526/assignments/10557057,ev-01644,,assignments_surface_task_not_in_modules,group=lab; type=Assignment; due=Jun 27 at 11:59pm; available=Aug 15 at 11:59pm; text=Assignment Lab 1 Report Available until Aug 15 at 11:59pmAug 15 at 11:59pmAug 15 at 11:59pm Due Jun 27 at 11:59pmJun 27 at 11:59pmJun 27 at 11:59pm -/20 pts No submission for this assignment. 20 points possible.,Decide whether this surface-listed task needs module context or should stay grade/assignment-only.
sus-00043,2053526,PHY-212,medium,assignments_surface_crosscheck,obj-phy-212-assignment-10557058,task-00323-phy-212-graded-task-lab-2-group-report,,,00691-phy-212-linked-detail-assignments-general-physics-with-calculus-ph-212-400-u2026,Lab 2 Group Report,https://canvas.oregonstate.edu/courses/2053526/assignments,https://canvas.oregonstate.edu/courses/2053526/assignments/10557058,ev-01645,,assignments_surface_task_not_in_modules,group=lab; type=Assignment; due=Jul 4 at 11:59pm; available=Aug 15 at 11:59pm; text=Assignment Lab 2 Group Report Available until Aug 15 at 11:59pmAug 15 at 11:59pmAug 15 at 11:59pm Due Jul 4 at 11:59pmJul 4 at 11:59pmJul 4 at 11:59pm -/20 pts No submission for this assignment. 20 points possible.,Decide whether this surface-listed task needs module context or should stay grade/assignment-only.
sus-00044,2053526,PHY-212,medium,assignments_surface_crosscheck,obj-phy-212-assignment-10557059,task-00324-phy-212-graded-task-lab-3-group-report,,,00691-phy-212-linked-detail-assignments-general-physics-with-calculus-ph-212-400-u2026,Lab 3 Group report,https://canvas.oregonstate.edu/courses/2053526/assignments,https://canvas.oregonstate.edu/courses/2053526/assignments/10557059,ev-01646,,assignments_surface_task_not_in_modules,group=lab; type=Assignment; due=; available=; text=Assignment Lab 3 Group report -/20 pts No submission for this assignment. 20 points possible.,Decide whether this surface-listed task needs module context or should stay grade/assignment-only.
sus-00045,2053526,PHY-212,medium,assignments_surface_crosscheck,obj-phy-212-assignment-10557060,task-00325-phy-212-graded-task-lab-4-group-report,,,00691-phy-212-linked-detail-assignments-general-physics-with-calculus-ph-212-400-u2026,Lab 4 Group Report,https://canvas.oregonstate.edu/courses/2053526/assignments,https://canvas.oregonstate.edu/courses/2053526/assignments/10557060,ev-01647,,assignments_surface_task_not_in_modules,group=lab; type=Assignment; due=; available=; text=Assignment Lab 4 Group Report -/20 pts No submission for this assignment. 20 points possible.,Decide whether this surface-listed task needs module context or should stay grade/assignment-only.
sus-00046,2053526,PHY-212,medium,assignments_surface_crosscheck,obj-phy-212-assignment-10557061,task-00326-phy-212-graded-task-lab-5-group-report,,,00691-phy-212-linked-detail-assignments-general-physics-with-calculus-ph-212-400-u2026,Lab 5 Group report,https://canvas.oregonstate.edu/courses/2053526/assignments,https://canvas.oregonstate.edu/courses/2053526/assignments/10557061,ev-01648,,assignments_surface_task_not_in_modules,group=lab; type=Assignment; due=; available=; text=Assignment Lab 5 Group report -/20 pts No submission for this assignment. 20 points possible.,Decide whether this surface-listed task needs module context or should stay grade/assignment-only.
sus-00047,2053526,PHY-212,medium,assignments_surface_crosscheck,obj-phy-212-assignment-10557062,task-00327-phy-212-graded-task-lab-6-group-report,,,00691-phy-212-linked-detail-assignments-general-physics-with-calculus-ph-212-400-u2026,Lab 6 Group Report,https://canvas.oregonstate.edu/courses/2053526/assignments,https://canvas.oregonstate.edu/courses/2053526/assignments/10557062,ev-01649,,assignments_surface_task_not_in_modules,group=lab; type=Assignment; due=; available=; text=Assignment Lab 6 Group Report -/20 pts No submission for this assignment. 20 points possible.,Decide whether this surface-listed task needs module context or should stay grade/assignment-only.
sus-00048,2053526,PHY-212,medium,assignments_surface_crosscheck,obj-phy-212-assignment-10557047,task-00320-phy-212-graded-task-capstone-lab-week-1-group-report,,,00691-phy-212-linked-detail-assignments-general-physics-with-calculus-ph-212-400-u2026,Capstone Lab Week 1 Group Report,https://canvas.oregonstate.edu/courses/2053526/assignments,https://canvas.oregonstate.edu/courses/2053526/assignments/10557047,ev-01650,,assignments_surface_task_not_in_modules,group=lab; type=Assignment; due=; available=; text=Assignment Capstone Lab Week 1 Group Report -/20 pts No submission for this assignment. 20 points possible.,Decide whether this surface-listed task needs module context or should stay grade/assignment-only.
sus-00049,2053526,PHY-212,medium,assignments_surface_crosscheck,obj-phy-212-assignment-10557046,task-00321-phy-212-graded-task-capstone-lab-week-2-group-report,,,00691-phy-212-linked-detail-assignments-general-physics-with-calculus-ph-212-400-u2026,Capstone Lab Week 2 Group Report,https://canvas.oregonstate.edu/courses/2053526/assignments,https://canvas.oregonstate.edu/courses/2053526/assignments/10557046,ev-01651,,assignments_surface_task_not_in_modules,group=lab; type=Assignment; due=; available=; text=Assignment Capstone Lab Week 2 Group Report -/20 pts No submission for this assignment. 20 points possible.,Decide whether this surface-listed task needs module context or should stay grade/assignment-only.
sus-00050,2080857,MTH-252,medium,capture_issue,obj-mth-252-module-item-26982529,,,,00033-mth-252-module-item-gradescope-submission-using-phone-no-audio,Gradescope Submission Using Phone (no audio),https://canvas.oregonstate.edu/courses/2080857/modules/items/26982529,https://canvas.oregonstate.edu/courses/2080857/modules/items/26982529,,,external_tool,Page may require external-tool handling beyond rendered Canvas text.,Inspect the captured page and decide whether the blocker affects required work.
sus-00051,2080857,MTH-252,medium,capture_issue,obj-mth-252-module-item-26982530,,,,00034-mth-252-module-item-gradescope-submission-using-computer-no-audio,Gradescope Submission Using Computer (no audio),https://canvas.oregonstate.edu/courses/2080857/modules/items/26982530,https://canvas.oregonstate.edu/courses/2080857/modules/items/26982530,,,external_tool,Page may require external-tool handling beyond rendered Canvas text.,Inspect the captured page and decide whether the blocker affects required work.
sus-00052,2080857,MTH-252,medium,capture_issue,obj-mth-252-module-item-26982540,,,,00042-mth-252-module-item-review-optional-3-3-differentiation-rules,Review (Optional) - 3.3 Differentiation Rules,https://canvas.oregonstate.edu/courses/2080857/modules/items/26982540,https://canvas.oregonstate.edu/courses/2080857/modules/items/26982540,,,external_tool,Page may require external-tool handling beyond rendered Canvas text.,Inspect the captured page and decide whether the blocker affects required work.
sus-00053,2080857,MTH-252,medium,capture_issue,obj-mth-252-module-item-26982541,,,,00043-mth-252-module-item-review-optional-3-5-derivatives-of-trigonometric-functions,Review (Optional) - 3.5 Derivatives of Trigonometric Functions,https://canvas.oregonstate.edu/courses/2080857/modules/items/26982541,https://canvas.oregonstate.edu/courses/2080857/modules/items/26982541,,,external_tool,Page may require external-tool handling beyond rendered Canvas text.,Inspect the captured page and decide whether the blocker affects required work.
sus-00054,2080857,MTH-252,medium,capture_issue,obj-mth-252-module-item-26982542,,,,00044-mth-252-module-item-review-optional-3-6-the-chain-rule,Review (Optional) - 3.6 The Chain Rule,https://canvas.oregonstate.edu/courses/2080857/modules/items/26982542,https://canvas.oregonstate.edu/courses/2080857/modules/items/26982542,,,external_tool,Page may require external-tool handling beyond rendered Canvas text.,Inspect the captured page and decide whether the blocker affects required work.
sus-00055,2080857,MTH-252,medium,capture_issue,obj-mth-252-module-item-26982543,,,,00045-mth-252-module-item-review-optional-3-9-derivatives-of-exponential-and-logarithmic-functions,Review (Optional) - 3.9 Derivatives of Exponential and Logarithmic Functions,https://canvas.oregonstate.edu/courses/2080857/modules/items/26982543,https://canvas.oregonstate.edu/courses/2080857/modules/items/26982543,,,external_tool,Page may require external-tool handling beyond rendered Canvas text.,Inspect the captured page and decide whether the blocker affects required work.
sus-00056,2080857,MTH-252,medium,capture_issue,obj-mth-252-assignment-10586053,,,,00051-mth-252-module-item-module-1-written-homework-whw-1-2-hours,Module 1 — Written Homework (WHW 1) 🕓 2 hours,https://canvas.oregonstate.edu/courses/2080857/modules/items/26982549,https://canvas.oregonstate.edu/courses/2080857/assignments/10586053?module_item_id=26982549,,,external_tool,Page may require external-tool handling beyond rendered Canvas text.,Inspect the captured page and decide whether the blocker affects required work.
sus-00057,2080857,MTH-252,medium,capture_issue,obj-mth-252-assignment-10586044,,,,00052-mth-252-module-item-intro-reflect-1,Intro Reflect 1,https://canvas.oregonstate.edu/courses/2080857/modules/items/26982550,https://canvas.oregonstate.edu/courses/2080857/assignments/10586044?module_item_id=26982550,,,external_tool,Page may require external-tool handling beyond rendered Canvas text.,Inspect the captured page and decide whether the blocker affects required work.
sus-00058,2080857,MTH-252,medium,capture_issue,obj-mth-252-assignment-10586025,,,,00053-mth-252-module-item-achieve-1-1-approximating-areas,Achieve - 1.1 Approximating Areas,https://canvas.oregonstate.edu/courses/2080857/modules/items/26982551,https://canvas.oregonstate.edu/courses/2080857/assignments/10586025?module_item_id=26982551,,,external_tool,Page may require external-tool handling beyond rendered Canvas text.,Inspect the captured page and decide whether the blocker affects required work.
sus-00059,2080857,MTH-252,medium,capture_issue,obj-mth-252-assignment-10586055,,,,00060-mth-252-module-item-module-2-written-homework-whw-2-3-hours,Module 2 — Written Homework (WHW 2) 🕓 3 hours,https://canvas.oregonstate.edu/courses/2080857/modules/items/26982558,https://canvas.oregonstate.edu/courses/2080857/assignments/10586055?module_item_id=26982558,,,external_tool,Page may require external-tool handling beyond rendered Canvas text.,Inspect the captured page and decide whether the blocker affects required work.
sus-00060,2080857,MTH-252,medium,capture_issue,obj-mth-252-assignment-10586063,,,,00061-mth-252-module-item-reflection-2,Reflection 2,https://canvas.oregonstate.edu/courses/2080857/modules/items/26982559,https://canvas.oregonstate.edu/courses/2080857/assignments/10586063?module_item_id=26982559,,,external_tool,Page may require external-tool handling beyond rendered Canvas text.,Inspect the captured page and decide whether the blocker affects required work.
sus-00061,2080857,MTH-252,medium,capture_issue,obj-mth-252-assignment-10586026,,,,00062-mth-252-module-item-achieve-1-2-the-definite-integral,Achieve - 1.2 The Definite Integral,https://canvas.oregonstate.edu/courses/2080857/modules/items/26982560,https://canvas.oregonstate.edu/courses/2080857/assignments/10586026?module_item_id=26982560,,,external_tool,Page may require external-tool handling beyond rendered Canvas text.,Inspect the captured page and decide whether the blocker affects required work.
sus-00062,2080857,MTH-252,medium,capture_issue,obj-mth-252-assignment-10586045,,,,00064-mth-252-module-item-mini-exam-1-tues-thur-no-calculators,Mini-Exam 1 - Tues - Thur --> No Calculators,https://canvas.oregonstate.edu/courses/2080857/modules/items/26982562,https://canvas.oregonstate.edu/courses/2080857/assignments/10586045?module_item_id=26982562,,,external_tool,Page may require external-tool handling beyond rendered Canvas text.,Inspect the captured page and decide whether the blocker affects required work.
sus-00063,2080857,MTH-252,medium,capture_issue,obj-mth-252-assignment-10586056,,,,00070-mth-252-module-item-module-3-written-homework-whw-3-3-hours,Module 3 — Written Homework (WHW 3) 🕓 3 hours,https://canvas.oregonstate.edu/courses/2080857/modules/items/26982568,https://canvas.oregonstate.edu/courses/2080857/assignments/10586056?module_item_id=26982568,,,external_tool,Page may require external-tool handling beyond rendered Canvas text.,Inspect the captured page and decide whether the blocker affects required work.
sus-00064,2080857,MTH-252,medium,capture_issue,obj-mth-252-assignment-10586027,,,,00071-mth-252-module-item-achieve-1-3-the-fundamental-theorem-of-calculus,Achieve - 1.3 The Fundamental Theorem of Calculus,https://canvas.oregonstate.edu/courses/2080857/modules/items/26982569,https://canvas.oregonstate.edu/courses/2080857/assignments/10586027?module_item_id=26982569,,,external_tool,Page may require external-tool handling beyond rendered Canvas text.,Inspect the captured page and decide whether the blocker affects required work.
sus-00065,2080857,MTH-252,medium,capture_issue,obj-mth-252-assignment-10586042,,,,00072-mth-252-module-item-achieve-4-10-antiderivatives,Achieve - 4.10 Antiderivatives,https://canvas.oregonstate.edu/courses/2080857/modules/items/26982570,https://canvas.oregonstate.edu/courses/2080857/assignments/10586042?module_item_id=26982570,,,external_tool,Page may require external-tool handling beyond rendered Canvas text.,Inspect the captured page and decide whether the blocker affects required work.
sus-00066,2080857,MTH-252,medium,capture_issue,obj-mth-252-assignment-10586028,,,,00083-mth-252-module-item-achieve-1-4-integration-formulas-and-the-net-change-theorem,Achieve - 1.4 Integration Formulas and the Net Change Theorem,https://canvas.oregonstate.edu/courses/2080857/modules/items/26982581,https://canvas.oregonstate.edu/courses/2080857/assignments/10586028?module_item_id=26982581,,,external_tool,Page may require external-tool handling beyond rendered Canvas text.,Inspect the captured page and decide whether the blocker affects required work.
sus-00067,2080857,MTH-252,medium,capture_issue,obj-mth-252-assignment-10586029,,,,00084-mth-252-module-item-achieve-1-5-substitution,Achieve - 1.5 Substitution,https://canvas.oregonstate.edu/courses/2080857/modules/items/26982582,https://canvas.oregonstate.edu/courses/2080857/assignments/10586029?module_item_id=26982582,,,external_tool,Page may require external-tool handling beyond rendered Canvas text.,Inspect the captured page and decide whether the blocker affects required work.
sus-00068,2080857,MTH-252,medium,capture_issue,obj-mth-252-assignment-10586030,,,,00085-mth-252-module-item-achieve-1-6-integrals-involving-exponential-and-logarithmic-functions,Achieve - 1.6 Integrals Involving Exponential and Logarithmic Functions,https://canvas.oregonstate.edu/courses/2080857/modules/items/26982583,https://canvas.oregonstate.edu/courses/2080857/assignments/10586030?module_item_id=26982583,,,external_tool,Page may require external-tool handling beyond rendered Canvas text.,Inspect the captured page and decide whether the blocker affects required work.
sus-00069,2080857,MTH-252,medium,capture_issue,obj-mth-252-assignment-10586037,,,,00097-mth-252-module-item-achieve-3-1-integration-by-parts,Achieve - 3.1 Integration by Parts,https://canvas.oregonstate.edu/courses/2080857/modules/items/26982595,https://canvas.oregonstate.edu/courses/2080857/assignments/10586037?module_item_id=26982595,,,external_tool,Page may require external-tool handling beyond rendered Canvas text.,Inspect the captured page and decide whether the blocker affects required work.
sus-00070,2080857,MTH-252,medium,capture_issue,obj-mth-252-assignment-10586038,,,,00098-mth-252-module-item-achieve-3-2-trigonometric-integrals,Achieve - 3.2 Trigonometric Integrals,https://canvas.oregonstate.edu/courses/2080857/modules/items/26982596,https://canvas.oregonstate.edu/courses/2080857/assignments/10586038?module_item_id=26982596,,,external_tool,Page may require external-tool handling beyond rendered Canvas text.,Inspect the captured page and decide whether the blocker affects required work.
sus-00071,2080857,MTH-252,medium,capture_issue,obj-mth-252-assignment-10586039,,,,00107-mth-252-module-item-achieve-3-3-trigonometric-substitution,Achieve - 3.3 Trigonometric Substitution,https://canvas.oregonstate.edu/courses/2080857/modules/items/26982605,https://canvas.oregonstate.edu/courses/2080857/assignments/10586039?module_item_id=26982605,,,external_tool,Page may require external-tool handling beyond rendered Canvas text.,Inspect the captured page and decide whether the blocker affects required work.
sus-00072,2080857,MTH-252,medium,capture_issue,obj-mth-252-assignment-10586040,,,,00108-mth-252-module-item-achieve-3-4-partial-fractions,Achieve - 3.4 Partial Fractions,https://canvas.oregonstate.edu/courses/2080857/modules/items/26982606,https://canvas.oregonstate.edu/courses/2080857/assignments/10586040?module_item_id=26982606,,,external_tool,Page may require external-tool handling beyond rendered Canvas text.,Inspect the captured page and decide whether the blocker affects required work.
sus-00073,2080857,MTH-252,medium,capture_issue,obj-mth-252-assignment-10586031,,,,00117-mth-252-module-item-achieve-2-1-areas-between-curves,Achieve - 2.1 Areas between Curves,https://canvas.oregonstate.edu/courses/2080857/modules/items/26982615,https://canvas.oregonstate.edu/courses/2080857/assignments/10586031?module_item_id=26982615,,,external_tool,Page may require external-tool handling beyond rendered Canvas text.,Inspect the captured page and decide whether the blocker affects required work.
sus-00074,2080857,MTH-252,medium,capture_issue,obj-mth-252-assignment-10586032,,,,00118-mth-252-module-item-achieve-2-2-volumes-by-slicing-and-disc-washer-method,Achieve - 2.2 Volumes by Slicing and Disc/Washer Method,https://canvas.oregonstate.edu/courses/2080857/modules/items/26982616,https://canvas.oregonstate.edu/courses/2080857/assignments/10586032?module_item_id=26982616,,,external_tool,Page may require external-tool handling beyond rendered Canvas text.,Inspect the captured page and decide whether the blocker affects required work.
sus-00075,2080857,MTH-252,medium,capture_issue,obj-mth-252-assignment-10586033,,,,00130-mth-252-module-item-achieve-2-3-volumes-of-revolution-cylindrical-shells,Achieve - 2.3 Volumes of Revolution: Cylindrical Shells,https://canvas.oregonstate.edu/courses/2080857/modules/items/26982628,https://canvas.oregonstate.edu/courses/2080857/assignments/10586033?module_item_id=26982628,,,external_tool,Page may require external-tool handling beyond rendered Canvas text.,Inspect the captured page and decide whether the blocker affects required work.
sus-00076,2080857,MTH-252,medium,capture_issue,obj-mth-252-assignment-10586024,,,,00131-mth-252-module-item-acheive-2-4-arc-length-of-a-curve-no-surface-area,Acheive - 2.4 Arc Length of a Curve (NO Surface Area),https://canvas.oregonstate.edu/courses/2080857/modules/items/26982629,https://canvas.oregonstate.edu/courses/2080857/assignments/10586024?module_item_id=26982629,,,external_tool,Page may require external-tool handling beyond rendered Canvas text.,Inspect the captured page and decide whether the blocker affects required work.
sus-00077,2080857,MTH-252,medium,capture_issue,obj-mth-252-assignment-10586034,,,,00140-mth-252-module-item-achieve-2-5-1-physical-applications,Achieve - 2.5 - 1 Physical Applications,https://canvas.oregonstate.edu/courses/2080857/modules/items/26982638,https://canvas.oregonstate.edu/courses/2080857/assignments/10586034?module_item_id=26982638,,,external_tool,Page may require external-tool handling beyond rendered Canvas text.,Inspect the captured page and decide whether the blocker affects required work.
sus-00078,2080857,MTH-252,medium,capture_issue,obj-mth-252-assignment-10586036,,,,00141-mth-252-module-item-achieve-2-5-2-physical-applications,Achieve - 2.5 - 2 Physical Applications,https://canvas.oregonstate.edu/courses/2080857/modules/items/26982639,https://canvas.oregonstate.edu/courses/2080857/assignments/10586036?module_item_id=26982639,,,external_tool,Page may require external-tool handling beyond rendered Canvas text.,Inspect the captured page and decide whether the blocker affects required work.
sus-00079,2080857,MTH-252,medium,capture_issue,obj-mth-252-assignment-10586064,,,,00148-mth-252-module-item-reflection-3,Reflection 3,https://canvas.oregonstate.edu/courses/2080857/modules/items/26982647,https://canvas.oregonstate.edu/courses/2080857/assignments/10586064?module_item_id=26982647,,,external_tool,Page may require external-tool handling beyond rendered Canvas text.,Inspect the captured page and decide whether the blocker affects required work.
sus-00080,2080857,MTH-252,medium,capture_issue,obj-mth-252-assignment-10586041,,,,00149-mth-252-module-item-achieve-3-7-improper-integrals,Achieve - 3.7 Improper Integrals,https://canvas.oregonstate.edu/courses/2080857/modules/items/26982648,https://canvas.oregonstate.edu/courses/2080857/assignments/10586041?module_item_id=26982648,,,external_tool,Page may require external-tool handling beyond rendered Canvas text.,Inspect the captured page and decide whether the blocker affects required work.
sus-00081,2080857,MTH-252,medium,capture_issue,obj-mth-252-assignment-10586047,,,,00153-mth-252-module-item-mini-exam-2-retake,Mini-Exam 2 - Retake,https://canvas.oregonstate.edu/courses/2080857/modules/items/26982654,https://canvas.oregonstate.edu/courses/2080857/assignments/10586047?module_item_id=26982654,,,external_tool,Page may require external-tool handling beyond rendered Canvas text.,Inspect the captured page and decide whether the blocker affects required work.
sus-00082,2080857,MTH-252,medium,capture_issue,obj-mth-252-assignment-10586049,,,,00154-mth-252-module-item-mini-exam-3-retake,Mini-Exam 3 - Retake,https://canvas.oregonstate.edu/courses/2080857/modules/items/26982655,https://canvas.oregonstate.edu/courses/2080857/assignments/10586049?module_item_id=26982655,,,external_tool,Page may require external-tool handling beyond rendered Canvas text.,Inspect the captured page and decide whether the blocker affects required work.
sus-00083,2080857,MTH-252,medium,capture_issue,obj-mth-252-assignment-10586051,,,,00155-mth-252-module-item-mini-exam-4-retake,Mini-Exam 4 - Retake,https://canvas.oregonstate.edu/courses/2080857/modules/items/26982656,https://canvas.oregonstate.edu/courses/2080857/assignments/10586051?module_item_id=26982656,,,external_tool,Page may require external-tool handling beyond rendered Canvas text.,Inspect the captured page and decide whether the blocker affects required work.
sus-00084,2080857,MTH-252,medium,capture_issue,obj-mth-252-module-item-26982730,,,,00156-mth-252-module-item-indefinite-integral-exponential-ibp-twice,"Indefinite integral: Exponential, IBP twice",https://canvas.oregonstate.edu/courses/2080857/modules/items/26982730,https://canvas.oregonstate.edu/courses/2080857/modules/items/26982730,,,external_tool,Page may require external-tool handling beyond rendered Canvas text.,Inspect the captured page and decide whether the blocker affects required work.
sus-00085,2080857,MTH-252,medium,capture_issue,obj-mth-252-assignment-10586025,,,,00157-mth-252-linked-detail-achieve-1-1-approximating-areas,Achieve - 1.1 Approximating Areas,https://canvas.oregonstate.edu/courses/2080857/assignments/10586025,https://canvas.oregonstate.edu/courses/2080857/assignments/10586025,,,external_tool,Page may require external-tool handling beyond rendered Canvas text.,Inspect the captured page and decide whether the blocker affects required work.
sus-00086,2080857,MTH-252,medium,capture_issue,obj-mth-252-assignment-10586044,,,,00158-mth-252-linked-detail-intro-reflect-1,Intro Reflect 1,https://canvas.oregonstate.edu/courses/2080857/assignments/10586044,https://canvas.oregonstate.edu/courses/2080857/assignments/10586044,,,external_tool,Page may require external-tool handling beyond rendered Canvas text.,Inspect the captured page and decide whether the blocker affects required work.
sus-00087,2080857,MTH-252,medium,capture_issue,obj-mth-252-assignment-10586026,,,,00159-mth-252-linked-detail-achieve-1-2-the-definite-integral,Achieve - 1.2 The Definite Integral,https://canvas.oregonstate.edu/courses/2080857/assignments/10586026,https://canvas.oregonstate.edu/courses/2080857/assignments/10586026,,,external_tool,Page may require external-tool handling beyond rendered Canvas text.,Inspect the captured page and decide whether the blocker affects required work.
sus-00088,2080857,MTH-252,medium,capture_issue,obj-mth-252-assignment-10586055,,,,00160-mth-252-linked-detail-module-2-written-homework-whw-2-3-hours,Module 2 — Written Homework (WHW 2) 🕓 3 hours,https://canvas.oregonstate.edu/courses/2080857/assignments/10586055,https://canvas.oregonstate.edu/courses/2080857/assignments/10586055,,,external_tool,Page may require external-tool handling beyond rendered Canvas text.,Inspect the captured page and decide whether the blocker affects required work.
sus-00089,2080857,MTH-252,medium,capture_issue,obj-mth-252-assignment-10586053,,,,00162-mth-252-linked-detail-module-1-written-homework-whw-1-2-hours,Module 1 — Written Homework (WHW 1) 🕓 2 hours,https://canvas.oregonstate.edu/courses/2080857/assignments/10586053,https://canvas.oregonstate.edu/courses/2080857/assignments/10586053,,,external_tool,Page may require external-tool handling beyond rendered Canvas text.,Inspect the captured page and decide whether the blocker affects required work.
sus-00090,2080857,MTH-252,medium,capture_issue,obj-mth-252-assignment-10586045,,,,00164-mth-252-linked-detail-mini-exam-1-tues-thur-no-calculators,Mini-Exam 1 - Tues - Thur --> No Calculators,https://canvas.oregonstate.edu/courses/2080857/assignments/10586045,https://canvas.oregonstate.edu/courses/2080857/assignments/10586045,,,external_tool,Page may require external-tool handling beyond rendered Canvas text.,Inspect the captured page and decide whether the blocker affects required work.
sus-00091,2080857,MTH-252,medium,capture_issue,obj-mth-252-assignment-10586063,,,,00165-mth-252-linked-detail-reflection-2,Reflection 2,https://canvas.oregonstate.edu/courses/2080857/assignments/10586063,https://canvas.oregonstate.edu/courses/2080857/assignments/10586063,,,external_tool,Page may require external-tool handling beyond rendered Canvas text.,Inspect the captured page and decide whether the blocker affects required work.
sus-00092,2080857,MTH-252,medium,capture_issue,obj-mth-252-assignment-10586027,,,,00168-mth-252-linked-detail-achieve-1-3-the-fundamental-theorem-of-calculus,Achieve - 1.3 The Fundamental Theorem of Calculus,https://canvas.oregonstate.edu/courses/2080857/assignments/10586027,https://canvas.oregonstate.edu/courses/2080857/assignments/10586027,,,external_tool,Page may require external-tool handling beyond rendered Canvas text.,Inspect the captured page and decide whether the blocker affects required work.
sus-00093,2080857,MTH-252,medium,capture_issue,obj-mth-252-assignment-10586042,,,,00169-mth-252-linked-detail-achieve-4-10-antiderivatives,Achieve - 4.10 Antiderivatives,https://canvas.oregonstate.edu/courses/2080857/assignments/10586042,https://canvas.oregonstate.edu/courses/2080857/assignments/10586042,,,external_tool,Page may require external-tool handling beyond rendered Canvas text.,Inspect the captured page and decide whether the blocker affects required work.
sus-00094,2080857,MTH-252,medium,capture_issue,obj-mth-252-assignment-10586056,,,,00170-mth-252-linked-detail-module-3-written-homework-whw-3-3-hours,Module 3 — Written Homework (WHW 3) 🕓 3 hours,https://canvas.oregonstate.edu/courses/2080857/assignments/10586056,https://canvas.oregonstate.edu/courses/2080857/assignments/10586056,,,external_tool,Page may require external-tool handling beyond rendered Canvas text.,Inspect the captured page and decide whether the blocker affects required work.
sus-00095,2080857,MTH-252,medium,capture_issue,obj-mth-252-assignment-10586028,,,,00173-mth-252-linked-detail-achieve-1-4-integration-formulas-and-the-net-change-theorem,Achieve - 1.4 Integration Formulas and the Net Change Theorem,https://canvas.oregonstate.edu/courses/2080857/assignments/10586028,https://canvas.oregonstate.edu/courses/2080857/assignments/10586028,,,external_tool,Page may require external-tool handling beyond rendered Canvas text.,Inspect the captured page and decide whether the blocker affects required work.
sus-00096,2080857,MTH-252,medium,capture_issue,obj-mth-252-assignment-10586029,,,,00174-mth-252-linked-detail-achieve-1-5-substitution,Achieve - 1.5 Substitution,https://canvas.oregonstate.edu/courses/2080857/assignments/10586029,https://canvas.oregonstate.edu/courses/2080857/assignments/10586029,,,external_tool,Page may require external-tool handling beyond rendered Canvas text.,Inspect the captured page and decide whether the blocker affects required work.
sus-00097,2080857,MTH-252,medium,capture_issue,obj-mth-252-assignment-10586030,,,,00175-mth-252-linked-detail-achieve-1-6-integrals-involving-exponential-and-logarithmic-functions,Achieve - 1.6 Integrals Involving Exponential and Logarithmic Functions,https://canvas.oregonstate.edu/courses/2080857/assignments/10586030,https://canvas.oregonstate.edu/courses/2080857/assignments/10586030,,,external_tool,Page may require external-tool handling beyond rendered Canvas text.,Inspect the captured page and decide whether the blocker affects required work.
sus-00098,2080857,MTH-252,medium,capture_issue,obj-mth-252-assignment-10586037,,,,00182-mth-252-linked-detail-achieve-3-1-integration-by-parts,Achieve - 3.1 Integration by Parts,https://canvas.oregonstate.edu/courses/2080857/assignments/10586037,https://canvas.oregonstate.edu/courses/2080857/assignments/10586037,,,external_tool,Page may require external-tool handling beyond rendered Canvas text.,Inspect the captured page and decide whether the blocker affects required work.
sus-00099,2080857,MTH-252,medium,capture_issue,obj-mth-252-assignment-10586038,,,,00183-mth-252-linked-detail-achieve-3-2-trigonometric-integrals,Achieve - 3.2 Trigonometric Integrals,https://canvas.oregonstate.edu/courses/2080857/assignments/10586038,https://canvas.oregonstate.edu/courses/2080857/assignments/10586038,,,external_tool,Page may require external-tool handling beyond rendered Canvas text.,Inspect the captured page and decide whether the blocker affects required work.
sus-00100,2080857,MTH-252,medium,capture_issue,obj-mth-252-assignment-10586039,,,,00188-mth-252-linked-detail-achieve-3-3-trigonometric-substitution,Achieve - 3.3 Trigonometric Substitution,https://canvas.oregonstate.edu/courses/2080857/assignments/10586039,https://canvas.oregonstate.edu/courses/2080857/assignments/10586039,,,external_tool,Page may require external-tool handling beyond rendered Canvas text.,Inspect the captured page and decide whether the blocker affects required work.
sus-00101,2080857,MTH-252,medium,capture_issue,obj-mth-252-assignment-10586040,,,,00189-mth-252-linked-detail-achieve-3-4-partial-fractions,Achieve - 3.4 Partial Fractions,https://canvas.oregonstate.edu/courses/2080857/assignments/10586040,https://canvas.oregonstate.edu/courses/2080857/assignments/10586040,,,external_tool,Page may require external-tool handling beyond rendered Canvas text.,Inspect the captured page and decide whether the blocker affects required work.
sus-00102,2080857,MTH-252,medium,capture_issue,obj-mth-252-assignment-10586031,,,,00194-mth-252-linked-detail-achieve-2-1-areas-between-curves,Achieve - 2.1 Areas between Curves,https://canvas.oregonstate.edu/courses/2080857/assignments/10586031,https://canvas.oregonstate.edu/courses/2080857/assignments/10586031,,,external_tool,Page may require external-tool handling beyond rendered Canvas text.,Inspect the captured page and decide whether the blocker affects required work.
sus-00103,2080857,MTH-252,medium,capture_issue,obj-mth-252-assignment-10586032,,,,00195-mth-252-linked-detail-achieve-2-2-volumes-by-slicing-and-disc-washer-method,Achieve - 2.2 Volumes by Slicing and Disc/Washer Method,https://canvas.oregonstate.edu/courses/2080857/assignments/10586032,https://canvas.oregonstate.edu/courses/2080857/assignments/10586032,,,external_tool,Page may require external-tool handling beyond rendered Canvas text.,Inspect the captured page and decide whether the blocker affects required work.
sus-00104,2080857,MTH-252,medium,capture_issue,obj-mth-252-assignment-10586024,,,,00200-mth-252-linked-detail-acheive-2-4-arc-length-of-a-curve-no-surface-area,Acheive - 2.4 Arc Length of a Curve (NO Surface Area),https://canvas.oregonstate.edu/courses/2080857/assignments/10586024,https://canvas.oregonstate.edu/courses/2080857/assignments/10586024,,,external_tool,Page may require external-tool handling beyond rendered Canvas text.,Inspect the captured page and decide whether the blocker affects required work.
sus-00105,2080857,MTH-252,medium,capture_issue,obj-mth-252-assignment-10586033,,,,00201-mth-252-linked-detail-achieve-2-3-volumes-of-revolution-cylindrical-shells,Achieve - 2.3 Volumes of Revolution: Cylindrical Shells,https://canvas.oregonstate.edu/courses/2080857/assignments/10586033,https://canvas.oregonstate.edu/courses/2080857/assignments/10586033,,,external_tool,Page may require external-tool handling beyond rendered Canvas text.,Inspect the captured page and decide whether the blocker affects required work.
sus-00106,2080857,MTH-252,medium,capture_issue,obj-mth-252-assignment-10586034,,,,00207-mth-252-linked-detail-achieve-2-5-1-physical-applications,Achieve - 2.5 - 1 Physical Applications,https://canvas.oregonstate.edu/courses/2080857/assignments/10586034,https://canvas.oregonstate.edu/courses/2080857/assignments/10586034,,,external_tool,Page may require external-tool handling beyond rendered Canvas text.,Inspect the captured page and decide whether the blocker affects required work.
sus-00107,2080857,MTH-252,medium,capture_issue,obj-mth-252-assignment-10586036,,,,00208-mth-252-linked-detail-achieve-2-5-2-physical-applications,Achieve - 2.5 - 2 Physical Applications,https://canvas.oregonstate.edu/courses/2080857/assignments/10586036,https://canvas.oregonstate.edu/courses/2080857/assignments/10586036,,,external_tool,Page may require external-tool handling beyond rendered Canvas text.,Inspect the captured page and decide whether the blocker affects required work.
sus-00108,2080857,MTH-252,medium,capture_issue,obj-mth-252-assignment-10586041,,,,00212-mth-252-linked-detail-achieve-3-7-improper-integrals,Achieve - 3.7 Improper Integrals,https://canvas.oregonstate.edu/courses/2080857/assignments/10586041,https://canvas.oregonstate.edu/courses/2080857/assignments/10586041,,,external_tool,Page may require external-tool handling beyond rendered Canvas text.,Inspect the captured page and decide whether the blocker affects required work.
sus-00109,2080857,MTH-252,medium,capture_issue,obj-mth-252-assignment-10586064,,,,00214-mth-252-linked-detail-reflection-3,Reflection 3,https://canvas.oregonstate.edu/courses/2080857/assignments/10586064,https://canvas.oregonstate.edu/courses/2080857/assignments/10586064,,,external_tool,Page may require external-tool handling beyond rendered Canvas text.,Inspect the captured page and decide whether the blocker affects required work.
sus-00110,2080857,MTH-252,medium,capture_issue,obj-mth-252-assignment-10586047,,,,00218-mth-252-linked-detail-mini-exam-2-retake,Mini-Exam 2 - Retake,https://canvas.oregonstate.edu/courses/2080857/assignments/10586047,https://canvas.oregonstate.edu/courses/2080857/assignments/10586047,,,external_tool,Page may require external-tool handling beyond rendered Canvas text.,Inspect the captured page and decide whether the blocker affects required work.
sus-00111,2080857,MTH-252,medium,capture_issue,obj-mth-252-assignment-10586049,,,,00219-mth-252-linked-detail-mini-exam-3-retake,Mini-Exam 3 - Retake,https://canvas.oregonstate.edu/courses/2080857/assignments/10586049,https://canvas.oregonstate.edu/courses/2080857/assignments/10586049,,,external_tool,Page may require external-tool handling beyond rendered Canvas text.,Inspect the captured page and decide whether the blocker affects required work.
sus-00112,2080857,MTH-252,medium,capture_issue,obj-mth-252-assignment-10586051,,,,00220-mth-252-linked-detail-mini-exam-4-retake,Mini-Exam 4 - Retake,https://canvas.oregonstate.edu/courses/2080857/assignments/10586051,https://canvas.oregonstate.edu/courses/2080857/assignments/10586051,,,external_tool,Page may require external-tool handling beyond rendered Canvas text.,Inspect the captured page and decide whether the blocker affects required work.
sus-00113,2053263,MTH-253,medium,capture_issue,obj-mth-253-page-unit-1-learning-materials,,,,00243-mth-253-module-item-unit-1-learning-materials-sequences-and-series-mth-253z-400-u2026,Unit 1 - Learning Materials: SEQUENCES AND SERIES (MTH_253Z_400_U2026),https://canvas.oregonstate.edu/courses/2053263/modules/items/26885530,https://canvas.oregonstate.edu/courses/2053263/pages/unit-1-learning-materials?module_item_id=26885530,,,external_tool,Page may require external-tool handling beyond rendered Canvas text.,Inspect the captured page and decide whether the blocker affects required work.
sus-00114,2053263,MTH-253,medium,capture_issue,obj-mth-253-assignment-10584258,,,,00247-mth-253-module-item-week-1-web-homework-infinity-and-limits-indeterminates-improper-integrals,"Week 1 Web Homework: Infinity and Limits, Indeterminates, Improper Integrals",https://canvas.oregonstate.edu/courses/2053263/modules/items/26977416,https://canvas.oregonstate.edu/courses/2053263/assignments/10584258?module_item_id=26977416,,,external_tool,Page may require external-tool handling beyond rendered Canvas text.,Inspect the captured page and decide whether the blocker affects required work.
sus-00115,2053263,MTH-253,medium,capture_issue,obj-mth-253-page-unit-2-learning-materials,,,,00251-mth-253-module-item-unit-2-learning-materials-sequences-and-series-mth-253z-400-u2026,Unit 2 - Learning Materials: SEQUENCES AND SERIES (MTH_253Z_400_U2026),https://canvas.oregonstate.edu/courses/2053263/modules/items/26885543,https://canvas.oregonstate.edu/courses/2053263/pages/unit-2-learning-materials?module_item_id=26885543,,,external_tool,Page may require external-tool handling beyond rendered Canvas text.,Inspect the captured page and decide whether the blocker affects required work.
sus-00116,2053263,MTH-253,medium,capture_issue,obj-mth-253-assignment-10584372,,,,00253-mth-253-module-item-week-2-web-homework-sequences,Week 2 Web Homework: Sequences,https://canvas.oregonstate.edu/courses/2053263/modules/items/26977767,https://canvas.oregonstate.edu/courses/2053263/assignments/10584372?module_item_id=26977767,,,external_tool,Page may require external-tool handling beyond rendered Canvas text.,Inspect the captured page and decide whether the blocker affects required work.
sus-00117,2053263,MTH-253,medium,capture_issue,obj-mth-253-assignment-10553180,,,,00254-mth-253-module-item-unit-2-written-homework-assignment,Unit 2 - Written Homework Assignment,https://canvas.oregonstate.edu/courses/2053263/modules/items/26885550,https://canvas.oregonstate.edu/courses/2053263/assignments/10553180?module_item_id=26885550,,,external_tool,Page may require external-tool handling beyond rendered Canvas text.,Inspect the captured page and decide whether the blocker affects required work.
sus-00118,2053263,MTH-253,medium,capture_issue,obj-mth-253-assignment-10584373,,,,00255-mth-253-module-item-week-3-web-homework-introduction-to-series,Week 3 Web Homework: Introduction to Series,https://canvas.oregonstate.edu/courses/2053263/modules/items/26977769,https://canvas.oregonstate.edu/courses/2053263/assignments/10584373?module_item_id=26977769,,,external_tool,Page may require external-tool handling beyond rendered Canvas text.,Inspect the captured page and decide whether the blocker affects required work.
sus-00119,2053263,MTH-253,medium,capture_issue,obj-mth-253-assignment-10584431,,,,00259-mth-253-module-item-week-4-web-homework-the-divergence-and-integral-tests,Week 4 Web Homework: The Divergence and Integral Tests,https://canvas.oregonstate.edu/courses/2053263/modules/items/26977967,https://canvas.oregonstate.edu/courses/2053263/assignments/10584431?module_item_id=26977967,,,external_tool,Page may require external-tool handling beyond rendered Canvas text.,Inspect the captured page and decide whether the blocker affects required work.
sus-00120,2053263,MTH-253,medium,capture_issue,obj-mth-253-assignment-10584434,,,,00260-mth-253-module-item-week-5-web-homework-comparison-and-alternate-series-tests,Week 5 Web Homework: Comparison and Alternate Series Tests,https://canvas.oregonstate.edu/courses/2053263/modules/items/26977977,https://canvas.oregonstate.edu/courses/2053263/assignments/10584434?module_item_id=26977977,,,external_tool,Page may require external-tool handling beyond rendered Canvas text.,Inspect the captured page and decide whether the blocker affects required work.
sus-00121,2053263,MTH-253,medium,capture_issue,obj-mth-253-assignment-10584435,,,,00263-mth-253-module-item-week-6-web-homework-ratio-and-root-tests,Week 6 Web Homework: Ratio and Root Tests,https://canvas.oregonstate.edu/courses/2053263/modules/items/26977980,https://canvas.oregonstate.edu/courses/2053263/assignments/10584435?module_item_id=26977980,,,external_tool,Page may require external-tool handling beyond rendered Canvas text.,Inspect the captured page and decide whether the blocker affects required work.
sus-00122,2053263,MTH-253,medium,capture_issue,obj-mth-253-assignment-10584436,,,,00267-mth-253-module-item-week-7-web-homework-power-series-and-functions,Week 7 Web Homework: Power Series and Functions,https://canvas.oregonstate.edu/courses/2053263/modules/items/26977982,https://canvas.oregonstate.edu/courses/2053263/assignments/10584436?module_item_id=26977982,,,external_tool,Page may require external-tool handling beyond rendered Canvas text.,Inspect the captured page and decide whether the blocker affects required work.
sus-00123,2053263,MTH-253,medium,capture_issue,obj-mth-253-assignment-10584437,,,,00268-mth-253-module-item-week-8-web-homework-taylor-and-maclaurin-series,Week 8 Web Homework Taylor and Maclaurin Series,https://canvas.oregonstate.edu/courses/2053263/modules/items/26977985,https://canvas.oregonstate.edu/courses/2053263/assignments/10584437?module_item_id=26977985,,,external_tool,Page may require external-tool handling beyond rendered Canvas text.,Inspect the captured page and decide whether the blocker affects required work.
sus-00124,2053263,MTH-253,medium,capture_issue,obj-mth-253-assignment-10584438,,,,00272-mth-253-module-item-week-9-web-homework-properties-of-power-series,Week 9 Web Homework: Properties of Power Series,https://canvas.oregonstate.edu/courses/2053263/modules/items/26977987,https://canvas.oregonstate.edu/courses/2053263/assignments/10584438?module_item_id=26977987,,,external_tool,Page may require external-tool handling beyond rendered Canvas text.,Inspect the captured page and decide whether the blocker affects required work.
sus-00125,2053263,MTH-253,medium,capture_issue,obj-mth-253-assignment-10584439,,,,00276-mth-253-module-item-week-10-web-homework-working-with-taylor-series,Week 10 Web Homework: Working with Taylor Series,https://canvas.oregonstate.edu/courses/2053263/modules/items/26977989,https://canvas.oregonstate.edu/courses/2053263/assignments/10584439?module_item_id=26977989,,,external_tool,Page may require external-tool handling beyond rendered Canvas text.,Inspect the captured page and decide whether the blocker affects required work.
sus-00126,2053263,MTH-253,medium,capture_issue,obj-mth-253-assignment-10584258,,,,00287-mth-253-linked-detail-week-1-web-homework-infinity-and-limits-indeterminates-improper-integrals,"Week 1 Web Homework: Infinity and Limits, Indeterminates, Improper Integrals",https://canvas.oregonstate.edu/courses/2053263/assignments/10584258,https://canvas.oregonstate.edu/courses/2053263/assignments/10584258,,,external_tool,Page may require external-tool handling beyond rendered Canvas text.,Inspect the captured page and decide whether the blocker affects required work.
sus-00127,2053263,MTH-253,medium,capture_issue,obj-mth-253-assignment-10584372,,,,00289-mth-253-linked-detail-week-2-web-homework-sequences,Week 2 Web Homework: Sequences,https://canvas.oregonstate.edu/courses/2053263/assignments/10584372,https://canvas.oregonstate.edu/courses/2053263/assignments/10584372,,,external_tool,Page may require external-tool handling beyond rendered Canvas text.,Inspect the captured page and decide whether the blocker affects required work.
sus-00128,2053263,MTH-253,medium,capture_issue,obj-mth-253-assignment-10553180,,,,00290-mth-253-linked-detail-unit-2-written-homework-assignment,Unit 2 - Written Homework Assignment,https://canvas.oregonstate.edu/courses/2053263/assignments/10553180,https://canvas.oregonstate.edu/courses/2053263/assignments/10553180,,,external_tool,Page may require external-tool handling beyond rendered Canvas text.,Inspect the captured page and decide whether the blocker affects required work.
sus-00129,2053263,MTH-253,medium,capture_issue,obj-mth-253-assignment-10584373,,,,00291-mth-253-linked-detail-week-3-web-homework-introduction-to-series,Week 3 Web Homework: Introduction to Series,https://canvas.oregonstate.edu/courses/2053263/assignments/10584373,https://canvas.oregonstate.edu/courses/2053263/assignments/10584373,,,external_tool,Page may require external-tool handling beyond rendered Canvas text.,Inspect the captured page and decide whether the blocker affects required work.
sus-00130,2053263,MTH-253,medium,capture_issue,obj-mth-253-assignment-10584431,,,,00293-mth-253-linked-detail-week-4-web-homework-the-divergence-and-integral-tests,Week 4 Web Homework: The Divergence and Integral Tests,https://canvas.oregonstate.edu/courses/2053263/assignments/10584431,https://canvas.oregonstate.edu/courses/2053263/assignments/10584431,,,external_tool,Page may require external-tool handling beyond rendered Canvas text.,Inspect the captured page and decide whether the blocker affects required work.
sus-00131,2053263,MTH-253,medium,capture_issue,obj-mth-253-assignment-10584434,,,,00294-mth-253-linked-detail-week-5-web-homework-comparison-and-alternate-series-tests,Week 5 Web Homework: Comparison and Alternate Series Tests,https://canvas.oregonstate.edu/courses/2053263/assignments/10584434,https://canvas.oregonstate.edu/courses/2053263/assignments/10584434,,,external_tool,Page may require external-tool handling beyond rendered Canvas text.,Inspect the captured page and decide whether the blocker affects required work.
sus-00132,2053263,MTH-253,medium,capture_issue,obj-mth-253-assignment-10584435,,,,00297-mth-253-linked-detail-week-6-web-homework-ratio-and-root-tests,Week 6 Web Homework: Ratio and Root Tests,https://canvas.oregonstate.edu/courses/2053263/assignments/10584435,https://canvas.oregonstate.edu/courses/2053263/assignments/10584435,,,external_tool,Page may require external-tool handling beyond rendered Canvas text.,Inspect the captured page and decide whether the blocker affects required work.
sus-00133,2053263,MTH-253,medium,capture_issue,obj-mth-253-assignment-10584436,,,,00299-mth-253-linked-detail-week-7-web-homework-power-series-and-functions,Week 7 Web Homework: Power Series and Functions,https://canvas.oregonstate.edu/courses/2053263/assignments/10584436,https://canvas.oregonstate.edu/courses/2053263/assignments/10584436,,,external_tool,Page may require external-tool handling beyond rendered Canvas text.,Inspect the captured page and decide whether the blocker affects required work.
sus-00134,2053263,MTH-253,medium,capture_issue,obj-mth-253-assignment-10584437,,,,00300-mth-253-linked-detail-week-8-web-homework-taylor-and-maclaurin-series,Week 8 Web Homework Taylor and Maclaurin Series,https://canvas.oregonstate.edu/courses/2053263/assignments/10584437,https://canvas.oregonstate.edu/courses/2053263/assignments/10584437,,,external_tool,Page may require external-tool handling beyond rendered Canvas text.,Inspect the captured page and decide whether the blocker affects required work.
sus-00135,2053263,MTH-253,medium,capture_issue,obj-mth-253-assignment-10584438,,,,00303-mth-253-linked-detail-week-9-web-homework-properties-of-power-series,Week 9 Web Homework: Properties of Power Series,https://canvas.oregonstate.edu/courses/2053263/assignments/10584438,https://canvas.oregonstate.edu/courses/2053263/assignments/10584438,,,external_tool,Page may require external-tool handling beyond rendered Canvas text.,Inspect the captured page and decide whether the blocker affects required work.
sus-00136,2053263,MTH-253,medium,capture_issue,obj-mth-253-assignment-10584439,,,,00306-mth-253-linked-detail-week-10-web-homework-working-with-taylor-series,Week 10 Web Homework: Working with Taylor Series,https://canvas.oregonstate.edu/courses/2053263/assignments/10584439,https://canvas.oregonstate.edu/courses/2053263/assignments/10584439,,,external_tool,Page may require external-tool handling beyond rendered Canvas text.,Inspect the captured page and decide whether the blocker affects required work.
sus-00137,2053526,PHY-212,medium,capture_issue,obj-phy-212-page-start-here-overview,,,,00324-phy-212-module-item-start-here-overview-general-physics-with-calculus-ph-212-400-u2026,Start Here - Overview: GENERAL PHYSICS WITH CALCULUS (PH_212_400_U2026),https://canvas.oregonstate.edu/courses/2053526/modules/items/26896930,https://canvas.oregonstate.edu/courses/2053526/pages/start-here-overview?module_item_id=26896930,,,external_tool,Page may require external-tool handling beyond rendered Canvas text.,Inspect the captured page and decide whether the blocker affects required work.
sus-00138,2053526,PHY-212,medium,capture_issue,obj-phy-212-page-excel-skills-handout-2,,,,00369-phy-212-module-item-excel-skills-handout-general-physics-with-calculus-ph-212-400-u2026,Excel Skills Handout: GENERAL PHYSICS WITH CALCULUS (PH_212_400_U2026),https://canvas.oregonstate.edu/courses/2053526/modules/items/26896976,https://canvas.oregonstate.edu/courses/2053526/pages/excel-skills-handout-2?module_item_id=26896976,,,external_tool,Page may require external-tool handling beyond rendered Canvas text.,Inspect the captured page and decide whether the blocker affects required work.
sus-00139,2053526,PHY-212,medium,capture_issue,obj-phy-212-assignment-10557070,,,,00390-phy-212-assignment-detail-m2-1pre,M2-1pre,https://canvas.oregonstate.edu/courses/2053526/assignments/10557070,https://canvas.oregonstate.edu/courses/2053526/assignments/10557070,,,external_tool,Page may require external-tool handling beyond rendered Canvas text.,Inspect the captured page and decide whether the blocker affects required work.
sus-00140,2053526,PHY-212,medium,capture_issue,obj-phy-212-assignment-10557057,,,,00397-phy-212-assignment-detail-lab-1-report,Lab 1 Report,https://canvas.oregonstate.edu/courses/2053526/assignments/10557057,https://canvas.oregonstate.edu/courses/2053526/assignments/10557057,,,external_tool,Page may require external-tool handling beyond rendered Canvas text.,Inspect the captured page and decide whether the blocker affects required work.
sus-00141,2053526,PHY-212,medium,access_followup,obj-phy-212-assignment-10557058,,,,00399-phy-212-assignment-detail-lab-2-group-report,Lab 2 Group Report,https://canvas.oregonstate.edu/courses/2053526/assignments/10557058,https://canvas.oregonstate.edu/courses/2053526/assignments/10557058,,,expected_access_denied_until_released,"The Lab 2 report link is present, but a current course announcement says TA meetings and lab group reports start next week.; original_issue=external_tool; Page may require external-tool handling beyond rendered Canvas text.",Treat as a future Gradescope/lab workflow item; retry when Lab 2 opens or after the TA meeting window starts.
sus-00142,2080857,MTH-252,medium,capture_issue,obj-mth-252-assignment-10586053,,,,00445-mth-252-linked-detail-module-1-written-homework-whw-1-2-hours,Module 1 — Written Homework (WHW 1) 🕓 2 hours,https://canvas.oregonstate.edu/courses/2080857/assignments/10586053?module_item_id=26982549#,https://canvas.oregonstate.edu/courses/2080857/assignments/10586053?module_item_id=26982549#,,,external_tool,Page may require external-tool handling beyond rendered Canvas text.,Inspect the captured page and decide whether the blocker affects required work.
sus-00143,2080857,MTH-252,medium,capture_issue,obj-mth-252-assignment-10586044,,,,00446-mth-252-linked-detail-intro-reflect-1,Intro Reflect 1,https://canvas.oregonstate.edu/courses/2080857/assignments/10586044?module_item_id=26982550#,https://canvas.oregonstate.edu/courses/2080857/assignments/10586044?module_item_id=26982550#,,,external_tool,Page may require external-tool handling beyond rendered Canvas text.,Inspect the captured page and decide whether the blocker affects required work.
sus-00144,2080857,MTH-252,medium,capture_issue,obj-mth-252-assignment-10586025,,,,00447-mth-252-linked-detail-achieve-1-1-approximating-areas,Achieve - 1.1 Approximating Areas,https://canvas.oregonstate.edu/courses/2080857/assignments/10586025?module_item_id=26982551#,https://canvas.oregonstate.edu/courses/2080857/assignments/10586025?module_item_id=26982551#,,,external_tool,Page may require external-tool handling beyond rendered Canvas text.,Inspect the captured page and decide whether the blocker affects required work.
sus-00145,2080857,MTH-252,medium,capture_issue,obj-mth-252-assignment-10586055,,,,00450-mth-252-linked-detail-module-2-written-homework-whw-2-3-hours,Module 2 — Written Homework (WHW 2) 🕓 3 hours,https://canvas.oregonstate.edu/courses/2080857/assignments/10586055?module_item_id=26982558#,https://canvas.oregonstate.edu/courses/2080857/assignments/10586055?module_item_id=26982558#,,,external_tool,Page may require external-tool handling beyond rendered Canvas text.,Inspect the captured page and decide whether the blocker affects required work.
sus-00146,2080857,MTH-252,medium,capture_issue,obj-mth-252-assignment-10586063,,,,00451-mth-252-linked-detail-reflection-2,Reflection 2,https://canvas.oregonstate.edu/courses/2080857/assignments/10586063?module_item_id=26982559#,https://canvas.oregonstate.edu/courses/2080857/assignments/10586063?module_item_id=26982559#,,,external_tool,Page may require external-tool handling beyond rendered Canvas text.,Inspect the captured page and decide whether the blocker affects required work.
sus-00147,2080857,MTH-252,medium,capture_issue,obj-mth-252-assignment-10586026,,,,00452-mth-252-linked-detail-achieve-1-2-the-definite-integral,Achieve - 1.2 The Definite Integral,https://canvas.oregonstate.edu/courses/2080857/assignments/10586026?module_item_id=26982560#,https://canvas.oregonstate.edu/courses/2080857/assignments/10586026?module_item_id=26982560#,,,external_tool,Page may require external-tool handling beyond rendered Canvas text.,Inspect the captured page and decide whether the blocker affects required work.
sus-00148,2080857,MTH-252,medium,capture_issue,obj-mth-252-assignment-10586045,,,,00454-mth-252-linked-detail-mini-exam-1-tues-thur-no-calculators,Mini-Exam 1 - Tues - Thur --> No Calculators,https://canvas.oregonstate.edu/courses/2080857/assignments/10586045?module_item_id=26982562#,https://canvas.oregonstate.edu/courses/2080857/assignments/10586045?module_item_id=26982562#,,,external_tool,Page may require external-tool handling beyond rendered Canvas text.,Inspect the captured page and decide whether the blocker affects required work.
sus-00149,2080857,MTH-252,medium,capture_issue,obj-mth-252-assignment-10586056,,,,00460-mth-252-linked-detail-module-3-written-homework-whw-3-3-hours,Module 3 — Written Homework (WHW 3) 🕓 3 hours,https://canvas.oregonstate.edu/courses/2080857/assignments/10586056?module_item_id=26982568#,https://canvas.oregonstate.edu/courses/2080857/assignments/10586056?module_item_id=26982568#,,,external_tool,Page may require external-tool handling beyond rendered Canvas text.,Inspect the captured page and decide whether the blocker affects required work.
sus-00150,2080857,MTH-252,medium,capture_issue,obj-mth-252-assignment-10586027,,,,00461-mth-252-linked-detail-achieve-1-3-the-fundamental-theorem-of-calculus,Achieve - 1.3 The Fundamental Theorem of Calculus,https://canvas.oregonstate.edu/courses/2080857/assignments/10586027?module_item_id=26982569#,https://canvas.oregonstate.edu/courses/2080857/assignments/10586027?module_item_id=26982569#,,,external_tool,Page may require external-tool handling beyond rendered Canvas text.,Inspect the captured page and decide whether the blocker affects required work.
sus-00151,2080857,MTH-252,medium,capture_issue,obj-mth-252-assignment-10586042,,,,00462-mth-252-linked-detail-achieve-4-10-antiderivatives,Achieve - 4.10 Antiderivatives,https://canvas.oregonstate.edu/courses/2080857/assignments/10586042?module_item_id=26982570#,https://canvas.oregonstate.edu/courses/2080857/assignments/10586042?module_item_id=26982570#,,,external_tool,Page may require external-tool handling beyond rendered Canvas text.,Inspect the captured page and decide whether the blocker affects required work.
sus-00152,2080857,MTH-252,medium,capture_issue,obj-mth-252-assignment-10586028,,,,00471-mth-252-linked-detail-achieve-1-4-integration-formulas-and-the-net-change-theorem,Achieve - 1.4 Integration Formulas and the Net Change Theorem,https://canvas.oregonstate.edu/courses/2080857/assignments/10586028?module_item_id=26982581#,https://canvas.oregonstate.edu/courses/2080857/assignments/10586028?module_item_id=26982581#,,,external_tool,Page may require external-tool handling beyond rendered Canvas text.,Inspect the captured page and decide whether the blocker affects required work.
sus-00153,2080857,MTH-252,medium,capture_issue,obj-mth-252-assignment-10586029,,,,00472-mth-252-linked-detail-achieve-1-5-substitution,Achieve - 1.5 Substitution,https://canvas.oregonstate.edu/courses/2080857/assignments/10586029?module_item_id=26982582#,https://canvas.oregonstate.edu/courses/2080857/assignments/10586029?module_item_id=26982582#,,,external_tool,Page may require external-tool handling beyond rendered Canvas text.,Inspect the captured page and decide whether the blocker affects required work.
sus-00154,2080857,MTH-252,medium,capture_issue,obj-mth-252-assignment-10586030,,,,00473-mth-252-linked-detail-achieve-1-6-integrals-involving-exponential-and-logarithmic-functions,Achieve - 1.6 Integrals Involving Exponential and Logarithmic Functions,https://canvas.oregonstate.edu/courses/2080857/assignments/10586030?module_item_id=26982583#,https://canvas.oregonstate.edu/courses/2080857/assignments/10586030?module_item_id=26982583#,,,external_tool,Page may require external-tool handling beyond rendered Canvas text.,Inspect the captured page and decide whether the blocker affects required work.
sus-00155,2080857,MTH-252,medium,capture_issue,obj-mth-252-assignment-10586037,,,,00482-mth-252-linked-detail-achieve-3-1-integration-by-parts,Achieve - 3.1 Integration by Parts,https://canvas.oregonstate.edu/courses/2080857/assignments/10586037?module_item_id=26982595#,https://canvas.oregonstate.edu/courses/2080857/assignments/10586037?module_item_id=26982595#,,,external_tool,Page may require external-tool handling beyond rendered Canvas text.,Inspect the captured page and decide whether the blocker affects required work.
sus-00156,2080857,MTH-252,medium,capture_issue,obj-mth-252-assignment-10586038,,,,00483-mth-252-linked-detail-achieve-3-2-trigonometric-integrals,Achieve - 3.2 Trigonometric Integrals,https://canvas.oregonstate.edu/courses/2080857/assignments/10586038?module_item_id=26982596#,https://canvas.oregonstate.edu/courses/2080857/assignments/10586038?module_item_id=26982596#,,,external_tool,Page may require external-tool handling beyond rendered Canvas text.,Inspect the captured page and decide whether the blocker affects required work.
sus-00157,2080857,MTH-252,medium,capture_issue,obj-mth-252-assignment-10586039,,,,00488-mth-252-linked-detail-achieve-3-3-trigonometric-substitution,Achieve - 3.3 Trigonometric Substitution,https://canvas.oregonstate.edu/courses/2080857/assignments/10586039?module_item_id=26982605#,https://canvas.oregonstate.edu/courses/2080857/assignments/10586039?module_item_id=26982605#,,,external_tool,Page may require external-tool handling beyond rendered Canvas text.,Inspect the captured page and decide whether the blocker affects required work.
sus-00158,2080857,MTH-252,medium,capture_issue,obj-mth-252-assignment-10586040,,,,00489-mth-252-linked-detail-achieve-3-4-partial-fractions,Achieve - 3.4 Partial Fractions,https://canvas.oregonstate.edu/courses/2080857/assignments/10586040?module_item_id=26982606#,https://canvas.oregonstate.edu/courses/2080857/assignments/10586040?module_item_id=26982606#,,,external_tool,Page may require external-tool handling beyond rendered Canvas text.,Inspect the captured page and decide whether the blocker affects required work.
sus-00159,2080857,MTH-252,medium,capture_issue,obj-mth-252-assignment-10586031,,,,00497-mth-252-linked-detail-achieve-2-1-areas-between-curves,Achieve - 2.1 Areas between Curves,https://canvas.oregonstate.edu/courses/2080857/assignments/10586031?module_item_id=26982615#,https://canvas.oregonstate.edu/courses/2080857/assignments/10586031?module_item_id=26982615#,,,external_tool,Page may require external-tool handling beyond rendered Canvas text.,Inspect the captured page and decide whether the blocker affects required work.
sus-00160,2080857,MTH-252,medium,capture_issue,obj-mth-252-assignment-10586032,,,,00498-mth-252-linked-detail-achieve-2-2-volumes-by-slicing-and-disc-washer-method,Achieve - 2.2 Volumes by Slicing and Disc/Washer Method,https://canvas.oregonstate.edu/courses/2080857/assignments/10586032?module_item_id=26982616#,https://canvas.oregonstate.edu/courses/2080857/assignments/10586032?module_item_id=26982616#,,,external_tool,Page may require external-tool handling beyond rendered Canvas text.,Inspect the captured page and decide whether the blocker affects required work.
sus-00161,2080857,MTH-252,medium,capture_issue,obj-mth-252-assignment-10586033,,,,00504-mth-252-linked-detail-achieve-2-3-volumes-of-revolution-cylindrical-shells,Achieve - 2.3 Volumes of Revolution: Cylindrical Shells,https://canvas.oregonstate.edu/courses/2080857/assignments/10586033?module_item_id=26982628#,https://canvas.oregonstate.edu/courses/2080857/assignments/10586033?module_item_id=26982628#,,,external_tool,Page may require external-tool handling beyond rendered Canvas text.,Inspect the captured page and decide whether the blocker affects required work.
sus-00162,2080857,MTH-252,medium,capture_issue,obj-mth-252-assignment-10586024,,,,00505-mth-252-linked-detail-acheive-2-4-arc-length-of-a-curve-no-surface-area,Acheive - 2.4 Arc Length of a Curve (NO Surface Area),https://canvas.oregonstate.edu/courses/2080857/assignments/10586024?module_item_id=26982629#,https://canvas.oregonstate.edu/courses/2080857/assignments/10586024?module_item_id=26982629#,,,external_tool,Page may require external-tool handling beyond rendered Canvas text.,Inspect the captured page and decide whether the blocker affects required work.
sus-00163,2080857,MTH-252,medium,capture_issue,obj-mth-252-assignment-10586034,,,,00513-mth-252-linked-detail-achieve-2-5-1-physical-applications,Achieve - 2.5 - 1 Physical Applications,https://canvas.oregonstate.edu/courses/2080857/assignments/10586034?module_item_id=26982638#,https://canvas.oregonstate.edu/courses/2080857/assignments/10586034?module_item_id=26982638#,,,external_tool,Page may require external-tool handling beyond rendered Canvas text.,Inspect the captured page and decide whether the blocker affects required work.
sus-00164,2080857,MTH-252,medium,capture_issue,obj-mth-252-assignment-10586036,,,,00514-mth-252-linked-detail-achieve-2-5-2-physical-applications,Achieve - 2.5 - 2 Physical Applications,https://canvas.oregonstate.edu/courses/2080857/assignments/10586036?module_item_id=26982639#,https://canvas.oregonstate.edu/courses/2080857/assignments/10586036?module_item_id=26982639#,,,external_tool,Page may require external-tool handling beyond rendered Canvas text.,Inspect the captured page and decide whether the blocker affects required work.
sus-00165,2080857,MTH-252,medium,capture_issue,obj-mth-252-assignment-10586064,,,,00518-mth-252-linked-detail-reflection-3,Reflection 3,https://canvas.oregonstate.edu/courses/2080857/assignments/10586064?module_item_id=26982647#,https://canvas.oregonstate.edu/courses/2080857/assignments/10586064?module_item_id=26982647#,,,external_tool,Page may require external-tool handling beyond rendered Canvas text.,Inspect the captured page and decide whether the blocker affects required work.
sus-00166,2080857,MTH-252,medium,capture_issue,obj-mth-252-assignment-10586041,,,,00519-mth-252-linked-detail-achieve-3-7-improper-integrals,Achieve - 3.7 Improper Integrals,https://canvas.oregonstate.edu/courses/2080857/assignments/10586041?module_item_id=26982648#,https://canvas.oregonstate.edu/courses/2080857/assignments/10586041?module_item_id=26982648#,,,external_tool,Page may require external-tool handling beyond rendered Canvas text.,Inspect the captured page and decide whether the blocker affects required work.
sus-00167,2080857,MTH-252,medium,capture_issue,obj-mth-252-assignment-10586047,,,,00524-mth-252-linked-detail-mini-exam-2-retake,Mini-Exam 2 - Retake,https://canvas.oregonstate.edu/courses/2080857/assignments/10586047?module_item_id=26982654#,https://canvas.oregonstate.edu/courses/2080857/assignments/10586047?module_item_id=26982654#,,,external_tool,Page may require external-tool handling beyond rendered Canvas text.,Inspect the captured page and decide whether the blocker affects required work.
sus-00168,2080857,MTH-252,medium,capture_issue,obj-mth-252-assignment-10586049,,,,00526-mth-252-linked-detail-mini-exam-3-retake,Mini-Exam 3 - Retake,https://canvas.oregonstate.edu/courses/2080857/assignments/10586049?module_item_id=26982655#,https://canvas.oregonstate.edu/courses/2080857/assignments/10586049?module_item_id=26982655#,,,external_tool,Page may require external-tool handling beyond rendered Canvas text.,Inspect the captured page and decide whether the blocker affects required work.
sus-00169,2080857,MTH-252,medium,capture_issue,obj-mth-252-assignment-10586051,,,,00528-mth-252-linked-detail-mini-exam-4-retake,Mini-Exam 4 - Retake,https://canvas.oregonstate.edu/courses/2080857/assignments/10586051?module_item_id=26982656#,https://canvas.oregonstate.edu/courses/2080857/assignments/10586051?module_item_id=26982656#,,,external_tool,Page may require external-tool handling beyond rendered Canvas text.,Inspect the captured page and decide whether the blocker affects required work.
sus-00170,2053263,MTH-253,high,capture_issue,obj-mth-253-quiz-3166971,,,,00538-mth-253-linked-detail-unauthorized,Unauthorized,https://canvas.oregonstate.edu/courses/2053263/quizzes/3166971/questions/59149565,https://canvas.oregonstate.edu/courses/2053263/quizzes/3166971/questions/59149565,,,unauthorized,Captured page appears to be unauthorized or access denied.,Inspect the captured page and decide whether the blocker affects required work.
sus-00171,2053263,MTH-253,high,capture_issue,obj-mth-253-quiz-3166971,,,,00539-mth-253-linked-detail-unauthorized,Unauthorized,https://canvas.oregonstate.edu/courses/2053263/quizzes/3166971/questions/59149944,https://canvas.oregonstate.edu/courses/2053263/quizzes/3166971/questions/59149944,,,unauthorized,Captured page appears to be unauthorized or access denied.,Inspect the captured page and decide whether the blocker affects required work.
sus-00172,2053263,MTH-253,medium,capture_issue,obj-mth-253-page-unit-1-learning-materials,,,,00541-mth-253-linked-detail-unit-1-learning-materials-sequences-and-series-mth-253z-400-u2026,Unit 1 - Learning Materials: SEQUENCES AND SERIES (MTH_253Z_400_U2026),https://canvas.oregonstate.edu/courses/2053263/pages/unit-1-learning-materials?module_item_id=26885530#,https://canvas.oregonstate.edu/courses/2053263/pages/unit-1-learning-materials?module_item_id=26885530#,,,external_tool,Page may require external-tool handling beyond rendered Canvas text.,Inspect the captured page and decide whether the blocker affects required work.
sus-00173,2053263,MTH-253,medium,capture_issue,obj-mth-253-assignment-10584258,,,,00547-mth-253-linked-detail-week-1-web-homework-infinity-and-limits-indeterminates-improper-integrals,"Week 1 Web Homework: Infinity and Limits, Indeterminates, Improper Integrals",https://canvas.oregonstate.edu/courses/2053263/assignments/10584258?module_item_id=26977416#,https://canvas.oregonstate.edu/courses/2053263/assignments/10584258?module_item_id=26977416#,,,external_tool,Page may require external-tool handling beyond rendered Canvas text.,Inspect the captured page and decide whether the blocker affects required work.
sus-00174,2053263,MTH-253,medium,capture_issue,obj-mth-253-page-unit-2-learning-materials,,,,00549-mth-253-linked-detail-unit-2-learning-materials-sequences-and-series-mth-253z-400-u2026,Unit 2 - Learning Materials: SEQUENCES AND SERIES (MTH_253Z_400_U2026),https://canvas.oregonstate.edu/courses/2053263/pages/unit-2-learning-materials?module_item_id=26885543#,https://canvas.oregonstate.edu/courses/2053263/pages/unit-2-learning-materials?module_item_id=26885543#,,,external_tool,Page may require external-tool handling beyond rendered Canvas text.,Inspect the captured page and decide whether the blocker affects required work.
sus-00175,2053263,MTH-253,medium,capture_issue,obj-mth-253-assignment-10584372,,,,00558-mth-253-linked-detail-week-2-web-homework-sequences,Week 2 Web Homework: Sequences,https://canvas.oregonstate.edu/courses/2053263/assignments/10584372?module_item_id=26977767#,https://canvas.oregonstate.edu/courses/2053263/assignments/10584372?module_item_id=26977767#,,,external_tool,Page may require external-tool handling beyond rendered Canvas text.,Inspect the captured page and decide whether the blocker affects required work.
sus-00176,2053263,MTH-253,medium,capture_issue,obj-mth-253-assignment-10553180,,,,00560-mth-253-linked-detail-unit-2-written-homework-assignment,Unit 2 - Written Homework Assignment,https://canvas.oregonstate.edu/courses/2053263/assignments/10553180?module_item_id=26885550#,https://canvas.oregonstate.edu/courses/2053263/assignments/10553180?module_item_id=26885550#,,,external_tool,Page may require external-tool handling beyond rendered Canvas text.,Inspect the captured page and decide whether the blocker affects required work.
sus-00177,2053263,MTH-253,medium,capture_issue,obj-mth-253-assignment-10584373,,,,00561-mth-253-linked-detail-week-3-web-homework-introduction-to-series,Week 3 Web Homework: Introduction to Series,https://canvas.oregonstate.edu/courses/2053263/assignments/10584373?module_item_id=26977769#,https://canvas.oregonstate.edu/courses/2053263/assignments/10584373?module_item_id=26977769#,,,external_tool,Page may require external-tool handling beyond rendered Canvas text.,Inspect the captured page and decide whether the blocker affects required work.
sus-00178,2053263,MTH-253,medium,capture_issue,obj-mth-253-assignment-10584431,,,,00562-mth-253-linked-detail-week-4-web-homework-the-divergence-and-integral-tests,Week 4 Web Homework: The Divergence and Integral Tests,https://canvas.oregonstate.edu/courses/2053263/assignments/10584431?module_item_id=26977967#,https://canvas.oregonstate.edu/courses/2053263/assignments/10584431?module_item_id=26977967#,,,external_tool,Page may require external-tool handling beyond rendered Canvas text.,Inspect the captured page and decide whether the blocker affects required work.
sus-00179,2053263,MTH-253,medium,capture_issue,obj-mth-253-assignment-10584434,,,,00563-mth-253-linked-detail-week-5-web-homework-comparison-and-alternate-series-tests,Week 5 Web Homework: Comparison and Alternate Series Tests,https://canvas.oregonstate.edu/courses/2053263/assignments/10584434?module_item_id=26977977#,https://canvas.oregonstate.edu/courses/2053263/assignments/10584434?module_item_id=26977977#,,,external_tool,Page may require external-tool handling beyond rendered Canvas text.,Inspect the captured page and decide whether the blocker affects required work.
sus-00180,2053263,MTH-253,medium,capture_issue,obj-mth-253-assignment-10584435,,,,00565-mth-253-linked-detail-week-6-web-homework-ratio-and-root-tests,Week 6 Web Homework: Ratio and Root Tests,https://canvas.oregonstate.edu/courses/2053263/assignments/10584435?module_item_id=26977980#,https://canvas.oregonstate.edu/courses/2053263/assignments/10584435?module_item_id=26977980#,,,external_tool,Page may require external-tool handling beyond rendered Canvas text.,Inspect the captured page and decide whether the blocker affects required work.
sus-00181,2053263,MTH-253,medium,capture_issue,obj-mth-253-assignment-10584436,,,,00566-mth-253-linked-detail-week-7-web-homework-power-series-and-functions,Week 7 Web Homework: Power Series and Functions,https://canvas.oregonstate.edu/courses/2053263/assignments/10584436?module_item_id=26977982#,https://canvas.oregonstate.edu/courses/2053263/assignments/10584436?module_item_id=26977982#,,,external_tool,Page may require external-tool handling beyond rendered Canvas text.,Inspect the captured page and decide whether the blocker affects required work.
sus-00182,2053263,MTH-253,medium,capture_issue,obj-mth-253-assignment-10584437,,,,00567-mth-253-linked-detail-week-8-web-homework-taylor-and-maclaurin-series,Week 8 Web Homework Taylor and Maclaurin Series,https://canvas.oregonstate.edu/courses/2053263/assignments/10584437?module_item_id=26977985#,https://canvas.oregonstate.edu/courses/2053263/assignments/10584437?module_item_id=26977985#,,,external_tool,Page may require external-tool handling beyond rendered Canvas text.,Inspect the captured page and decide whether the blocker affects required work.
sus-00183,2053263,MTH-253,medium,capture_issue,obj-mth-253-assignment-10584438,,,,00569-mth-253-linked-detail-week-9-web-homework-properties-of-power-series,Week 9 Web Homework: Properties of Power Series,https://canvas.oregonstate.edu/courses/2053263/assignments/10584438?module_item_id=26977987#,https://canvas.oregonstate.edu/courses/2053263/assignments/10584438?module_item_id=26977987#,,,external_tool,Page may require external-tool handling beyond rendered Canvas text.,Inspect the captured page and decide whether the blocker affects required work.
sus-00184,2053263,MTH-253,medium,capture_issue,obj-mth-253-assignment-10584439,,,,00571-mth-253-linked-detail-week-10-web-homework-working-with-taylor-series,Week 10 Web Homework: Working with Taylor Series,https://canvas.oregonstate.edu/courses/2053263/assignments/10584439?module_item_id=26977989#,https://canvas.oregonstate.edu/courses/2053263/assignments/10584439?module_item_id=26977989#,,,external_tool,Page may require external-tool handling beyond rendered Canvas text.,Inspect the captured page and decide whether the blocker affects required work.
sus-00185,2053263,MTH-253,medium,capture_issue,obj-mth-253-page-unit-2-learning-materials,,,,00574-mth-253-linked-detail-unit-2-learning-materials-sequences-and-series-mth-253z-400-u2026,Unit 2 - Learning Materials: SEQUENCES AND SERIES (MTH_253Z_400_U2026),https://canvas.oregonstate.edu/courses/2053263/pages/unit-2-learning-materials,https://canvas.oregonstate.edu/courses/2053263/pages/unit-2-learning-materials,,,external_tool,Page may require external-tool handling beyond rendered Canvas text.,Inspect the captured page and decide whether the blocker affects required work.
sus-00186,2053526,PHY-212,medium,access_followup,obj-phy-212-assignment-10557097,,,,00594-phy-212-linked-detail-unauthorized,Unauthorized,https://canvas.oregonstate.edu/courses/2053526/assignments/10557097,https://canvas.oregonstate.edu/courses/2053526/assignments/10557097,,,expected_access_denied_until_released,The source module page explicitly says items may show Access Denied before they open.; original_issue=unauthorized; Captured page appears to be unauthorized or access denied.,Track from syllabus/assignment dates and retry near the expected open window.
sus-00187,2053526,PHY-212,medium,access_followup,obj-phy-212-quiz-3160453,,,,00595-phy-212-linked-detail-unauthorized,Unauthorized,https://canvas.oregonstate.edu/courses/2053526/quizzes/3160453,https://canvas.oregonstate.edu/courses/2053526/quizzes/3160453,,,expected_access_denied_until_released,The source module page explicitly says items may show Access Denied before they open.; original_issue=unauthorized; Captured page appears to be unauthorized or access denied.,Track from syllabus/assignment dates and retry near the expected open window.
sus-00188,2053526,PHY-212,medium,access_followup,obj-phy-212-assignment-10557100,,,,00596-phy-212-linked-detail-unauthorized,Unauthorized,https://canvas.oregonstate.edu/courses/2053526/assignments/10557100,https://canvas.oregonstate.edu/courses/2053526/assignments/10557100,,,expected_access_denied_until_released,The source module page explicitly says items may show Access Denied before they open.; original_issue=unauthorized; Captured page appears to be unauthorized or access denied.,Track from syllabus/assignment dates and retry near the expected open window.
sus-00189,2053526,PHY-212,medium,access_followup,obj-phy-212-assignment-10556989,,,,00597-phy-212-linked-detail-unauthorized,Unauthorized,https://canvas.oregonstate.edu/courses/2053526/assignments/10556989,https://canvas.oregonstate.edu/courses/2053526/assignments/10556989,,,expected_access_denied_until_released,The source module page explicitly says items may show Access Denied before they open.; original_issue=unauthorized; Captured page appears to be unauthorized or access denied.,Track from syllabus/assignment dates and retry near the expected open window.
sus-00190,2053526,PHY-212,medium,access_followup,obj-phy-212-assignment-10557103,,,,00598-phy-212-linked-detail-unauthorized,Unauthorized,https://canvas.oregonstate.edu/courses/2053526/assignments/10557103,https://canvas.oregonstate.edu/courses/2053526/assignments/10557103,,,expected_access_denied_until_released,The source module page explicitly says items may show Access Denied before they open.; original_issue=unauthorized; Captured page appears to be unauthorized or access denied.,Track from syllabus/assignment dates and retry near the expected open window.
sus-00191,2053526,PHY-212,medium,access_followup,obj-phy-212-assignment-10557098,,,,00599-phy-212-linked-detail-unauthorized,Unauthorized,https://canvas.oregonstate.edu/courses/2053526/assignments/10557098,https://canvas.oregonstate.edu/courses/2053526/assignments/10557098,,,expected_access_denied_until_released,The source module page explicitly says items may show Access Denied before they open.; original_issue=unauthorized; Captured page appears to be unauthorized or access denied.,Track from syllabus/assignment dates and retry near the expected open window.
sus-00192,2053526,PHY-212,medium,access_followup,obj-phy-212-assignment-10557099,,,,00600-phy-212-linked-detail-unauthorized,Unauthorized,https://canvas.oregonstate.edu/courses/2053526/assignments/10557099,https://canvas.oregonstate.edu/courses/2053526/assignments/10557099,,,expected_access_denied_until_released,The source module page explicitly says items may show Access Denied before they open.; original_issue=unauthorized; Captured page appears to be unauthorized or access denied.,Track from syllabus/assignment dates and retry near the expected open window.
sus-00193,2053526,PHY-212,medium,access_followup,obj-phy-212-assignment-10557101,,,,00601-phy-212-linked-detail-unauthorized,Unauthorized,https://canvas.oregonstate.edu/courses/2053526/assignments/10557101,https://canvas.oregonstate.edu/courses/2053526/assignments/10557101,,,expected_access_denied_until_released,The source module page explicitly says items may show Access Denied before they open.; original_issue=unauthorized; Captured page appears to be unauthorized or access denied.,Track from syllabus/assignment dates and retry near the expected open window.
sus-00194,2053526,PHY-212,medium,access_followup,obj-phy-212-assignment-10557102,,,,00602-phy-212-linked-detail-unauthorized,Unauthorized,https://canvas.oregonstate.edu/courses/2053526/assignments/10557102,https://canvas.oregonstate.edu/courses/2053526/assignments/10557102,,,expected_access_denied_until_released,The source module page explicitly says items may show Access Denied before they open.; original_issue=unauthorized; Captured page appears to be unauthorized or access denied.,Track from syllabus/assignment dates and retry near the expected open window.
sus-00195,2053526,PHY-212,medium,access_followup,obj-phy-212-assignment-10557104,,,,00603-phy-212-linked-detail-unauthorized,Unauthorized,https://canvas.oregonstate.edu/courses/2053526/assignments/10557104,https://canvas.oregonstate.edu/courses/2053526/assignments/10557104,,,expected_access_denied_until_released,The source module page explicitly says items may show Access Denied before they open.; original_issue=unauthorized; Captured page appears to be unauthorized or access denied.,Track from syllabus/assignment dates and retry near the expected open window.
sus-00196,2053526,PHY-212,high,capture_issue,obj-phy-212-assignment-10556958,,,,00618-phy-212-linked-detail-unauthorized,Unauthorized,https://canvas.oregonstate.edu/courses/2053526/assignments/10556958,https://canvas.oregonstate.edu/courses/2053526/assignments/10556958,,,unauthorized,Captured page appears to be unauthorized or access denied.,Inspect the captured page and decide whether the blocker affects required work.
sus-00197,2053526,PHY-212,high,capture_issue,obj-phy-212-assignment-10556975,,,,00619-phy-212-linked-detail-unauthorized,Unauthorized,https://canvas.oregonstate.edu/courses/2053526/assignments/10556975,https://canvas.oregonstate.edu/courses/2053526/assignments/10556975,,,unauthorized,Captured page appears to be unauthorized or access denied.,Inspect the captured page and decide whether the blocker affects required work.
sus-00198,2053526,PHY-212,high,capture_issue,obj-phy-212-assignment-10556967,,,,00620-phy-212-linked-detail-unauthorized,Unauthorized,https://canvas.oregonstate.edu/courses/2053526/assignments/10556967,https://canvas.oregonstate.edu/courses/2053526/assignments/10556967,,,unauthorized,Captured page appears to be unauthorized or access denied.,Inspect the captured page and decide whether the blocker affects required work.
sus-00199,2053526,PHY-212,high,capture_issue,obj-phy-212-assignment-10556938,,,,00621-phy-212-linked-detail-unauthorized,Unauthorized,https://canvas.oregonstate.edu/courses/2053526/assignments/10556938,https://canvas.oregonstate.edu/courses/2053526/assignments/10556938,,,unauthorized,Captured page appears to be unauthorized or access denied.,Inspect the captured page and decide whether the blocker affects required work.
sus-00200,2053526,PHY-212,high,capture_issue,obj-phy-212-assignment-10556951,,,,00622-phy-212-linked-detail-unauthorized,Unauthorized,https://canvas.oregonstate.edu/courses/2053526/assignments/10556951,https://canvas.oregonstate.edu/courses/2053526/assignments/10556951,,,unauthorized,Captured page appears to be unauthorized or access denied.,Inspect the captured page and decide whether the blocker affects required work.
sus-00201,2053526,PHY-212,high,capture_issue,obj-phy-212-assignment-10556991,,,,00623-phy-212-linked-detail-unauthorized,Unauthorized,https://canvas.oregonstate.edu/courses/2053526/assignments/10556991,https://canvas.oregonstate.edu/courses/2053526/assignments/10556991,,,unauthorized,Captured page appears to be unauthorized or access denied.,Inspect the captured page and decide whether the blocker affects required work.
sus-00202,2053526,PHY-212,high,capture_issue,obj-phy-212-assignment-10557013,,,,00624-phy-212-linked-detail-unauthorized,Unauthorized,https://canvas.oregonstate.edu/courses/2053526/assignments/10557013,https://canvas.oregonstate.edu/courses/2053526/assignments/10557013,,,unauthorized,Captured page appears to be unauthorized or access denied.,Inspect the captured page and decide whether the blocker affects required work.
sus-00203,2053526,PHY-212,high,capture_issue,obj-phy-212-assignment-10557015,,,,00625-phy-212-linked-detail-unauthorized,Unauthorized,https://canvas.oregonstate.edu/courses/2053526/assignments/10557015,https://canvas.oregonstate.edu/courses/2053526/assignments/10557015,,,unauthorized,Captured page appears to be unauthorized or access denied.,Inspect the captured page and decide whether the blocker affects required work.
sus-00204,2053526,PHY-212,high,capture_issue,obj-phy-212-assignment-10556947,,,,00626-phy-212-linked-detail-unauthorized,Unauthorized,https://canvas.oregonstate.edu/courses/2053526/assignments/10556947,https://canvas.oregonstate.edu/courses/2053526/assignments/10556947,,,unauthorized,Captured page appears to be unauthorized or access denied.,Inspect the captured page and decide whether the blocker affects required work.
sus-00205,2053526,PHY-212,high,capture_issue,obj-phy-212-assignment-10557020,,,,00627-phy-212-linked-detail-unauthorized,Unauthorized,https://canvas.oregonstate.edu/courses/2053526/assignments/10557020,https://canvas.oregonstate.edu/courses/2053526/assignments/10557020,,,unauthorized,Captured page appears to be unauthorized or access denied.,Inspect the captured page and decide whether the blocker affects required work.
sus-00206,2053526,PHY-212,high,capture_issue,obj-phy-212-assignment-10557027,,,,00628-phy-212-linked-detail-unauthorized,Unauthorized,https://canvas.oregonstate.edu/courses/2053526/assignments/10557027,https://canvas.oregonstate.edu/courses/2053526/assignments/10557027,,,unauthorized,Captured page appears to be unauthorized or access denied.,Inspect the captured page and decide whether the blocker affects required work.
sus-00207,2053526,PHY-212,high,capture_issue,obj-phy-212-assignment-10556937,,,,00629-phy-212-linked-detail-unauthorized,Unauthorized,https://canvas.oregonstate.edu/courses/2053526/assignments/10556937,https://canvas.oregonstate.edu/courses/2053526/assignments/10556937,,,unauthorized,Captured page appears to be unauthorized or access denied.,Inspect the captured page and decide whether the blocker affects required work.
sus-00208,2053526,PHY-212,high,capture_issue,obj-phy-212-assignment-10556943,,,,00630-phy-212-linked-detail-unauthorized,Unauthorized,https://canvas.oregonstate.edu/courses/2053526/assignments/10556943,https://canvas.oregonstate.edu/courses/2053526/assignments/10556943,,,unauthorized,Captured page appears to be unauthorized or access denied.,Inspect the captured page and decide whether the blocker affects required work.
sus-00209,2053526,PHY-212,high,capture_issue,obj-phy-212-assignment-10556996,,,,00631-phy-212-linked-detail-unauthorized,Unauthorized,https://canvas.oregonstate.edu/courses/2053526/assignments/10556996,https://canvas.oregonstate.edu/courses/2053526/assignments/10556996,,,unauthorized,Captured page appears to be unauthorized or access denied.,Inspect the captured page and decide whether the blocker affects required work.
sus-00210,2053526,PHY-212,high,capture_issue,obj-phy-212-assignment-10556959,,,,00632-phy-212-linked-detail-unauthorized,Unauthorized,https://canvas.oregonstate.edu/courses/2053526/assignments/10556959,https://canvas.oregonstate.edu/courses/2053526/assignments/10556959,,,unauthorized,Captured page appears to be unauthorized or access denied.,Inspect the captured page and decide whether the blocker affects required work.
sus-00211,2053526,PHY-212,high,capture_issue,obj-phy-212-assignment-10557105,,,,00633-phy-212-linked-detail-unauthorized,Unauthorized,https://canvas.oregonstate.edu/courses/2053526/assignments/10557105,https://canvas.oregonstate.edu/courses/2053526/assignments/10557105,,,unauthorized,Captured page appears to be unauthorized or access denied.,Inspect the captured page and decide whether the blocker affects required work.
sus-00212,2053526,PHY-212,high,capture_issue,obj-phy-212-quiz-3160535,,,,00634-phy-212-linked-detail-unauthorized,Unauthorized,https://canvas.oregonstate.edu/courses/2053526/quizzes/3160535,https://canvas.oregonstate.edu/courses/2053526/quizzes/3160535,,,unauthorized,Captured page appears to be unauthorized or access denied.,Inspect the captured page and decide whether the blocker affects required work.
sus-00213,2053526,PHY-212,high,capture_issue,obj-phy-212-assignment-10557108,,,,00635-phy-212-linked-detail-unauthorized,Unauthorized,https://canvas.oregonstate.edu/courses/2053526/assignments/10557108,https://canvas.oregonstate.edu/courses/2053526/assignments/10557108,,,unauthorized,Captured page appears to be unauthorized or access denied.,Inspect the captured page and decide whether the blocker affects required work.
sus-00214,2053526,PHY-212,high,capture_issue,obj-phy-212-quiz-3160503,,,,00636-phy-212-linked-detail-unauthorized,Unauthorized,https://canvas.oregonstate.edu/courses/2053526/quizzes/3160503,https://canvas.oregonstate.edu/courses/2053526/quizzes/3160503,,,unauthorized,Captured page appears to be unauthorized or access denied.,Inspect the captured page and decide whether the blocker affects required work.
sus-00215,2053526,PHY-212,high,capture_issue,obj-phy-212-assignment-10557111,,,,00637-phy-212-linked-detail-unauthorized,Unauthorized,https://canvas.oregonstate.edu/courses/2053526/assignments/10557111,https://canvas.oregonstate.edu/courses/2053526/assignments/10557111,,,unauthorized,Captured page appears to be unauthorized or access denied.,Inspect the captured page and decide whether the blocker affects required work.
sus-00216,2053526,PHY-212,high,capture_issue,obj-phy-212-assignment-10557106,,,,00638-phy-212-linked-detail-unauthorized,Unauthorized,https://canvas.oregonstate.edu/courses/2053526/assignments/10557106,https://canvas.oregonstate.edu/courses/2053526/assignments/10557106,,,unauthorized,Captured page appears to be unauthorized or access denied.,Inspect the captured page and decide whether the blocker affects required work.
sus-00217,2053526,PHY-212,high,capture_issue,obj-phy-212-assignment-10557107,,,,00639-phy-212-linked-detail-unauthorized,Unauthorized,https://canvas.oregonstate.edu/courses/2053526/assignments/10557107,https://canvas.oregonstate.edu/courses/2053526/assignments/10557107,,,unauthorized,Captured page appears to be unauthorized or access denied.,Inspect the captured page and decide whether the blocker affects required work.
sus-00218,2053526,PHY-212,high,capture_issue,obj-phy-212-assignment-10557109,,,,00640-phy-212-linked-detail-unauthorized,Unauthorized,https://canvas.oregonstate.edu/courses/2053526/assignments/10557109,https://canvas.oregonstate.edu/courses/2053526/assignments/10557109,,,unauthorized,Captured page appears to be unauthorized or access denied.,Inspect the captured page and decide whether the blocker affects required work.
sus-00219,2053526,PHY-212,high,capture_issue,obj-phy-212-assignment-10557110,,,,00641-phy-212-linked-detail-unauthorized,Unauthorized,https://canvas.oregonstate.edu/courses/2053526/assignments/10557110,https://canvas.oregonstate.edu/courses/2053526/assignments/10557110,,,unauthorized,Captured page appears to be unauthorized or access denied.,Inspect the captured page and decide whether the blocker affects required work.
sus-00220,2053526,PHY-212,high,capture_issue,obj-phy-212-assignment-10557112,,,,00642-phy-212-linked-detail-unauthorized,Unauthorized,https://canvas.oregonstate.edu/courses/2053526/assignments/10557112,https://canvas.oregonstate.edu/courses/2053526/assignments/10557112,,,unauthorized,Captured page appears to be unauthorized or access denied.,Inspect the captured page and decide whether the blocker affects required work.
sus-00221,2053526,PHY-212,medium,capture_issue,obj-phy-212-page-excel-skills-handout-2,,,,00646-phy-212-linked-detail-excel-skills-handout-general-physics-with-calculus-ph-212-400-u2026,Excel Skills Handout: GENERAL PHYSICS WITH CALCULUS (PH_212_400_U2026),https://canvas.oregonstate.edu/courses/2053526/pages/excel-skills-handout-2?module_item_id=26896976#,https://canvas.oregonstate.edu/courses/2053526/pages/excel-skills-handout-2?module_item_id=26896976#,,,external_tool,Page may require external-tool handling beyond rendered Canvas text.,Inspect the captured page and decide whether the blocker affects required work.
sus-00222,2053526,PHY-212,high,capture_issue,obj-phy-212-quiz-3160489,,,,00698-phy-212-linked-detail-unauthorized,Unauthorized,https://canvas.oregonstate.edu/courses/2053526/quizzes/3160489/questions/59026233,https://canvas.oregonstate.edu/courses/2053526/quizzes/3160489/questions/59026233,,,unauthorized,Captured page appears to be unauthorized or access denied.,Inspect the captured page and decide whether the blocker affects required work.
sus-00223,2053526,PHY-212,high,capture_issue,obj-phy-212-quiz-3160489,,,,00699-phy-212-linked-detail-unauthorized,Unauthorized,https://canvas.oregonstate.edu/courses/2053526/quizzes/3160489/questions/59026234,https://canvas.oregonstate.edu/courses/2053526/quizzes/3160489/questions/59026234,,,unauthorized,Captured page appears to be unauthorized or access denied.,Inspect the captured page and decide whether the blocker affects required work.
sus-00224,2053526,PHY-212,high,capture_issue,obj-phy-212-quiz-3160489,,,,00700-phy-212-linked-detail-unauthorized,Unauthorized,https://canvas.oregonstate.edu/courses/2053526/quizzes/3160489/questions/59026235,https://canvas.oregonstate.edu/courses/2053526/quizzes/3160489/questions/59026235,,,unauthorized,Captured page appears to be unauthorized or access denied.,Inspect the captured page and decide whether the blocker affects required work.
sus-00225,2053526,PHY-212,high,capture_issue,obj-phy-212-quiz-3160489,,,,00701-phy-212-linked-detail-unauthorized,Unauthorized,https://canvas.oregonstate.edu/courses/2053526/quizzes/3160489/questions/59026236,https://canvas.oregonstate.edu/courses/2053526/quizzes/3160489/questions/59026236,,,unauthorized,Captured page appears to be unauthorized or access denied.,Inspect the captured page and decide whether the blocker affects required work.
sus-00226,2053526,PHY-212,high,capture_issue,obj-phy-212-quiz-3160489,,,,00702-phy-212-linked-detail-unauthorized,Unauthorized,https://canvas.oregonstate.edu/courses/2053526/quizzes/3160489/questions/59026237,https://canvas.oregonstate.edu/courses/2053526/quizzes/3160489/questions/59026237,,,unauthorized,Captured page appears to be unauthorized or access denied.,Inspect the captured page and decide whether the blocker affects required work.
sus-00227,2053526,PHY-212,high,capture_issue,obj-phy-212-quiz-3160489,,,,00703-phy-212-linked-detail-unauthorized,Unauthorized,https://canvas.oregonstate.edu/courses/2053526/quizzes/3160489/questions/59026238,https://canvas.oregonstate.edu/courses/2053526/quizzes/3160489/questions/59026238,,,unauthorized,Captured page appears to be unauthorized or access denied.,Inspect the captured page and decide whether the blocker affects required work.
sus-00228,2053526,PHY-212,high,capture_issue,obj-phy-212-quiz-3160489,,,,00704-phy-212-linked-detail-unauthorized,Unauthorized,https://canvas.oregonstate.edu/courses/2053526/quizzes/3160489/questions/59026239,https://canvas.oregonstate.edu/courses/2053526/quizzes/3160489/questions/59026239,,,unauthorized,Captured page appears to be unauthorized or access denied.,Inspect the captured page and decide whether the blocker affects required work.
sus-00229,2053526,PHY-212,high,capture_issue,obj-phy-212-quiz-3160489,,,,00705-phy-212-linked-detail-unauthorized,Unauthorized,https://canvas.oregonstate.edu/courses/2053526/quizzes/3160489/questions/59026240,https://canvas.oregonstate.edu/courses/2053526/quizzes/3160489/questions/59026240,,,unauthorized,Captured page appears to be unauthorized or access denied.,Inspect the captured page and decide whether the blocker affects required work.
sus-00230,2053526,PHY-212,high,capture_issue,obj-phy-212-quiz-3160489,,,,00706-phy-212-linked-detail-unauthorized,Unauthorized,https://canvas.oregonstate.edu/courses/2053526/quizzes/3160489/questions/59026241,https://canvas.oregonstate.edu/courses/2053526/quizzes/3160489/questions/59026241,,,unauthorized,Captured page appears to be unauthorized or access denied.,Inspect the captured page and decide whether the blocker affects required work.
sus-00231,2053526,PHY-212,high,capture_issue,obj-phy-212-quiz-3160489,,,,00707-phy-212-linked-detail-unauthorized,Unauthorized,https://canvas.oregonstate.edu/courses/2053526/quizzes/3160489/questions/59026242,https://canvas.oregonstate.edu/courses/2053526/quizzes/3160489/questions/59026242,,,unauthorized,Captured page appears to be unauthorized or access denied.,Inspect the captured page and decide whether the blocker affects required work.
sus-00232,2053526,PHY-212,high,capture_issue,obj-phy-212-quiz-3160489,,,,00708-phy-212-linked-detail-unauthorized,Unauthorized,https://canvas.oregonstate.edu/courses/2053526/quizzes/3160489/questions/59026243,https://canvas.oregonstate.edu/courses/2053526/quizzes/3160489/questions/59026243,,,unauthorized,Captured page appears to be unauthorized or access denied.,Inspect the captured page and decide whether the blocker affects required work.
sus-00233,2053526,PHY-212,high,capture_issue,obj-phy-212-quiz-3160489,,,,00709-phy-212-linked-detail-unauthorized,Unauthorized,https://canvas.oregonstate.edu/courses/2053526/quizzes/3160489/questions/59026244,https://canvas.oregonstate.edu/courses/2053526/quizzes/3160489/questions/59026244,,,unauthorized,Captured page appears to be unauthorized or access denied.,Inspect the captured page and decide whether the blocker affects required work.
sus-00234,2053526,PHY-212,high,capture_issue,obj-phy-212-quiz-3160489,,,,00710-phy-212-linked-detail-unauthorized,Unauthorized,https://canvas.oregonstate.edu/courses/2053526/quizzes/3160489/questions/59026245,https://canvas.oregonstate.edu/courses/2053526/quizzes/3160489/questions/59026245,,,unauthorized,Captured page appears to be unauthorized or access denied.,Inspect the captured page and decide whether the blocker affects required work.
sus-00235,2053526,PHY-212,high,capture_issue,obj-phy-212-quiz-3160489,,,,00711-phy-212-linked-detail-unauthorized,Unauthorized,https://canvas.oregonstate.edu/courses/2053526/quizzes/3160489/questions/59026246,https://canvas.oregonstate.edu/courses/2053526/quizzes/3160489/questions/59026246,,,unauthorized,Captured page appears to be unauthorized or access denied.,Inspect the captured page and decide whether the blocker affects required work.
sus-00236,2053526,PHY-212,high,capture_issue,obj-phy-212-quiz-3160489,,,,00712-phy-212-linked-detail-unauthorized,Unauthorized,https://canvas.oregonstate.edu/courses/2053526/quizzes/3160489/questions/59026247,https://canvas.oregonstate.edu/courses/2053526/quizzes/3160489/questions/59026247,,,unauthorized,Captured page appears to be unauthorized or access denied.,Inspect the captured page and decide whether the blocker affects required work.
sus-00237,2080857,MTH-252,medium,download_not_read,obj-mth-252-download-99187575,,,,00153-mth-252-module-item-mini-exam-2-retake,IVP-Wksht1.pdf,https://canvas.oregonstate.edu/courses/2080857/assignments/10586047?module_item_id=26982654,https://canvas.oregonstate.edu/courses/1918585/files/99187575/download?download_frd=1,,,indexed_not_read,source_page_title=Mini-Exam 2 - Retake; evidence_status=link_only; repo_file_path=,Download and parse the file before treating the file contents as indexed.
sus-00238,2080857,MTH-252,medium,download_not_read,obj-mth-252-download-99187581,,,,00153-mth-252-module-item-mini-exam-2-retake,IVP-Wksht2.pdf,https://canvas.oregonstate.edu/courses/2080857/assignments/10586047?module_item_id=26982654,https://canvas.oregonstate.edu/courses/1918585/files/99187581/download?download_frd=1,,,indexed_not_read,source_page_title=Mini-Exam 2 - Retake; evidence_status=link_only; repo_file_path=,Download and parse the file before treating the file contents as indexed.
sus-00239,2080857,MTH-252,medium,download_not_read,obj-mth-252-download-119223451,,,,00164-mth-252-linked-detail-mini-exam-1-tues-thur-no-calculators,Download,https://canvas.oregonstate.edu/courses/2080857/assignments/10586045,https://canvas.oregonstate.edu/courses/2080857/files/119223451/download?download_frd=1,,,indexed_not_read,source_page_title=Mini-Exam 1 - Tues - Thur --> No Calculators; evidence_status=link_only; repo_file_path=,Download and parse the file before treating the file contents as indexed.
sus-00240,2080857,MTH-252,medium,download_not_read,obj-mth-252-download-119223514,,,,00164-mth-252-linked-detail-mini-exam-1-tues-thur-no-calculators,Download,https://canvas.oregonstate.edu/courses/2080857/assignments/10586045,https://canvas.oregonstate.edu/courses/2080857/files/119223514/download?download_frd=1,,,indexed_not_read,source_page_title=Mini-Exam 1 - Tues - Thur --> No Calculators; evidence_status=link_only; repo_file_path=,Download and parse the file before treating the file contents as indexed.
sus-00241,2080857,MTH-252,medium,download_not_read,obj-mth-252-download-119223497,,,,00164-mth-252-linked-detail-mini-exam-1-tues-thur-no-calculators,Download,https://canvas.oregonstate.edu/courses/2080857/assignments/10586045,https://canvas.oregonstate.edu/courses/2080857/files/119223497/download?download_frd=1,,,indexed_not_read,source_page_title=Mini-Exam 1 - Tues - Thur --> No Calculators; evidence_status=link_only; repo_file_path=,Download and parse the file before treating the file contents as indexed.
sus-00242,2080857,MTH-252,medium,download_not_read,obj-mth-252-download-119223574,,,,00170-mth-252-linked-detail-module-3-written-homework-whw-3-3-hours,Download,https://canvas.oregonstate.edu/courses/2080857/assignments/10586056,https://canvas.oregonstate.edu/courses/2080857/files/119223574/download?download_frd=1,,,indexed_not_read,source_page_title=Module 3 — Written Homework (WHW 3) 🕓 3 hours; evidence_status=link_only; repo_file_path=,Download and parse the file before treating the file contents as indexed.
sus-00243,2080857,MTH-252,medium,download_not_read,obj-mth-252-download-99187575,,,,00218-mth-252-linked-detail-mini-exam-2-retake,IVP-Wksht1.pdf,https://canvas.oregonstate.edu/courses/2080857/assignments/10586047,https://canvas.oregonstate.edu/courses/1918585/files/99187575/download?download_frd=1,,,indexed_not_read,source_page_title=Mini-Exam 2 - Retake; evidence_status=link_only; repo_file_path=,Download and parse the file before treating the file contents as indexed.
sus-00244,2080857,MTH-252,medium,download_not_read,obj-mth-252-download-99187581,,,,00218-mth-252-linked-detail-mini-exam-2-retake,IVP-Wksht2.pdf,https://canvas.oregonstate.edu/courses/2080857/assignments/10586047,https://canvas.oregonstate.edu/courses/1918585/files/99187581/download?download_frd=1,,,indexed_not_read,source_page_title=Mini-Exam 2 - Retake; evidence_status=link_only; repo_file_path=,Download and parse the file before treating the file contents as indexed.
sus-00245,2053263,MTH-253,medium,download_not_read,obj-mth-253-download-119294133,,,,00240-mth-253-module-item-practice-quiz-take-it-before-attempting-quiz-1-sequences-and-series-mth-253z-400-u2026,Practice-Quiz.pdf,https://canvas.oregonstate.edu/courses/2053263/quizzes/3166971?module_item_id=26982050,https://canvas.oregonstate.edu/users/6660414/files/119294133/download?verifier=gGJq5JBGLXpWU66mkaU77iU27kEJcXVFbCpDi73N&download_frd=1,,,indexed_not_read,source_page_title=Practice Quiz (take it before attempting Quiz 1!): SEQUENCES AND SERIES (MTH_253Z_400_U2026); evidence_status=link_only; repo_file_path=,Download and parse the file before treating the file contents as indexed.
sus-00246,2053263,MTH-253,medium,download_not_read,obj-mth-253-download-118558743,,,,00251-mth-253-module-item-unit-2-learning-materials-sequences-and-series-mth-253z-400-u2026,Download,https://canvas.oregonstate.edu/courses/2053263/pages/unit-2-learning-materials?module_item_id=26885543,https://canvas.oregonstate.edu/courses/2053263/files/118558743/download?download_frd=1,,,indexed_not_read,source_page_title=Unit 2 - Learning Materials: SEQUENCES AND SERIES (MTH_253Z_400_U2026); evidence_status=link_only; repo_file_path=,Download and parse the file before treating the file contents as indexed.
sus-00247,2053263,MTH-253,medium,download_not_read,obj-mth-253-download-118558950,,,,00251-mth-253-module-item-unit-2-learning-materials-sequences-and-series-mth-253z-400-u2026,Download,https://canvas.oregonstate.edu/courses/2053263/pages/unit-2-learning-materials?module_item_id=26885543,https://canvas.oregonstate.edu/courses/2053263/files/118558950/download?download_frd=1,,,indexed_not_read,source_page_title=Unit 2 - Learning Materials: SEQUENCES AND SERIES (MTH_253Z_400_U2026); evidence_status=link_only; repo_file_path=,Download and parse the file before treating the file contents as indexed.
sus-00248,2053263,MTH-253,medium,download_not_read,obj-mth-253-download-118558844,,,,00251-mth-253-module-item-unit-2-learning-materials-sequences-and-series-mth-253z-400-u2026,Download,https://canvas.oregonstate.edu/courses/2053263/pages/unit-2-learning-materials?module_item_id=26885543,https://canvas.oregonstate.edu/courses/2053263/files/118558844/download?download_frd=1,,,indexed_not_read,source_page_title=Unit 2 - Learning Materials: SEQUENCES AND SERIES (MTH_253Z_400_U2026); evidence_status=link_only; repo_file_path=,Download and parse the file before treating the file contents as indexed.
sus-00249,2053263,MTH-253,medium,download_not_read,obj-mth-253-download-118558915,,,,00251-mth-253-module-item-unit-2-learning-materials-sequences-and-series-mth-253z-400-u2026,Download,https://canvas.oregonstate.edu/courses/2053263/pages/unit-2-learning-materials?module_item_id=26885543,https://canvas.oregonstate.edu/courses/2053263/files/118558915/download?download_frd=1,,,indexed_not_read,source_page_title=Unit 2 - Learning Materials: SEQUENCES AND SERIES (MTH_253Z_400_U2026); evidence_status=link_only; repo_file_path=,Download and parse the file before treating the file contents as indexed.
sus-00250,2053263,MTH-253,medium,download_not_read,obj-mth-253-download-118558827,,,,00251-mth-253-module-item-unit-2-learning-materials-sequences-and-series-mth-253z-400-u2026,Download,https://canvas.oregonstate.edu/courses/2053263/pages/unit-2-learning-materials?module_item_id=26885543,https://canvas.oregonstate.edu/courses/2053263/files/118558827/download?download_frd=1,,,indexed_not_read,source_page_title=Unit 2 - Learning Materials: SEQUENCES AND SERIES (MTH_253Z_400_U2026); evidence_status=link_only; repo_file_path=,Download and parse the file before treating the file contents as indexed.
sus-00251,2053263,MTH-253,medium,download_not_read,obj-mth-253-download-118558808,,,,00251-mth-253-module-item-unit-2-learning-materials-sequences-and-series-mth-253z-400-u2026,Download,https://canvas.oregonstate.edu/courses/2053263/pages/unit-2-learning-materials?module_item_id=26885543,https://canvas.oregonstate.edu/courses/2053263/files/118558808/download?download_frd=1,,,indexed_not_read,source_page_title=Unit 2 - Learning Materials: SEQUENCES AND SERIES (MTH_253Z_400_U2026); evidence_status=link_only; repo_file_path=,Download and parse the file before treating the file contents as indexed.
sus-00252,2053263,MTH-253,medium,download_not_read,obj-mth-253-download-118558770,,,,00251-mth-253-module-item-unit-2-learning-materials-sequences-and-series-mth-253z-400-u2026,Download,https://canvas.oregonstate.edu/courses/2053263/pages/unit-2-learning-materials?module_item_id=26885543,https://canvas.oregonstate.edu/courses/2053263/files/118558770/download?download_frd=1,,,indexed_not_read,source_page_title=Unit 2 - Learning Materials: SEQUENCES AND SERIES (MTH_253Z_400_U2026); evidence_status=link_only; repo_file_path=,Download and parse the file before treating the file contents as indexed.
sus-00253,2053263,MTH-253,medium,download_not_read,obj-mth-253-download-118558809,,,,00251-mth-253-module-item-unit-2-learning-materials-sequences-and-series-mth-253z-400-u2026,Download,https://canvas.oregonstate.edu/courses/2053263/pages/unit-2-learning-materials?module_item_id=26885543,https://canvas.oregonstate.edu/courses/2053263/files/118558809/download?download_frd=1,,,indexed_not_read,source_page_title=Unit 2 - Learning Materials: SEQUENCES AND SERIES (MTH_253Z_400_U2026); evidence_status=link_only; repo_file_path=,Download and parse the file before treating the file contents as indexed.
sus-00254,2053263,MTH-253,medium,download_not_read,obj-mth-253-download-118558919,,,,00251-mth-253-module-item-unit-2-learning-materials-sequences-and-series-mth-253z-400-u2026,Download,https://canvas.oregonstate.edu/courses/2053263/pages/unit-2-learning-materials?module_item_id=26885543,https://canvas.oregonstate.edu/courses/2053263/files/118558919/download?download_frd=1,,,indexed_not_read,source_page_title=Unit 2 - Learning Materials: SEQUENCES AND SERIES (MTH_253Z_400_U2026); evidence_status=link_only; repo_file_path=,Download and parse the file before treating the file contents as indexed.
sus-00255,2053263,MTH-253,medium,download_not_read,obj-mth-253-download-118558743,,,,00251-mth-253-module-item-unit-2-learning-materials-sequences-and-series-mth-253z-400-u2026,Download,https://canvas.oregonstate.edu/courses/2053263/pages/unit-2-learning-materials?module_item_id=26885543,https://canvas.oregonstate.edu/courses/2053263/files/118558743/download?download_frd=1,,,indexed_not_read,source_page_title=Unit 2 - Learning Materials: SEQUENCES AND SERIES (MTH_253Z_400_U2026); evidence_status=link_only; repo_file_path=,Download and parse the file before treating the file contents as indexed.
sus-00256,2053263,MTH-253,medium,download_not_read,obj-mth-253-download-118558950,,,,00251-mth-253-module-item-unit-2-learning-materials-sequences-and-series-mth-253z-400-u2026,Download,https://canvas.oregonstate.edu/courses/2053263/pages/unit-2-learning-materials?module_item_id=26885543,https://canvas.oregonstate.edu/courses/2053263/files/118558950/download?download_frd=1,,,indexed_not_read,source_page_title=Unit 2 - Learning Materials: SEQUENCES AND SERIES (MTH_253Z_400_U2026); evidence_status=link_only; repo_file_path=,Download and parse the file before treating the file contents as indexed.
sus-00257,2053263,MTH-253,medium,download_not_read,obj-mth-253-download-118558872,,,,00254-mth-253-module-item-unit-2-written-homework-assignment,Download,https://canvas.oregonstate.edu/courses/2053263/assignments/10553180?module_item_id=26885550,https://canvas.oregonstate.edu/courses/2053263/files/118558872/download?download_frd=1,,,indexed_not_read,source_page_title=Unit 2 - Written Homework Assignment; evidence_status=link_only; repo_file_path=,Download and parse the file before treating the file contents as indexed.
sus-00258,2053263,MTH-253,medium,download_not_read,obj-mth-253-download-118558751,,,,00283-mth-253-linked-detail-topic-welcome-to-the-class,Download,https://canvas.oregonstate.edu/courses/2053263/discussion_topics/11558489,https://canvas.oregonstate.edu/courses/2053263/files/118558751/download?download_frd=1,,,indexed_not_read,source_page_title=Topic: Welcome to the class!; evidence_status=link_only; repo_file_path=,Download and parse the file before treating the file contents as indexed.
sus-00259,2053263,MTH-253,medium,download_not_read,obj-mth-253-download-118558872,,,,00290-mth-253-linked-detail-unit-2-written-homework-assignment,Download,https://canvas.oregonstate.edu/courses/2053263/assignments/10553180,https://canvas.oregonstate.edu/courses/2053263/files/118558872/download?download_frd=1,,,indexed_not_read,source_page_title=Unit 2 - Written Homework Assignment; evidence_status=link_only; repo_file_path=,Download and parse the file before treating the file contents as indexed.
sus-00260,2053263,MTH-253,medium,download_not_read,obj-mth-253-download-119294133,,,,00323-mth-253-linked-detail-practice-quiz-take-it-before-attempting-quiz-1-sequences-and-series-mth-253z-400-u2026,Practice-Quiz.pdf,https://canvas.oregonstate.edu/courses/2053263/quizzes/3166971,https://canvas.oregonstate.edu/users/6660414/files/119294133/download?verifier=gGJq5JBGLXpWU66mkaU77iU27kEJcXVFbCpDi73N&download_frd=1,,,indexed_not_read,source_page_title=Practice Quiz (take it before attempting Quiz 1!): SEQUENCES AND SERIES (MTH_253Z_400_U2026); evidence_status=link_only; repo_file_path=,Download and parse the file before treating the file contents as indexed.
sus-00261,2053526,PHY-212,medium,download_not_read,obj-phy-212-download-119307451,,,,00335-phy-212-module-item-lab-structure-and-ta-meetings-pdf-general-physics-with-calculus-ph-212-400-u2026,Lab Structure and TA Meetings.pdf,https://canvas.oregonstate.edu/courses/2053526/files/119307451?module_item_id=27007746,https://canvas.oregonstate.edu/courses/2053526/files/119307451/download?download_frd=1,,,indexed_not_read,source_page_title=Lab Structure and TA Meetings.pdf: GENERAL PHYSICS WITH CALCULUS (PH_212_400_U2026); evidence_status=link_only; repo_file_path=,Download and parse the file before treating the file contents as indexed.
sus-00262,2053526,PHY-212,medium,download_not_read,obj-phy-212-download-119307451,,,,00360-phy-212-module-item-lab-2-instructions-general-physics-with-calculus-ph-212-400-u2026,Download,https://canvas.oregonstate.edu/courses/2053526/pages/lab-2-instructions-2?module_item_id=26896965,https://canvas.oregonstate.edu/courses/2053526/files/119307451/download?download_frd=1,,,indexed_not_read,source_page_title=Lab 2 Instructions: GENERAL PHYSICS WITH CALCULUS (PH_212_400_U2026); evidence_status=link_only; repo_file_path=,Download and parse the file before treating the file contents as indexed.
sus-00263,2053526,PHY-212,medium,download_not_read,obj-phy-212-download-118706030,,,,00369-phy-212-module-item-excel-skills-handout-general-physics-with-calculus-ph-212-400-u2026,PH211_Excel-Skills-Ref.xlsx,https://canvas.oregonstate.edu/courses/2053526/pages/excel-skills-handout-2?module_item_id=26896976,https://canvas.oregonstate.edu/courses/2053526/files/118706030/download?download_frd=1,,,indexed_not_read,source_page_title=Excel Skills Handout: GENERAL PHYSICS WITH CALCULUS (PH_212_400_U2026); evidence_status=link_only; repo_file_path=,Download and parse the file before treating the file contents as indexed.
sus-00264,2053526,PHY-212,medium,download_not_read,obj-phy-212-download-118706028,,,,00369-phy-212-module-item-excel-skills-handout-general-physics-with-calculus-ph-212-400-u2026,Download,https://canvas.oregonstate.edu/courses/2053526/pages/excel-skills-handout-2?module_item_id=26896976,https://canvas.oregonstate.edu/courses/2053526/files/118706028/download?download_frd=1,,,indexed_not_read,source_page_title=Excel Skills Handout: GENERAL PHYSICS WITH CALCULUS (PH_212_400_U2026); evidence_status=link_only; repo_file_path=,Download and parse the file before treating the file contents as indexed.
sus-00265,2053526,PHY-212,medium,download_not_read,obj-phy-212-download-118706032,,,,00369-phy-212-module-item-excel-skills-handout-general-physics-with-calculus-ph-212-400-u2026,PH211_DATA_time-distance.txt,https://canvas.oregonstate.edu/courses/2053526/pages/excel-skills-handout-2?module_item_id=26896976,https://canvas.oregonstate.edu/courses/2053526/files/118706032/download?download_frd=1,,,indexed_not_read,source_page_title=Excel Skills Handout: GENERAL PHYSICS WITH CALCULUS (PH_212_400_U2026); evidence_status=link_only; repo_file_path=,Download and parse the file before treating the file contents as indexed.
sus-00266,2053526,PHY-212,medium,download_not_read,obj-phy-212-download-118706030,,,,00369-phy-212-module-item-excel-skills-handout-general-physics-with-calculus-ph-212-400-u2026,PH211_Excel-Skills-Ref.xlsx,https://canvas.oregonstate.edu/courses/2053526/pages/excel-skills-handout-2?module_item_id=26896976,https://canvas.oregonstate.edu/courses/2053526/files/118706030/download?download_frd=1,,,indexed_not_read,source_page_title=Excel Skills Handout: GENERAL PHYSICS WITH CALCULUS (PH_212_400_U2026); evidence_status=link_only; repo_file_path=,Download and parse the file before treating the file contents as indexed.
sus-00267,2053526,PHY-212,medium,download_not_read,obj-phy-212-download-118706035,,,,00369-phy-212-module-item-excel-skills-handout-general-physics-with-calculus-ph-212-400-u2026,Download,https://canvas.oregonstate.edu/courses/2053526/pages/excel-skills-handout-2?module_item_id=26896976,https://canvas.oregonstate.edu/courses/2053526/files/118706035/download?download_frd=1,,,indexed_not_read,source_page_title=Excel Skills Handout: GENERAL PHYSICS WITH CALCULUS (PH_212_400_U2026); evidence_status=link_only; repo_file_path=,Download and parse the file before treating the file contents as indexed.
sus-00268,2053526,PHY-212,medium,download_not_read,obj-phy-212-download-118706030,,,,00369-phy-212-module-item-excel-skills-handout-general-physics-with-calculus-ph-212-400-u2026,PH211_Excel-Skills-Ref.xlsx,https://canvas.oregonstate.edu/courses/2053526/pages/excel-skills-handout-2?module_item_id=26896976,https://canvas.oregonstate.edu/courses/2053526/files/118706030/download?download_frd=1,,,indexed_not_read,source_page_title=Excel Skills Handout: GENERAL PHYSICS WITH CALCULUS (PH_212_400_U2026); evidence_status=link_only; repo_file_path=,Download and parse the file before treating the file contents as indexed.
sus-00269,2053526,PHY-212,medium,download_not_read,obj-phy-212-download-118706030,,,,00369-phy-212-module-item-excel-skills-handout-general-physics-with-calculus-ph-212-400-u2026,PH211_Excel-Skills-Ref.xlsx,https://canvas.oregonstate.edu/courses/2053526/pages/excel-skills-handout-2?module_item_id=26896976,https://canvas.oregonstate.edu/courses/2053526/files/118706030/download?download_frd=1,,,indexed_not_read,source_page_title=Excel Skills Handout: GENERAL PHYSICS WITH CALCULUS (PH_212_400_U2026); evidence_status=link_only; repo_file_path=,Download and parse the file before treating the file contents as indexed.
sus-00270,2053526,PHY-212,medium,download_not_read,obj-phy-212-download-118706027,,,,00369-phy-212-module-item-excel-skills-handout-general-physics-with-calculus-ph-212-400-u2026,Download,https://canvas.oregonstate.edu/courses/2053526/pages/excel-skills-handout-2?module_item_id=26896976,https://canvas.oregonstate.edu/courses/2053526/files/118706027/download?download_frd=1,,,indexed_not_read,source_page_title=Excel Skills Handout: GENERAL PHYSICS WITH CALCULUS (PH_212_400_U2026); evidence_status=link_only; repo_file_path=,Download and parse the file before treating the file contents as indexed.
sus-00271,2080857,MTH-252,medium,download_not_read,obj-mth-252-download-119223581,,,,00432-mth-252-linked-detail-whw1-key-pdf-integral-calculus-mth-252z-400-u2026,WHW1-Key.pdf,https://canvas.oregonstate.edu/courses/2080857/files/119223581?module_item_id=26982502#,https://canvas.oregonstate.edu/courses/2080857/files/119223581/download?download_frd=1,,,indexed_not_read,source_page_title=WHW1-Key.pdf: INTEGRAL CALCULUS (MTH_252Z_400_U2026); evidence_status=link_only; repo_file_path=,Download and parse the file before treating the file contents as indexed.
sus-00272,2080857,MTH-252,medium,download_not_read,obj-mth-252-download-119223451,,,,00453-mth-252-linked-detail-me1-w26-template-pdf-integral-calculus-mth-252z-400-u2026,ME1-W26-Template.pdf,https://canvas.oregonstate.edu/courses/2080857/files/119223451?wrap=1,https://canvas.oregonstate.edu/courses/2080857/files/119223451/download?download_frd=1,,,indexed_not_read,source_page_title=ME1-W26-Template.pdf: INTEGRAL CALCULUS (MTH_252Z_400_U2026); evidence_status=link_only; repo_file_path=,Download and parse the file before treating the file contents as indexed.
sus-00273,2080857,MTH-252,medium,download_not_read,obj-mth-252-download-119223451,,,,00454-mth-252-linked-detail-mini-exam-1-tues-thur-no-calculators,Download,https://canvas.oregonstate.edu/courses/2080857/assignments/10586045?module_item_id=26982562#,https://canvas.oregonstate.edu/courses/2080857/files/119223451/download?download_frd=1,,,indexed_not_read,source_page_title=Mini-Exam 1 - Tues - Thur --> No Calculators; evidence_status=link_only; repo_file_path=,Download and parse the file before treating the file contents as indexed.
sus-00274,2080857,MTH-252,medium,download_not_read,obj-mth-252-download-119223514,,,,00454-mth-252-linked-detail-mini-exam-1-tues-thur-no-calculators,Download,https://canvas.oregonstate.edu/courses/2080857/assignments/10586045?module_item_id=26982562#,https://canvas.oregonstate.edu/courses/2080857/files/119223514/download?download_frd=1,,,indexed_not_read,source_page_title=Mini-Exam 1 - Tues - Thur --> No Calculators; evidence_status=link_only; repo_file_path=,Download and parse the file before treating the file contents as indexed.
sus-00275,2080857,MTH-252,medium,download_not_read,obj-mth-252-download-119223497,,,,00454-mth-252-linked-detail-mini-exam-1-tues-thur-no-calculators,Download,https://canvas.oregonstate.edu/courses/2080857/assignments/10586045?module_item_id=26982562#,https://canvas.oregonstate.edu/courses/2080857/files/119223497/download?download_frd=1,,,indexed_not_read,source_page_title=Mini-Exam 1 - Tues - Thur --> No Calculators; evidence_status=link_only; repo_file_path=,Download and parse the file before treating the file contents as indexed.
sus-00276,2080857,MTH-252,medium,download_not_read,obj-mth-252-download-119223514,,,,00455-mth-252-linked-detail-unit-1-student-study-guide-pdf-integral-calculus-mth-252z-400-u2026,Unit-1-Student-Study-Guide.pdf,https://canvas.oregonstate.edu/courses/2080857/files/119223514?wrap=1,https://canvas.oregonstate.edu/courses/2080857/files/119223514/download?download_frd=1,,,indexed_not_read,source_page_title=Unit-1-Student-Study-Guide.pdf: INTEGRAL CALCULUS (MTH_252Z_400_U2026); evidence_status=link_only; repo_file_path=,Download and parse the file before treating the file contents as indexed.
sus-00277,2080857,MTH-252,medium,download_not_read,obj-mth-252-download-119223497,,,,00456-mth-252-linked-detail-unit-1-student-study-guide-key-pdf-integral-calculus-mth-252z-400-u2026,Unit-1-Student-Study-Guide-Key.pdf,https://canvas.oregonstate.edu/courses/2080857/files/119223497?wrap=1,https://canvas.oregonstate.edu/courses/2080857/files/119223497/download?download_frd=1,,,indexed_not_read,source_page_title=Unit-1-Student-Study-Guide-Key.pdf: INTEGRAL CALCULUS (MTH_252Z_400_U2026); evidence_status=link_only; repo_file_path=,Download and parse the file before treating the file contents as indexed.
sus-00278,2080857,MTH-252,medium,download_not_read,obj-mth-252-download-119223574,,,,00459-mth-252-linked-detail-whw3-template-1-pdf-integral-calculus-mth-252z-400-u2026,WHW3-Template-1.pdf,https://canvas.oregonstate.edu/courses/2080857/files/119223574?wrap=1,https://canvas.oregonstate.edu/courses/2080857/files/119223574/download?download_frd=1,,,indexed_not_read,source_page_title=WHW3-Template-1.pdf: INTEGRAL CALCULUS (MTH_252Z_400_U2026); evidence_status=link_only; repo_file_path=,Download and parse the file before treating the file contents as indexed.
sus-00279,2080857,MTH-252,medium,download_not_read,obj-mth-252-download-119223574,,,,00460-mth-252-linked-detail-module-3-written-homework-whw-3-3-hours,Download,https://canvas.oregonstate.edu/courses/2080857/assignments/10586056?module_item_id=26982568#,https://canvas.oregonstate.edu/courses/2080857/files/119223574/download?download_frd=1,,,indexed_not_read,source_page_title=Module 3 — Written Homework (WHW 3) 🕓 3 hours; evidence_status=link_only; repo_file_path=,Download and parse the file before treating the file contents as indexed.
sus-00280,2080857,MTH-252,medium,download_not_read,obj-mth-252-download-99187575,,,,00524-mth-252-linked-detail-mini-exam-2-retake,IVP-Wksht1.pdf,https://canvas.oregonstate.edu/courses/2080857/assignments/10586047?module_item_id=26982654#,https://canvas.oregonstate.edu/courses/1918585/files/99187575/download?download_frd=1,,,indexed_not_read,source_page_title=Mini-Exam 2 - Retake; evidence_status=link_only; repo_file_path=,Download and parse the file before treating the file contents as indexed.
sus-00281,2080857,MTH-252,medium,download_not_read,obj-mth-252-download-99187581,,,,00524-mth-252-linked-detail-mini-exam-2-retake,IVP-Wksht2.pdf,https://canvas.oregonstate.edu/courses/2080857/assignments/10586047?module_item_id=26982654#,https://canvas.oregonstate.edu/courses/1918585/files/99187581/download?download_frd=1,,,indexed_not_read,source_page_title=Mini-Exam 2 - Retake; evidence_status=link_only; repo_file_path=,Download and parse the file before treating the file contents as indexed.
sus-00282,2053263,MTH-253,medium,download_not_read,obj-mth-253-download-119294133,,,,00534-mth-253-linked-detail-practice-quiz-take-it-before-attempting-quiz-1-sequences-and-series-mth-253z-400-u2026,Practice-Quiz.pdf,https://canvas.oregonstate.edu/courses/2053263/quizzes/3166971/take?user_id=6660414,https://canvas.oregonstate.edu/users/6660414/files/119294133/download?verifier=gGJq5JBGLXpWU66mkaU77iU27kEJcXVFbCpDi73N&download_frd=1,,,indexed_not_read,source_page_title=Practice Quiz (take it before attempting Quiz 1!): SEQUENCES AND SERIES (MTH_253Z_400_U2026); evidence_status=link_only; repo_file_path=,Download and parse the file before treating the file contents as indexed.
sus-00283,2053263,MTH-253,medium,download_not_read,obj-mth-253-download-119294133,,,,00535-mth-253-linked-detail-jacob-peterson-s-quiz-history-practice-quiz-take-it-before-attempting-quiz-1,Practice-Quiz.pdf,https://canvas.oregonstate.edu/courses/2053263/quizzes/3166971/history?version=2,https://canvas.oregonstate.edu/users/6660414/files/119294133/download?verifier=gGJq5JBGLXpWU66mkaU77iU27kEJcXVFbCpDi73N&download_frd=1,,,indexed_not_read,source_page_title=Jacob Peterson's Quiz History: Practice Quiz (take it before attempting Quiz 1!); evidence_status=link_only; repo_file_path=,Download and parse the file before treating the file contents as indexed.
sus-00284,2053263,MTH-253,medium,download_not_read,obj-mth-253-download-119294133,,,,00537-mth-253-linked-detail-practice-quiz-take-it-before-attempting-quiz-1-sequences-and-series-mth-253z-400-u2026,Practice-Quiz.pdf,https://canvas.oregonstate.edu/courses/2053263/quizzes/3166971?module_item_id=26982050#,https://canvas.oregonstate.edu/users/6660414/files/119294133/download?verifier=gGJq5JBGLXpWU66mkaU77iU27kEJcXVFbCpDi73N&download_frd=1,,,indexed_not_read,source_page_title=Practice Quiz (take it before attempting Quiz 1!): SEQUENCES AND SERIES (MTH_253Z_400_U2026); evidence_status=link_only; repo_file_path=,Download and parse the file before treating the file contents as indexed.
sus-00285,2053263,MTH-253,medium,download_not_read,obj-mth-253-download-118558743,,,,00548-mth-253-linked-detail-sequences-pdf-sequences-and-series-mth-253z-400-u2026,Sequences.pdf,https://canvas.oregonstate.edu/courses/2053263/files/118558743?wrap=1,https://canvas.oregonstate.edu/courses/2053263/files/118558743/download?download_frd=1,,,indexed_not_read,source_page_title=Sequences.pdf: SEQUENCES AND SERIES (MTH_253Z_400_U2026); evidence_status=link_only; repo_file_path=,Download and parse the file before treating the file contents as indexed.
sus-00286,2053263,MTH-253,medium,download_not_read,obj-mth-253-download-118558743,,,,00549-mth-253-linked-detail-unit-2-learning-materials-sequences-and-series-mth-253z-400-u2026,Download,https://canvas.oregonstate.edu/courses/2053263/pages/unit-2-learning-materials?module_item_id=26885543#,https://canvas.oregonstate.edu/courses/2053263/files/118558743/download?download_frd=1,,,indexed_not_read,source_page_title=Unit 2 - Learning Materials: SEQUENCES AND SERIES (MTH_253Z_400_U2026); evidence_status=link_only; repo_file_path=,Download and parse the file before treating the file contents as indexed.
sus-00287,2053263,MTH-253,medium,download_not_read,obj-mth-253-download-118558950,,,,00549-mth-253-linked-detail-unit-2-learning-materials-sequences-and-series-mth-253z-400-u2026,Download,https://canvas.oregonstate.edu/courses/2053263/pages/unit-2-learning-materials?module_item_id=26885543#,https://canvas.oregonstate.edu/courses/2053263/files/118558950/download?download_frd=1,,,indexed_not_read,source_page_title=Unit 2 - Learning Materials: SEQUENCES AND SERIES (MTH_253Z_400_U2026); evidence_status=link_only; repo_file_path=,Download and parse the file before treating the file contents as indexed.
sus-00288,2053263,MTH-253,medium,download_not_read,obj-mth-253-download-118558844,,,,00549-mth-253-linked-detail-unit-2-learning-materials-sequences-and-series-mth-253z-400-u2026,Download,https://canvas.oregonstate.edu/courses/2053263/pages/unit-2-learning-materials?module_item_id=26885543#,https://canvas.oregonstate.edu/courses/2053263/files/118558844/download?download_frd=1,,,indexed_not_read,source_page_title=Unit 2 - Learning Materials: SEQUENCES AND SERIES (MTH_253Z_400_U2026); evidence_status=link_only; repo_file_path=,Download and parse the file before treating the file contents as indexed.
sus-00289,2053263,MTH-253,medium,download_not_read,obj-mth-253-download-118558915,,,,00549-mth-253-linked-detail-unit-2-learning-materials-sequences-and-series-mth-253z-400-u2026,Download,https://canvas.oregonstate.edu/courses/2053263/pages/unit-2-learning-materials?module_item_id=26885543#,https://canvas.oregonstate.edu/courses/2053263/files/118558915/download?download_frd=1,,,indexed_not_read,source_page_title=Unit 2 - Learning Materials: SEQUENCES AND SERIES (MTH_253Z_400_U2026); evidence_status=link_only; repo_file_path=,Download and parse the file before treating the file contents as indexed.
sus-00290,2053263,MTH-253,medium,download_not_read,obj-mth-253-download-118558827,,,,00549-mth-253-linked-detail-unit-2-learning-materials-sequences-and-series-mth-253z-400-u2026,Download,https://canvas.oregonstate.edu/courses/2053263/pages/unit-2-learning-materials?module_item_id=26885543#,https://canvas.oregonstate.edu/courses/2053263/files/118558827/download?download_frd=1,,,indexed_not_read,source_page_title=Unit 2 - Learning Materials: SEQUENCES AND SERIES (MTH_253Z_400_U2026); evidence_status=link_only; repo_file_path=,Download and parse the file before treating the file contents as indexed.
sus-00291,2053263,MTH-253,medium,download_not_read,obj-mth-253-download-118558808,,,,00549-mth-253-linked-detail-unit-2-learning-materials-sequences-and-series-mth-253z-400-u2026,Download,https://canvas.oregonstate.edu/courses/2053263/pages/unit-2-learning-materials?module_item_id=26885543#,https://canvas.oregonstate.edu/courses/2053263/files/118558808/download?download_frd=1,,,indexed_not_read,source_page_title=Unit 2 - Learning Materials: SEQUENCES AND SERIES (MTH_253Z_400_U2026); evidence_status=link_only; repo_file_path=,Download and parse the file before treating the file contents as indexed.
sus-00292,2053263,MTH-253,medium,download_not_read,obj-mth-253-download-118558770,,,,00549-mth-253-linked-detail-unit-2-learning-materials-sequences-and-series-mth-253z-400-u2026,Download,https://canvas.oregonstate.edu/courses/2053263/pages/unit-2-learning-materials?module_item_id=26885543#,https://canvas.oregonstate.edu/courses/2053263/files/118558770/download?download_frd=1,,,indexed_not_read,source_page_title=Unit 2 - Learning Materials: SEQUENCES AND SERIES (MTH_253Z_400_U2026); evidence_status=link_only; repo_file_path=,Download and parse the file before treating the file contents as indexed.
sus-00293,2053263,MTH-253,medium,download_not_read,obj-mth-253-download-118558809,,,,00549-mth-253-linked-detail-unit-2-learning-materials-sequences-and-series-mth-253z-400-u2026,Download,https://canvas.oregonstate.edu/courses/2053263/pages/unit-2-learning-materials?module_item_id=26885543#,https://canvas.oregonstate.edu/courses/2053263/files/118558809/download?download_frd=1,,,indexed_not_read,source_page_title=Unit 2 - Learning Materials: SEQUENCES AND SERIES (MTH_253Z_400_U2026); evidence_status=link_only; repo_file_path=,Download and parse the file before treating the file contents as indexed.
sus-00294,2053263,MTH-253,medium,download_not_read,obj-mth-253-download-118558919,,,,00549-mth-253-linked-detail-unit-2-learning-materials-sequences-and-series-mth-253z-400-u2026,Download,https://canvas.oregonstate.edu/courses/2053263/pages/unit-2-learning-materials?module_item_id=26885543#,https://canvas.oregonstate.edu/courses/2053263/files/118558919/download?download_frd=1,,,indexed_not_read,source_page_title=Unit 2 - Learning Materials: SEQUENCES AND SERIES (MTH_253Z_400_U2026); evidence_status=link_only; repo_file_path=,Download and parse the file before treating the file contents as indexed.
sus-00295,2053263,MTH-253,medium,download_not_read,obj-mth-253-download-118558743,,,,00549-mth-253-linked-detail-unit-2-learning-materials-sequences-and-series-mth-253z-400-u2026,Download,https://canvas.oregonstate.edu/courses/2053263/pages/unit-2-learning-materials?module_item_id=26885543#,https://canvas.oregonstate.edu/courses/2053263/files/118558743/download?download_frd=1,,,indexed_not_read,source_page_title=Unit 2 - Learning Materials: SEQUENCES AND SERIES (MTH_253Z_400_U2026); evidence_status=link_only; repo_file_path=,Download and parse the file before treating the file contents as indexed.
sus-00296,2053263,MTH-253,medium,download_not_read,obj-mth-253-download-118558950,,,,00549-mth-253-linked-detail-unit-2-learning-materials-sequences-and-series-mth-253z-400-u2026,Download,https://canvas.oregonstate.edu/courses/2053263/pages/unit-2-learning-materials?module_item_id=26885543#,https://canvas.oregonstate.edu/courses/2053263/files/118558950/download?download_frd=1,,,indexed_not_read,source_page_title=Unit 2 - Learning Materials: SEQUENCES AND SERIES (MTH_253Z_400_U2026); evidence_status=link_only; repo_file_path=,Download and parse the file before treating the file contents as indexed.
sus-00297,2053263,MTH-253,medium,download_not_read,obj-mth-253-download-118558950,,,,00550-mth-253-linked-detail-recursive-sequences-pdf-sequences-and-series-mth-253z-400-u2026,Recursive Sequences.pdf,https://canvas.oregonstate.edu/courses/2053263/files/118558950?wrap=1,https://canvas.oregonstate.edu/courses/2053263/files/118558950/download?download_frd=1,,,indexed_not_read,source_page_title=Recursive Sequences.pdf: SEQUENCES AND SERIES (MTH_253Z_400_U2026); evidence_status=link_only; repo_file_path=,Download and parse the file before treating the file contents as indexed.
sus-00298,2053263,MTH-253,medium,download_not_read,obj-mth-253-download-118558844,,,,00551-mth-253-linked-detail-convergence-or-divergence-of-a-sequence-pdf-sequences-and-series-mth-253z-400-u2026,Convergence or Divergence of a Sequence.pdf,https://canvas.oregonstate.edu/courses/2053263/files/118558844?wrap=1,https://canvas.oregonstate.edu/courses/2053263/files/118558844/download?download_frd=1,,,indexed_not_read,source_page_title=Convergence or Divergence of a Sequence.pdf: SEQUENCES AND SERIES (MTH_253Z_400_U2026); evidence_status=link_only; repo_file_path=,Download and parse the file before treating the file contents as indexed.
sus-00299,2053263,MTH-253,medium,download_not_read,obj-mth-253-download-118558915,,,,00552-mth-253-linked-detail-geometric-sequences-pdf-sequences-and-series-mth-253z-400-u2026,Geometric Sequences.pdf,https://canvas.oregonstate.edu/courses/2053263/files/118558915?wrap=1,https://canvas.oregonstate.edu/courses/2053263/files/118558915/download?download_frd=1,,,indexed_not_read,source_page_title=Geometric Sequences.pdf: SEQUENCES AND SERIES (MTH_253Z_400_U2026); evidence_status=link_only; repo_file_path=,Download and parse the file before treating the file contents as indexed.
sus-00300,2053263,MTH-253,medium,download_not_read,obj-mth-253-download-118558827,,,,00553-mth-253-linked-detail-introduction-to-series-pdf-sequences-and-series-mth-253z-400-u2026,Introduction to Series.pdf,https://canvas.oregonstate.edu/courses/2053263/files/118558827?wrap=1,https://canvas.oregonstate.edu/courses/2053263/files/118558827/download?download_frd=1,,,indexed_not_read,source_page_title=Introduction to Series.pdf: SEQUENCES AND SERIES (MTH_253Z_400_U2026); evidence_status=link_only; repo_file_path=,Download and parse the file before treating the file contents as indexed.
sus-00301,2053263,MTH-253,medium,download_not_read,obj-mth-253-download-118558808,,,,00554-mth-253-linked-detail-partial-sums-pdf-sequences-and-series-mth-253z-400-u2026,Partial Sums.pdf,https://canvas.oregonstate.edu/courses/2053263/files/118558808?wrap=1,https://canvas.oregonstate.edu/courses/2053263/files/118558808/download?download_frd=1,,,indexed_not_read,source_page_title=Partial Sums.pdf: SEQUENCES AND SERIES (MTH_253Z_400_U2026); evidence_status=link_only; repo_file_path=,Download and parse the file before treating the file contents as indexed.
sus-00302,2053263,MTH-253,medium,download_not_read,obj-mth-253-download-118558770,,,,00555-mth-253-linked-detail-geometric-series-pdf-sequences-and-series-mth-253z-400-u2026,Geometric Series.pdf,https://canvas.oregonstate.edu/courses/2053263/files/118558770?wrap=1,https://canvas.oregonstate.edu/courses/2053263/files/118558770/download?download_frd=1,,,indexed_not_read,source_page_title=Geometric Series.pdf: SEQUENCES AND SERIES (MTH_253Z_400_U2026); evidence_status=link_only; repo_file_path=,Download and parse the file before treating the file contents as indexed.
sus-00303,2053263,MTH-253,medium,download_not_read,obj-mth-253-download-118558809,,,,00556-mth-253-linked-detail-repeating-decimals-and-geometric-series-pdf-sequences-and-series-mth-253z-400-u2026,Repeating Decimals and Geometric Series.pdf,https://canvas.oregonstate.edu/courses/2053263/files/118558809?wrap=1,https://canvas.oregonstate.edu/courses/2053263/files/118558809/download?download_frd=1,,,indexed_not_read,source_page_title=Repeating Decimals and Geometric Series.pdf: SEQUENCES AND SERIES (MTH_253Z_400_U2026); evidence_status=link_only; repo_file_path=,Download and parse the file before treating the file contents as indexed.
sus-00304,2053263,MTH-253,medium,download_not_read,obj-mth-253-download-118558919,,,,00557-mth-253-linked-detail-telescoping-series-pdf-sequences-and-series-mth-253z-400-u2026,Telescoping Series.pdf,https://canvas.oregonstate.edu/courses/2053263/files/118558919?wrap=1,https://canvas.oregonstate.edu/courses/2053263/files/118558919/download?download_frd=1,,,indexed_not_read,source_page_title=Telescoping Series.pdf: SEQUENCES AND SERIES (MTH_253Z_400_U2026); evidence_status=link_only; repo_file_path=,Download and parse the file before treating the file contents as indexed.
sus-00305,2053263,MTH-253,medium,download_not_read,obj-mth-253-download-118558872,,,,00559-mth-253-linked-detail-unit-2-written-homework-pdf-sequences-and-series-mth-253z-400-u2026,Unit #2 - Written Homework.pdf,https://canvas.oregonstate.edu/courses/2053263/files/118558872?wrap=1,https://canvas.oregonstate.edu/courses/2053263/files/118558872/download?download_frd=1,,,indexed_not_read,source_page_title=Unit #2 - Written Homework.pdf: SEQUENCES AND SERIES (MTH_253Z_400_U2026); evidence_status=link_only; repo_file_path=,Download and parse the file before treating the file contents as indexed.
sus-00306,2053263,MTH-253,medium,download_not_read,obj-mth-253-download-118558872,,,,00560-mth-253-linked-detail-unit-2-written-homework-assignment,Download,https://canvas.oregonstate.edu/courses/2053263/assignments/10553180?module_item_id=26885550#,https://canvas.oregonstate.edu/courses/2053263/files/118558872/download?download_frd=1,,,indexed_not_read,source_page_title=Unit 2 - Written Homework Assignment; evidence_status=link_only; repo_file_path=,Download and parse the file before treating the file contents as indexed.
sus-00307,2053263,MTH-253,medium,download_not_read,obj-mth-253-download-118558743,,,,00574-mth-253-linked-detail-unit-2-learning-materials-sequences-and-series-mth-253z-400-u2026,Download,https://canvas.oregonstate.edu/courses/2053263/pages/unit-2-learning-materials,https://canvas.oregonstate.edu/courses/2053263/files/118558743/download?download_frd=1,,,indexed_not_read,source_page_title=Unit 2 - Learning Materials: SEQUENCES AND SERIES (MTH_253Z_400_U2026); evidence_status=link_only; repo_file_path=,Download and parse the file before treating the file contents as indexed.
sus-00308,2053263,MTH-253,medium,download_not_read,obj-mth-253-download-118558950,,,,00574-mth-253-linked-detail-unit-2-learning-materials-sequences-and-series-mth-253z-400-u2026,Download,https://canvas.oregonstate.edu/courses/2053263/pages/unit-2-learning-materials,https://canvas.oregonstate.edu/courses/2053263/files/118558950/download?download_frd=1,,,indexed_not_read,source_page_title=Unit 2 - Learning Materials: SEQUENCES AND SERIES (MTH_253Z_400_U2026); evidence_status=link_only; repo_file_path=,Download and parse the file before treating the file contents as indexed.
sus-00309,2053263,MTH-253,medium,download_not_read,obj-mth-253-download-118558844,,,,00574-mth-253-linked-detail-unit-2-learning-materials-sequences-and-series-mth-253z-400-u2026,Download,https://canvas.oregonstate.edu/courses/2053263/pages/unit-2-learning-materials,https://canvas.oregonstate.edu/courses/2053263/files/118558844/download?download_frd=1,,,indexed_not_read,source_page_title=Unit 2 - Learning Materials: SEQUENCES AND SERIES (MTH_253Z_400_U2026); evidence_status=link_only; repo_file_path=,Download and parse the file before treating the file contents as indexed.
sus-00310,2053263,MTH-253,medium,download_not_read,obj-mth-253-download-118558915,,,,00574-mth-253-linked-detail-unit-2-learning-materials-sequences-and-series-mth-253z-400-u2026,Download,https://canvas.oregonstate.edu/courses/2053263/pages/unit-2-learning-materials,https://canvas.oregonstate.edu/courses/2053263/files/118558915/download?download_frd=1,,,indexed_not_read,source_page_title=Unit 2 - Learning Materials: SEQUENCES AND SERIES (MTH_253Z_400_U2026); evidence_status=link_only; repo_file_path=,Download and parse the file before treating the file contents as indexed.
sus-00311,2053263,MTH-253,medium,download_not_read,obj-mth-253-download-118558827,,,,00574-mth-253-linked-detail-unit-2-learning-materials-sequences-and-series-mth-253z-400-u2026,Download,https://canvas.oregonstate.edu/courses/2053263/pages/unit-2-learning-materials,https://canvas.oregonstate.edu/courses/2053263/files/118558827/download?download_frd=1,,,indexed_not_read,source_page_title=Unit 2 - Learning Materials: SEQUENCES AND SERIES (MTH_253Z_400_U2026); evidence_status=link_only; repo_file_path=,Download and parse the file before treating the file contents as indexed.
sus-00312,2053263,MTH-253,medium,download_not_read,obj-mth-253-download-118558808,,,,00574-mth-253-linked-detail-unit-2-learning-materials-sequences-and-series-mth-253z-400-u2026,Download,https://canvas.oregonstate.edu/courses/2053263/pages/unit-2-learning-materials,https://canvas.oregonstate.edu/courses/2053263/files/118558808/download?download_frd=1,,,indexed_not_read,source_page_title=Unit 2 - Learning Materials: SEQUENCES AND SERIES (MTH_253Z_400_U2026); evidence_status=link_only; repo_file_path=,Download and parse the file before treating the file contents as indexed.
sus-00313,2053263,MTH-253,medium,download_not_read,obj-mth-253-download-118558770,,,,00574-mth-253-linked-detail-unit-2-learning-materials-sequences-and-series-mth-253z-400-u2026,Download,https://canvas.oregonstate.edu/courses/2053263/pages/unit-2-learning-materials,https://canvas.oregonstate.edu/courses/2053263/files/118558770/download?download_frd=1,,,indexed_not_read,source_page_title=Unit 2 - Learning Materials: SEQUENCES AND SERIES (MTH_253Z_400_U2026); evidence_status=link_only; repo_file_path=,Download and parse the file before treating the file contents as indexed.
sus-00314,2053263,MTH-253,medium,download_not_read,obj-mth-253-download-118558809,,,,00574-mth-253-linked-detail-unit-2-learning-materials-sequences-and-series-mth-253z-400-u2026,Download,https://canvas.oregonstate.edu/courses/2053263/pages/unit-2-learning-materials,https://canvas.oregonstate.edu/courses/2053263/files/118558809/download?download_frd=1,,,indexed_not_read,source_page_title=Unit 2 - Learning Materials: SEQUENCES AND SERIES (MTH_253Z_400_U2026); evidence_status=link_only; repo_file_path=,Download and parse the file before treating the file contents as indexed.
sus-00315,2053263,MTH-253,medium,download_not_read,obj-mth-253-download-118558919,,,,00574-mth-253-linked-detail-unit-2-learning-materials-sequences-and-series-mth-253z-400-u2026,Download,https://canvas.oregonstate.edu/courses/2053263/pages/unit-2-learning-materials,https://canvas.oregonstate.edu/courses/2053263/files/118558919/download?download_frd=1,,,indexed_not_read,source_page_title=Unit 2 - Learning Materials: SEQUENCES AND SERIES (MTH_253Z_400_U2026); evidence_status=link_only; repo_file_path=,Download and parse the file before treating the file contents as indexed.
sus-00316,2053263,MTH-253,medium,download_not_read,obj-mth-253-download-118558743,,,,00574-mth-253-linked-detail-unit-2-learning-materials-sequences-and-series-mth-253z-400-u2026,Download,https://canvas.oregonstate.edu/courses/2053263/pages/unit-2-learning-materials,https://canvas.oregonstate.edu/courses/2053263/files/118558743/download?download_frd=1,,,indexed_not_read,source_page_title=Unit 2 - Learning Materials: SEQUENCES AND SERIES (MTH_253Z_400_U2026); evidence_status=link_only; repo_file_path=,Download and parse the file before treating the file contents as indexed.
sus-00317,2053263,MTH-253,medium,download_not_read,obj-mth-253-download-118558950,,,,00574-mth-253-linked-detail-unit-2-learning-materials-sequences-and-series-mth-253z-400-u2026,Download,https://canvas.oregonstate.edu/courses/2053263/pages/unit-2-learning-materials,https://canvas.oregonstate.edu/courses/2053263/files/118558950/download?download_frd=1,,,indexed_not_read,source_page_title=Unit 2 - Learning Materials: SEQUENCES AND SERIES (MTH_253Z_400_U2026); evidence_status=link_only; repo_file_path=,Download and parse the file before treating the file contents as indexed.
sus-00318,2053263,MTH-253,medium,download_not_read,obj-mth-253-download-118558751,,,,00576-mth-253-linked-detail-mth-253-course-syllabus-fall-2025-pdf-sequences-and-series-mth-253z-400-u2026,MTH 253 Course Syllabus - Fall 2025.pdf,https://canvas.oregonstate.edu/courses/2053263/files/118558751?wrap=1,https://canvas.oregonstate.edu/courses/2053263/files/118558751/download?download_frd=1,,,indexed_not_read,source_page_title=MTH 253 Course Syllabus - Fall 2025.pdf: SEQUENCES AND SERIES (MTH_253Z_400_U2026); evidence_status=link_only; repo_file_path=,Download and parse the file before treating the file contents as indexed.
sus-00319,2053526,PHY-212,medium,download_not_read,obj-phy-212-download-119307451,,,,00578-phy-212-linked-detail-lab-structure-and-ta-meetings-pdf-general-physics-with-calculus-ph-212-400-u2026,Lab Structure and TA Meetings.pdf,https://canvas.oregonstate.edu/courses/2053526/files/119307451?module_item_id=27007746#,https://canvas.oregonstate.edu/courses/2053526/files/119307451/download?download_frd=1,,,indexed_not_read,source_page_title=Lab Structure and TA Meetings.pdf: GENERAL PHYSICS WITH CALCULUS (PH_212_400_U2026); evidence_status=link_only; repo_file_path=,Download and parse the file before treating the file contents as indexed.
sus-00320,2053526,PHY-212,medium,download_not_read,obj-phy-212-download-119307451,,,,00614-phy-212-linked-detail-lab-structure-and-ta-meetings-pdf-general-physics-with-calculus-ph-212-400-u2026,Lab Structure and TA Meetings.pdf,https://canvas.oregonstate.edu/courses/2053526/files/119307451?wrap=1,https://canvas.oregonstate.edu/courses/2053526/files/119307451/download?download_frd=1,,,indexed_not_read,source_page_title=Lab Structure and TA Meetings.pdf: GENERAL PHYSICS WITH CALCULUS (PH_212_400_U2026); evidence_status=link_only; repo_file_path=,Download and parse the file before treating the file contents as indexed.
sus-00321,2053526,PHY-212,medium,download_not_read,obj-phy-212-download-119307451,,,,00615-phy-212-linked-detail-lab-2-instructions-general-physics-with-calculus-ph-212-400-u2026,Download,https://canvas.oregonstate.edu/courses/2053526/pages/lab-2-instructions-2?module_item_id=26896965#,https://canvas.oregonstate.edu/courses/2053526/files/119307451/download?download_frd=1,,,indexed_not_read,source_page_title=Lab 2 Instructions: GENERAL PHYSICS WITH CALCULUS (PH_212_400_U2026); evidence_status=link_only; repo_file_path=,Download and parse the file before treating the file contents as indexed.
sus-00322,2053526,PHY-212,medium,download_not_read,obj-phy-212-download-118706030,,,,00644-phy-212-linked-detail-ph211-excel-skills-ref-xlsx-general-physics-with-calculus-ph-212-400-u2026,PH211_Excel-Skills-Ref.xlsx,https://canvas.oregonstate.edu/courses/2053526/files/118706030?wrap=1,https://canvas.oregonstate.edu/courses/2053526/files/118706030/download?download_frd=1,,,indexed_not_read,source_page_title=PH211_Excel-Skills-Ref.xlsx: GENERAL PHYSICS WITH CALCULUS (PH_212_400_U2026); evidence_status=link_only; repo_file_path=,Download and parse the file before treating the file contents as indexed.
sus-00323,2053526,PHY-212,medium,download_not_read,obj-phy-212-download-118706028,,,,00645-phy-212-linked-detail-ph211-basic-excel-workflows-pptx-general-physics-with-calculus-ph-212-400-u2026,PH211_Basic-Excel-Workflows.pptx,https://canvas.oregonstate.edu/courses/2053526/files/118706028?wrap=1,https://canvas.oregonstate.edu/courses/2053526/files/118706028/download?download_frd=1,,,indexed_not_read,source_page_title=PH211_Basic-Excel-Workflows.pptx: GENERAL PHYSICS WITH CALCULUS (PH_212_400_U2026); evidence_status=link_only; repo_file_path=,Download and parse the file before treating the file contents as indexed.
sus-00324,2053526,PHY-212,medium,download_not_read,obj-phy-212-download-118706030,,,,00646-phy-212-linked-detail-excel-skills-handout-general-physics-with-calculus-ph-212-400-u2026,PH211_Excel-Skills-Ref.xlsx,https://canvas.oregonstate.edu/courses/2053526/pages/excel-skills-handout-2?module_item_id=26896976#,https://canvas.oregonstate.edu/courses/2053526/files/118706030/download?download_frd=1,,,indexed_not_read,source_page_title=Excel Skills Handout: GENERAL PHYSICS WITH CALCULUS (PH_212_400_U2026); evidence_status=link_only; repo_file_path=,Download and parse the file before treating the file contents as indexed.
sus-00325,2053526,PHY-212,medium,download_not_read,obj-phy-212-download-118706028,,,,00646-phy-212-linked-detail-excel-skills-handout-general-physics-with-calculus-ph-212-400-u2026,Download,https://canvas.oregonstate.edu/courses/2053526/pages/excel-skills-handout-2?module_item_id=26896976#,https://canvas.oregonstate.edu/courses/2053526/files/118706028/download?download_frd=1,,,indexed_not_read,source_page_title=Excel Skills Handout: GENERAL PHYSICS WITH CALCULUS (PH_212_400_U2026); evidence_status=link_only; repo_file_path=,Download and parse the file before treating the file contents as indexed.
sus-00326,2053526,PHY-212,medium,download_not_read,obj-phy-212-download-118706032,,,,00646-phy-212-linked-detail-excel-skills-handout-general-physics-with-calculus-ph-212-400-u2026,PH211_DATA_time-distance.txt,https://canvas.oregonstate.edu/courses/2053526/pages/excel-skills-handout-2?module_item_id=26896976#,https://canvas.oregonstate.edu/courses/2053526/files/118706032/download?download_frd=1,,,indexed_not_read,source_page_title=Excel Skills Handout: GENERAL PHYSICS WITH CALCULUS (PH_212_400_U2026); evidence_status=link_only; repo_file_path=,Download and parse the file before treating the file contents as indexed.
sus-00327,2053526,PHY-212,medium,download_not_read,obj-phy-212-download-118706030,,,,00646-phy-212-linked-detail-excel-skills-handout-general-physics-with-calculus-ph-212-400-u2026,PH211_Excel-Skills-Ref.xlsx,https://canvas.oregonstate.edu/courses/2053526/pages/excel-skills-handout-2?module_item_id=26896976#,https://canvas.oregonstate.edu/courses/2053526/files/118706030/download?download_frd=1,,,indexed_not_read,source_page_title=Excel Skills Handout: GENERAL PHYSICS WITH CALCULUS (PH_212_400_U2026); evidence_status=link_only; repo_file_path=,Download and parse the file before treating the file contents as indexed.
sus-00328,2053526,PHY-212,medium,download_not_read,obj-phy-212-download-118706035,,,,00646-phy-212-linked-detail-excel-skills-handout-general-physics-with-calculus-ph-212-400-u2026,Download,https://canvas.oregonstate.edu/courses/2053526/pages/excel-skills-handout-2?module_item_id=26896976#,https://canvas.oregonstate.edu/courses/2053526/files/118706035/download?download_frd=1,,,indexed_not_read,source_page_title=Excel Skills Handout: GENERAL PHYSICS WITH CALCULUS (PH_212_400_U2026); evidence_status=link_only; repo_file_path=,Download and parse the file before treating the file contents as indexed.
sus-00329,2053526,PHY-212,medium,download_not_read,obj-phy-212-download-118706030,,,,00646-phy-212-linked-detail-excel-skills-handout-general-physics-with-calculus-ph-212-400-u2026,PH211_Excel-Skills-Ref.xlsx,https://canvas.oregonstate.edu/courses/2053526/pages/excel-skills-handout-2?module_item_id=26896976#,https://canvas.oregonstate.edu/courses/2053526/files/118706030/download?download_frd=1,,,indexed_not_read,source_page_title=Excel Skills Handout: GENERAL PHYSICS WITH CALCULUS (PH_212_400_U2026); evidence_status=link_only; repo_file_path=,Download and parse the file before treating the file contents as indexed.
sus-00330,2053526,PHY-212,medium,download_not_read,obj-phy-212-download-118706030,,,,00646-phy-212-linked-detail-excel-skills-handout-general-physics-with-calculus-ph-212-400-u2026,PH211_Excel-Skills-Ref.xlsx,https://canvas.oregonstate.edu/courses/2053526/pages/excel-skills-handout-2?module_item_id=26896976#,https://canvas.oregonstate.edu/courses/2053526/files/118706030/download?download_frd=1,,,indexed_not_read,source_page_title=Excel Skills Handout: GENERAL PHYSICS WITH CALCULUS (PH_212_400_U2026); evidence_status=link_only; repo_file_path=,Download and parse the file before treating the file contents as indexed.
sus-00331,2053526,PHY-212,medium,download_not_read,obj-phy-212-download-118706027,,,,00646-phy-212-linked-detail-excel-skills-handout-general-physics-with-calculus-ph-212-400-u2026,Download,https://canvas.oregonstate.edu/courses/2053526/pages/excel-skills-handout-2?module_item_id=26896976#,https://canvas.oregonstate.edu/courses/2053526/files/118706027/download?download_frd=1,,,indexed_not_read,source_page_title=Excel Skills Handout: GENERAL PHYSICS WITH CALCULUS (PH_212_400_U2026); evidence_status=link_only; repo_file_path=,Download and parse the file before treating the file contents as indexed.
sus-00332,2053526,PHY-212,medium,download_not_read,obj-phy-212-download-118706032,,,,00647-phy-212-linked-detail-ph211-data-time-distance-txt-general-physics-with-calculus-ph-212-400-u2026,PH211_DATA_time-distance.txt,https://canvas.oregonstate.edu/courses/2053526/files/118706032?wrap=1,https://canvas.oregonstate.edu/courses/2053526/files/118706032/download?download_frd=1,,,indexed_not_read,source_page_title=PH211_DATA_time-distance.txt: GENERAL PHYSICS WITH CALCULUS (PH_212_400_U2026); evidence_status=link_only; repo_file_path=,Download and parse the file before treating the file contents as indexed.
sus-00333,2053526,PHY-212,medium,download_not_read,obj-phy-212-download-118706035,,,,00648-phy-212-linked-detail-ph211-excel-data-analysis-pptx-general-physics-with-calculus-ph-212-400-u2026,PH211_Excel-Data-Analysis.pptx,https://canvas.oregonstate.edu/courses/2053526/files/118706035?wrap=1,https://canvas.oregonstate.edu/courses/2053526/files/118706035/download?download_frd=1,,,indexed_not_read,source_page_title=PH211_Excel-Data-Analysis.pptx: GENERAL PHYSICS WITH CALCULUS (PH_212_400_U2026); evidence_status=link_only; repo_file_path=,Download and parse the file before treating the file contents as indexed.
sus-00334,2053526,PHY-212,medium,download_not_read,obj-phy-212-download-118706027,,,,00649-phy-212-linked-detail-ph211-excel-derivitives-integrals-pptx-general-physics-with-calculus-ph-212-400-u2026,PH211_Excel-Derivitives-Integrals.pptx,https://canvas.oregonstate.edu/courses/2053526/files/118706027?wrap=1,https://canvas.oregonstate.edu/courses/2053526/files/118706027/download?download_frd=1,,,indexed_not_read,source_page_title=PH211_Excel-Derivitives-Integrals.pptx: GENERAL PHYSICS WITH CALCULUS (PH_212_400_U2026); evidence_status=link_only; repo_file_path=,Download and parse the file before treating the file contents as indexed.
sus-00335,2080857,MTH-252,medium,review_queue,obj-mth-252-download-99187575,,,,,IVP-Wksht1.pdf,https://canvas.oregonstate.edu/courses/1918585/files/99187575/download?download_frd=1,,,review-00001,download_not_read,Download and parse file before treating contents as read.,Download and parse file before treating contents as read.
sus-00336,2080857,MTH-252,medium,review_queue,obj-mth-252-download-99187581,,,,,IVP-Wksht2.pdf,https://canvas.oregonstate.edu/courses/1918585/files/99187581/download?download_frd=1,,,review-00002,download_not_read,Download and parse file before treating contents as read.,Download and parse file before treating contents as read.
sus-00337,2053263,MTH-253,medium,review_queue,obj-mth-253-download-118558743,,,,,Download,https://canvas.oregonstate.edu/courses/2053263/files/118558743/download?download_frd=1,,,review-00003,download_not_read,Download and parse file before treating contents as read.,Download and parse file before treating contents as read.
sus-00338,2053263,MTH-253,medium,review_queue,obj-mth-253-download-118558950,,,,,Download,https://canvas.oregonstate.edu/courses/2053263/files/118558950/download?download_frd=1,,,review-00004,download_not_read,Download and parse file before treating contents as read.,Download and parse file before treating contents as read.
sus-00339,2053263,MTH-253,medium,review_queue,obj-mth-253-download-118558844,,,,,Download,https://canvas.oregonstate.edu/courses/2053263/files/118558844/download?download_frd=1,,,review-00005,download_not_read,Download and parse file before treating contents as read.,Download and parse file before treating contents as read.
sus-00340,2053263,MTH-253,medium,review_queue,obj-mth-253-download-118558915,,,,,Download,https://canvas.oregonstate.edu/courses/2053263/files/118558915/download?download_frd=1,,,review-00006,download_not_read,Download and parse file before treating contents as read.,Download and parse file before treating contents as read.
sus-00341,2053263,MTH-253,medium,review_queue,obj-mth-253-download-118558827,,,,,Download,https://canvas.oregonstate.edu/courses/2053263/files/118558827/download?download_frd=1,,,review-00007,download_not_read,Download and parse file before treating contents as read.,Download and parse file before treating contents as read.
sus-00342,2053263,MTH-253,medium,review_queue,obj-mth-253-download-118558808,,,,,Download,https://canvas.oregonstate.edu/courses/2053263/files/118558808/download?download_frd=1,,,review-00008,download_not_read,Download and parse file before treating contents as read.,Download and parse file before treating contents as read.
sus-00343,2053263,MTH-253,medium,review_queue,obj-mth-253-download-118558770,,,,,Download,https://canvas.oregonstate.edu/courses/2053263/files/118558770/download?download_frd=1,,,review-00009,download_not_read,Download and parse file before treating contents as read.,Download and parse file before treating contents as read.
sus-00344,2053263,MTH-253,medium,review_queue,obj-mth-253-download-118558809,,,,,Download,https://canvas.oregonstate.edu/courses/2053263/files/118558809/download?download_frd=1,,,review-00010,download_not_read,Download and parse file before treating contents as read.,Download and parse file before treating contents as read.
sus-00345,2053263,MTH-253,medium,review_queue,obj-mth-253-download-118558919,,,,,Download,https://canvas.oregonstate.edu/courses/2053263/files/118558919/download?download_frd=1,,,review-00011,download_not_read,Download and parse file before treating contents as read.,Download and parse file before treating contents as read.
sus-00346,2053263,MTH-253,medium,review_queue,obj-mth-253-download-118558872,,,,,Download,https://canvas.oregonstate.edu/courses/2053263/files/118558872/download?download_frd=1,,,review-00012,download_not_read,Download and parse file before treating contents as read.,Download and parse file before treating contents as read.
sus-00347,2053263,MTH-253,medium,review_queue,obj-mth-253-download-118558751,,,,,Download,https://canvas.oregonstate.edu/courses/2053263/files/118558751/download?download_frd=1,,,review-00013,download_not_read,Download and parse file before treating contents as read.,Download and parse file before treating contents as read.
sus-00348,2053263,MTH-253,medium,review_queue,obj-mth-253-download-119294133,,,,,Practice-Quiz.pdf,https://canvas.oregonstate.edu/users/6660414/files/119294133/download?verifier=gGJq5JBGLXpWU66mkaU77iU27kEJcXVFbCpDi73N&download_frd=1,,,review-00014,download_not_read,Download and parse file before treating contents as read.,Download and parse file before treating contents as read.
sus-00349,2053263,MTH-253,high,review_queue,obj-mth-253-quiz-3166971,task-00315-mth-253-blocked-or-broken-practice-quiz-take-it-before-attempting-quiz-1-sequences-and-series-mth-253z-400,,,00240-mth-253-module-item-practice-quiz-take-it-before-attempting-quiz-1-sequences-and-series-mth-253z-400-u2026,Practice Quiz (take it before attempting Quiz 1!): SEQUENCES AND SERIES (MTH_253Z_400_U2026),https://canvas.oregonstate.edu/courses/2053263/quizzes/3166971?module_item_id=26982050,,,review-00015,blocked_or_broken,Retry or manually review blocked/broken capture.,Retry or manually review blocked/broken capture.
sus-00350,2053526,PHY-212,high,review_queue,obj-phy-212-assignment-10556958,task-00346-phy-212-blocked-or-broken-unauthorized,,,00618-phy-212-linked-detail-unauthorized,Unauthorized,https://canvas.oregonstate.edu/courses/2053526/assignments/10556958,,,review-00016,blocked_or_broken,Retry or manually review blocked/broken capture.,Retry or manually review blocked/broken capture.
sus-00351,2053526,PHY-212,high,review_queue,obj-phy-212-assignment-10556975,task-00347-phy-212-blocked-or-broken-unauthorized,,,00619-phy-212-linked-detail-unauthorized,Unauthorized,https://canvas.oregonstate.edu/courses/2053526/assignments/10556975,,,review-00017,blocked_or_broken,Retry or manually review blocked/broken capture.,Retry or manually review blocked/broken capture.
sus-00352,2053526,PHY-212,high,review_queue,obj-phy-212-assignment-10556967,task-00348-phy-212-blocked-or-broken-unauthorized,,,00620-phy-212-linked-detail-unauthorized,Unauthorized,https://canvas.oregonstate.edu/courses/2053526/assignments/10556967,,,review-00018,blocked_or_broken,Retry or manually review blocked/broken capture.,Retry or manually review blocked/broken capture.
sus-00353,2053526,PHY-212,high,review_queue,obj-phy-212-assignment-10556938,task-00349-phy-212-blocked-or-broken-unauthorized,,,00621-phy-212-linked-detail-unauthorized,Unauthorized,https://canvas.oregonstate.edu/courses/2053526/assignments/10556938,,,review-00019,blocked_or_broken,Retry or manually review blocked/broken capture.,Retry or manually review blocked/broken capture.
sus-00354,2053526,PHY-212,high,review_queue,obj-phy-212-assignment-10556951,task-00350-phy-212-blocked-or-broken-unauthorized,,,00622-phy-212-linked-detail-unauthorized,Unauthorized,https://canvas.oregonstate.edu/courses/2053526/assignments/10556951,,,review-00020,blocked_or_broken,Retry or manually review blocked/broken capture.,Retry or manually review blocked/broken capture.
sus-00355,2053526,PHY-212,high,review_queue,obj-phy-212-assignment-10556991,task-00351-phy-212-blocked-or-broken-unauthorized,,,00623-phy-212-linked-detail-unauthorized,Unauthorized,https://canvas.oregonstate.edu/courses/2053526/assignments/10556991,,,review-00021,blocked_or_broken,Retry or manually review blocked/broken capture.,Retry or manually review blocked/broken capture.
sus-00356,2053526,PHY-212,high,review_queue,obj-phy-212-assignment-10557013,task-00352-phy-212-blocked-or-broken-unauthorized,,,00624-phy-212-linked-detail-unauthorized,Unauthorized,https://canvas.oregonstate.edu/courses/2053526/assignments/10557013,,,review-00022,blocked_or_broken,Retry or manually review blocked/broken capture.,Retry or manually review blocked/broken capture.
sus-00357,2053526,PHY-212,high,review_queue,obj-phy-212-assignment-10557015,task-00353-phy-212-blocked-or-broken-unauthorized,,,00625-phy-212-linked-detail-unauthorized,Unauthorized,https://canvas.oregonstate.edu/courses/2053526/assignments/10557015,,,review-00023,blocked_or_broken,Retry or manually review blocked/broken capture.,Retry or manually review blocked/broken capture.
sus-00358,2053526,PHY-212,high,review_queue,obj-phy-212-assignment-10556947,task-00354-phy-212-blocked-or-broken-unauthorized,,,00626-phy-212-linked-detail-unauthorized,Unauthorized,https://canvas.oregonstate.edu/courses/2053526/assignments/10556947,,,review-00024,blocked_or_broken,Retry or manually review blocked/broken capture.,Retry or manually review blocked/broken capture.
sus-00359,2053526,PHY-212,high,review_queue,obj-phy-212-assignment-10557020,task-00355-phy-212-blocked-or-broken-unauthorized,,,00627-phy-212-linked-detail-unauthorized,Unauthorized,https://canvas.oregonstate.edu/courses/2053526/assignments/10557020,,,review-00025,blocked_or_broken,Retry or manually review blocked/broken capture.,Retry or manually review blocked/broken capture.
sus-00360,2053526,PHY-212,high,review_queue,obj-phy-212-assignment-10557027,task-00356-phy-212-blocked-or-broken-unauthorized,,,00628-phy-212-linked-detail-unauthorized,Unauthorized,https://canvas.oregonstate.edu/courses/2053526/assignments/10557027,,,review-00026,blocked_or_broken,Retry or manually review blocked/broken capture.,Retry or manually review blocked/broken capture.
sus-00361,2053526,PHY-212,high,review_queue,obj-phy-212-assignment-10556937,task-00357-phy-212-blocked-or-broken-unauthorized,,,00629-phy-212-linked-detail-unauthorized,Unauthorized,https://canvas.oregonstate.edu/courses/2053526/assignments/10556937,,,review-00027,blocked_or_broken,Retry or manually review blocked/broken capture.,Retry or manually review blocked/broken capture.
sus-00362,2053526,PHY-212,high,review_queue,obj-phy-212-assignment-10556943,task-00358-phy-212-blocked-or-broken-unauthorized,,,00630-phy-212-linked-detail-unauthorized,Unauthorized,https://canvas.oregonstate.edu/courses/2053526/assignments/10556943,,,review-00028,blocked_or_broken,Retry or manually review blocked/broken capture.,Retry or manually review blocked/broken capture.
sus-00363,2053526,PHY-212,high,review_queue,obj-phy-212-assignment-10556996,task-00359-phy-212-blocked-or-broken-unauthorized,,,00631-phy-212-linked-detail-unauthorized,Unauthorized,https://canvas.oregonstate.edu/courses/2053526/assignments/10556996,,,review-00029,blocked_or_broken,Retry or manually review blocked/broken capture.,Retry or manually review blocked/broken capture.
sus-00364,2053526,PHY-212,high,review_queue,obj-phy-212-assignment-10556959,task-00360-phy-212-blocked-or-broken-unauthorized,,,00632-phy-212-linked-detail-unauthorized,Unauthorized,https://canvas.oregonstate.edu/courses/2053526/assignments/10556959,,,review-00030,blocked_or_broken,Retry or manually review blocked/broken capture.,Retry or manually review blocked/broken capture.
sus-00365,2053526,PHY-212,high,review_queue,obj-phy-212-assignment-10557105,task-00361-phy-212-blocked-or-broken-unauthorized,,,00633-phy-212-linked-detail-unauthorized,Unauthorized,https://canvas.oregonstate.edu/courses/2053526/assignments/10557105,,,review-00031,blocked_or_broken,Retry or manually review blocked/broken capture.,Retry or manually review blocked/broken capture.
sus-00366,2053526,PHY-212,high,review_queue,obj-phy-212-assignment-10557108,task-00362-phy-212-blocked-or-broken-unauthorized,,,00635-phy-212-linked-detail-unauthorized,Unauthorized,https://canvas.oregonstate.edu/courses/2053526/assignments/10557108,,,review-00032,blocked_or_broken,Retry or manually review blocked/broken capture.,Retry or manually review blocked/broken capture.
sus-00367,2053526,PHY-212,high,review_queue,obj-phy-212-assignment-10557111,task-00363-phy-212-blocked-or-broken-unauthorized,,,00637-phy-212-linked-detail-unauthorized,Unauthorized,https://canvas.oregonstate.edu/courses/2053526/assignments/10557111,,,review-00033,blocked_or_broken,Retry or manually review blocked/broken capture.,Retry or manually review blocked/broken capture.
sus-00368,2053526,PHY-212,high,review_queue,obj-phy-212-assignment-10557106,task-00364-phy-212-blocked-or-broken-unauthorized,,,00638-phy-212-linked-detail-unauthorized,Unauthorized,https://canvas.oregonstate.edu/courses/2053526/assignments/10557106,,,review-00034,blocked_or_broken,Retry or manually review blocked/broken capture.,Retry or manually review blocked/broken capture.
sus-00369,2053526,PHY-212,high,review_queue,obj-phy-212-assignment-10557107,task-00365-phy-212-blocked-or-broken-unauthorized,,,00639-phy-212-linked-detail-unauthorized,Unauthorized,https://canvas.oregonstate.edu/courses/2053526/assignments/10557107,,,review-00035,blocked_or_broken,Retry or manually review blocked/broken capture.,Retry or manually review blocked/broken capture.
sus-00370,2053526,PHY-212,high,review_queue,obj-phy-212-assignment-10557109,task-00366-phy-212-blocked-or-broken-unauthorized,,,00640-phy-212-linked-detail-unauthorized,Unauthorized,https://canvas.oregonstate.edu/courses/2053526/assignments/10557109,,,review-00036,blocked_or_broken,Retry or manually review blocked/broken capture.,Retry or manually review blocked/broken capture.
sus-00371,2053526,PHY-212,high,review_queue,obj-phy-212-assignment-10557110,task-00367-phy-212-blocked-or-broken-unauthorized,,,00641-phy-212-linked-detail-unauthorized,Unauthorized,https://canvas.oregonstate.edu/courses/2053526/assignments/10557110,,,review-00037,blocked_or_broken,Retry or manually review blocked/broken capture.,Retry or manually review blocked/broken capture.
sus-00372,2053526,PHY-212,high,review_queue,obj-phy-212-assignment-10557112,task-00368-phy-212-blocked-or-broken-unauthorized,,,00642-phy-212-linked-detail-unauthorized,Unauthorized,https://canvas.oregonstate.edu/courses/2053526/assignments/10557112,,,review-00038,blocked_or_broken,Retry or manually review blocked/broken capture.,Retry or manually review blocked/broken capture.
sus-00373,2053526,PHY-212,medium,review_queue,obj-phy-212-download-118706028,,,,,Download,https://canvas.oregonstate.edu/courses/2053526/files/118706028/download?download_frd=1,,,review-00039,download_not_read,Download and parse file before treating contents as read.,Download and parse file before treating contents as read.
sus-00374,2053526,PHY-212,medium,review_queue,obj-phy-212-download-118706035,,,,,Download,https://canvas.oregonstate.edu/courses/2053526/files/118706035/download?download_frd=1,,,review-00040,download_not_read,Download and parse file before treating contents as read.,Download and parse file before treating contents as read.
sus-00375,2053526,PHY-212,medium,review_queue,obj-phy-212-download-118706027,,,,,Download,https://canvas.oregonstate.edu/courses/2053526/files/118706027/download?download_frd=1,,,review-00041,download_not_read,Download and parse file before treating contents as read.,Download and parse file before treating contents as read.
sus-00376,2053526,PHY-212,medium,review_queue,obj-phy-212-download-119307451,,,,,Lab Structure and TA Meetings.pdf,https://canvas.oregonstate.edu/courses/2053526/files/119307451/download?download_frd=1,,,review-00042,download_not_read,Download and parse file before treating contents as read.,Download and parse file before treating contents as read.
sus-00377,2053526,PHY-212,medium,review_queue,obj-phy-212-download-118706032,,,,,PH211_DATA_time-distance.txt,https://canvas.oregonstate.edu/courses/2053526/files/118706032/download?download_frd=1,,,review-00043,download_not_read,Download and parse file before treating contents as read.,Download and parse file before treating contents as read.
sus-00378,2053526,PHY-212,medium,review_queue,obj-phy-212-download-118706030,,,,,PH211_Excel-Skills-Ref.xlsx,https://canvas.oregonstate.edu/courses/2053526/files/118706030/download?download_frd=1,,,review-00044,download_not_read,Download and parse file before treating contents as read.,Download and parse file before treating contents as read.
sus-00379,2053526,PHY-212,high,review_queue,obj-phy-212-quiz-3160489,task-00409-phy-212-blocked-or-broken-hw-1-rotational-motion-general-physics-with-calculus-ph-212-400-u2026,,,00391-phy-212-assignment-detail-hw-1-rotational-motion-general-physics-with-calculus-ph-212-400-u2026,Hw 1 - Rotational Motion: GENERAL PHYSICS WITH CALCULUS (PH_212_400_U2026),https://canvas.oregonstate.edu/courses/2053526/quizzes/3160489,,,review-00045,blocked_or_broken,Retry or manually review blocked/broken capture.,Retry or manually review blocked/broken capture.
sus-00380,2053526,PHY-212,high,review_queue,obj-phy-212-quiz-3160535,task-00430-phy-212-blocked-or-broken-unauthorized,,,00634-phy-212-linked-detail-unauthorized,Unauthorized,https://canvas.oregonstate.edu/courses/2053526/quizzes/3160535,,,review-00046,blocked_or_broken,Retry or manually review blocked/broken capture.,Retry or manually review blocked/broken capture.
sus-00381,2053526,PHY-212,high,review_queue,obj-phy-212-quiz-3160503,task-00431-phy-212-blocked-or-broken-unauthorized,,,00636-phy-212-linked-detail-unauthorized,Unauthorized,https://canvas.oregonstate.edu/courses/2053526/quizzes/3160503,,,review-00047,blocked_or_broken,Retry or manually review blocked/broken capture.,Retry or manually review blocked/broken capture.
sus-00382,2080857,MTH-252,medium,task_without_module,obj-mth-252-assignment-syllabus,task-00041-mth-252-critical-setup-syllabus-for-integral-calculus-mth-252z-400-u2026,,,,Syllabus for INTEGRAL CALCULUS (MTH_252Z_400_U2026),https://canvas.oregonstate.edu/courses/2080857/assignments/syllabus,,,,critical_setup,labels=critical_setup|prep_reading; review_state=candidate,Confirm whether this task is intentionally outside Modules.
sus-00383,2080857,MTH-252,medium,graded_task_missing_due,obj-mth-252-discussion-11593475,task-00042-mth-252-graded-task-topic-module-1-discussion-reflection-whw-1-0-25-hour,mod-mth-252-005-module-1-intro-to-riemann-sums-upper-lower-left-right-and-midpoint-riemann-sums,mi-mth-252-26982552,,Topic: Module 1 — Discussion Reflection: WHW 1 🕓 0.25 hour,https://canvas.oregonstate.edu/courses/2080857/discussion_topics/11593475?module_item_id=26982552|https://canvas.oregonstate.edu/courses/2080857/discussion_topics/11593475|https://canvas.oregonstate.edu/courses/2080857/modules,,,,missing_due_text,points_text=; labels=graded_task,"Inspect detail, Grades, or Assignments evidence for a due date."
sus-00384,2080857,MTH-252,medium,task_without_module,obj-mth-252-discussion-11605627,task-00051-mth-252-graded-task-topic-mslc-summer-math-tutoring-update,,,,Topic: MSLC Summer Math Tutoring Update,https://canvas.oregonstate.edu/courses/2080857/discussion_topics/11605627,,,,graded_task,labels=graded_task; review_state=candidate,Confirm whether this task is intentionally outside Modules.
sus-00385,2080857,MTH-252,medium,graded_task_missing_due,obj-mth-252-discussion-11605627,task-00051-mth-252-graded-task-topic-mslc-summer-math-tutoring-update,,,,Topic: MSLC Summer Math Tutoring Update,https://canvas.oregonstate.edu/courses/2080857/discussion_topics/11605627,,,,missing_due_text,points_text=; labels=graded_task,"Inspect detail, Grades, or Assignments evidence for a due date."
sus-00386,2080857,MTH-252,medium,task_without_module,obj-mth-252-download-119223553,task-00053-mth-252-prep-reading-252-lecture-1-1-to-me1-pdf,,,,252-Lecture-1.1-to-ME1.pdf,https://canvas.oregonstate.edu/courses/2080857/files/119223553/download?download_frd=1|https://canvas.oregonstate.edu/courses/2080857/files/119223553?module_item_id=26982546|https://canvas.oregonstate.edu/courses/2080857/files/119223553?module_item_id=26982555|https://canvas.oregonstate.edu/courses/2080857/files/119223553?module_item_id=26982546#|https://canvas.oregonstate.edu/courses/2080857/files/119223553?module_item_id=26982555#,,,,prep_reading,labels=prep_reading|lecture_video|file_reference; review_state=candidate,Confirm whether this task is intentionally outside Modules.
sus-00387,2080857,MTH-252,medium,task_without_module,obj-mth-252-download-119223594,task-00054-mth-252-prep-reading-252-lecture-1-3-to-me2-pdf,,,,252-Lecture-1.3-to-ME2.pdf,https://canvas.oregonstate.edu/courses/2080857/files/119223594/download?download_frd=1|https://canvas.oregonstate.edu/courses/2080857/files/119223594?module_item_id=26982565|https://canvas.oregonstate.edu/courses/2080857/files/119223594?module_item_id=26982574|https://canvas.oregonstate.edu/courses/2080857/files/119223594?module_item_id=26982565#|https://canvas.oregonstate.edu/courses/2080857/files/119223594?module_item_id=26982574#,,,,prep_reading,labels=prep_reading|lecture_video|file_reference; review_state=candidate,Confirm whether this task is intentionally outside Modules.
sus-00388,2080857,MTH-252,medium,task_without_module,obj-mth-252-download-119223597,task-00055-mth-252-lecture-video-252-lecture-2-1-to-me4-pdf,,,,252-Lecture-2.1-to-ME4.pdf,https://canvas.oregonstate.edu/courses/2080857/files/119223597/download?download_frd=1|https://canvas.oregonstate.edu/courses/2080857/files/119223597?module_item_id=26982610|https://canvas.oregonstate.edu/courses/2080857/files/119223597?module_item_id=26982621|https://canvas.oregonstate.edu/courses/2080857/files/119223597?module_item_id=26982610#|https://canvas.oregonstate.edu/courses/2080857/files/119223597?module_item_id=26982621#,,,,lecture_video,labels=lecture_video|file_reference; review_state=candidate,Confirm whether this task is intentionally outside Modules.
sus-00389,2080857,MTH-252,medium,task_without_module,obj-mth-252-download-119223598,task-00056-mth-252-critical-setup-252-lecture-2-5-to-me5-pdf,,,,252-Lecture-2.5-to-ME5.pdf,https://canvas.oregonstate.edu/courses/2080857/files/119223598/download?download_frd=1|https://canvas.oregonstate.edu/courses/2080857/files/119223598?module_item_id=26982633|https://canvas.oregonstate.edu/courses/2080857/files/119223598?module_item_id=26982644|https://canvas.oregonstate.edu/courses/2080857/files/119223598?module_item_id=26982633#|https://canvas.oregonstate.edu/courses/2080857/files/119223598?module_item_id=26982644#,,,,critical_setup,labels=critical_setup|prep_reading|file_reference; review_state=candidate,Confirm whether this task is intentionally outside Modules.
sus-00390,2080857,MTH-252,medium,task_without_module,obj-mth-252-download-119223561,task-00057-mth-252-lecture-video-252-lecture-3-1-to-me3-pdf,,,,252-Lecture-3.1-to-ME3.pdf,https://canvas.oregonstate.edu/courses/2080857/files/119223561/download?download_frd=1|https://canvas.oregonstate.edu/courses/2080857/files/119223561?module_item_id=26982588|https://canvas.oregonstate.edu/courses/2080857/files/119223561?module_item_id=26982599|https://canvas.oregonstate.edu/courses/2080857/files/119223561?module_item_id=26982588#|https://canvas.oregonstate.edu/courses/2080857/files/119223561?module_item_id=26982599#,,,,lecture_video,labels=lecture_video|file_reference; review_state=candidate,Confirm whether this task is intentionally outside Modules.
sus-00391,2080857,MTH-252,medium,task_without_module,obj-mth-252-download-119223565,task-00058-mth-252-critical-setup-achieve-registration-process-v3-pdf,,,,Achieve Registration Process_v3.pdf,https://canvas.oregonstate.edu/courses/2080857/files/119223565/download?download_frd=1|https://canvas.oregonstate.edu/courses/2080857/files/119223565?module_item_id=26982524|https://canvas.oregonstate.edu/courses/2080857/files/119223565?module_item_id=26982524#,,,,critical_setup,labels=critical_setup|file_reference; review_state=candidate,Confirm whether this task is intentionally outside Modules.
sus-00392,2080857,MTH-252,medium,task_without_module,obj-mth-252-download-119246095,task-00059-mth-252-critical-setup-download,,,,Download,https://canvas.oregonstate.edu/courses/2080857/files/119246095/download?download_frd=1|https://canvas.oregonstate.edu/courses/2080857/pages/syllabus-and-calendar-as-of-6-slash-21-%3E-both-sections-400-and-401?module_item_id=26982522|https://canvas.oregonstate.edu/courses/2080857/pages/syllabus-and-calendar-as-of-6-slash-21-%3E-both-sections-400-and-401?module_item_id=26982522#|https://canvas.oregonstate.edu/courses/2080857/files/119246095?wrap=1,,,,critical_setup,labels=critical_setup|prep_reading|file_reference; review_state=candidate,Confirm whether this task is intentionally outside Modules.
sus-00393,2080857,MTH-252,medium,task_without_module,obj-mth-252-download-119223451,task-00060-mth-252-prep-reading-download,,,,Download,https://canvas.oregonstate.edu/courses/2080857/files/119223451/download?download_frd=1|https://canvas.oregonstate.edu/courses/2080857/assignments/10586045?module_item_id=26982562|https://canvas.oregonstate.edu/courses/2080857/assignments/10586045|https://canvas.oregonstate.edu/courses/2080857/files/119223451?wrap=1|https://canvas.oregonstate.edu/courses/2080857/assignments/10586045?module_item_id=26982562#,,,,prep_reading,labels=prep_reading|lecture_video|file_reference; review_state=candidate,Confirm whether this task is intentionally outside Modules.
sus-00394,2080857,MTH-252,medium,task_without_module,obj-mth-252-download-119223617,task-00061-mth-252-lecture-video-download,,,,Download,https://canvas.oregonstate.edu/courses/2080857/files/119223617/download?download_frd=1|https://canvas.oregonstate.edu/courses/2080857/pages/dr-gs-videos-%3E-2-dot-5?module_item_id=26982634|https://canvas.oregonstate.edu/courses/2080857/files/119223617?wrap=1|https://canvas.oregonstate.edu/courses/2080857/pages/dr-gs-videos-%3E-2-dot-5?module_item_id=26982634#,,,,lecture_video,labels=lecture_video|file_reference; review_state=candidate,Confirm whether this task is intentionally outside Modules.
sus-00395,2080857,MTH-252,medium,task_without_module,obj-mth-252-download-119223618,task-00062-mth-252-critical-setup-download,,,,Download,https://canvas.oregonstate.edu/courses/2080857/files/119223618/download?download_frd=1|https://canvas.oregonstate.edu/courses/2080857/pages/dr-gs-videos-%3E-3-dot-7?module_item_id=26982645|https://canvas.oregonstate.edu/courses/2080857/files/119223618?wrap=1|https://canvas.oregonstate.edu/courses/2080857/pages/dr-gs-videos-%3E-3-dot-7?module_item_id=26982645#,,,,critical_setup,labels=critical_setup|prep_reading|lecture_video|file_reference; review_state=candidate,Confirm whether this task is intentionally outside Modules.
sus-00396,2080857,MTH-252,medium,task_without_module,obj-mth-252-download-119223455,task-00063-mth-252-critical-setup-download,,,,Download,https://canvas.oregonstate.edu/courses/2080857/files/119223455/download?download_frd=1|https://canvas.oregonstate.edu/courses/2080857/assignments/10586047?module_item_id=26982654|https://canvas.oregonstate.edu/courses/2080857/assignments/10586047|https://canvas.oregonstate.edu/courses/2080857/files/119223455?wrap=1|https://canvas.oregonstate.edu/courses/2080857/assignments/10586047?module_item_id=26982654#,,,,critical_setup,labels=critical_setup|prep_reading|file_reference; review_state=candidate,Confirm whether this task is intentionally outside Modules.
sus-00397,2080857,MTH-252,medium,task_without_module,obj-mth-252-download-119223623,task-00064-mth-252-critical-setup-download,,,,Download,https://canvas.oregonstate.edu/courses/2080857/files/119223623/download?download_frd=1|https://canvas.oregonstate.edu/courses/2080857/assignments/10586049?module_item_id=26982655|https://canvas.oregonstate.edu/courses/2080857/assignments/10586049|https://canvas.oregonstate.edu/courses/2080857/files/119223623?wrap=1|https://canvas.oregonstate.edu/courses/2080857/assignments/10586049?module_item_id=26982655#,,,,critical_setup,labels=critical_setup|prep_reading|file_reference; review_state=candidate,Confirm whether this task is intentionally outside Modules.
sus-00398,2080857,MTH-252,medium,task_without_module,obj-mth-252-download-119223452,task-00065-mth-252-critical-setup-download,,,,Download,https://canvas.oregonstate.edu/courses/2080857/files/119223452/download?download_frd=1|https://canvas.oregonstate.edu/courses/2080857/assignments/10586051?module_item_id=26982656|https://canvas.oregonstate.edu/courses/2080857/assignments/10586051|https://canvas.oregonstate.edu/courses/2080857/files/119223452?wrap=1|https://canvas.oregonstate.edu/courses/2080857/assignments/10586051?module_item_id=26982656#,,,,critical_setup,labels=critical_setup|prep_reading|file_reference; review_state=candidate,Confirm whether this task is intentionally outside Modules.
sus-00399,2080857,MTH-252,medium,task_without_module,obj-mth-252-download-119223466,task-00066-mth-252-critical-setup-lecture-2-3-2-4-pdf,,,,Lecture-2.3-2.4.pdf,https://canvas.oregonstate.edu/courses/2080857/files/119223466/download?download_frd=1|https://canvas.oregonstate.edu/courses/2080857/files/119223466?module_item_id=26982622|https://canvas.oregonstate.edu/courses/2080857/files/119223466?module_item_id=26982622#,,,,critical_setup,labels=critical_setup|prep_reading|file_reference; review_state=candidate,Confirm whether this task is intentionally outside Modules.
sus-00400,2080857,MTH-252,medium,task_without_module,obj-mth-252-file-119246076,task-00075-mth-252-critical-setup-mth-252z-400-syllabus-u26-gilliam-pdf-integral-calculus-mth-252z-400-u2026,,,,MTH 252Z-400 Syllabus U26 Gilliam.pdf: INTEGRAL CALCULUS (MTH_252Z_400_U2026),https://canvas.oregonstate.edu/courses/2080857/files/119246076?wrap=1,,,,critical_setup,labels=critical_setup|file_reference; review_state=candidate,Confirm whether this task is intentionally outside Modules.
sus-00401,2080857,MTH-252,medium,task_without_module,obj-mth-252-file-119246078,task-00076-mth-252-critical-setup-mth-252z-401-syllabus-u26-gilliam-pdf-integral-calculus-mth-252z-400-u2026,,,,MTH 252Z-401 Syllabus U26 Gilliam.pdf: INTEGRAL CALCULUS (MTH_252Z_400_U2026),https://canvas.oregonstate.edu/courses/2080857/files/119246078?wrap=1,,,,critical_setup,labels=critical_setup|file_reference; review_state=candidate,Confirm whether this task is intentionally outside Modules.
sus-00402,2080857,MTH-252,medium,task_without_module,obj-mth-252-file-119246095,task-00077-mth-252-critical-setup-mth-252-online-course-calendar-pdf-integral-calculus-mth-252z-400-u2026,,,,MTH-252-Online-Course-Calendar.pdf: INTEGRAL CALCULUS (MTH_252Z_400_U2026),https://canvas.oregonstate.edu/courses/2080857/files/119246095?wrap=1,,,,critical_setup,labels=critical_setup|file_reference; review_state=candidate,Confirm whether this task is intentionally outside Modules.
sus-00403,2080857,MTH-252,medium,task_without_module,obj-mth-252-page-front-page,task-00237-mth-252-critical-setup-front-page-integral-calculus-mth-252z-400-u2026,,,,Front Page: INTEGRAL CALCULUS (MTH_252Z_400_U2026),https://canvas.oregonstate.edu/courses/2080857/pages/front-page,,,,critical_setup,labels=critical_setup; review_state=candidate,Confirm whether this task is intentionally outside Modules.
sus-00404,2080857,MTH-252,medium,graded_task_missing_due,obj-mth-252-quiz-3167661,task-00253-mth-252-graded-task-mini-exam-retake-sign-up-integral-calculus-mth-252z-400-u2026,mod-mth-252-018-module-10-applications-of-integration-real-world,mi-mth-252-26982640,,Mini-Exam Retake Sign Up: INTEGRAL CALCULUS (MTH_252Z_400_U2026),https://canvas.oregonstate.edu/courses/2080857/quizzes/3167661?module_item_id=26982640|https://canvas.oregonstate.edu/courses/2080857/modules,,,,missing_due_text,points_text=; labels=graded_task,"Inspect detail, Grades, or Assignments evidence for a due date."
sus-00405,2080857,MTH-252,medium,graded_task_missing_due,obj-mth-252-quiz-3167659,task-00254-mth-252-graded-task-pre-class-reading-quiz-1-1-rq-1-1-integral-calculus-mth-252z-400-u2026,mod-mth-252-005-module-1-intro-to-riemann-sums-upper-lower-left-right-and-midpoint-riemann-sums,mi-mth-252-26982548,,Pre-Class Reading Quiz - 1.1 (RQ-1.1): INTEGRAL CALCULUS (MTH_252Z_400_U2026),https://canvas.oregonstate.edu/courses/2080857/quizzes/3167659?module_item_id=26982548|https://canvas.oregonstate.edu/courses/2080857/quizzes/3167659|https://canvas.oregonstate.edu/courses/2080857/quizzes/3167659/take?user_id=6660414|https://canvas.oregonstate.edu/courses/2080857/modules,,,,missing_due_text,points_text=; labels=graded_task|prep_reading,"Inspect detail, Grades, or Assignments evidence for a due date."
sus-00406,2080857,MTH-252,medium,graded_task_missing_due,obj-mth-252-quiz-3167658,task-00255-mth-252-graded-task-pre-class-reading-quiz-1-2-rq-1-2-integral-calculus-mth-252z-400-u2026,mod-mth-252-006-module-2-intro-to-definite-integral-and-properties,mi-mth-252-26982557,,Pre-Class Reading Quiz - 1.2 (RQ-1.2): INTEGRAL CALCULUS (MTH_252Z_400_U2026),https://canvas.oregonstate.edu/courses/2080857/quizzes/3167658?module_item_id=26982557|https://canvas.oregonstate.edu/courses/2080857/quizzes/3167658|https://canvas.oregonstate.edu/courses/2080857/quizzes/3167658/take?user_id=6660414|https://canvas.oregonstate.edu/courses/2080857/modules,,,,missing_due_text,points_text=; labels=graded_task|prep_reading,"Inspect detail, Grades, or Assignments evidence for a due date."
sus-00407,2080857,MTH-252,medium,graded_task_missing_due,obj-mth-252-quiz-3167655,task-00256-mth-252-graded-task-pre-class-reading-quiz-1-3-rq-1-3-integral-calculus-mth-252z-400-u2026,mod-mth-252-008-module-3-the-fundamental-theorems-of-calculus,mi-mth-252-26982567,,Pre-Class Reading Quiz - 1.3 (RQ-1.3) : INTEGRAL CALCULUS (MTH_252Z_400_U2026),https://canvas.oregonstate.edu/courses/2080857/quizzes/3167655?module_item_id=26982567|https://canvas.oregonstate.edu/courses/2080857/quizzes/3167655|https://canvas.oregonstate.edu/courses/2080857/quizzes/3167655/take?user_id=6660414|https://canvas.oregonstate.edu/courses/2080857/modules,,,,missing_due_text,points_text=; labels=graded_task|prep_reading,"Inspect detail, Grades, or Assignments evidence for a due date."
sus-00408,2080857,MTH-252,medium,graded_task_missing_due,obj-mth-252-quiz-3167664,task-00257-mth-252-graded-task-rq-1-4-integral-calculus-mth-252z-400-u2026,mod-mth-252-009-module-4-introduction-to-applications,mi-mth-252-26982577,,RQ-1.4 : INTEGRAL CALCULUS (MTH_252Z_400_U2026),https://canvas.oregonstate.edu/courses/2080857/quizzes/3167664?module_item_id=26982577|https://canvas.oregonstate.edu/courses/2080857/quizzes/3167664|https://canvas.oregonstate.edu/courses/2080857/modules,,,,missing_due_text,points_text=; labels=graded_task,"Inspect detail, Grades, or Assignments evidence for a due date."
sus-00409,2080857,MTH-252,medium,graded_task_missing_due,obj-mth-252-quiz-3167662,task-00258-mth-252-graded-task-rq-1-5-integral-calculus-mth-252z-400-u2026,mod-mth-252-009-module-4-introduction-to-applications,mi-mth-252-26982578,,RQ-1.5: INTEGRAL CALCULUS (MTH_252Z_400_U2026),https://canvas.oregonstate.edu/courses/2080857/quizzes/3167662?module_item_id=26982578|https://canvas.oregonstate.edu/courses/2080857/quizzes/3167662|https://canvas.oregonstate.edu/courses/2080857/modules,,,,missing_due_text,points_text=; labels=graded_task,"Inspect detail, Grades, or Assignments evidence for a due date."
sus-00410,2080857,MTH-252,medium,graded_task_missing_due,obj-mth-252-quiz-3167654,task-00259-mth-252-graded-task-rq-1-6-integral-calculus-mth-252z-400-u2026,mod-mth-252-009-module-4-introduction-to-applications,mi-mth-252-26982579,,RQ-1.6 : INTEGRAL CALCULUS (MTH_252Z_400_U2026),https://canvas.oregonstate.edu/courses/2080857/quizzes/3167654?module_item_id=26982579|https://canvas.oregonstate.edu/courses/2080857/quizzes/3167654|https://canvas.oregonstate.edu/courses/2080857/modules,,,,missing_due_text,points_text=; labels=graded_task,"Inspect detail, Grades, or Assignments evidence for a due date."
sus-00411,2080857,MTH-252,medium,graded_task_missing_due,obj-mth-252-quiz-3167666,task-00260-mth-252-graded-task-rq-2-1-integral-calculus-mth-252z-400-u2026,mod-mth-252-014-module-7-applications-of-integration-graphical,mi-mth-252-26982613,,RQ-2.1 : INTEGRAL CALCULUS (MTH_252Z_400_U2026),https://canvas.oregonstate.edu/courses/2080857/quizzes/3167666?module_item_id=26982613|https://canvas.oregonstate.edu/courses/2080857/quizzes/3167666|https://canvas.oregonstate.edu/courses/2080857/modules,,,,missing_due_text,points_text=; labels=graded_task,"Inspect detail, Grades, or Assignments evidence for a due date."
sus-00412,2080857,MTH-252,medium,graded_task_missing_due,obj-mth-252-quiz-3167653,task-00261-mth-252-graded-task-rq-2-2-integral-calculus-mth-252z-400-u2026,mod-mth-252-014-module-7-applications-of-integration-graphical,mi-mth-252-26982614,,RQ-2.2 : INTEGRAL CALCULUS (MTH_252Z_400_U2026),https://canvas.oregonstate.edu/courses/2080857/quizzes/3167653?module_item_id=26982614|https://canvas.oregonstate.edu/courses/2080857/quizzes/3167653|https://canvas.oregonstate.edu/courses/2080857/modules,,,,missing_due_text,points_text=; labels=graded_task,"Inspect detail, Grades, or Assignments evidence for a due date."
sus-00413,2080857,MTH-252,medium,graded_task_missing_due,obj-mth-252-quiz-3167665,task-00262-mth-252-graded-task-rq-2-3-integral-calculus-mth-252z-400-u2026,mod-mth-252-015-module-8-application-of-integration-graphical-and-real-world,mi-mth-252-26982624,,RQ-2.3 : INTEGRAL CALCULUS (MTH_252Z_400_U2026),https://canvas.oregonstate.edu/courses/2080857/quizzes/3167665?module_item_id=26982624|https://canvas.oregonstate.edu/courses/2080857/quizzes/3167665|https://canvas.oregonstate.edu/courses/2080857/modules,,,,missing_due_text,points_text=; labels=graded_task,"Inspect detail, Grades, or Assignments evidence for a due date."
sus-00414,2080857,MTH-252,medium,graded_task_missing_due,obj-mth-252-quiz-3167663,task-00263-mth-252-graded-task-rq-2-4-integral-calculus-mth-252z-400-u2026,mod-mth-252-015-module-8-application-of-integration-graphical-and-real-world,mi-mth-252-26982625,,RQ-2.4: INTEGRAL CALCULUS (MTH_252Z_400_U2026),https://canvas.oregonstate.edu/courses/2080857/quizzes/3167663?module_item_id=26982625|https://canvas.oregonstate.edu/courses/2080857/quizzes/3167663|https://canvas.oregonstate.edu/courses/2080857/modules,,,,missing_due_text,points_text=; labels=graded_task,"Inspect detail, Grades, or Assignments evidence for a due date."
sus-00415,2080857,MTH-252,medium,graded_task_missing_due,obj-mth-252-quiz-3167668,task-00264-mth-252-graded-task-rq-2-5-integral-calculus-mth-252z-400-u2026,mod-mth-252-017-module-9-applications-of-integration-real-world,mi-mth-252-26982635,,RQ-2.5 : INTEGRAL CALCULUS (MTH_252Z_400_U2026),https://canvas.oregonstate.edu/courses/2080857/quizzes/3167668?module_item_id=26982635|https://canvas.oregonstate.edu/courses/2080857/quizzes/3167668|https://canvas.oregonstate.edu/courses/2080857/modules,,,,missing_due_text,points_text=; labels=graded_task,"Inspect detail, Grades, or Assignments evidence for a due date."
sus-00416,2080857,MTH-252,medium,graded_task_missing_due,obj-mth-252-quiz-3167660,task-00265-mth-252-graded-task-rq-3-1-integral-calculus-mth-252z-400-u2026,mod-mth-252-011-module-5-techniques-to-solve-integrals,mi-mth-252-26982591,,RQ-3.1: INTEGRAL CALCULUS (MTH_252Z_400_U2026),https://canvas.oregonstate.edu/courses/2080857/quizzes/3167660?module_item_id=26982591|https://canvas.oregonstate.edu/courses/2080857/quizzes/3167660|https://canvas.oregonstate.edu/courses/2080857/modules,,,,missing_due_text,points_text=; labels=graded_task,"Inspect detail, Grades, or Assignments evidence for a due date."
sus-00417,2080857,MTH-252,medium,graded_task_missing_due,obj-mth-252-quiz-3167667,task-00266-mth-252-graded-task-rq-3-2-integral-calculus-mth-252z-400-u2026,mod-mth-252-011-module-5-techniques-to-solve-integrals,mi-mth-252-26982592,,RQ-3.2 : INTEGRAL CALCULUS (MTH_252Z_400_U2026),https://canvas.oregonstate.edu/courses/2080857/quizzes/3167667?module_item_id=26982592|https://canvas.oregonstate.edu/courses/2080857/quizzes/3167667|https://canvas.oregonstate.edu/courses/2080857/modules,,,,missing_due_text,points_text=; labels=graded_task,"Inspect detail, Grades, or Assignments evidence for a due date."
sus-00418,2080857,MTH-252,medium,graded_task_missing_due,obj-mth-252-quiz-3167656,task-00267-mth-252-graded-task-rq-3-3-integral-calculus-mth-252z-400-u2026,mod-mth-252-012-module-6-techniques-continued,mi-mth-252-26982602,,RQ-3.3 : INTEGRAL CALCULUS (MTH_252Z_400_U2026),https://canvas.oregonstate.edu/courses/2080857/quizzes/3167656?module_item_id=26982602|https://canvas.oregonstate.edu/courses/2080857/quizzes/3167656|https://canvas.oregonstate.edu/courses/2080857/modules,,,,missing_due_text,points_text=; labels=graded_task,"Inspect detail, Grades, or Assignments evidence for a due date."
sus-00419,2080857,MTH-252,medium,graded_task_missing_due,obj-mth-252-quiz-3167657,task-00268-mth-252-graded-task-rq-3-7-integral-calculus-mth-252z-400-u2026,mod-mth-252-018-module-10-applications-of-integration-real-world,mi-mth-252-26982646,,RQ-3.7: INTEGRAL CALCULUS (MTH_252Z_400_U2026),https://canvas.oregonstate.edu/courses/2080857/quizzes/3167657?module_item_id=26982646|https://canvas.oregonstate.edu/courses/2080857/quizzes/3167657|https://canvas.oregonstate.edu/courses/2080857/modules,,,,missing_due_text,points_text=; labels=graded_task,"Inspect detail, Grades, or Assignments evidence for a due date."
sus-00420,2053263,MTH-253,medium,task_without_module,obj-mth-253-assignment-syllabus,task-00269-mth-253-critical-setup-syllabus-for-sequences-and-series-mth-253z-400-u2026,,,,Syllabus for SEQUENCES AND SERIES (MTH_253Z_400_U2026),https://canvas.oregonstate.edu/courses/2053263/assignments/syllabus,,,,critical_setup,labels=critical_setup|prep_reading; review_state=candidate,Confirm whether this task is intentionally outside Modules.
sus-00421,2053263,MTH-253,medium,graded_task_missing_due,obj-mth-253-discussion-11558498,task-00286-mth-253-graded-task-topic-unit-1-discussion-board-submitted-in-week-1-required,mod-mth-253-002-unit-1-week-1,mi-mth-253-26885532,,Topic: Unit 1 Discussion Board - Submitted in Week 1 (Required),https://canvas.oregonstate.edu/courses/2053263/discussion_topics/11558498?module_item_id=26885532|https://canvas.oregonstate.edu/courses/2053263/discussion_topics/11558498|https://canvas.oregonstate.edu/courses/2053263/modules,,,,missing_due_text,points_text=40; labels=graded_task|prep_reading|lecture_video,"Inspect detail, Grades, or Assignments evidence for a due date."
sus-00422,2053263,MTH-253,medium,task_without_module,obj-mth-253-discussion-11558484,task-00288-mth-253-critical-setup-topic-unit-2-is-underway,,,,Topic: Unit 2 is underway!,https://canvas.oregonstate.edu/courses/2053263/discussion_topics/11558484,,,,critical_setup,labels=critical_setup|prep_reading|lecture_video; review_state=candidate,Confirm whether this task is intentionally outside Modules.
sus-00423,2053263,MTH-253,medium,graded_task_missing_due,obj-mth-253-discussion-11558497,task-00289-mth-253-graded-task-topic-unit-3-discussion-board-submitted-in-week-6-required,mod-mth-253-004-unit-3-weeks-4-5-and-6,mi-mth-253-26885558,,Topic: Unit 3 Discussion Board - Submitted in Week 6 (Required),https://canvas.oregonstate.edu/courses/2053263/discussion_topics/11558497?module_item_id=26885558|https://canvas.oregonstate.edu/courses/2053263/discussion_topics/11558497|https://canvas.oregonstate.edu/courses/2053263/modules,,,,missing_due_text,points_text=40; labels=graded_task,"Inspect detail, Grades, or Assignments evidence for a due date."
sus-00424,2053263,MTH-253,medium,graded_task_missing_due,obj-mth-253-discussion-11558496,task-00290-mth-253-graded-task-topic-unit-4-discussion-board-submitted-in-week-9-required,mod-mth-253-005-unit-4-weeks-7-8-and-9,mi-mth-253-26885573,,Topic: Unit 4 Discussion Board - Submitted in Week 9 (Required),https://canvas.oregonstate.edu/courses/2053263/discussion_topics/11558496?module_item_id=26885573|https://canvas.oregonstate.edu/courses/2053263/discussion_topics/11558496|https://canvas.oregonstate.edu/courses/2053263/modules,,,,missing_due_text,points_text=40; labels=graded_task,"Inspect detail, Grades, or Assignments evidence for a due date."
sus-00425,2053263,MTH-253,medium,task_without_module,obj-mth-253-discussion-11558489,task-00291-mth-253-critical-setup-topic-welcome-to-the-class,,,,Topic: Welcome to the class!,https://canvas.oregonstate.edu/courses/2053263/discussion_topics/11558489,,,,critical_setup,labels=critical_setup|prep_reading; review_state=candidate,Confirm whether this task is intentionally outside Modules.
sus-00426,2053263,MTH-253,medium,task_without_module,obj-mth-253-download-118558899,task-00292-mth-253-critical-setup-download,,,,Download,https://canvas.oregonstate.edu/courses/2053263/files/118558899/download?download_frd=1|https://canvas.oregonstate.edu/courses/2053263/pages/start-here-syllabus?module_item_id=26885520|https://canvas.oregonstate.edu/courses/2053263/pages/start-here-syllabus?module_item_id=26885520#|https://canvas.oregonstate.edu/courses/2053263/files/118558899?wrap=1,,,,critical_setup,labels=critical_setup|file_reference; review_state=candidate,Confirm whether this task is intentionally outside Modules.
sus-00427,2053263,MTH-253,medium,task_without_module,obj-mth-253-download-118558936,task-00293-mth-253-prep-reading-download,,,,Download,https://canvas.oregonstate.edu/courses/2053263/files/118558936/download?download_frd=1|https://canvas.oregonstate.edu/courses/2053263/pages/unit-1-learning-materials?module_item_id=26885530|https://canvas.oregonstate.edu/courses/2053263/files/118558936?wrap=1|https://canvas.oregonstate.edu/courses/2053263/pages/unit-1-learning-materials?module_item_id=26885530#,,,,prep_reading,labels=prep_reading|file_reference; review_state=candidate,Confirm whether this task is intentionally outside Modules.
sus-00428,2053263,MTH-253,medium,task_without_module,obj-mth-253-download-118558848,task-00294-mth-253-prep-reading-download,,,,Download,https://canvas.oregonstate.edu/courses/2053263/files/118558848/download?download_frd=1|https://canvas.oregonstate.edu/courses/2053263/pages/unit-1-learning-materials?module_item_id=26885530|https://canvas.oregonstate.edu/courses/2053263/pages/unit-1-learning-materials?module_item_id=26885530#|https://canvas.oregonstate.edu/courses/2053263/files/118558848?wrap=1,,,,prep_reading,labels=prep_reading|file_reference; review_state=candidate,Confirm whether this task is intentionally outside Modules.
sus-00429,2053263,MTH-253,medium,task_without_module,obj-mth-253-download-118558879,task-00295-mth-253-prep-reading-download,,,,Download,https://canvas.oregonstate.edu/courses/2053263/files/118558879/download?download_frd=1|https://canvas.oregonstate.edu/courses/2053263/pages/unit-1-learning-materials?module_item_id=26885530|https://canvas.oregonstate.edu/courses/2053263/pages/unit-1-learning-materials?module_item_id=26885530#|https://canvas.oregonstate.edu/courses/2053263/files/118558879?wrap=1,,,,prep_reading,labels=prep_reading|file_reference; review_state=candidate,Confirm whether this task is intentionally outside Modules.
sus-00430,2053263,MTH-253,medium,task_without_module,obj-mth-253-download-118558963,task-00296-mth-253-prep-reading-download,,,,Download,https://canvas.oregonstate.edu/courses/2053263/files/118558963/download?download_frd=1|https://canvas.oregonstate.edu/courses/2053263/pages/unit-1-learning-materials?module_item_id=26885530|https://canvas.oregonstate.edu/courses/2053263/pages/unit-1-learning-materials?module_item_id=26885530#|https://canvas.oregonstate.edu/courses/2053263/files/118558963?wrap=1,,,,prep_reading,labels=prep_reading|file_reference; review_state=candidate,Confirm whether this task is intentionally outside Modules.
sus-00431,2053263,MTH-253,medium,task_without_module,obj-mth-253-download-118558797,task-00297-mth-253-prep-reading-download,,,,Download,https://canvas.oregonstate.edu/courses/2053263/files/118558797/download?download_frd=1|https://canvas.oregonstate.edu/courses/2053263/assignments/10553179?module_item_id=26885537|https://canvas.oregonstate.edu/courses/2053263/assignments/10553179|https://canvas.oregonstate.edu/courses/2053263/files/118558797?wrap=1|https://canvas.oregonstate.edu/courses/2053263/assignments/10553179?module_item_id=26885537#,,,,prep_reading,labels=prep_reading|file_reference; review_state=candidate,Confirm whether this task is intentionally outside Modules.
sus-00432,2053263,MTH-253,medium,task_without_module,obj-mth-253-download-118558944,task-00298-mth-253-prep-reading-mth-253-final-exam-practice-problems-answers-pdf,,,,MTH 253 - Final Exam Practice Problems - Answers.pdf,https://canvas.oregonstate.edu/courses/2053263/files/118558944/download?download_frd=1|https://canvas.oregonstate.edu/courses/2053263/files/118558944?module_item_id=26885599|https://canvas.oregonstate.edu/courses/2053263/files/118558944?module_item_id=26885599#,,,,prep_reading,labels=prep_reading|file_reference; review_state=candidate,Confirm whether this task is intentionally outside Modules.
sus-00433,2053263,MTH-253,medium,task_without_module,obj-mth-253-download-118558956,task-00299-mth-253-prep-reading-mth-253-final-exam-practice-problems-pdf,,,,MTH 253 - Final Exam Practice Problems.pdf,https://canvas.oregonstate.edu/courses/2053263/files/118558956/download?download_frd=1|https://canvas.oregonstate.edu/courses/2053263/files/118558956?module_item_id=26885598|https://canvas.oregonstate.edu/courses/2053263/files/118558956?module_item_id=26885598#,,,,prep_reading,labels=prep_reading|file_reference; review_state=candidate,Confirm whether this task is intentionally outside Modules.
sus-00434,2053263,MTH-253,medium,task_without_module,obj-mth-253-file-118558751,task-00302-mth-253-critical-setup-mth-253-course-syllabus-fall-2025-pdf-sequences-and-series-mth-253z-400-u2026,,,,MTH 253 Course Syllabus - Fall 2025.pdf: SEQUENCES AND SERIES (MTH_253Z_400_U2026),https://canvas.oregonstate.edu/courses/2053263/files/118558751?wrap=1,,,,critical_setup,labels=critical_setup|file_reference; review_state=candidate,Confirm whether this task is intentionally outside Modules.
sus-00435,2053263,MTH-253,medium,task_without_module,obj-mth-253-file-119228487,task-00303-mth-253-critical-setup-mth-253-course-syllabus-summer-2026-pdf-sequences-and-series-mth-253z-400-u2026,,,,MTH_253_Course_Syllabus_Summer_2026.pdf: SEQUENCES AND SERIES (MTH_253Z_400_U2026),https://canvas.oregonstate.edu/courses/2053263/files/119228487?wrap=1,,,,critical_setup,labels=critical_setup|file_reference; review_state=candidate,Confirm whether this task is intentionally outside Modules.
sus-00436,2053263,MTH-253,medium,graded_task_missing_due,obj-mth-253-quiz-3159588,task-00314-mth-253-graded-task-final-exam-sequences-and-series-mth-253z-400-u2026,mod-mth-253-007-finals-week,mi-mth-253-26885601,,Final Exam: SEQUENCES AND SERIES (MTH_253Z_400_U2026),https://canvas.oregonstate.edu/courses/2053263/quizzes/3159588?module_item_id=26885601|https://canvas.oregonstate.edu/courses/2053263/quizzes/3159588|https://canvas.oregonstate.edu/courses/2053263/modules,,,,missing_due_text,points_text=100; labels=graded_task,"Inspect detail, Grades, or Assignments evidence for a due date."
sus-00437,2053263,MTH-253,medium,graded_task_missing_due,obj-mth-253-quiz-3159593,task-00316-mth-253-graded-task-unit-1-quiz-sequences-and-series-mth-253z-400-u2026,mod-mth-253-002-unit-1-week-1,mi-mth-253-26885539,,Unit 1 Quiz: SEQUENCES AND SERIES (MTH_253Z_400_U2026),https://canvas.oregonstate.edu/courses/2053263/quizzes/3159593?module_item_id=26885539|https://canvas.oregonstate.edu/courses/2053263/quizzes/3159593|https://canvas.oregonstate.edu/courses/2053263/modules,,,,missing_due_text,points_text=100; labels=graded_task|critical_setup|prep_reading,"Inspect detail, Grades, or Assignments evidence for a due date."
sus-00438,2053263,MTH-253,medium,graded_task_missing_due,obj-mth-253-quiz-3159592,task-00317-mth-253-graded-task-unit-2-quiz-sequences-and-series-mth-253z-400-u2026,mod-mth-253-003-unit-2-week-2-and-week-3,mi-mth-253-26885552,,Unit 2 Quiz: SEQUENCES AND SERIES (MTH_253Z_400_U2026),https://canvas.oregonstate.edu/courses/2053263/quizzes/3159592?module_item_id=26885552|https://canvas.oregonstate.edu/courses/2053263/quizzes/3159592|https://canvas.oregonstate.edu/courses/2053263/modules,,,,missing_due_text,points_text=100; labels=graded_task,"Inspect detail, Grades, or Assignments evidence for a due date."
sus-00439,2053263,MTH-253,medium,graded_task_missing_due,obj-mth-253-quiz-3159589,task-00318-mth-253-graded-task-unit-3-quiz-sequences-and-series-mth-253z-400-u2026,mod-mth-253-004-unit-3-weeks-4-5-and-6,mi-mth-253-26885567,,Unit 3 Quiz: SEQUENCES AND SERIES (MTH_253Z_400_U2026),https://canvas.oregonstate.edu/courses/2053263/quizzes/3159589?module_item_id=26885567|https://canvas.oregonstate.edu/courses/2053263/quizzes/3159589|https://canvas.oregonstate.edu/courses/2053263/modules,,,,missing_due_text,points_text=100; labels=graded_task,"Inspect detail, Grades, or Assignments evidence for a due date."
sus-00440,2053263,MTH-253,medium,graded_task_missing_due,obj-mth-253-quiz-3159590,task-00319-mth-253-graded-task-unit-4-quiz-sequences-and-series-mth-253z-400-u2026,mod-mth-253-005-unit-4-weeks-7-8-and-9,mi-mth-253-26885582,,Unit 4 Quiz: SEQUENCES AND SERIES (MTH_253Z_400_U2026),https://canvas.oregonstate.edu/courses/2053263/quizzes/3159590?module_item_id=26885582|https://canvas.oregonstate.edu/courses/2053263/quizzes/3159590|https://canvas.oregonstate.edu/courses/2053263/modules,,,,missing_due_text,points_text=100; labels=graded_task,"Inspect detail, Grades, or Assignments evidence for a due date."
sus-00441,2053526,PHY-212,medium,task_without_module,obj-phy-212-assignment-10557047,task-00320-phy-212-graded-task-capstone-lab-week-1-group-report,,,,Capstone Lab Week 1 Group Report,https://canvas.oregonstate.edu/courses/2053526/assignments/10557047|https://canvas.oregonstate.edu/courses/2053526/assignments|https://canvas.oregonstate.edu/courses/2053526/grades,,,,graded_task,labels=graded_task; review_state=candidate,Confirm whether this task is intentionally outside Modules.
sus-00442,2053526,PHY-212,medium,task_without_module,obj-phy-212-assignment-10557046,task-00321-phy-212-graded-task-capstone-lab-week-2-group-report,,,,Capstone Lab Week 2 Group Report,https://canvas.oregonstate.edu/courses/2053526/assignments/10557046|https://canvas.oregonstate.edu/courses/2053526/assignments|https://canvas.oregonstate.edu/courses/2053526/grades,,,,graded_task,labels=graded_task; review_state=candidate,Confirm whether this task is intentionally outside Modules.
sus-00443,2053526,PHY-212,medium,task_without_module,obj-phy-212-assignment-10557057,task-00322-phy-212-graded-task-lab-1-report,,,,Lab 1 Report,https://canvas.oregonstate.edu/courses/2053526/assignments/10557057|https://canvas.oregonstate.edu/courses/2053526/assignments|https://canvas.oregonstate.edu/courses/2053526/grades,,,,graded_task,labels=graded_task; review_state=candidate,Confirm whether this task is intentionally outside Modules.
sus-00444,2053526,PHY-212,medium,task_without_module,obj-phy-212-assignment-10557058,task-00323-phy-212-graded-task-lab-2-group-report,,,,Lab 2 Group Report,https://canvas.oregonstate.edu/courses/2053526/assignments/10557058|https://canvas.oregonstate.edu/courses/2053526/assignments|https://canvas.oregonstate.edu/courses/2053526/grades,,,,graded_task,labels=graded_task|critical_setup|access_deferred_until_available; review_state=candidate,Confirm whether this task is intentionally outside Modules.
sus-00445,2053526,PHY-212,medium,task_without_module,obj-phy-212-assignment-10557059,task-00324-phy-212-graded-task-lab-3-group-report,,,,Lab 3 Group report,https://canvas.oregonstate.edu/courses/2053526/assignments/10557059|https://canvas.oregonstate.edu/courses/2053526/assignments|https://canvas.oregonstate.edu/courses/2053526/grades,,,,graded_task,labels=graded_task; review_state=candidate,Confirm whether this task is intentionally outside Modules.
sus-00446,2053526,PHY-212,medium,task_without_module,obj-phy-212-assignment-10557060,task-00325-phy-212-graded-task-lab-4-group-report,,,,Lab 4 Group Report,https://canvas.oregonstate.edu/courses/2053526/assignments/10557060|https://canvas.oregonstate.edu/courses/2053526/assignments|https://canvas.oregonstate.edu/courses/2053526/grades,,,,graded_task,labels=graded_task; review_state=candidate,Confirm whether this task is intentionally outside Modules.
sus-00447,2053526,PHY-212,medium,task_without_module,obj-phy-212-assignment-10557061,task-00326-phy-212-graded-task-lab-5-group-report,,,,Lab 5 Group report,https://canvas.oregonstate.edu/courses/2053526/assignments/10557061|https://canvas.oregonstate.edu/courses/2053526/assignments|https://canvas.oregonstate.edu/courses/2053526/grades,,,,graded_task,labels=graded_task; review_state=candidate,Confirm whether this task is intentionally outside Modules.
sus-00448,2053526,PHY-212,medium,task_without_module,obj-phy-212-assignment-10557062,task-00327-phy-212-graded-task-lab-6-group-report,,,,Lab 6 Group Report,https://canvas.oregonstate.edu/courses/2053526/assignments/10557062|https://canvas.oregonstate.edu/courses/2053526/assignments|https://canvas.oregonstate.edu/courses/2053526/grades,,,,graded_task,labels=graded_task; review_state=candidate,Confirm whether this task is intentionally outside Modules.
sus-00449,2053526,PHY-212,medium,task_without_module,obj-phy-212-assignment-10591118,task-00328-phy-212-graded-task-m1-0,,,,M1-0,https://canvas.oregonstate.edu/courses/2053526/assignments/10591118|https://canvas.oregonstate.edu/courses/2053526/assignments|https://canvas.oregonstate.edu/courses/2053526/grades,,,,graded_task,labels=graded_task; review_state=candidate,Confirm whether this task is intentionally outside Modules.
sus-00450,2053526,PHY-212,medium,task_without_module,obj-phy-212-assignment-10592346,task-00329-phy-212-graded-task-m1-00,,,,M1-00,https://canvas.oregonstate.edu/courses/2053526/assignments/10592346|https://canvas.oregonstate.edu/courses/2053526/assignments|https://canvas.oregonstate.edu/courses/2053526/grades,,,,graded_task,labels=graded_task; review_state=candidate,Confirm whether this task is intentionally outside Modules.
sus-00451,2053526,PHY-212,medium,task_without_module,obj-phy-212-assignment-10592982,task-00330-phy-212-graded-task-m1-1,,,,M1-1,https://canvas.oregonstate.edu/courses/2053526/assignments/10592982|https://canvas.oregonstate.edu/courses/2053526/assignments|https://canvas.oregonstate.edu/courses/2053526/grades,,,,graded_task,labels=graded_task; review_state=candidate,Confirm whether this task is intentionally outside Modules.
sus-00452,2053526,PHY-212,medium,task_without_module,obj-phy-212-assignment-10593560,task-00331-phy-212-graded-task-m1-2,,,,M1-2,https://canvas.oregonstate.edu/courses/2053526/assignments/10593560|https://canvas.oregonstate.edu/courses/2053526/assignments|https://canvas.oregonstate.edu/courses/2053526/grades,,,,graded_task,labels=graded_task; review_state=candidate,Confirm whether this task is intentionally outside Modules.
sus-00453,2053526,PHY-212,medium,task_without_module,obj-phy-212-assignment-10595057,task-00332-phy-212-graded-task-m1-3,,,,M1-3,https://canvas.oregonstate.edu/courses/2053526/assignments/10595057|https://canvas.oregonstate.edu/courses/2053526/assignments|https://canvas.oregonstate.edu/courses/2053526/grades,,,,graded_task,labels=graded_task; review_state=candidate,Confirm whether this task is intentionally outside Modules.
sus-00454,2053526,PHY-212,medium,task_without_module,obj-phy-212-assignment-10595549,task-00333-phy-212-graded-task-m1-4,,,,M1-4,https://canvas.oregonstate.edu/courses/2053526/assignments/10595549|https://canvas.oregonstate.edu/courses/2053526/assignments|https://canvas.oregonstate.edu/courses/2053526/grades,,,,graded_task,labels=graded_task; review_state=candidate,Confirm whether this task is intentionally outside Modules.
sus-00455,2053526,PHY-212,medium,task_without_module,obj-phy-212-assignment-10597145,task-00334-phy-212-graded-task-m1-5,,,,M1-5,https://canvas.oregonstate.edu/courses/2053526/assignments/10597145|https://canvas.oregonstate.edu/courses/2053526/assignments|https://canvas.oregonstate.edu/courses/2053526/grades,,,,graded_task,labels=graded_task; review_state=candidate,Confirm whether this task is intentionally outside Modules.
sus-00456,2053526,PHY-212,medium,task_without_module,obj-phy-212-assignment-10557070,task-00335-phy-212-graded-task-m2-1pre,,,,M2-1pre,https://canvas.oregonstate.edu/courses/2053526/assignments/10557070|https://canvas.oregonstate.edu/courses/2053526/assignments|https://canvas.oregonstate.edu/courses/2053526/grades,,,,graded_task,labels=graded_task|critical_setup; review_state=candidate,Confirm whether this task is intentionally outside Modules.
sus-00457,2053526,PHY-212,medium,task_without_module,obj-phy-212-assignment-10557097,task-00336-phy-212-graded-task-quiz-1-notes,,,,Quiz 1 notes,https://canvas.oregonstate.edu/courses/2053526/assignments/10557097,,,,graded_task,labels=graded_task|critical_setup|prep_reading|access_deferred_until_available; review_state=candidate,Confirm whether this task is intentionally outside Modules.
sus-00458,2053526,PHY-212,medium,graded_task_missing_due,obj-phy-212-assignment-10557097,task-00336-phy-212-graded-task-quiz-1-notes,,,,Quiz 1 notes,https://canvas.oregonstate.edu/courses/2053526/assignments/10557097,,,,missing_due_text,points_text=; labels=graded_task|critical_setup|prep_reading|access_deferred_until_available,"Inspect detail, Grades, or Assignments evidence for a due date."
sus-00459,2053526,PHY-212,medium,task_without_module,obj-phy-212-assignment-10557098,task-00337-phy-212-graded-task-quiz-1a,,,,Quiz 1A,https://canvas.oregonstate.edu/courses/2053526/assignments/10557098,,,,graded_task,labels=graded_task|critical_setup|access_deferred_until_available; review_state=candidate,Confirm whether this task is intentionally outside Modules.
sus-00460,2053526,PHY-212,medium,graded_task_missing_due,obj-phy-212-assignment-10557098,task-00337-phy-212-graded-task-quiz-1a,,,,Quiz 1A,https://canvas.oregonstate.edu/courses/2053526/assignments/10557098,,,,missing_due_text,points_text=; labels=graded_task|critical_setup|access_deferred_until_available,"Inspect detail, Grades, or Assignments evidence for a due date."
sus-00461,2053526,PHY-212,medium,task_without_module,obj-phy-212-assignment-10557099,task-00338-phy-212-graded-task-quiz-1a-6pm,,,,Quiz 1A_6pm,https://canvas.oregonstate.edu/courses/2053526/assignments/10557099,,,,graded_task,labels=graded_task|critical_setup|access_deferred_until_available; review_state=candidate,Confirm whether this task is intentionally outside Modules.
sus-00462,2053526,PHY-212,medium,graded_task_missing_due,obj-phy-212-assignment-10557099,task-00338-phy-212-graded-task-quiz-1a-6pm,,,,Quiz 1A_6pm,https://canvas.oregonstate.edu/courses/2053526/assignments/10557099,,,,missing_due_text,points_text=; labels=graded_task|critical_setup|access_deferred_until_available,"Inspect detail, Grades, or Assignments evidence for a due date."
sus-00463,2053526,PHY-212,medium,task_without_module,obj-phy-212-assignment-10557100,task-00339-phy-212-graded-task-quiz-1a-asy-work,,,,Quiz 1A_asy_work,https://canvas.oregonstate.edu/courses/2053526/assignments/10557100,,,,graded_task,labels=graded_task|critical_setup|access_deferred_until_available; review_state=candidate,Confirm whether this task is intentionally outside Modules.
sus-00464,2053526,PHY-212,medium,graded_task_missing_due,obj-phy-212-assignment-10557100,task-00339-phy-212-graded-task-quiz-1a-asy-work,,,,Quiz 1A_asy_work,https://canvas.oregonstate.edu/courses/2053526/assignments/10557100,,,,missing_due_text,points_text=; labels=graded_task|critical_setup|access_deferred_until_available,"Inspect detail, Grades, or Assignments evidence for a due date."
sus-00465,2053526,PHY-212,medium,task_without_module,obj-phy-212-assignment-10557101,task-00340-phy-212-graded-task-quiz-1b,,,,Quiz 1B,https://canvas.oregonstate.edu/courses/2053526/assignments/10557101,,,,graded_task,labels=graded_task|critical_setup|access_deferred_until_available; review_state=candidate,Confirm whether this task is intentionally outside Modules.
sus-00466,2053526,PHY-212,medium,graded_task_missing_due,obj-phy-212-assignment-10557101,task-00340-phy-212-graded-task-quiz-1b,,,,Quiz 1B,https://canvas.oregonstate.edu/courses/2053526/assignments/10557101,,,,missing_due_text,points_text=; labels=graded_task|critical_setup|access_deferred_until_available,"Inspect detail, Grades, or Assignments evidence for a due date."
sus-00467,2053526,PHY-212,medium,task_without_module,obj-phy-212-assignment-10557102,task-00341-phy-212-graded-task-quiz-1b-6pm,,,,Quiz 1B_6pm,https://canvas.oregonstate.edu/courses/2053526/assignments/10557102,,,,graded_task,labels=graded_task|critical_setup|access_deferred_until_available; review_state=candidate,Confirm whether this task is intentionally outside Modules.
sus-00468,2053526,PHY-212,medium,graded_task_missing_due,obj-phy-212-assignment-10557102,task-00341-phy-212-graded-task-quiz-1b-6pm,,,,Quiz 1B_6pm,https://canvas.oregonstate.edu/courses/2053526/assignments/10557102,,,,missing_due_text,points_text=; labels=graded_task|critical_setup|access_deferred_until_available,"Inspect detail, Grades, or Assignments evidence for a due date."
sus-00469,2053526,PHY-212,medium,task_without_module,obj-phy-212-assignment-10556989,task-00342-phy-212-graded-task-quiz-1b-asy-remotely-proctored,,,,Quiz 1B_asy (Remotely Proctored),https://canvas.oregonstate.edu/courses/2053526/assignments/10556989,,,,graded_task,labels=graded_task|critical_setup|access_deferred_until_available; review_state=candidate,Confirm whether this task is intentionally outside Modules.
sus-00470,2053526,PHY-212,medium,graded_task_missing_due,obj-phy-212-assignment-10556989,task-00342-phy-212-graded-task-quiz-1b-asy-remotely-proctored,,,,Quiz 1B_asy (Remotely Proctored),https://canvas.oregonstate.edu/courses/2053526/assignments/10556989,,,,missing_due_text,points_text=; labels=graded_task|critical_setup|access_deferred_until_available,"Inspect detail, Grades, or Assignments evidence for a due date."
sus-00471,2053526,PHY-212,medium,task_without_module,obj-phy-212-assignment-10557103,task-00343-phy-212-graded-task-quiz-1b-asy-work,,,,Quiz 1B_asy_work,https://canvas.oregonstate.edu/courses/2053526/assignments/10557103,,,,graded_task,labels=graded_task|critical_setup|access_deferred_until_available; review_state=candidate,Confirm whether this task is intentionally outside Modules.
sus-00472,2053526,PHY-212,medium,graded_task_missing_due,obj-phy-212-assignment-10557103,task-00343-phy-212-graded-task-quiz-1b-asy-work,,,,Quiz 1B_asy_work,https://canvas.oregonstate.edu/courses/2053526/assignments/10557103,,,,missing_due_text,points_text=; labels=graded_task|critical_setup|access_deferred_until_available,"Inspect detail, Grades, or Assignments evidence for a due date."
sus-00473,2053526,PHY-212,medium,task_without_module,obj-phy-212-assignment-10557104,task-00344-phy-212-graded-task-quiz-1x,,,,Quiz 1x,https://canvas.oregonstate.edu/courses/2053526/assignments/10557104,,,,graded_task,labels=graded_task|critical_setup|access_deferred_until_available; review_state=candidate,Confirm whether this task is intentionally outside Modules.
sus-00474,2053526,PHY-212,medium,graded_task_missing_due,obj-phy-212-assignment-10557104,task-00344-phy-212-graded-task-quiz-1x,,,,Quiz 1x,https://canvas.oregonstate.edu/courses/2053526/assignments/10557104,,,,missing_due_text,points_text=; labels=graded_task|critical_setup|access_deferred_until_available,"Inspect detail, Grades, or Assignments evidence for a due date."
sus-00475,2053526,PHY-212,medium,task_without_module,obj-phy-212-assignment-syllabus,task-00345-phy-212-critical-setup-syllabus-for-general-physics-with-calculus-ph-212-400-u2026,,,,Syllabus for GENERAL PHYSICS WITH CALCULUS (PH_212_400_U2026),https://canvas.oregonstate.edu/courses/2053526/assignments/syllabus,,,,critical_setup,labels=critical_setup; review_state=candidate,Confirm whether this task is intentionally outside Modules.
sus-00476,2053526,PHY-212,medium,task_without_module,obj-phy-212-assignment-10556958,task-00346-phy-212-blocked-or-broken-unauthorized,,,,Unauthorized,https://canvas.oregonstate.edu/courses/2053526/assignments/10556958,,,,blocked_or_broken,labels=graded_task|blocked_or_broken; review_state=candidate,Confirm whether this task is intentionally outside Modules.
sus-00477,2053526,PHY-212,medium,task_without_module,obj-phy-212-assignment-10556975,task-00347-phy-212-blocked-or-broken-unauthorized,,,,Unauthorized,https://canvas.oregonstate.edu/courses/2053526/assignments/10556975,,,,blocked_or_broken,labels=graded_task|blocked_or_broken; review_state=candidate,Confirm whether this task is intentionally outside Modules.
sus-00478,2053526,PHY-212,medium,task_without_module,obj-phy-212-assignment-10556967,task-00348-phy-212-blocked-or-broken-unauthorized,,,,Unauthorized,https://canvas.oregonstate.edu/courses/2053526/assignments/10556967,,,,blocked_or_broken,labels=graded_task|blocked_or_broken; review_state=candidate,Confirm whether this task is intentionally outside Modules.
sus-00479,2053526,PHY-212,medium,task_without_module,obj-phy-212-assignment-10556938,task-00349-phy-212-blocked-or-broken-unauthorized,,,,Unauthorized,https://canvas.oregonstate.edu/courses/2053526/assignments/10556938,,,,blocked_or_broken,labels=graded_task|blocked_or_broken; review_state=candidate,Confirm whether this task is intentionally outside Modules.
sus-00480,2053526,PHY-212,medium,task_without_module,obj-phy-212-assignment-10556951,task-00350-phy-212-blocked-or-broken-unauthorized,,,,Unauthorized,https://canvas.oregonstate.edu/courses/2053526/assignments/10556951,,,,blocked_or_broken,labels=graded_task|blocked_or_broken; review_state=candidate,Confirm whether this task is intentionally outside Modules.
sus-00481,2053526,PHY-212,medium,task_without_module,obj-phy-212-assignment-10556991,task-00351-phy-212-blocked-or-broken-unauthorized,,,,Unauthorized,https://canvas.oregonstate.edu/courses/2053526/assignments/10556991,,,,blocked_or_broken,labels=graded_task|blocked_or_broken; review_state=candidate,Confirm whether this task is intentionally outside Modules.
sus-00482,2053526,PHY-212,medium,task_without_module,obj-phy-212-assignment-10557013,task-00352-phy-212-blocked-or-broken-unauthorized,,,,Unauthorized,https://canvas.oregonstate.edu/courses/2053526/assignments/10557013,,,,blocked_or_broken,labels=graded_task|blocked_or_broken; review_state=candidate,Confirm whether this task is intentionally outside Modules.
sus-00483,2053526,PHY-212,medium,task_without_module,obj-phy-212-assignment-10557015,task-00353-phy-212-blocked-or-broken-unauthorized,,,,Unauthorized,https://canvas.oregonstate.edu/courses/2053526/assignments/10557015,,,,blocked_or_broken,labels=graded_task|blocked_or_broken; review_state=candidate,Confirm whether this task is intentionally outside Modules.
sus-00484,2053526,PHY-212,medium,task_without_module,obj-phy-212-assignment-10556947,task-00354-phy-212-blocked-or-broken-unauthorized,,,,Unauthorized,https://canvas.oregonstate.edu/courses/2053526/assignments/10556947,,,,blocked_or_broken,labels=graded_task|blocked_or_broken; review_state=candidate,Confirm whether this task is intentionally outside Modules.
sus-00485,2053526,PHY-212,medium,task_without_module,obj-phy-212-assignment-10557020,task-00355-phy-212-blocked-or-broken-unauthorized,,,,Unauthorized,https://canvas.oregonstate.edu/courses/2053526/assignments/10557020,,,,blocked_or_broken,labels=graded_task|blocked_or_broken; review_state=candidate,Confirm whether this task is intentionally outside Modules.
sus-00486,2053526,PHY-212,medium,task_without_module,obj-phy-212-assignment-10557027,task-00356-phy-212-blocked-or-broken-unauthorized,,,,Unauthorized,https://canvas.oregonstate.edu/courses/2053526/assignments/10557027,,,,blocked_or_broken,labels=graded_task|blocked_or_broken; review_state=candidate,Confirm whether this task is intentionally outside Modules.
sus-00487,2053526,PHY-212,medium,task_without_module,obj-phy-212-assignment-10556937,task-00357-phy-212-blocked-or-broken-unauthorized,,,,Unauthorized,https://canvas.oregonstate.edu/courses/2053526/assignments/10556937,,,,blocked_or_broken,labels=graded_task|blocked_or_broken; review_state=candidate,Confirm whether this task is intentionally outside Modules.
sus-00488,2053526,PHY-212,medium,task_without_module,obj-phy-212-assignment-10556943,task-00358-phy-212-blocked-or-broken-unauthorized,,,,Unauthorized,https://canvas.oregonstate.edu/courses/2053526/assignments/10556943,,,,blocked_or_broken,labels=graded_task|blocked_or_broken; review_state=candidate,Confirm whether this task is intentionally outside Modules.
sus-00489,2053526,PHY-212,medium,task_without_module,obj-phy-212-assignment-10556996,task-00359-phy-212-blocked-or-broken-unauthorized,,,,Unauthorized,https://canvas.oregonstate.edu/courses/2053526/assignments/10556996,,,,blocked_or_broken,labels=graded_task|blocked_or_broken; review_state=candidate,Confirm whether this task is intentionally outside Modules.
sus-00490,2053526,PHY-212,medium,task_without_module,obj-phy-212-assignment-10556959,task-00360-phy-212-blocked-or-broken-unauthorized,,,,Unauthorized,https://canvas.oregonstate.edu/courses/2053526/assignments/10556959,,,,blocked_or_broken,labels=graded_task|blocked_or_broken; review_state=candidate,Confirm whether this task is intentionally outside Modules.
sus-00491,2053526,PHY-212,medium,task_without_module,obj-phy-212-assignment-10557105,task-00361-phy-212-blocked-or-broken-unauthorized,,,,Unauthorized,https://canvas.oregonstate.edu/courses/2053526/assignments/10557105,,,,blocked_or_broken,labels=graded_task|blocked_or_broken; review_state=candidate,Confirm whether this task is intentionally outside Modules.
sus-00492,2053526,PHY-212,medium,task_without_module,obj-phy-212-assignment-10557108,task-00362-phy-212-blocked-or-broken-unauthorized,,,,Unauthorized,https://canvas.oregonstate.edu/courses/2053526/assignments/10557108,,,,blocked_or_broken,labels=graded_task|blocked_or_broken; review_state=candidate,Confirm whether this task is intentionally outside Modules.
sus-00493,2053526,PHY-212,medium,task_without_module,obj-phy-212-assignment-10557111,task-00363-phy-212-blocked-or-broken-unauthorized,,,,Unauthorized,https://canvas.oregonstate.edu/courses/2053526/assignments/10557111,,,,blocked_or_broken,labels=graded_task|blocked_or_broken; review_state=candidate,Confirm whether this task is intentionally outside Modules.
sus-00494,2053526,PHY-212,medium,task_without_module,obj-phy-212-assignment-10557106,task-00364-phy-212-blocked-or-broken-unauthorized,,,,Unauthorized,https://canvas.oregonstate.edu/courses/2053526/assignments/10557106,,,,blocked_or_broken,labels=graded_task|blocked_or_broken; review_state=candidate,Confirm whether this task is intentionally outside Modules.
sus-00495,2053526,PHY-212,medium,task_without_module,obj-phy-212-assignment-10557107,task-00365-phy-212-blocked-or-broken-unauthorized,,,,Unauthorized,https://canvas.oregonstate.edu/courses/2053526/assignments/10557107,,,,blocked_or_broken,labels=graded_task|blocked_or_broken; review_state=candidate,Confirm whether this task is intentionally outside Modules.
sus-00496,2053526,PHY-212,medium,task_without_module,obj-phy-212-assignment-10557109,task-00366-phy-212-blocked-or-broken-unauthorized,,,,Unauthorized,https://canvas.oregonstate.edu/courses/2053526/assignments/10557109,,,,blocked_or_broken,labels=graded_task|blocked_or_broken; review_state=candidate,Confirm whether this task is intentionally outside Modules.
sus-00497,2053526,PHY-212,medium,task_without_module,obj-phy-212-assignment-10557110,task-00367-phy-212-blocked-or-broken-unauthorized,,,,Unauthorized,https://canvas.oregonstate.edu/courses/2053526/assignments/10557110,,,,blocked_or_broken,labels=graded_task|blocked_or_broken; review_state=candidate,Confirm whether this task is intentionally outside Modules.
sus-00498,2053526,PHY-212,medium,task_without_module,obj-phy-212-assignment-10557112,task-00368-phy-212-blocked-or-broken-unauthorized,,,,Unauthorized,https://canvas.oregonstate.edu/courses/2053526/assignments/10557112,,,,blocked_or_broken,labels=graded_task|blocked_or_broken; review_state=candidate,Confirm whether this task is intentionally outside Modules.
sus-00499,2053526,PHY-212,medium,task_without_module,obj-phy-212-discussion-11563812,task-00369-phy-212-prep-reading-topic-project-optional-step-find-group-members,,,,Topic: 🤔 Project | Optional Step: Find Group Members,https://canvas.oregonstate.edu/courses/2053526/discussion_topics/11563812,,,,prep_reading,labels=prep_reading; review_state=candidate,Confirm whether this task is intentionally outside Modules.
sus-00500,2053526,PHY-212,medium,task_without_module,obj-phy-212-discussion-11604493,task-00370-phy-212-graded-task-topic-7-1-lecture-canceled,,,,Topic: 7/1 Lecture canceled,https://canvas.oregonstate.edu/courses/2053526/discussion_topics/11604493,,,,graded_task,labels=graded_task; review_state=candidate,Confirm whether this task is intentionally outside Modules.
sus-00501,2053526,PHY-212,medium,graded_task_missing_due,obj-phy-212-discussion-11604493,task-00370-phy-212-graded-task-topic-7-1-lecture-canceled,,,,Topic: 7/1 Lecture canceled,https://canvas.oregonstate.edu/courses/2053526/discussion_topics/11604493,,,,missing_due_text,points_text=; labels=graded_task,"Inspect detail, Grades, or Assignments evidence for a due date."
sus-00502,2053526,PHY-212,medium,task_without_module,obj-phy-212-discussion-11563802,task-00371-phy-212-graded-task-topic-course-introductions,,,,Topic: Course Introductions,https://canvas.oregonstate.edu/courses/2053526/discussion_topics/11563802,,,,graded_task,labels=graded_task; review_state=candidate,Confirm whether this task is intentionally outside Modules.
sus-00503,2053526,PHY-212,medium,graded_task_missing_due,obj-phy-212-discussion-11563802,task-00371-phy-212-graded-task-topic-course-introductions,,,,Topic: Course Introductions,https://canvas.oregonstate.edu/courses/2053526/discussion_topics/11563802,,,,missing_due_text,points_text=; labels=graded_task,"Inspect detail, Grades, or Assignments evidence for a due date."
sus-00504,2053526,PHY-212,medium,task_without_module,obj-phy-212-discussion-11597788,task-00372-phy-212-graded-task-topic-first-day-lecture-and-participation,,,,Topic: First day lecture and participation,https://canvas.oregonstate.edu/courses/2053526/discussion_topics/11597788,,,,graded_task,labels=graded_task|prep_reading|lecture_video; review_state=candidate,Confirm whether this task is intentionally outside Modules.
sus-00505,2053526,PHY-212,medium,graded_task_missing_due,obj-phy-212-discussion-11597788,task-00372-phy-212-graded-task-topic-first-day-lecture-and-participation,,,,Topic: First day lecture and participation,https://canvas.oregonstate.edu/courses/2053526/discussion_topics/11597788,,,,missing_due_text,points_text=; labels=graded_task|prep_reading|lecture_video,"Inspect detail, Grades, or Assignments evidence for a due date."
sus-00506,2053526,PHY-212,medium,task_without_module,obj-phy-212-discussion-11579973,task-00373-phy-212-graded-task-topic-lab-1-discussion-lab-group-22,,,,Topic: Lab 1 Discussion - Lab Group 22,https://canvas.oregonstate.edu/groups/733396/discussion_topics/11579973,,,,graded_task,labels=graded_task|critical_setup|prep_reading; review_state=candidate,Confirm whether this task is intentionally outside Modules.
sus-00507,2053526,PHY-212,medium,graded_task_missing_due,obj-phy-212-discussion-11579973,task-00373-phy-212-graded-task-topic-lab-1-discussion-lab-group-22,,,,Topic: Lab 1 Discussion - Lab Group 22,https://canvas.oregonstate.edu/groups/733396/discussion_topics/11579973,,,,missing_due_text,points_text=1510; labels=graded_task|critical_setup|prep_reading,"Inspect detail, Grades, or Assignments evidence for a due date."
sus-00508,2053526,PHY-212,medium,task_without_module,obj-phy-212-discussion-11579976,task-00374-phy-212-graded-task-topic-lab-2-discussion-lab-group-22,,,,Topic: Lab 2 Discussion - Lab Group 22,https://canvas.oregonstate.edu/groups/733396/discussion_topics/11579976,,,,graded_task,labels=graded_task|critical_setup|prep_reading|lecture_video; review_state=candidate,Confirm whether this task is intentionally outside Modules.
sus-00509,2053526,PHY-212,medium,graded_task_missing_due,obj-phy-212-discussion-11579976,task-00374-phy-212-graded-task-topic-lab-2-discussion-lab-group-22,,,,Topic: Lab 2 Discussion - Lab Group 22,https://canvas.oregonstate.edu/groups/733396/discussion_topics/11579976,,,,missing_due_text,points_text=1510; labels=graded_task|critical_setup|prep_reading|lecture_video,"Inspect detail, Grades, or Assignments evidence for a due date."
sus-00510,2053526,PHY-212,medium,task_without_module,obj-phy-212-discussion-11579981,task-00375-phy-212-graded-task-topic-lab-3-discussion-lab-group-22,,,,Topic: Lab 3 Discussion - Lab Group 22,https://canvas.oregonstate.edu/groups/733396/discussion_topics/11579981,,,,graded_task,labels=graded_task; review_state=candidate,Confirm whether this task is intentionally outside Modules.
sus-00511,2053526,PHY-212,medium,graded_task_missing_due,obj-phy-212-discussion-11579981,task-00375-phy-212-graded-task-topic-lab-3-discussion-lab-group-22,,,,Topic: Lab 3 Discussion - Lab Group 22,https://canvas.oregonstate.edu/groups/733396/discussion_topics/11579981,,,,missing_due_text,points_text=; labels=graded_task,"Inspect detail, Grades, or Assignments evidence for a due date."
sus-00512,2053526,PHY-212,medium,task_without_module,obj-phy-212-discussion-11579969,task-00376-phy-212-graded-task-topic-lab-4-discussion-lab-group-22,,,,Topic: Lab 4 Discussion - Lab Group 22,https://canvas.oregonstate.edu/groups/733396/discussion_topics/11579969,,,,graded_task,labels=graded_task; review_state=candidate,Confirm whether this task is intentionally outside Modules.
sus-00513,2053526,PHY-212,medium,graded_task_missing_due,obj-phy-212-discussion-11579969,task-00376-phy-212-graded-task-topic-lab-4-discussion-lab-group-22,,,,Topic: Lab 4 Discussion - Lab Group 22,https://canvas.oregonstate.edu/groups/733396/discussion_topics/11579969,,,,missing_due_text,points_text=; labels=graded_task,"Inspect detail, Grades, or Assignments evidence for a due date."
sus-00514,2053526,PHY-212,medium,task_without_module,obj-phy-212-discussion-11580054,task-00377-phy-212-graded-task-topic-lab-5-discussion-lab-group-22,,,,Topic: Lab 5 Discussion - Lab Group 22,https://canvas.oregonstate.edu/groups/733396/discussion_topics/11580054,,,,graded_task,labels=graded_task; review_state=candidate,Confirm whether this task is intentionally outside Modules.
sus-00515,2053526,PHY-212,medium,graded_task_missing_due,obj-phy-212-discussion-11580054,task-00377-phy-212-graded-task-topic-lab-5-discussion-lab-group-22,,,,Topic: Lab 5 Discussion - Lab Group 22,https://canvas.oregonstate.edu/groups/733396/discussion_topics/11580054,,,,missing_due_text,points_text=; labels=graded_task,"Inspect detail, Grades, or Assignments evidence for a due date."
sus-00516,2053526,PHY-212,medium,task_without_module,obj-phy-212-discussion-11579983,task-00378-phy-212-graded-task-topic-lab-6-discussion-lab-group-22,,,,Topic: Lab 6 Discussion - Lab Group 22,https://canvas.oregonstate.edu/groups/733396/discussion_topics/11579983,,,,graded_task,labels=graded_task; review_state=candidate,Confirm whether this task is intentionally outside Modules.
sus-00517,2053526,PHY-212,medium,graded_task_missing_due,obj-phy-212-discussion-11579983,task-00378-phy-212-graded-task-topic-lab-6-discussion-lab-group-22,,,,Topic: Lab 6 Discussion - Lab Group 22,https://canvas.oregonstate.edu/groups/733396/discussion_topics/11579983,,,,missing_due_text,points_text=; labels=graded_task,"Inspect detail, Grades, or Assignments evidence for a due date."
sus-00518,2053526,PHY-212,medium,task_without_module,obj-phy-212-discussion-11605102,task-00379-phy-212-graded-task-topic-m21-pre-upload,,,,Topic: M21-pre upload,https://canvas.oregonstate.edu/courses/2053526/discussion_topics/11605102,,,,graded_task,labels=graded_task|critical_setup; review_state=candidate,Confirm whether this task is intentionally outside Modules.
sus-00519,2053526,PHY-212,medium,graded_task_missing_due,obj-phy-212-discussion-11605102,task-00379-phy-212-graded-task-topic-m21-pre-upload,,,,Topic: M21-pre upload,https://canvas.oregonstate.edu/courses/2053526/discussion_topics/11605102,,,,missing_due_text,points_text=; labels=graded_task|critical_setup,"Inspect detail, Grades, or Assignments evidence for a due date."
sus-00520,2053526,PHY-212,medium,task_without_module,obj-phy-212-discussion-11601297,task-00380-phy-212-graded-task-topic-please-email-your-lab-ta-to-confirm-your-meeting-time,,,,Topic: Please email your Lab TA to confirm your meeting time,https://canvas.oregonstate.edu/courses/2053526/discussion_topics/11601297,,,,graded_task,labels=graded_task; review_state=candidate,Confirm whether this task is intentionally outside Modules.
sus-00521,2053526,PHY-212,medium,graded_task_missing_due,obj-phy-212-discussion-11601297,task-00380-phy-212-graded-task-topic-please-email-your-lab-ta-to-confirm-your-meeting-time,,,,Topic: Please email your Lab TA to confirm your meeting time,https://canvas.oregonstate.edu/courses/2053526/discussion_topics/11601297,,,,missing_due_text,points_text=; labels=graded_task,"Inspect detail, Grades, or Assignments evidence for a due date."
sus-00522,2053526,PHY-212,medium,task_without_module,obj-phy-212-discussion-11563801,task-00381-phy-212-graded-task-topic-welcome,,,,Topic: Welcome!,https://canvas.oregonstate.edu/courses/2053526/discussion_topics/11563801,,,,graded_task,labels=graded_task|prep_reading|lecture_video; review_state=candidate,Confirm whether this task is intentionally outside Modules.
sus-00523,2053526,PHY-212,medium,graded_task_missing_due,obj-phy-212-discussion-11563801,task-00381-phy-212-graded-task-topic-welcome,,,,Topic: Welcome!,https://canvas.oregonstate.edu/courses/2053526/discussion_topics/11563801,,,,missing_due_text,points_text=; labels=graded_task|prep_reading|lecture_video,"Inspect detail, Grades, or Assignments evidence for a due date."
sus-00524,2053526,PHY-212,medium,task_without_module,obj-phy-212-download-118705530,task-00382-phy-212-critical-setup-camscanner,,,,CamScanner,https://canvas.oregonstate.edu/courses/2053526/files/118705530/download?wrap=1|https://canvas.oregonstate.edu/courses/2053526/pages/gradescope?module_item_id=26896946|https://canvas.oregonstate.edu/courses/2053526/pages/gradescope?module_item_id=26896946#,,,,critical_setup,labels=critical_setup|file_reference; review_state=candidate,Confirm whether this task is intentionally outside Modules.
sus-00525,2053526,PHY-212,medium,task_without_module,obj-phy-212-download-118705575,task-00383-phy-212-critical-setup-download,,,,Download,https://canvas.oregonstate.edu/courses/2053526/files/118705575/download?download_frd=1|https://canvas.oregonstate.edu/courses/2053526/pages/proctorio-setup-and-troubleshooting?module_item_id=26896947|https://canvas.oregonstate.edu/courses/2053526/files/118705575?wrap=1|https://canvas.oregonstate.edu/courses/2053526/pages/proctorio-setup-and-troubleshooting?module_item_id=26896947#,,,,critical_setup,labels=critical_setup|file_reference; review_state=candidate,Confirm whether this task is intentionally outside Modules.
sus-00526,2053526,PHY-212,medium,task_without_module,obj-phy-212-download-119256249,task-00384-phy-212-critical-setup-first-day-overview-pdf,,,,first day overview.pdf,https://canvas.oregonstate.edu/courses/2053526/files/119256249/download?download_frd=1|https://canvas.oregonstate.edu/courses/2053526/files/119256249?module_item_id=26997777|https://canvas.oregonstate.edu/courses/2053526/files/119256249?module_item_id=26997777#,,,,critical_setup,labels=critical_setup|prep_reading|file_reference; review_state=candidate,Confirm whether this task is intentionally outside Modules.
sus-00527,2053526,PHY-212,medium,task_without_module,obj-phy-212-download-118706071,task-00385-phy-212-critical-setup-scannable-or-geniusscan,,,,Scannable or GeniusScan,https://canvas.oregonstate.edu/courses/2053526/files/118706071/download?wrap=1|https://canvas.oregonstate.edu/courses/2053526/pages/gradescope?module_item_id=26896946|https://canvas.oregonstate.edu/courses/2053526/pages/gradescope?module_item_id=26896946#,,,,critical_setup,labels=critical_setup|file_reference; review_state=candidate,Confirm whether this task is intentionally outside Modules.
sus-00528,2053526,PHY-212,medium,task_without_module,obj-phy-212-file-118705575,task-00386-phy-212-critical-setup-proctorio-guide-pdf-general-physics-with-calculus-ph-212-400-u2026,,,,Proctorio Guide.pdf: GENERAL PHYSICS WITH CALCULUS (PH_212_400_U2026),https://canvas.oregonstate.edu/courses/2053526/files/118705575?wrap=1,,,,critical_setup,labels=critical_setup|file_reference; review_state=candidate,Confirm whether this task is intentionally outside Modules.
sus-00529,2053526,PHY-212,medium,task_without_module,obj-phy-212-page-project-7c-consequences-and-implications-of-science,task-00388-phy-212-critical-setup-project-consequences-implications-of-science-general-physics-with-calculus-ph-21,,,,🤔 Project | Consequences & Implications of Science: GENERAL PHYSICS WITH CALCULUS (PH_212_400_U2026),https://canvas.oregonstate.edu/courses/2053526/pages/project-%7C-consequences-and-implications-of-science,,,,critical_setup,labels=critical_setup; review_state=candidate,Confirm whether this task is intentionally outside Modules.
sus-00530,2053526,PHY-212,medium,task_without_module,obj-phy-212-page-lab-1-team-building-and-uncertainty-refresher,task-00393-phy-212-critical-setup-lab-1-team-building-and-uncertainty-refresher-general-physics-with-calculus-ph-2,,,,Lab 1: Team Building and Uncertainty Refresher: GENERAL PHYSICS WITH CALCULUS (PH_212_400_U2026),https://canvas.oregonstate.edu/courses/2053526/pages/lab-1-team-building-and-uncertainty-refresher,,,,critical_setup,labels=critical_setup; review_state=candidate,Confirm whether this task is intentionally outside Modules.
sus-00531,2053526,PHY-212,medium,task_without_module,obj-phy-212-page-lab-2-uncertainty-propagation,task-00395-phy-212-critical-setup-lab-2-uncertainty-propagation-general-physics-with-calculus-ph-212-400-u2026,,,,Lab 2: Uncertainty Propagation: GENERAL PHYSICS WITH CALCULUS (PH_212_400_U2026),https://canvas.oregonstate.edu/courses/2053526/pages/lab-2-uncertainty-propagation,,,,critical_setup,labels=critical_setup|lecture_video; review_state=candidate,Confirm whether this task is intentionally outside Modules.
sus-00532,2053526,PHY-212,medium,task_without_module,obj-phy-212-page-lab-3-hypothesis-testing,task-00396-phy-212-critical-setup-lab-3-hypothesis-testing-general-physics-with-calculus-ph-212-400-u2026,,,,Lab 3 Hypothesis Testing: GENERAL PHYSICS WITH CALCULUS (PH_212_400_U2026),https://canvas.oregonstate.edu/courses/2053526/pages/lab-3-hypothesis-testing,,,,critical_setup,labels=critical_setup; review_state=candidate,Confirm whether this task is intentionally outside Modules.
sus-00533,2053526,PHY-212,medium,task_without_module,obj-phy-212-page-scanning-resources,task-00407-phy-212-critical-setup-scanning-resources-general-physics-with-calculus-ph-212-400-u2026,,,,Scanning Resources: GENERAL PHYSICS WITH CALCULUS (PH_212_400_U2026),https://canvas.oregonstate.edu/courses/2053526/pages/scanning-resources,,,,critical_setup,labels=critical_setup; review_state=candidate,Confirm whether this task is intentionally outside Modules.
sus-00534,2053526,PHY-212,medium,task_without_module,obj-phy-212-quiz-3160489,task-00409-phy-212-blocked-or-broken-hw-1-rotational-motion-general-physics-with-calculus-ph-212-400-u2026,,,,Hw 1 - Rotational Motion: GENERAL PHYSICS WITH CALCULUS (PH_212_400_U2026),https://canvas.oregonstate.edu/courses/2053526/quizzes/3160489|https://canvas.oregonstate.edu/courses/2053526/quizzes/3160489/take?user_id=6660414|https://canvas.oregonstate.edu/courses/2053526/quizzes/3160489/questions/59026233|https://canvas.oregonstate.edu/courses/2053526/quizzes/3160489/questions/59026234|https://canvas.oregonstate.edu/courses/2053526/quizzes/3160489/questions/59026235|https://canvas.oregonstate.edu/courses/2053526/quizzes/3160489/questions/59026236|https://canvas.oregonstate.edu/courses/2053526/quizzes/3160489/questions/59026237|https://canvas.oregonstate.edu/courses/2053526/quizzes/3160489/questions/59026238|https://canvas.oregonstate.edu/courses/2053526/quizzes/3160489/questions/59026239|https://canvas.oregonstate.edu/courses/2053526/quizzes/3160489/questions/59026240|https://canvas.oregonstate.edu/courses/2053526/quizzes/3160489/questions/59026241|https://canvas.oregonstate.edu/courses/2053526/quizzes/3160489/questions/59026242|https://canvas.oregonstate.edu/courses/2053526/quizzes/3160489/questions/59026243|https://canvas.oregonstate.edu/courses/2053526/quizzes/3160489/questions/59026244|https://canvas.oregonstate.edu/courses/2053526/quizzes/3160489/questions/59026245|https://canvas.oregonstate.edu/courses/2053526/quizzes/3160489/questions/59026246|https://canvas.oregonstate.edu/courses/2053526/quizzes/3160489/questions/59026247,,,,blocked_or_broken,labels=graded_task|prep_reading|blocked_or_broken; review_state=candidate,Confirm whether this task is intentionally outside Modules.
sus-00535,2053526,PHY-212,medium,task_without_module,obj-phy-212-quiz-3160444,task-00410-phy-212-graded-task-hw-2-rotational-dynamics-general-physics-with-calculus-ph-212-400-u2026,,,,Hw 2 - Rotational Dynamics: GENERAL PHYSICS WITH CALCULUS (PH_212_400_U2026),https://canvas.oregonstate.edu/courses/2053526/quizzes/3160444|https://canvas.oregonstate.edu/courses/2053526/quizzes/3160444/take?user_id=6660414,,,,graded_task,labels=graded_task|critical_setup|prep_reading|access_deferred_until_available; review_state=candidate,Confirm whether this task is intentionally outside Modules.
sus-00536,2053526,PHY-212,medium,graded_task_missing_due,obj-phy-212-quiz-3160444,task-00410-phy-212-graded-task-hw-2-rotational-dynamics-general-physics-with-calculus-ph-212-400-u2026,,,,Hw 2 - Rotational Dynamics: GENERAL PHYSICS WITH CALCULUS (PH_212_400_U2026),https://canvas.oregonstate.edu/courses/2053526/quizzes/3160444|https://canvas.oregonstate.edu/courses/2053526/quizzes/3160444/take?user_id=6660414,,,,missing_due_text,points_text=; labels=graded_task|critical_setup|prep_reading|access_deferred_until_available,"Inspect detail, Grades, or Assignments evidence for a due date."
sus-00537,2053526,PHY-212,medium,graded_task_missing_due,obj-phy-212-quiz-3160479,task-00411-phy-212-graded-task-lab-collaboration-contract-general-physics-with-calculus-ph-212-400-u2026,mod-phy-212-004-module-1-circular-motion,mi-phy-212-26942495,,Lab Collaboration Contract: GENERAL PHYSICS WITH CALCULUS (PH_212_400_U2026),https://canvas.oregonstate.edu/courses/2053526/quizzes/3160479?module_item_id=26942495|https://canvas.oregonstate.edu/courses/2053526/quizzes/3160479|https://canvas.oregonstate.edu/courses/2053526/modules,,,,missing_due_text,points_text=5; labels=graded_task|critical_setup|prep_reading,"Inspect detail, Grades, or Assignments evidence for a due date."
sus-00538,2053526,PHY-212,medium,graded_task_missing_due,obj-phy-212-quiz-3160510,task-00412-phy-212-graded-task-lab-group-check-in-survey-lab-3-general-physics-with-calculus-ph-212-400-u2026,mod-phy-212-005-module-2-rotation,mi-phy-212-26896973,,Lab Group Check-In Survey (Lab 3): GENERAL PHYSICS WITH CALCULUS (PH_212_400_U2026),https://canvas.oregonstate.edu/courses/2053526/quizzes/3160510?module_item_id=26896973|https://canvas.oregonstate.edu/courses/2053526/quizzes/3160510|https://canvas.oregonstate.edu/courses/2053526/modules,,,,missing_due_text,points_text=5; labels=graded_task,"Inspect detail, Grades, or Assignments evidence for a due date."
sus-00539,2053526,PHY-212,medium,task_without_module,obj-phy-212-quiz-3160466,task-00413-phy-212-graded-task-lab-group-check-in-survey-lab-5-general-physics-with-calculus-ph-212-400-u2026,,,,Lab Group Check-In Survey (Lab 5): GENERAL PHYSICS WITH CALCULUS (PH_212_400_U2026),https://canvas.oregonstate.edu/courses/2053526/quizzes/3160466,,,,graded_task,labels=graded_task; review_state=candidate,Confirm whether this task is intentionally outside Modules.
sus-00540,2053526,PHY-212,medium,graded_task_missing_due,obj-phy-212-quiz-3160466,task-00413-phy-212-graded-task-lab-group-check-in-survey-lab-5-general-physics-with-calculus-ph-212-400-u2026,,,,Lab Group Check-In Survey (Lab 5): GENERAL PHYSICS WITH CALCULUS (PH_212_400_U2026),https://canvas.oregonstate.edu/courses/2053526/quizzes/3160466,,,,missing_due_text,points_text=; labels=graded_task,"Inspect detail, Grades, or Assignments evidence for a due date."
sus-00541,2053526,PHY-212,medium,graded_task_missing_due,obj-phy-212-quiz-3160536,task-00414-phy-212-graded-task-lab-partner-values-survey-general-physics-with-calculus-ph-212-400-u2026,mod-phy-212-004-module-1-circular-motion,mi-phy-212-26896963,,Lab Partner Values Survey: GENERAL PHYSICS WITH CALCULUS (PH_212_400_U2026),https://canvas.oregonstate.edu/courses/2053526/quizzes/3160536?module_item_id=26896963|https://canvas.oregonstate.edu/courses/2053526/quizzes/3160536|https://canvas.oregonstate.edu/courses/2053526/quizzes/3160536?module_item_id=26896963#|https://canvas.oregonstate.edu/courses/2053526/quizzes/3160536/questions/59026451|https://canvas.oregonstate.edu/courses/2053526/quizzes/3160536/questions/59026452|https://canvas.oregonstate.edu/courses/2053526/quizzes/3160536/questions/59026453|https://canvas.oregonstate.edu/courses/2053526/quizzes/3160536/questions/59026454|https://canvas.oregonstate.edu/courses/2053526/quizzes/3160536/questions/59026455|https://canvas.oregonstate.edu/courses/2053526/quizzes/3160536/questions/59026456|https://canvas.oregonstate.edu/courses/2053526/quizzes/3160536#|https://canvas.oregonstate.edu/courses/2053526/modules,,,,missing_due_text,points_text=5; labels=graded_task|critical_setup|prep_reading,"Inspect detail, Grades, or Assignments evidence for a due date."
sus-00542,2053526,PHY-212,medium,task_without_module,obj-phy-212-quiz-3169001,task-00415-phy-212-graded-task-m1-00asy-general-physics-with-calculus-ph-212-400-u2026,,,,M1-00asy: GENERAL PHYSICS WITH CALCULUS (PH_212_400_U2026),https://canvas.oregonstate.edu/courses/2053526/quizzes/3169001|https://canvas.oregonstate.edu/courses/2053526/quizzes/3169001/take?user_id=6660414|https://canvas.oregonstate.edu/courses/2053526/quizzes/3169001/history?version=1|https://canvas.oregonstate.edu/courses/2053526/quizzes/3169001#|https://canvas.oregonstate.edu/courses/2053526/quizzes/3169001/questions/59169187|https://canvas.oregonstate.edu/courses/2053526/quizzes/3169001/questions/59174672|https://canvas.oregonstate.edu/courses/2053526/quizzes/3169001/questions/59174670|https://canvas.oregonstate.edu/courses/2053526/quizzes/3169001/questions/59174671,,,,graded_task,labels=graded_task|critical_setup|lecture_video; review_state=candidate,Confirm whether this task is intentionally outside Modules.
sus-00543,2053526,PHY-212,medium,graded_task_missing_due,obj-phy-212-quiz-3169001,task-00415-phy-212-graded-task-m1-00asy-general-physics-with-calculus-ph-212-400-u2026,,,,M1-00asy: GENERAL PHYSICS WITH CALCULUS (PH_212_400_U2026),https://canvas.oregonstate.edu/courses/2053526/quizzes/3169001|https://canvas.oregonstate.edu/courses/2053526/quizzes/3169001/take?user_id=6660414|https://canvas.oregonstate.edu/courses/2053526/quizzes/3169001/history?version=1|https://canvas.oregonstate.edu/courses/2053526/quizzes/3169001#|https://canvas.oregonstate.edu/courses/2053526/quizzes/3169001/questions/59169187|https://canvas.oregonstate.edu/courses/2053526/quizzes/3169001/questions/59174672|https://canvas.oregonstate.edu/courses/2053526/quizzes/3169001/questions/59174670|https://canvas.oregonstate.edu/courses/2053526/quizzes/3169001/questions/59174671,,,,missing_due_text,points_text=1; labels=graded_task|critical_setup|lecture_video,"Inspect detail, Grades, or Assignments evidence for a due date."
sus-00544,2053526,PHY-212,medium,task_without_module,obj-phy-212-quiz-3169000,task-00416-phy-212-graded-task-m1-0asy-general-physics-with-calculus-ph-212-400-u2026,,,,M1-0asy: GENERAL PHYSICS WITH CALCULUS (PH_212_400_U2026),https://canvas.oregonstate.edu/courses/2053526/quizzes/3169000|https://canvas.oregonstate.edu/courses/2053526/quizzes/3169000/take?user_id=6660414|https://canvas.oregonstate.edu/courses/2053526/quizzes/3169000/history?version=1|https://canvas.oregonstate.edu/courses/2053526/quizzes/3169000#|https://canvas.oregonstate.edu/courses/2053526/quizzes/3169000/questions/59169876|https://canvas.oregonstate.edu/courses/2053526/quizzes/3169000/questions/59169879,,,,graded_task,labels=graded_task|prep_reading|lecture_video; review_state=candidate,Confirm whether this task is intentionally outside Modules.
sus-00545,2053526,PHY-212,medium,graded_task_missing_due,obj-phy-212-quiz-3169000,task-00416-phy-212-graded-task-m1-0asy-general-physics-with-calculus-ph-212-400-u2026,,,,M1-0asy: GENERAL PHYSICS WITH CALCULUS (PH_212_400_U2026),https://canvas.oregonstate.edu/courses/2053526/quizzes/3169000|https://canvas.oregonstate.edu/courses/2053526/quizzes/3169000/take?user_id=6660414|https://canvas.oregonstate.edu/courses/2053526/quizzes/3169000/history?version=1|https://canvas.oregonstate.edu/courses/2053526/quizzes/3169000#|https://canvas.oregonstate.edu/courses/2053526/quizzes/3169000/questions/59169876|https://canvas.oregonstate.edu/courses/2053526/quizzes/3169000/questions/59169879,,,,missing_due_text,points_text=1; labels=graded_task|prep_reading|lecture_video,"Inspect detail, Grades, or Assignments evidence for a due date."
sus-00546,2053526,PHY-212,medium,task_without_module,obj-phy-212-quiz-3160454,task-00417-phy-212-graded-task-m1-1asy-general-physics-with-calculus-ph-212-400-u2026,,,,M1-1asy: GENERAL PHYSICS WITH CALCULUS (PH_212_400_U2026),https://canvas.oregonstate.edu/courses/2053526/quizzes/3160454|https://canvas.oregonstate.edu/courses/2053526/quizzes/3160454/take?user_id=6660414|https://canvas.oregonstate.edu/courses/2053526/quizzes/3160454/history?version=1|https://canvas.oregonstate.edu/courses/2053526/quizzes/3160454/questions/59026073|https://canvas.oregonstate.edu/courses/2053526/quizzes/3160454/questions/59176462|https://canvas.oregonstate.edu/courses/2053526/quizzes/3160454/questions/59176463|https://canvas.oregonstate.edu/courses/2053526/quizzes/3160454/questions/59026074|https://canvas.oregonstate.edu/courses/2053526/quizzes/3160454/questions/59026075,,,,graded_task,labels=graded_task|critical_setup|lecture_video; review_state=candidate,Confirm whether this task is intentionally outside Modules.
sus-00547,2053526,PHY-212,medium,graded_task_missing_due,obj-phy-212-quiz-3160454,task-00417-phy-212-graded-task-m1-1asy-general-physics-with-calculus-ph-212-400-u2026,,,,M1-1asy: GENERAL PHYSICS WITH CALCULUS (PH_212_400_U2026),https://canvas.oregonstate.edu/courses/2053526/quizzes/3160454|https://canvas.oregonstate.edu/courses/2053526/quizzes/3160454/take?user_id=6660414|https://canvas.oregonstate.edu/courses/2053526/quizzes/3160454/history?version=1|https://canvas.oregonstate.edu/courses/2053526/quizzes/3160454/questions/59026073|https://canvas.oregonstate.edu/courses/2053526/quizzes/3160454/questions/59176462|https://canvas.oregonstate.edu/courses/2053526/quizzes/3160454/questions/59176463|https://canvas.oregonstate.edu/courses/2053526/quizzes/3160454/questions/59026074|https://canvas.oregonstate.edu/courses/2053526/quizzes/3160454/questions/59026075,,,,missing_due_text,points_text=1; labels=graded_task|critical_setup|lecture_video,"Inspect detail, Grades, or Assignments evidence for a due date."
sus-00548,2053526,PHY-212,medium,task_without_module,obj-phy-212-quiz-3160514,task-00418-phy-212-graded-task-m1-1pre-general-physics-with-calculus-ph-212-400-u2026,,,,M1-1pre: GENERAL PHYSICS WITH CALCULUS (PH_212_400_U2026),https://canvas.oregonstate.edu/courses/2053526/quizzes/3160514|https://canvas.oregonstate.edu/courses/2053526/quizzes/3160514/take?user_id=6660414|https://canvas.oregonstate.edu/courses/2053526/quizzes/3160514/history?version=1|https://canvas.oregonstate.edu/courses/2053526/quizzes/3160514#|https://canvas.oregonstate.edu/courses/2053526/quizzes/3160514/questions/59026348,,,,graded_task,labels=graded_task|prep_reading|lecture_video; review_state=candidate,Confirm whether this task is intentionally outside Modules.
sus-00549,2053526,PHY-212,medium,graded_task_missing_due,obj-phy-212-quiz-3160514,task-00418-phy-212-graded-task-m1-1pre-general-physics-with-calculus-ph-212-400-u2026,,,,M1-1pre: GENERAL PHYSICS WITH CALCULUS (PH_212_400_U2026),https://canvas.oregonstate.edu/courses/2053526/quizzes/3160514|https://canvas.oregonstate.edu/courses/2053526/quizzes/3160514/take?user_id=6660414|https://canvas.oregonstate.edu/courses/2053526/quizzes/3160514/history?version=1|https://canvas.oregonstate.edu/courses/2053526/quizzes/3160514#|https://canvas.oregonstate.edu/courses/2053526/quizzes/3160514/questions/59026348,,,,missing_due_text,points_text=3; labels=graded_task|prep_reading|lecture_video,"Inspect detail, Grades, or Assignments evidence for a due date."
sus-00550,2053526,PHY-212,medium,task_without_module,obj-phy-212-quiz-3160491,task-00419-phy-212-graded-task-m1-2asy-general-physics-with-calculus-ph-212-400-u2026,,,,M1-2asy: GENERAL PHYSICS WITH CALCULUS (PH_212_400_U2026),https://canvas.oregonstate.edu/courses/2053526/quizzes/3160491|https://canvas.oregonstate.edu/courses/2053526/quizzes/3160491/take?user_id=6660414,,,,graded_task,labels=graded_task|critical_setup|lecture_video; review_state=candidate,Confirm whether this task is intentionally outside Modules.
sus-00551,2053526,PHY-212,medium,graded_task_missing_due,obj-phy-212-quiz-3160491,task-00419-phy-212-graded-task-m1-2asy-general-physics-with-calculus-ph-212-400-u2026,,,,M1-2asy: GENERAL PHYSICS WITH CALCULUS (PH_212_400_U2026),https://canvas.oregonstate.edu/courses/2053526/quizzes/3160491|https://canvas.oregonstate.edu/courses/2053526/quizzes/3160491/take?user_id=6660414,,,,missing_due_text,points_text=; labels=graded_task|critical_setup|lecture_video,"Inspect detail, Grades, or Assignments evidence for a due date."
sus-00552,2053526,PHY-212,medium,task_without_module,obj-phy-212-quiz-3160464,task-00420-phy-212-graded-task-m1-2pre-general-physics-with-calculus-ph-212-400-u2026,,,,M1-2pre: GENERAL PHYSICS WITH CALCULUS (PH_212_400_U2026),https://canvas.oregonstate.edu/courses/2053526/quizzes/3160464|https://canvas.oregonstate.edu/courses/2053526/quizzes/3160464/take?user_id=6660414|https://canvas.oregonstate.edu/courses/2053526/quizzes/3160464/history?version=1|https://canvas.oregonstate.edu/courses/2053526/quizzes/3160464#|https://canvas.oregonstate.edu/courses/2053526/quizzes/3160464/questions/59026118,,,,graded_task,labels=graded_task|prep_reading|lecture_video; review_state=candidate,Confirm whether this task is intentionally outside Modules.
sus-00553,2053526,PHY-212,medium,graded_task_missing_due,obj-phy-212-quiz-3160464,task-00420-phy-212-graded-task-m1-2pre-general-physics-with-calculus-ph-212-400-u2026,,,,M1-2pre: GENERAL PHYSICS WITH CALCULUS (PH_212_400_U2026),https://canvas.oregonstate.edu/courses/2053526/quizzes/3160464|https://canvas.oregonstate.edu/courses/2053526/quizzes/3160464/take?user_id=6660414|https://canvas.oregonstate.edu/courses/2053526/quizzes/3160464/history?version=1|https://canvas.oregonstate.edu/courses/2053526/quizzes/3160464#|https://canvas.oregonstate.edu/courses/2053526/quizzes/3160464/questions/59026118,,,,missing_due_text,points_text=3; labels=graded_task|prep_reading|lecture_video,"Inspect detail, Grades, or Assignments evidence for a due date."
sus-00554,2053526,PHY-212,medium,task_without_module,obj-phy-212-quiz-3160508,task-00421-phy-212-graded-task-m1-3asy-general-physics-with-calculus-ph-212-400-u2026,,,,M1-3asy: GENERAL PHYSICS WITH CALCULUS (PH_212_400_U2026),https://canvas.oregonstate.edu/courses/2053526/quizzes/3160508|https://canvas.oregonstate.edu/courses/2053526/quizzes/3160508/take?user_id=6660414,,,,graded_task,labels=graded_task|critical_setup|lecture_video|access_deferred_until_available; review_state=candidate,Confirm whether this task is intentionally outside Modules.
sus-00555,2053526,PHY-212,medium,graded_task_missing_due,obj-phy-212-quiz-3160508,task-00421-phy-212-graded-task-m1-3asy-general-physics-with-calculus-ph-212-400-u2026,,,,M1-3asy: GENERAL PHYSICS WITH CALCULUS (PH_212_400_U2026),https://canvas.oregonstate.edu/courses/2053526/quizzes/3160508|https://canvas.oregonstate.edu/courses/2053526/quizzes/3160508/take?user_id=6660414,,,,missing_due_text,points_text=; labels=graded_task|critical_setup|lecture_video|access_deferred_until_available,"Inspect detail, Grades, or Assignments evidence for a due date."
sus-00556,2053526,PHY-212,medium,task_without_module,obj-phy-212-quiz-3160475,task-00422-phy-212-graded-task-m1-3pre-general-physics-with-calculus-ph-212-400-u2026,,,,M1-3pre: GENERAL PHYSICS WITH CALCULUS (PH_212_400_U2026),https://canvas.oregonstate.edu/courses/2053526/quizzes/3160475|https://canvas.oregonstate.edu/courses/2053526/quizzes/3160475/take?user_id=6660414,,,,graded_task,labels=graded_task|prep_reading|lecture_video; review_state=candidate,Confirm whether this task is intentionally outside Modules.
sus-00557,2053526,PHY-212,medium,graded_task_missing_due,obj-phy-212-quiz-3160475,task-00422-phy-212-graded-task-m1-3pre-general-physics-with-calculus-ph-212-400-u2026,,,,M1-3pre: GENERAL PHYSICS WITH CALCULUS (PH_212_400_U2026),https://canvas.oregonstate.edu/courses/2053526/quizzes/3160475|https://canvas.oregonstate.edu/courses/2053526/quizzes/3160475/take?user_id=6660414,,,,missing_due_text,points_text=; labels=graded_task|prep_reading|lecture_video,"Inspect detail, Grades, or Assignments evidence for a due date."
sus-00558,2053526,PHY-212,medium,task_without_module,obj-phy-212-quiz-3160457,task-00423-phy-212-graded-task-m1-4asy-general-physics-with-calculus-ph-212-400-u2026,,,,M1-4asy: GENERAL PHYSICS WITH CALCULUS (PH_212_400_U2026),https://canvas.oregonstate.edu/courses/2053526/quizzes/3160457|https://canvas.oregonstate.edu/courses/2053526/quizzes/3160457/take?user_id=6660414,,,,graded_task,labels=graded_task|critical_setup|lecture_video|access_deferred_until_available; review_state=candidate,Confirm whether this task is intentionally outside Modules.
sus-00559,2053526,PHY-212,medium,graded_task_missing_due,obj-phy-212-quiz-3160457,task-00423-phy-212-graded-task-m1-4asy-general-physics-with-calculus-ph-212-400-u2026,,,,M1-4asy: GENERAL PHYSICS WITH CALCULUS (PH_212_400_U2026),https://canvas.oregonstate.edu/courses/2053526/quizzes/3160457|https://canvas.oregonstate.edu/courses/2053526/quizzes/3160457/take?user_id=6660414,,,,missing_due_text,points_text=; labels=graded_task|critical_setup|lecture_video|access_deferred_until_available,"Inspect detail, Grades, or Assignments evidence for a due date."
sus-00560,2053526,PHY-212,medium,task_without_module,obj-phy-212-quiz-3160500,task-00424-phy-212-graded-task-m1-4pre-general-physics-with-calculus-ph-212-400-u2026,,,,M1-4pre: GENERAL PHYSICS WITH CALCULUS (PH_212_400_U2026),https://canvas.oregonstate.edu/courses/2053526/quizzes/3160500|https://canvas.oregonstate.edu/courses/2053526/quizzes/3160500/take?user_id=6660414,,,,graded_task,labels=graded_task|prep_reading|lecture_video; review_state=candidate,Confirm whether this task is intentionally outside Modules.
sus-00561,2053526,PHY-212,medium,graded_task_missing_due,obj-phy-212-quiz-3160500,task-00424-phy-212-graded-task-m1-4pre-general-physics-with-calculus-ph-212-400-u2026,,,,M1-4pre: GENERAL PHYSICS WITH CALCULUS (PH_212_400_U2026),https://canvas.oregonstate.edu/courses/2053526/quizzes/3160500|https://canvas.oregonstate.edu/courses/2053526/quizzes/3160500/take?user_id=6660414,,,,missing_due_text,points_text=; labels=graded_task|prep_reading|lecture_video,"Inspect detail, Grades, or Assignments evidence for a due date."
sus-00562,2053526,PHY-212,medium,task_without_module,obj-phy-212-quiz-3160528,task-00425-phy-212-graded-task-m1-5asy-general-physics-with-calculus-ph-212-400-u2026,,,,M1-5asy: GENERAL PHYSICS WITH CALCULUS (PH_212_400_U2026),https://canvas.oregonstate.edu/courses/2053526/quizzes/3160528|https://canvas.oregonstate.edu/courses/2053526/quizzes/3160528/take?user_id=6660414,,,,graded_task,labels=graded_task|critical_setup|lecture_video|access_deferred_until_available; review_state=candidate,Confirm whether this task is intentionally outside Modules.
sus-00563,2053526,PHY-212,medium,graded_task_missing_due,obj-phy-212-quiz-3160528,task-00425-phy-212-graded-task-m1-5asy-general-physics-with-calculus-ph-212-400-u2026,,,,M1-5asy: GENERAL PHYSICS WITH CALCULUS (PH_212_400_U2026),https://canvas.oregonstate.edu/courses/2053526/quizzes/3160528|https://canvas.oregonstate.edu/courses/2053526/quizzes/3160528/take?user_id=6660414,,,,missing_due_text,points_text=; labels=graded_task|critical_setup|lecture_video|access_deferred_until_available,"Inspect detail, Grades, or Assignments evidence for a due date."
sus-00564,2053526,PHY-212,medium,task_without_module,obj-phy-212-quiz-3160476,task-00426-phy-212-graded-task-m1-5pre-general-physics-with-calculus-ph-212-400-u2026,,,,M1-5pre: GENERAL PHYSICS WITH CALCULUS (PH_212_400_U2026),https://canvas.oregonstate.edu/courses/2053526/quizzes/3160476|https://canvas.oregonstate.edu/courses/2053526/quizzes/3160476/take?user_id=6660414,,,,graded_task,labels=graded_task|prep_reading|lecture_video; review_state=candidate,Confirm whether this task is intentionally outside Modules.
sus-00565,2053526,PHY-212,medium,graded_task_missing_due,obj-phy-212-quiz-3160476,task-00426-phy-212-graded-task-m1-5pre-general-physics-with-calculus-ph-212-400-u2026,,,,M1-5pre: GENERAL PHYSICS WITH CALCULUS (PH_212_400_U2026),https://canvas.oregonstate.edu/courses/2053526/quizzes/3160476|https://canvas.oregonstate.edu/courses/2053526/quizzes/3160476/take?user_id=6660414,,,,missing_due_text,points_text=; labels=graded_task|prep_reading|lecture_video,"Inspect detail, Grades, or Assignments evidence for a due date."
sus-00566,2053526,PHY-212,medium,task_without_module,obj-phy-212-quiz-3160532,task-00427-phy-212-graded-task-ph-212e-lab-survey-general-physics-with-calculus-ph-212-400-u2026,,,,PH 212e Lab Survey: GENERAL PHYSICS WITH CALCULUS (PH_212_400_U2026),https://canvas.oregonstate.edu/courses/2053526/quizzes/3160532,,,,graded_task,labels=graded_task; review_state=candidate,Confirm whether this task is intentionally outside Modules.
sus-00567,2053526,PHY-212,medium,graded_task_missing_due,obj-phy-212-quiz-3160532,task-00427-phy-212-graded-task-ph-212e-lab-survey-general-physics-with-calculus-ph-212-400-u2026,,,,PH 212e Lab Survey: GENERAL PHYSICS WITH CALCULUS (PH_212_400_U2026),https://canvas.oregonstate.edu/courses/2053526/quizzes/3160532,,,,missing_due_text,points_text=; labels=graded_task,"Inspect detail, Grades, or Assignments evidence for a due date."
sus-00568,2053526,PHY-212,medium,graded_task_missing_due,obj-phy-212-quiz-3160506,task-00428-phy-212-graded-task-proctorio-practice-quiz-remotely-proctored-general-physics-with-calculus-ph-212-,mod-phy-212-004-module-1-circular-motion,mi-phy-212-26896961,,Proctorio practice quiz (Remotely Proctored): GENERAL PHYSICS WITH CALCULUS (PH_212_400_U2026),https://canvas.oregonstate.edu/courses/2053526/quizzes/3160506?module_item_id=26896961|https://canvas.oregonstate.edu/courses/2053526/quizzes/3160506|https://canvas.oregonstate.edu/courses/2053526/quizzes/3160506/take?user_id=6660414|https://canvas.oregonstate.edu/courses/2053526/modules,,,,missing_due_text,points_text=5; labels=graded_task|critical_setup|prep_reading,"Inspect detail, Grades, or Assignments evidence for a due date."
sus-00569,2053526,PHY-212,medium,task_without_module,obj-phy-212-quiz-3160453,task-00429-phy-212-graded-task-quiz-1a-asy-remotely-proctored,,,,Quiz 1A_asy (Remotely Proctored),https://canvas.oregonstate.edu/courses/2053526/quizzes/3160453,,,,graded_task,labels=graded_task|critical_setup|access_deferred_until_available; review_state=candidate,Confirm whether this task is intentionally outside Modules.
sus-00570,2053526,PHY-212,medium,graded_task_missing_due,obj-phy-212-quiz-3160453,task-00429-phy-212-graded-task-quiz-1a-asy-remotely-proctored,,,,Quiz 1A_asy (Remotely Proctored),https://canvas.oregonstate.edu/courses/2053526/quizzes/3160453,,,,missing_due_text,points_text=; labels=graded_task|critical_setup|access_deferred_until_available,"Inspect detail, Grades, or Assignments evidence for a due date."
sus-00571,2053526,PHY-212,medium,task_without_module,obj-phy-212-quiz-3160535,task-00430-phy-212-blocked-or-broken-unauthorized,,,,Unauthorized,https://canvas.oregonstate.edu/courses/2053526/quizzes/3160535,,,,blocked_or_broken,labels=graded_task|blocked_or_broken; review_state=candidate,Confirm whether this task is intentionally outside Modules.
sus-00572,2053526,PHY-212,medium,task_without_module,obj-phy-212-quiz-3160503,task-00431-phy-212-blocked-or-broken-unauthorized,,,,Unauthorized,https://canvas.oregonstate.edu/courses/2053526/quizzes/3160503,,,,blocked_or_broken,labels=graded_task|blocked_or_broken; review_state=candidate,Confirm whether this task is intentionally outside Modules.
