module_item_id,canvas_module_item_id,course_id,course_code,module_id,module_order,item_order,title,item_type,destination_canvas_object_type,destination_canvas_object_id,destination_object_id,destination_page_id,href,external_href,indent,requirements,requirement_raw,capture_status,source_page_id,source_url,source_text_sample
mi-mth-252-26982502,26982502,2080857,MTH-252,mod-mth-252-001-keys-solutions,1,1,WHW1-Key.pdf,Attachment,file,119223581,obj-mth-252-file-119223581,00026-mth-252-module-item-whw1-key-pdf-integral-calculus-mth-252z-400-u2026,https://canvas.oregonstate.edu/courses/2080857/modules/items/26982502,,0,,context_module_item student-view attachment indent_0 _requirement Attachment_119223581,captured,00002-mth-252-modules-course-modules-integral-calculus-mth-252z-400-u2026,https://canvas.oregonstate.edu/courses/2080857/modules,Attachment WHW1-Key.pdf WHW1-Key.pdf 1 attachment 26982502 0 Score at least Must score at least to complete this module item Scored at least Module item has been completed by scoring at least Score at least % Must score at least % to complete this module item Scored at least % Module item has been completed by scoring at least % View Must view in order to complete this module item Viewed Module item has been viewed and is complete Mark done Must mark this module item done in order to complete Ma
mi-mth-252-26982519,26982519,2080857,MTH-252,mod-mth-252-002-start-here,2,2,Start Here — Overview,Page,page,start-here-overview,obj-mth-252-page-start-here-overview,00027-mth-252-module-item-start-here-overview-integral-calculus-mth-252z-400-u2026,https://canvas.oregonstate.edu/courses/2080857/modules/items/26982519,,0,progression|must_view,context_module_item student-view wiki_page indent_0 progression_requirement must_view_requirement WikiPage_10724900 dupeable,captured,00002-mth-252-modules-course-modules-integral-calculus-mth-252z-400-u2026,https://canvas.oregonstate.edu/courses/2080857/modules,Page Start Here — Overview Start Here — Overview 1 must_view wiki_page 26982519 0 Score at least Must score at least to complete this module item Scored at least Module item has been completed by scoring at least Score at least % Must score at least % to complete this module item Scored at least % Module item has been completed by scoring at least % View Must view in order to complete this module item Viewed Module item has been viewed and is complete Mark done Must mark this module item done in
mi-mth-252-26982520,26982520,2080857,MTH-252,mod-mth-252-002-start-here,2,3,Start Here — Instructor Information & Communication Policy,Page,page,start-here-instructor-information-and-communication-policy,obj-mth-252-page-start-here-instructor-information-and-communication-policy,00028-mth-252-module-item-start-here-instructor-information-communication-policy-integral-calculus-mth-252z-400-u2026,https://canvas.oregonstate.edu/courses/2080857/modules/items/26982520,,0,progression|must_view,context_module_item student-view wiki_page indent_0 progression_requirement must_view_requirement WikiPage_10724899 dupeable,captured,00002-mth-252-modules-course-modules-integral-calculus-mth-252z-400-u2026,https://canvas.oregonstate.edu/courses/2080857/modules,Page Start Here — Instructor Information & Communication Policy Start Here — Instructor Information & Communication Policy 2 must_view wiki_page 26982520 0 Score at least Must score at least to complete this module item Scored at least Module item has been completed by scoring at least Score at least % Must score at least % to complete this module item Scored at least % Module item has been completed by scoring at least % View Must view in order to complete this module item Viewed Module item ha
mi-mth-252-26982522,26982522,2080857,MTH-252,mod-mth-252-002-start-here,2,4,Syllabus and Calendar (as of 6/21) --> Both Sections 400 and 401,Page,page,syllabus-and-calendar-as-of-6-slash-21-%3E-both-sections-400-and-401,obj-mth-252-page-syllabus-and-calendar-as-of-6-slash-21-3e-both-sections-400-and-401,00029-mth-252-module-item-syllabus-and-calendar-as-of-6-21-both-sections-400-and-401-integral-calculus-mth-252z-400-u2026,https://canvas.oregonstate.edu/courses/2080857/modules/items/26982522,,0,progression|must_view,context_module_item student-view wiki_page indent_0 progression_requirement must_view_requirement WikiPage_10724905 dupeable,captured,00002-mth-252-modules-course-modules-integral-calculus-mth-252z-400-u2026,https://canvas.oregonstate.edu/courses/2080857/modules,Page Syllabus and Calendar (as of 6/21) --> Both Sections 400 and 401 Syllabus and Calendar (as of 6/21) --> Both Sections 400 and 401 3 must_view wiki_page 26982522 0 Score at least Must score at least to complete this module item Scored at least Module item has been completed by scoring at least Score at least % Must score at least % to complete this module item Scored at least % Module item has been completed by scoring at least % View Must view in order to complete this module item Viewed Mo
mi-mth-252-26990499,26990499,2080857,MTH-252,mod-mth-252-002-start-here,2,5,Get your MTH 252Z Course Materials! (Access Code + Ebook),Page,page,get-your-mth-252z-course-materials-access-code-+-ebook,obj-mth-252-page-get-your-mth-252z-course-materials-access-code-ebook,00030-mth-252-module-item-get-your-mth-252z-course-materials-access-code-ebook-integral-calculus-mth-252z-400-u2026,https://canvas.oregonstate.edu/courses/2080857/modules/items/26990499,,0,,context_module_item student-view wiki_page indent_0 _requirement WikiPage_10729385 dupeable,captured,00002-mth-252-modules-course-modules-integral-calculus-mth-252z-400-u2026,https://canvas.oregonstate.edu/courses/2080857/modules,Page Get your MTH 252Z Course Materials! (Access Code + Ebook) Get your MTH 252Z Course Materials! (Access Code + Ebook) 4 wiki_page 26990499 0 Score at least Must score at least to complete this module item Scored at least Module item has been completed by scoring at least Score at least % Must score at least % to complete this module item Scored at least % Module item has been completed by scoring at least % View Must view in order to complete this module item Viewed Module item has been viewe
mi-mth-252-26982524,26982524,2080857,MTH-252,mod-mth-252-002-start-here,2,6,Achieve Registration Process_v3.pdf,Attachment,file,119223565,obj-mth-252-file-119223565,00031-mth-252-module-item-achieve-registration-process-v3-pdf-integral-calculus-mth-252z-400-u2026,https://canvas.oregonstate.edu/courses/2080857/modules/items/26982524,,2,,context_module_item student-view attachment indent_2 _requirement Attachment_119223565,captured,00002-mth-252-modules-course-modules-integral-calculus-mth-252z-400-u2026,https://canvas.oregonstate.edu/courses/2080857/modules,Attachment Achieve Registration Process_v3.pdf Achieve Registration Process_v3.pdf 5 attachment 26982524 0 Score at least Must score at least to complete this module item Scored at least Module item has been completed by scoring at least Score at least % Must score at least % to complete this module item Scored at least % Module item has been completed by scoring at least % View Must view in order to complete this module item Viewed Module item has been viewed and is complete Mark done Must mark
mi-mth-252-26982525,26982525,2080857,MTH-252,mod-mth-252-002-start-here,2,7,Free Trial/Grace Period in Achieve (2 weeks),Page,page,free-trial-slash-grace-period-in-achieve-2-weeks,obj-mth-252-page-free-trial-slash-grace-period-in-achieve-2-weeks,00032-mth-252-module-item-free-trial-grace-period-in-achieve-2-weeks-integral-calculus-mth-252z-400-u2026,https://canvas.oregonstate.edu/courses/2080857/modules/items/26982525,,3,progression|must_view,context_module_item student-view wiki_page indent_3 progression_requirement must_view_requirement WikiPage_10724867 dupeable,captured,00002-mth-252-modules-course-modules-integral-calculus-mth-252z-400-u2026,https://canvas.oregonstate.edu/courses/2080857/modules,Page Free Trial/Grace Period in Achieve (2 weeks) Free Trial/Grace Period in Achieve (2 weeks) 6 must_view wiki_page 26982525 0 Score at least Must score at least to complete this module item Scored at least Module item has been completed by scoring at least Score at least % Must score at least % to complete this module item Scored at least % Module item has been completed by scoring at least % View Must view in order to complete this module item Viewed Module item has been viewed and is complet
mi-mth-252-26982526,26982526,2080857,MTH-252,mod-mth-252-002-start-here,2,8,OpenStax Course Online Textbook (pdf downloadable) Links to an external site.,External Url,module_item,26982526,obj-mth-252-module-item-26982526,00438-mth-252-linked-detail-openstax-course-online-textbook-pdf-downloadable,https://openstax.org/details/books/calculus-volume-2,https://openstax.org/details/books/calculus-volume-2,2,,context_module_item student-view external_url indent_2 _requirement ExternalUrl_0,captured,00002-mth-252-modules-course-modules-integral-calculus-mth-252z-400-u2026,https://canvas.oregonstate.edu/courses/2080857/modules,External Url OpenStax Course Online Textbook (pdf downloadable) Links to an external site. OpenStax Course Online Textbook (pdf downloadable) 7 external_url 26982526 0 Score at least Must score at least to complete this module item Scored at least Module item has been completed by scoring at least Score at least % Must score at least % to complete this module item Scored at least % Module item has been completed by scoring at least % View Must view in order to complete this module item Viewed Mo
mi-mth-252-26982527,26982527,2080857,MTH-252,mod-mth-252-002-start-here,2,9,Gradescope Submissions - Students are held accountable for verifying submissions 8 context_module_sub_header 26982527 0 Score at least Must score at least to complete this module item Scored at least Module item has been completed by scoring at least Score at least % Must score at least % to complete this module item Scored at least % Module item has been completed by scoring at least % View Must view in order to complete this module item Viewed Module item has been viewed and is complete Mark done Must mark this module item done in order to complete Marked done Module item marked as done and is complete Contribute Must contribute to this module item to complete it Contributed Contributed to this module item and is complete Submit Must submit this module item to complete it Submitted Module item submitted and is complete,Context Module Sub Header,module_subheader,,obj-mth-252-module-subheader-26982527,,,,0,,context_module_item student-view context_module_sub_header indent_0 _requirement ContextModuleSubHeader_0,structural_marker,00002-mth-252-modules-course-modules-integral-calculus-mth-252z-400-u2026,https://canvas.oregonstate.edu/courses/2080857/modules,Context Module Sub Header Gradescope Submissions - Students are held accountable for verifying submissions 8 context_module_sub_header 26982527 0 Score at least Must score at least to complete this module item Scored at least Module item has been completed by scoring at least Score at least % Must score at least % to complete this module item Scored at least % Module item has been completed by scoring at least % View Must view in order to complete this module item Viewed Module item has been vie
mi-mth-252-26982528,26982528,2080857,MTH-252,mod-mth-252-002-start-here,2,10,Videos below: Show what verifying subs looks like. 9 context_module_sub_header 26982528 0 Score at least Must score at least to complete this module item Scored at least Module item has been completed by scoring at least Score at least % Must score at least % to complete this module item Scored at least % Module item has been completed by scoring at least % View Must view in order to complete this module item Viewed Module item has been viewed and is complete Mark done Must mark this module item done in order to complete Marked done Module item marked as done and is complete Contribute Must contribute to this module item to complete it Contributed Contributed to this module item and is complete Submit Must submit this module item to complete it Submitted Module item submitted and is complete,Context Module Sub Header,module_subheader,,obj-mth-252-module-subheader-26982528,,,,1,,context_module_item student-view context_module_sub_header indent_1 _requirement ContextModuleSubHeader_0,structural_marker,00002-mth-252-modules-course-modules-integral-calculus-mth-252z-400-u2026,https://canvas.oregonstate.edu/courses/2080857/modules,Context Module Sub Header Videos below: Show what verifying subs looks like. 9 context_module_sub_header 26982528 0 Score at least Must score at least to complete this module item Scored at least Module item has been completed by scoring at least Score at least % Must score at least % to complete this module item Scored at least % Module item has been completed by scoring at least % View Must view in order to complete this module item Viewed Module item has been viewed and is complete Mark done 
mi-mth-252-26982529,26982529,2080857,MTH-252,mod-mth-252-002-start-here,2,11,Gradescope Submission Using Phone (no audio),External Tool,module_item,26982529,obj-mth-252-module-item-26982529,00033-mth-252-module-item-gradescope-submission-using-phone-no-audio,https://canvas.oregonstate.edu/courses/2080857/modules/items/26982529,,3,progression|must_view,context_module_item student-view context_external_tool indent_3 progression_requirement must_view_requirement ContextExternalTool_234128,captured,00002-mth-252-modules-course-modules-integral-calculus-mth-252z-400-u2026,https://canvas.oregonstate.edu/courses/2080857/modules,External Tool Gradescope Submission Using Phone (no audio) Gradescope Submission Using Phone (no audio) 10 must_view context_external_tool 26982529 0 Score at least Must score at least to complete this module item Scored at least Module item has been completed by scoring at least Score at least % Must score at least % to complete this module item Scored at least % Module item has been completed by scoring at least % View Must view in order to complete this module item Viewed Module item has been
mi-mth-252-26982530,26982530,2080857,MTH-252,mod-mth-252-002-start-here,2,12,Gradescope Submission Using Computer (no audio),External Tool,module_item,26982530,obj-mth-252-module-item-26982530,00034-mth-252-module-item-gradescope-submission-using-computer-no-audio,https://canvas.oregonstate.edu/courses/2080857/modules/items/26982530,,3,progression|must_view,context_module_item student-view context_external_tool indent_3 progression_requirement must_view_requirement ContextExternalTool_234128,captured,00002-mth-252-modules-course-modules-integral-calculus-mth-252z-400-u2026,https://canvas.oregonstate.edu/courses/2080857/modules,External Tool Gradescope Submission Using Computer (no audio) Gradescope Submission Using Computer (no audio) 11 must_view context_external_tool 26982530 0 Score at least Must score at least to complete this module item Scored at least Module item has been completed by scoring at least Score at least % Must score at least % to complete this module item Scored at least % Module item has been completed by scoring at least % View Must view in order to complete this module item Viewed Module item ha
mi-mth-252-26982531,26982531,2080857,MTH-252,mod-mth-252-002-start-here,2,13,Start Here — Where to go for help?,Page,page,start-here-where-to-go-for-help,obj-mth-252-page-start-here-where-to-go-for-help,00035-mth-252-module-item-start-here-where-to-go-for-help-integral-calculus-mth-252z-400-u2026,https://canvas.oregonstate.edu/courses/2080857/modules/items/26982531,,0,,context_module_item student-view wiki_page indent_0 _requirement WikiPage_10724904 dupeable,captured,00002-mth-252-modules-course-modules-integral-calculus-mth-252z-400-u2026,https://canvas.oregonstate.edu/courses/2080857/modules,Page Start Here — Where to go for help? Start Here — Where to go for help? 12 wiki_page 26982531 0 Score at least Must score at least to complete this module item Scored at least Module item has been completed by scoring at least Score at least % Must score at least % to complete this module item Scored at least % Module item has been completed by scoring at least % View Must view in order to complete this module item Viewed Module item has been viewed and is complete Mark done Must mark this mo
mi-mth-252-26982532,26982532,2080857,MTH-252,mod-mth-252-002-start-here,2,14,Start Here — Accessibility Statements & Privacy Policies,Page,page,start-here-accessibility-statements-and-privacy-policies,obj-mth-252-page-start-here-accessibility-statements-and-privacy-policies,00036-mth-252-module-item-start-here-accessibility-statements-privacy-policies-integral-calculus-mth-252z-400-u2026,https://canvas.oregonstate.edu/courses/2080857/modules/items/26982532,,0,,context_module_item student-view wiki_page indent_0 _requirement WikiPage_10724897 dupeable,captured,00002-mth-252-modules-course-modules-integral-calculus-mth-252z-400-u2026,https://canvas.oregonstate.edu/courses/2080857/modules,Page Start Here — Accessibility Statements & Privacy Policies Start Here — Accessibility Statements & Privacy Policies 13 wiki_page 26982532 0 Score at least Must score at least to complete this module item Scored at least Module item has been completed by scoring at least Score at least % Must score at least % to complete this module item Scored at least % Module item has been completed by scoring at least % View Must view in order to complete this module item Viewed Module item has been viewed
mi-mth-252-26982533,26982533,2080857,MTH-252,mod-mth-252-002-start-here,2,15,Start Here — Sources Cited,Page,page,start-here-sources-cited,obj-mth-252-page-start-here-sources-cited,00037-mth-252-module-item-start-here-sources-cited-integral-calculus-mth-252z-400-u2026,https://canvas.oregonstate.edu/courses/2080857/modules/items/26982533,,0,,context_module_item student-view wiki_page indent_0 _requirement WikiPage_10724901 dupeable,captured,00002-mth-252-modules-course-modules-integral-calculus-mth-252z-400-u2026,https://canvas.oregonstate.edu/courses/2080857/modules,Page Start Here — Sources Cited Start Here — Sources Cited 14 wiki_page 26982533 0 Score at least Must score at least to complete this module item Scored at least Module item has been completed by scoring at least Score at least % Must score at least % to complete this module item Scored at least % Module item has been completed by scoring at least % View Must view in order to complete this module item Viewed Module item has been viewed and is complete Mark done Must mark this module item done i
mi-mth-252-26982534,26982534,2080857,MTH-252,mod-mth-252-002-start-here,2,16,Start Here — Conclusion,Page,page,start-here-conclusion,obj-mth-252-page-start-here-conclusion,00038-mth-252-module-item-start-here-conclusion-integral-calculus-mth-252z-400-u2026,https://canvas.oregonstate.edu/courses/2080857/modules/items/26982534,,0,,context_module_item student-view wiki_page indent_0 _requirement WikiPage_10724898 dupeable,captured,00002-mth-252-modules-course-modules-integral-calculus-mth-252z-400-u2026,https://canvas.oregonstate.edu/courses/2080857/modules,Page Start Here — Conclusion Start Here — Conclusion 15 wiki_page 26982534 0 Score at least Must score at least to complete this module item Scored at least Module item has been completed by scoring at least Score at least % Must score at least % to complete this module item Scored at least % Module item has been completed by scoring at least % View Must view in order to complete this module item Viewed Module item has been viewed and is complete Mark done Must mark this module item done in orde
mi-mth-252-26982539,26982539,2080857,MTH-252,mod-mth-252-002-start-here,2,17,Q&A Discussion,Discussion Topic,discussion,11593476,obj-mth-252-discussion-11593476,00039-mth-252-module-item-topic-q-a-discussion,https://canvas.oregonstate.edu/courses/2080857/modules/items/26982539,,0,,context_module_item student-view discussion_topic indent_0 _requirement DiscussionTopic_11593476 dupeable,captured,00002-mth-252-modules-course-modules-integral-calculus-mth-252z-400-u2026,https://canvas.oregonstate.edu/courses/2080857/modules,Discussion Topic Q&A Discussion Q&A Discussion 16 discussion_topic 26982539 0 Score at least Must score at least to complete this module item Scored at least Module item has been completed by scoring at least Score at least % Must score at least % to complete this module item Scored at least % Module item has been completed by scoring at least % View Must view in order to complete this module item Viewed Module item has been viewed and is complete Mark done Must mark this module item done in ord
mi-mth-252-26982535,26982535,2080857,MTH-252,mod-mth-252-003-tutoring-support-and-course-resources,3,18,Website: MSLC --> Peer tutoring,External Url,module_item,26982535,obj-mth-252-module-item-26982535,00439-mth-252-linked-detail-website-mslc-peer-tutoring,https://math.oregonstate.edu/undergraduate/mathematics-statistics-learning-center,https://math.oregonstate.edu/undergraduate/mathematics-statistics-learning-center,0,,context_module_item student-view external_url indent_0 _requirement ExternalUrl_0,captured,00002-mth-252-modules-course-modules-integral-calculus-mth-252z-400-u2026,https://canvas.oregonstate.edu/courses/2080857/modules,External Url Website: MSLC --> Peer tutoring Website: MSLC --> Peer tutoring 1 external_url 26982535 0 Score at least Must score at least to complete this module item Scored at least Module item has been completed by scoring at least Score at least % Must score at least % to complete this module item Scored at least % Module item has been completed by scoring at least % View Must view in order to complete this module item Viewed Module item has been viewed and is complete Mark done Must mark thi
mi-mth-252-26982536,26982536,2080857,MTH-252,mod-mth-252-003-tutoring-support-and-course-resources,3,19,MSLC Summer Tutoring Hours.pdf,Attachment,file,119223484,obj-mth-252-file-119223484,00040-mth-252-module-item-mlc-hours-pdf-integral-calculus-mth-252z-400-u2026,https://canvas.oregonstate.edu/courses/2080857/modules/items/26982536,,0,,context_module_item student-view attachment indent_0 _requirement Attachment_119223484,captured,00002-mth-252-modules-course-modules-integral-calculus-mth-252z-400-u2026,https://canvas.oregonstate.edu/courses/2080857/modules,Attachment MSLC Summer Tutoring Hours.pdf MSLC Summer Tutoring Hours.pdf 2 attachment 26982536 0 Score at least Must score at least to complete this module item Scored at least Module item has been completed by scoring at least Score at least % Must score at least % to complete this module item Scored at least % Module item has been completed by scoring at least % View Must view in order to complete this module item Viewed Module item has been viewed and is complete Mark done Must mark this modu
mi-mth-252-26982537,26982537,2080857,MTH-252,mod-mth-252-003-tutoring-support-and-course-resources,3,20,How-To Videos,Page,page,how-to-videos,obj-mth-252-page-how-to-videos,00041-mth-252-module-item-how-to-videos-integral-calculus-mth-252z-400-u2026,https://canvas.oregonstate.edu/courses/2080857/modules/items/26982537,,0,,context_module_item student-view wiki_page indent_0 _requirement WikiPage_10724870 dupeable,captured,00002-mth-252-modules-course-modules-integral-calculus-mth-252z-400-u2026,https://canvas.oregonstate.edu/courses/2080857/modules,Page How-To Videos How-To Videos 3 wiki_page 26982537 0 Score at least Must score at least to complete this module item Scored at least Module item has been completed by scoring at least Score at least % Must score at least % to complete this module item Scored at least % Module item has been completed by scoring at least % View Must view in order to complete this module item Viewed Module item has been viewed and is complete Mark done Must mark this module item done in order to complete Marked 
mi-mth-252-26982538,26982538,2080857,MTH-252,mod-mth-252-003-tutoring-support-and-course-resources,3,21,CamScanner: Making ONE pdf with multiple pages Links to an external site.,External Url,module_item,26982538,obj-mth-252-module-item-26982538,00441-mth-252-linked-detail-camscanner-making-one-pdf-with-multiple-pages,https://youtu.be/aP78GQc9gNA,https://youtu.be/aP78GQc9gNA,0,,context_module_item student-view external_url indent_0 _requirement ExternalUrl_0,captured,00002-mth-252-modules-course-modules-integral-calculus-mth-252z-400-u2026,https://canvas.oregonstate.edu/courses/2080857/modules,External Url CamScanner: Making ONE pdf with multiple pages Links to an external site. CamScanner: Making ONE pdf with multiple pages 4 external_url 26982538 0 Score at least Must score at least to complete this module item Scored at least Module item has been completed by scoring at least Score at least % Must score at least % to complete this module item Scored at least % Module item has been completed by scoring at least % View Must view in order to complete this module item Viewed Module ite
mi-mth-252-26982540,26982540,2080857,MTH-252,mod-mth-252-004-mth-251-review-optional,4,22,Review (Optional) - 3.3 Differentiation Rules,External Tool,module_item,26982540,obj-mth-252-module-item-26982540,00042-mth-252-module-item-review-optional-3-3-differentiation-rules,https://canvas.oregonstate.edu/courses/2080857/modules/items/26982540,,0,,context_module_item student-view context_external_tool indent_0 _requirement ContextExternalTool_118915,captured,00002-mth-252-modules-course-modules-integral-calculus-mth-252z-400-u2026,https://canvas.oregonstate.edu/courses/2080857/modules,External Tool Review (Optional) - 3.3 Differentiation Rules Review (Optional) - 3.3 Differentiation Rules 1 context_external_tool 26982540 0 Score at least Must score at least to complete this module item Scored at least Module item has been completed by scoring at least Score at least % Must score at least % to complete this module item Scored at least % Module item has been completed by scoring at least % View Must view in order to complete this module item Viewed Module item has been viewed a
mi-mth-252-26982541,26982541,2080857,MTH-252,mod-mth-252-004-mth-251-review-optional,4,23,Review (Optional) - 3.5 Derivatives of Trigonometric Functions,External Tool,module_item,26982541,obj-mth-252-module-item-26982541,00043-mth-252-module-item-review-optional-3-5-derivatives-of-trigonometric-functions,https://canvas.oregonstate.edu/courses/2080857/modules/items/26982541,,0,,context_module_item student-view context_external_tool indent_0 _requirement ContextExternalTool_118915,captured,00002-mth-252-modules-course-modules-integral-calculus-mth-252z-400-u2026,https://canvas.oregonstate.edu/courses/2080857/modules,External Tool Review (Optional) - 3.5 Derivatives of Trigonometric Functions Review (Optional) - 3.5 Derivatives of Trigonometric Functions 2 context_external_tool 26982541 0 Score at least Must score at least to complete this module item Scored at least Module item has been completed by scoring at least Score at least % Must score at least % to complete this module item Scored at least % Module item has been completed by scoring at least % View Must view in order to complete this module item Vi
mi-mth-252-26982542,26982542,2080857,MTH-252,mod-mth-252-004-mth-251-review-optional,4,24,Review (Optional) - 3.6 The Chain Rule,External Tool,module_item,26982542,obj-mth-252-module-item-26982542,00044-mth-252-module-item-review-optional-3-6-the-chain-rule,https://canvas.oregonstate.edu/courses/2080857/modules/items/26982542,,0,,context_module_item student-view context_external_tool indent_0 _requirement ContextExternalTool_118915,captured,00002-mth-252-modules-course-modules-integral-calculus-mth-252z-400-u2026,https://canvas.oregonstate.edu/courses/2080857/modules,External Tool Review (Optional) - 3.6 The Chain Rule Review (Optional) - 3.6 The Chain Rule 3 context_external_tool 26982542 0 Score at least Must score at least to complete this module item Scored at least Module item has been completed by scoring at least Score at least % Must score at least % to complete this module item Scored at least % Module item has been completed by scoring at least % View Must view in order to complete this module item Viewed Module item has been viewed and is complete
mi-mth-252-26982543,26982543,2080857,MTH-252,mod-mth-252-004-mth-251-review-optional,4,25,Review (Optional) - 3.9 Derivatives of Exponential and Logarithmic Functions,External Tool,module_item,26982543,obj-mth-252-module-item-26982543,00045-mth-252-module-item-review-optional-3-9-derivatives-of-exponential-and-logarithmic-functions,https://canvas.oregonstate.edu/courses/2080857/modules/items/26982543,,0,,context_module_item student-view context_external_tool indent_0 _requirement ContextExternalTool_118915,captured,00002-mth-252-modules-course-modules-integral-calculus-mth-252z-400-u2026,https://canvas.oregonstate.edu/courses/2080857/modules,External Tool Review (Optional) - 3.9 Derivatives of Exponential and Logarithmic Functions Review (Optional) - 3.9 Derivatives of Exponential and Logarithmic Functions 4 context_external_tool 26982543 0 Score at least Must score at least to complete this module item Scored at least Module item has been completed by scoring at least Score at least % Must score at least % to complete this module item Scored at least % Module item has been completed by scoring at least % View Must view in order to 
mi-mth-252-26982544,26982544,2080857,MTH-252,mod-mth-252-005-module-1-intro-to-riemann-sums-upper-lower-left-right-and-midpoint-riemann-sums,5,26,Module 1 — Overview,Page,page,module-1-overview,obj-mth-252-page-module-1-overview,00046-mth-252-module-item-module-1-overview-integral-calculus-mth-252z-400-u2026,https://canvas.oregonstate.edu/courses/2080857/modules/items/26982544,,0,,context_module_item student-view wiki_page indent_0 _requirement WikiPage_10724873 dupeable,captured,00002-mth-252-modules-course-modules-integral-calculus-mth-252z-400-u2026,https://canvas.oregonstate.edu/courses/2080857/modules,Page Module 1 — Overview Module 1 — Overview 1 wiki_page 26982544 0 Score at least Must score at least to complete this module item Scored at least Module item has been completed by scoring at least Score at least % Must score at least % to complete this module item Scored at least % Module item has been completed by scoring at least % View Must view in order to complete this module item Viewed Module item has been viewed and is complete Mark done Must mark this module item done in order to comp
mi-mth-252-26982545,26982545,2080857,MTH-252,mod-mth-252-005-module-1-intro-to-riemann-sums-upper-lower-left-right-and-midpoint-riemann-sums,5,27,Module 1 — Learning Materials and Practice Activities 🕓 3 - 5 hours,Page,page,module-1-learning-materials-and-practice-activities-3-5-hours-2,obj-mth-252-page-module-1-learning-materials-and-practice-activities-3-5-hours-2,00047-mth-252-module-item-module-1-learning-materials-and-practice-activities-3-5-hours-integral-calculus-mth-252z-400-u20,https://canvas.oregonstate.edu/courses/2080857/modules/items/26982545,,0,,context_module_item student-view wiki_page indent_0 _requirement WikiPage_10724872 dupeable,captured,00002-mth-252-modules-course-modules-integral-calculus-mth-252z-400-u2026,https://canvas.oregonstate.edu/courses/2080857/modules,Page Module 1 — Learning Materials and Practice Activities 🕓 3 - 5 hours Module 1 — Learning Materials and Practice Activities 🕓 3 - 5 hours 2 wiki_page 26982545 0 Score at least Must score at least to complete this module item Scored at least Module item has been completed by scoring at least Score at least % Must score at least % to complete this module item Scored at least % Module item has been completed by scoring at least % View Must view in order to complete this module item Viewed Modu
mi-mth-252-26982546,26982546,2080857,MTH-252,mod-mth-252-005-module-1-intro-to-riemann-sums-upper-lower-left-right-and-midpoint-riemann-sums,5,28,Dr. G's Lecture Notes--> Sect. 1.1 and 1.2,Attachment,file,119223553,obj-mth-252-file-119223553,00048-mth-252-module-item-252-lecture-1-1-to-me1-pdf-integral-calculus-mth-252z-400-u2026,https://canvas.oregonstate.edu/courses/2080857/modules/items/26982546,,2,,context_module_item student-view attachment indent_2 _requirement Attachment_119223553,captured,00002-mth-252-modules-course-modules-integral-calculus-mth-252z-400-u2026,https://canvas.oregonstate.edu/courses/2080857/modules,Attachment Dr. G's Lecture Notes--> Sect. 1.1 and 1.2 Dr. G's Lecture Notes--> Sect. 1.1 and 1.2 3 attachment 26982546 0 Score at least Must score at least to complete this module item Scored at least Module item has been completed by scoring at least Score at least % Must score at least % to complete this module item Scored at least % Module item has been completed by scoring at least % View Must view in order to complete this module item Viewed Module item has been viewed and is complete Mark 
mi-mth-252-26982547,26982547,2080857,MTH-252,mod-mth-252-005-module-1-intro-to-riemann-sums-upper-lower-left-right-and-midpoint-riemann-sums,5,29,Dr. G's Videos --> 1.1,Page,page,dr-gs-videos-%3E-1-dot-1,obj-mth-252-page-dr-gs-videos-3e-1-dot-1,00049-mth-252-module-item-dr-g-s-videos-1-1-integral-calculus-mth-252z-400-u2026,https://canvas.oregonstate.edu/courses/2080857/modules/items/26982547,,2,,context_module_item student-view wiki_page indent_2 _requirement WikiPage_10724855 dupeable,captured,00002-mth-252-modules-course-modules-integral-calculus-mth-252z-400-u2026,https://canvas.oregonstate.edu/courses/2080857/modules,Page Dr. G's Videos --> 1.1 Dr. G's Videos --> 1.1 4 wiki_page 26982547 0 Score at least Must score at least to complete this module item Scored at least Module item has been completed by scoring at least Score at least % Must score at least % to complete this module item Scored at least % Module item has been completed by scoring at least % View Must view in order to complete this module item Viewed Module item has been viewed and is complete Mark done Must mark this module item done in order t
mi-mth-252-26982548,26982548,2080857,MTH-252,mod-mth-252-005-module-1-intro-to-riemann-sums-upper-lower-left-right-and-midpoint-riemann-sums,5,30,Pre-Class Reading Quiz - 1.1 (RQ-1.1),Quiz,quiz,3167659,obj-mth-252-quiz-3167659,00050-mth-252-module-item-pre-class-reading-quiz-1-1-rq-1-1-integral-calculus-mth-252z-400-u2026,https://canvas.oregonstate.edu/courses/2080857/modules/items/26982548,,0,,context_module_item student-view lti-quiz also_assignment indent_0 _requirement Quiz_3167659,captured,00002-mth-252-modules-course-modules-integral-calculus-mth-252z-400-u2026,https://canvas.oregonstate.edu/courses/2080857/modules,Quiz Pre-Class Reading Quiz - 1.1 (RQ-1.1) Pre-Class Reading Quiz - 1.1 (RQ-1.1) 10 5 quiz 26982548 1 Score at least Must score at least to complete this module item Scored at least Module item has been completed by scoring at least Score at least % Must score at least % to complete this module item Scored at least % Module item has been completed by scoring at least % View Must view in order to complete this module item Viewed Module item has been viewed and is complete Mark done Must mark this
mi-mth-252-26982549,26982549,2080857,MTH-252,mod-mth-252-005-module-1-intro-to-riemann-sums-upper-lower-left-right-and-midpoint-riemann-sums,5,31,Module 1 — Written Homework (WHW 1) 🕓 2 hours,Assignment,assignment,10586053,obj-mth-252-assignment-10586053,00051-mth-252-module-item-module-1-written-homework-whw-1-2-hours,https://canvas.oregonstate.edu/courses/2080857/modules/items/26982549,,0,,context_module_item student-view cannot-duplicate show_assignment_menu assignment also_assignment indent_0 _requirement Assignment_10586053,captured,00002-mth-252-modules-course-modules-integral-calculus-mth-252z-400-u2026,https://canvas.oregonstate.edu/courses/2080857/modules,Assignment Module 1 — Written Homework (WHW 1) 🕓 2 hours Module 1 — Written Homework (WHW 1) 🕓 2 hours 20 6 assignment 26982549 1 Score at least Must score at least to complete this module item Scored at least Module item has been completed by scoring at least Score at least % Must score at least % to complete this module item Scored at least % Module item has been completed by scoring at least % View Must view in order to complete this module item Viewed Module item has been viewed and is com
mi-mth-252-26982550,26982550,2080857,MTH-252,mod-mth-252-005-module-1-intro-to-riemann-sums-upper-lower-left-right-and-midpoint-riemann-sums,5,32,Intro Reflect 1,Assignment,assignment,10586044,obj-mth-252-assignment-10586044,00052-mth-252-module-item-intro-reflect-1,https://canvas.oregonstate.edu/courses/2080857/modules/items/26982550,,0,,context_module_item student-view cannot-duplicate show_assignment_menu assignment also_assignment indent_0 _requirement Assignment_10586044,captured,00002-mth-252-modules-course-modules-integral-calculus-mth-252z-400-u2026,https://canvas.oregonstate.edu/courses/2080857/modules,Assignment Intro Reflect 1 Intro Reflect 1 100 7 assignment 26982550 1 Score at least Must score at least to complete this module item Scored at least Module item has been completed by scoring at least Score at least % Must score at least % to complete this module item Scored at least % Module item has been completed by scoring at least % View Must view in order to complete this module item Viewed Module item has been viewed and is complete Mark done Must mark this module item done in order to c
mi-mth-252-26982551,26982551,2080857,MTH-252,mod-mth-252-005-module-1-intro-to-riemann-sums-upper-lower-left-right-and-midpoint-riemann-sums,5,33,Achieve - 1.1 Approximating Areas,Assignment,assignment,10586025,obj-mth-252-assignment-10586025,00053-mth-252-module-item-achieve-1-1-approximating-areas,https://canvas.oregonstate.edu/courses/2080857/modules/items/26982551,,0,,context_module_item student-view cannot-duplicate show_assignment_menu assignment also_assignment indent_0 _requirement Assignment_10586025,captured,00002-mth-252-modules-course-modules-integral-calculus-mth-252z-400-u2026,https://canvas.oregonstate.edu/courses/2080857/modules,Assignment Achieve - 1.1 Approximating Areas Achieve - 1.1 Approximating Areas 100 8 assignment 26982551 1 Score at least Must score at least to complete this module item Scored at least Module item has been completed by scoring at least Score at least % Must score at least % to complete this module item Scored at least % Module item has been completed by scoring at least % View Must view in order to complete this module item Viewed Module item has been viewed and is complete Mark done Must mark
mi-mth-252-26982552,26982552,2080857,MTH-252,mod-mth-252-005-module-1-intro-to-riemann-sums-upper-lower-left-right-and-midpoint-riemann-sums,5,34,Module 1 — Discussion Reflection: WHW 1 🕓 0.25 hour,Discussion Topic,discussion,11593475,obj-mth-252-discussion-11593475,00054-mth-252-module-item-topic-module-1-discussion-reflection-whw-1-0-25-hour,https://canvas.oregonstate.edu/courses/2080857/modules/items/26982552,,0,,context_module_item student-view discussion_topic also_assignment indent_0 _requirement DiscussionTopic_11593475 dupeable,captured,00002-mth-252-modules-course-modules-integral-calculus-mth-252z-400-u2026,https://canvas.oregonstate.edu/courses/2080857/modules,Discussion Topic Module 1 — Discussion Reflection: WHW 1 🕓 0.25 hour Module 1 — Discussion Reflection: WHW 1 🕓 0.25 hour 15 9 discussion_topic 26982552 1 Score at least Must score at least to complete this module item Scored at least Module item has been completed by scoring at least Score at least % Must score at least % to complete this module item Scored at least % Module item has been completed by scoring at least % View Must view in order to complete this module item Viewed Module item ha
mi-mth-252-26982553,26982553,2080857,MTH-252,mod-mth-252-006-module-2-intro-to-definite-integral-and-properties,6,35,Module 2 — Overview,Page,page,module-2-overview,obj-mth-252-page-module-2-overview,00055-mth-252-module-item-module-2-overview-integral-calculus-mth-252z-400-u2026,https://canvas.oregonstate.edu/courses/2080857/modules/items/26982553,,0,,context_module_item student-view wiki_page indent_0 _requirement WikiPage_10724877 dupeable,captured,00002-mth-252-modules-course-modules-integral-calculus-mth-252z-400-u2026,https://canvas.oregonstate.edu/courses/2080857/modules,Page Module 2 — Overview Module 2 — Overview 1 wiki_page 26982553 0 Score at least Must score at least to complete this module item Scored at least Module item has been completed by scoring at least Score at least % Must score at least % to complete this module item Scored at least % Module item has been completed by scoring at least % View Must view in order to complete this module item Viewed Module item has been viewed and is complete Mark done Must mark this module item done in order to comp
mi-mth-252-26982554,26982554,2080857,MTH-252,mod-mth-252-006-module-2-intro-to-definite-integral-and-properties,6,36,Module 2 — Learning Materials and Practice Activities 🕓 3 - 5 hours,Page,page,module-2-learning-materials-and-practice-activities-3-5-hours-2,obj-mth-252-page-module-2-learning-materials-and-practice-activities-3-5-hours-2,00056-mth-252-module-item-module-2-learning-materials-and-practice-activities-3-5-hours-integral-calculus-mth-252z-400-u20,https://canvas.oregonstate.edu/courses/2080857/modules/items/26982554,,0,,context_module_item student-view wiki_page indent_0 _requirement WikiPage_10724876 dupeable,captured,00002-mth-252-modules-course-modules-integral-calculus-mth-252z-400-u2026,https://canvas.oregonstate.edu/courses/2080857/modules,Page Module 2 — Learning Materials and Practice Activities 🕓 3 - 5 hours Module 2 — Learning Materials and Practice Activities 🕓 3 - 5 hours 2 wiki_page 26982554 0 Score at least Must score at least to complete this module item Scored at least Module item has been completed by scoring at least Score at least % Must score at least % to complete this module item Scored at least % Module item has been completed by scoring at least % View Must view in order to complete this module item Viewed Modu
mi-mth-252-26982555,26982555,2080857,MTH-252,mod-mth-252-006-module-2-intro-to-definite-integral-and-properties,6,37,"Dr. G's Lecture Notes--> Weeks 1, 2",Attachment,file,119223553,obj-mth-252-file-119223553,00057-mth-252-module-item-252-lecture-1-1-to-me1-pdf-integral-calculus-mth-252z-400-u2026,https://canvas.oregonstate.edu/courses/2080857/modules/items/26982555,,2,,context_module_item student-view attachment indent_2 _requirement Attachment_119223553,captured,00002-mth-252-modules-course-modules-integral-calculus-mth-252z-400-u2026,https://canvas.oregonstate.edu/courses/2080857/modules,"Attachment Dr. G's Lecture Notes--> Weeks 1, 2 Dr. G's Lecture Notes--> Weeks 1, 2 3 attachment 26982555 0 Score at least Must score at least to complete this module item Scored at least Module item has been completed by scoring at least Score at least % Must score at least % to complete this module item Scored at least % Module item has been completed by scoring at least % View Must view in order to complete this module item Viewed Module item has been viewed and is complete Mark done Must mark"
mi-mth-252-26982556,26982556,2080857,MTH-252,mod-mth-252-006-module-2-intro-to-definite-integral-and-properties,6,38,Dr. G's Videos --> 1.2,Page,page,dr-gs-videos-%3E-1-dot-2,obj-mth-252-page-dr-gs-videos-3e-1-dot-2,00058-mth-252-module-item-dr-g-s-videos-1-2-integral-calculus-mth-252z-400-u2026,https://canvas.oregonstate.edu/courses/2080857/modules/items/26982556,,2,,context_module_item student-view wiki_page indent_2 _requirement WikiPage_10724856 dupeable,captured,00002-mth-252-modules-course-modules-integral-calculus-mth-252z-400-u2026,https://canvas.oregonstate.edu/courses/2080857/modules,Page Dr. G's Videos --> 1.2 Dr. G's Videos --> 1.2 4 wiki_page 26982556 0 Score at least Must score at least to complete this module item Scored at least Module item has been completed by scoring at least Score at least % Must score at least % to complete this module item Scored at least % Module item has been completed by scoring at least % View Must view in order to complete this module item Viewed Module item has been viewed and is complete Mark done Must mark this module item done in order t
mi-mth-252-26982557,26982557,2080857,MTH-252,mod-mth-252-006-module-2-intro-to-definite-integral-and-properties,6,39,Pre-Class Reading Quiz - 1.2 (RQ-1.2),Quiz,quiz,3167658,obj-mth-252-quiz-3167658,00059-mth-252-module-item-pre-class-reading-quiz-1-2-rq-1-2-integral-calculus-mth-252z-400-u2026,https://canvas.oregonstate.edu/courses/2080857/modules/items/26982557,,0,,context_module_item student-view lti-quiz also_assignment indent_0 _requirement Quiz_3167658,captured,00002-mth-252-modules-course-modules-integral-calculus-mth-252z-400-u2026,https://canvas.oregonstate.edu/courses/2080857/modules,Quiz Pre-Class Reading Quiz - 1.2 (RQ-1.2) Pre-Class Reading Quiz - 1.2 (RQ-1.2) 10 5 quiz 26982557 1 Score at least Must score at least to complete this module item Scored at least Module item has been completed by scoring at least Score at least % Must score at least % to complete this module item Scored at least % Module item has been completed by scoring at least % View Must view in order to complete this module item Viewed Module item has been viewed and is complete Mark done Must mark this
mi-mth-252-26982558,26982558,2080857,MTH-252,mod-mth-252-006-module-2-intro-to-definite-integral-and-properties,6,40,Module 2 — Written Homework (WHW 2) 🕓 3 hours,Assignment,assignment,10586055,obj-mth-252-assignment-10586055,00060-mth-252-module-item-module-2-written-homework-whw-2-3-hours,https://canvas.oregonstate.edu/courses/2080857/modules/items/26982558,,0,,context_module_item student-view cannot-duplicate show_assignment_menu assignment also_assignment indent_0 _requirement Assignment_10586055,captured,00002-mth-252-modules-course-modules-integral-calculus-mth-252z-400-u2026,https://canvas.oregonstate.edu/courses/2080857/modules,Assignment Module 2 — Written Homework (WHW 2) 🕓 3 hours Module 2 — Written Homework (WHW 2) 🕓 3 hours 20 6 assignment 26982558 1 Score at least Must score at least to complete this module item Scored at least Module item has been completed by scoring at least Score at least % Must score at least % to complete this module item Scored at least % Module item has been completed by scoring at least % View Must view in order to complete this module item Viewed Module item has been viewed and is com
mi-mth-252-26982559,26982559,2080857,MTH-252,mod-mth-252-006-module-2-intro-to-definite-integral-and-properties,6,41,Reflection 2,Assignment,assignment,10586063,obj-mth-252-assignment-10586063,00061-mth-252-module-item-reflection-2,https://canvas.oregonstate.edu/courses/2080857/modules/items/26982559,,0,,context_module_item student-view cannot-duplicate show_assignment_menu assignment also_assignment indent_0 _requirement Assignment_10586063,captured,00002-mth-252-modules-course-modules-integral-calculus-mth-252z-400-u2026,https://canvas.oregonstate.edu/courses/2080857/modules,Assignment Reflection 2 Reflection 2 100 7 assignment 26982559 1 Score at least Must score at least to complete this module item Scored at least Module item has been completed by scoring at least Score at least % Must score at least % to complete this module item Scored at least % Module item has been completed by scoring at least % View Must view in order to complete this module item Viewed Module item has been viewed and is complete Mark done Must mark this module item done in order to complet
mi-mth-252-26982560,26982560,2080857,MTH-252,mod-mth-252-006-module-2-intro-to-definite-integral-and-properties,6,42,Achieve - 1.2 The Definite Integral,Assignment,assignment,10586026,obj-mth-252-assignment-10586026,00062-mth-252-module-item-achieve-1-2-the-definite-integral,https://canvas.oregonstate.edu/courses/2080857/modules/items/26982560,,0,,context_module_item student-view cannot-duplicate show_assignment_menu assignment also_assignment indent_0 _requirement Assignment_10586026,captured,00002-mth-252-modules-course-modules-integral-calculus-mth-252z-400-u2026,https://canvas.oregonstate.edu/courses/2080857/modules,Assignment Achieve - 1.2 The Definite Integral Achieve - 1.2 The Definite Integral 100 8 assignment 26982560 1 Score at least Must score at least to complete this module item Scored at least Module item has been completed by scoring at least Score at least % Must score at least % to complete this module item Scored at least % Module item has been completed by scoring at least % View Must view in order to complete this module item Viewed Module item has been viewed and is complete Mark done Must 
mi-mth-252-26982561,26982561,2080857,MTH-252,mod-mth-252-006-module-2-intro-to-definite-integral-and-properties,6,43,Module 2 — Discussion Reflection 🕓 0.5 hour,Discussion Topic,discussion,11593474,obj-mth-252-discussion-11593474,00063-mth-252-module-item-topic-module-2-discussion-reflection-0-5-hour,https://canvas.oregonstate.edu/courses/2080857/modules/items/26982561,,0,,context_module_item student-view discussion_topic also_assignment indent_0 _requirement DiscussionTopic_11593474 dupeable,captured,00002-mth-252-modules-course-modules-integral-calculus-mth-252z-400-u2026,https://canvas.oregonstate.edu/courses/2080857/modules,Discussion Topic Module 2 — Discussion Reflection 🕓 0.5 hour Module 2 — Discussion Reflection 🕓 0.5 hour 15 9 discussion_topic 26982561 1 Score at least Must score at least to complete this module item Scored at least Module item has been completed by scoring at least Score at least % Must score at least % to complete this module item Scored at least % Module item has been completed by scoring at least % View Must view in order to complete this module item Viewed Module item has been viewed an
mi-mth-252-26982562,26982562,2080857,MTH-252,mod-mth-252-007-mini-exam-1-available-tuesday-thursday-of-week-3,7,44,Mini-Exam 1 - Tues - Thur --> No Calculators,Assignment,assignment,10586045,obj-mth-252-assignment-10586045,00064-mth-252-module-item-mini-exam-1-tues-thur-no-calculators,https://canvas.oregonstate.edu/courses/2080857/modules/items/26982562,,0,,context_module_item student-view cannot-duplicate show_assignment_menu assignment also_assignment indent_0 _requirement Assignment_10586045,captured,00002-mth-252-modules-course-modules-integral-calculus-mth-252z-400-u2026,https://canvas.oregonstate.edu/courses/2080857/modules,Assignment Mini-Exam 1 - Tues - Thur --> No Calculators Mini-Exam 1 - Tues - Thur --> No Calculators 50 1 assignment 26982562 1 Score at least Must score at least to complete this module item Scored at least Module item has been completed by scoring at least Score at least % Must score at least % to complete this module item Scored at least % Module item has been completed by scoring at least % View Must view in order to complete this module item Viewed Module item has been viewed and is complet
mi-mth-252-26982563,26982563,2080857,MTH-252,mod-mth-252-008-module-3-the-fundamental-theorems-of-calculus,8,45,Module 3 — Overview,Page,page,module-3-overview,obj-mth-252-page-module-3-overview,00065-mth-252-module-item-module-3-overview-integral-calculus-mth-252z-400-u2026,https://canvas.oregonstate.edu/courses/2080857/modules/items/26982563,,0,,context_module_item student-view wiki_page indent_0 _requirement WikiPage_10724879 dupeable,captured,00002-mth-252-modules-course-modules-integral-calculus-mth-252z-400-u2026,https://canvas.oregonstate.edu/courses/2080857/modules,Page Module 3 — Overview Module 3 — Overview 1 wiki_page 26982563 0 Score at least Must score at least to complete this module item Scored at least Module item has been completed by scoring at least Score at least % Must score at least % to complete this module item Scored at least % Module item has been completed by scoring at least % View Must view in order to complete this module item Viewed Module item has been viewed and is complete Mark done Must mark this module item done in order to comp
mi-mth-252-26982564,26982564,2080857,MTH-252,mod-mth-252-008-module-3-the-fundamental-theorems-of-calculus,8,46,Module 3 — Learning Materials and Practice Activities 🕓 3 - 5 hours,Page,page,module-3-learning-materials-and-practice-activities-3-5-hours-2,obj-mth-252-page-module-3-learning-materials-and-practice-activities-3-5-hours-2,00066-mth-252-module-item-module-3-learning-materials-and-practice-activities-3-5-hours-integral-calculus-mth-252z-400-u20,https://canvas.oregonstate.edu/courses/2080857/modules/items/26982564,,0,,context_module_item student-view wiki_page indent_0 _requirement WikiPage_10724878 dupeable,captured,00002-mth-252-modules-course-modules-integral-calculus-mth-252z-400-u2026,https://canvas.oregonstate.edu/courses/2080857/modules,Page Module 3 — Learning Materials and Practice Activities 🕓 3 - 5 hours Module 3 — Learning Materials and Practice Activities 🕓 3 - 5 hours 2 wiki_page 26982564 0 Score at least Must score at least to complete this module item Scored at least Module item has been completed by scoring at least Score at least % Must score at least % to complete this module item Scored at least % Module item has been completed by scoring at least % View Must view in order to complete this module item Viewed Modu
mi-mth-252-26982565,26982565,2080857,MTH-252,mod-mth-252-008-module-3-the-fundamental-theorems-of-calculus,8,47,"Dr. G's Lecture Notes--> Sects. 1.3, 4.10, 1.4, 1.5, 1.6",Attachment,file,119223594,obj-mth-252-file-119223594,00067-mth-252-module-item-252-lecture-1-3-to-me2-pdf-integral-calculus-mth-252z-400-u2026,https://canvas.oregonstate.edu/courses/2080857/modules/items/26982565,,2,,context_module_item student-view attachment indent_2 _requirement Attachment_119223594,captured,00002-mth-252-modules-course-modules-integral-calculus-mth-252z-400-u2026,https://canvas.oregonstate.edu/courses/2080857/modules,"Attachment Dr. G's Lecture Notes--> Sects. 1.3, 4.10, 1.4, 1.5, 1.6 Dr. G's Lecture Notes--> Sects. 1.3, 4.10, 1.4, 1.5, 1.6 3 attachment 26982565 0 Score at least Must score at least to complete this module item Scored at least Module item has been completed by scoring at least Score at least % Must score at least % to complete this module item Scored at least % Module item has been completed by scoring at least % View Must view in order to complete this module item Viewed Module item has been "
mi-mth-252-26982566,26982566,2080857,MTH-252,mod-mth-252-008-module-3-the-fundamental-theorems-of-calculus,8,48,"Dr G's Videos --> 1.3, 4.10",Page,page,dr-gs-videos-%3E-1-dot-3-4-dot-10,obj-mth-252-page-dr-gs-videos-3e-1-dot-3-4-dot-10,00068-mth-252-module-item-dr-g-s-videos-1-3-4-10-integral-calculus-mth-252z-400-u2026,https://canvas.oregonstate.edu/courses/2080857/modules/items/26982566,,2,,context_module_item student-view wiki_page indent_2 _requirement WikiPage_10724857 dupeable,captured,00002-mth-252-modules-course-modules-integral-calculus-mth-252z-400-u2026,https://canvas.oregonstate.edu/courses/2080857/modules,"Page Dr G's Videos --> 1.3, 4.10 Dr G's Videos --> 1.3, 4.10 4 wiki_page 26982566 0 Score at least Must score at least to complete this module item Scored at least Module item has been completed by scoring at least Score at least % Must score at least % to complete this module item Scored at least % Module item has been completed by scoring at least % View Must view in order to complete this module item Viewed Module item has been viewed and is complete Mark done Must mark this module item done "
mi-mth-252-26982567,26982567,2080857,MTH-252,mod-mth-252-008-module-3-the-fundamental-theorems-of-calculus,8,49,Pre-Class Reading Quiz - 1.3 (RQ-1.3),Quiz,quiz,3167655,obj-mth-252-quiz-3167655,00069-mth-252-module-item-pre-class-reading-quiz-1-3-rq-1-3-integral-calculus-mth-252z-400-u2026,https://canvas.oregonstate.edu/courses/2080857/modules/items/26982567,,0,,context_module_item student-view lti-quiz also_assignment indent_0 _requirement Quiz_3167655,captured,00002-mth-252-modules-course-modules-integral-calculus-mth-252z-400-u2026,https://canvas.oregonstate.edu/courses/2080857/modules,Quiz Pre-Class Reading Quiz - 1.3 (RQ-1.3) Pre-Class Reading Quiz - 1.3 (RQ-1.3) 10 5 quiz 26982567 1 Score at least Must score at least to complete this module item Scored at least Module item has been completed by scoring at least Score at least % Must score at least % to complete this module item Scored at least % Module item has been completed by scoring at least % View Must view in order to complete this module item Viewed Module item has been viewed and is complete Mark done Must mark this
mi-mth-252-26982568,26982568,2080857,MTH-252,mod-mth-252-008-module-3-the-fundamental-theorems-of-calculus,8,50,Module 3 — Written Homework (WHW 3) 🕓 3 hours,Assignment,assignment,10586056,obj-mth-252-assignment-10586056,00070-mth-252-module-item-module-3-written-homework-whw-3-3-hours,https://canvas.oregonstate.edu/courses/2080857/modules/items/26982568,,0,,context_module_item student-view cannot-duplicate show_assignment_menu assignment also_assignment indent_0 _requirement Assignment_10586056,captured,00002-mth-252-modules-course-modules-integral-calculus-mth-252z-400-u2026,https://canvas.oregonstate.edu/courses/2080857/modules,Assignment Module 3 — Written Homework (WHW 3) 🕓 3 hours Module 3 — Written Homework (WHW 3) 🕓 3 hours 20 6 assignment 26982568 1 Score at least Must score at least to complete this module item Scored at least Module item has been completed by scoring at least Score at least % Must score at least % to complete this module item Scored at least % Module item has been completed by scoring at least % View Must view in order to complete this module item Viewed Module item has been viewed and is com
mi-mth-252-26982569,26982569,2080857,MTH-252,mod-mth-252-008-module-3-the-fundamental-theorems-of-calculus,8,51,Achieve - 1.3 The Fundamental Theorem of Calculus,Assignment,assignment,10586027,obj-mth-252-assignment-10586027,00071-mth-252-module-item-achieve-1-3-the-fundamental-theorem-of-calculus,https://canvas.oregonstate.edu/courses/2080857/modules/items/26982569,,0,,context_module_item student-view cannot-duplicate show_assignment_menu assignment also_assignment indent_0 _requirement Assignment_10586027,captured,00002-mth-252-modules-course-modules-integral-calculus-mth-252z-400-u2026,https://canvas.oregonstate.edu/courses/2080857/modules,Assignment Achieve - 1.3 The Fundamental Theorem of Calculus Achieve - 1.3 The Fundamental Theorem of Calculus 100 7 assignment 26982569 1 Score at least Must score at least to complete this module item Scored at least Module item has been completed by scoring at least Score at least % Must score at least % to complete this module item Scored at least % Module item has been completed by scoring at least % View Must view in order to complete this module item Viewed Module item has been viewed and
mi-mth-252-26982570,26982570,2080857,MTH-252,mod-mth-252-008-module-3-the-fundamental-theorems-of-calculus,8,52,Achieve - 4.10 Antiderivatives,Assignment,assignment,10586042,obj-mth-252-assignment-10586042,00072-mth-252-module-item-achieve-4-10-antiderivatives,https://canvas.oregonstate.edu/courses/2080857/modules/items/26982570,,0,,context_module_item student-view cannot-duplicate show_assignment_menu assignment also_assignment indent_0 _requirement Assignment_10586042,captured,00002-mth-252-modules-course-modules-integral-calculus-mth-252z-400-u2026,https://canvas.oregonstate.edu/courses/2080857/modules,Assignment Achieve - 4.10 Antiderivatives Achieve - 4.10 Antiderivatives 100 8 assignment 26982570 1 Score at least Must score at least to complete this module item Scored at least Module item has been completed by scoring at least Score at least % Must score at least % to complete this module item Scored at least % Module item has been completed by scoring at least % View Must view in order to complete this module item Viewed Module item has been viewed and is complete Mark done Must mark this 
mi-mth-252-26982571,26982571,2080857,MTH-252,mod-mth-252-008-module-3-the-fundamental-theorems-of-calculus,8,53,Module 3 — Discussion Reflection: Mini-Exam 1 🕓 0.5 hour,Discussion Topic,discussion,11593473,obj-mth-252-discussion-11593473,00073-mth-252-module-item-topic-module-3-discussion-reflection-mini-exam-1-0-5-hour,https://canvas.oregonstate.edu/courses/2080857/modules/items/26982571,,0,,context_module_item student-view discussion_topic also_assignment indent_0 _requirement DiscussionTopic_11593473 dupeable,captured,00002-mth-252-modules-course-modules-integral-calculus-mth-252z-400-u2026,https://canvas.oregonstate.edu/courses/2080857/modules,Discussion Topic Module 3 — Discussion Reflection: Mini-Exam 1 🕓 0.5 hour Module 3 — Discussion Reflection: Mini-Exam 1 🕓 0.5 hour 15 9 discussion_topic 26982571 1 Score at least Must score at least to complete this module item Scored at least Module item has been completed by scoring at least Score at least % Must score at least % to complete this module item Scored at least % Module item has been completed by scoring at least % View Must view in order to complete this module item Viewed Modu
mi-mth-252-26982572,26982572,2080857,MTH-252,mod-mth-252-009-module-4-introduction-to-applications,9,54,Module 4 — Overview,Page,page,module-4-overview,obj-mth-252-page-module-4-overview,00074-mth-252-module-item-module-4-overview-integral-calculus-mth-252z-400-u2026,https://canvas.oregonstate.edu/courses/2080857/modules/items/26982572,,0,,context_module_item student-view wiki_page indent_0 _requirement WikiPage_10724881 dupeable,captured,00002-mth-252-modules-course-modules-integral-calculus-mth-252z-400-u2026,https://canvas.oregonstate.edu/courses/2080857/modules,Page Module 4 — Overview Module 4 — Overview 1 wiki_page 26982572 0 Score at least Must score at least to complete this module item Scored at least Module item has been completed by scoring at least Score at least % Must score at least % to complete this module item Scored at least % Module item has been completed by scoring at least % View Must view in order to complete this module item Viewed Module item has been viewed and is complete Mark done Must mark this module item done in order to comp
mi-mth-252-26982573,26982573,2080857,MTH-252,mod-mth-252-009-module-4-introduction-to-applications,9,55,Module 4 — Learning Materials and Practice Activities 🕓 3 - 5 hours,Page,page,module-4-learning-materials-and-practice-activities-3-5-hours-2,obj-mth-252-page-module-4-learning-materials-and-practice-activities-3-5-hours-2,00075-mth-252-module-item-module-4-learning-materials-and-practice-activities-3-5-hours-integral-calculus-mth-252z-400-u20,https://canvas.oregonstate.edu/courses/2080857/modules/items/26982573,,0,,context_module_item student-view wiki_page indent_0 _requirement WikiPage_10724880 dupeable,captured,00002-mth-252-modules-course-modules-integral-calculus-mth-252z-400-u2026,https://canvas.oregonstate.edu/courses/2080857/modules,Page Module 4 — Learning Materials and Practice Activities 🕓 3 - 5 hours Module 4 — Learning Materials and Practice Activities 🕓 3 - 5 hours 2 wiki_page 26982573 0 Score at least Must score at least to complete this module item Scored at least Module item has been completed by scoring at least Score at least % Must score at least % to complete this module item Scored at least % Module item has been completed by scoring at least % View Must view in order to complete this module item Viewed Modu
mi-mth-252-26982574,26982574,2080857,MTH-252,mod-mth-252-009-module-4-introduction-to-applications,9,56,"Dr. G's Lecture Notes--> Sects. 1.3, 4.10, 1.4, 1.5, 1.6",Attachment,file,119223594,obj-mth-252-file-119223594,00076-mth-252-module-item-252-lecture-1-3-to-me2-pdf-integral-calculus-mth-252z-400-u2026,https://canvas.oregonstate.edu/courses/2080857/modules/items/26982574,,2,,context_module_item student-view attachment indent_2 _requirement Attachment_119223594,captured,00002-mth-252-modules-course-modules-integral-calculus-mth-252z-400-u2026,https://canvas.oregonstate.edu/courses/2080857/modules,"Attachment Dr. G's Lecture Notes--> Sects. 1.3, 4.10, 1.4, 1.5, 1.6 Dr. G's Lecture Notes--> Sects. 1.3, 4.10, 1.4, 1.5, 1.6 3 attachment 26982574 0 Score at least Must score at least to complete this module item Scored at least Module item has been completed by scoring at least Score at least % Must score at least % to complete this module item Scored at least % Module item has been completed by scoring at least % View Must view in order to complete this module item Viewed Module item has been "
mi-mth-252-26982575,26982575,2080857,MTH-252,mod-mth-252-009-module-4-introduction-to-applications,9,57,"Dr G's Videos --> Sect 1.3, 1.4",Page,page,dr-gs-videos-%3E-sect-1-dot-3-1-dot-4,obj-mth-252-page-dr-gs-videos-3e-sect-1-dot-3-1-dot-4,00077-mth-252-module-item-dr-g-s-videos-sect-1-3-1-4-integral-calculus-mth-252z-400-u2026,https://canvas.oregonstate.edu/courses/2080857/modules/items/26982575,,2,,context_module_item student-view wiki_page indent_2 _requirement WikiPage_10724865 dupeable,captured,00002-mth-252-modules-course-modules-integral-calculus-mth-252z-400-u2026,https://canvas.oregonstate.edu/courses/2080857/modules,"Page Dr G's Videos --> Sect 1.3, 1.4 Dr G's Videos --> Sect 1.3, 1.4 4 wiki_page 26982575 0 Score at least Must score at least to complete this module item Scored at least Module item has been completed by scoring at least Score at least % Must score at least % to complete this module item Scored at least % Module item has been completed by scoring at least % View Must view in order to complete this module item Viewed Module item has been viewed and is complete Mark done Must mark this module it"
mi-mth-252-26982576,26982576,2080857,MTH-252,mod-mth-252-009-module-4-introduction-to-applications,9,58,"Dr G's Videos --> Sect 1.4, 1.5, 1.6",Page,page,dr-gs-videos-%3E-sect-1-dot-4-1-dot-5-1-dot-6,obj-mth-252-page-dr-gs-videos-3e-sect-1-dot-4-1-dot-5-1-dot-6,00078-mth-252-module-item-dr-g-s-videos-sect-1-4-1-5-1-6-integral-calculus-mth-252z-400-u2026,https://canvas.oregonstate.edu/courses/2080857/modules/items/26982576,,2,,context_module_item student-view wiki_page indent_2 _requirement WikiPage_10724866 dupeable,captured,00002-mth-252-modules-course-modules-integral-calculus-mth-252z-400-u2026,https://canvas.oregonstate.edu/courses/2080857/modules,"Page Dr G's Videos --> Sect 1.4, 1.5, 1.6 Dr G's Videos --> Sect 1.4, 1.5, 1.6 5 wiki_page 26982576 0 Score at least Must score at least to complete this module item Scored at least Module item has been completed by scoring at least Score at least % Must score at least % to complete this module item Scored at least % Module item has been completed by scoring at least % View Must view in order to complete this module item Viewed Module item has been viewed and is complete Mark done Must mark this"
mi-mth-252-26982577,26982577,2080857,MTH-252,mod-mth-252-009-module-4-introduction-to-applications,9,59,RQ-1.4,Quiz,quiz,3167664,obj-mth-252-quiz-3167664,00079-mth-252-module-item-rq-1-4-integral-calculus-mth-252z-400-u2026,https://canvas.oregonstate.edu/courses/2080857/modules/items/26982577,,0,,context_module_item student-view lti-quiz also_assignment indent_0 _requirement Quiz_3167664,captured,00002-mth-252-modules-course-modules-integral-calculus-mth-252z-400-u2026,https://canvas.oregonstate.edu/courses/2080857/modules,Quiz RQ-1.4 RQ-1.4 10 6 quiz 26982577 1 Score at least Must score at least to complete this module item Scored at least Module item has been completed by scoring at least Score at least % Must score at least % to complete this module item Scored at least % Module item has been completed by scoring at least % View Must view in order to complete this module item Viewed Module item has been viewed and is complete Mark done Must mark this module item done in order to complete Marked done Module item
mi-mth-252-26982578,26982578,2080857,MTH-252,mod-mth-252-009-module-4-introduction-to-applications,9,60,RQ-1.5,Quiz,quiz,3167662,obj-mth-252-quiz-3167662,00080-mth-252-module-item-rq-1-5-integral-calculus-mth-252z-400-u2026,https://canvas.oregonstate.edu/courses/2080857/modules/items/26982578,,0,,context_module_item student-view lti-quiz also_assignment indent_0 _requirement Quiz_3167662,captured,00002-mth-252-modules-course-modules-integral-calculus-mth-252z-400-u2026,https://canvas.oregonstate.edu/courses/2080857/modules,Quiz RQ-1.5 RQ-1.5 10 7 quiz 26982578 1 Score at least Must score at least to complete this module item Scored at least Module item has been completed by scoring at least Score at least % Must score at least % to complete this module item Scored at least % Module item has been completed by scoring at least % View Must view in order to complete this module item Viewed Module item has been viewed and is complete Mark done Must mark this module item done in order to complete Marked done Module item
mi-mth-252-26982579,26982579,2080857,MTH-252,mod-mth-252-009-module-4-introduction-to-applications,9,61,RQ-1.6,Quiz,quiz,3167654,obj-mth-252-quiz-3167654,00081-mth-252-module-item-rq-1-6-integral-calculus-mth-252z-400-u2026,https://canvas.oregonstate.edu/courses/2080857/modules/items/26982579,,0,,context_module_item student-view lti-quiz also_assignment indent_0 _requirement Quiz_3167654,captured,00002-mth-252-modules-course-modules-integral-calculus-mth-252z-400-u2026,https://canvas.oregonstate.edu/courses/2080857/modules,Quiz RQ-1.6 RQ-1.6 10 8 quiz 26982579 1 Score at least Must score at least to complete this module item Scored at least Module item has been completed by scoring at least Score at least % Must score at least % to complete this module item Scored at least % Module item has been completed by scoring at least % View Must view in order to complete this module item Viewed Module item has been viewed and is complete Mark done Must mark this module item done in order to complete Marked done Module item
mi-mth-252-26982580,26982580,2080857,MTH-252,mod-mth-252-009-module-4-introduction-to-applications,9,62,Module 4 — Written Homework (WHW 4) 🕓 3 hours,Assignment,assignment,10586057,obj-mth-252-assignment-10586057,00082-mth-252-module-item-module-4-written-homework-whw-4-3-hours,https://canvas.oregonstate.edu/courses/2080857/modules/items/26982580,,0,,context_module_item student-view cannot-duplicate show_assignment_menu assignment also_assignment indent_0 _requirement Assignment_10586057,captured,00002-mth-252-modules-course-modules-integral-calculus-mth-252z-400-u2026,https://canvas.oregonstate.edu/courses/2080857/modules,Assignment Module 4 — Written Homework (WHW 4) 🕓 3 hours Module 4 — Written Homework (WHW 4) 🕓 3 hours 20 9 assignment 26982580 1 Score at least Must score at least to complete this module item Scored at least Module item has been completed by scoring at least Score at least % Must score at least % to complete this module item Scored at least % Module item has been completed by scoring at least % View Must view in order to complete this module item Viewed Module item has been viewed and is com
mi-mth-252-26982581,26982581,2080857,MTH-252,mod-mth-252-009-module-4-introduction-to-applications,9,63,Achieve - 1.4 Integration Formulas and the Net Change Theorem,Assignment,assignment,10586028,obj-mth-252-assignment-10586028,00083-mth-252-module-item-achieve-1-4-integration-formulas-and-the-net-change-theorem,https://canvas.oregonstate.edu/courses/2080857/modules/items/26982581,,0,,context_module_item student-view cannot-duplicate show_assignment_menu assignment also_assignment indent_0 _requirement Assignment_10586028,captured,00002-mth-252-modules-course-modules-integral-calculus-mth-252z-400-u2026,https://canvas.oregonstate.edu/courses/2080857/modules,Assignment Achieve - 1.4 Integration Formulas and the Net Change Theorem Achieve - 1.4 Integration Formulas and the Net Change Theorem 100 10 assignment 26982581 1 Score at least Must score at least to complete this module item Scored at least Module item has been completed by scoring at least Score at least % Must score at least % to complete this module item Scored at least % Module item has been completed by scoring at least % View Must view in order to complete this module item Viewed Module
mi-mth-252-26982582,26982582,2080857,MTH-252,mod-mth-252-009-module-4-introduction-to-applications,9,64,Achieve - 1.5 Substitution,Assignment,assignment,10586029,obj-mth-252-assignment-10586029,00084-mth-252-module-item-achieve-1-5-substitution,https://canvas.oregonstate.edu/courses/2080857/modules/items/26982582,,0,,context_module_item student-view cannot-duplicate show_assignment_menu assignment also_assignment indent_0 _requirement Assignment_10586029,captured,00002-mth-252-modules-course-modules-integral-calculus-mth-252z-400-u2026,https://canvas.oregonstate.edu/courses/2080857/modules,Assignment Achieve - 1.5 Substitution Achieve - 1.5 Substitution 100 11 assignment 26982582 1 Score at least Must score at least to complete this module item Scored at least Module item has been completed by scoring at least Score at least % Must score at least % to complete this module item Scored at least % Module item has been completed by scoring at least % View Must view in order to complete this module item Viewed Module item has been viewed and is complete Mark done Must mark this module 
mi-mth-252-26982583,26982583,2080857,MTH-252,mod-mth-252-009-module-4-introduction-to-applications,9,65,Achieve - 1.6 Integrals Involving Exponential and Logarithmic Functions,Assignment,assignment,10586030,obj-mth-252-assignment-10586030,00085-mth-252-module-item-achieve-1-6-integrals-involving-exponential-and-logarithmic-functions,https://canvas.oregonstate.edu/courses/2080857/modules/items/26982583,,0,,context_module_item student-view cannot-duplicate show_assignment_menu assignment also_assignment indent_0 _requirement Assignment_10586030,captured,00002-mth-252-modules-course-modules-integral-calculus-mth-252z-400-u2026,https://canvas.oregonstate.edu/courses/2080857/modules,Assignment Achieve - 1.6 Integrals Involving Exponential and Logarithmic Functions Achieve - 1.6 Integrals Involving Exponential and Logarithmic Functions 100 12 assignment 26982583 1 Score at least Must score at least to complete this module item Scored at least Module item has been completed by scoring at least Score at least % Must score at least % to complete this module item Scored at least % Module item has been completed by scoring at least % View Must view in order to complete this modul
mi-mth-252-26982584,26982584,2080857,MTH-252,mod-mth-252-009-module-4-introduction-to-applications,9,66,Module 4 — Discussion Reflection: WHW 4 🕓 0.5 hour,Discussion Topic,discussion,11593472,obj-mth-252-discussion-11593472,00086-mth-252-module-item-topic-module-4-discussion-reflection-whw-4-0-5-hour,https://canvas.oregonstate.edu/courses/2080857/modules/items/26982584,,0,,context_module_item student-view discussion_topic also_assignment indent_0 _requirement DiscussionTopic_11593472 dupeable,captured,00002-mth-252-modules-course-modules-integral-calculus-mth-252z-400-u2026,https://canvas.oregonstate.edu/courses/2080857/modules,Discussion Topic Module 4 — Discussion Reflection: WHW 4 🕓 0.5 hour Module 4 — Discussion Reflection: WHW 4 🕓 0.5 hour 15 13 discussion_topic 26982584 1 Score at least Must score at least to complete this module item Scored at least Module item has been completed by scoring at least Score at least % Must score at least % to complete this module item Scored at least % Module item has been completed by scoring at least % View Must view in order to complete this module item Viewed Module item has
mi-mth-252-26982585,26982585,2080857,MTH-252,mod-mth-252-010-mini-exam-2-available-tuesday-thursday-of-week-5,10,67,Mini-Exam 2 --> No Calculators on this Exam,Assignment,assignment,10586048,obj-mth-252-assignment-10586048,00087-mth-252-module-item-mini-exam-2-no-calculators-on-this-exam,https://canvas.oregonstate.edu/courses/2080857/modules/items/26982585,,0,,context_module_item student-view cannot-duplicate show_assignment_menu assignment also_assignment indent_0 _requirement Assignment_10586048,captured,00002-mth-252-modules-course-modules-integral-calculus-mth-252z-400-u2026,https://canvas.oregonstate.edu/courses/2080857/modules,Assignment Mini-Exam 2 --> No Calculators on this Exam Mini-Exam 2 --> No Calculators on this Exam 50 1 assignment 26982585 1 Score at least Must score at least to complete this module item Scored at least Module item has been completed by scoring at least Score at least % Must score at least % to complete this module item Scored at least % Module item has been completed by scoring at least % View Must view in order to complete this module item Viewed Module item has been viewed and is complete 
mi-mth-252-26982586,26982586,2080857,MTH-252,mod-mth-252-011-module-5-techniques-to-solve-integrals,11,68,Module 5 — Overview,Page,page,module-5-overview,obj-mth-252-page-module-5-overview,00088-mth-252-module-item-module-5-overview-integral-calculus-mth-252z-400-u2026,https://canvas.oregonstate.edu/courses/2080857/modules/items/26982586,,0,,context_module_item student-view wiki_page indent_0 _requirement WikiPage_10724883 dupeable,captured,00002-mth-252-modules-course-modules-integral-calculus-mth-252z-400-u2026,https://canvas.oregonstate.edu/courses/2080857/modules,Page Module 5 — Overview Module 5 — Overview 1 wiki_page 26982586 0 Score at least Must score at least to complete this module item Scored at least Module item has been completed by scoring at least Score at least % Must score at least % to complete this module item Scored at least % Module item has been completed by scoring at least % View Must view in order to complete this module item Viewed Module item has been viewed and is complete Mark done Must mark this module item done in order to comp
mi-mth-252-26982587,26982587,2080857,MTH-252,mod-mth-252-011-module-5-techniques-to-solve-integrals,11,69,Module 5 — Learning Materials and Practice Activities 🕓 3 - 5 hours,Page,page,module-5-learning-materials-and-practice-activities-3-5-hours-2,obj-mth-252-page-module-5-learning-materials-and-practice-activities-3-5-hours-2,00089-mth-252-module-item-module-5-learning-materials-and-practice-activities-3-5-hours-integral-calculus-mth-252z-400-u20,https://canvas.oregonstate.edu/courses/2080857/modules/items/26982587,,0,,context_module_item student-view wiki_page indent_0 _requirement WikiPage_10724882 dupeable,captured,00002-mth-252-modules-course-modules-integral-calculus-mth-252z-400-u2026,https://canvas.oregonstate.edu/courses/2080857/modules,Page Module 5 — Learning Materials and Practice Activities 🕓 3 - 5 hours Module 5 — Learning Materials and Practice Activities 🕓 3 - 5 hours 2 wiki_page 26982587 0 Score at least Must score at least to complete this module item Scored at least Module item has been completed by scoring at least Score at least % Must score at least % to complete this module item Scored at least % Module item has been completed by scoring at least % View Must view in order to complete this module item Viewed Modu
mi-mth-252-26982588,26982588,2080857,MTH-252,mod-mth-252-011-module-5-techniques-to-solve-integrals,11,70,"Dr. G's Lecture Notes--> Sects. 3.1, 3.2, 3.3, 3.4",Attachment,file,119223561,obj-mth-252-file-119223561,00090-mth-252-module-item-252-lecture-3-1-to-me3-pdf-integral-calculus-mth-252z-400-u2026,https://canvas.oregonstate.edu/courses/2080857/modules/items/26982588,,2,,context_module_item student-view attachment indent_2 _requirement Attachment_119223561,captured,00002-mth-252-modules-course-modules-integral-calculus-mth-252z-400-u2026,https://canvas.oregonstate.edu/courses/2080857/modules,"Attachment Dr. G's Lecture Notes--> Sects. 3.1, 3.2, 3.3, 3.4 Dr. G's Lecture Notes--> Sects. 3.1, 3.2, 3.3, 3.4 3 attachment 26982588 0 Score at least Must score at least to complete this module item Scored at least Module item has been completed by scoring at least Score at least % Must score at least % to complete this module item Scored at least % Module item has been completed by scoring at least % View Must view in order to complete this module item Viewed Module item has been viewed and i"
mi-mth-252-26982589,26982589,2080857,MTH-252,mod-mth-252-011-module-5-techniques-to-solve-integrals,11,71,"Dr G's Videos --> 3.1, 3.2",Page,page,dr-gs-videos-%3E-3-dot-1-3-dot-2,obj-mth-252-page-dr-gs-videos-3e-3-dot-1-3-dot-2,00091-mth-252-module-item-dr-g-s-videos-3-1-3-2-integral-calculus-mth-252z-400-u2026,https://canvas.oregonstate.edu/courses/2080857/modules/items/26982589,,2,,context_module_item student-view wiki_page indent_2 _requirement WikiPage_10724862 dupeable,captured,00002-mth-252-modules-course-modules-integral-calculus-mth-252z-400-u2026,https://canvas.oregonstate.edu/courses/2080857/modules,"Page Dr G's Videos --> 3.1, 3.2 Dr G's Videos --> 3.1, 3.2 4 wiki_page 26982589 0 Score at least Must score at least to complete this module item Scored at least Module item has been completed by scoring at least Score at least % Must score at least % to complete this module item Scored at least % Module item has been completed by scoring at least % View Must view in order to complete this module item Viewed Module item has been viewed and is complete Mark done Must mark this module item done in"
mi-mth-252-26982590,26982590,2080857,MTH-252,mod-mth-252-011-module-5-techniques-to-solve-integrals,11,72,Dr G Lecture Notes - 3.1-3.2.pdf,Attachment,file,119223595,obj-mth-252-file-119223595,00092-mth-252-module-item-lecture-3-1-3-2-pdf-integral-calculus-mth-252z-400-u2026,https://canvas.oregonstate.edu/courses/2080857/modules/items/26982590,,2,,context_module_item student-view attachment indent_2 _requirement Attachment_119223595,captured,00002-mth-252-modules-course-modules-integral-calculus-mth-252z-400-u2026,https://canvas.oregonstate.edu/courses/2080857/modules,Attachment Dr G Lecture Notes - 3.1-3.2.pdf Dr G Lecture Notes - 3.1-3.2.pdf 5 attachment 26982590 0 Score at least Must score at least to complete this module item Scored at least Module item has been completed by scoring at least Score at least % Must score at least % to complete this module item Scored at least % Module item has been completed by scoring at least % View Must view in order to complete this module item Viewed Module item has been viewed and is complete Mark done Must mark this 
mi-mth-252-26982591,26982591,2080857,MTH-252,mod-mth-252-011-module-5-techniques-to-solve-integrals,11,73,RQ-3.1,Quiz,quiz,3167660,obj-mth-252-quiz-3167660,00093-mth-252-module-item-rq-3-1-integral-calculus-mth-252z-400-u2026,https://canvas.oregonstate.edu/courses/2080857/modules/items/26982591,,0,,context_module_item student-view lti-quiz also_assignment indent_0 _requirement Quiz_3167660,captured,00002-mth-252-modules-course-modules-integral-calculus-mth-252z-400-u2026,https://canvas.oregonstate.edu/courses/2080857/modules,Quiz RQ-3.1 RQ-3.1 10 6 quiz 26982591 1 Score at least Must score at least to complete this module item Scored at least Module item has been completed by scoring at least Score at least % Must score at least % to complete this module item Scored at least % Module item has been completed by scoring at least % View Must view in order to complete this module item Viewed Module item has been viewed and is complete Mark done Must mark this module item done in order to complete Marked done Module item
mi-mth-252-26982592,26982592,2080857,MTH-252,mod-mth-252-011-module-5-techniques-to-solve-integrals,11,74,RQ-3.2,Quiz,quiz,3167667,obj-mth-252-quiz-3167667,00094-mth-252-module-item-rq-3-2-integral-calculus-mth-252z-400-u2026,https://canvas.oregonstate.edu/courses/2080857/modules/items/26982592,,0,,context_module_item student-view lti-quiz also_assignment indent_0 _requirement Quiz_3167667,captured,00002-mth-252-modules-course-modules-integral-calculus-mth-252z-400-u2026,https://canvas.oregonstate.edu/courses/2080857/modules,Quiz RQ-3.2 RQ-3.2 10 7 quiz 26982592 1 Score at least Must score at least to complete this module item Scored at least Module item has been completed by scoring at least Score at least % Must score at least % to complete this module item Scored at least % Module item has been completed by scoring at least % View Must view in order to complete this module item Viewed Module item has been viewed and is complete Mark done Must mark this module item done in order to complete Marked done Module item
mi-mth-252-26982593,26982593,2080857,MTH-252,mod-mth-252-011-module-5-techniques-to-solve-integrals,11,75,Module 5 — Discussion Reflection: Mini-Exam 2 🕓 0.5 hour,Discussion Topic,discussion,11593471,obj-mth-252-discussion-11593471,00095-mth-252-module-item-topic-module-5-discussion-reflection-mini-exam-2-0-5-hour,https://canvas.oregonstate.edu/courses/2080857/modules/items/26982593,,0,,context_module_item student-view discussion_topic also_assignment indent_0 _requirement DiscussionTopic_11593471 dupeable,captured,00002-mth-252-modules-course-modules-integral-calculus-mth-252z-400-u2026,https://canvas.oregonstate.edu/courses/2080857/modules,Discussion Topic Module 5 — Discussion Reflection: Mini-Exam 2 🕓 0.5 hour Module 5 — Discussion Reflection: Mini-Exam 2 🕓 0.5 hour 15 8 discussion_topic 26982593 1 Score at least Must score at least to complete this module item Scored at least Module item has been completed by scoring at least Score at least % Must score at least % to complete this module item Scored at least % Module item has been completed by scoring at least % View Must view in order to complete this module item Viewed Modu
mi-mth-252-26982594,26982594,2080857,MTH-252,mod-mth-252-011-module-5-techniques-to-solve-integrals,11,76,Module 5 — Written Homework (WHW 5) 🕓 3 hours,Assignment,assignment,10586058,obj-mth-252-assignment-10586058,00096-mth-252-module-item-module-5-written-homework-whw-5-3-hours,https://canvas.oregonstate.edu/courses/2080857/modules/items/26982594,,0,,context_module_item student-view cannot-duplicate show_assignment_menu assignment also_assignment indent_0 _requirement Assignment_10586058,captured,00002-mth-252-modules-course-modules-integral-calculus-mth-252z-400-u2026,https://canvas.oregonstate.edu/courses/2080857/modules,Assignment Module 5 — Written Homework (WHW 5) 🕓 3 hours Module 5 — Written Homework (WHW 5) 🕓 3 hours 20 9 assignment 26982594 1 Score at least Must score at least to complete this module item Scored at least Module item has been completed by scoring at least Score at least % Must score at least % to complete this module item Scored at least % Module item has been completed by scoring at least % View Must view in order to complete this module item Viewed Module item has been viewed and is com
mi-mth-252-26982595,26982595,2080857,MTH-252,mod-mth-252-011-module-5-techniques-to-solve-integrals,11,77,Achieve - 3.1 Integration by Parts,Assignment,assignment,10586037,obj-mth-252-assignment-10586037,00097-mth-252-module-item-achieve-3-1-integration-by-parts,https://canvas.oregonstate.edu/courses/2080857/modules/items/26982595,,0,,context_module_item student-view cannot-duplicate show_assignment_menu assignment also_assignment indent_0 _requirement Assignment_10586037,captured,00002-mth-252-modules-course-modules-integral-calculus-mth-252z-400-u2026,https://canvas.oregonstate.edu/courses/2080857/modules,Assignment Achieve - 3.1 Integration by Parts Achieve - 3.1 Integration by Parts 100 10 assignment 26982595 1 Score at least Must score at least to complete this module item Scored at least Module item has been completed by scoring at least Score at least % Must score at least % to complete this module item Scored at least % Module item has been completed by scoring at least % View Must view in order to complete this module item Viewed Module item has been viewed and is complete Mark done Must m
mi-mth-252-26982596,26982596,2080857,MTH-252,mod-mth-252-011-module-5-techniques-to-solve-integrals,11,78,Achieve - 3.2 Trigonometric Integrals,Assignment,assignment,10586038,obj-mth-252-assignment-10586038,00098-mth-252-module-item-achieve-3-2-trigonometric-integrals,https://canvas.oregonstate.edu/courses/2080857/modules/items/26982596,,0,,context_module_item student-view cannot-duplicate show_assignment_menu assignment also_assignment indent_0 _requirement Assignment_10586038,captured,00002-mth-252-modules-course-modules-integral-calculus-mth-252z-400-u2026,https://canvas.oregonstate.edu/courses/2080857/modules,Assignment Achieve - 3.2 Trigonometric Integrals Achieve - 3.2 Trigonometric Integrals 100 11 assignment 26982596 1 Score at least Must score at least to complete this module item Scored at least Module item has been completed by scoring at least Score at least % Must score at least % to complete this module item Scored at least % Module item has been completed by scoring at least % View Must view in order to complete this module item Viewed Module item has been viewed and is complete Mark done 
mi-mth-252-26982597,26982597,2080857,MTH-252,mod-mth-252-012-module-6-techniques-continued,12,79,Module 6 — Overview,Page,page,module-6-overview,obj-mth-252-page-module-6-overview,00099-mth-252-module-item-module-6-overview-integral-calculus-mth-252z-400-u2026,https://canvas.oregonstate.edu/courses/2080857/modules/items/26982597,,0,,context_module_item student-view wiki_page indent_0 _requirement WikiPage_10724885 dupeable,captured,00002-mth-252-modules-course-modules-integral-calculus-mth-252z-400-u2026,https://canvas.oregonstate.edu/courses/2080857/modules,Page Module 6 — Overview Module 6 — Overview 1 wiki_page 26982597 0 Score at least Must score at least to complete this module item Scored at least Module item has been completed by scoring at least Score at least % Must score at least % to complete this module item Scored at least % Module item has been completed by scoring at least % View Must view in order to complete this module item Viewed Module item has been viewed and is complete Mark done Must mark this module item done in order to comp
mi-mth-252-26982598,26982598,2080857,MTH-252,mod-mth-252-012-module-6-techniques-continued,12,80,Module 6 — Learning Materials and Practice Activities 🕓 3 - 5 hours,Page,page,module-6-learning-materials-and-practice-activities-3-5-hours-2,obj-mth-252-page-module-6-learning-materials-and-practice-activities-3-5-hours-2,00100-mth-252-module-item-module-6-learning-materials-and-practice-activities-3-5-hours-integral-calculus-mth-252z-400-u20,https://canvas.oregonstate.edu/courses/2080857/modules/items/26982598,,0,,context_module_item student-view wiki_page indent_0 _requirement WikiPage_10724884 dupeable,captured,00002-mth-252-modules-course-modules-integral-calculus-mth-252z-400-u2026,https://canvas.oregonstate.edu/courses/2080857/modules,Page Module 6 — Learning Materials and Practice Activities 🕓 3 - 5 hours Module 6 — Learning Materials and Practice Activities 🕓 3 - 5 hours 2 wiki_page 26982598 0 Score at least Must score at least to complete this module item Scored at least Module item has been completed by scoring at least Score at least % Must score at least % to complete this module item Scored at least % Module item has been completed by scoring at least % View Must view in order to complete this module item Viewed Modu
mi-mth-252-26982599,26982599,2080857,MTH-252,mod-mth-252-012-module-6-techniques-continued,12,81,"Dr. G's Lecture Notes--> Sects. 3.1, 3.2, 3.3, 3.4",Attachment,file,119223561,obj-mth-252-file-119223561,00101-mth-252-module-item-252-lecture-3-1-to-me3-pdf-integral-calculus-mth-252z-400-u2026,https://canvas.oregonstate.edu/courses/2080857/modules/items/26982599,,2,,context_module_item student-view attachment indent_2 _requirement Attachment_119223561,captured,00002-mth-252-modules-course-modules-integral-calculus-mth-252z-400-u2026,https://canvas.oregonstate.edu/courses/2080857/modules,"Attachment Dr. G's Lecture Notes--> Sects. 3.1, 3.2, 3.3, 3.4 Dr. G's Lecture Notes--> Sects. 3.1, 3.2, 3.3, 3.4 3 attachment 26982599 0 Score at least Must score at least to complete this module item Scored at least Module item has been completed by scoring at least Score at least % Must score at least % to complete this module item Scored at least % Module item has been completed by scoring at least % View Must view in order to complete this module item Viewed Module item has been viewed and i"
mi-mth-252-26982600,26982600,2080857,MTH-252,mod-mth-252-012-module-6-techniques-continued,12,82,Dr. G Videos --> 3.3,Page,page,dr-g-videos-%3E-3-dot-3,obj-mth-252-page-dr-g-videos-3e-3-dot-3,00102-mth-252-module-item-dr-g-videos-3-3-integral-calculus-mth-252z-400-u2026,https://canvas.oregonstate.edu/courses/2080857/modules/items/26982600,,2,,context_module_item student-view wiki_page indent_2 _requirement WikiPage_10724854 dupeable,captured,00002-mth-252-modules-course-modules-integral-calculus-mth-252z-400-u2026,https://canvas.oregonstate.edu/courses/2080857/modules,Page Dr. G Videos --> 3.3 Dr. G Videos --> 3.3 4 wiki_page 26982600 0 Score at least Must score at least to complete this module item Scored at least Module item has been completed by scoring at least Score at least % Must score at least % to complete this module item Scored at least % Module item has been completed by scoring at least % View Must view in order to complete this module item Viewed Module item has been viewed and is complete Mark done Must mark this module item done in order to co
mi-mth-252-26982601,26982601,2080857,MTH-252,mod-mth-252-012-module-6-techniques-continued,12,83,"Dr G's Videos --> 3.3 continued, 3.4",Page,page,dr-gs-videos-%3E-3-dot-3-continued-3-dot-4,obj-mth-252-page-dr-gs-videos-3e-3-dot-3-continued-3-dot-4,00103-mth-252-module-item-dr-g-s-videos-3-3-continued-3-4-integral-calculus-mth-252z-400-u2026,https://canvas.oregonstate.edu/courses/2080857/modules/items/26982601,,2,,context_module_item student-view wiki_page indent_2 _requirement WikiPage_10724863 dupeable,captured,00002-mth-252-modules-course-modules-integral-calculus-mth-252z-400-u2026,https://canvas.oregonstate.edu/courses/2080857/modules,"Page Dr G's Videos --> 3.3 continued, 3.4 Dr G's Videos --> 3.3 continued, 3.4 5 wiki_page 26982601 0 Score at least Must score at least to complete this module item Scored at least Module item has been completed by scoring at least Score at least % Must score at least % to complete this module item Scored at least % Module item has been completed by scoring at least % View Must view in order to complete this module item Viewed Module item has been viewed and is complete Mark done Must mark this"
mi-mth-252-26982602,26982602,2080857,MTH-252,mod-mth-252-012-module-6-techniques-continued,12,84,RQ-3.3,Quiz,quiz,3167656,obj-mth-252-quiz-3167656,00104-mth-252-module-item-rq-3-3-integral-calculus-mth-252z-400-u2026,https://canvas.oregonstate.edu/courses/2080857/modules/items/26982602,,0,,context_module_item student-view lti-quiz also_assignment indent_0 _requirement Quiz_3167656,captured,00002-mth-252-modules-course-modules-integral-calculus-mth-252z-400-u2026,https://canvas.oregonstate.edu/courses/2080857/modules,Quiz RQ-3.3 RQ-3.3 10 6 quiz 26982602 1 Score at least Must score at least to complete this module item Scored at least Module item has been completed by scoring at least Score at least % Must score at least % to complete this module item Scored at least % Module item has been completed by scoring at least % View Must view in order to complete this module item Viewed Module item has been viewed and is complete Mark done Must mark this module item done in order to complete Marked done Module item
mi-mth-252-26982603,26982603,2080857,MTH-252,mod-mth-252-012-module-6-techniques-continued,12,85,Module 6 — Written Homework (WHW 6) 🕓 3 hours,Assignment,assignment,10586059,obj-mth-252-assignment-10586059,00105-mth-252-module-item-module-6-written-homework-whw-6-3-hours,https://canvas.oregonstate.edu/courses/2080857/modules/items/26982603,,0,,context_module_item student-view cannot-duplicate show_assignment_menu assignment also_assignment indent_0 _requirement Assignment_10586059,captured,00002-mth-252-modules-course-modules-integral-calculus-mth-252z-400-u2026,https://canvas.oregonstate.edu/courses/2080857/modules,Assignment Module 6 — Written Homework (WHW 6) 🕓 3 hours Module 6 — Written Homework (WHW 6) 🕓 3 hours 20 7 assignment 26982603 1 Score at least Must score at least to complete this module item Scored at least Module item has been completed by scoring at least Score at least % Must score at least % to complete this module item Scored at least % Module item has been completed by scoring at least % View Must view in order to complete this module item Viewed Module item has been viewed and is com
mi-mth-252-26982604,26982604,2080857,MTH-252,mod-mth-252-012-module-6-techniques-continued,12,86,Module 6 — Discussion Reflection: WHW 6 🕓 0.5 hour,Discussion Topic,discussion,11593470,obj-mth-252-discussion-11593470,00106-mth-252-module-item-topic-module-6-discussion-reflection-whw-6-0-5-hour,https://canvas.oregonstate.edu/courses/2080857/modules/items/26982604,,0,,context_module_item student-view discussion_topic also_assignment indent_0 _requirement DiscussionTopic_11593470 dupeable,captured,00002-mth-252-modules-course-modules-integral-calculus-mth-252z-400-u2026,https://canvas.oregonstate.edu/courses/2080857/modules,Discussion Topic Module 6 — Discussion Reflection: WHW 6 🕓 0.5 hour Module 6 — Discussion Reflection: WHW 6 🕓 0.5 hour 15 8 discussion_topic 26982604 1 Score at least Must score at least to complete this module item Scored at least Module item has been completed by scoring at least Score at least % Must score at least % to complete this module item Scored at least % Module item has been completed by scoring at least % View Must view in order to complete this module item Viewed Module item has 
mi-mth-252-26982605,26982605,2080857,MTH-252,mod-mth-252-012-module-6-techniques-continued,12,87,Achieve - 3.3 Trigonometric Substitution,Assignment,assignment,10586039,obj-mth-252-assignment-10586039,00107-mth-252-module-item-achieve-3-3-trigonometric-substitution,https://canvas.oregonstate.edu/courses/2080857/modules/items/26982605,,0,,context_module_item student-view cannot-duplicate show_assignment_menu assignment also_assignment indent_0 _requirement Assignment_10586039,captured,00002-mth-252-modules-course-modules-integral-calculus-mth-252z-400-u2026,https://canvas.oregonstate.edu/courses/2080857/modules,Assignment Achieve - 3.3 Trigonometric Substitution Achieve - 3.3 Trigonometric Substitution 100 9 assignment 26982605 1 Score at least Must score at least to complete this module item Scored at least Module item has been completed by scoring at least Score at least % Must score at least % to complete this module item Scored at least % Module item has been completed by scoring at least % View Must view in order to complete this module item Viewed Module item has been viewed and is complete Mark 
mi-mth-252-26982606,26982606,2080857,MTH-252,mod-mth-252-012-module-6-techniques-continued,12,88,Achieve - 3.4 Partial Fractions,Assignment,assignment,10586040,obj-mth-252-assignment-10586040,00108-mth-252-module-item-achieve-3-4-partial-fractions,https://canvas.oregonstate.edu/courses/2080857/modules/items/26982606,,0,,context_module_item student-view cannot-duplicate show_assignment_menu assignment also_assignment indent_0 _requirement Assignment_10586040,captured,00002-mth-252-modules-course-modules-integral-calculus-mth-252z-400-u2026,https://canvas.oregonstate.edu/courses/2080857/modules,Assignment Achieve - 3.4 Partial Fractions Achieve - 3.4 Partial Fractions 100 10 assignment 26982606 1 Score at least Must score at least to complete this module item Scored at least Module item has been completed by scoring at least Score at least % Must score at least % to complete this module item Scored at least % Module item has been completed by scoring at least % View Must view in order to complete this module item Viewed Module item has been viewed and is complete Mark done Must mark th
mi-mth-252-26982607,26982607,2080857,MTH-252,mod-mth-252-013-mini-exam-3-available-tuesday-thursday-of-week-7,13,89,Mini-Exam 3 --> Tuesday to Thursday,Assignment,assignment,10586050,obj-mth-252-assignment-10586050,00109-mth-252-module-item-mini-exam-3-tuesday-to-thursday,https://canvas.oregonstate.edu/courses/2080857/modules/items/26982607,,0,,context_module_item student-view cannot-duplicate show_assignment_menu assignment also_assignment indent_0 _requirement Assignment_10586050,captured,00002-mth-252-modules-course-modules-integral-calculus-mth-252z-400-u2026,https://canvas.oregonstate.edu/courses/2080857/modules,Assignment Mini-Exam 3 --> Tuesday to Thursday Mini-Exam 3 --> Tuesday to Thursday 50 1 assignment 26982607 1 Score at least Must score at least to complete this module item Scored at least Module item has been completed by scoring at least Score at least % Must score at least % to complete this module item Scored at least % Module item has been completed by scoring at least % View Must view in order to complete this module item Viewed Module item has been viewed and is complete Mark done Must m
mi-mth-252-26982608,26982608,2080857,MTH-252,mod-mth-252-014-module-7-applications-of-integration-graphical,14,90,Module 7 — Overview,Page,page,module-7-overview,obj-mth-252-page-module-7-overview,00110-mth-252-module-item-module-7-overview-integral-calculus-mth-252z-400-u2026,https://canvas.oregonstate.edu/courses/2080857/modules/items/26982608,,0,,context_module_item student-view wiki_page indent_0 _requirement WikiPage_10724887 dupeable,captured,00002-mth-252-modules-course-modules-integral-calculus-mth-252z-400-u2026,https://canvas.oregonstate.edu/courses/2080857/modules,Page Module 7 — Overview Module 7 — Overview 1 wiki_page 26982608 0 Score at least Must score at least to complete this module item Scored at least Module item has been completed by scoring at least Score at least % Must score at least % to complete this module item Scored at least % Module item has been completed by scoring at least % View Must view in order to complete this module item Viewed Module item has been viewed and is complete Mark done Must mark this module item done in order to comp
mi-mth-252-26982609,26982609,2080857,MTH-252,mod-mth-252-014-module-7-applications-of-integration-graphical,14,91,Module 7 — Learning Materials and Practice Activities 🕓 3 - 5 hours,Page,page,module-7-learning-materials-and-practice-activities-3-5-hours-2,obj-mth-252-page-module-7-learning-materials-and-practice-activities-3-5-hours-2,00111-mth-252-module-item-module-7-learning-materials-and-practice-activities-3-5-hours-integral-calculus-mth-252z-400-u20,https://canvas.oregonstate.edu/courses/2080857/modules/items/26982609,,0,,context_module_item student-view wiki_page indent_0 _requirement WikiPage_10724886 dupeable,captured,00002-mth-252-modules-course-modules-integral-calculus-mth-252z-400-u2026,https://canvas.oregonstate.edu/courses/2080857/modules,Page Module 7 — Learning Materials and Practice Activities 🕓 3 - 5 hours Module 7 — Learning Materials and Practice Activities 🕓 3 - 5 hours 2 wiki_page 26982609 0 Score at least Must score at least to complete this module item Scored at least Module item has been completed by scoring at least Score at least % Must score at least % to complete this module item Scored at least % Module item has been completed by scoring at least % View Must view in order to complete this module item Viewed Modu
mi-mth-252-26982610,26982610,2080857,MTH-252,mod-mth-252-014-module-7-applications-of-integration-graphical,14,92,"Dr. G's Lecture Notes--> Sects. 2.1, 2.2, 2.3, 2.4",Attachment,file,119223597,obj-mth-252-file-119223597,00112-mth-252-module-item-252-lecture-2-1-to-me4-pdf-integral-calculus-mth-252z-400-u2026,https://canvas.oregonstate.edu/courses/2080857/modules/items/26982610,,2,,context_module_item student-view attachment indent_2 _requirement Attachment_119223597,captured,00002-mth-252-modules-course-modules-integral-calculus-mth-252z-400-u2026,https://canvas.oregonstate.edu/courses/2080857/modules,"Attachment Dr. G's Lecture Notes--> Sects. 2.1, 2.2, 2.3, 2.4 Dr. G's Lecture Notes--> Sects. 2.1, 2.2, 2.3, 2.4 3 attachment 26982610 0 Score at least Must score at least to complete this module item Scored at least Module item has been completed by scoring at least Score at least % Must score at least % to complete this module item Scored at least % Module item has been completed by scoring at least % View Must view in order to complete this module item Viewed Module item has been viewed and i"
mi-mth-252-26982611,26982611,2080857,MTH-252,mod-mth-252-014-module-7-applications-of-integration-graphical,14,93,"Dr Gs Videos --> 2.1, 2.2",Page,page,dr-gs-videos-%3E-2-dot-1-2-dot-2,obj-mth-252-page-dr-gs-videos-3e-2-dot-1-2-dot-2,00113-mth-252-module-item-dr-gs-videos-2-1-2-2-integral-calculus-mth-252z-400-u2026,https://canvas.oregonstate.edu/courses/2080857/modules/items/26982611,,2,,context_module_item student-view wiki_page indent_2 _requirement WikiPage_10724858 dupeable,captured,00002-mth-252-modules-course-modules-integral-calculus-mth-252z-400-u2026,https://canvas.oregonstate.edu/courses/2080857/modules,"Page Dr Gs Videos --> 2.1, 2.2 Dr Gs Videos --> 2.1, 2.2 4 wiki_page 26982611 0 Score at least Must score at least to complete this module item Scored at least Module item has been completed by scoring at least Score at least % Must score at least % to complete this module item Scored at least % Module item has been completed by scoring at least % View Must view in order to complete this module item Viewed Module item has been viewed and is complete Mark done Must mark this module item done in o"
mi-mth-252-26982612,26982612,2080857,MTH-252,mod-mth-252-014-module-7-applications-of-integration-graphical,14,94,Dr G's Videos --> 2.2,Page,page,dr-gs-videos-%3E-2-dot-2,obj-mth-252-page-dr-gs-videos-3e-2-dot-2,00114-mth-252-module-item-dr-g-s-videos-2-2-integral-calculus-mth-252z-400-u2026,https://canvas.oregonstate.edu/courses/2080857/modules/items/26982612,,2,,context_module_item student-view wiki_page indent_2 _requirement WikiPage_10724859 dupeable,captured,00002-mth-252-modules-course-modules-integral-calculus-mth-252z-400-u2026,https://canvas.oregonstate.edu/courses/2080857/modules,Page Dr G's Videos --> 2.2 Dr G's Videos --> 2.2 5 wiki_page 26982612 0 Score at least Must score at least to complete this module item Scored at least Module item has been completed by scoring at least Score at least % Must score at least % to complete this module item Scored at least % Module item has been completed by scoring at least % View Must view in order to complete this module item Viewed Module item has been viewed and is complete Mark done Must mark this module item done in order to 
mi-mth-252-26982613,26982613,2080857,MTH-252,mod-mth-252-014-module-7-applications-of-integration-graphical,14,95,RQ-2.1,Quiz,quiz,3167666,obj-mth-252-quiz-3167666,00115-mth-252-module-item-rq-2-1-integral-calculus-mth-252z-400-u2026,https://canvas.oregonstate.edu/courses/2080857/modules/items/26982613,,0,,context_module_item student-view lti-quiz also_assignment indent_0 _requirement Quiz_3167666,captured,00002-mth-252-modules-course-modules-integral-calculus-mth-252z-400-u2026,https://canvas.oregonstate.edu/courses/2080857/modules,Quiz RQ-2.1 RQ-2.1 10 6 quiz 26982613 1 Score at least Must score at least to complete this module item Scored at least Module item has been completed by scoring at least Score at least % Must score at least % to complete this module item Scored at least % Module item has been completed by scoring at least % View Must view in order to complete this module item Viewed Module item has been viewed and is complete Mark done Must mark this module item done in order to complete Marked done Module item
mi-mth-252-26982614,26982614,2080857,MTH-252,mod-mth-252-014-module-7-applications-of-integration-graphical,14,96,RQ-2.2,Quiz,quiz,3167653,obj-mth-252-quiz-3167653,00116-mth-252-module-item-rq-2-2-integral-calculus-mth-252z-400-u2026,https://canvas.oregonstate.edu/courses/2080857/modules/items/26982614,,0,,context_module_item student-view lti-quiz also_assignment indent_0 _requirement Quiz_3167653,captured,00002-mth-252-modules-course-modules-integral-calculus-mth-252z-400-u2026,https://canvas.oregonstate.edu/courses/2080857/modules,Quiz RQ-2.2 RQ-2.2 10 7 quiz 26982614 1 Score at least Must score at least to complete this module item Scored at least Module item has been completed by scoring at least Score at least % Must score at least % to complete this module item Scored at least % Module item has been completed by scoring at least % View Must view in order to complete this module item Viewed Module item has been viewed and is complete Mark done Must mark this module item done in order to complete Marked done Module item
mi-mth-252-26982615,26982615,2080857,MTH-252,mod-mth-252-014-module-7-applications-of-integration-graphical,14,97,Achieve - 2.1 Areas between Curves,Assignment,assignment,10586031,obj-mth-252-assignment-10586031,00117-mth-252-module-item-achieve-2-1-areas-between-curves,https://canvas.oregonstate.edu/courses/2080857/modules/items/26982615,,0,,context_module_item student-view cannot-duplicate show_assignment_menu assignment also_assignment indent_0 _requirement Assignment_10586031,captured,00002-mth-252-modules-course-modules-integral-calculus-mth-252z-400-u2026,https://canvas.oregonstate.edu/courses/2080857/modules,Assignment Achieve - 2.1 Areas between Curves Achieve - 2.1 Areas between Curves 100 8 assignment 26982615 1 Score at least Must score at least to complete this module item Scored at least Module item has been completed by scoring at least Score at least % Must score at least % to complete this module item Scored at least % Module item has been completed by scoring at least % View Must view in order to complete this module item Viewed Module item has been viewed and is complete Mark done Must ma
mi-mth-252-26982616,26982616,2080857,MTH-252,mod-mth-252-014-module-7-applications-of-integration-graphical,14,98,Achieve - 2.2 Volumes by Slicing and Disc/Washer Method,Assignment,assignment,10586032,obj-mth-252-assignment-10586032,00118-mth-252-module-item-achieve-2-2-volumes-by-slicing-and-disc-washer-method,https://canvas.oregonstate.edu/courses/2080857/modules/items/26982616,,0,,context_module_item student-view cannot-duplicate show_assignment_menu assignment also_assignment indent_0 _requirement Assignment_10586032,captured,00002-mth-252-modules-course-modules-integral-calculus-mth-252z-400-u2026,https://canvas.oregonstate.edu/courses/2080857/modules,Assignment Achieve - 2.2 Volumes by Slicing and Disc/Washer Method Achieve - 2.2 Volumes by Slicing and Disc/Washer Method 100 9 assignment 26982616 1 Score at least Must score at least to complete this module item Scored at least Module item has been completed by scoring at least Score at least % Must score at least % to complete this module item Scored at least % Module item has been completed by scoring at least % View Must view in order to complete this module item Viewed Module item has bee
mi-mth-252-26982617,26982617,2080857,MTH-252,mod-mth-252-014-module-7-applications-of-integration-graphical,14,99,Module 7 — Written Homework (WHW 7) 🕓 3 hours,Assignment,assignment,10586060,obj-mth-252-assignment-10586060,00119-mth-252-module-item-module-7-written-homework-whw-7-3-hours,https://canvas.oregonstate.edu/courses/2080857/modules/items/26982617,,0,,context_module_item student-view cannot-duplicate show_assignment_menu assignment also_assignment indent_0 _requirement Assignment_10586060,captured,00002-mth-252-modules-course-modules-integral-calculus-mth-252z-400-u2026,https://canvas.oregonstate.edu/courses/2080857/modules,Assignment Module 7 — Written Homework (WHW 7) 🕓 3 hours Module 7 — Written Homework (WHW 7) 🕓 3 hours 20 10 assignment 26982617 1 Score at least Must score at least to complete this module item Scored at least Module item has been completed by scoring at least Score at least % Must score at least % to complete this module item Scored at least % Module item has been completed by scoring at least % View Must view in order to complete this module item Viewed Module item has been viewed and is co
mi-mth-252-26982618,26982618,2080857,MTH-252,mod-mth-252-014-module-7-applications-of-integration-graphical,14,100,Module 7 — Discussion Reflection: Mini-Exam 3 🕓 0.5 hour,Discussion Topic,discussion,11593469,obj-mth-252-discussion-11593469,00120-mth-252-module-item-topic-module-7-discussion-reflection-mini-exam-3-0-5-hour,https://canvas.oregonstate.edu/courses/2080857/modules/items/26982618,,0,,context_module_item student-view discussion_topic also_assignment indent_0 _requirement DiscussionTopic_11593469 dupeable,captured,00002-mth-252-modules-course-modules-integral-calculus-mth-252z-400-u2026,https://canvas.oregonstate.edu/courses/2080857/modules,Discussion Topic Module 7 — Discussion Reflection: Mini-Exam 3 🕓 0.5 hour Module 7 — Discussion Reflection: Mini-Exam 3 🕓 0.5 hour 15 11 discussion_topic 26982618 1 Score at least Must score at least to complete this module item Scored at least Module item has been completed by scoring at least Score at least % Must score at least % to complete this module item Scored at least % Module item has been completed by scoring at least % View Must view in order to complete this module item Viewed Mod
mi-mth-252-26982619,26982619,2080857,MTH-252,mod-mth-252-015-module-8-application-of-integration-graphical-and-real-world,15,101,Module 8 — Overview,Page,page,module-8-overview,obj-mth-252-page-module-8-overview,00121-mth-252-module-item-module-8-overview-integral-calculus-mth-252z-400-u2026,https://canvas.oregonstate.edu/courses/2080857/modules/items/26982619,,0,,context_module_item student-view wiki_page indent_0 _requirement WikiPage_10724889 dupeable,captured,00002-mth-252-modules-course-modules-integral-calculus-mth-252z-400-u2026,https://canvas.oregonstate.edu/courses/2080857/modules,Page Module 8 — Overview Module 8 — Overview 1 wiki_page 26982619 0 Score at least Must score at least to complete this module item Scored at least Module item has been completed by scoring at least Score at least % Must score at least % to complete this module item Scored at least % Module item has been completed by scoring at least % View Must view in order to complete this module item Viewed Module item has been viewed and is complete Mark done Must mark this module item done in order to comp
mi-mth-252-26982620,26982620,2080857,MTH-252,mod-mth-252-015-module-8-application-of-integration-graphical-and-real-world,15,102,Module 8 — Learning Materials and Practice Activities 🕓 3 - 5 hours,Page,page,module-8-learning-materials-and-practice-activities-3-5-hours-2,obj-mth-252-page-module-8-learning-materials-and-practice-activities-3-5-hours-2,00122-mth-252-module-item-module-8-learning-materials-and-practice-activities-3-5-hours-integral-calculus-mth-252z-400-u20,https://canvas.oregonstate.edu/courses/2080857/modules/items/26982620,,0,,context_module_item student-view wiki_page indent_0 _requirement WikiPage_10724888 dupeable,captured,00002-mth-252-modules-course-modules-integral-calculus-mth-252z-400-u2026,https://canvas.oregonstate.edu/courses/2080857/modules,Page Module 8 — Learning Materials and Practice Activities 🕓 3 - 5 hours Module 8 — Learning Materials and Practice Activities 🕓 3 - 5 hours 2 wiki_page 26982620 0 Score at least Must score at least to complete this module item Scored at least Module item has been completed by scoring at least Score at least % Must score at least % to complete this module item Scored at least % Module item has been completed by scoring at least % View Must view in order to complete this module item Viewed Modu
mi-mth-252-26982621,26982621,2080857,MTH-252,mod-mth-252-015-module-8-application-of-integration-graphical-and-real-world,15,103,"Dr. G's Lecture Notes--> Sects. 2.1, 2.2, 2.3, 2.4",Attachment,file,119223597,obj-mth-252-file-119223597,00123-mth-252-module-item-252-lecture-2-1-to-me4-pdf-integral-calculus-mth-252z-400-u2026,https://canvas.oregonstate.edu/courses/2080857/modules/items/26982621,,2,,context_module_item student-view attachment indent_2 _requirement Attachment_119223597,captured,00002-mth-252-modules-course-modules-integral-calculus-mth-252z-400-u2026,https://canvas.oregonstate.edu/courses/2080857/modules,"Attachment Dr. G's Lecture Notes--> Sects. 2.1, 2.2, 2.3, 2.4 Dr. G's Lecture Notes--> Sects. 2.1, 2.2, 2.3, 2.4 3 attachment 26982621 0 Score at least Must score at least to complete this module item Scored at least Module item has been completed by scoring at least Score at least % Must score at least % to complete this module item Scored at least % Module item has been completed by scoring at least % View Must view in order to complete this module item Viewed Module item has been viewed and i"
mi-mth-252-26982622,26982622,2080857,MTH-252,mod-mth-252-015-module-8-application-of-integration-graphical-and-real-world,15,104,Dr G's Lecture Notes --> 2.3-2.4.pdf,Attachment,file,119223466,obj-mth-252-file-119223466,00124-mth-252-module-item-lecture-2-3-2-4-pdf-integral-calculus-mth-252z-400-u2026,https://canvas.oregonstate.edu/courses/2080857/modules/items/26982622,,2,,context_module_item student-view attachment indent_2 _requirement Attachment_119223466,captured,00002-mth-252-modules-course-modules-integral-calculus-mth-252z-400-u2026,https://canvas.oregonstate.edu/courses/2080857/modules,Attachment Dr G's Lecture Notes --> 2.3-2.4.pdf Dr G's Lecture Notes --> 2.3-2.4.pdf 4 attachment 26982622 0 Score at least Must score at least to complete this module item Scored at least Module item has been completed by scoring at least Score at least % Must score at least % to complete this module item Scored at least % Module item has been completed by scoring at least % View Must view in order to complete this module item Viewed Module item has been viewed and is complete Mark done Must ma
mi-mth-252-26982623,26982623,2080857,MTH-252,mod-mth-252-015-module-8-application-of-integration-graphical-and-real-world,15,105,"Dr G's Videos --> 2.3, 2.4",Page,page,dr-gs-videos-%3E-2-dot-3-2-dot-4,obj-mth-252-page-dr-gs-videos-3e-2-dot-3-2-dot-4,00125-mth-252-module-item-dr-g-s-videos-2-3-2-4-integral-calculus-mth-252z-400-u2026,https://canvas.oregonstate.edu/courses/2080857/modules/items/26982623,,2,,context_module_item student-view wiki_page indent_2 _requirement WikiPage_10724860 dupeable,captured,00002-mth-252-modules-course-modules-integral-calculus-mth-252z-400-u2026,https://canvas.oregonstate.edu/courses/2080857/modules,"Page Dr G's Videos --> 2.3, 2.4 Dr G's Videos --> 2.3, 2.4 5 wiki_page 26982623 0 Score at least Must score at least to complete this module item Scored at least Module item has been completed by scoring at least Score at least % Must score at least % to complete this module item Scored at least % Module item has been completed by scoring at least % View Must view in order to complete this module item Viewed Module item has been viewed and is complete Mark done Must mark this module item done in"
mi-mth-252-26982624,26982624,2080857,MTH-252,mod-mth-252-015-module-8-application-of-integration-graphical-and-real-world,15,106,RQ-2.3,Quiz,quiz,3167665,obj-mth-252-quiz-3167665,00126-mth-252-module-item-rq-2-3-integral-calculus-mth-252z-400-u2026,https://canvas.oregonstate.edu/courses/2080857/modules/items/26982624,,0,,context_module_item student-view lti-quiz also_assignment indent_0 _requirement Quiz_3167665,captured,00002-mth-252-modules-course-modules-integral-calculus-mth-252z-400-u2026,https://canvas.oregonstate.edu/courses/2080857/modules,Quiz RQ-2.3 RQ-2.3 10 6 quiz 26982624 1 Score at least Must score at least to complete this module item Scored at least Module item has been completed by scoring at least Score at least % Must score at least % to complete this module item Scored at least % Module item has been completed by scoring at least % View Must view in order to complete this module item Viewed Module item has been viewed and is complete Mark done Must mark this module item done in order to complete Marked done Module item
mi-mth-252-26982625,26982625,2080857,MTH-252,mod-mth-252-015-module-8-application-of-integration-graphical-and-real-world,15,107,RQ-2.4,Quiz,quiz,3167663,obj-mth-252-quiz-3167663,00127-mth-252-module-item-rq-2-4-integral-calculus-mth-252z-400-u2026,https://canvas.oregonstate.edu/courses/2080857/modules/items/26982625,,0,,context_module_item student-view lti-quiz also_assignment indent_0 _requirement Quiz_3167663,captured,00002-mth-252-modules-course-modules-integral-calculus-mth-252z-400-u2026,https://canvas.oregonstate.edu/courses/2080857/modules,Quiz RQ-2.4 RQ-2.4 10 7 quiz 26982625 1 Score at least Must score at least to complete this module item Scored at least Module item has been completed by scoring at least Score at least % Must score at least % to complete this module item Scored at least % Module item has been completed by scoring at least % View Must view in order to complete this module item Viewed Module item has been viewed and is complete Mark done Must mark this module item done in order to complete Marked done Module item
mi-mth-252-26982626,26982626,2080857,MTH-252,mod-mth-252-015-module-8-application-of-integration-graphical-and-real-world,15,108,Module 8 — Written Homework (WHW 8) 🕓 3 hours,Assignment,assignment,10586061,obj-mth-252-assignment-10586061,00128-mth-252-module-item-module-8-written-homework-whw-8-3-hours,https://canvas.oregonstate.edu/courses/2080857/modules/items/26982626,,0,,context_module_item student-view cannot-duplicate show_assignment_menu assignment also_assignment indent_0 _requirement Assignment_10586061,captured,00002-mth-252-modules-course-modules-integral-calculus-mth-252z-400-u2026,https://canvas.oregonstate.edu/courses/2080857/modules,Assignment Module 8 — Written Homework (WHW 8) 🕓 3 hours Module 8 — Written Homework (WHW 8) 🕓 3 hours 21 8 assignment 26982626 1 Score at least Must score at least to complete this module item Scored at least Module item has been completed by scoring at least Score at least % Must score at least % to complete this module item Scored at least % Module item has been completed by scoring at least % View Must view in order to complete this module item Viewed Module item has been viewed and is com
mi-mth-252-26982627,26982627,2080857,MTH-252,mod-mth-252-015-module-8-application-of-integration-graphical-and-real-world,15,109,Module 8 — Discussion Reflection: WHW 8 🕓 0.5 hour,Discussion Topic,discussion,11593468,obj-mth-252-discussion-11593468,00129-mth-252-module-item-topic-module-8-discussion-reflection-whw-8-0-5-hour,https://canvas.oregonstate.edu/courses/2080857/modules/items/26982627,,0,,context_module_item student-view discussion_topic also_assignment indent_0 _requirement DiscussionTopic_11593468 dupeable,captured,00002-mth-252-modules-course-modules-integral-calculus-mth-252z-400-u2026,https://canvas.oregonstate.edu/courses/2080857/modules,Discussion Topic Module 8 — Discussion Reflection: WHW 8 🕓 0.5 hour Module 8 — Discussion Reflection: WHW 8 🕓 0.5 hour 15 9 discussion_topic 26982627 1 Score at least Must score at least to complete this module item Scored at least Module item has been completed by scoring at least Score at least % Must score at least % to complete this module item Scored at least % Module item has been completed by scoring at least % View Must view in order to complete this module item Viewed Module item has 
mi-mth-252-26982628,26982628,2080857,MTH-252,mod-mth-252-015-module-8-application-of-integration-graphical-and-real-world,15,110,Achieve - 2.3 Volumes of Revolution: Cylindrical Shells,Assignment,assignment,10586033,obj-mth-252-assignment-10586033,00130-mth-252-module-item-achieve-2-3-volumes-of-revolution-cylindrical-shells,https://canvas.oregonstate.edu/courses/2080857/modules/items/26982628,,0,,context_module_item student-view cannot-duplicate show_assignment_menu assignment also_assignment indent_0 _requirement Assignment_10586033,captured,00002-mth-252-modules-course-modules-integral-calculus-mth-252z-400-u2026,https://canvas.oregonstate.edu/courses/2080857/modules,Assignment Achieve - 2.3 Volumes of Revolution: Cylindrical Shells Achieve - 2.3 Volumes of Revolution: Cylindrical Shells 100 10 assignment 26982628 1 Score at least Must score at least to complete this module item Scored at least Module item has been completed by scoring at least Score at least % Must score at least % to complete this module item Scored at least % Module item has been completed by scoring at least % View Must view in order to complete this module item Viewed Module item has be
mi-mth-252-26982629,26982629,2080857,MTH-252,mod-mth-252-015-module-8-application-of-integration-graphical-and-real-world,15,111,Acheive - 2.4 Arc Length of a Curve (NO Surface Area),Assignment,assignment,10586024,obj-mth-252-assignment-10586024,00131-mth-252-module-item-acheive-2-4-arc-length-of-a-curve-no-surface-area,https://canvas.oregonstate.edu/courses/2080857/modules/items/26982629,,0,,context_module_item student-view cannot-duplicate show_assignment_menu assignment also_assignment indent_0 _requirement Assignment_10586024,captured,00002-mth-252-modules-course-modules-integral-calculus-mth-252z-400-u2026,https://canvas.oregonstate.edu/courses/2080857/modules,Assignment Acheive - 2.4 Arc Length of a Curve (NO Surface Area) Acheive - 2.4 Arc Length of a Curve (NO Surface Area) 100 11 assignment 26982629 1 Score at least Must score at least to complete this module item Scored at least Module item has been completed by scoring at least Score at least % Must score at least % to complete this module item Scored at least % Module item has been completed by scoring at least % View Must view in order to complete this module item Viewed Module item has been v
mi-mth-252-26982630,26982630,2080857,MTH-252,mod-mth-252-016-mini-exam-4-available-tuesday-thursday-of-week-9,16,112,Mini-Exam 4 --> Tuesday to Thursday,Assignment,assignment,10586052,obj-mth-252-assignment-10586052,00132-mth-252-module-item-mini-exam-4-tuesday-to-thursday,https://canvas.oregonstate.edu/courses/2080857/modules/items/26982630,,0,,context_module_item student-view cannot-duplicate show_assignment_menu assignment also_assignment indent_0 _requirement Assignment_10586052,captured,00002-mth-252-modules-course-modules-integral-calculus-mth-252z-400-u2026,https://canvas.oregonstate.edu/courses/2080857/modules,Assignment Mini-Exam 4 --> Tuesday to Thursday Mini-Exam 4 --> Tuesday to Thursday 50 1 assignment 26982630 1 Score at least Must score at least to complete this module item Scored at least Module item has been completed by scoring at least Score at least % Must score at least % to complete this module item Scored at least % Module item has been completed by scoring at least % View Must view in order to complete this module item Viewed Module item has been viewed and is complete Mark done Must m
mi-mth-252-26982631,26982631,2080857,MTH-252,mod-mth-252-017-module-9-applications-of-integration-real-world,17,113,Module 9 — Overview,Page,page,module-9-overview,obj-mth-252-page-module-9-overview,00133-mth-252-module-item-module-9-overview-integral-calculus-mth-252z-400-u2026,https://canvas.oregonstate.edu/courses/2080857/modules/items/26982631,,0,,context_module_item student-view wiki_page indent_0 _requirement WikiPage_10724891 dupeable,captured,00002-mth-252-modules-course-modules-integral-calculus-mth-252z-400-u2026,https://canvas.oregonstate.edu/courses/2080857/modules,Page Module 9 — Overview Module 9 — Overview 1 wiki_page 26982631 0 Score at least Must score at least to complete this module item Scored at least Module item has been completed by scoring at least Score at least % Must score at least % to complete this module item Scored at least % Module item has been completed by scoring at least % View Must view in order to complete this module item Viewed Module item has been viewed and is complete Mark done Must mark this module item done in order to comp
mi-mth-252-26982632,26982632,2080857,MTH-252,mod-mth-252-017-module-9-applications-of-integration-real-world,17,114,Module 9 — Learning Materials and Practice Activities 🕓 3 - 5 hours,Page,page,module-9-learning-materials-and-practice-activities-3-5-hours-2,obj-mth-252-page-module-9-learning-materials-and-practice-activities-3-5-hours-2,00134-mth-252-module-item-module-9-learning-materials-and-practice-activities-3-5-hours-integral-calculus-mth-252z-400-u20,https://canvas.oregonstate.edu/courses/2080857/modules/items/26982632,,0,,context_module_item student-view wiki_page indent_0 _requirement WikiPage_10724890 dupeable,captured,00002-mth-252-modules-course-modules-integral-calculus-mth-252z-400-u2026,https://canvas.oregonstate.edu/courses/2080857/modules,Page Module 9 — Learning Materials and Practice Activities 🕓 3 - 5 hours Module 9 — Learning Materials and Practice Activities 🕓 3 - 5 hours 2 wiki_page 26982632 0 Score at least Must score at least to complete this module item Scored at least Module item has been completed by scoring at least Score at least % Must score at least % to complete this module item Scored at least % Module item has been completed by scoring at least % View Must view in order to complete this module item Viewed Modu
mi-mth-252-26982633,26982633,2080857,MTH-252,mod-mth-252-017-module-9-applications-of-integration-real-world,17,115,"Dr. G's Lecture Notes--> Sects. 2.5-1, 2.5-2, 3.7",Attachment,file,119223598,obj-mth-252-file-119223598,00135-mth-252-module-item-252-lecture-2-5-to-me5-pdf-integral-calculus-mth-252z-400-u2026,https://canvas.oregonstate.edu/courses/2080857/modules/items/26982633,,2,,context_module_item student-view attachment indent_2 _requirement Attachment_119223598,captured,00002-mth-252-modules-course-modules-integral-calculus-mth-252z-400-u2026,https://canvas.oregonstate.edu/courses/2080857/modules,"Attachment Dr. G's Lecture Notes--> Sects. 2.5-1, 2.5-2, 3.7 Dr. G's Lecture Notes--> Sects. 2.5-1, 2.5-2, 3.7 3 attachment 26982633 0 Score at least Must score at least to complete this module item Scored at least Module item has been completed by scoring at least Score at least % Must score at least % to complete this module item Scored at least % Module item has been completed by scoring at least % View Must view in order to complete this module item Viewed Module item has been viewed and is "
mi-mth-252-26982634,26982634,2080857,MTH-252,mod-mth-252-017-module-9-applications-of-integration-real-world,17,116,Dr. G's Videos --> 2.5,Page,page,dr-gs-videos-%3E-2-dot-5,obj-mth-252-page-dr-gs-videos-3e-2-dot-5,00136-mth-252-module-item-dr-g-s-videos-2-5-integral-calculus-mth-252z-400-u2026,https://canvas.oregonstate.edu/courses/2080857/modules/items/26982634,,2,,context_module_item student-view wiki_page indent_2 _requirement WikiPage_10724861 dupeable,captured,00002-mth-252-modules-course-modules-integral-calculus-mth-252z-400-u2026,https://canvas.oregonstate.edu/courses/2080857/modules,Page Dr. G's Videos --> 2.5 Dr. G's Videos --> 2.5 4 wiki_page 26982634 0 Score at least Must score at least to complete this module item Scored at least Module item has been completed by scoring at least Score at least % Must score at least % to complete this module item Scored at least % Module item has been completed by scoring at least % View Must view in order to complete this module item Viewed Module item has been viewed and is complete Mark done Must mark this module item done in order t
mi-mth-252-26982635,26982635,2080857,MTH-252,mod-mth-252-017-module-9-applications-of-integration-real-world,17,117,RQ-2.5,Quiz,quiz,3167668,obj-mth-252-quiz-3167668,00137-mth-252-module-item-rq-2-5-integral-calculus-mth-252z-400-u2026,https://canvas.oregonstate.edu/courses/2080857/modules/items/26982635,,0,,context_module_item student-view lti-quiz also_assignment indent_0 _requirement Quiz_3167668,captured,00002-mth-252-modules-course-modules-integral-calculus-mth-252z-400-u2026,https://canvas.oregonstate.edu/courses/2080857/modules,Quiz RQ-2.5 RQ-2.5 10 5 quiz 26982635 1 Score at least Must score at least to complete this module item Scored at least Module item has been completed by scoring at least Score at least % Must score at least % to complete this module item Scored at least % Module item has been completed by scoring at least % View Must view in order to complete this module item Viewed Module item has been viewed and is complete Mark done Must mark this module item done in order to complete Marked done Module item
mi-mth-252-26982636,26982636,2080857,MTH-252,mod-mth-252-017-module-9-applications-of-integration-real-world,17,118,Module 9 — Written Homework (WHW 9) 🕓 3 hours,Assignment,assignment,10586062,obj-mth-252-assignment-10586062,00138-mth-252-module-item-module-9-written-homework-whw-9-3-hours,https://canvas.oregonstate.edu/courses/2080857/modules/items/26982636,,0,,context_module_item student-view cannot-duplicate show_assignment_menu assignment also_assignment indent_0 _requirement Assignment_10586062,captured,00002-mth-252-modules-course-modules-integral-calculus-mth-252z-400-u2026,https://canvas.oregonstate.edu/courses/2080857/modules,Assignment Module 9 — Written Homework (WHW 9) 🕓 3 hours Module 9 — Written Homework (WHW 9) 🕓 3 hours 20 6 assignment 26982636 1 Score at least Must score at least to complete this module item Scored at least Module item has been completed by scoring at least Score at least % Must score at least % to complete this module item Scored at least % Module item has been completed by scoring at least % View Must view in order to complete this module item Viewed Module item has been viewed and is com
mi-mth-252-26982637,26982637,2080857,MTH-252,mod-mth-252-017-module-9-applications-of-integration-real-world,17,119,Module 9 — Discussion Reflection: Final and Exam Prep 🕓 0.5 hour,Discussion Topic,discussion,11593467,obj-mth-252-discussion-11593467,00139-mth-252-module-item-topic-module-9-discussion-reflection-final-and-exam-prep-0-5-hour,https://canvas.oregonstate.edu/courses/2080857/modules/items/26982637,,0,,context_module_item student-view discussion_topic also_assignment indent_0 _requirement DiscussionTopic_11593467 dupeable,captured,00002-mth-252-modules-course-modules-integral-calculus-mth-252z-400-u2026,https://canvas.oregonstate.edu/courses/2080857/modules,Discussion Topic Module 9 — Discussion Reflection: Final and Exam Prep 🕓 0.5 hour Module 9 — Discussion Reflection: Final and Exam Prep 🕓 0.5 hour 15 7 discussion_topic 26982637 1 Score at least Must score at least to complete this module item Scored at least Module item has been completed by scoring at least Score at least % Must score at least % to complete this module item Scored at least % Module item has been completed by scoring at least % View Must view in order to complete this module 
mi-mth-252-26982638,26982638,2080857,MTH-252,mod-mth-252-017-module-9-applications-of-integration-real-world,17,120,Achieve - 2.5 - 1 Physical Applications,Assignment,assignment,10586034,obj-mth-252-assignment-10586034,00140-mth-252-module-item-achieve-2-5-1-physical-applications,https://canvas.oregonstate.edu/courses/2080857/modules/items/26982638,,0,,context_module_item student-view cannot-duplicate show_assignment_menu assignment also_assignment indent_0 _requirement Assignment_10586034,captured,00002-mth-252-modules-course-modules-integral-calculus-mth-252z-400-u2026,https://canvas.oregonstate.edu/courses/2080857/modules,Assignment Achieve - 2.5 - 1 Physical Applications Achieve - 2.5 - 1 Physical Applications 100 8 assignment 26982638 1 Score at least Must score at least to complete this module item Scored at least Module item has been completed by scoring at least Score at least % Must score at least % to complete this module item Scored at least % Module item has been completed by scoring at least % View Must view in order to complete this module item Viewed Module item has been viewed and is complete Mark do
mi-mth-252-26982639,26982639,2080857,MTH-252,mod-mth-252-017-module-9-applications-of-integration-real-world,17,121,Achieve - 2.5 - 2 Physical Applications,Assignment,assignment,10586036,obj-mth-252-assignment-10586036,00141-mth-252-module-item-achieve-2-5-2-physical-applications,https://canvas.oregonstate.edu/courses/2080857/modules/items/26982639,,0,,context_module_item student-view cannot-duplicate show_assignment_menu assignment also_assignment indent_0 _requirement Assignment_10586036,captured,00002-mth-252-modules-course-modules-integral-calculus-mth-252z-400-u2026,https://canvas.oregonstate.edu/courses/2080857/modules,Assignment Achieve - 2.5 - 2 Physical Applications Achieve - 2.5 - 2 Physical Applications 100 9 assignment 26982639 1 Score at least Must score at least to complete this module item Scored at least Module item has been completed by scoring at least Score at least % Must score at least % to complete this module item Scored at least % Module item has been completed by scoring at least % View Must view in order to complete this module item Viewed Module item has been viewed and is complete Mark do
mi-mth-252-26982640,26982640,2080857,MTH-252,mod-mth-252-018-module-10-applications-of-integration-real-world,18,122,Mini-Exam Retake Sign Up,Quiz,quiz,3167661,obj-mth-252-quiz-3167661,00142-mth-252-module-item-mini-exam-retake-sign-up-integral-calculus-mth-252z-400-u2026,https://canvas.oregonstate.edu/courses/2080857/modules/items/26982640,,0,,context_module_item student-view lti-quiz indent_0 _requirement Quiz_3167661,captured,00002-mth-252-modules-course-modules-integral-calculus-mth-252z-400-u2026,https://canvas.oregonstate.edu/courses/2080857/modules,Quiz Mini-Exam Retake Sign Up Mini-Exam Retake Sign Up 1 quiz 26982640 0 Score at least Must score at least to complete this module item Scored at least Module item has been completed by scoring at least Score at least % Must score at least % to complete this module item Scored at least % Module item has been completed by scoring at least % View Must view in order to complete this module item Viewed Module item has been viewed and is complete Mark done Must mark this module item done in order to
mi-mth-252-26982641,26982641,2080857,MTH-252,mod-mth-252-018-module-10-applications-of-integration-real-world,18,123,Module 10 - Overview,Page,page,module-10-overview,obj-mth-252-page-module-10-overview,00143-mth-252-module-item-module-10-overview-integral-calculus-mth-252z-400-u2026,https://canvas.oregonstate.edu/courses/2080857/modules/items/26982641,,0,,context_module_item student-view wiki_page indent_0 _requirement WikiPage_10724875 dupeable,captured,00002-mth-252-modules-course-modules-integral-calculus-mth-252z-400-u2026,https://canvas.oregonstate.edu/courses/2080857/modules,Page Module 10 - Overview Module 10 - Overview 2 wiki_page 26982641 0 Score at least Must score at least to complete this module item Scored at least Module item has been completed by scoring at least Score at least % Must score at least % to complete this module item Scored at least % Module item has been completed by scoring at least % View Must view in order to complete this module item Viewed Module item has been viewed and is complete Mark done Must mark this module item done in order to co
mi-mth-252-26982643,26982643,2080857,MTH-252,mod-mth-252-018-module-10-applications-of-integration-real-world,18,124,Module 10 — Learning Materials and Practice Activities 🕓 3 - 5 hours,Page,page,module-10-learning-materials-and-practice-activities-3-5-hours-2,obj-mth-252-page-module-10-learning-materials-and-practice-activities-3-5-hours-2,00144-mth-252-module-item-module-10-learning-materials-and-practice-activities-3-5-hours-integral-calculus-mth-252z-400-u2,https://canvas.oregonstate.edu/courses/2080857/modules/items/26982643,,0,,context_module_item student-view wiki_page indent_0 _requirement WikiPage_10724874 dupeable,captured,00002-mth-252-modules-course-modules-integral-calculus-mth-252z-400-u2026,https://canvas.oregonstate.edu/courses/2080857/modules,Page Module 10 — Learning Materials and Practice Activities 🕓 3 - 5 hours Module 10 — Learning Materials and Practice Activities 🕓 3 - 5 hours 3 wiki_page 26982643 0 Score at least Must score at least to complete this module item Scored at least Module item has been completed by scoring at least Score at least % Must score at least % to complete this module item Scored at least % Module item has been completed by scoring at least % View Must view in order to complete this module item Viewed Mo
mi-mth-252-26982644,26982644,2080857,MTH-252,mod-mth-252-018-module-10-applications-of-integration-real-world,18,125,"Dr. G's Lecture Notes--> Sects. 2.5-1, 2.5-2, 3.7",Attachment,file,119223598,obj-mth-252-file-119223598,00145-mth-252-module-item-252-lecture-2-5-to-me5-pdf-integral-calculus-mth-252z-400-u2026,https://canvas.oregonstate.edu/courses/2080857/modules/items/26982644,,2,,context_module_item student-view attachment indent_2 _requirement Attachment_119223598,captured,00002-mth-252-modules-course-modules-integral-calculus-mth-252z-400-u2026,https://canvas.oregonstate.edu/courses/2080857/modules,"Attachment Dr. G's Lecture Notes--> Sects. 2.5-1, 2.5-2, 3.7 Dr. G's Lecture Notes--> Sects. 2.5-1, 2.5-2, 3.7 4 attachment 26982644 0 Score at least Must score at least to complete this module item Scored at least Module item has been completed by scoring at least Score at least % Must score at least % to complete this module item Scored at least % Module item has been completed by scoring at least % View Must view in order to complete this module item Viewed Module item has been viewed and is "
mi-mth-252-26982645,26982645,2080857,MTH-252,mod-mth-252-018-module-10-applications-of-integration-real-world,18,126,Dr G's Videos --> 3.7,Page,page,dr-gs-videos-%3E-3-dot-7,obj-mth-252-page-dr-gs-videos-3e-3-dot-7,00146-mth-252-module-item-dr-g-s-videos-3-7-integral-calculus-mth-252z-400-u2026,https://canvas.oregonstate.edu/courses/2080857/modules/items/26982645,,2,,context_module_item student-view wiki_page indent_2 _requirement WikiPage_10724864 dupeable,captured,00002-mth-252-modules-course-modules-integral-calculus-mth-252z-400-u2026,https://canvas.oregonstate.edu/courses/2080857/modules,Page Dr G's Videos --> 3.7 Dr G's Videos --> 3.7 5 wiki_page 26982645 0 Score at least Must score at least to complete this module item Scored at least Module item has been completed by scoring at least Score at least % Must score at least % to complete this module item Scored at least % Module item has been completed by scoring at least % View Must view in order to complete this module item Viewed Module item has been viewed and is complete Mark done Must mark this module item done in order to 
mi-mth-252-26982646,26982646,2080857,MTH-252,mod-mth-252-018-module-10-applications-of-integration-real-world,18,127,RQ-3.7,Quiz,quiz,3167657,obj-mth-252-quiz-3167657,00147-mth-252-module-item-rq-3-7-integral-calculus-mth-252z-400-u2026,https://canvas.oregonstate.edu/courses/2080857/modules/items/26982646,,0,,context_module_item student-view lti-quiz also_assignment indent_0 _requirement Quiz_3167657,captured,00002-mth-252-modules-course-modules-integral-calculus-mth-252z-400-u2026,https://canvas.oregonstate.edu/courses/2080857/modules,Quiz RQ-3.7 RQ-3.7 10 6 quiz 26982646 1 Score at least Must score at least to complete this module item Scored at least Module item has been completed by scoring at least Score at least % Must score at least % to complete this module item Scored at least % Module item has been completed by scoring at least % View Must view in order to complete this module item Viewed Module item has been viewed and is complete Mark done Must mark this module item done in order to complete Marked done Module item
mi-mth-252-26982647,26982647,2080857,MTH-252,mod-mth-252-018-module-10-applications-of-integration-real-world,18,128,Reflection 3,Assignment,assignment,10586064,obj-mth-252-assignment-10586064,00148-mth-252-module-item-reflection-3,https://canvas.oregonstate.edu/courses/2080857/modules/items/26982647,,0,,context_module_item student-view cannot-duplicate show_assignment_menu assignment also_assignment indent_0 _requirement Assignment_10586064,captured,00002-mth-252-modules-course-modules-integral-calculus-mth-252z-400-u2026,https://canvas.oregonstate.edu/courses/2080857/modules,Assignment Reflection 3 Reflection 3 100 7 assignment 26982647 1 Score at least Must score at least to complete this module item Scored at least Module item has been completed by scoring at least Score at least % Must score at least % to complete this module item Scored at least % Module item has been completed by scoring at least % View Must view in order to complete this module item Viewed Module item has been viewed and is complete Mark done Must mark this module item done in order to complet
mi-mth-252-26982648,26982648,2080857,MTH-252,mod-mth-252-018-module-10-applications-of-integration-real-world,18,129,Achieve - 3.7 Improper Integrals,Assignment,assignment,10586041,obj-mth-252-assignment-10586041,00149-mth-252-module-item-achieve-3-7-improper-integrals,https://canvas.oregonstate.edu/courses/2080857/modules/items/26982648,,0,,context_module_item student-view cannot-duplicate show_assignment_menu assignment also_assignment indent_0 _requirement Assignment_10586041,captured,00002-mth-252-modules-course-modules-integral-calculus-mth-252z-400-u2026,https://canvas.oregonstate.edu/courses/2080857/modules,Assignment Achieve - 3.7 Improper Integrals Achieve - 3.7 Improper Integrals 100 8 assignment 26982648 1 Score at least Must score at least to complete this module item Scored at least Module item has been completed by scoring at least Score at least % Must score at least % to complete this module item Scored at least % Module item has been completed by scoring at least % View Must view in order to complete this module item Viewed Module item has been viewed and is complete Mark done Must mark t
mi-mth-252-26982649,26982649,2080857,MTH-252,mod-mth-252-018-module-10-applications-of-integration-real-world,18,130,Module 10 — Written Homework (WHW 10) 🕓 3 hours,Assignment,assignment,10586054,obj-mth-252-assignment-10586054,00150-mth-252-module-item-module-10-written-homework-whw-10-3-hours,https://canvas.oregonstate.edu/courses/2080857/modules/items/26982649,,0,,context_module_item student-view cannot-duplicate show_assignment_menu assignment also_assignment indent_0 _requirement Assignment_10586054,captured,00002-mth-252-modules-course-modules-integral-calculus-mth-252z-400-u2026,https://canvas.oregonstate.edu/courses/2080857/modules,Assignment Module 10 — Written Homework (WHW 10) 🕓 3 hours Module 10 — Written Homework (WHW 10) 🕓 3 hours 20 9 assignment 26982649 1 Score at least Must score at least to complete this module item Scored at least Module item has been completed by scoring at least Score at least % Must score at least % to complete this module item Scored at least % Module item has been completed by scoring at least % View Must view in order to complete this module item Viewed Module item has been viewed and is
mi-mth-252-26982651,26982651,2080857,MTH-252,mod-mth-252-019-final-exam-available-monday-wednesday-of-week-11,19,131,Retake - Only ONE retake submission is permitted. 1 context_module_sub_header 26982651 0 Score at least Must score at least to complete this module item Scored at least Module item has been completed by scoring at least Score at least % Must score at least % to complete this module item Scored at least % Module item has been completed by scoring at least % View Must view in order to complete this module item Viewed Module item has been viewed and is complete Mark done Must mark this module item done in order to complete Marked done Module item marked as done and is complete Contribute Must contribute to this module item to complete it Contributed Contributed to this module item and is complete Submit Must submit this module item to complete it Submitted Module item submitted and is complete,Context Module Sub Header,module_subheader,,obj-mth-252-module-subheader-26982651,,,,2,,context_module_item student-view context_module_sub_header indent_2 _requirement ContextModuleSubHeader_0,structural_marker,00002-mth-252-modules-course-modules-integral-calculus-mth-252z-400-u2026,https://canvas.oregonstate.edu/courses/2080857/modules,Context Module Sub Header Retake - Only ONE retake submission is permitted. 1 context_module_sub_header 26982651 0 Score at least Must score at least to complete this module item Scored at least Module item has been completed by scoring at least Score at least % Must score at least % to complete this module item Scored at least % Module item has been completed by scoring at least % View Must view in order to complete this module item Viewed Module item has been viewed and is complete Mark done M
mi-mth-252-26982652,26982652,2080857,MTH-252,mod-mth-252-019-final-exam-available-monday-wednesday-of-week-11,19,132,Final Mini-Exam 5 --> Monday to Wednesday,Assignment,assignment,10586043,obj-mth-252-assignment-10586043,00151-mth-252-module-item-final-mini-exam-5-monday-to-wednesday,https://canvas.oregonstate.edu/courses/2080857/modules/items/26982652,,0,,context_module_item student-view cannot-duplicate show_assignment_menu assignment also_assignment indent_0 _requirement Assignment_10586043,captured,00002-mth-252-modules-course-modules-integral-calculus-mth-252z-400-u2026,https://canvas.oregonstate.edu/courses/2080857/modules,Assignment Final Mini-Exam 5 --> Monday to Wednesday Final Mini-Exam 5 --> Monday to Wednesday 75 2 assignment 26982652 1 Score at least Must score at least to complete this module item Scored at least Module item has been completed by scoring at least Score at least % Must score at least % to complete this module item Scored at least % Module item has been completed by scoring at least % View Must view in order to complete this module item Viewed Module item has been viewed and is complete Mark
mi-mth-252-26982653,26982653,2080857,MTH-252,mod-mth-252-019-final-exam-available-monday-wednesday-of-week-11,19,133,Mini-Exam 1 - Retake,Assignment,assignment,10586046,obj-mth-252-assignment-10586046,00152-mth-252-module-item-mini-exam-1-retake,https://canvas.oregonstate.edu/courses/2080857/modules/items/26982653,,1,,context_module_item student-view cannot-duplicate show_assignment_menu assignment also_assignment indent_1 _requirement Assignment_10586046,captured,00002-mth-252-modules-course-modules-integral-calculus-mth-252z-400-u2026,https://canvas.oregonstate.edu/courses/2080857/modules,Assignment Mini-Exam 1 - Retake Mini-Exam 1 - Retake 50 3 assignment 26982653 1 Score at least Must score at least to complete this module item Scored at least Module item has been completed by scoring at least Score at least % Must score at least % to complete this module item Scored at least % Module item has been completed by scoring at least % View Must view in order to complete this module item Viewed Module item has been viewed and is complete Mark done Must mark this module item done in o
mi-mth-252-26982654,26982654,2080857,MTH-252,mod-mth-252-019-final-exam-available-monday-wednesday-of-week-11,19,134,Mini-Exam 2 - Retake,Assignment,assignment,10586047,obj-mth-252-assignment-10586047,00153-mth-252-module-item-mini-exam-2-retake,https://canvas.oregonstate.edu/courses/2080857/modules/items/26982654,,1,,context_module_item student-view cannot-duplicate show_assignment_menu assignment also_assignment indent_1 _requirement Assignment_10586047,captured,00002-mth-252-modules-course-modules-integral-calculus-mth-252z-400-u2026,https://canvas.oregonstate.edu/courses/2080857/modules,Assignment Mini-Exam 2 - Retake Mini-Exam 2 - Retake 50 4 assignment 26982654 1 Score at least Must score at least to complete this module item Scored at least Module item has been completed by scoring at least Score at least % Must score at least % to complete this module item Scored at least % Module item has been completed by scoring at least % View Must view in order to complete this module item Viewed Module item has been viewed and is complete Mark done Must mark this module item done in o
mi-mth-252-26982655,26982655,2080857,MTH-252,mod-mth-252-019-final-exam-available-monday-wednesday-of-week-11,19,135,Mini-Exam 3 - Retake,Assignment,assignment,10586049,obj-mth-252-assignment-10586049,00154-mth-252-module-item-mini-exam-3-retake,https://canvas.oregonstate.edu/courses/2080857/modules/items/26982655,,1,,context_module_item student-view cannot-duplicate show_assignment_menu assignment also_assignment indent_1 _requirement Assignment_10586049,captured,00002-mth-252-modules-course-modules-integral-calculus-mth-252z-400-u2026,https://canvas.oregonstate.edu/courses/2080857/modules,Assignment Mini-Exam 3 - Retake Mini-Exam 3 - Retake 50 5 assignment 26982655 1 Score at least Must score at least to complete this module item Scored at least Module item has been completed by scoring at least Score at least % Must score at least % to complete this module item Scored at least % Module item has been completed by scoring at least % View Must view in order to complete this module item Viewed Module item has been viewed and is complete Mark done Must mark this module item done in o
mi-mth-252-26982656,26982656,2080857,MTH-252,mod-mth-252-019-final-exam-available-monday-wednesday-of-week-11,19,136,Mini-Exam 4 - Retake,Assignment,assignment,10586051,obj-mth-252-assignment-10586051,00155-mth-252-module-item-mini-exam-4-retake,https://canvas.oregonstate.edu/courses/2080857/modules/items/26982656,,1,,context_module_item student-view cannot-duplicate show_assignment_menu assignment also_assignment indent_1 _requirement Assignment_10586051,captured,00002-mth-252-modules-course-modules-integral-calculus-mth-252z-400-u2026,https://canvas.oregonstate.edu/courses/2080857/modules,Assignment Mini-Exam 4 - Retake Mini-Exam 4 - Retake 50 6 assignment 26982656 1 Score at least Must score at least to complete this module item Scored at least Module item has been completed by scoring at least Score at least % Must score at least % to complete this module item Scored at least % Module item has been completed by scoring at least % View Must view in order to complete this module item Viewed Module item has been viewed and is complete Mark done Must mark this module item done in o
mi-mth-252-26982657,26982657,2080857,MTH-252,mod-mth-252-020-intro-to-calculus,20,137,What is Calculus? Links to an external site.,External Url,module_item,26982657,obj-mth-252-module-item-26982657,00529-mth-252-linked-detail-what-is-calculus,https://youtu.be/tXnYk5zLPTI,https://youtu.be/tXnYk5zLPTI,0,,context_module_item student-view external_url indent_0 _requirement ExternalUrl_0,captured,00002-mth-252-modules-course-modules-integral-calculus-mth-252z-400-u2026,https://canvas.oregonstate.edu/courses/2080857/modules,External Url What is Calculus? Links to an external site. What is Calculus? 1 external_url 26982657 0 Score at least Must score at least to complete this module item Scored at least Module item has been completed by scoring at least Score at least % Must score at least % to complete this module item Scored at least % Module item has been completed by scoring at least % View Must view in order to complete this module item Viewed Module item has been viewed and is complete Mark done Must mark this
mi-mth-252-26982658,26982658,2080857,MTH-252,mod-mth-252-021-1-1-approximating-area-under-the-curve,21,138,"Upper, Lower, Left, and Right Sums Links to an external site.",External Url,module_item,26982658,obj-mth-252-module-item-26982658,00692-mth-252-linked-detail-upper-lower-left-and-right-sums,https://youtu.be/bVYrCrG0ggo,https://youtu.be/bVYrCrG0ggo,0,,context_module_item student-view external_url indent_0 _requirement ExternalUrl_0,captured,00002-mth-252-modules-course-modules-integral-calculus-mth-252z-400-u2026,https://canvas.oregonstate.edu/courses/2080857/modules,"External Url Upper, Lower, Left, and Right Sums Links to an external site. Upper, Lower, Left, and Right Sums 1 external_url 26982658 0 Score at least Must score at least to complete this module item Scored at least Module item has been completed by scoring at least Score at least % Must score at least % to complete this module item Scored at least % Module item has been completed by scoring at least % View Must view in order to complete this module item Viewed Module item has been viewed and is"
mi-mth-252-26982659,26982659,2080857,MTH-252,mod-mth-252-021-1-1-approximating-area-under-the-curve,21,139,Area under curve: Rectangles Links to an external site.,External Url,module_item,26982659,obj-mth-252-module-item-26982659,00713-mth-252-linked-detail-area-under-curve-rectangles,https://youtu.be/eHbHQ2wqZvc,https://youtu.be/eHbHQ2wqZvc,0,,context_module_item student-view external_url indent_0 _requirement ExternalUrl_0,captured,00002-mth-252-modules-course-modules-integral-calculus-mth-252z-400-u2026,https://canvas.oregonstate.edu/courses/2080857/modules,External Url Area under curve: Rectangles Links to an external site. Area under curve: Rectangles 2 external_url 26982659 0 Score at least Must score at least to complete this module item Scored at least Module item has been completed by scoring at least Score at least % Must score at least % to complete this module item Scored at least % Module item has been completed by scoring at least % View Must view in order to complete this module item Viewed Module item has been viewed and is complete Ma
mi-mth-252-26982660,26982660,2080857,MTH-252,mod-mth-252-021-1-1-approximating-area-under-the-curve,21,140,Application: Area under curve: Distance Links to an external site.,External Url,module_item,26982660,obj-mth-252-module-item-26982660,00716-mth-252-linked-detail-application-area-under-curve-distance,https://youtu.be/DZZd1qo1n2A,https://youtu.be/DZZd1qo1n2A,0,,context_module_item student-view external_url indent_0 _requirement ExternalUrl_0,captured,00002-mth-252-modules-course-modules-integral-calculus-mth-252z-400-u2026,https://canvas.oregonstate.edu/courses/2080857/modules,External Url Application: Area under curve: Distance Links to an external site. Application: Area under curve: Distance 3 external_url 26982660 0 Score at least Must score at least to complete this module item Scored at least Module item has been completed by scoring at least Score at least % Must score at least % to complete this module item Scored at least % Module item has been completed by scoring at least % View Must view in order to complete this module item Viewed Module item has been vie
mi-mth-252-26982661,26982661,2080857,MTH-252,mod-mth-252-021-1-1-approximating-area-under-the-curve,21,141,"Area under curve, more rectangles Links to an external site.",External Url,module_item,26982661,obj-mth-252-module-item-26982661,00719-mth-252-linked-detail-area-under-curve-more-rectangles,https://youtu.be/B8WYjWiw5YM,https://youtu.be/B8WYjWiw5YM,0,,context_module_item student-view external_url indent_0 _requirement ExternalUrl_0,captured,00002-mth-252-modules-course-modules-integral-calculus-mth-252z-400-u2026,https://canvas.oregonstate.edu/courses/2080857/modules,"External Url Area under curve, more rectangles Links to an external site. Area under curve, more rectangles 4 external_url 26982661 0 Score at least Must score at least to complete this module item Scored at least Module item has been completed by scoring at least Score at least % Must score at least % to complete this module item Scored at least % Module item has been completed by scoring at least % View Must view in order to complete this module item Viewed Module item has been viewed and is c"
mi-mth-252-26982662,26982662,2080857,MTH-252,mod-mth-252-021-1-1-approximating-area-under-the-curve,21,142,"Application: Area under the graph, table Links to an external site.",External Url,module_item,26982662,obj-mth-252-module-item-26982662,00722-mth-252-linked-detail-application-area-under-the-graph-table,https://youtu.be/_lNM3EZhByw,https://youtu.be/_lNM3EZhByw,0,,context_module_item student-view external_url indent_0 _requirement ExternalUrl_0,captured,00002-mth-252-modules-course-modules-integral-calculus-mth-252z-400-u2026,https://canvas.oregonstate.edu/courses/2080857/modules,"External Url Application: Area under the graph, table Links to an external site. Application: Area under the graph, table 5 external_url 26982662 0 Score at least Must score at least to complete this module item Scored at least Module item has been completed by scoring at least Score at least % Must score at least % to complete this module item Scored at least % Module item has been completed by scoring at least % View Must view in order to complete this module item Viewed Module item has been v"
mi-mth-252-26982663,26982663,2080857,MTH-252,mod-mth-252-021-1-1-approximating-area-under-the-curve,21,143,Area under curve: Left Sum Links to an external site.,External Url,module_item,26982663,obj-mth-252-module-item-26982663,00725-mth-252-linked-detail-area-under-curve-left-sum,https://youtu.be/v9WTXqKgg7I,https://youtu.be/v9WTXqKgg7I,0,,context_module_item student-view external_url indent_0 _requirement ExternalUrl_0,captured,00002-mth-252-modules-course-modules-integral-calculus-mth-252z-400-u2026,https://canvas.oregonstate.edu/courses/2080857/modules,External Url Area under curve: Left Sum Links to an external site. Area under curve: Left Sum 6 external_url 26982663 0 Score at least Must score at least to complete this module item Scored at least Module item has been completed by scoring at least Score at least % Must score at least % to complete this module item Scored at least % Module item has been completed by scoring at least % View Must view in order to complete this module item Viewed Module item has been viewed and is complete Mark d
mi-mth-252-26982664,26982664,2080857,MTH-252,mod-mth-252-021-1-1-approximating-area-under-the-curve,21,144,Area under curve: Right Sum Links to an external site.,External Url,module_item,26982664,obj-mth-252-module-item-26982664,00728-mth-252-linked-detail-area-under-curve-right-sum,https://youtu.be/BvwyTXeuLS0,https://youtu.be/BvwyTXeuLS0,0,,context_module_item student-view external_url indent_0 _requirement ExternalUrl_0,captured,00002-mth-252-modules-course-modules-integral-calculus-mth-252z-400-u2026,https://canvas.oregonstate.edu/courses/2080857/modules,External Url Area under curve: Right Sum Links to an external site. Area under curve: Right Sum 7 external_url 26982664 0 Score at least Must score at least to complete this module item Scored at least Module item has been completed by scoring at least Score at least % Must score at least % to complete this module item Scored at least % Module item has been completed by scoring at least % View Must view in order to complete this module item Viewed Module item has been viewed and is complete Mark
mi-mth-252-26982665,26982665,2080857,MTH-252,mod-mth-252-021-1-1-approximating-area-under-the-curve,21,145,Midpoint rule 1 Links to an external site.,External Url,module_item,26982665,obj-mth-252-module-item-26982665,00731-mth-252-linked-detail-midpoint-rule-1,https://youtu.be/GIiRh4V9GvI,https://youtu.be/GIiRh4V9GvI,0,,context_module_item student-view external_url indent_0 _requirement ExternalUrl_0,captured,00002-mth-252-modules-course-modules-integral-calculus-mth-252z-400-u2026,https://canvas.oregonstate.edu/courses/2080857/modules,External Url Midpoint rule 1 Links to an external site. Midpoint rule 1 8 external_url 26982665 0 Score at least Must score at least to complete this module item Scored at least Module item has been completed by scoring at least Score at least % Must score at least % to complete this module item Scored at least % Module item has been completed by scoring at least % View Must view in order to complete this module item Viewed Module item has been viewed and is complete Mark done Must mark this mod
mi-mth-252-26982666,26982666,2080857,MTH-252,mod-mth-252-021-1-1-approximating-area-under-the-curve,21,146,Midpoint rule 2 Links to an external site.,External Url,module_item,26982666,obj-mth-252-module-item-26982666,00734-mth-252-linked-detail-midpoint-rule-2,https://youtu.be/LmVPqLOPsqc,https://youtu.be/LmVPqLOPsqc,0,,context_module_item student-view external_url indent_0 _requirement ExternalUrl_0,captured,00002-mth-252-modules-course-modules-integral-calculus-mth-252z-400-u2026,https://canvas.oregonstate.edu/courses/2080857/modules,External Url Midpoint rule 2 Links to an external site. Midpoint rule 2 9 external_url 26982666 0 Score at least Must score at least to complete this module item Scored at least Module item has been completed by scoring at least Score at least % Must score at least % to complete this module item Scored at least % Module item has been completed by scoring at least % View Must view in order to complete this module item Viewed Module item has been viewed and is complete Mark done Must mark this mod
mi-mth-252-26982667,26982667,2080857,MTH-252,mod-mth-252-021-1-1-approximating-area-under-the-curve,21,147,Midpoint rule with table Links to an external site.,External Url,module_item,26982667,obj-mth-252-module-item-26982667,00737-mth-252-linked-detail-midpoint-rule-with-table,https://youtu.be/5FYkXyyTnUE,https://youtu.be/5FYkXyyTnUE,0,,context_module_item student-view external_url indent_0 _requirement ExternalUrl_0,captured,00002-mth-252-modules-course-modules-integral-calculus-mth-252z-400-u2026,https://canvas.oregonstate.edu/courses/2080857/modules,External Url Midpoint rule with table Links to an external site. Midpoint rule with table 10 external_url 26982667 0 Score at least Must score at least to complete this module item Scored at least Module item has been completed by scoring at least Score at least % Must score at least % to complete this module item Scored at least % Module item has been completed by scoring at least % View Must view in order to complete this module item Viewed Module item has been viewed and is complete Mark done
mi-mth-252-26982668,26982668,2080857,MTH-252,mod-mth-252-022-1-2-definite-integrals,22,148,Riemann sums: Right Sum Links to an external site.,External Url,module_item,26982668,obj-mth-252-module-item-26982668,00740-mth-252-linked-detail-riemann-sums-right-sum,https://youtu.be/PjiB_-cVly0,https://youtu.be/PjiB_-cVly0,0,,context_module_item student-view external_url indent_0 _requirement ExternalUrl_0,captured,00002-mth-252-modules-course-modules-integral-calculus-mth-252z-400-u2026,https://canvas.oregonstate.edu/courses/2080857/modules,External Url Riemann sums: Right Sum Links to an external site. Riemann sums: Right Sum 1 external_url 26982668 0 Score at least Must score at least to complete this module item Scored at least Module item has been completed by scoring at least Score at least % Must score at least % to complete this module item Scored at least % Module item has been completed by scoring at least % View Must view in order to complete this module item Viewed Module item has been viewed and is complete Mark done Mu
mi-mth-252-26982669,26982669,2080857,MTH-252,mod-mth-252-022-1-2-definite-integrals,22,149,Intro: Definite Integral Links to an external site.,External Url,module_item,26982669,obj-mth-252-module-item-26982669,00743-mth-252-linked-detail-intro-definite-integral,https://youtu.be/VDOBMZRWxmw,https://youtu.be/VDOBMZRWxmw,0,,context_module_item student-view external_url indent_0 _requirement ExternalUrl_0,captured,00002-mth-252-modules-course-modules-integral-calculus-mth-252z-400-u2026,https://canvas.oregonstate.edu/courses/2080857/modules,External Url Intro: Definite Integral Links to an external site. Intro: Definite Integral 2 external_url 26982669 0 Score at least Must score at least to complete this module item Scored at least Module item has been completed by scoring at least Score at least % Must score at least % to complete this module item Scored at least % Module item has been completed by scoring at least % View Must view in order to complete this module item Viewed Module item has been viewed and is complete Mark done 
mi-mth-252-26982670,26982670,2080857,MTH-252,mod-mth-252-022-1-2-definite-integrals,22,150,Definite integral: Using geometry Links to an external site.,External Url,module_item,26982670,obj-mth-252-module-item-26982670,00746-mth-252-linked-detail-definite-integral-using-geometry,https://youtu.be/jTjrLTEQEws,https://youtu.be/jTjrLTEQEws,0,,context_module_item student-view external_url indent_0 _requirement ExternalUrl_0,captured,00002-mth-252-modules-course-modules-integral-calculus-mth-252z-400-u2026,https://canvas.oregonstate.edu/courses/2080857/modules,External Url Definite integral: Using geometry Links to an external site. Definite integral: Using geometry 3 external_url 26982670 0 Score at least Must score at least to complete this module item Scored at least Module item has been completed by scoring at least Score at least % Must score at least % to complete this module item Scored at least % Module item has been completed by scoring at least % View Must view in order to complete this module item Viewed Module item has been viewed and is c
mi-mth-252-26982671,26982671,2080857,MTH-252,mod-mth-252-022-1-2-definite-integrals,22,151,Definite integral: Setting up the integral Links to an external site.,External Url,module_item,26982671,obj-mth-252-module-item-26982671,00749-mth-252-linked-detail-definite-integral-setting-up-the-integral,https://youtu.be/6pQUsnRKxSg,https://youtu.be/6pQUsnRKxSg,0,,context_module_item student-view external_url indent_0 _requirement ExternalUrl_0,captured,00002-mth-252-modules-course-modules-integral-calculus-mth-252z-400-u2026,https://canvas.oregonstate.edu/courses/2080857/modules,External Url Definite integral: Setting up the integral Links to an external site. Definite integral: Setting up the integral 4 external_url 26982671 0 Score at least Must score at least to complete this module item Scored at least Module item has been completed by scoring at least Score at least % Must score at least % to complete this module item Scored at least % Module item has been completed by scoring at least % View Must view in order to complete this module item Viewed Module item has be
mi-mth-252-26982672,26982672,2080857,MTH-252,mod-mth-252-022-1-2-definite-integrals,22,152,Convert Riemann sum to integrals Links to an external site.,External Url,module_item,26982672,obj-mth-252-module-item-26982672,00752-mth-252-linked-detail-convert-riemann-sum-to-integrals,https://youtu.be/FZKRsD9FqU4,https://youtu.be/FZKRsD9FqU4,0,,context_module_item student-view external_url indent_0 _requirement ExternalUrl_0,captured,00002-mth-252-modules-course-modules-integral-calculus-mth-252z-400-u2026,https://canvas.oregonstate.edu/courses/2080857/modules,External Url Convert Riemann sum to integrals Links to an external site. Convert Riemann sum to integrals 5 external_url 26982672 0 Score at least Must score at least to complete this module item Scored at least Module item has been completed by scoring at least Score at least % Must score at least % to complete this module item Scored at least % Module item has been completed by scoring at least % View Must view in order to complete this module item Viewed Module item has been viewed and is com
mi-mth-252-26982673,26982673,2080857,MTH-252,mod-mth-252-022-1-2-definite-integrals,22,153,Definite integral: Properties continued Links to an external site.,External Url,module_item,26982673,obj-mth-252-module-item-26982673,00755-mth-252-linked-detail-definite-integral-properties-continued,https://youtu.be/UgUKjUAkwN8,https://youtu.be/UgUKjUAkwN8,0,,context_module_item student-view external_url indent_0 _requirement ExternalUrl_0,captured,00002-mth-252-modules-course-modules-integral-calculus-mth-252z-400-u2026,https://canvas.oregonstate.edu/courses/2080857/modules,External Url Definite integral: Properties continued Links to an external site. Definite integral: Properties continued 6 external_url 26982673 0 Score at least Must score at least to complete this module item Scored at least Module item has been completed by scoring at least Score at least % Must score at least % to complete this module item Scored at least % Module item has been completed by scoring at least % View Must view in order to complete this module item Viewed Module item has been vie
mi-mth-252-26982674,26982674,2080857,MTH-252,mod-mth-252-022-1-2-definite-integrals,22,154,Definite integrals: Properties Links to an external site.,External Url,module_item,26982674,obj-mth-252-module-item-26982674,00758-mth-252-linked-detail-definite-integrals-properties,https://youtu.be/ycOZVVVXHvM,https://youtu.be/ycOZVVVXHvM,0,,context_module_item student-view external_url indent_0 _requirement ExternalUrl_0,captured,00002-mth-252-modules-course-modules-integral-calculus-mth-252z-400-u2026,https://canvas.oregonstate.edu/courses/2080857/modules,External Url Definite integrals: Properties Links to an external site. Definite integrals: Properties 7 external_url 26982674 0 Score at least Must score at least to complete this module item Scored at least Module item has been completed by scoring at least Score at least % Must score at least % to complete this module item Scored at least % Module item has been completed by scoring at least % View Must view in order to complete this module item Viewed Module item has been viewed and is complet
mi-mth-252-26982675,26982675,2080857,MTH-252,mod-mth-252-022-1-2-definite-integrals,22,155,Definite integral: Intro and application Links to an external site.,External Url,module_item,26982675,obj-mth-252-module-item-26982675,00761-mth-252-linked-detail-definite-integral-intro-and-application,https://youtu.be/HnZTll3OmIc,https://youtu.be/HnZTll3OmIc,0,,context_module_item student-view external_url indent_0 _requirement ExternalUrl_0,captured,00002-mth-252-modules-course-modules-integral-calculus-mth-252z-400-u2026,https://canvas.oregonstate.edu/courses/2080857/modules,External Url Definite integral: Intro and application Links to an external site. Definite integral: Intro and application 8 external_url 26982675 0 Score at least Must score at least to complete this module item Scored at least Module item has been completed by scoring at least Score at least % Must score at least % to complete this module item Scored at least % Module item has been completed by scoring at least % View Must view in order to complete this module item Viewed Module item has been v
mi-mth-252-26982676,26982676,2080857,MTH-252,mod-mth-252-022-1-2-definite-integrals,22,156,Definite integral: Function plus constant Links to an external site.,External Url,module_item,26982676,obj-mth-252-module-item-26982676,00764-mth-252-linked-detail-definite-integral-function-plus-constant,https://youtu.be/kmnvYAS409s,https://youtu.be/kmnvYAS409s,0,,context_module_item student-view external_url indent_0 _requirement ExternalUrl_0,captured,00002-mth-252-modules-course-modules-integral-calculus-mth-252z-400-u2026,https://canvas.oregonstate.edu/courses/2080857/modules,External Url Definite integral: Function plus constant Links to an external site. Definite integral: Function plus constant 9 external_url 26982676 0 Score at least Must score at least to complete this module item Scored at least Module item has been completed by scoring at least Score at least % Must score at least % to complete this module item Scored at least % Module item has been completed by scoring at least % View Must view in order to complete this module item Viewed Module item has been
mi-mth-252-26982677,26982677,2080857,MTH-252,mod-mth-252-022-1-2-definite-integrals,22,157,Definite integral: Constant*function Links to an external site.,External Url,module_item,26982677,obj-mth-252-module-item-26982677,00767-mth-252-linked-detail-definite-integral-constant-function,https://youtu.be/csjUDj6HMpc,https://youtu.be/csjUDj6HMpc,0,,context_module_item student-view external_url indent_0 _requirement ExternalUrl_0,captured,00002-mth-252-modules-course-modules-integral-calculus-mth-252z-400-u2026,https://canvas.oregonstate.edu/courses/2080857/modules,External Url Definite integral: Constant*function Links to an external site. Definite integral: Constant*function 10 external_url 26982677 0 Score at least Must score at least to complete this module item Scored at least Module item has been completed by scoring at least Score at least % Must score at least % to complete this module item Scored at least % Module item has been completed by scoring at least % View Must view in order to complete this module item Viewed Module item has been viewed a
mi-mth-252-26982678,26982678,2080857,MTH-252,mod-mth-252-022-1-2-definite-integrals,22,158,Definite integral: Trig Links to an external site.,External Url,module_item,26982678,obj-mth-252-module-item-26982678,00770-mth-252-linked-detail-definite-integral-trig,https://youtu.be/itmNYsvNiHs,https://youtu.be/itmNYsvNiHs,0,,context_module_item student-view external_url indent_0 _requirement ExternalUrl_0,captured,00002-mth-252-modules-course-modules-integral-calculus-mth-252z-400-u2026,https://canvas.oregonstate.edu/courses/2080857/modules,External Url Definite integral: Trig Links to an external site. Definite integral: Trig 11 external_url 26982678 0 Score at least Must score at least to complete this module item Scored at least Module item has been completed by scoring at least Score at least % Must score at least % to complete this module item Scored at least % Module item has been completed by scoring at least % View Must view in order to complete this module item Viewed Module item has been viewed and is complete Mark done M
mi-mth-252-26982679,26982679,2080857,MTH-252,mod-mth-252-023-1-3-fundamental-theorem-of-calculus-i-ii-antiderivatives,23,159,Fundamental Theorem of Calc (FToC): Area function Links to an external site.,External Url,module_item,26982679,obj-mth-252-module-item-26982679,00773-mth-252-linked-detail-fundamental-theorem-of-calc-ftoc-area-function,https://youtu.be/jyRdHbHeUuU,https://youtu.be/jyRdHbHeUuU,0,,context_module_item student-view external_url indent_0 _requirement ExternalUrl_0,captured,00002-mth-252-modules-course-modules-integral-calculus-mth-252z-400-u2026,https://canvas.oregonstate.edu/courses/2080857/modules,External Url Fundamental Theorem of Calc (FToC): Area function Links to an external site. Fundamental Theorem of Calc (FToC): Area function 1 external_url 26982679 0 Score at least Must score at least to complete this module item Scored at least Module item has been completed by scoring at least Score at least % Must score at least % to complete this module item Scored at least % Module item has been completed by scoring at least % View Must view in order to complete this module item Viewed Modu
mi-mth-252-26982680,26982680,2080857,MTH-252,mod-mth-252-023-1-3-fundamental-theorem-of-calculus-i-ii-antiderivatives,23,160,Area Accumulation Graph Analysis (OpenStax Specific) Links to an external site.,External Url,module_item,26982680,obj-mth-252-module-item-26982680,00776-mth-252-linked-detail-area-accumulation-graph-analysis-openstax-specific,https://youtu.be/yjJ1JIvX7t4,https://youtu.be/yjJ1JIvX7t4,0,,context_module_item student-view external_url indent_0 _requirement ExternalUrl_0,captured,00002-mth-252-modules-course-modules-integral-calculus-mth-252z-400-u2026,https://canvas.oregonstate.edu/courses/2080857/modules,External Url Area Accumulation Graph Analysis (OpenStax Specific) Links to an external site. Area Accumulation Graph Analysis (OpenStax Specific) 2 external_url 26982680 0 Score at least Must score at least to complete this module item Scored at least Module item has been completed by scoring at least Score at least % Must score at least % to complete this module item Scored at least % Module item has been completed by scoring at least % View Must view in order to complete this module item Viewe
mi-mth-252-26982681,26982681,2080857,MTH-252,mod-mth-252-023-1-3-fundamental-theorem-of-calculus-i-ii-antiderivatives,23,161,Fundamental Theorem of Calc (FToC): Definite integrals Links to an external site.,External Url,module_item,26982681,obj-mth-252-module-item-26982681,00779-mth-252-linked-detail-fundamental-theorem-of-calc-ftoc-definite-integrals,https://youtu.be/ZTqEj1NyGPw,https://youtu.be/ZTqEj1NyGPw,0,,context_module_item student-view external_url indent_0 _requirement ExternalUrl_0,captured,00002-mth-252-modules-course-modules-integral-calculus-mth-252z-400-u2026,https://canvas.oregonstate.edu/courses/2080857/modules,External Url Fundamental Theorem of Calc (FToC): Definite integrals Links to an external site. Fundamental Theorem of Calc (FToC): Definite integrals 3 external_url 26982681 0 Score at least Must score at least to complete this module item Scored at least Module item has been completed by scoring at least Score at least % Must score at least % to complete this module item Scored at least % Module item has been completed by scoring at least % View Must view in order to complete this module item V
mi-mth-252-26982682,26982682,2080857,MTH-252,mod-mth-252-023-1-3-fundamental-theorem-of-calculus-i-ii-antiderivatives,23,162,FToC: Setup and solve Links to an external site.,External Url,module_item,26982682,obj-mth-252-module-item-26982682,00782-mth-252-linked-detail-ftoc-setup-and-solve,https://youtu.be/YE9jpfxEFYk,https://youtu.be/YE9jpfxEFYk,0,,context_module_item student-view external_url indent_0 _requirement ExternalUrl_0,captured,00002-mth-252-modules-course-modules-integral-calculus-mth-252z-400-u2026,https://canvas.oregonstate.edu/courses/2080857/modules,External Url FToC: Setup and solve Links to an external site. FToC: Setup and solve 4 external_url 26982682 0 Score at least Must score at least to complete this module item Scored at least Module item has been completed by scoring at least Score at least % Must score at least % to complete this module item Scored at least % Module item has been completed by scoring at least % View Must view in order to complete this module item Viewed Module item has been viewed and is complete Mark done Must m
mi-mth-252-26982683,26982683,2080857,MTH-252,mod-mth-252-023-1-3-fundamental-theorem-of-calculus-i-ii-antiderivatives,23,163,FToC: Example Links to an external site.,External Url,module_item,26982683,obj-mth-252-module-item-26982683,00785-mth-252-linked-detail-ftoc-example,https://youtu.be/gJtkTRjqM6I,https://youtu.be/gJtkTRjqM6I,0,,context_module_item student-view external_url indent_0 _requirement ExternalUrl_0,captured,00002-mth-252-modules-course-modules-integral-calculus-mth-252z-400-u2026,https://canvas.oregonstate.edu/courses/2080857/modules,External Url FToC: Example Links to an external site. FToC: Example 5 external_url 26982683 0 Score at least Must score at least to complete this module item Scored at least Module item has been completed by scoring at least Score at least % Must score at least % to complete this module item Scored at least % Module item has been completed by scoring at least % View Must view in order to complete this module item Viewed Module item has been viewed and is complete Mark done Must mark this module 
mi-mth-252-26982684,26982684,2080857,MTH-252,mod-mth-252-023-1-3-fundamental-theorem-of-calculus-i-ii-antiderivatives,23,164,FToC: Polynomial example Links to an external site.,External Url,module_item,26982684,obj-mth-252-module-item-26982684,00788-mth-252-linked-detail-ftoc-polynomial-example,https://youtu.be/X5ke8bUiiQM,https://youtu.be/X5ke8bUiiQM,0,,context_module_item student-view external_url indent_0 _requirement ExternalUrl_0,captured,00002-mth-252-modules-course-modules-integral-calculus-mth-252z-400-u2026,https://canvas.oregonstate.edu/courses/2080857/modules,External Url FToC: Polynomial example Links to an external site. FToC: Polynomial example 6 external_url 26982684 0 Score at least Must score at least to complete this module item Scored at least Module item has been completed by scoring at least Score at least % Must score at least % to complete this module item Scored at least % Module item has been completed by scoring at least % View Must view in order to complete this module item Viewed Module item has been viewed and is complete Mark done 
mi-mth-252-26982685,26982685,2080857,MTH-252,mod-mth-252-023-1-3-fundamental-theorem-of-calculus-i-ii-antiderivatives,23,165,FToC: Trig example Links to an external site.,External Url,module_item,26982685,obj-mth-252-module-item-26982685,00791-mth-252-linked-detail-ftoc-trig-example,https://youtu.be/GwOhAkU-A0M,https://youtu.be/GwOhAkU-A0M,0,,context_module_item student-view external_url indent_0 _requirement ExternalUrl_0,captured,00002-mth-252-modules-course-modules-integral-calculus-mth-252z-400-u2026,https://canvas.oregonstate.edu/courses/2080857/modules,External Url FToC: Trig example Links to an external site. FToC: Trig example 7 external_url 26982685 0 Score at least Must score at least to complete this module item Scored at least Module item has been completed by scoring at least Score at least % Must score at least % to complete this module item Scored at least % Module item has been completed by scoring at least % View Must view in order to complete this module item Viewed Module item has been viewed and is complete Mark done Must mark th
mi-mth-252-26982686,26982686,2080857,MTH-252,mod-mth-252-023-1-3-fundamental-theorem-of-calculus-i-ii-antiderivatives,23,166,FToC: Example using area Links to an external site.,External Url,module_item,26982686,obj-mth-252-module-item-26982686,00794-mth-252-linked-detail-ftoc-example-using-area,https://youtu.be/zdWBJTOfdiM,https://youtu.be/zdWBJTOfdiM,0,,context_module_item student-view external_url indent_0 _requirement ExternalUrl_0,captured,00002-mth-252-modules-course-modules-integral-calculus-mth-252z-400-u2026,https://canvas.oregonstate.edu/courses/2080857/modules,External Url FToC: Example using area Links to an external site. FToC: Example using area 8 external_url 26982686 0 Score at least Must score at least to complete this module item Scored at least Module item has been completed by scoring at least Score at least % Must score at least % to complete this module item Scored at least % Module item has been completed by scoring at least % View Must view in order to complete this module item Viewed Module item has been viewed and is complete Mark done 
mi-mth-252-26982687,26982687,2080857,MTH-252,mod-mth-252-023-1-3-fundamental-theorem-of-calculus-i-ii-antiderivatives,23,167,The antiderivative 1 Links to an external site.,External Url,module_item,26982687,obj-mth-252-module-item-26982687,00797-mth-252-linked-detail-the-antiderivative-1,https://youtu.be/US8p_qO4Or8,https://youtu.be/US8p_qO4Or8,0,,context_module_item student-view external_url indent_0 _requirement ExternalUrl_0,captured,00002-mth-252-modules-course-modules-integral-calculus-mth-252z-400-u2026,https://canvas.oregonstate.edu/courses/2080857/modules,External Url The antiderivative 1 Links to an external site. The antiderivative 1 9 external_url 26982687 0 Score at least Must score at least to complete this module item Scored at least Module item has been completed by scoring at least Score at least % Must score at least % to complete this module item Scored at least % Module item has been completed by scoring at least % View Must view in order to complete this module item Viewed Module item has been viewed and is complete Mark done Must mar
mi-mth-252-26982688,26982688,2080857,MTH-252,mod-mth-252-023-1-3-fundamental-theorem-of-calculus-i-ii-antiderivatives,23,168,The antiderivative 2 Links to an external site.,External Url,module_item,26982688,obj-mth-252-module-item-26982688,00800-mth-252-linked-detail-the-antiderivative-2,https://youtu.be/0s4_ojV_HNY,https://youtu.be/0s4_ojV_HNY,0,,context_module_item student-view external_url indent_0 _requirement ExternalUrl_0,captured,00002-mth-252-modules-course-modules-integral-calculus-mth-252z-400-u2026,https://canvas.oregonstate.edu/courses/2080857/modules,External Url The antiderivative 2 Links to an external site. The antiderivative 2 10 external_url 26982688 0 Score at least Must score at least to complete this module item Scored at least Module item has been completed by scoring at least Score at least % Must score at least % to complete this module item Scored at least % Module item has been completed by scoring at least % View Must view in order to complete this module item Viewed Module item has been viewed and is complete Mark done Must ma
mi-mth-252-26982689,26982689,2080857,MTH-252,mod-mth-252-023-1-3-fundamental-theorem-of-calculus-i-ii-antiderivatives,23,169,The antiderivative (trig) Links to an external site.,External Url,module_item,26982689,obj-mth-252-module-item-26982689,00803-mth-252-linked-detail-the-antiderivative-trig,https://youtu.be/7TPVm_DwsYE,https://youtu.be/7TPVm_DwsYE,0,,context_module_item student-view external_url indent_0 _requirement ExternalUrl_0,captured,00002-mth-252-modules-course-modules-integral-calculus-mth-252z-400-u2026,https://canvas.oregonstate.edu/courses/2080857/modules,External Url The antiderivative (trig) Links to an external site. The antiderivative (trig) 11 external_url 26982689 0 Score at least Must score at least to complete this module item Scored at least Module item has been completed by scoring at least Score at least % Must score at least % to complete this module item Scored at least % Module item has been completed by scoring at least % View Must view in order to complete this module item Viewed Module item has been viewed and is complete Mark do
mi-mth-252-26982690,26982690,2080857,MTH-252,mod-mth-252-023-1-3-fundamental-theorem-of-calculus-i-ii-antiderivatives,23,170,Find antiderivative 2 Links to an external site.,External Url,module_item,26982690,obj-mth-252-module-item-26982690,00806-mth-252-linked-detail-find-antiderivative-2,https://youtu.be/-_FJ1V5_Fcc,https://youtu.be/-_FJ1V5_Fcc,0,,context_module_item student-view external_url indent_0 _requirement ExternalUrl_0,captured,00002-mth-252-modules-course-modules-integral-calculus-mth-252z-400-u2026,https://canvas.oregonstate.edu/courses/2080857/modules,External Url Find antiderivative 2 Links to an external site. Find antiderivative 2 12 external_url 26982690 0 Score at least Must score at least to complete this module item Scored at least Module item has been completed by scoring at least Score at least % Must score at least % to complete this module item Scored at least % Module item has been completed by scoring at least % View Must view in order to complete this module item Viewed Module item has been viewed and is complete Mark done Must 
mi-mth-252-26982691,26982691,2080857,MTH-252,mod-mth-252-023-1-3-fundamental-theorem-of-calculus-i-ii-antiderivatives,23,171,Find antiderivative 3 Links to an external site.,External Url,module_item,26982691,obj-mth-252-module-item-26982691,00809-mth-252-linked-detail-find-antiderivative-3,https://youtu.be/KM61G41NKGY,https://youtu.be/KM61G41NKGY,0,,context_module_item student-view external_url indent_0 _requirement ExternalUrl_0,captured,00002-mth-252-modules-course-modules-integral-calculus-mth-252z-400-u2026,https://canvas.oregonstate.edu/courses/2080857/modules,External Url Find antiderivative 3 Links to an external site. Find antiderivative 3 13 external_url 26982691 0 Score at least Must score at least to complete this module item Scored at least Module item has been completed by scoring at least Score at least % Must score at least % to complete this module item Scored at least % Module item has been completed by scoring at least % View Must view in order to complete this module item Viewed Module item has been viewed and is complete Mark done Must 
mi-mth-252-26982692,26982692,2080857,MTH-252,mod-mth-252-024-1-3-continued-working-with-integrals,24,172,Average value of a function Links to an external site.,External Url,module_item,26982692,obj-mth-252-module-item-26982692,00812-mth-252-linked-detail-average-value-of-a-function,https://youtu.be/2ikYbP6DpzE,https://youtu.be/2ikYbP6DpzE,0,,context_module_item student-view external_url indent_0 _requirement ExternalUrl_0,captured,00002-mth-252-modules-course-modules-integral-calculus-mth-252z-400-u2026,https://canvas.oregonstate.edu/courses/2080857/modules,External Url Average value of a function Links to an external site. Average value of a function 1 external_url 26982692 0 Score at least Must score at least to complete this module item Scored at least Module item has been completed by scoring at least Score at least % Must score at least % to complete this module item Scored at least % Module item has been completed by scoring at least % View Must view in order to complete this module item Viewed Module item has been viewed and is complete Mark
mi-mth-252-26982693,26982693,2080857,MTH-252,mod-mth-252-024-1-3-continued-working-with-integrals,24,173,Average Value: Find C Value(s) (Alta Specific) Links to an external site.,External Url,module_item,26982693,obj-mth-252-module-item-26982693,00815-mth-252-linked-detail-average-value-find-c-value-s-alta-specific,https://youtu.be/20XiiJFlgd0,https://youtu.be/20XiiJFlgd0,0,,context_module_item student-view external_url indent_0 _requirement ExternalUrl_0,captured,00002-mth-252-modules-course-modules-integral-calculus-mth-252z-400-u2026,https://canvas.oregonstate.edu/courses/2080857/modules,External Url Average Value: Find C Value(s) (Alta Specific) Links to an external site. Average Value: Find C Value(s) (Alta Specific) 2 external_url 26982693 0 Score at least Must score at least to complete this module item Scored at least Module item has been completed by scoring at least Score at least % Must score at least % to complete this module item Scored at least % Module item has been completed by scoring at least % View Must view in order to complete this module item Viewed Module ite
mi-mth-252-26982694,26982694,2080857,MTH-252,mod-mth-252-024-1-3-continued-working-with-integrals,24,174,Average value of f continued Links to an external site.,External Url,module_item,26982694,obj-mth-252-module-item-26982694,00813-mth-252-linked-detail-average-value-of-f-continued,https://youtu.be/3BxBjhsoF6o,https://youtu.be/3BxBjhsoF6o,0,,context_module_item student-view external_url indent_0 _requirement ExternalUrl_0,captured,00002-mth-252-modules-course-modules-integral-calculus-mth-252z-400-u2026,https://canvas.oregonstate.edu/courses/2080857/modules,External Url Average value of f continued Links to an external site. Average value of f continued 3 external_url 26982694 0 Score at least Must score at least to complete this module item Scored at least Module item has been completed by scoring at least Score at least % Must score at least % to complete this module item Scored at least % Module item has been completed by scoring at least % View Must view in order to complete this module item Viewed Module item has been viewed and is complete Ma
mi-mth-252-26982695,26982695,2080857,MTH-252,mod-mth-252-024-1-3-continued-working-with-integrals,24,175,Average temperature Links to an external site.,External Url,module_item,26982695,obj-mth-252-module-item-26982695,00810-mth-252-linked-detail-average-temperature,https://youtu.be/ba7HOTlDBec,https://youtu.be/ba7HOTlDBec,0,,context_module_item student-view external_url indent_0 _requirement ExternalUrl_0,captured,00002-mth-252-modules-course-modules-integral-calculus-mth-252z-400-u2026,https://canvas.oregonstate.edu/courses/2080857/modules,External Url Average temperature Links to an external site. Average temperature 4 external_url 26982695 0 Score at least Must score at least to complete this module item Scored at least Module item has been completed by scoring at least Score at least % Must score at least % to complete this module item Scored at least % Module item has been completed by scoring at least % View Must view in order to complete this module item Viewed Module item has been viewed and is complete Mark done Must mark 
mi-mth-252-26982696,26982696,2080857,MTH-252,mod-mth-252-024-1-3-continued-working-with-integrals,24,176,Application: Average value of investment Links to an external site.,External Url,module_item,26982696,obj-mth-252-module-item-26982696,00807-mth-252-linked-detail-application-average-value-of-investment,https://youtu.be/80fxxec6ihM,https://youtu.be/80fxxec6ihM,0,,context_module_item student-view external_url indent_0 _requirement ExternalUrl_0,captured,00002-mth-252-modules-course-modules-integral-calculus-mth-252z-400-u2026,https://canvas.oregonstate.edu/courses/2080857/modules,External Url Application: Average value of investment Links to an external site. Application: Average value of investment 5 external_url 26982696 0 Score at least Must score at least to complete this module item Scored at least Module item has been completed by scoring at least Score at least % Must score at least % to complete this module item Scored at least % Module item has been completed by scoring at least % View Must view in order to complete this module item Viewed Module item has been v
mi-mth-252-26982697,26982697,2080857,MTH-252,mod-mth-252-025-1-4-integration-formulas-and-net-change,25,177,Intro: Net change theorem Links to an external site.,External Url,module_item,26982697,obj-mth-252-module-item-26982697,00804-mth-252-linked-detail-intro-net-change-theorem,https://youtu.be/EivFp4mscX4,https://youtu.be/EivFp4mscX4,0,,context_module_item student-view external_url indent_0 _requirement ExternalUrl_0,captured,00002-mth-252-modules-course-modules-integral-calculus-mth-252z-400-u2026,https://canvas.oregonstate.edu/courses/2080857/modules,External Url Intro: Net change theorem Links to an external site. Intro: Net change theorem 1 external_url 26982697 0 Score at least Must score at least to complete this module item Scored at least Module item has been completed by scoring at least Score at least % Must score at least % to complete this module item Scored at least % Module item has been completed by scoring at least % View Must view in order to complete this module item Viewed Module item has been viewed and is complete Mark don
mi-mth-252-26982698,26982698,2080857,MTH-252,mod-mth-252-025-1-4-integration-formulas-and-net-change,25,178,Net change in population Links to an external site.,External Url,module_item,26982698,obj-mth-252-module-item-26982698,00801-mth-252-linked-detail-net-change-in-population,https://youtu.be/jX2MPRxtTwE,https://youtu.be/jX2MPRxtTwE,0,,context_module_item student-view external_url indent_0 _requirement ExternalUrl_0,captured,00002-mth-252-modules-course-modules-integral-calculus-mth-252z-400-u2026,https://canvas.oregonstate.edu/courses/2080857/modules,External Url Net change in population Links to an external site. Net change in population 2 external_url 26982698 0 Score at least Must score at least to complete this module item Scored at least Module item has been completed by scoring at least Score at least % Must score at least % to complete this module item Scored at least % Module item has been completed by scoring at least % View Must view in order to complete this module item Viewed Module item has been viewed and is complete Mark done 
mi-mth-252-26982699,26982699,2080857,MTH-252,mod-mth-252-025-1-4-integration-formulas-and-net-change,25,179,Net Displacement at Time t (Alta Specific) Links to an external site.,External Url,module_item,26982699,obj-mth-252-module-item-26982699,00798-mth-252-linked-detail-net-displacement-at-time-t-alta-specific,https://youtu.be/HLYafwRnYyk,https://youtu.be/HLYafwRnYyk,0,,context_module_item student-view external_url indent_0 _requirement ExternalUrl_0,captured,00002-mth-252-modules-course-modules-integral-calculus-mth-252z-400-u2026,https://canvas.oregonstate.edu/courses/2080857/modules,External Url Net Displacement at Time t (Alta Specific) Links to an external site. Net Displacement at Time t (Alta Specific) 3 external_url 26982699 0 Score at least Must score at least to complete this module item Scored at least Module item has been completed by scoring at least Score at least % Must score at least % to complete this module item Scored at least % Module item has been completed by scoring at least % View Must view in order to complete this module item Viewed Module item has be
mi-mth-252-26982700,26982700,2080857,MTH-252,mod-mth-252-025-1-4-integration-formulas-and-net-change,25,180,"Area under the curve: Interpretation, velocity Links to an external site.",External Url,module_item,26982700,obj-mth-252-module-item-26982700,00795-mth-252-linked-detail-area-under-the-curve-interpretation-velocity,https://youtu.be/Z_OHgubPJKA,https://youtu.be/Z_OHgubPJKA,0,,context_module_item student-view external_url indent_0 _requirement ExternalUrl_0,captured,00002-mth-252-modules-course-modules-integral-calculus-mth-252z-400-u2026,https://canvas.oregonstate.edu/courses/2080857/modules,"External Url Area under the curve: Interpretation, velocity Links to an external site. Area under the curve: Interpretation, velocity 4 external_url 26982700 0 Score at least Must score at least to complete this module item Scored at least Module item has been completed by scoring at least Score at least % Must score at least % to complete this module item Scored at least % Module item has been completed by scoring at least % View Must view in order to complete this module item Viewed Module ite"
mi-mth-252-26982701,26982701,2080857,MTH-252,mod-mth-252-025-1-4-integration-formulas-and-net-change,25,181,Velocity example 1 Links to an external site.,External Url,module_item,26982701,obj-mth-252-module-item-26982701,00792-mth-252-linked-detail-velocity-example-1,https://youtu.be/VS2CEu6qbUg,https://youtu.be/VS2CEu6qbUg,0,,context_module_item student-view external_url indent_0 _requirement ExternalUrl_0,captured,00002-mth-252-modules-course-modules-integral-calculus-mth-252z-400-u2026,https://canvas.oregonstate.edu/courses/2080857/modules,External Url Velocity example 1 Links to an external site. Velocity example 1 5 external_url 26982701 0 Score at least Must score at least to complete this module item Scored at least Module item has been completed by scoring at least Score at least % Must score at least % to complete this module item Scored at least % Module item has been completed by scoring at least % View Must view in order to complete this module item Viewed Module item has been viewed and is complete Mark done Must mark th
mi-mth-252-26982702,26982702,2080857,MTH-252,mod-mth-252-025-1-4-integration-formulas-and-net-change,25,182,Future value Links to an external site.,External Url,module_item,26982702,obj-mth-252-module-item-26982702,00789-mth-252-linked-detail-future-value,https://youtu.be/rlyoHQn8eSY,https://youtu.be/rlyoHQn8eSY,0,,context_module_item student-view external_url indent_0 _requirement ExternalUrl_0,captured,00002-mth-252-modules-course-modules-integral-calculus-mth-252z-400-u2026,https://canvas.oregonstate.edu/courses/2080857/modules,External Url Future value Links to an external site. Future value 6 external_url 26982702 0 Score at least Must score at least to complete this module item Scored at least Module item has been completed by scoring at least Score at least % Must score at least % to complete this module item Scored at least % Module item has been completed by scoring at least % View Must view in order to complete this module item Viewed Module item has been viewed and is complete Mark done Must mark this module it
mi-mth-252-26982703,26982703,2080857,MTH-252,mod-mth-252-025-1-4-integration-formulas-and-net-change,25,183,Integration: Odd/Even functions Links to an external site.,External Url,module_item,26982703,obj-mth-252-module-item-26982703,00786-mth-252-linked-detail-integration-odd-even-functions,https://youtu.be/gxcZ80pWOx0,https://youtu.be/gxcZ80pWOx0,0,,context_module_item student-view external_url indent_0 _requirement ExternalUrl_0,captured,00002-mth-252-modules-course-modules-integral-calculus-mth-252z-400-u2026,https://canvas.oregonstate.edu/courses/2080857/modules,External Url Integration: Odd/Even functions Links to an external site. Integration: Odd/Even functions 7 external_url 26982703 0 Score at least Must score at least to complete this module item Scored at least Module item has been completed by scoring at least Score at least % Must score at least % to complete this module item Scored at least % Module item has been completed by scoring at least % View Must view in order to complete this module item Viewed Module item has been viewed and is compl
mi-mth-252-26982704,26982704,2080857,MTH-252,mod-mth-252-025-1-4-integration-formulas-and-net-change,25,184,Integration: Odd/Even function continued Links to an external site.,External Url,module_item,26982704,obj-mth-252-module-item-26982704,00783-mth-252-linked-detail-integration-odd-even-function-continued,https://youtu.be/MKM_E81rFII,https://youtu.be/MKM_E81rFII,0,,context_module_item student-view external_url indent_0 _requirement ExternalUrl_0,captured,00002-mth-252-modules-course-modules-integral-calculus-mth-252z-400-u2026,https://canvas.oregonstate.edu/courses/2080857/modules,External Url Integration: Odd/Even function continued Links to an external site. Integration: Odd/Even function continued 8 external_url 26982704 0 Score at least Must score at least to complete this module item Scored at least Module item has been completed by scoring at least Score at least % Must score at least % to complete this module item Scored at least % Module item has been completed by scoring at least % View Must view in order to complete this module item Viewed Module item has been v
mi-mth-252-26982705,26982705,2080857,MTH-252,mod-mth-252-026-1-5-substitution-u-sub,26,185,Intro. Substitution Links to an external site.,External Url,module_item,26982705,obj-mth-252-module-item-26982705,00780-mth-252-linked-detail-intro-substitution,https://youtu.be/568hUU4beuk,https://youtu.be/568hUU4beuk,0,,context_module_item student-view external_url indent_0 _requirement ExternalUrl_0,captured,00002-mth-252-modules-course-modules-integral-calculus-mth-252z-400-u2026,https://canvas.oregonstate.edu/courses/2080857/modules,External Url Intro. Substitution Links to an external site. Intro. Substitution 1 external_url 26982705 0 Score at least Must score at least to complete this module item Scored at least Module item has been completed by scoring at least Score at least % Must score at least % to complete this module item Scored at least % Module item has been completed by scoring at least % View Must view in order to complete this module item Viewed Module item has been viewed and is complete Mark done Must mark 
mi-mth-252-26982706,26982706,2080857,MTH-252,mod-mth-252-026-1-5-substitution-u-sub,26,186,Intro. Substitution continued Links to an external site.,External Url,module_item,26982706,obj-mth-252-module-item-26982706,00777-mth-252-linked-detail-intro-substitution-continued,https://youtu.be/3MbdmYeYB_I,https://youtu.be/3MbdmYeYB_I,0,,context_module_item student-view external_url indent_0 _requirement ExternalUrl_0,captured,00002-mth-252-modules-course-modules-integral-calculus-mth-252z-400-u2026,https://canvas.oregonstate.edu/courses/2080857/modules,External Url Intro. Substitution continued Links to an external site. Intro. Substitution continued 2 external_url 26982706 0 Score at least Must score at least to complete this module item Scored at least Module item has been completed by scoring at least Score at least % Must score at least % to complete this module item Scored at least % Module item has been completed by scoring at least % View Must view in order to complete this module item Viewed Module item has been viewed and is complete 
mi-mth-252-26982707,26982707,2080857,MTH-252,mod-mth-252-026-1-5-substitution-u-sub,26,187,Substitution with definite integrals Links to an external site.,External Url,module_item,26982707,obj-mth-252-module-item-26982707,00774-mth-252-linked-detail-substitution-with-definite-integrals,https://youtu.be/emRDaSYCLMs,https://youtu.be/emRDaSYCLMs,0,,context_module_item student-view external_url indent_0 _requirement ExternalUrl_0,captured,00002-mth-252-modules-course-modules-integral-calculus-mth-252z-400-u2026,https://canvas.oregonstate.edu/courses/2080857/modules,External Url Substitution with definite integrals Links to an external site. Substitution with definite integrals 3 external_url 26982707 0 Score at least Must score at least to complete this module item Scored at least Module item has been completed by scoring at least Score at least % Must score at least % to complete this module item Scored at least % Module item has been completed by scoring at least % View Must view in order to complete this module item Viewed Module item has been viewed an
mi-mth-252-26982708,26982708,2080857,MTH-252,mod-mth-252-026-1-5-substitution-u-sub,26,188,Substitution example: Rational function Links to an external site.,External Url,module_item,26982708,obj-mth-252-module-item-26982708,00771-mth-252-linked-detail-substitution-example-rational-function,https://youtu.be/hauyUjzRTos,https://youtu.be/hauyUjzRTos,0,,context_module_item student-view external_url indent_0 _requirement ExternalUrl_0,captured,00002-mth-252-modules-course-modules-integral-calculus-mth-252z-400-u2026,https://canvas.oregonstate.edu/courses/2080857/modules,External Url Substitution example: Rational function Links to an external site. Substitution example: Rational function 4 external_url 26982708 0 Score at least Must score at least to complete this module item Scored at least Module item has been completed by scoring at least Score at least % Must score at least % to complete this module item Scored at least % Module item has been completed by scoring at least % View Must view in order to complete this module item Viewed Module item has been vie
mi-mth-252-26982709,26982709,2080857,MTH-252,mod-mth-252-026-1-5-substitution-u-sub,26,189,Substitution example: Exponential Links to an external site.,External Url,module_item,26982709,obj-mth-252-module-item-26982709,00768-mth-252-linked-detail-substitution-example-exponential,https://youtu.be/YvrmGNyHs90,https://youtu.be/YvrmGNyHs90,0,,context_module_item student-view external_url indent_0 _requirement ExternalUrl_0,captured,00002-mth-252-modules-course-modules-integral-calculus-mth-252z-400-u2026,https://canvas.oregonstate.edu/courses/2080857/modules,External Url Substitution example: Exponential Links to an external site. Substitution example: Exponential 5 external_url 26982709 0 Score at least Must score at least to complete this module item Scored at least Module item has been completed by scoring at least Score at least % Must score at least % to complete this module item Scored at least % Module item has been completed by scoring at least % View Must view in order to complete this module item Viewed Module item has been viewed and is c
mi-mth-252-26982710,26982710,2080857,MTH-252,mod-mth-252-026-1-5-substitution-u-sub,26,190,Substitution example: Trig Links to an external site.,External Url,module_item,26982710,obj-mth-252-module-item-26982710,00765-mth-252-linked-detail-substitution-example-trig,https://youtu.be/YvrmGNyHs90,https://youtu.be/YvrmGNyHs90,0,,context_module_item student-view external_url indent_0 _requirement ExternalUrl_0,captured,00002-mth-252-modules-course-modules-integral-calculus-mth-252z-400-u2026,https://canvas.oregonstate.edu/courses/2080857/modules,External Url Substitution example: Trig Links to an external site. Substitution example: Trig 6 external_url 26982710 0 Score at least Must score at least to complete this module item Scored at least Module item has been completed by scoring at least Score at least % Must score at least % to complete this module item Scored at least % Module item has been completed by scoring at least % View Must view in order to complete this module item Viewed Module item has been viewed and is complete Mark d
mi-mth-252-26982711,26982711,2080857,MTH-252,mod-mth-252-026-1-5-substitution-u-sub,26,191,Substitution: Inverse trig example 1 Links to an external site.,External Url,module_item,26982711,obj-mth-252-module-item-26982711,00762-mth-252-linked-detail-substitution-inverse-trig-example-1,https://youtu.be/J6MvP8SYVfo,https://youtu.be/J6MvP8SYVfo,0,,context_module_item student-view external_url indent_0 _requirement ExternalUrl_0,captured,00002-mth-252-modules-course-modules-integral-calculus-mth-252z-400-u2026,https://canvas.oregonstate.edu/courses/2080857/modules,External Url Substitution: Inverse trig example 1 Links to an external site. Substitution: Inverse trig example 1 7 external_url 26982711 0 Score at least Must score at least to complete this module item Scored at least Module item has been completed by scoring at least Score at least % Must score at least % to complete this module item Scored at least % Module item has been completed by scoring at least % View Must view in order to complete this module item Viewed Module item has been viewed an
mi-mth-252-26982712,26982712,2080857,MTH-252,mod-mth-252-026-1-5-substitution-u-sub,26,192,Substitution: Inverse trig example 2 Links to an external site.,External Url,module_item,26982712,obj-mth-252-module-item-26982712,00759-mth-252-linked-detail-substitution-inverse-trig-example-2,https://youtu.be/ypoOeSJjp4k,https://youtu.be/ypoOeSJjp4k,0,,context_module_item student-view external_url indent_0 _requirement ExternalUrl_0,captured,00002-mth-252-modules-course-modules-integral-calculus-mth-252z-400-u2026,https://canvas.oregonstate.edu/courses/2080857/modules,External Url Substitution: Inverse trig example 2 Links to an external site. Substitution: Inverse trig example 2 8 external_url 26982712 0 Score at least Must score at least to complete this module item Scored at least Module item has been completed by scoring at least Score at least % Must score at least % to complete this module item Scored at least % Module item has been completed by scoring at least % View Must view in order to complete this module item Viewed Module item has been viewed an
mi-mth-252-26982713,26982713,2080857,MTH-252,mod-mth-252-026-1-5-substitution-u-sub,26,193,Substitution example: Logarithms Links to an external site.,External Url,module_item,26982713,obj-mth-252-module-item-26982713,00756-mth-252-linked-detail-substitution-example-logarithms,https://youtu.be/FJHHQdQEecE,https://youtu.be/FJHHQdQEecE,0,,context_module_item student-view external_url indent_0 _requirement ExternalUrl_0,captured,00002-mth-252-modules-course-modules-integral-calculus-mth-252z-400-u2026,https://canvas.oregonstate.edu/courses/2080857/modules,External Url Substitution example: Logarithms Links to an external site. Substitution example: Logarithms 9 external_url 26982713 0 Score at least Must score at least to complete this module item Scored at least Module item has been completed by scoring at least Score at least % Must score at least % to complete this module item Scored at least % Module item has been completed by scoring at least % View Must view in order to complete this module item Viewed Module item has been viewed and is com
mi-mth-252-26982714,26982714,2080857,MTH-252,mod-mth-252-026-1-5-substitution-u-sub,26,194,Substitution example: Rational function with logs Links to an external site.,External Url,module_item,26982714,obj-mth-252-module-item-26982714,00753-mth-252-linked-detail-substitution-example-rational-function-with-logs,https://youtu.be/VY5r1-9apdc,https://youtu.be/VY5r1-9apdc,0,,context_module_item student-view external_url indent_0 _requirement ExternalUrl_0,captured,00002-mth-252-modules-course-modules-integral-calculus-mth-252z-400-u2026,https://canvas.oregonstate.edu/courses/2080857/modules,External Url Substitution example: Rational function with logs Links to an external site. Substitution example: Rational function with logs 10 external_url 26982714 0 Score at least Must score at least to complete this module item Scored at least Module item has been completed by scoring at least Score at least % Must score at least % to complete this module item Scored at least % Module item has been completed by scoring at least % View Must view in order to complete this module item Viewed Mod
mi-mth-252-26982715,26982715,2080857,MTH-252,mod-mth-252-026-1-5-substitution-u-sub,26,195,Substitution example: Composed exponential with trig Links to an external site.,External Url,module_item,26982715,obj-mth-252-module-item-26982715,00750-mth-252-linked-detail-substitution-example-composed-exponential-with-trig,https://youtu.be/zherIhRjLtM,https://youtu.be/zherIhRjLtM,0,,context_module_item student-view external_url indent_0 _requirement ExternalUrl_0,captured,00002-mth-252-modules-course-modules-integral-calculus-mth-252z-400-u2026,https://canvas.oregonstate.edu/courses/2080857/modules,External Url Substitution example: Composed exponential with trig Links to an external site. Substitution example: Composed exponential with trig 11 external_url 26982715 0 Score at least Must score at least to complete this module item Scored at least Module item has been completed by scoring at least Score at least % Must score at least % to complete this module item Scored at least % Module item has been completed by scoring at least % View Must view in order to complete this module item View
mi-mth-252-26982716,26982716,2080857,MTH-252,mod-mth-252-026-1-5-substitution-u-sub,26,196,Substitution with indefinite integral Links to an external site.,External Url,module_item,26982716,obj-mth-252-module-item-26982716,00747-mth-252-linked-detail-substitution-with-indefinite-integral,https://youtu.be/GQC0YcyEzto,https://youtu.be/GQC0YcyEzto,0,,context_module_item student-view external_url indent_0 _requirement ExternalUrl_0,captured,00002-mth-252-modules-course-modules-integral-calculus-mth-252z-400-u2026,https://canvas.oregonstate.edu/courses/2080857/modules,External Url Substitution with indefinite integral Links to an external site. Substitution with indefinite integral 12 external_url 26982716 0 Score at least Must score at least to complete this module item Scored at least Module item has been completed by scoring at least Score at least % Must score at least % to complete this module item Scored at least % Module item has been completed by scoring at least % View Must view in order to complete this module item Viewed Module item has been viewed
mi-mth-252-26982717,26982717,2080857,MTH-252,mod-mth-252-027-1-6-exponentials-and-logarithms,27,197,Example problems: Exponentials Links to an external site.,External Url,module_item,26982717,obj-mth-252-module-item-26982717,00744-mth-252-linked-detail-example-problems-exponentials,https://youtu.be/D9dqdbCgJQM,https://youtu.be/D9dqdbCgJQM,0,,context_module_item student-view external_url indent_0 _requirement ExternalUrl_0,captured,00002-mth-252-modules-course-modules-integral-calculus-mth-252z-400-u2026,https://canvas.oregonstate.edu/courses/2080857/modules,External Url Example problems: Exponentials Links to an external site. Example problems: Exponentials 1 external_url 26982717 0 Score at least Must score at least to complete this module item Scored at least Module item has been completed by scoring at least Score at least % Must score at least % to complete this module item Scored at least % Module item has been completed by scoring at least % View Must view in order to complete this module item Viewed Module item has been viewed and is complet
mi-mth-252-26982718,26982718,2080857,MTH-252,mod-mth-252-027-1-6-exponentials-and-logarithms,27,198,Integrating exponentials: example 2 Links to an external site.,External Url,module_item,26982718,obj-mth-252-module-item-26982718,00741-mth-252-linked-detail-integrating-exponentials-example-2,https://youtu.be/DffQa5SyMSE,https://youtu.be/DffQa5SyMSE,0,,context_module_item student-view external_url indent_0 _requirement ExternalUrl_0,captured,00002-mth-252-modules-course-modules-integral-calculus-mth-252z-400-u2026,https://canvas.oregonstate.edu/courses/2080857/modules,External Url Integrating exponentials: example 2 Links to an external site. Integrating exponentials: example 2 2 external_url 26982718 0 Score at least Must score at least to complete this module item Scored at least Module item has been completed by scoring at least Score at least % Must score at least % to complete this module item Scored at least % Module item has been completed by scoring at least % View Must view in order to complete this module item Viewed Module item has been viewed and 
mi-mth-252-26982719,26982719,2080857,MTH-252,mod-mth-252-027-1-6-exponentials-and-logarithms,27,199,Integrating exponentials: Example 3 Links to an external site.,External Url,module_item,26982719,obj-mth-252-module-item-26982719,00738-mth-252-linked-detail-integrating-exponentials-example-3,https://youtu.be/BNSonfQqHA4,https://youtu.be/BNSonfQqHA4,0,,context_module_item student-view external_url indent_0 _requirement ExternalUrl_0,captured,00002-mth-252-modules-course-modules-integral-calculus-mth-252z-400-u2026,https://canvas.oregonstate.edu/courses/2080857/modules,External Url Integrating exponentials: Example 3 Links to an external site. Integrating exponentials: Example 3 3 external_url 26982719 0 Score at least Must score at least to complete this module item Scored at least Module item has been completed by scoring at least Score at least % Must score at least % to complete this module item Scored at least % Module item has been completed by scoring at least % View Must view in order to complete this module item Viewed Module item has been viewed and 
mi-mth-252-26982720,26982720,2080857,MTH-252,mod-mth-252-027-1-6-exponentials-and-logarithms,27,200,Integrating Natural Log (Alta Specific) Links to an external site.,External Url,module_item,26982720,obj-mth-252-module-item-26982720,00735-mth-252-linked-detail-integrating-natural-log-alta-specific,https://youtu.be/ZL3rzP04cGQ,https://youtu.be/ZL3rzP04cGQ,0,,context_module_item student-view external_url indent_0 _requirement ExternalUrl_0,captured,00002-mth-252-modules-course-modules-integral-calculus-mth-252z-400-u2026,https://canvas.oregonstate.edu/courses/2080857/modules,External Url Integrating Natural Log (Alta Specific) Links to an external site. Integrating Natural Log (Alta Specific) 4 external_url 26982720 0 Score at least Must score at least to complete this module item Scored at least Module item has been completed by scoring at least Score at least % Must score at least % to complete this module item Scored at least % Module item has been completed by scoring at least % View Must view in order to complete this module item Viewed Module item has been vie
mi-mth-252-26982721,26982721,2080857,MTH-252,mod-mth-252-028-3-1-integration-by-parts,28,201,Intro. Integration by Parts Links to an external site.,External Url,module_item,26982721,obj-mth-252-module-item-26982721,00732-mth-252-linked-detail-intro-integration-by-parts,https://youtu.be/xmFK_mG120k,https://youtu.be/xmFK_mG120k,0,,context_module_item student-view external_url indent_0 _requirement ExternalUrl_0,captured,00002-mth-252-modules-course-modules-integral-calculus-mth-252z-400-u2026,https://canvas.oregonstate.edu/courses/2080857/modules,External Url Intro. Integration by Parts Links to an external site. Intro. Integration by Parts 1 external_url 26982721 0 Score at least Must score at least to complete this module item Scored at least Module item has been completed by scoring at least Score at least % Must score at least % to complete this module item Scored at least % Module item has been completed by scoring at least % View Must view in order to complete this module item Viewed Module item has been viewed and is complete Mark
mi-mth-252-26982722,26982722,2080857,MTH-252,mod-mth-252-028-3-1-integration-by-parts,28,202,Intro. Integration by Parts: Definite integral Links to an external site.,External Url,module_item,26982722,obj-mth-252-module-item-26982722,00729-mth-252-linked-detail-intro-integration-by-parts-definite-integral,https://youtu.be/aA15lSLSxgE,https://youtu.be/aA15lSLSxgE,0,,context_module_item student-view external_url indent_0 _requirement ExternalUrl_0,captured,00002-mth-252-modules-course-modules-integral-calculus-mth-252z-400-u2026,https://canvas.oregonstate.edu/courses/2080857/modules,External Url Intro. Integration by Parts: Definite integral Links to an external site. Intro. Integration by Parts: Definite integral 2 external_url 26982722 0 Score at least Must score at least to complete this module item Scored at least Module item has been completed by scoring at least Score at least % Must score at least % to complete this module item Scored at least % Module item has been completed by scoring at least % View Must view in order to complete this module item Viewed Module ite
mi-mth-252-26982723,26982723,2080857,MTH-252,mod-mth-252-028-3-1-integration-by-parts,28,203,Intro. indefinite integral continued Links to an external site.,External Url,module_item,26982723,obj-mth-252-module-item-26982723,00726-mth-252-linked-detail-intro-indefinite-integral-continued,https://youtu.be/tP34NbvFbW4,https://youtu.be/tP34NbvFbW4,0,,context_module_item student-view external_url indent_0 _requirement ExternalUrl_0,captured,00002-mth-252-modules-course-modules-integral-calculus-mth-252z-400-u2026,https://canvas.oregonstate.edu/courses/2080857/modules,External Url Intro. indefinite integral continued Links to an external site. Intro. indefinite integral continued 3 external_url 26982723 0 Score at least Must score at least to complete this module item Scored at least Module item has been completed by scoring at least Score at least % Must score at least % to complete this module item Scored at least % Module item has been completed by scoring at least % View Must view in order to complete this module item Viewed Module item has been viewed an
mi-mth-252-26982724,26982724,2080857,MTH-252,mod-mth-252-028-3-1-integration-by-parts,28,204,Intro. Integration by Parts example 1 Links to an external site.,External Url,module_item,26982724,obj-mth-252-module-item-26982724,00723-mth-252-linked-detail-intro-integration-by-parts-example-1,https://youtu.be/815s-YB9X44,https://youtu.be/815s-YB9X44,0,,context_module_item student-view external_url indent_0 _requirement ExternalUrl_0,captured,00002-mth-252-modules-course-modules-integral-calculus-mth-252z-400-u2026,https://canvas.oregonstate.edu/courses/2080857/modules,External Url Intro. Integration by Parts example 1 Links to an external site. Intro. Integration by Parts example 1 4 external_url 26982724 0 Score at least Must score at least to complete this module item Scored at least Module item has been completed by scoring at least Score at least % Must score at least % to complete this module item Scored at least % Module item has been completed by scoring at least % View Must view in order to complete this module item Viewed Module item has been viewed 
mi-mth-252-26982725,26982725,2080857,MTH-252,mod-mth-252-028-3-1-integration-by-parts,28,205,Indefinite integral: Example 2 Links to an external site.,External Url,module_item,26982725,obj-mth-252-module-item-26982725,00720-mth-252-linked-detail-indefinite-integral-example-2,https://youtu.be/sW7tMxXTM0A,https://youtu.be/sW7tMxXTM0A,0,,context_module_item student-view external_url indent_0 _requirement ExternalUrl_0,captured,00002-mth-252-modules-course-modules-integral-calculus-mth-252z-400-u2026,https://canvas.oregonstate.edu/courses/2080857/modules,External Url Indefinite integral: Example 2 Links to an external site. Indefinite integral: Example 2 5 external_url 26982725 0 Score at least Must score at least to complete this module item Scored at least Module item has been completed by scoring at least Score at least % Must score at least % to complete this module item Scored at least % Module item has been completed by scoring at least % View Must view in order to complete this module item Viewed Module item has been viewed and is complet
mi-mth-252-26982726,26982726,2080857,MTH-252,mod-mth-252-028-3-1-integration-by-parts,28,206,Indefinite integral: Example 3 Links to an external site.,External Url,module_item,26982726,obj-mth-252-module-item-26982726,00717-mth-252-linked-detail-indefinite-integral-example-3,https://youtu.be/7YWWtQqcXBc,https://youtu.be/7YWWtQqcXBc,0,,context_module_item student-view external_url indent_0 _requirement ExternalUrl_0,captured,00002-mth-252-modules-course-modules-integral-calculus-mth-252z-400-u2026,https://canvas.oregonstate.edu/courses/2080857/modules,External Url Indefinite integral: Example 3 Links to an external site. Indefinite integral: Example 3 6 external_url 26982726 0 Score at least Must score at least to complete this module item Scored at least Module item has been completed by scoring at least Score at least % Must score at least % to complete this module item Scored at least % Module item has been completed by scoring at least % View Must view in order to complete this module item Viewed Module item has been viewed and is complet
mi-mth-252-26982727,26982727,2080857,MTH-252,mod-mth-252-028-3-1-integration-by-parts,28,207,"Indefinite integral: Example 4, exponential Links to an external site.",External Url,module_item,26982727,obj-mth-252-module-item-26982727,00714-mth-252-linked-detail-indefinite-integral-example-4-exponential,https://youtu.be/7YWWtQqcXBc,https://youtu.be/7YWWtQqcXBc,0,,context_module_item student-view external_url indent_0 _requirement ExternalUrl_0,captured,00002-mth-252-modules-course-modules-integral-calculus-mth-252z-400-u2026,https://canvas.oregonstate.edu/courses/2080857/modules,"External Url Indefinite integral: Example 4, exponential Links to an external site. Indefinite integral: Example 4, exponential 7 external_url 26982727 0 Score at least Must score at least to complete this module item Scored at least Module item has been completed by scoring at least Score at least % Must score at least % to complete this module item Scored at least % Module item has been completed by scoring at least % View Must view in order to complete this module item Viewed Module item has "
mi-mth-252-26982728,26982728,2080857,MTH-252,mod-mth-252-028-3-1-integration-by-parts,28,208,Indefinite integral: log Links to an external site.,External Url,module_item,26982728,obj-mth-252-module-item-26982728,00693-mth-252-linked-detail-indefinite-integral-log,https://youtu.be/uieKq2dCWRY,https://youtu.be/uieKq2dCWRY,0,,context_module_item student-view external_url indent_0 _requirement ExternalUrl_0,captured,00002-mth-252-modules-course-modules-integral-calculus-mth-252z-400-u2026,https://canvas.oregonstate.edu/courses/2080857/modules,External Url Indefinite integral: log Links to an external site. Indefinite integral: log 8 external_url 26982728 0 Score at least Must score at least to complete this module item Scored at least Module item has been completed by scoring at least Score at least % Must score at least % to complete this module item Scored at least % Module item has been completed by scoring at least % View Must view in order to complete this module item Viewed Module item has been viewed and is complete Mark done 
mi-mth-252-26982729,26982729,2080857,MTH-252,mod-mth-252-028-3-1-integration-by-parts,28,209,Indefinite integral: Trig times linear Links to an external site.,External Url,module_item,26982729,obj-mth-252-module-item-26982729,00530-mth-252-linked-detail-indefinite-integral-trig-times-linear,https://youtu.be/uuzC16awVIo,https://youtu.be/uuzC16awVIo,0,,context_module_item student-view external_url indent_0 _requirement ExternalUrl_0,captured,00002-mth-252-modules-course-modules-integral-calculus-mth-252z-400-u2026,https://canvas.oregonstate.edu/courses/2080857/modules,External Url Indefinite integral: Trig times linear Links to an external site. Indefinite integral: Trig times linear 9 external_url 26982729 0 Score at least Must score at least to complete this module item Scored at least Module item has been completed by scoring at least Score at least % Must score at least % to complete this module item Scored at least % Module item has been completed by scoring at least % View Must view in order to complete this module item Viewed Module item has been viewe
mi-mth-252-26982730,26982730,2080857,MTH-252,mod-mth-252-028-3-1-integration-by-parts,28,210,"Indefinite integral: Exponential, IBP twice",External Url,module_item,26982730,obj-mth-252-module-item-26982730,00156-mth-252-module-item-indefinite-integral-exponential-ibp-twice,https://canvas.oregonstate.edu/courses/2080857/modules/items/26982730,,0,,context_module_item student-view external_url indent_0 _requirement ExternalUrl_0,captured,00002-mth-252-modules-course-modules-integral-calculus-mth-252z-400-u2026,https://canvas.oregonstate.edu/courses/2080857/modules,"External Url Indefinite integral: Exponential, IBP twice Indefinite integral: Exponential, IBP twice 10 external_url 26982730 0 Score at least Must score at least to complete this module item Scored at least Module item has been completed by scoring at least Score at least % Must score at least % to complete this module item Scored at least % Module item has been completed by scoring at least % View Must view in order to complete this module item Viewed Module item has been viewed and is complet"
mi-mth-252-26982731,26982731,2080857,MTH-252,mod-mth-252-028-3-1-integration-by-parts,28,211,"Indefinite integral: Exponential and trig, IBP twice and solve Links to an external site.",External Url,module_item,26982731,obj-mth-252-module-item-26982731,00531-mth-252-linked-detail-indefinite-integral-exponential-and-trig-ibp-twice-and-solve,https://youtu.be/xuwt8YzF8To,https://youtu.be/xuwt8YzF8To,0,,context_module_item student-view external_url indent_0 _requirement ExternalUrl_0,captured,00002-mth-252-modules-course-modules-integral-calculus-mth-252z-400-u2026,https://canvas.oregonstate.edu/courses/2080857/modules,"External Url Indefinite integral: Exponential and trig, IBP twice and solve Links to an external site. Indefinite integral: Exponential and trig, IBP twice and solve 11 external_url 26982731 0 Score at least Must score at least to complete this module item Scored at least Module item has been completed by scoring at least Score at least % Must score at least % to complete this module item Scored at least % Module item has been completed by scoring at least % View Must view in order to complete t"
mi-mth-252-26982732,26982732,2080857,MTH-252,mod-mth-252-029-3-2-trigonometric-integrals,29,212,Intro. Trigonometric integrals with an ODD power Links to an external site.,External Url,module_item,26982732,obj-mth-252-module-item-26982732,00694-mth-252-linked-detail-intro-trigonometric-integrals-with-an-odd-power,https://youtu.be/Sv-bSbAQeXc,https://youtu.be/Sv-bSbAQeXc,0,,context_module_item student-view external_url indent_0 _requirement ExternalUrl_0,captured,00002-mth-252-modules-course-modules-integral-calculus-mth-252z-400-u2026,https://canvas.oregonstate.edu/courses/2080857/modules,External Url Intro. Trigonometric integrals with an ODD power Links to an external site. Intro. Trigonometric integrals with an ODD power 1 external_url 26982732 0 Score at least Must score at least to complete this module item Scored at least Module item has been completed by scoring at least Score at least % Must score at least % to complete this module item Scored at least % Module item has been completed by scoring at least % View Must view in order to complete this module item Viewed Module
mi-mth-252-26982733,26982733,2080857,MTH-252,mod-mth-252-029-3-2-trigonometric-integrals,29,213,Trig Integrals: Example 2 with ODD power Links to an external site.,External Url,module_item,26982733,obj-mth-252-module-item-26982733,00715-mth-252-linked-detail-trig-integrals-example-2-with-odd-power,https://youtu.be/vPnuigP8I6I,https://youtu.be/vPnuigP8I6I,0,,context_module_item student-view external_url indent_0 _requirement ExternalUrl_0,captured,00002-mth-252-modules-course-modules-integral-calculus-mth-252z-400-u2026,https://canvas.oregonstate.edu/courses/2080857/modules,External Url Trig Integrals: Example 2 with ODD power Links to an external site. Trig Integrals: Example 2 with ODD power 2 external_url 26982733 0 Score at least Must score at least to complete this module item Scored at least Module item has been completed by scoring at least Score at least % Must score at least % to complete this module item Scored at least % Module item has been completed by scoring at least % View Must view in order to complete this module item Viewed Module item has been v
mi-mth-252-26982734,26982734,2080857,MTH-252,mod-mth-252-029-3-2-trigonometric-integrals,29,214,Trig Integrals: Example 3 with ODD power Links to an external site.,External Url,module_item,26982734,obj-mth-252-module-item-26982734,00718-mth-252-linked-detail-trig-integrals-example-3-with-odd-power,https://youtu.be/RIwKmPRtWFM,https://youtu.be/RIwKmPRtWFM,0,,context_module_item student-view external_url indent_0 _requirement ExternalUrl_0,captured,00002-mth-252-modules-course-modules-integral-calculus-mth-252z-400-u2026,https://canvas.oregonstate.edu/courses/2080857/modules,External Url Trig Integrals: Example 3 with ODD power Links to an external site. Trig Integrals: Example 3 with ODD power 3 external_url 26982734 0 Score at least Must score at least to complete this module item Scored at least Module item has been completed by scoring at least Score at least % Must score at least % to complete this module item Scored at least % Module item has been completed by scoring at least % View Must view in order to complete this module item Viewed Module item has been v
mi-mth-252-26982735,26982735,2080857,MTH-252,mod-mth-252-029-3-2-trigonometric-integrals,29,215,Trig integral involving secant Links to an external site.,External Url,module_item,26982735,obj-mth-252-module-item-26982735,00721-mth-252-linked-detail-trig-integral-involving-secant,https://youtu.be/laBBImqdyqk,https://youtu.be/laBBImqdyqk,0,,context_module_item student-view external_url indent_0 _requirement ExternalUrl_0,captured,00002-mth-252-modules-course-modules-integral-calculus-mth-252z-400-u2026,https://canvas.oregonstate.edu/courses/2080857/modules,External Url Trig integral involving secant Links to an external site. Trig integral involving secant 4 external_url 26982735 0 Score at least Must score at least to complete this module item Scored at least Module item has been completed by scoring at least Score at least % Must score at least % to complete this module item Scored at least % Module item has been completed by scoring at least % View Must view in order to complete this module item Viewed Module item has been viewed and is complet
mi-mth-252-26982736,26982736,2080857,MTH-252,mod-mth-252-029-3-2-trigonometric-integrals,29,216,Trig Integrals: ODD power of tangent Links to an external site.,External Url,module_item,26982736,obj-mth-252-module-item-26982736,00724-mth-252-linked-detail-trig-integrals-odd-power-of-tangent,https://youtu.be/RJ2rD54H_cA,https://youtu.be/RJ2rD54H_cA,0,,context_module_item student-view external_url indent_0 _requirement ExternalUrl_0,captured,00002-mth-252-modules-course-modules-integral-calculus-mth-252z-400-u2026,https://canvas.oregonstate.edu/courses/2080857/modules,External Url Trig Integrals: ODD power of tangent Links to an external site. Trig Integrals: ODD power of tangent 5 external_url 26982736 0 Score at least Must score at least to complete this module item Scored at least Module item has been completed by scoring at least Score at least % Must score at least % to complete this module item Scored at least % Module item has been completed by scoring at least % View Must view in order to complete this module item Viewed Module item has been viewed an
mi-mth-252-26982737,26982737,2080857,MTH-252,mod-mth-252-029-3-2-trigonometric-integrals,29,217,Trig Integrals: Power reducing example 1 Links to an external site.,External Url,module_item,26982737,obj-mth-252-module-item-26982737,00727-mth-252-linked-detail-trig-integrals-power-reducing-example-1,https://youtu.be/heHZz041JSI,https://youtu.be/heHZz041JSI,0,,context_module_item student-view external_url indent_0 _requirement ExternalUrl_0,captured,00002-mth-252-modules-course-modules-integral-calculus-mth-252z-400-u2026,https://canvas.oregonstate.edu/courses/2080857/modules,External Url Trig Integrals: Power reducing example 1 Links to an external site. Trig Integrals: Power reducing example 1 6 external_url 26982737 0 Score at least Must score at least to complete this module item Scored at least Module item has been completed by scoring at least Score at least % Must score at least % to complete this module item Scored at least % Module item has been completed by scoring at least % View Must view in order to complete this module item Viewed Module item has been v
mi-mth-252-26982738,26982738,2080857,MTH-252,mod-mth-252-029-3-2-trigonometric-integrals,29,218,Trig Integrals: All EVEN exponents Links to an external site.,External Url,module_item,26982738,obj-mth-252-module-item-26982738,00730-mth-252-linked-detail-trig-integrals-all-even-exponents,https://youtu.be/rpbr2nH7lNY,https://youtu.be/rpbr2nH7lNY,0,,context_module_item student-view external_url indent_0 _requirement ExternalUrl_0,captured,00002-mth-252-modules-course-modules-integral-calculus-mth-252z-400-u2026,https://canvas.oregonstate.edu/courses/2080857/modules,External Url Trig Integrals: All EVEN exponents Links to an external site. Trig Integrals: All EVEN exponents 7 external_url 26982738 0 Score at least Must score at least to complete this module item Scored at least Module item has been completed by scoring at least Score at least % Must score at least % to complete this module item Scored at least % Module item has been completed by scoring at least % View Must view in order to complete this module item Viewed Module item has been viewed and is
mi-mth-252-26982739,26982739,2080857,MTH-252,mod-mth-252-030-3-3-trigonometric-substitution,30,219,Intro. Trig substitution 1 Links to an external site.,External Url,module_item,26982739,obj-mth-252-module-item-26982739,00733-mth-252-linked-detail-intro-trig-substitution-1,https://youtu.be/yS7Mgsvwdkw,https://youtu.be/yS7Mgsvwdkw,0,,context_module_item student-view external_url indent_0 _requirement ExternalUrl_0,captured,00002-mth-252-modules-course-modules-integral-calculus-mth-252z-400-u2026,https://canvas.oregonstate.edu/courses/2080857/modules,External Url Intro. Trig substitution 1 Links to an external site. Intro. Trig substitution 1 1 external_url 26982739 0 Score at least Must score at least to complete this module item Scored at least Module item has been completed by scoring at least Score at least % Must score at least % to complete this module item Scored at least % Module item has been completed by scoring at least % View Must view in order to complete this module item Viewed Module item has been viewed and is complete Mark d
mi-mth-252-26982740,26982740,2080857,MTH-252,mod-mth-252-030-3-3-trigonometric-substitution,30,220,Intro. Trigonometric Substitution continued Links to an external site.,External Url,module_item,26982740,obj-mth-252-module-item-26982740,00736-mth-252-linked-detail-intro-trigonometric-substitution-continued,https://youtu.be/cyi-qyG1Yds,https://youtu.be/cyi-qyG1Yds,0,,context_module_item student-view external_url indent_0 _requirement ExternalUrl_0,captured,00002-mth-252-modules-course-modules-integral-calculus-mth-252z-400-u2026,https://canvas.oregonstate.edu/courses/2080857/modules,External Url Intro. Trigonometric Substitution continued Links to an external site. Intro. Trigonometric Substitution continued 2 external_url 26982740 0 Score at least Must score at least to complete this module item Scored at least Module item has been completed by scoring at least Score at least % Must score at least % to complete this module item Scored at least % Module item has been completed by scoring at least % View Must view in order to complete this module item Viewed Module item has 
mi-mth-252-26982741,26982741,2080857,MTH-252,mod-mth-252-030-3-3-trigonometric-substitution,30,221,Intro. Trig substitution 2 Links to an external site.,External Url,module_item,26982741,obj-mth-252-module-item-26982741,00739-mth-252-linked-detail-intro-trig-substitution-2,https://youtu.be/kSW4sEg_VdQ,https://youtu.be/kSW4sEg_VdQ,0,,context_module_item student-view external_url indent_0 _requirement ExternalUrl_0,captured,00002-mth-252-modules-course-modules-integral-calculus-mth-252z-400-u2026,https://canvas.oregonstate.edu/courses/2080857/modules,External Url Intro. Trig substitution 2 Links to an external site. Intro. Trig substitution 2 3 external_url 26982741 0 Score at least Must score at least to complete this module item Scored at least Module item has been completed by scoring at least Score at least % Must score at least % to complete this module item Scored at least % Module item has been completed by scoring at least % View Must view in order to complete this module item Viewed Module item has been viewed and is complete Mark d
mi-mth-252-26982742,26982742,2080857,MTH-252,mod-mth-252-030-3-3-trigonometric-substitution,30,222,Trig substitution example 3 Links to an external site.,External Url,module_item,26982742,obj-mth-252-module-item-26982742,00742-mth-252-linked-detail-trig-substitution-example-3,https://youtu.be/UHRmp07p9IA,https://youtu.be/UHRmp07p9IA,0,,context_module_item student-view external_url indent_0 _requirement ExternalUrl_0,captured,00002-mth-252-modules-course-modules-integral-calculus-mth-252z-400-u2026,https://canvas.oregonstate.edu/courses/2080857/modules,External Url Trig substitution example 3 Links to an external site. Trig substitution example 3 4 external_url 26982742 0 Score at least Must score at least to complete this module item Scored at least Module item has been completed by scoring at least Score at least % Must score at least % to complete this module item Scored at least % Module item has been completed by scoring at least % View Must view in order to complete this module item Viewed Module item has been viewed and is complete Mark
mi-mth-252-26982743,26982743,2080857,MTH-252,mod-mth-252-030-3-3-trigonometric-substitution,30,223,Trig substitution example 4 Links to an external site.,External Url,module_item,26982743,obj-mth-252-module-item-26982743,00745-mth-252-linked-detail-trig-substitution-example-4,https://youtu.be/a-f63vZVuBQ,https://youtu.be/a-f63vZVuBQ,0,,context_module_item student-view external_url indent_0 _requirement ExternalUrl_0,captured,00002-mth-252-modules-course-modules-integral-calculus-mth-252z-400-u2026,https://canvas.oregonstate.edu/courses/2080857/modules,External Url Trig substitution example 4 Links to an external site. Trig substitution example 4 5 external_url 26982743 0 Score at least Must score at least to complete this module item Scored at least Module item has been completed by scoring at least Score at least % Must score at least % to complete this module item Scored at least % Module item has been completed by scoring at least % View Must view in order to complete this module item Viewed Module item has been viewed and is complete Mark
mi-mth-252-26982744,26982744,2080857,MTH-252,mod-mth-252-030-3-3-trigonometric-substitution,30,224,Trig substitution example 5 Links to an external site.,External Url,module_item,26982744,obj-mth-252-module-item-26982744,00748-mth-252-linked-detail-trig-substitution-example-5,https://youtu.be/jZa4FM6l6pM,https://youtu.be/jZa4FM6l6pM,0,,context_module_item student-view external_url indent_0 _requirement ExternalUrl_0,captured,00002-mth-252-modules-course-modules-integral-calculus-mth-252z-400-u2026,https://canvas.oregonstate.edu/courses/2080857/modules,External Url Trig substitution example 5 Links to an external site. Trig substitution example 5 6 external_url 26982744 0 Score at least Must score at least to complete this module item Scored at least Module item has been completed by scoring at least Score at least % Must score at least % to complete this module item Scored at least % Module item has been completed by scoring at least % View Must view in order to complete this module item Viewed Module item has been viewed and is complete Mark
mi-mth-252-26982745,26982745,2080857,MTH-252,mod-mth-252-030-3-3-trigonometric-substitution,30,225,Trig substitution with secant Links to an external site.,External Url,module_item,26982745,obj-mth-252-module-item-26982745,00751-mth-252-linked-detail-trig-substitution-with-secant,https://youtu.be/snUBWVMPWfQ,https://youtu.be/snUBWVMPWfQ,0,,context_module_item student-view external_url indent_0 _requirement ExternalUrl_0,captured,00002-mth-252-modules-course-modules-integral-calculus-mth-252z-400-u2026,https://canvas.oregonstate.edu/courses/2080857/modules,External Url Trig substitution with secant Links to an external site. Trig substitution with secant 7 external_url 26982745 0 Score at least Must score at least to complete this module item Scored at least Module item has been completed by scoring at least Score at least % Must score at least % to complete this module item Scored at least % Module item has been completed by scoring at least % View Must view in order to complete this module item Viewed Module item has been viewed and is complete 
mi-mth-252-26982746,26982746,2080857,MTH-252,mod-mth-252-030-3-3-trigonometric-substitution,30,226,Trig substitution with definite integral Links to an external site.,External Url,module_item,26982746,obj-mth-252-module-item-26982746,00754-mth-252-linked-detail-trig-substitution-with-definite-integral,https://youtu.be/TMV5avDezeA,https://youtu.be/TMV5avDezeA,0,,context_module_item student-view external_url indent_0 _requirement ExternalUrl_0,captured,00002-mth-252-modules-course-modules-integral-calculus-mth-252z-400-u2026,https://canvas.oregonstate.edu/courses/2080857/modules,External Url Trig substitution with definite integral Links to an external site. Trig substitution with definite integral 8 external_url 26982746 0 Score at least Must score at least to complete this module item Scored at least Module item has been completed by scoring at least Score at least % Must score at least % to complete this module item Scored at least % Module item has been completed by scoring at least % View Must view in order to complete this module item Viewed Module item has been v
mi-mth-252-26982747,26982747,2080857,MTH-252,mod-mth-252-031-3-4-partial-fraction-decomposition-pfd,31,227,Integration using long division Links to an external site.,External Url,module_item,26982747,obj-mth-252-module-item-26982747,00757-mth-252-linked-detail-integration-using-long-division,https://youtu.be/JIIbmjyrIf8,https://youtu.be/JIIbmjyrIf8,0,,context_module_item student-view external_url indent_0 _requirement ExternalUrl_0,captured,00002-mth-252-modules-course-modules-integral-calculus-mth-252z-400-u2026,https://canvas.oregonstate.edu/courses/2080857/modules,External Url Integration using long division Links to an external site. Integration using long division 1 external_url 26982747 0 Score at least Must score at least to complete this module item Scored at least Module item has been completed by scoring at least Score at least % Must score at least % to complete this module item Scored at least % Module item has been completed by scoring at least % View Must view in order to complete this module item Viewed Module item has been viewed and is compl
mi-mth-252-26982748,26982748,2080857,MTH-252,mod-mth-252-031-3-4-partial-fraction-decomposition-pfd,31,228,Intro. Partial fraction decomposition (PFD) Links to an external site.,External Url,module_item,26982748,obj-mth-252-module-item-26982748,00760-mth-252-linked-detail-intro-partial-fraction-decomposition-pfd,https://youtu.be/c2oLHtPA03U,https://youtu.be/c2oLHtPA03U,0,,context_module_item student-view external_url indent_0 _requirement ExternalUrl_0,captured,00002-mth-252-modules-course-modules-integral-calculus-mth-252z-400-u2026,https://canvas.oregonstate.edu/courses/2080857/modules,External Url Intro. Partial fraction decomposition (PFD) Links to an external site. Intro. Partial fraction decomposition (PFD) 2 external_url 26982748 0 Score at least Must score at least to complete this module item Scored at least Module item has been completed by scoring at least Score at least % Must score at least % to complete this module item Scored at least % Module item has been completed by scoring at least % View Must view in order to complete this module item Viewed Module item has 
mi-mth-252-26982749,26982749,2080857,MTH-252,mod-mth-252-031-3-4-partial-fraction-decomposition-pfd,31,229,PFD example 2 Links to an external site.,External Url,module_item,26982749,obj-mth-252-module-item-26982749,00763-mth-252-linked-detail-pfd-example-2,https://youtu.be/SQ4l8yDlBVE,https://youtu.be/SQ4l8yDlBVE,0,,context_module_item student-view external_url indent_0 _requirement ExternalUrl_0,captured,00002-mth-252-modules-course-modules-integral-calculus-mth-252z-400-u2026,https://canvas.oregonstate.edu/courses/2080857/modules,External Url PFD example 2 Links to an external site. PFD example 2 3 external_url 26982749 0 Score at least Must score at least to complete this module item Scored at least Module item has been completed by scoring at least Score at least % Must score at least % to complete this module item Scored at least % Module item has been completed by scoring at least % View Must view in order to complete this module item Viewed Module item has been viewed and is complete Mark done Must mark this module 
mi-mth-252-26982750,26982750,2080857,MTH-252,mod-mth-252-031-3-4-partial-fraction-decomposition-pfd,31,230,PFD degree 2/3 Links to an external site.,External Url,module_item,26982750,obj-mth-252-module-item-26982750,00766-mth-252-linked-detail-pfd-degree-2-3,https://youtu.be/04RSkBwVzK0,https://youtu.be/04RSkBwVzK0,0,,context_module_item student-view external_url indent_0 _requirement ExternalUrl_0,captured,00002-mth-252-modules-course-modules-integral-calculus-mth-252z-400-u2026,https://canvas.oregonstate.edu/courses/2080857/modules,External Url PFD degree 2/3 Links to an external site. PFD degree 2/3 4 external_url 26982750 0 Score at least Must score at least to complete this module item Scored at least Module item has been completed by scoring at least Score at least % Must score at least % to complete this module item Scored at least % Module item has been completed by scoring at least % View Must view in order to complete this module item Viewed Module item has been viewed and is complete Mark done Must mark this modul
mi-mth-252-26982751,26982751,2080857,MTH-252,mod-mth-252-031-3-4-partial-fraction-decomposition-pfd,31,231,Intro. Integration with PFD Links to an external site.,External Url,module_item,26982751,obj-mth-252-module-item-26982751,00769-mth-252-linked-detail-intro-integration-with-pfd,https://youtu.be/AHNSE0ri3i0,https://youtu.be/AHNSE0ri3i0,0,,context_module_item student-view external_url indent_0 _requirement ExternalUrl_0,captured,00002-mth-252-modules-course-modules-integral-calculus-mth-252z-400-u2026,https://canvas.oregonstate.edu/courses/2080857/modules,External Url Intro. Integration with PFD Links to an external site. Intro. Integration with PFD 5 external_url 26982751 0 Score at least Must score at least to complete this module item Scored at least Module item has been completed by scoring at least Score at least % Must score at least % to complete this module item Scored at least % Module item has been completed by scoring at least % View Must view in order to complete this module item Viewed Module item has been viewed and is complete Mark
mi-mth-252-26982752,26982752,2080857,MTH-252,mod-mth-252-031-3-4-partial-fraction-decomposition-pfd,31,232,Integration with PFD Links to an external site.,External Url,module_item,26982752,obj-mth-252-module-item-26982752,00772-mth-252-linked-detail-integration-with-pfd,https://youtu.be/PjsDXfQ8QwQ,https://youtu.be/PjsDXfQ8QwQ,0,,context_module_item student-view external_url indent_0 _requirement ExternalUrl_0,captured,00002-mth-252-modules-course-modules-integral-calculus-mth-252z-400-u2026,https://canvas.oregonstate.edu/courses/2080857/modules,External Url Integration with PFD Links to an external site. Integration with PFD 6 external_url 26982752 0 Score at least Must score at least to complete this module item Scored at least Module item has been completed by scoring at least Score at least % Must score at least % to complete this module item Scored at least % Module item has been completed by scoring at least % View Must view in order to complete this module item Viewed Module item has been viewed and is complete Mark done Must mar
mi-mth-252-26982753,26982753,2080857,MTH-252,mod-mth-252-031-3-4-partial-fraction-decomposition-pfd,31,233,Integration with long division Links to an external site.,External Url,module_item,26982753,obj-mth-252-module-item-26982753,00775-mth-252-linked-detail-integration-with-long-division,https://youtu.be/JIIbmjyrIf8,https://youtu.be/JIIbmjyrIf8,0,,context_module_item student-view external_url indent_0 _requirement ExternalUrl_0,captured,00002-mth-252-modules-course-modules-integral-calculus-mth-252z-400-u2026,https://canvas.oregonstate.edu/courses/2080857/modules,External Url Integration with long division Links to an external site. Integration with long division 7 external_url 26982753 0 Score at least Must score at least to complete this module item Scored at least Module item has been completed by scoring at least Score at least % Must score at least % to complete this module item Scored at least % Module item has been completed by scoring at least % View Must view in order to complete this module item Viewed Module item has been viewed and is complet
mi-mth-252-26982754,26982754,2080857,MTH-252,mod-mth-252-032-2-1areas-between-curves,32,234,Intro. Area between curves Links to an external site.,External Url,module_item,26982754,obj-mth-252-module-item-26982754,00778-mth-252-linked-detail-intro-area-between-curves,https://youtu.be/de-0e0nYf5I,https://youtu.be/de-0e0nYf5I,0,,context_module_item student-view external_url indent_0 _requirement ExternalUrl_0,captured,00002-mth-252-modules-course-modules-integral-calculus-mth-252z-400-u2026,https://canvas.oregonstate.edu/courses/2080857/modules,External Url Intro. Area between curves Links to an external site. Intro. Area between curves 1 external_url 26982754 0 Score at least Must score at least to complete this module item Scored at least Module item has been completed by scoring at least Score at least % Must score at least % to complete this module item Scored at least % Module item has been completed by scoring at least % View Must view in order to complete this module item Viewed Module item has been viewed and is complete Mark d
mi-mth-252-26982755,26982755,2080857,MTH-252,mod-mth-252-032-2-1areas-between-curves,32,235,Area between curves 2 Links to an external site.,External Url,module_item,26982755,obj-mth-252-module-item-26982755,00781-mth-252-linked-detail-area-between-curves-2,https://youtu.be/E_1aDcOoDtE,https://youtu.be/E_1aDcOoDtE,0,,context_module_item student-view external_url indent_0 _requirement ExternalUrl_0,captured,00002-mth-252-modules-course-modules-integral-calculus-mth-252z-400-u2026,https://canvas.oregonstate.edu/courses/2080857/modules,External Url Area between curves 2 Links to an external site. Area between curves 2 2 external_url 26982755 0 Score at least Must score at least to complete this module item Scored at least Module item has been completed by scoring at least Score at least % Must score at least % to complete this module item Scored at least % Module item has been completed by scoring at least % View Must view in order to complete this module item Viewed Module item has been viewed and is complete Mark done Must m
mi-mth-252-26982756,26982756,2080857,MTH-252,mod-mth-252-032-2-1areas-between-curves,32,236,Area between curves 3 Links to an external site.,External Url,module_item,26982756,obj-mth-252-module-item-26982756,00784-mth-252-linked-detail-area-between-curves-3,https://youtu.be/n2JqTztMrvQ,https://youtu.be/n2JqTztMrvQ,0,,context_module_item student-view external_url indent_0 _requirement ExternalUrl_0,captured,00002-mth-252-modules-course-modules-integral-calculus-mth-252z-400-u2026,https://canvas.oregonstate.edu/courses/2080857/modules,External Url Area between curves 3 Links to an external site. Area between curves 3 3 external_url 26982756 0 Score at least Must score at least to complete this module item Scored at least Module item has been completed by scoring at least Score at least % Must score at least % to complete this module item Scored at least % Module item has been completed by scoring at least % View Must view in order to complete this module item Viewed Module item has been viewed and is complete Mark done Must m
mi-mth-252-26982757,26982757,2080857,MTH-252,mod-mth-252-032-2-1areas-between-curves,32,237,Area between curves 4 Links to an external site.,External Url,module_item,26982757,obj-mth-252-module-item-26982757,00787-mth-252-linked-detail-area-between-curves-4,https://youtu.be/BH-V6Gx2n8E,https://youtu.be/BH-V6Gx2n8E,0,,context_module_item student-view external_url indent_0 _requirement ExternalUrl_0,captured,00002-mth-252-modules-course-modules-integral-calculus-mth-252z-400-u2026,https://canvas.oregonstate.edu/courses/2080857/modules,External Url Area between curves 4 Links to an external site. Area between curves 4 4 external_url 26982757 0 Score at least Must score at least to complete this module item Scored at least Module item has been completed by scoring at least Score at least % Must score at least % to complete this module item Scored at least % Module item has been completed by scoring at least % View Must view in order to complete this module item Viewed Module item has been viewed and is complete Mark done Must m
mi-mth-252-26982758,26982758,2080857,MTH-252,mod-mth-252-032-2-1areas-between-curves,32,238,"Area between curves , respect to y Links to an external site.",External Url,module_item,26982758,obj-mth-252-module-item-26982758,00790-mth-252-linked-detail-area-between-curves-respect-to-y,https://youtu.be/fGvSy6U209Y,https://youtu.be/fGvSy6U209Y,0,,context_module_item student-view external_url indent_0 _requirement ExternalUrl_0,captured,00002-mth-252-modules-course-modules-integral-calculus-mth-252z-400-u2026,https://canvas.oregonstate.edu/courses/2080857/modules,"External Url Area between curves , respect to y Links to an external site. Area between curves , respect to y 5 external_url 26982758 0 Score at least Must score at least to complete this module item Scored at least Module item has been completed by scoring at least Score at least % Must score at least % to complete this module item Scored at least % Module item has been completed by scoring at least % View Must view in order to complete this module item Viewed Module item has been viewed and is"
mi-mth-252-26982759,26982759,2080857,MTH-252,mod-mth-252-033-2-2-volume-by-slicing,33,239,Intro. volume by slicing Links to an external site.,External Url,module_item,26982759,obj-mth-252-module-item-26982759,00793-mth-252-linked-detail-intro-volume-by-slicing,https://youtu.be/Q8c8Gs1OUgk,https://youtu.be/Q8c8Gs1OUgk,0,,context_module_item student-view external_url indent_0 _requirement ExternalUrl_0,captured,00002-mth-252-modules-course-modules-integral-calculus-mth-252z-400-u2026,https://canvas.oregonstate.edu/courses/2080857/modules,External Url Intro. volume by slicing Links to an external site. Intro. volume by slicing 1 external_url 26982759 0 Score at least Must score at least to complete this module item Scored at least Module item has been completed by scoring at least Score at least % Must score at least % to complete this module item Scored at least % Module item has been completed by scoring at least % View Must view in order to complete this module item Viewed Module item has been viewed and is complete Mark done 
mi-mth-252-26982760,26982760,2080857,MTH-252,mod-mth-252-033-2-2-volume-by-slicing,33,240,Volume by slicing 2 Links to an external site.,External Url,module_item,26982760,obj-mth-252-module-item-26982760,00796-mth-252-linked-detail-volume-by-slicing-2,https://youtu.be/BQ5sg21w-lA,https://youtu.be/BQ5sg21w-lA,0,,context_module_item student-view external_url indent_0 _requirement ExternalUrl_0,captured,00002-mth-252-modules-course-modules-integral-calculus-mth-252z-400-u2026,https://canvas.oregonstate.edu/courses/2080857/modules,External Url Volume by slicing 2 Links to an external site. Volume by slicing 2 2 external_url 26982760 0 Score at least Must score at least to complete this module item Scored at least Module item has been completed by scoring at least Score at least % Must score at least % to complete this module item Scored at least % Module item has been completed by scoring at least % View Must view in order to complete this module item Viewed Module item has been viewed and is complete Mark done Must mark 
mi-mth-252-26982761,26982761,2080857,MTH-252,mod-mth-252-033-2-2-volume-by-slicing,33,241,Disk method 1 Links to an external site.,External Url,module_item,26982761,obj-mth-252-module-item-26982761,00799-mth-252-linked-detail-disk-method-1,https://youtu.be/1CbZlM09zF8,https://youtu.be/1CbZlM09zF8,0,,context_module_item student-view external_url indent_0 _requirement ExternalUrl_0,captured,00002-mth-252-modules-course-modules-integral-calculus-mth-252z-400-u2026,https://canvas.oregonstate.edu/courses/2080857/modules,External Url Disk method 1 Links to an external site. Disk method 1 3 external_url 26982761 0 Score at least Must score at least to complete this module item Scored at least Module item has been completed by scoring at least Score at least % Must score at least % to complete this module item Scored at least % Module item has been completed by scoring at least % View Must view in order to complete this module item Viewed Module item has been viewed and is complete Mark done Must mark this module 
mi-mth-252-26982762,26982762,2080857,MTH-252,mod-mth-252-033-2-2-volume-by-slicing,33,242,Disk method 2 Links to an external site.,External Url,module_item,26982762,obj-mth-252-module-item-26982762,00802-mth-252-linked-detail-disk-method-2,https://youtu.be/oYe4gkKQDE8,https://youtu.be/oYe4gkKQDE8,0,,context_module_item student-view external_url indent_0 _requirement ExternalUrl_0,captured,00002-mth-252-modules-course-modules-integral-calculus-mth-252z-400-u2026,https://canvas.oregonstate.edu/courses/2080857/modules,External Url Disk method 2 Links to an external site. Disk method 2 4 external_url 26982762 0 Score at least Must score at least to complete this module item Scored at least Module item has been completed by scoring at least Score at least % Must score at least % to complete this module item Scored at least % Module item has been completed by scoring at least % View Must view in order to complete this module item Viewed Module item has been viewed and is complete Mark done Must mark this module 
mi-mth-252-26982763,26982763,2080857,MTH-252,mod-mth-252-033-2-2-volume-by-slicing,33,243,Disk method 3 Links to an external site.,External Url,module_item,26982763,obj-mth-252-module-item-26982763,00805-mth-252-linked-detail-disk-method-3,https://youtu.be/Ba_q-eu8n34,https://youtu.be/Ba_q-eu8n34,0,,context_module_item student-view external_url indent_0 _requirement ExternalUrl_0,captured,00002-mth-252-modules-course-modules-integral-calculus-mth-252z-400-u2026,https://canvas.oregonstate.edu/courses/2080857/modules,External Url Disk method 3 Links to an external site. Disk method 3 5 external_url 26982763 0 Score at least Must score at least to complete this module item Scored at least Module item has been completed by scoring at least Score at least % Must score at least % to complete this module item Scored at least % Module item has been completed by scoring at least % View Must view in order to complete this module item Viewed Module item has been viewed and is complete Mark done Must mark this module 
mi-mth-252-26982764,26982764,2080857,MTH-252,mod-mth-252-033-2-2-volume-by-slicing,33,244,Disc method around y=1 Links to an external site.,External Url,module_item,26982764,obj-mth-252-module-item-26982764,00808-mth-252-linked-detail-disc-method-around-y-1,https://youtu.be/yTElv1k33rk,https://youtu.be/yTElv1k33rk,0,,context_module_item student-view external_url indent_0 _requirement ExternalUrl_0,captured,00002-mth-252-modules-course-modules-integral-calculus-mth-252z-400-u2026,https://canvas.oregonstate.edu/courses/2080857/modules,External Url Disc method around y=1 Links to an external site. Disc method around y=1 6 external_url 26982764 0 Score at least Must score at least to complete this module item Scored at least Module item has been completed by scoring at least Score at least % Must score at least % to complete this module item Scored at least % Module item has been completed by scoring at least % View Must view in order to complete this module item Viewed Module item has been viewed and is complete Mark done Must
mi-mth-252-26982765,26982765,2080857,MTH-252,mod-mth-252-033-2-2-volume-by-slicing,33,245,Washer method 1 Links to an external site.,External Url,module_item,26982765,obj-mth-252-module-item-26982765,00811-mth-252-linked-detail-washer-method-1,https://youtu.be/rbqWHbxmVUI,https://youtu.be/rbqWHbxmVUI,0,,context_module_item student-view external_url indent_0 _requirement ExternalUrl_0,captured,00002-mth-252-modules-course-modules-integral-calculus-mth-252z-400-u2026,https://canvas.oregonstate.edu/courses/2080857/modules,External Url Washer method 1 Links to an external site. Washer method 1 7 external_url 26982765 0 Score at least Must score at least to complete this module item Scored at least Module item has been completed by scoring at least Score at least % Must score at least % to complete this module item Scored at least % Module item has been completed by scoring at least % View Must view in order to complete this module item Viewed Module item has been viewed and is complete Mark done Must mark this mod
mi-mth-252-26982766,26982766,2080857,MTH-252,mod-mth-252-033-2-2-volume-by-slicing,33,246,"Washer method 2, around y=3 Links to an external site.",External Url,module_item,26982766,obj-mth-252-module-item-26982766,00814-mth-252-linked-detail-washer-method-2-around-y-3,https://youtu.be/6zaqRVD90mY,https://youtu.be/6zaqRVD90mY,0,,context_module_item student-view external_url indent_0 _requirement ExternalUrl_0,captured,00002-mth-252-modules-course-modules-integral-calculus-mth-252z-400-u2026,https://canvas.oregonstate.edu/courses/2080857/modules,"External Url Washer method 2, around y=3 Links to an external site. Washer method 2, around y=3 8 external_url 26982766 0 Score at least Must score at least to complete this module item Scored at least Module item has been completed by scoring at least Score at least % Must score at least % to complete this module item Scored at least % Module item has been completed by scoring at least % View Must view in order to complete this module item Viewed Module item has been viewed and is complete Mark"
mi-mth-252-26982767,26982767,2080857,MTH-252,mod-mth-252-033-2-2-volume-by-slicing,33,247,"Washer method 3, around x=5 Links to an external site.",External Url,module_item,26982767,obj-mth-252-module-item-26982767,00816-mth-252-linked-detail-washer-method-3-around-x-5,https://youtu.be/2yd_Ae-7wls,https://youtu.be/2yd_Ae-7wls,0,,context_module_item student-view external_url indent_0 _requirement ExternalUrl_0,captured,00002-mth-252-modules-course-modules-integral-calculus-mth-252z-400-u2026,https://canvas.oregonstate.edu/courses/2080857/modules,"External Url Washer method 3, around x=5 Links to an external site. Washer method 3, around x=5 9 external_url 26982767 0 Score at least Must score at least to complete this module item Scored at least Module item has been completed by scoring at least Score at least % Must score at least % to complete this module item Scored at least % Module item has been completed by scoring at least % View Must view in order to complete this module item Viewed Module item has been viewed and is complete Mark"
mi-mth-252-26982768,26982768,2080857,MTH-252,mod-mth-252-034-2-3-volumes-of-revolution-shell-method,34,248,Intro. shell method Links to an external site.,External Url,module_item,26982768,obj-mth-252-module-item-26982768,00817-mth-252-linked-detail-intro-shell-method,https://youtu.be/pCMkHkprN0I,https://youtu.be/pCMkHkprN0I,0,,context_module_item student-view external_url indent_0 _requirement ExternalUrl_0,captured,00002-mth-252-modules-course-modules-integral-calculus-mth-252z-400-u2026,https://canvas.oregonstate.edu/courses/2080857/modules,External Url Intro. shell method Links to an external site. Intro. shell method 1 external_url 26982768 0 Score at least Must score at least to complete this module item Scored at least Module item has been completed by scoring at least Score at least % Must score at least % to complete this module item Scored at least % Module item has been completed by scoring at least % View Must view in order to complete this module item Viewed Module item has been viewed and is complete Mark done Must mark 
mi-mth-252-26982769,26982769,2080857,MTH-252,mod-mth-252-034-2-3-volumes-of-revolution-shell-method,34,249,Shell method 2 Links to an external site.,External Url,module_item,26982769,obj-mth-252-module-item-26982769,00818-mth-252-linked-detail-shell-method-2,https://youtu.be/3B2YQbEzshg,https://youtu.be/3B2YQbEzshg,0,,context_module_item student-view external_url indent_0 _requirement ExternalUrl_0,captured,00002-mth-252-modules-course-modules-integral-calculus-mth-252z-400-u2026,https://canvas.oregonstate.edu/courses/2080857/modules,External Url Shell method 2 Links to an external site. Shell method 2 2 external_url 26982769 0 Score at least Must score at least to complete this module item Scored at least Module item has been completed by scoring at least Score at least % Must score at least % to complete this module item Scored at least % Module item has been completed by scoring at least % View Must view in order to complete this module item Viewed Module item has been viewed and is complete Mark done Must mark this modul
mi-mth-252-26982770,26982770,2080857,MTH-252,mod-mth-252-034-2-3-volumes-of-revolution-shell-method,34,250,Shell method 3 Links to an external site.,External Url,module_item,26982770,obj-mth-252-module-item-26982770,00819-mth-252-linked-detail-shell-method-3,https://youtu.be/DHCWM-Pg_Yw,https://youtu.be/DHCWM-Pg_Yw,0,,context_module_item student-view external_url indent_0 _requirement ExternalUrl_0,captured,00002-mth-252-modules-course-modules-integral-calculus-mth-252z-400-u2026,https://canvas.oregonstate.edu/courses/2080857/modules,External Url Shell method 3 Links to an external site. Shell method 3 3 external_url 26982770 0 Score at least Must score at least to complete this module item Scored at least Module item has been completed by scoring at least Score at least % Must score at least % to complete this module item Scored at least % Module item has been completed by scoring at least % View Must view in order to complete this module item Viewed Module item has been viewed and is complete Mark done Must mark this modul
mi-mth-252-26982771,26982771,2080857,MTH-252,mod-mth-252-034-2-3-volumes-of-revolution-shell-method,34,251,Shell method 4 around y-axis Links to an external site.,External Url,module_item,26982771,obj-mth-252-module-item-26982771,00820-mth-252-linked-detail-shell-method-4-around-y-axis,https://youtu.be/aW_3JoRHsPU,https://youtu.be/aW_3JoRHsPU,0,,context_module_item student-view external_url indent_0 _requirement ExternalUrl_0,captured,00002-mth-252-modules-course-modules-integral-calculus-mth-252z-400-u2026,https://canvas.oregonstate.edu/courses/2080857/modules,External Url Shell method 4 around y-axis Links to an external site. Shell method 4 around y-axis 4 external_url 26982771 0 Score at least Must score at least to complete this module item Scored at least Module item has been completed by scoring at least Score at least % Must score at least % to complete this module item Scored at least % Module item has been completed by scoring at least % View Must view in order to complete this module item Viewed Module item has been viewed and is complete Ma
mi-mth-252-26982772,26982772,2080857,MTH-252,mod-mth-252-034-2-3-volumes-of-revolution-shell-method,34,252,Shell method around x=4 Links to an external site.,External Url,module_item,26982772,obj-mth-252-module-item-26982772,00821-mth-252-linked-detail-shell-method-around-x-4,https://youtu.be/fAKmfe_5QWw,https://youtu.be/fAKmfe_5QWw,0,,context_module_item student-view external_url indent_0 _requirement ExternalUrl_0,captured,00002-mth-252-modules-course-modules-integral-calculus-mth-252z-400-u2026,https://canvas.oregonstate.edu/courses/2080857/modules,External Url Shell method around x=4 Links to an external site. Shell method around x=4 5 external_url 26982772 0 Score at least Must score at least to complete this module item Scored at least Module item has been completed by scoring at least Score at least % Must score at least % to complete this module item Scored at least % Module item has been completed by scoring at least % View Must view in order to complete this module item Viewed Module item has been viewed and is complete Mark done Mu
mi-mth-252-26982773,26982773,2080857,MTH-252,mod-mth-252-035-2-4-arc-length,35,253,Arc length 1 Links to an external site.,External Url,module_item,26982773,obj-mth-252-module-item-26982773,00822-mth-252-linked-detail-arc-length-1,https://youtu.be/seoFxrNL85c,https://youtu.be/seoFxrNL85c,0,,context_module_item student-view external_url indent_0 _requirement ExternalUrl_0,captured,00002-mth-252-modules-course-modules-integral-calculus-mth-252z-400-u2026,https://canvas.oregonstate.edu/courses/2080857/modules,External Url Arc length 1 Links to an external site. Arc length 1 1 external_url 26982773 0 Score at least Must score at least to complete this module item Scored at least Module item has been completed by scoring at least Score at least % Must score at least % to complete this module item Scored at least % Module item has been completed by scoring at least % View Must view in order to complete this module item Viewed Module item has been viewed and is complete Mark done Must mark this module it
mi-mth-252-26982774,26982774,2080857,MTH-252,mod-mth-252-035-2-4-arc-length,35,254,Arc length 1 continued Links to an external site.,External Url,module_item,26982774,obj-mth-252-module-item-26982774,00823-mth-252-linked-detail-arc-length-1-continued,https://youtu.be/NbnTw0opE_0,https://youtu.be/NbnTw0opE_0,0,,context_module_item student-view external_url indent_0 _requirement ExternalUrl_0,captured,00002-mth-252-modules-course-modules-integral-calculus-mth-252z-400-u2026,https://canvas.oregonstate.edu/courses/2080857/modules,External Url Arc length 1 continued Links to an external site. Arc length 1 continued 2 external_url 26982774 0 Score at least Must score at least to complete this module item Scored at least Module item has been completed by scoring at least Score at least % Must score at least % to complete this module item Scored at least % Module item has been completed by scoring at least % View Must view in order to complete this module item Viewed Module item has been viewed and is complete Mark done Must
mi-mth-252-26982775,26982775,2080857,MTH-252,mod-mth-252-035-2-4-arc-length,35,255,Arc length 2 Links to an external site.,External Url,module_item,26982775,obj-mth-252-module-item-26982775,00824-mth-252-linked-detail-arc-length-2,https://youtu.be/QttlclJGxJQ,https://youtu.be/QttlclJGxJQ,0,,context_module_item student-view external_url indent_0 _requirement ExternalUrl_0,captured,00002-mth-252-modules-course-modules-integral-calculus-mth-252z-400-u2026,https://canvas.oregonstate.edu/courses/2080857/modules,External Url Arc length 2 Links to an external site. Arc length 2 3 external_url 26982775 0 Score at least Must score at least to complete this module item Scored at least Module item has been completed by scoring at least Score at least % Must score at least % to complete this module item Scored at least % Module item has been completed by scoring at least % View Must view in order to complete this module item Viewed Module item has been viewed and is complete Mark done Must mark this module it
mi-mth-252-26982776,26982776,2080857,MTH-252,mod-mth-252-035-2-4-arc-length,35,256,Arc length 3 Links to an external site.,External Url,module_item,26982776,obj-mth-252-module-item-26982776,00825-mth-252-linked-detail-arc-length-3,https://youtu.be/cw76RZ_fsZI,https://youtu.be/cw76RZ_fsZI,0,,context_module_item student-view external_url indent_0 _requirement ExternalUrl_0,captured,00002-mth-252-modules-course-modules-integral-calculus-mth-252z-400-u2026,https://canvas.oregonstate.edu/courses/2080857/modules,External Url Arc length 3 Links to an external site. Arc length 3 4 external_url 26982776 0 Score at least Must score at least to complete this module item Scored at least Module item has been completed by scoring at least Score at least % Must score at least % to complete this module item Scored at least % Module item has been completed by scoring at least % View Must view in order to complete this module item Viewed Module item has been viewed and is complete Mark done Must mark this module it
mi-mth-252-26982777,26982777,2080857,MTH-252,mod-mth-252-035-2-4-arc-length,35,257,Arc length 4 Links to an external site.,External Url,module_item,26982777,obj-mth-252-module-item-26982777,00826-mth-252-linked-detail-arc-length-4,https://youtu.be/0j227VZN0X8,https://youtu.be/0j227VZN0X8,0,,context_module_item student-view external_url indent_0 _requirement ExternalUrl_0,captured,00002-mth-252-modules-course-modules-integral-calculus-mth-252z-400-u2026,https://canvas.oregonstate.edu/courses/2080857/modules,External Url Arc length 4 Links to an external site. Arc length 4 5 external_url 26982777 0 Score at least Must score at least to complete this module item Scored at least Module item has been completed by scoring at least Score at least % Must score at least % to complete this module item Scored at least % Module item has been completed by scoring at least % View Must view in order to complete this module item Viewed Module item has been viewed and is complete Mark done Must mark this module it
mi-mth-252-26982778,26982778,2080857,MTH-252,mod-mth-252-036-2-5-physical-applications,36,258,Work: Spring stretch 1 Links to an external site.,External Url,module_item,26982778,obj-mth-252-module-item-26982778,00827-mth-252-linked-detail-work-spring-stretch-1,https://youtu.be/3_-7IJO6EVc,https://youtu.be/3_-7IJO6EVc,0,,context_module_item student-view external_url indent_0 _requirement ExternalUrl_0,captured,00002-mth-252-modules-course-modules-integral-calculus-mth-252z-400-u2026,https://canvas.oregonstate.edu/courses/2080857/modules,External Url Work: Spring stretch 1 Links to an external site. Work: Spring stretch 1 1 external_url 26982778 0 Score at least Must score at least to complete this module item Scored at least Module item has been completed by scoring at least Score at least % Must score at least % to complete this module item Scored at least % Module item has been completed by scoring at least % View Must view in order to complete this module item Viewed Module item has been viewed and is complete Mark done Must
mi-mth-252-26982779,26982779,2080857,MTH-252,mod-mth-252-036-2-5-physical-applications,36,259,Work: Spring stretch 2 Links to an external site.,External Url,module_item,26982779,obj-mth-252-module-item-26982779,00828-mth-252-linked-detail-work-spring-stretch-2,https://youtu.be/Fd65ZxqpktE,https://youtu.be/Fd65ZxqpktE,0,,context_module_item student-view external_url indent_0 _requirement ExternalUrl_0,captured,00002-mth-252-modules-course-modules-integral-calculus-mth-252z-400-u2026,https://canvas.oregonstate.edu/courses/2080857/modules,External Url Work: Spring stretch 2 Links to an external site. Work: Spring stretch 2 2 external_url 26982779 0 Score at least Must score at least to complete this module item Scored at least Module item has been completed by scoring at least Score at least % Must score at least % to complete this module item Scored at least % Module item has been completed by scoring at least % View Must view in order to complete this module item Viewed Module item has been viewed and is complete Mark done Must
mi-mth-252-26982780,26982780,2080857,MTH-252,mod-mth-252-036-2-5-physical-applications,36,260,Work: lifting leaking bucket Links to an external site.,External Url,module_item,26982780,obj-mth-252-module-item-26982780,00829-mth-252-linked-detail-work-lifting-leaking-bucket,https://youtu.be/YMaR5KJj2zQ,https://youtu.be/YMaR5KJj2zQ,0,,context_module_item student-view external_url indent_0 _requirement ExternalUrl_0,captured,00002-mth-252-modules-course-modules-integral-calculus-mth-252z-400-u2026,https://canvas.oregonstate.edu/courses/2080857/modules,External Url Work: lifting leaking bucket Links to an external site. Work: lifting leaking bucket 3 external_url 26982780 0 Score at least Must score at least to complete this module item Scored at least Module item has been completed by scoring at least Score at least % Must score at least % to complete this module item Scored at least % Module item has been completed by scoring at least % View Must view in order to complete this module item Viewed Module item has been viewed and is complete Ma
mi-mth-252-26982781,26982781,2080857,MTH-252,mod-mth-252-036-2-5-physical-applications,36,261,Work: Lifting bucket with cable mass Links to an external site.,External Url,module_item,26982781,obj-mth-252-module-item-26982781,00830-mth-252-linked-detail-work-lifting-bucket-with-cable-mass,https://youtu.be/pKZzfYIgq1Q,https://youtu.be/pKZzfYIgq1Q,0,,context_module_item student-view external_url indent_0 _requirement ExternalUrl_0,captured,00002-mth-252-modules-course-modules-integral-calculus-mth-252z-400-u2026,https://canvas.oregonstate.edu/courses/2080857/modules,External Url Work: Lifting bucket with cable mass Links to an external site. Work: Lifting bucket with cable mass 4 external_url 26982781 0 Score at least Must score at least to complete this module item Scored at least Module item has been completed by scoring at least Score at least % Must score at least % to complete this module item Scored at least % Module item has been completed by scoring at least % View Must view in order to complete this module item Viewed Module item has been viewed an
mi-mth-252-26982782,26982782,2080857,MTH-252,mod-mth-252-036-2-5-physical-applications,36,262,Work: Vertical pumping Links to an external site.,External Url,module_item,26982782,obj-mth-252-module-item-26982782,00831-mth-252-linked-detail-work-vertical-pumping,https://youtu.be/T7sma-7qQFA,https://youtu.be/T7sma-7qQFA,0,,context_module_item student-view external_url indent_0 _requirement ExternalUrl_0,captured,00002-mth-252-modules-course-modules-integral-calculus-mth-252z-400-u2026,https://canvas.oregonstate.edu/courses/2080857/modules,External Url Work: Vertical pumping Links to an external site. Work: Vertical pumping 5 external_url 26982782 0 Score at least Must score at least to complete this module item Scored at least Module item has been completed by scoring at least Score at least % Must score at least % to complete this module item Scored at least % Module item has been completed by scoring at least % View Must view in order to complete this module item Viewed Module item has been viewed and is complete Mark done Must
mi-mth-252-26982783,26982783,2080857,MTH-252,mod-mth-252-036-2-5-physical-applications,36,263,"Work: Vertical pumping, isosceles triangle Links to an external site.",External Url,module_item,26982783,obj-mth-252-module-item-26982783,00832-mth-252-linked-detail-work-vertical-pumping-isosceles-triangle,https://youtu.be/1x-xMf4TFNM,https://youtu.be/1x-xMf4TFNM,0,,context_module_item student-view external_url indent_0 _requirement ExternalUrl_0,captured,00002-mth-252-modules-course-modules-integral-calculus-mth-252z-400-u2026,https://canvas.oregonstate.edu/courses/2080857/modules,"External Url Work: Vertical pumping, isosceles triangle Links to an external site. Work: Vertical pumping, isosceles triangle 6 external_url 26982783 0 Score at least Must score at least to complete this module item Scored at least Module item has been completed by scoring at least Score at least % Must score at least % to complete this module item Scored at least % Module item has been completed by scoring at least % View Must view in order to complete this module item Viewed Module item has be"
mi-mth-252-26982784,26982784,2080857,MTH-252,mod-mth-252-036-2-5-physical-applications,36,264,"Work: Vertical pumping, quadratic cross sections Links to an external site.",External Url,module_item,26982784,obj-mth-252-module-item-26982784,00833-mth-252-linked-detail-work-vertical-pumping-quadratic-cross-sections,https://youtu.be/RPXnZl3przM,https://youtu.be/RPXnZl3przM,0,,context_module_item student-view external_url indent_0 _requirement ExternalUrl_0,captured,00002-mth-252-modules-course-modules-integral-calculus-mth-252z-400-u2026,https://canvas.oregonstate.edu/courses/2080857/modules,"External Url Work: Vertical pumping, quadratic cross sections Links to an external site. Work: Vertical pumping, quadratic cross sections 7 external_url 26982784 0 Score at least Must score at least to complete this module item Scored at least Module item has been completed by scoring at least Score at least % Must score at least % to complete this module item Scored at least % Module item has been completed by scoring at least % View Must view in order to complete this module item Viewed Module"
mi-mth-252-26982785,26982785,2080857,MTH-252,mod-mth-252-036-2-5-physical-applications,36,265,Hydrostatic force: Horizontal plate Links to an external site.,External Url,module_item,26982785,obj-mth-252-module-item-26982785,00834-mth-252-linked-detail-hydrostatic-force-horizontal-plate,https://youtu.be/zSyh3IzQMdc,https://youtu.be/zSyh3IzQMdc,0,,context_module_item student-view external_url indent_0 _requirement ExternalUrl_0,captured,00002-mth-252-modules-course-modules-integral-calculus-mth-252z-400-u2026,https://canvas.oregonstate.edu/courses/2080857/modules,External Url Hydrostatic force: Horizontal plate Links to an external site. Hydrostatic force: Horizontal plate 8 external_url 26982785 0 Score at least Must score at least to complete this module item Scored at least Module item has been completed by scoring at least Score at least % Must score at least % to complete this module item Scored at least % Module item has been completed by scoring at least % View Must view in order to complete this module item Viewed Module item has been viewed and 
mi-mth-252-26982786,26982786,2080857,MTH-252,mod-mth-252-036-2-5-physical-applications,36,266,Hydrostatic force: Vertical isosceles triangle Links to an external site.,External Url,module_item,26982786,obj-mth-252-module-item-26982786,00835-mth-252-linked-detail-hydrostatic-force-vertical-isosceles-triangle,https://youtu.be/7exmlrEbNXI,https://youtu.be/7exmlrEbNXI,0,,context_module_item student-view external_url indent_0 _requirement ExternalUrl_0,captured,00002-mth-252-modules-course-modules-integral-calculus-mth-252z-400-u2026,https://canvas.oregonstate.edu/courses/2080857/modules,External Url Hydrostatic force: Vertical isosceles triangle Links to an external site. Hydrostatic force: Vertical isosceles triangle 9 external_url 26982786 0 Score at least Must score at least to complete this module item Scored at least Module item has been completed by scoring at least Score at least % Must score at least % to complete this module item Scored at least % Module item has been completed by scoring at least % View Must view in order to complete this module item Viewed Module ite
mi-mth-252-26982787,26982787,2080857,MTH-252,mod-mth-252-036-2-5-physical-applications,36,267,Hydrostatic force: Semicircle window Links to an external site.,External Url,module_item,26982787,obj-mth-252-module-item-26982787,00836-mth-252-linked-detail-hydrostatic-force-semicircle-window,https://youtu.be/Ntk9RpCCSeM,https://youtu.be/Ntk9RpCCSeM,0,,context_module_item student-view external_url indent_0 _requirement ExternalUrl_0,captured,00002-mth-252-modules-course-modules-integral-calculus-mth-252z-400-u2026,https://canvas.oregonstate.edu/courses/2080857/modules,External Url Hydrostatic force: Semicircle window Links to an external site. Hydrostatic force: Semicircle window 10 external_url 26982787 0 Score at least Must score at least to complete this module item Scored at least Module item has been completed by scoring at least Score at least % Must score at least % to complete this module item Scored at least % Module item has been completed by scoring at least % View Must view in order to complete this module item Viewed Module item has been viewed a
mi-mth-252-26982788,26982788,2080857,MTH-252,mod-mth-252-037-3-7-improper-integrals,37,268,Intro. Improper integrals Links to an external site.,External Url,module_item,26982788,obj-mth-252-module-item-26982788,00837-mth-252-linked-detail-intro-improper-integrals,https://youtu.be/F19y9IiH-cM,https://youtu.be/F19y9IiH-cM,0,,context_module_item student-view external_url indent_0 _requirement ExternalUrl_0,captured,00002-mth-252-modules-course-modules-integral-calculus-mth-252z-400-u2026,https://canvas.oregonstate.edu/courses/2080857/modules,External Url Intro. Improper integrals Links to an external site. Intro. Improper integrals 1 external_url 26982788 0 Score at least Must score at least to complete this module item Scored at least Module item has been completed by scoring at least Score at least % Must score at least % to complete this module item Scored at least % Module item has been completed by scoring at least % View Must view in order to complete this module item Viewed Module item has been viewed and is complete Mark don
mi-mth-252-26982789,26982789,2080857,MTH-252,mod-mth-252-037-3-7-improper-integrals,37,269,"Improper integrals 2, exponential integrand Links to an external site.",External Url,module_item,26982789,obj-mth-252-module-item-26982789,00838-mth-252-linked-detail-improper-integrals-2-exponential-integrand,https://youtu.be/5Tz992fOYAA,https://youtu.be/5Tz992fOYAA,0,,context_module_item student-view external_url indent_0 _requirement ExternalUrl_0,captured,00002-mth-252-modules-course-modules-integral-calculus-mth-252z-400-u2026,https://canvas.oregonstate.edu/courses/2080857/modules,"External Url Improper integrals 2, exponential integrand Links to an external site. Improper integrals 2, exponential integrand 2 external_url 26982789 0 Score at least Must score at least to complete this module item Scored at least Module item has been completed by scoring at least Score at least % Must score at least % to complete this module item Scored at least % Module item has been completed by scoring at least % View Must view in order to complete this module item Viewed Module item has "
mi-mth-252-26982790,26982790,2080857,MTH-252,mod-mth-252-037-3-7-improper-integrals,37,270,"Improper integral 3, exponential integrand Links to an external site.",External Url,module_item,26982790,obj-mth-252-module-item-26982790,00839-mth-252-linked-detail-improper-integral-3-exponential-integrand,https://youtu.be/9O9Rd7JyKLo,https://youtu.be/9O9Rd7JyKLo,0,,context_module_item student-view external_url indent_0 _requirement ExternalUrl_0,captured,00002-mth-252-modules-course-modules-integral-calculus-mth-252z-400-u2026,https://canvas.oregonstate.edu/courses/2080857/modules,"External Url Improper integral 3, exponential integrand Links to an external site. Improper integral 3, exponential integrand 3 external_url 26982790 0 Score at least Must score at least to complete this module item Scored at least Module item has been completed by scoring at least Score at least % Must score at least % to complete this module item Scored at least % Module item has been completed by scoring at least % View Must view in order to complete this module item Viewed Module item has be"
mi-mth-252-26982791,26982791,2080857,MTH-252,mod-mth-252-037-3-7-improper-integrals,37,271,"Improper integral 4, rational integrand Links to an external site.",External Url,module_item,26982791,obj-mth-252-module-item-26982791,00840-mth-252-linked-detail-improper-integral-4-rational-integrand,https://youtu.be/CvziF8rGSnw,https://youtu.be/CvziF8rGSnw,0,,context_module_item student-view external_url indent_0 _requirement ExternalUrl_0,captured,00002-mth-252-modules-course-modules-integral-calculus-mth-252z-400-u2026,https://canvas.oregonstate.edu/courses/2080857/modules,"External Url Improper integral 4, rational integrand Links to an external site. Improper integral 4, rational integrand 4 external_url 26982791 0 Score at least Must score at least to complete this module item Scored at least Module item has been completed by scoring at least Score at least % Must score at least % to complete this module item Scored at least % Module item has been completed by scoring at least % View Must view in order to complete this module item Viewed Module item has been vie"
mi-mth-252-26982792,26982792,2080857,MTH-252,mod-mth-252-037-3-7-improper-integrals,37,272,"Improper integral 5, rational integrand Links to an external site.",External Url,module_item,26982792,obj-mth-252-module-item-26982792,00841-mth-252-linked-detail-improper-integral-5-rational-integrand,https://youtu.be/m2qnjmZQqa4,https://youtu.be/m2qnjmZQqa4,0,,context_module_item student-view external_url indent_0 _requirement ExternalUrl_0,captured,00002-mth-252-modules-course-modules-integral-calculus-mth-252z-400-u2026,https://canvas.oregonstate.edu/courses/2080857/modules,"External Url Improper integral 5, rational integrand Links to an external site. Improper integral 5, rational integrand 5 external_url 26982792 0 Score at least Must score at least to complete this module item Scored at least Module item has been completed by scoring at least Score at least % Must score at least % to complete this module item Scored at least % Module item has been completed by scoring at least % View Must view in order to complete this module item Viewed Module item has been vie"
mi-mth-252-26982793,26982793,2080857,MTH-252,mod-mth-252-037-3-7-improper-integrals,37,273,Improper integral: +infinity to -infinity Links to an external site.,External Url,module_item,26982793,obj-mth-252-module-item-26982793,00842-mth-252-linked-detail-improper-integral-infinity-to-infinity,https://youtu.be/qWMJpYajOww,https://youtu.be/qWMJpYajOww,0,,context_module_item student-view external_url indent_0 _requirement ExternalUrl_0,captured,00002-mth-252-modules-course-modules-integral-calculus-mth-252z-400-u2026,https://canvas.oregonstate.edu/courses/2080857/modules,External Url Improper integral: +infinity to -infinity Links to an external site. Improper integral: +infinity to -infinity 6 external_url 26982793 0 Score at least Must score at least to complete this module item Scored at least Module item has been completed by scoring at least Score at least % Must score at least % to complete this module item Scored at least % Module item has been completed by scoring at least % View Must view in order to complete this module item Viewed Module item has been
mi-mth-252-26982794,26982794,2080857,MTH-252,mod-mth-252-037-3-7-improper-integrals,37,274,Improper integral: Discontinuous integrand 1 Links to an external site.,External Url,module_item,26982794,obj-mth-252-module-item-26982794,00843-mth-252-linked-detail-improper-integral-discontinuous-integrand-1,https://youtu.be/KWQgBZStE6M,https://youtu.be/KWQgBZStE6M,0,,context_module_item student-view external_url indent_0 _requirement ExternalUrl_0,captured,00002-mth-252-modules-course-modules-integral-calculus-mth-252z-400-u2026,https://canvas.oregonstate.edu/courses/2080857/modules,External Url Improper integral: Discontinuous integrand 1 Links to an external site. Improper integral: Discontinuous integrand 1 7 external_url 26982794 0 Score at least Must score at least to complete this module item Scored at least Module item has been completed by scoring at least Score at least % Must score at least % to complete this module item Scored at least % Module item has been completed by scoring at least % View Must view in order to complete this module item Viewed Module item ha
mi-mth-252-26982795,26982795,2080857,MTH-252,mod-mth-252-037-3-7-improper-integrals,37,275,Improper integral: Discontinuous integrand 2 Links to an external site.,External Url,module_item,26982795,obj-mth-252-module-item-26982795,00844-mth-252-linked-detail-improper-integral-discontinuous-integrand-2,https://youtu.be/gN7I8LhKalQ,https://youtu.be/gN7I8LhKalQ,0,,context_module_item student-view external_url indent_0 _requirement ExternalUrl_0,captured,00002-mth-252-modules-course-modules-integral-calculus-mth-252z-400-u2026,https://canvas.oregonstate.edu/courses/2080857/modules,External Url Improper integral: Discontinuous integrand 2 Links to an external site. Improper integral: Discontinuous integrand 2 8 external_url 26982795 0 Score at least Must score at least to complete this module item Scored at least Module item has been completed by scoring at least Score at least % Must score at least % to complete this module item Scored at least % Module item has been completed by scoring at least % View Must view in order to complete this module item Viewed Module item ha
mi-mth-253-26885519,26885519,2053263,MTH-253,mod-mth-253-001-start-here,1,1,Start Here - Overview,Page,page,start-here-overview,obj-mth-253-page-start-here-overview,00231-mth-253-module-item-start-here-overview-sequences-and-series-mth-253z-400-u2026,https://canvas.oregonstate.edu/courses/2053263/modules/items/26885519,,0,,context_module_item student-view wiki_page indent_0 _requirement WikiPage_10666402 dupeable rendered,captured,00010-mth-253-modules-course-modules-sequences-and-series-mth-253z-400-u2026,https://canvas.oregonstate.edu/courses/2053263/modules,Page Start Here - Overview Start Here - Overview 1 wiki_page 26885519 0 Score at least Must score at least to complete this module item Scored at least Module item has been completed by scoring at least Score at least % Must score at least % to complete this module item Scored at least % Module item has been completed by scoring at least % View Must view in order to complete this module item Viewed Module item has been viewed and is complete Mark done Must mark this module item done in order to 
mi-mth-253-26885520,26885520,2053263,MTH-253,mod-mth-253-001-start-here,1,2,Start Here - Syllabus,Page,page,start-here-syllabus,obj-mth-253-page-start-here-syllabus,00232-mth-253-module-item-start-here-syllabus-sequences-and-series-mth-253z-400-u2026,https://canvas.oregonstate.edu/courses/2053263/modules/items/26885520,,0,,context_module_item student-view wiki_page indent_0 _requirement WikiPage_10666404 dupeable rendered,captured,00010-mth-253-modules-course-modules-sequences-and-series-mth-253z-400-u2026,https://canvas.oregonstate.edu/courses/2053263/modules,Page Start Here - Syllabus Start Here - Syllabus 2 wiki_page 26885520 0 Score at least Must score at least to complete this module item Scored at least Module item has been completed by scoring at least Score at least % Must score at least % to complete this module item Scored at least % Module item has been completed by scoring at least % View Must view in order to complete this module item Viewed Module item has been viewed and is complete Mark done Must mark this module item done in order to 
mi-mth-253-26885521,26885521,2053263,MTH-253,mod-mth-253-001-start-here,1,3,Get your MTH 253Z Course Materials! (Access Code + Ebook),Page,page,get-your-mth-253z-course-materials-access-code-+-ebook-2,obj-mth-253-page-get-your-mth-253z-course-materials-access-code-ebook-2,00233-mth-253-module-item-get-your-mth-253z-course-materials-access-code-ebook-sequences-and-series-mth-253z-400-u2026,https://canvas.oregonstate.edu/courses/2053263/modules/items/26885521,,0,,context_module_item student-view wiki_page indent_0 _requirement WikiPage_10666396 dupeable rendered,captured,00010-mth-253-modules-course-modules-sequences-and-series-mth-253z-400-u2026,https://canvas.oregonstate.edu/courses/2053263/modules,Page Get your MTH 253Z Course Materials! (Access Code + Ebook) Get your MTH 253Z Course Materials! (Access Code + Ebook) 3 wiki_page 26885521 0 Score at least Must score at least to complete this module item Scored at least Module item has been completed by scoring at least Score at least % Must score at least % to complete this module item Scored at least % Module item has been completed by scoring at least % View Must view in order to complete this module item Viewed Module item has been viewe
mi-mth-253-26885522,26885522,2053263,MTH-253,mod-mth-253-001-start-here,1,4,Start Here - Instructor Information & Communication Policy,Page,page,start-here-instructor-information-and-communication-policy,obj-mth-253-page-start-here-instructor-information-and-communication-policy,00234-mth-253-module-item-start-here-instructor-information-communication-policy-sequences-and-series-mth-253z-400-u2026,https://canvas.oregonstate.edu/courses/2053263/modules/items/26885522,,0,,context_module_item student-view wiki_page indent_0 _requirement WikiPage_10666401 dupeable rendered,captured,00010-mth-253-modules-course-modules-sequences-and-series-mth-253z-400-u2026,https://canvas.oregonstate.edu/courses/2053263/modules,Page Start Here - Instructor Information & Communication Policy Start Here - Instructor Information & Communication Policy 4 wiki_page 26885522 0 Score at least Must score at least to complete this module item Scored at least Module item has been completed by scoring at least Score at least % Must score at least % to complete this module item Scored at least % Module item has been completed by scoring at least % View Must view in order to complete this module item Viewed Module item has been vie
mi-mth-253-26977675,26977675,2053263,MTH-253,mod-mth-253-001-start-here,1,5,Start Here: On the use of AI and academic honesty,Page,page,start-here-on-the-use-of-ai-and-academic-honesty,obj-mth-253-page-start-here-on-the-use-of-ai-and-academic-honesty,00235-mth-253-module-item-start-here-on-the-use-of-ai-and-academic-honesty-sequences-and-series-mth-253z-400-u2026,https://canvas.oregonstate.edu/courses/2053263/modules/items/26977675,,0,,context_module_item student-view wiki_page indent_0 _requirement WikiPage_10721307 dupeable rendered,captured,00010-mth-253-modules-course-modules-sequences-and-series-mth-253z-400-u2026,https://canvas.oregonstate.edu/courses/2053263/modules,Page Start Here: On the use of AI and academic honesty Start Here: On the use of AI and academic honesty 5 wiki_page 26977675 0 Score at least Must score at least to complete this module item Scored at least Module item has been completed by scoring at least Score at least % Must score at least % to complete this module item Scored at least % Module item has been completed by scoring at least % View Must view in order to complete this module item Viewed Module item has been viewed and is complet
mi-mth-253-26885523,26885523,2053263,MTH-253,mod-mth-253-001-start-here,1,6,Start Here - Where to go for help?,Page,page,start-here-where-to-go-for-help,obj-mth-253-page-start-here-where-to-go-for-help,00236-mth-253-module-item-start-here-where-to-go-for-help-sequences-and-series-mth-253z-400-u2026,https://canvas.oregonstate.edu/courses/2053263/modules/items/26885523,,0,,context_module_item student-view wiki_page indent_0 _requirement WikiPage_10666406 dupeable rendered,captured,00010-mth-253-modules-course-modules-sequences-and-series-mth-253z-400-u2026,https://canvas.oregonstate.edu/courses/2053263/modules,Page Start Here - Where to go for help? Start Here - Where to go for help? 6 wiki_page 26885523 0 Score at least Must score at least to complete this module item Scored at least Module item has been completed by scoring at least Score at least % Must score at least % to complete this module item Scored at least % Module item has been completed by scoring at least % View Must view in order to complete this module item Viewed Module item has been viewed and is complete Mark done Must mark this mod
mi-mth-253-26885524,26885524,2053263,MTH-253,mod-mth-253-001-start-here,1,7,General Q&A Discussion,Discussion Topic,discussion,11558499,obj-mth-253-discussion-11558499,00237-mth-253-module-item-topic-general-q-a-discussion,https://canvas.oregonstate.edu/courses/2053263/modules/items/26885524,,0,,context_module_item student-view discussion_topic indent_0 _requirement DiscussionTopic_11558499 dupeable rendered,captured,00010-mth-253-modules-course-modules-sequences-and-series-mth-253z-400-u2026,https://canvas.oregonstate.edu/courses/2053263/modules,Discussion Topic General Q&A Discussion General Q&A Discussion 7 discussion_topic 26885524 0 Score at least Must score at least to complete this module item Scored at least Module item has been completed by scoring at least Score at least % Must score at least % to complete this module item Scored at least % Module item has been completed by scoring at least % View Must view in order to complete this module item Viewed Module item has been viewed and is complete Mark done Must mark this module i
mi-mth-253-26885525,26885525,2053263,MTH-253,mod-mth-253-001-start-here,1,8,Start Here - Accessibility Statements & Privacy Policies,Page,page,start-here-accessibility-statements-and-privacy-policies,obj-mth-253-page-start-here-accessibility-statements-and-privacy-policies,00238-mth-253-module-item-start-here-accessibility-statements-privacy-policies-sequences-and-series-mth-253z-400-u2026,https://canvas.oregonstate.edu/courses/2053263/modules/items/26885525,,0,,context_module_item student-view wiki_page indent_0 _requirement WikiPage_10666399 dupeable rendered,captured,00010-mth-253-modules-course-modules-sequences-and-series-mth-253z-400-u2026,https://canvas.oregonstate.edu/courses/2053263/modules,Page Start Here - Accessibility Statements & Privacy Policies Start Here - Accessibility Statements & Privacy Policies 8 wiki_page 26885525 0 Score at least Must score at least to complete this module item Scored at least Module item has been completed by scoring at least Score at least % Must score at least % to complete this module item Scored at least % Module item has been completed by scoring at least % View Must view in order to complete this module item Viewed Module item has been viewed 
mi-mth-253-26885526,26885526,2053263,MTH-253,mod-mth-253-001-start-here,1,9,Start Here - Sources Cited,Page,page,start-here-sources-cited,obj-mth-253-page-start-here-sources-cited,00239-mth-253-module-item-start-here-sources-cited-sequences-and-series-mth-253z-400-u2026,https://canvas.oregonstate.edu/courses/2053263/modules/items/26885526,,0,,context_module_item student-view wiki_page indent_0 _requirement WikiPage_10666403 dupeable rendered,captured,00010-mth-253-modules-course-modules-sequences-and-series-mth-253z-400-u2026,https://canvas.oregonstate.edu/courses/2053263/modules,Page Start Here - Sources Cited Start Here - Sources Cited 9 wiki_page 26885526 0 Score at least Must score at least to complete this module item Scored at least Module item has been completed by scoring at least Score at least % Must score at least % to complete this module item Scored at least % Module item has been completed by scoring at least % View Must view in order to complete this module item Viewed Module item has been viewed and is complete Mark done Must mark this module item done in
mi-mth-253-26982050,26982050,2053263,MTH-253,mod-mth-253-001-start-here,1,10,Practice Quiz (take it before attempting Quiz 1!),Quiz,quiz,3166971,obj-mth-253-quiz-3166971,00240-mth-253-module-item-practice-quiz-take-it-before-attempting-quiz-1-sequences-and-series-mth-253z-400-u2026,https://canvas.oregonstate.edu/courses/2053263/modules/items/26982050,,0,,context_module_item student-view lti-quiz indent_0 _requirement Quiz_3166971 rendered,captured,00010-mth-253-modules-course-modules-sequences-and-series-mth-253z-400-u2026,https://canvas.oregonstate.edu/courses/2053263/modules,Quiz Practice Quiz (take it before attempting Quiz 1!) Practice Quiz (take it before attempting Quiz 1!) 10 quiz 26982050 0 Jun 28 Score at least Must score at least to complete this module item Scored at least Module item has been completed by scoring at least Score at least % Must score at least % to complete this module item Scored at least % Module item has been completed by scoring at least % View Must view in order to complete this module item Viewed Module item has been viewed and is comp
mi-mth-253-26885527,26885527,2053263,MTH-253,mod-mth-253-001-start-here,1,11,Start Here - Conclusion,Page,page,start-here-conclusion,obj-mth-253-page-start-here-conclusion,00241-mth-253-module-item-start-here-conclusion-sequences-and-series-mth-253z-400-u2026,https://canvas.oregonstate.edu/courses/2053263/modules/items/26885527,,0,,context_module_item student-view wiki_page indent_0 _requirement WikiPage_10666400 dupeable rendered,captured,00010-mth-253-modules-course-modules-sequences-and-series-mth-253z-400-u2026,https://canvas.oregonstate.edu/courses/2053263/modules,Page Start Here - Conclusion Start Here - Conclusion 11 wiki_page 26885527 0 Score at least Must score at least to complete this module item Scored at least Module item has been completed by scoring at least Score at least % Must score at least % to complete this module item Scored at least % Module item has been completed by scoring at least % View Must view in order to complete this module item Viewed Module item has been viewed and is complete Mark done Must mark this module item done in orde
mi-mth-253-26885529,26885529,2053263,MTH-253,mod-mth-253-002-unit-1-week-1,2,12,Unit 1 - Overview,Page,page,unit-1-overview,obj-mth-253-page-unit-1-overview,00242-mth-253-module-item-unit-1-overview-sequences-and-series-mth-253z-400-u2026,https://canvas.oregonstate.edu/courses/2053263/modules/items/26885529,,0,,context_module_item student-view wiki_page indent_0 _requirement WikiPage_10666409 dupeable rendered,captured,00010-mth-253-modules-course-modules-sequences-and-series-mth-253z-400-u2026,https://canvas.oregonstate.edu/courses/2053263/modules,Page Unit 1 - Overview Unit 1 - Overview 1 wiki_page 26885529 0 Score at least Must score at least to complete this module item Scored at least Module item has been completed by scoring at least Score at least % Must score at least % to complete this module item Scored at least % Module item has been completed by scoring at least % View Must view in order to complete this module item Viewed Module item has been viewed and is complete Mark done Must mark this module item done in order to complete
mi-mth-253-26885530,26885530,2053263,MTH-253,mod-mth-253-002-unit-1-week-1,2,13,Unit 1 - Learning Materials,Page,page,unit-1-learning-materials,obj-mth-253-page-unit-1-learning-materials,00243-mth-253-module-item-unit-1-learning-materials-sequences-and-series-mth-253z-400-u2026,https://canvas.oregonstate.edu/courses/2053263/modules/items/26885530,,0,,context_module_item student-view wiki_page indent_0 _requirement WikiPage_10666408 dupeable rendered,captured,00010-mth-253-modules-course-modules-sequences-and-series-mth-253z-400-u2026,https://canvas.oregonstate.edu/courses/2053263/modules,Page Unit 1 - Learning Materials Unit 1 - Learning Materials 2 wiki_page 26885530 0 Score at least Must score at least to complete this module item Scored at least Module item has been completed by scoring at least Score at least % Must score at least % to complete this module item Scored at least % Module item has been completed by scoring at least % View Must view in order to complete this module item Viewed Module item has been viewed and is complete Mark done Must mark this module item done 
mi-mth-253-26885531,26885531,2053263,MTH-253,mod-mth-253-002-unit-1-week-1,2,14,Unit 1 - Q&A Discussion Board (Optional),Discussion Topic,discussion,11558490,obj-mth-253-discussion-11558490,00244-mth-253-module-item-topic-unit-1-q-a-discussion-board-optional,https://canvas.oregonstate.edu/courses/2053263/modules/items/26885531,,0,,context_module_item student-view discussion_topic indent_0 _requirement DiscussionTopic_11558490 dupeable rendered,captured,00010-mth-253-modules-course-modules-sequences-and-series-mth-253z-400-u2026,https://canvas.oregonstate.edu/courses/2053263/modules,Discussion Topic Unit 1 - Q&A Discussion Board (Optional) Unit 1 - Q&A Discussion Board (Optional) 3 discussion_topic 26885531 0 Score at least Must score at least to complete this module item Scored at least Module item has been completed by scoring at least Score at least % Must score at least % to complete this module item Scored at least % Module item has been completed by scoring at least % View Must view in order to complete this module item Viewed Module item has been viewed and is comple
mi-mth-253-26885549,26885549,2053263,MTH-253,mod-mth-253-002-unit-1-week-1,2,15,4 context_module_sub_header 26885549 0 Score at least Must score at least to complete this module item Scored at least Module item has been completed by scoring at least Score at least % Must score at least % to complete this module item Scored at least % Module item has been completed by scoring at least % View Must view in order to complete this module item Viewed Module item has been viewed and is complete Mark done Must mark this module item done in order to complete Marked done Module item marked as done and is complete Contribute Must contribute to this module item to complete it Contributed Contributed to this module item and is complete Submit Must submit this module item to complete it Submitted Module item submitted and is complete,Context Module Sub Header,module_subheader,,obj-mth-253-module-subheader-26885549,,,,0,,context_module_item student-view context_module_sub_header indent_0 _requirement ContextModuleSubHeader_0 rendered,structural_marker,00010-mth-253-modules-course-modules-sequences-and-series-mth-253z-400-u2026,https://canvas.oregonstate.edu/courses/2053263/modules,Context Module Sub Header 4 context_module_sub_header 26885549 0 Score at least Must score at least to complete this module item Scored at least Module item has been completed by scoring at least Score at least % Must score at least % to complete this module item Scored at least % Module item has been completed by scoring at least % View Must view in order to complete this module item Viewed Module item has been viewed and is complete Mark done Must mark this module item done in order to complet
mi-mth-253-26885532,26885532,2053263,MTH-253,mod-mth-253-002-unit-1-week-1,2,16,Unit 1 Discussion Board - Submitted in Week 1 (Required),Discussion Topic,discussion,11558498,obj-mth-253-discussion-11558498,00245-mth-253-module-item-topic-unit-1-discussion-board-submitted-in-week-1-required,https://canvas.oregonstate.edu/courses/2053263/modules/items/26885532,,0,,context_module_item student-view discussion_topic also_assignment indent_0 _requirement DiscussionTopic_11558498 dupeable rendered,captured,00010-mth-253-modules-course-modules-sequences-and-series-mth-253z-400-u2026,https://canvas.oregonstate.edu/courses/2053263/modules,Discussion Topic Unit 1 Discussion Board - Submitted in Week 1 (Required) Unit 1 Discussion Board - Submitted in Week 1 (Required) 40 5 discussion_topic 26885532 1 Jun 28 40 pts Score at least Must score at least to complete this module item Scored at least Module item has been completed by scoring at least Score at least % Must score at least % to complete this module item Scored at least % Module item has been completed by scoring at least % View Must view in order to complete this module item
mi-mth-253-26885537,26885537,2053263,MTH-253,mod-mth-253-002-unit-1-week-1,2,17,Unit 1 - Written Homework Assignment,Assignment,assignment,10553179,obj-mth-253-assignment-10553179,00246-mth-253-module-item-unit-1-written-homework-assignment,https://canvas.oregonstate.edu/courses/2053263/modules/items/26885537,,0,,context_module_item student-view cannot-duplicate show_assignment_menu assignment also_assignment indent_0 _requirement Assignment_10553179 rendered,captured,00010-mth-253-modules-course-modules-sequences-and-series-mth-253z-400-u2026,https://canvas.oregonstate.edu/courses/2053263/modules,Assignment Unit 1 - Written Homework Assignment Unit 1 - Written Homework Assignment 100 6 assignment 26885537 1 Jun 26 100 pts Score at least Must score at least to complete this module item Scored at least Module item has been completed by scoring at least Score at least % Must score at least % to complete this module item Scored at least % Module item has been completed by scoring at least % View Must view in order to complete this module item Viewed Module item has been viewed and is complet
mi-mth-253-26977416,26977416,2053263,MTH-253,mod-mth-253-002-unit-1-week-1,2,18,"Week 1 Web Homework: Infinity and Limits, Indeterminates, Improper Integrals",Assignment,assignment,10584258,obj-mth-253-assignment-10584258,00247-mth-253-module-item-week-1-web-homework-infinity-and-limits-indeterminates-improper-integrals,https://canvas.oregonstate.edu/courses/2053263/modules/items/26977416,,0,,context_module_item student-view cannot-duplicate show_assignment_menu assignment also_assignment indent_0 _requirement Assignment_10584258 rendered,captured,00010-mth-253-modules-course-modules-sequences-and-series-mth-253z-400-u2026,https://canvas.oregonstate.edu/courses/2053263/modules,"Assignment Week 1 Web Homework: Infinity and Limits, Indeterminates, Improper Integrals Week 1 Web Homework: Infinity and Limits, Indeterminates, Improper Integrals 100 7 assignment 26977416 1 Jun 29 100 pts Score at least Must score at least to complete this module item Scored at least Module item has been completed by scoring at least Score at least % Must score at least % to complete this module item Scored at least % Module item has been completed by scoring at least % View Must view in orde"
mi-mth-253-26885539,26885539,2053263,MTH-253,mod-mth-253-002-unit-1-week-1,2,19,Unit 1 Quiz,Quiz,quiz,3159593,obj-mth-253-quiz-3159593,00248-mth-253-module-item-unit-1-quiz-sequences-and-series-mth-253z-400-u2026,https://canvas.oregonstate.edu/courses/2053263/modules/items/26885539,,0,,context_module_item student-view lti-quiz also_assignment indent_0 _requirement Quiz_3159593 rendered,captured,00010-mth-253-modules-course-modules-sequences-and-series-mth-253z-400-u2026,https://canvas.oregonstate.edu/courses/2053263/modules,Quiz Unit 1 Quiz Unit 1 Quiz 100 8 quiz 26885539 1 Jun 30 100 pts Score at least Must score at least to complete this module item Scored at least Module item has been completed by scoring at least Score at least % Must score at least % to complete this module item Scored at least % Module item has been completed by scoring at least % View Must view in order to complete this module item Viewed Module item has been viewed and is complete Mark done Must mark this module item done in order to comple
mi-mth-253-26885533,26885533,2053263,MTH-253,mod-mth-253-002-unit-1-week-1,2,20,9 context_module_sub_header 26885533 0 Score at least Must score at least to complete this module item Scored at least Module item has been completed by scoring at least Score at least % Must score at least % to complete this module item Scored at least % Module item has been completed by scoring at least % View Must view in order to complete this module item Viewed Module item has been viewed and is complete Mark done Must mark this module item done in order to complete Marked done Module item marked as done and is complete Contribute Must contribute to this module item to complete it Contributed Contributed to this module item and is complete Submit Must submit this module item to complete it Submitted Module item submitted and is complete,Context Module Sub Header,module_subheader,,obj-mth-253-module-subheader-26885533,,,,0,,context_module_item student-view context_module_sub_header indent_0 _requirement ContextModuleSubHeader_0 rendered,structural_marker,00010-mth-253-modules-course-modules-sequences-and-series-mth-253z-400-u2026,https://canvas.oregonstate.edu/courses/2053263/modules,Context Module Sub Header 9 context_module_sub_header 26885533 0 Score at least Must score at least to complete this module item Scored at least Module item has been completed by scoring at least Score at least % Must score at least % to complete this module item Scored at least % Module item has been completed by scoring at least % View Must view in order to complete this module item Viewed Module item has been viewed and is complete Mark done Must mark this module item done in order to complet
mi-mth-253-26885541,26885541,2053263,MTH-253,mod-mth-253-002-unit-1-week-1,2,21,Unit 1 - Conclusion,Page,page,unit-1-conclusion,obj-mth-253-page-unit-1-conclusion,00249-mth-253-module-item-unit-1-conclusion-sequences-and-series-mth-253z-400-u2026,https://canvas.oregonstate.edu/courses/2053263/modules/items/26885541,,0,,context_module_item student-view wiki_page indent_0 _requirement WikiPage_10666407 dupeable rendered,captured,00010-mth-253-modules-course-modules-sequences-and-series-mth-253z-400-u2026,https://canvas.oregonstate.edu/courses/2053263/modules,Page Unit 1 - Conclusion Unit 1 - Conclusion 10 wiki_page 26885541 0 Score at least Must score at least to complete this module item Scored at least Module item has been completed by scoring at least Score at least % Must score at least % to complete this module item Scored at least % Module item has been completed by scoring at least % View Must view in order to complete this module item Viewed Module item has been viewed and is complete Mark done Must mark this module item done in order to com
mi-mth-253-26885542,26885542,2053263,MTH-253,mod-mth-253-003-unit-2-week-2-and-week-3,3,22,Unit 2 - Overview,Page,page,unit-2-overview,obj-mth-253-page-unit-2-overview,00250-mth-253-module-item-unit-2-overview-sequences-and-series-mth-253z-400-u2026,https://canvas.oregonstate.edu/courses/2053263/modules/items/26885542,,0,,context_module_item student-view wiki_page indent_0 _requirement WikiPage_10666413 dupeable rendered,captured,00010-mth-253-modules-course-modules-sequences-and-series-mth-253z-400-u2026,https://canvas.oregonstate.edu/courses/2053263/modules,Page Unit 2 - Overview Unit 2 - Overview 1 wiki_page 26885542 0 Score at least Must score at least to complete this module item Scored at least Module item has been completed by scoring at least Score at least % Must score at least % to complete this module item Scored at least % Module item has been completed by scoring at least % View Must view in order to complete this module item Viewed Module item has been viewed and is complete Mark done Must mark this module item done in order to complete
mi-mth-253-26885543,26885543,2053263,MTH-253,mod-mth-253-003-unit-2-week-2-and-week-3,3,23,Unit 2 - Learning Materials,Page,page,unit-2-learning-materials,obj-mth-253-page-unit-2-learning-materials,00251-mth-253-module-item-unit-2-learning-materials-sequences-and-series-mth-253z-400-u2026,https://canvas.oregonstate.edu/courses/2053263/modules/items/26885543,,0,,context_module_item student-view wiki_page indent_0 _requirement WikiPage_10666412 dupeable rendered,captured,00010-mth-253-modules-course-modules-sequences-and-series-mth-253z-400-u2026,https://canvas.oregonstate.edu/courses/2053263/modules,Page Unit 2 - Learning Materials Unit 2 - Learning Materials 2 wiki_page 26885543 0 Score at least Must score at least to complete this module item Scored at least Module item has been completed by scoring at least Score at least % Must score at least % to complete this module item Scored at least % Module item has been completed by scoring at least % View Must view in order to complete this module item Viewed Module item has been viewed and is complete Mark done Must mark this module item done 
mi-mth-253-26885544,26885544,2053263,MTH-253,mod-mth-253-003-unit-2-week-2-and-week-3,3,24,Unit 2 - Q&A Discussion Board (Optional),Discussion Topic,discussion,11558491,obj-mth-253-discussion-11558491,00252-mth-253-module-item-topic-unit-2-q-a-discussion-board-optional,https://canvas.oregonstate.edu/courses/2053263/modules/items/26885544,,0,,context_module_item student-view discussion_topic indent_0 _requirement DiscussionTopic_11558491 dupeable rendered,captured,00010-mth-253-modules-course-modules-sequences-and-series-mth-253z-400-u2026,https://canvas.oregonstate.edu/courses/2053263/modules,Discussion Topic Unit 2 - Q&A Discussion Board (Optional) Unit 2 - Q&A Discussion Board (Optional) 3 discussion_topic 26885544 0 Score at least Must score at least to complete this module item Scored at least Module item has been completed by scoring at least Score at least % Must score at least % to complete this module item Scored at least % Module item has been completed by scoring at least % View Must view in order to complete this module item Viewed Module item has been viewed and is comple
mi-mth-253-26885551,26885551,2053263,MTH-253,mod-mth-253-003-unit-2-week-2-and-week-3,3,25,4 context_module_sub_header 26885551 0 Score at least Must score at least to complete this module item Scored at least Module item has been completed by scoring at least Score at least % Must score at least % to complete this module item Scored at least % Module item has been completed by scoring at least % View Must view in order to complete this module item Viewed Module item has been viewed and is complete Mark done Must mark this module item done in order to complete Marked done Module item marked as done and is complete Contribute Must contribute to this module item to complete it Contributed Contributed to this module item and is complete Submit Must submit this module item to complete it Submitted Module item submitted and is complete,Context Module Sub Header,module_subheader,,obj-mth-253-module-subheader-26885551,,,,0,,context_module_item student-view context_module_sub_header indent_0 _requirement ContextModuleSubHeader_0 rendered,structural_marker,00010-mth-253-modules-course-modules-sequences-and-series-mth-253z-400-u2026,https://canvas.oregonstate.edu/courses/2053263/modules,Context Module Sub Header 4 context_module_sub_header 26885551 0 Score at least Must score at least to complete this module item Scored at least Module item has been completed by scoring at least Score at least % Must score at least % to complete this module item Scored at least % Module item has been completed by scoring at least % View Must view in order to complete this module item Viewed Module item has been viewed and is complete Mark done Must mark this module item done in order to complet
mi-mth-253-26977767,26977767,2053263,MTH-253,mod-mth-253-003-unit-2-week-2-and-week-3,3,26,Week 2 Web Homework: Sequences,Assignment,assignment,10584372,obj-mth-253-assignment-10584372,00253-mth-253-module-item-week-2-web-homework-sequences,https://canvas.oregonstate.edu/courses/2053263/modules/items/26977767,,0,,context_module_item student-view cannot-duplicate show_assignment_menu assignment also_assignment indent_0 _requirement Assignment_10584372 rendered,captured,00010-mth-253-modules-course-modules-sequences-and-series-mth-253z-400-u2026,https://canvas.oregonstate.edu/courses/2053263/modules,Assignment Week 2 Web Homework: Sequences Week 2 Web Homework: Sequences 100 5 assignment 26977767 1 Jul 6 100 pts Score at least Must score at least to complete this module item Scored at least Module item has been completed by scoring at least Score at least % Must score at least % to complete this module item Scored at least % Module item has been completed by scoring at least % View Must view in order to complete this module item Viewed Module item has been viewed and is complete Mark done M
mi-mth-253-26885550,26885550,2053263,MTH-253,mod-mth-253-003-unit-2-week-2-and-week-3,3,27,Unit 2 - Written Homework Assignment,Assignment,assignment,10553180,obj-mth-253-assignment-10553180,00254-mth-253-module-item-unit-2-written-homework-assignment,https://canvas.oregonstate.edu/courses/2053263/modules/items/26885550,,0,,context_module_item student-view cannot-duplicate show_assignment_menu assignment also_assignment indent_0 _requirement Assignment_10553180 rendered,captured,00010-mth-253-modules-course-modules-sequences-and-series-mth-253z-400-u2026,https://canvas.oregonstate.edu/courses/2053263/modules,Assignment Unit 2 - Written Homework Assignment Unit 2 - Written Homework Assignment 100 6 assignment 26885550 1 Jul 9 100 pts Score at least Must score at least to complete this module item Scored at least Module item has been completed by scoring at least Score at least % Must score at least % to complete this module item Scored at least % Module item has been completed by scoring at least % View Must view in order to complete this module item Viewed Module item has been viewed and is complete
mi-mth-253-26977769,26977769,2053263,MTH-253,mod-mth-253-003-unit-2-week-2-and-week-3,3,28,Week 3 Web Homework: Introduction to Series,Assignment,assignment,10584373,obj-mth-253-assignment-10584373,00255-mth-253-module-item-week-3-web-homework-introduction-to-series,https://canvas.oregonstate.edu/courses/2053263/modules/items/26977769,,0,,context_module_item student-view cannot-duplicate show_assignment_menu assignment also_assignment indent_0 _requirement Assignment_10584373 rendered,captured,00010-mth-253-modules-course-modules-sequences-and-series-mth-253z-400-u2026,https://canvas.oregonstate.edu/courses/2053263/modules,Assignment Week 3 Web Homework: Introduction to Series Week 3 Web Homework: Introduction to Series 100 7 assignment 26977769 1 Jul 12 100 pts Score at least Must score at least to complete this module item Scored at least Module item has been completed by scoring at least Score at least % Must score at least % to complete this module item Scored at least % Module item has been completed by scoring at least % View Must view in order to complete this module item Viewed Module item has been viewed 
mi-mth-253-26885552,26885552,2053263,MTH-253,mod-mth-253-003-unit-2-week-2-and-week-3,3,29,Unit 2 Quiz,Quiz,quiz,3159592,obj-mth-253-quiz-3159592,00256-mth-253-module-item-unit-2-quiz-sequences-and-series-mth-253z-400-u2026,https://canvas.oregonstate.edu/courses/2053263/modules/items/26885552,,0,,context_module_item student-view lti-quiz also_assignment indent_0 _requirement Quiz_3159592 rendered,captured,00010-mth-253-modules-course-modules-sequences-and-series-mth-253z-400-u2026,https://canvas.oregonstate.edu/courses/2053263/modules,Quiz Unit 2 Quiz Unit 2 Quiz 100 8 quiz 26885552 1 Jul 13 100 pts Score at least Must score at least to complete this module item Scored at least Module item has been completed by scoring at least Score at least % Must score at least % to complete this module item Scored at least % Module item has been completed by scoring at least % View Must view in order to complete this module item Viewed Module item has been viewed and is complete Mark done Must mark this module item done in order to comple
mi-mth-253-26885553,26885553,2053263,MTH-253,mod-mth-253-003-unit-2-week-2-and-week-3,3,30,9 context_module_sub_header 26885553 0 Score at least Must score at least to complete this module item Scored at least Module item has been completed by scoring at least Score at least % Must score at least % to complete this module item Scored at least % Module item has been completed by scoring at least % View Must view in order to complete this module item Viewed Module item has been viewed and is complete Mark done Must mark this module item done in order to complete Marked done Module item marked as done and is complete Contribute Must contribute to this module item to complete it Contributed Contributed to this module item and is complete Submit Must submit this module item to complete it Submitted Module item submitted and is complete,Context Module Sub Header,module_subheader,,obj-mth-253-module-subheader-26885553,,,,0,,context_module_item student-view context_module_sub_header indent_0 _requirement ContextModuleSubHeader_0 rendered,structural_marker,00010-mth-253-modules-course-modules-sequences-and-series-mth-253z-400-u2026,https://canvas.oregonstate.edu/courses/2053263/modules,Context Module Sub Header 9 context_module_sub_header 26885553 0 Score at least Must score at least to complete this module item Scored at least Module item has been completed by scoring at least Score at least % Must score at least % to complete this module item Scored at least % Module item has been completed by scoring at least % View Must view in order to complete this module item Viewed Module item has been viewed and is complete Mark done Must mark this module item done in order to complet
mi-mth-253-26885555,26885555,2053263,MTH-253,mod-mth-253-004-unit-3-weeks-4-5-and-6,4,31,Unit 3 - Overview,Page,page,unit-3-overview,obj-mth-253-page-unit-3-overview,00257-mth-253-module-item-unit-3-overview-sequences-and-series-mth-253z-400-u2026,https://canvas.oregonstate.edu/courses/2053263/modules/items/26885555,,0,,context_module_item student-view wiki_page indent_0 _requirement WikiPage_10666416 dupeable rendered,captured,00010-mth-253-modules-course-modules-sequences-and-series-mth-253z-400-u2026,https://canvas.oregonstate.edu/courses/2053263/modules,Page Unit 3 - Overview Unit 3 - Overview 1 wiki_page 26885555 0 Score at least Must score at least to complete this module item Scored at least Module item has been completed by scoring at least Score at least % Must score at least % to complete this module item Scored at least % Module item has been completed by scoring at least % View Must view in order to complete this module item Viewed Module item has been viewed and is complete Mark done Must mark this module item done in order to complete
mi-mth-253-26885557,26885557,2053263,MTH-253,mod-mth-253-004-unit-3-weeks-4-5-and-6,4,32,Unit 3 - Q&A Discussion Board (Optional),Discussion Topic,discussion,11558492,obj-mth-253-discussion-11558492,00258-mth-253-module-item-topic-unit-3-q-a-discussion-board-optional,https://canvas.oregonstate.edu/courses/2053263/modules/items/26885557,,0,,context_module_item student-view discussion_topic indent_0 _requirement DiscussionTopic_11558492 dupeable rendered,captured,00010-mth-253-modules-course-modules-sequences-and-series-mth-253z-400-u2026,https://canvas.oregonstate.edu/courses/2053263/modules,Discussion Topic Unit 3 - Q&A Discussion Board (Optional) Unit 3 - Q&A Discussion Board (Optional) 3 discussion_topic 26885557 0 Score at least Must score at least to complete this module item Scored at least Module item has been completed by scoring at least Score at least % Must score at least % to complete this module item Scored at least % Module item has been completed by scoring at least % View Must view in order to complete this module item Viewed Module item has been viewed and is comple
mi-mth-253-26885564,26885564,2053263,MTH-253,mod-mth-253-004-unit-3-weeks-4-5-and-6,4,33,4 context_module_sub_header 26885564 0 Score at least Must score at least to complete this module item Scored at least Module item has been completed by scoring at least Score at least % Must score at least % to complete this module item Scored at least % Module item has been completed by scoring at least % View Must view in order to complete this module item Viewed Module item has been viewed and is complete Mark done Must mark this module item done in order to complete Marked done Module item marked as done and is complete Contribute Must contribute to this module item to complete it Contributed Contributed to this module item and is complete Submit Must submit this module item to complete it Submitted Module item submitted and is complete,Context Module Sub Header,module_subheader,,obj-mth-253-module-subheader-26885564,,,,1,,context_module_item student-view context_module_sub_header indent_1 _requirement ContextModuleSubHeader_0 rendered,structural_marker,00010-mth-253-modules-course-modules-sequences-and-series-mth-253z-400-u2026,https://canvas.oregonstate.edu/courses/2053263/modules,Context Module Sub Header 4 context_module_sub_header 26885564 0 Score at least Must score at least to complete this module item Scored at least Module item has been completed by scoring at least Score at least % Must score at least % to complete this module item Scored at least % Module item has been completed by scoring at least % View Must view in order to complete this module item Viewed Module item has been viewed and is complete Mark done Must mark this module item done in order to complet
mi-mth-253-26977967,26977967,2053263,MTH-253,mod-mth-253-004-unit-3-weeks-4-5-and-6,4,34,Week 4 Web Homework: The Divergence and Integral Tests,Assignment,assignment,10584431,obj-mth-253-assignment-10584431,00259-mth-253-module-item-week-4-web-homework-the-divergence-and-integral-tests,https://canvas.oregonstate.edu/courses/2053263/modules/items/26977967,,0,,context_module_item student-view cannot-duplicate show_assignment_menu assignment also_assignment indent_0 _requirement Assignment_10584431 rendered,captured,00010-mth-253-modules-course-modules-sequences-and-series-mth-253z-400-u2026,https://canvas.oregonstate.edu/courses/2053263/modules,Assignment Week 4 Web Homework: The Divergence and Integral Tests Week 4 Web Homework: The Divergence and Integral Tests 100 5 assignment 26977967 1 Jul 19 100 pts Score at least Must score at least to complete this module item Scored at least Module item has been completed by scoring at least Score at least % Must score at least % to complete this module item Scored at least % Module item has been completed by scoring at least % View Must view in order to complete this module item Viewed Module
mi-mth-253-26977977,26977977,2053263,MTH-253,mod-mth-253-004-unit-3-weeks-4-5-and-6,4,35,Week 5 Web Homework: Comparison and Alternate Series Tests,Assignment,assignment,10584434,obj-mth-253-assignment-10584434,00260-mth-253-module-item-week-5-web-homework-comparison-and-alternate-series-tests,https://canvas.oregonstate.edu/courses/2053263/modules/items/26977977,,0,,context_module_item student-view cannot-duplicate show_assignment_menu assignment also_assignment indent_0 _requirement Assignment_10584434 rendered,captured,00010-mth-253-modules-course-modules-sequences-and-series-mth-253z-400-u2026,https://canvas.oregonstate.edu/courses/2053263/modules,Assignment Week 5 Web Homework: Comparison and Alternate Series Tests Week 5 Web Homework: Comparison and Alternate Series Tests 100 6 assignment 26977977 1 Jul 26 100 pts Score at least Must score at least to complete this module item Scored at least Module item has been completed by scoring at least Score at least % Must score at least % to complete this module item Scored at least % Module item has been completed by scoring at least % View Must view in order to complete this module item Viewe
mi-mth-253-26885558,26885558,2053263,MTH-253,mod-mth-253-004-unit-3-weeks-4-5-and-6,4,36,Unit 3 Discussion Board - Submitted in Week 6 (Required),Discussion Topic,discussion,11558497,obj-mth-253-discussion-11558497,00261-mth-253-module-item-topic-unit-3-discussion-board-submitted-in-week-6-required,https://canvas.oregonstate.edu/courses/2053263/modules/items/26885558,,0,,context_module_item student-view discussion_topic also_assignment indent_0 _requirement DiscussionTopic_11558497 dupeable rendered,captured,00010-mth-253-modules-course-modules-sequences-and-series-mth-253z-400-u2026,https://canvas.oregonstate.edu/courses/2053263/modules,Discussion Topic Unit 3 Discussion Board - Submitted in Week 6 (Required) Unit 3 Discussion Board - Submitted in Week 6 (Required) 40 7 discussion_topic 26885558 1 Jul 28 40 pts Score at least Must score at least to complete this module item Scored at least Module item has been completed by scoring at least Score at least % Must score at least % to complete this module item Scored at least % Module item has been completed by scoring at least % View Must view in order to complete this module item
mi-mth-253-26885565,26885565,2053263,MTH-253,mod-mth-253-004-unit-3-weeks-4-5-and-6,4,37,Unit 3 - Written Homework Assignment,Assignment,assignment,10553181,obj-mth-253-assignment-10553181,00262-mth-253-module-item-unit-3-written-homework-assignment,https://canvas.oregonstate.edu/courses/2053263/modules/items/26885565,,0,,context_module_item student-view cannot-duplicate show_assignment_menu assignment also_assignment indent_0 _requirement Assignment_10553181 rendered,captured,00010-mth-253-modules-course-modules-sequences-and-series-mth-253z-400-u2026,https://canvas.oregonstate.edu/courses/2053263/modules,Assignment Unit 3 - Written Homework Assignment Unit 3 - Written Homework Assignment 100 8 assignment 26885565 1 Jul 30 100 pts Score at least Must score at least to complete this module item Scored at least Module item has been completed by scoring at least Score at least % Must score at least % to complete this module item Scored at least % Module item has been completed by scoring at least % View Must view in order to complete this module item Viewed Module item has been viewed and is complet
mi-mth-253-26977980,26977980,2053263,MTH-253,mod-mth-253-004-unit-3-weeks-4-5-and-6,4,38,Week 6 Web Homework: Ratio and Root Tests,Assignment,assignment,10584435,obj-mth-253-assignment-10584435,00263-mth-253-module-item-week-6-web-homework-ratio-and-root-tests,https://canvas.oregonstate.edu/courses/2053263/modules/items/26977980,,0,,context_module_item student-view cannot-duplicate show_assignment_menu assignment also_assignment indent_0 _requirement Assignment_10584435 rendered,captured,00010-mth-253-modules-course-modules-sequences-and-series-mth-253z-400-u2026,https://canvas.oregonstate.edu/courses/2053263/modules,Assignment Week 6 Web Homework: Ratio and Root Tests Week 6 Web Homework: Ratio and Root Tests 100 9 assignment 26977980 1 Aug 2 100 pts Score at least Must score at least to complete this module item Scored at least Module item has been completed by scoring at least Score at least % Must score at least % to complete this module item Scored at least % Module item has been completed by scoring at least % View Must view in order to complete this module item Viewed Module item has been viewed and i
mi-mth-253-26885567,26885567,2053263,MTH-253,mod-mth-253-004-unit-3-weeks-4-5-and-6,4,39,Unit 3 Quiz,Quiz,quiz,3159589,obj-mth-253-quiz-3159589,00264-mth-253-module-item-unit-3-quiz-sequences-and-series-mth-253z-400-u2026,https://canvas.oregonstate.edu/courses/2053263/modules/items/26885567,,0,,context_module_item student-view lti-quiz also_assignment indent_0 _requirement Quiz_3159589 rendered,captured,00010-mth-253-modules-course-modules-sequences-and-series-mth-253z-400-u2026,https://canvas.oregonstate.edu/courses/2053263/modules,Quiz Unit 3 Quiz Unit 3 Quiz 100 10 quiz 26885567 1 Aug 3 100 pts Score at least Must score at least to complete this module item Scored at least Module item has been completed by scoring at least Score at least % Must score at least % to complete this module item Scored at least % Module item has been completed by scoring at least % View Must view in order to complete this module item Viewed Module item has been viewed and is complete Mark done Must mark this module item done in order to comple
mi-mth-253-26885568,26885568,2053263,MTH-253,mod-mth-253-004-unit-3-weeks-4-5-and-6,4,40,11 context_module_sub_header 26885568 0 Score at least Must score at least to complete this module item Scored at least Module item has been completed by scoring at least Score at least % Must score at least % to complete this module item Scored at least % Module item has been completed by scoring at least % View Must view in order to complete this module item Viewed Module item has been viewed and is complete Mark done Must mark this module item done in order to complete Marked done Module item marked as done and is complete Contribute Must contribute to this module item to complete it Contributed Contributed to this module item and is complete Submit Must submit this module item to complete it Submitted Module item submitted and is complete,Context Module Sub Header,module_subheader,,obj-mth-253-module-subheader-26885568,,,,0,,context_module_item student-view context_module_sub_header indent_0 _requirement ContextModuleSubHeader_0 rendered,structural_marker,00010-mth-253-modules-course-modules-sequences-and-series-mth-253z-400-u2026,https://canvas.oregonstate.edu/courses/2053263/modules,Context Module Sub Header 11 context_module_sub_header 26885568 0 Score at least Must score at least to complete this module item Scored at least Module item has been completed by scoring at least Score at least % Must score at least % to complete this module item Scored at least % Module item has been completed by scoring at least % View Must view in order to complete this module item Viewed Module item has been viewed and is complete Mark done Must mark this module item done in order to comple
mi-mth-253-26885570,26885570,2053263,MTH-253,mod-mth-253-005-unit-4-weeks-7-8-and-9,5,41,Unit 4 - Overview,Page,page,unit-4-overview,obj-mth-253-page-unit-4-overview,00265-mth-253-module-item-unit-4-overview-sequences-and-series-mth-253z-400-u2026,https://canvas.oregonstate.edu/courses/2053263/modules/items/26885570,,0,,context_module_item student-view wiki_page indent_0 _requirement WikiPage_10666419 dupeable rendered,captured,00010-mth-253-modules-course-modules-sequences-and-series-mth-253z-400-u2026,https://canvas.oregonstate.edu/courses/2053263/modules,Page Unit 4 - Overview Unit 4 - Overview 1 wiki_page 26885570 0 Score at least Must score at least to complete this module item Scored at least Module item has been completed by scoring at least Score at least % Must score at least % to complete this module item Scored at least % Module item has been completed by scoring at least % View Must view in order to complete this module item Viewed Module item has been viewed and is complete Mark done Must mark this module item done in order to complete
mi-mth-253-26885572,26885572,2053263,MTH-253,mod-mth-253-005-unit-4-weeks-7-8-and-9,5,42,Unit 4 - Q&A Discussion Board (Optional),Discussion Topic,discussion,11558493,obj-mth-253-discussion-11558493,00266-mth-253-module-item-topic-unit-4-q-a-discussion-board-optional,https://canvas.oregonstate.edu/courses/2053263/modules/items/26885572,,0,,context_module_item student-view discussion_topic indent_0 _requirement DiscussionTopic_11558493 dupeable rendered,captured,00010-mth-253-modules-course-modules-sequences-and-series-mth-253z-400-u2026,https://canvas.oregonstate.edu/courses/2053263/modules,Discussion Topic Unit 4 - Q&A Discussion Board (Optional) Unit 4 - Q&A Discussion Board (Optional) 3 discussion_topic 26885572 0 Score at least Must score at least to complete this module item Scored at least Module item has been completed by scoring at least Score at least % Must score at least % to complete this module item Scored at least % Module item has been completed by scoring at least % View Must view in order to complete this module item Viewed Module item has been viewed and is comple
mi-mth-253-26885574,26885574,2053263,MTH-253,mod-mth-253-005-unit-4-weeks-7-8-and-9,5,43,4 context_module_sub_header 26885574 0 Score at least Must score at least to complete this module item Scored at least Module item has been completed by scoring at least Score at least % Must score at least % to complete this module item Scored at least % Module item has been completed by scoring at least % View Must view in order to complete this module item Viewed Module item has been viewed and is complete Mark done Must mark this module item done in order to complete Marked done Module item marked as done and is complete Contribute Must contribute to this module item to complete it Contributed Contributed to this module item and is complete Submit Must submit this module item to complete it Submitted Module item submitted and is complete,Context Module Sub Header,module_subheader,,obj-mth-253-module-subheader-26885574,,,,0,,context_module_item student-view context_module_sub_header indent_0 _requirement ContextModuleSubHeader_0 rendered,structural_marker,00010-mth-253-modules-course-modules-sequences-and-series-mth-253z-400-u2026,https://canvas.oregonstate.edu/courses/2053263/modules,Context Module Sub Header 4 context_module_sub_header 26885574 0 Score at least Must score at least to complete this module item Scored at least Module item has been completed by scoring at least Score at least % Must score at least % to complete this module item Scored at least % Module item has been completed by scoring at least % View Must view in order to complete this module item Viewed Module item has been viewed and is complete Mark done Must mark this module item done in order to complet
mi-mth-253-26977982,26977982,2053263,MTH-253,mod-mth-253-005-unit-4-weeks-7-8-and-9,5,44,Week 7 Web Homework: Power Series and Functions,Assignment,assignment,10584436,obj-mth-253-assignment-10584436,00267-mth-253-module-item-week-7-web-homework-power-series-and-functions,https://canvas.oregonstate.edu/courses/2053263/modules/items/26977982,,0,,context_module_item student-view cannot-duplicate show_assignment_menu assignment also_assignment indent_0 _requirement Assignment_10584436 rendered,captured,00010-mth-253-modules-course-modules-sequences-and-series-mth-253z-400-u2026,https://canvas.oregonstate.edu/courses/2053263/modules,Assignment Week 7 Web Homework: Power Series and Functions Week 7 Web Homework: Power Series and Functions 100 5 assignment 26977982 1 Aug 9 100 pts Score at least Must score at least to complete this module item Scored at least Module item has been completed by scoring at least Score at least % Must score at least % to complete this module item Scored at least % Module item has been completed by scoring at least % View Must view in order to complete this module item Viewed Module item has been 
mi-mth-253-26977985,26977985,2053263,MTH-253,mod-mth-253-005-unit-4-weeks-7-8-and-9,5,45,Week 8 Web Homework Taylor and Maclaurin Series,Assignment,assignment,10584437,obj-mth-253-assignment-10584437,00268-mth-253-module-item-week-8-web-homework-taylor-and-maclaurin-series,https://canvas.oregonstate.edu/courses/2053263/modules/items/26977985,,0,,context_module_item student-view cannot-duplicate show_assignment_menu assignment also_assignment indent_0 _requirement Assignment_10584437 rendered,captured,00010-mth-253-modules-course-modules-sequences-and-series-mth-253z-400-u2026,https://canvas.oregonstate.edu/courses/2053263/modules,Assignment Week 8 Web Homework Taylor and Maclaurin Series Week 8 Web Homework Taylor and Maclaurin Series 100 6 assignment 26977985 1 Aug 16 100 pts Score at least Must score at least to complete this module item Scored at least Module item has been completed by scoring at least Score at least % Must score at least % to complete this module item Scored at least % Module item has been completed by scoring at least % View Must view in order to complete this module item Viewed Module item has been
mi-mth-253-26885573,26885573,2053263,MTH-253,mod-mth-253-005-unit-4-weeks-7-8-and-9,5,46,Unit 4 Discussion Board - Submitted in Week 9 (Required),Discussion Topic,discussion,11558496,obj-mth-253-discussion-11558496,00269-mth-253-module-item-topic-unit-4-discussion-board-submitted-in-week-9-required,https://canvas.oregonstate.edu/courses/2053263/modules/items/26885573,,0,,context_module_item student-view discussion_topic also_assignment indent_0 _requirement DiscussionTopic_11558496 dupeable rendered,captured,00010-mth-253-modules-course-modules-sequences-and-series-mth-253z-400-u2026,https://canvas.oregonstate.edu/courses/2053263/modules,Discussion Topic Unit 4 Discussion Board - Submitted in Week 9 (Required) Unit 4 Discussion Board - Submitted in Week 9 (Required) 40 7 discussion_topic 26885573 1 Aug 18 40 pts Score at least Must score at least to complete this module item Scored at least Module item has been completed by scoring at least Score at least % Must score at least % to complete this module item Scored at least % Module item has been completed by scoring at least % View Must view in order to complete this module item
mi-mth-253-26885582,26885582,2053263,MTH-253,mod-mth-253-005-unit-4-weeks-7-8-and-9,5,47,Unit 4 Quiz,Quiz,quiz,3159590,obj-mth-253-quiz-3159590,00270-mth-253-module-item-unit-4-quiz-sequences-and-series-mth-253z-400-u2026,https://canvas.oregonstate.edu/courses/2053263/modules/items/26885582,,0,,context_module_item student-view lti-quiz also_assignment indent_0 _requirement Quiz_3159590 rendered,captured,00010-mth-253-modules-course-modules-sequences-and-series-mth-253z-400-u2026,https://canvas.oregonstate.edu/courses/2053263/modules,Quiz Unit 4 Quiz Unit 4 Quiz 100 8 quiz 26885582 1 Aug 24 100 pts Score at least Must score at least to complete this module item Scored at least Module item has been completed by scoring at least Score at least % Must score at least % to complete this module item Scored at least % Module item has been completed by scoring at least % View Must view in order to complete this module item Viewed Module item has been viewed and is complete Mark done Must mark this module item done in order to comple
mi-mth-253-26885580,26885580,2053263,MTH-253,mod-mth-253-005-unit-4-weeks-7-8-and-9,5,48,Unit 4 - Written Homework Assignment,Assignment,assignment,10553182,obj-mth-253-assignment-10553182,00271-mth-253-module-item-unit-4-written-homework-assignment,https://canvas.oregonstate.edu/courses/2053263/modules/items/26885580,,0,,context_module_item student-view cannot-duplicate show_assignment_menu assignment also_assignment indent_0 _requirement Assignment_10553182 rendered,captured,00010-mth-253-modules-course-modules-sequences-and-series-mth-253z-400-u2026,https://canvas.oregonstate.edu/courses/2053263/modules,Assignment Unit 4 - Written Homework Assignment Unit 4 - Written Homework Assignment 100 9 assignment 26885580 1 Aug 20 100 pts Score at least Must score at least to complete this module item Scored at least Module item has been completed by scoring at least Score at least % Must score at least % to complete this module item Scored at least % Module item has been completed by scoring at least % View Must view in order to complete this module item Viewed Module item has been viewed and is complet
mi-mth-253-26977987,26977987,2053263,MTH-253,mod-mth-253-005-unit-4-weeks-7-8-and-9,5,49,Week 9 Web Homework: Properties of Power Series,Assignment,assignment,10584438,obj-mth-253-assignment-10584438,00272-mth-253-module-item-week-9-web-homework-properties-of-power-series,https://canvas.oregonstate.edu/courses/2053263/modules/items/26977987,,0,,context_module_item student-view cannot-duplicate show_assignment_menu assignment also_assignment indent_0 _requirement Assignment_10584438 rendered,captured,00010-mth-253-modules-course-modules-sequences-and-series-mth-253z-400-u2026,https://canvas.oregonstate.edu/courses/2053263/modules,Assignment Week 9 Web Homework: Properties of Power Series Week 9 Web Homework: Properties of Power Series 100 10 assignment 26977987 1 Aug 23 100 pts Score at least Must score at least to complete this module item Scored at least Module item has been completed by scoring at least Score at least % Must score at least % to complete this module item Scored at least % Module item has been completed by scoring at least % View Must view in order to complete this module item Viewed Module item has bee
mi-mth-253-26885583,26885583,2053263,MTH-253,mod-mth-253-005-unit-4-weeks-7-8-and-9,5,50,11 context_module_sub_header 26885583 0 Score at least Must score at least to complete this module item Scored at least Module item has been completed by scoring at least Score at least % Must score at least % to complete this module item Scored at least % Module item has been completed by scoring at least % View Must view in order to complete this module item Viewed Module item has been viewed and is complete Mark done Must mark this module item done in order to complete Marked done Module item marked as done and is complete Contribute Must contribute to this module item to complete it Contributed Contributed to this module item and is complete Submit Must submit this module item to complete it Submitted Module item submitted and is complete,Context Module Sub Header,module_subheader,,obj-mth-253-module-subheader-26885583,,,,0,,context_module_item student-view context_module_sub_header indent_0 _requirement ContextModuleSubHeader_0 rendered,structural_marker,00010-mth-253-modules-course-modules-sequences-and-series-mth-253z-400-u2026,https://canvas.oregonstate.edu/courses/2053263/modules,Context Module Sub Header 11 context_module_sub_header 26885583 0 Score at least Must score at least to complete this module item Scored at least Module item has been completed by scoring at least Score at least % Must score at least % to complete this module item Scored at least % Module item has been completed by scoring at least % View Must view in order to complete this module item Viewed Module item has been viewed and is complete Mark done Must mark this module item done in order to comple
mi-mth-253-26885585,26885585,2053263,MTH-253,mod-mth-253-006-unit-5-covers-week-10,6,51,Unit 5 - Overview,Page,page,unit-5-overview,obj-mth-253-page-unit-5-overview,00273-mth-253-module-item-unit-5-overview-sequences-and-series-mth-253z-400-u2026,https://canvas.oregonstate.edu/courses/2053263/modules/items/26885585,,0,,context_module_item student-view wiki_page indent_0 _requirement WikiPage_10666422 dupeable rendered,captured,00010-mth-253-modules-course-modules-sequences-and-series-mth-253z-400-u2026,https://canvas.oregonstate.edu/courses/2053263/modules,Page Unit 5 - Overview Unit 5 - Overview 1 wiki_page 26885585 0 Score at least Must score at least to complete this module item Scored at least Module item has been completed by scoring at least Score at least % Must score at least % to complete this module item Scored at least % Module item has been completed by scoring at least % View Must view in order to complete this module item Viewed Module item has been viewed and is complete Mark done Must mark this module item done in order to complete
mi-mth-253-26885587,26885587,2053263,MTH-253,mod-mth-253-006-unit-5-covers-week-10,6,52,Unit 5 - Q&A Discussion Board (Optional),Discussion Topic,discussion,11558494,obj-mth-253-discussion-11558494,00274-mth-253-module-item-topic-unit-5-q-a-discussion-board-optional,https://canvas.oregonstate.edu/courses/2053263/modules/items/26885587,,0,,context_module_item student-view discussion_topic indent_0 _requirement DiscussionTopic_11558494 dupeable rendered,captured,00010-mth-253-modules-course-modules-sequences-and-series-mth-253z-400-u2026,https://canvas.oregonstate.edu/courses/2053263/modules,Discussion Topic Unit 5 - Q&A Discussion Board (Optional) Unit 5 - Q&A Discussion Board (Optional) 3 discussion_topic 26885587 0 Score at least Must score at least to complete this module item Scored at least Module item has been completed by scoring at least Score at least % Must score at least % to complete this module item Scored at least % Module item has been completed by scoring at least % View Must view in order to complete this module item Viewed Module item has been viewed and is comple
mi-mth-253-26885593,26885593,2053263,MTH-253,mod-mth-253-006-unit-5-covers-week-10,6,53,4 context_module_sub_header 26885593 0 Score at least Must score at least to complete this module item Scored at least Module item has been completed by scoring at least Score at least % Must score at least % to complete this module item Scored at least % Module item has been completed by scoring at least % View Must view in order to complete this module item Viewed Module item has been viewed and is complete Mark done Must mark this module item done in order to complete Marked done Module item marked as done and is complete Contribute Must contribute to this module item to complete it Contributed Contributed to this module item and is complete Submit Must submit this module item to complete it Submitted Module item submitted and is complete,Context Module Sub Header,module_subheader,,obj-mth-253-module-subheader-26885593,,,,0,,context_module_item student-view context_module_sub_header indent_0 _requirement ContextModuleSubHeader_0 rendered,structural_marker,00010-mth-253-modules-course-modules-sequences-and-series-mth-253z-400-u2026,https://canvas.oregonstate.edu/courses/2053263/modules,Context Module Sub Header 4 context_module_sub_header 26885593 0 Score at least Must score at least to complete this module item Scored at least Module item has been completed by scoring at least Score at least % Must score at least % to complete this module item Scored at least % Module item has been completed by scoring at least % View Must view in order to complete this module item Viewed Module item has been viewed and is complete Mark done Must mark this module item done in order to complet
mi-mth-253-26885592,26885592,2053263,MTH-253,mod-mth-253-006-unit-5-covers-week-10,6,54,Unit 5 - Written Homework Assignment,Assignment,assignment,10553183,obj-mth-253-assignment-10553183,00275-mth-253-module-item-unit-5-written-homework-assignment,https://canvas.oregonstate.edu/courses/2053263/modules/items/26885592,,0,,context_module_item student-view cannot-duplicate show_assignment_menu assignment also_assignment indent_0 _requirement Assignment_10553183 rendered,captured,00010-mth-253-modules-course-modules-sequences-and-series-mth-253z-400-u2026,https://canvas.oregonstate.edu/courses/2053263/modules,Assignment Unit 5 - Written Homework Assignment Unit 5 - Written Homework Assignment 100 5 assignment 26885592 1 Aug 27 100 pts Score at least Must score at least to complete this module item Scored at least Module item has been completed by scoring at least Score at least % Must score at least % to complete this module item Scored at least % Module item has been completed by scoring at least % View Must view in order to complete this module item Viewed Module item has been viewed and is complet
mi-mth-253-26977989,26977989,2053263,MTH-253,mod-mth-253-006-unit-5-covers-week-10,6,55,Week 10 Web Homework: Working with Taylor Series,Assignment,assignment,10584439,obj-mth-253-assignment-10584439,00276-mth-253-module-item-week-10-web-homework-working-with-taylor-series,https://canvas.oregonstate.edu/courses/2053263/modules/items/26977989,,0,,context_module_item student-view cannot-duplicate show_assignment_menu assignment also_assignment indent_0 _requirement Assignment_10584439 rendered,captured,00010-mth-253-modules-course-modules-sequences-and-series-mth-253z-400-u2026,https://canvas.oregonstate.edu/courses/2053263/modules,Assignment Week 10 Web Homework: Working with Taylor Series Week 10 Web Homework: Working with Taylor Series 100 6 assignment 26977989 1 Aug 30 100 pts Score at least Must score at least to complete this module item Scored at least Module item has been completed by scoring at least Score at least % Must score at least % to complete this module item Scored at least % Module item has been completed by scoring at least % View Must view in order to complete this module item Viewed Module item has be
mi-mth-253-26885591,26885591,2053263,MTH-253,mod-mth-253-006-unit-5-covers-week-10,6,56,7 context_module_sub_header 26885591 0 Score at least Must score at least to complete this module item Scored at least Module item has been completed by scoring at least Score at least % Must score at least % to complete this module item Scored at least % Module item has been completed by scoring at least % View Must view in order to complete this module item Viewed Module item has been viewed and is complete Mark done Must mark this module item done in order to complete Marked done Module item marked as done and is complete Contribute Must contribute to this module item to complete it Contributed Contributed to this module item and is complete Submit Must submit this module item to complete it Submitted Module item submitted and is complete,Context Module Sub Header,module_subheader,,obj-mth-253-module-subheader-26885591,,,,0,,context_module_item student-view context_module_sub_header indent_0 _requirement ContextModuleSubHeader_0 rendered,structural_marker,00010-mth-253-modules-course-modules-sequences-and-series-mth-253z-400-u2026,https://canvas.oregonstate.edu/courses/2053263/modules,Context Module Sub Header 7 context_module_sub_header 26885591 0 Score at least Must score at least to complete this module item Scored at least Module item has been completed by scoring at least Score at least % Must score at least % to complete this module item Scored at least % Module item has been completed by scoring at least % View Must view in order to complete this module item Viewed Module item has been viewed and is complete Mark done Must mark this module item done in order to complet
mi-mth-253-26885594,26885594,2053263,MTH-253,mod-mth-253-006-unit-5-covers-week-10,6,57,Reminder: No unit quiz due in this module. 8 context_module_sub_header 26885594 0 Score at least Must score at least to complete this module item Scored at least Module item has been completed by scoring at least Score at least % Must score at least % to complete this module item Scored at least % Module item has been completed by scoring at least % View Must view in order to complete this module item Viewed Module item has been viewed and is complete Mark done Must mark this module item done in order to complete Marked done Module item marked as done and is complete Contribute Must contribute to this module item to complete it Contributed Contributed to this module item and is complete Submit Must submit this module item to complete it Submitted Module item submitted and is complete,Context Module Sub Header,module_subheader,,obj-mth-253-module-subheader-26885594,,,,0,,context_module_item student-view context_module_sub_header indent_0 _requirement ContextModuleSubHeader_0 rendered,structural_marker,00010-mth-253-modules-course-modules-sequences-and-series-mth-253z-400-u2026,https://canvas.oregonstate.edu/courses/2053263/modules,Context Module Sub Header Reminder: No unit quiz due in this module. 8 context_module_sub_header 26885594 0 Score at least Must score at least to complete this module item Scored at least Module item has been completed by scoring at least Score at least % Must score at least % to complete this module item Scored at least % Module item has been completed by scoring at least % View Must view in order to complete this module item Viewed Module item has been viewed and is complete Mark done Must mar
mi-mth-253-26885588,26885588,2053263,MTH-253,mod-mth-253-006-unit-5-covers-week-10,6,58,9 context_module_sub_header 26885588 0 Score at least Must score at least to complete this module item Scored at least Module item has been completed by scoring at least Score at least % Must score at least % to complete this module item Scored at least % Module item has been completed by scoring at least % View Must view in order to complete this module item Viewed Module item has been viewed and is complete Mark done Must mark this module item done in order to complete Marked done Module item marked as done and is complete Contribute Must contribute to this module item to complete it Contributed Contributed to this module item and is complete Submit Must submit this module item to complete it Submitted Module item submitted and is complete,Context Module Sub Header,module_subheader,,obj-mth-253-module-subheader-26885588,,,,0,,context_module_item student-view context_module_sub_header indent_0 _requirement ContextModuleSubHeader_0 rendered,structural_marker,00010-mth-253-modules-course-modules-sequences-and-series-mth-253z-400-u2026,https://canvas.oregonstate.edu/courses/2053263/modules,Context Module Sub Header 9 context_module_sub_header 26885588 0 Score at least Must score at least to complete this module item Scored at least Module item has been completed by scoring at least Score at least % Must score at least % to complete this module item Scored at least % Module item has been completed by scoring at least % View Must view in order to complete this module item Viewed Module item has been viewed and is complete Mark done Must mark this module item done in order to complet
mi-mth-253-26885596,26885596,2053263,MTH-253,mod-mth-253-007-finals-week,7,59,Week 11 - Overview,Page,page,week-11-overview,obj-mth-253-page-week-11-overview,00277-mth-253-module-item-week-11-overview-sequences-and-series-mth-253z-400-u2026,https://canvas.oregonstate.edu/courses/2053263/modules/items/26885596,,0,,context_module_item student-view wiki_page indent_0 _requirement WikiPage_10666427 dupeable rendered,captured,00010-mth-253-modules-course-modules-sequences-and-series-mth-253z-400-u2026,https://canvas.oregonstate.edu/courses/2053263/modules,Page Week 11 - Overview Week 11 - Overview 1 wiki_page 26885596 0 Score at least Must score at least to complete this module item Scored at least Module item has been completed by scoring at least Score at least % Must score at least % to complete this module item Scored at least % Module item has been completed by scoring at least % View Must view in order to complete this module item Viewed Module item has been viewed and is complete Mark done Must mark this module item done in order to comple
mi-mth-253-26885597,26885597,2053263,MTH-253,mod-mth-253-007-finals-week,7,60,Preparing for your Final Exam - Q&A Discussion Board (Optional),Discussion Topic,discussion,11558495,obj-mth-253-discussion-11558495,00278-mth-253-module-item-topic-preparing-for-your-final-exam-q-a-discussion-board-optional,https://canvas.oregonstate.edu/courses/2053263/modules/items/26885597,,0,,context_module_item student-view discussion_topic indent_0 _requirement DiscussionTopic_11558495 dupeable rendered,captured,00010-mth-253-modules-course-modules-sequences-and-series-mth-253z-400-u2026,https://canvas.oregonstate.edu/courses/2053263/modules,Discussion Topic Preparing for your Final Exam - Q&A Discussion Board (Optional) Preparing for your Final Exam - Q&A Discussion Board (Optional) 2 discussion_topic 26885597 0 Score at least Must score at least to complete this module item Scored at least Module item has been completed by scoring at least Score at least % Must score at least % to complete this module item Scored at least % Module item has been completed by scoring at least % View Must view in order to complete this module item Vi
mi-mth-253-26885598,26885598,2053263,MTH-253,mod-mth-253-007-finals-week,7,61,MTH 253 - Final Exam Practice Problems.pdf,Attachment,file,118558956,obj-mth-253-file-118558956,00279-mth-253-module-item-mth-253-final-exam-practice-problems-pdf-sequences-and-series-mth-253z-400-u2026,https://canvas.oregonstate.edu/courses/2053263/modules/items/26885598,,0,,context_module_item student-view attachment indent_0 _requirement Attachment_118558956 rendered,captured,00010-mth-253-modules-course-modules-sequences-and-series-mth-253z-400-u2026,https://canvas.oregonstate.edu/courses/2053263/modules,Attachment MTH 253 - Final Exam Practice Problems.pdf MTH 253 - Final Exam Practice Problems.pdf 3 attachment 26885598 0 Score at least Must score at least to complete this module item Scored at least Module item has been completed by scoring at least Score at least % Must score at least % to complete this module item Scored at least % Module item has been completed by scoring at least % View Must view in order to complete this module item Viewed Module item has been viewed and is complete Mark 
mi-mth-253-26885599,26885599,2053263,MTH-253,mod-mth-253-007-finals-week,7,62,MTH 253 - Final Exam Practice Problems - Answers.pdf,Attachment,file,118558944,obj-mth-253-file-118558944,00280-mth-253-module-item-mth-253-final-exam-practice-problems-answers-pdf-sequences-and-series-mth-253z-400-u2026,https://canvas.oregonstate.edu/courses/2053263/modules/items/26885599,,2,,context_module_item student-view attachment indent_2 _requirement Attachment_118558944 rendered,captured,00010-mth-253-modules-course-modules-sequences-and-series-mth-253z-400-u2026,https://canvas.oregonstate.edu/courses/2053263/modules,Attachment MTH 253 - Final Exam Practice Problems - Answers.pdf MTH 253 - Final Exam Practice Problems - Answers.pdf 4 attachment 26885599 0 Score at least Must score at least to complete this module item Scored at least Module item has been completed by scoring at least Score at least % Must score at least % to complete this module item Scored at least % Module item has been completed by scoring at least % View Must view in order to complete this module item Viewed Module item has been viewed a
mi-mth-253-26885600,26885600,2053263,MTH-253,mod-mth-253-007-finals-week,7,63,5 context_module_sub_header 26885600 0 Score at least Must score at least to complete this module item Scored at least Module item has been completed by scoring at least Score at least % Must score at least % to complete this module item Scored at least % Module item has been completed by scoring at least % View Must view in order to complete this module item Viewed Module item has been viewed and is complete Mark done Must mark this module item done in order to complete Marked done Module item marked as done and is complete Contribute Must contribute to this module item to complete it Contributed Contributed to this module item and is complete Submit Must submit this module item to complete it Submitted Module item submitted and is complete,Context Module Sub Header,module_subheader,,obj-mth-253-module-subheader-26885600,,,,0,,context_module_item student-view context_module_sub_header indent_0 _requirement ContextModuleSubHeader_0 rendered,structural_marker,00010-mth-253-modules-course-modules-sequences-and-series-mth-253z-400-u2026,https://canvas.oregonstate.edu/courses/2053263/modules,Context Module Sub Header 5 context_module_sub_header 26885600 0 Score at least Must score at least to complete this module item Scored at least Module item has been completed by scoring at least Score at least % Must score at least % to complete this module item Scored at least % Module item has been completed by scoring at least % View Must view in order to complete this module item Viewed Module item has been viewed and is complete Mark done Must mark this module item done in order to complet
mi-mth-253-26885601,26885601,2053263,MTH-253,mod-mth-253-007-finals-week,7,64,Final Exam,Quiz,quiz,3159588,obj-mth-253-quiz-3159588,00281-mth-253-module-item-final-exam-sequences-and-series-mth-253z-400-u2026,https://canvas.oregonstate.edu/courses/2053263/modules/items/26885601,,0,,context_module_item student-view lti-quiz also_assignment indent_0 _requirement Quiz_3159588 rendered,captured,00010-mth-253-modules-course-modules-sequences-and-series-mth-253z-400-u2026,https://canvas.oregonstate.edu/courses/2053263/modules,Quiz Final Exam Final Exam 100 6 quiz 26885601 1 Sep 1 100 pts Score at least Must score at least to complete this module item Scored at least Module item has been completed by scoring at least Score at least % Must score at least % to complete this module item Scored at least % Module item has been completed by scoring at least % View Must view in order to complete this module item Viewed Module item has been viewed and is complete Mark done Must mark this module item done in order to complete 
mi-mth-253-26885602,26885602,2053263,MTH-253,mod-mth-253-007-finals-week,7,65,7 context_module_sub_header 26885602 0 Score at least Must score at least to complete this module item Scored at least Module item has been completed by scoring at least Score at least % Must score at least % to complete this module item Scored at least % Module item has been completed by scoring at least % View Must view in order to complete this module item Viewed Module item has been viewed and is complete Mark done Must mark this module item done in order to complete Marked done Module item marked as done and is complete Contribute Must contribute to this module item to complete it Contributed Contributed to this module item and is complete Submit Must submit this module item to complete it Submitted Module item submitted and is complete,Context Module Sub Header,module_subheader,,obj-mth-253-module-subheader-26885602,,,,0,,context_module_item student-view context_module_sub_header indent_0 _requirement ContextModuleSubHeader_0 rendered,structural_marker,00010-mth-253-modules-course-modules-sequences-and-series-mth-253z-400-u2026,https://canvas.oregonstate.edu/courses/2053263/modules,Context Module Sub Header 7 context_module_sub_header 26885602 0 Score at least Must score at least to complete this module item Scored at least Module item has been completed by scoring at least Score at least % Must score at least % to complete this module item Scored at least % Module item has been completed by scoring at least % View Must view in order to complete this module item Viewed Module item has been viewed and is complete Mark done Must mark this module item done in order to complet
mi-phy-212-26896930,26896930,2053526,PHY-212,mod-phy-212-001-start-here,1,1,Start Here - Overview,Page,page,start-here-overview,obj-phy-212-page-start-here-overview,00324-phy-212-module-item-start-here-overview-general-physics-with-calculus-ph-212-400-u2026,https://canvas.oregonstate.edu/courses/2053526/modules/items/26896930,,0,,context_module_item student-view wiki_page indent_0 _requirement WikiPage_10671819 dupeable rendered,captured,00018-phy-212-modules-course-modules-general-physics-with-calculus-ph-212-400-u2026,https://canvas.oregonstate.edu/courses/2053526/modules,Page Start Here - Overview Start Here - Overview 1 wiki_page 26896930 0 Score at least Must score at least to complete this module item Scored at least Module item has been completed by scoring at least Score at least % Must score at least % to complete this module item Scored at least % Module item has been completed by scoring at least % View Must view in order to complete this module item Viewed Module item has been viewed and is complete Mark done Must mark this module item done in order to 
mi-phy-212-26896931,26896931,2053526,PHY-212,mod-phy-212-001-start-here,1,2,Instructor Information & Communication Policy,Page,page,instructor-information-and-communication-policy,obj-phy-212-page-instructor-information-and-communication-policy,00325-phy-212-module-item-instructor-information-communication-policy-general-physics-with-calculus-ph-212-400-u2026,https://canvas.oregonstate.edu/courses/2053526/modules/items/26896931,,0,,context_module_item student-view wiki_page indent_0 _requirement WikiPage_10671755 dupeable rendered,captured,00018-phy-212-modules-course-modules-general-physics-with-calculus-ph-212-400-u2026,https://canvas.oregonstate.edu/courses/2053526/modules,Page Instructor Information & Communication Policy Instructor Information & Communication Policy 2 wiki_page 26896931 0 Score at least Must score at least to complete this module item Scored at least Module item has been completed by scoring at least Score at least % Must score at least % to complete this module item Scored at least % Module item has been completed by scoring at least % View Must view in order to complete this module item Viewed Module item has been viewed and is complete Mark d
mi-phy-212-26896932,26896932,2053526,PHY-212,mod-phy-212-001-start-here,1,3,Where to go for help?,Page,page,where-to-go-for-help,obj-phy-212-page-where-to-go-for-help,00326-phy-212-module-item-where-to-go-for-help-general-physics-with-calculus-ph-212-400-u2026,https://canvas.oregonstate.edu/courses/2053526/modules/items/26896932,,0,,context_module_item student-view wiki_page indent_0 _requirement WikiPage_10671836 dupeable rendered,captured,00018-phy-212-modules-course-modules-general-physics-with-calculus-ph-212-400-u2026,https://canvas.oregonstate.edu/courses/2053526/modules,Page Where to go for help? Where to go for help? 3 wiki_page 26896932 0 Score at least Must score at least to complete this module item Scored at least Module item has been completed by scoring at least Score at least % Must score at least % to complete this module item Scored at least % Module item has been completed by scoring at least % View Must view in order to complete this module item Viewed Module item has been viewed and is complete Mark done Must mark this module item done in order to 
mi-phy-212-26896933,26896933,2053526,PHY-212,mod-phy-212-001-start-here,1,4,Accessibility Statements & Privacy Policies,Page,page,accessibility-statements-and-privacy-policies,obj-phy-212-page-accessibility-statements-and-privacy-policies,00327-phy-212-module-item-accessibility-statements-privacy-policies-general-physics-with-calculus-ph-212-400-u2026,https://canvas.oregonstate.edu/courses/2053526/modules/items/26896933,,0,,context_module_item student-view wiki_page indent_0 _requirement WikiPage_10671733 dupeable rendered,captured,00018-phy-212-modules-course-modules-general-physics-with-calculus-ph-212-400-u2026,https://canvas.oregonstate.edu/courses/2053526/modules,Page Accessibility Statements & Privacy Policies Accessibility Statements & Privacy Policies 4 wiki_page 26896933 0 Score at least Must score at least to complete this module item Scored at least Module item has been completed by scoring at least Score at least % Must score at least % to complete this module item Scored at least % Module item has been completed by scoring at least % View Must view in order to complete this module item Viewed Module item has been viewed and is complete Mark done 
mi-phy-212-26896934,26896934,2053526,PHY-212,mod-phy-212-001-start-here,1,5,Sources Cited,Page,page,sources-cited,obj-phy-212-page-sources-cited,00328-phy-212-module-item-sources-cited-general-physics-with-calculus-ph-212-400-u2026,https://canvas.oregonstate.edu/courses/2053526/modules/items/26896934,,0,,context_module_item student-view wiki_page indent_0 _requirement WikiPage_10671817 dupeable rendered,captured,00018-phy-212-modules-course-modules-general-physics-with-calculus-ph-212-400-u2026,https://canvas.oregonstate.edu/courses/2053526/modules,Page Sources Cited Sources Cited 5 wiki_page 26896934 0 Score at least Must score at least to complete this module item Scored at least Module item has been completed by scoring at least Score at least % Must score at least % to complete this module item Scored at least % Module item has been completed by scoring at least % View Must view in order to complete this module item Viewed Module item has been viewed and is complete Mark done Must mark this module item done in order to complete Marked 
mi-phy-212-26896935,26896935,2053526,PHY-212,mod-phy-212-001-start-here,1,6,Start Here - Conclusion,Page,page,start-here-conclusion,obj-phy-212-page-start-here-conclusion,00329-phy-212-module-item-start-here-conclusion-general-physics-with-calculus-ph-212-400-u2026,https://canvas.oregonstate.edu/courses/2053526/modules/items/26896935,,0,,context_module_item student-view wiki_page indent_0 _requirement WikiPage_10671818 dupeable rendered,captured,00018-phy-212-modules-course-modules-general-physics-with-calculus-ph-212-400-u2026,https://canvas.oregonstate.edu/courses/2053526/modules,Page Start Here - Conclusion Start Here - Conclusion 6 wiki_page 26896935 0 Score at least Must score at least to complete this module item Scored at least Module item has been completed by scoring at least Score at least % Must score at least % to complete this module item Scored at least % Module item has been completed by scoring at least % View Must view in order to complete this module item Viewed Module item has been viewed and is complete Mark done Must mark this module item done in order
mi-phy-212-26896936,26896936,2053526,PHY-212,mod-phy-212-002-course-information,2,7,General information,Page,page,general-information,obj-phy-212-page-general-information,00330-phy-212-module-item-general-information-general-physics-with-calculus-ph-212-400-u2026,https://canvas.oregonstate.edu/courses/2053526/modules/items/26896936,,0,,context_module_item student-view wiki_page indent_0 _requirement WikiPage_10671747 dupeable rendered,captured,00018-phy-212-modules-course-modules-general-physics-with-calculus-ph-212-400-u2026,https://canvas.oregonstate.edu/courses/2053526/modules,Page General information General information 1 wiki_page 26896936 0 Score at least Must score at least to complete this module item Scored at least Module item has been completed by scoring at least Score at least % Must score at least % to complete this module item Scored at least % Module item has been completed by scoring at least % View Must view in order to complete this module item Viewed Module item has been viewed and is complete Mark done Must mark this module item done in order to comp
mi-phy-212-26992777,26992777,2053526,PHY-212,mod-phy-212-002-course-information,2,8,Syllabus,Attachment,file,119256264,obj-phy-212-file-119256264,00331-phy-212-module-item-syllabus-u2026-pdf-general-physics-with-calculus-ph-212-400-u2026,https://canvas.oregonstate.edu/courses/2053526/modules/items/26992777,,0,,context_module_item student-view attachment indent_0 _requirement Attachment_119256264 rendered,captured,00018-phy-212-modules-course-modules-general-physics-with-calculus-ph-212-400-u2026,https://canvas.oregonstate.edu/courses/2053526/modules,Attachment Syllabus Syllabus 2 attachment 26992777 0 Score at least Must score at least to complete this module item Scored at least Module item has been completed by scoring at least Score at least % Must score at least % to complete this module item Scored at least % Module item has been completed by scoring at least % View Must view in order to complete this module item Viewed Module item has been viewed and is complete Mark done Must mark this module item done in order to complete Marked don
mi-phy-212-26896938,26896938,2053526,PHY-212,mod-phy-212-002-course-information,2,9,Zoom info,Page,page,zoom-info,obj-phy-212-page-zoom-info,00332-phy-212-module-item-zoom-info-general-physics-with-calculus-ph-212-400-u2026,https://canvas.oregonstate.edu/courses/2053526/modules/items/26896938,,0,,context_module_item student-view wiki_page indent_0 _requirement WikiPage_10671838 dupeable rendered,captured,00018-phy-212-modules-course-modules-general-physics-with-calculus-ph-212-400-u2026,https://canvas.oregonstate.edu/courses/2053526/modules,Page Zoom info Zoom info 3 wiki_page 26896938 0 Score at least Must score at least to complete this module item Scored at least Module item has been completed by scoring at least Score at least % Must score at least % to complete this module item Scored at least % Module item has been completed by scoring at least % View Must view in order to complete this module item Viewed Module item has been viewed and is complete Mark done Must mark this module item done in order to complete Marked done Mod
mi-phy-212-26896939,26896939,2053526,PHY-212,mod-phy-212-002-course-information,2,10,Announcements,Page,page,announcements,obj-phy-212-page-announcements,00333-phy-212-module-item-announcements-general-physics-with-calculus-ph-212-400-u2026,https://canvas.oregonstate.edu/courses/2053526/modules/items/26896939,,0,,context_module_item student-view wiki_page indent_0 _requirement WikiPage_10671734 dupeable rendered,captured,00018-phy-212-modules-course-modules-general-physics-with-calculus-ph-212-400-u2026,https://canvas.oregonstate.edu/courses/2053526/modules,Page Announcements Announcements 4 wiki_page 26896939 0 Score at least Must score at least to complete this module item Scored at least Module item has been completed by scoring at least Score at least % Must score at least % to complete this module item Scored at least % Module item has been completed by scoring at least % View Must view in order to complete this module item Viewed Module item has been viewed and is complete Mark done Must mark this module item done in order to complete Marked 
mi-phy-212-26896940,26896940,2053526,PHY-212,mod-phy-212-002-course-information,2,11,TA Info & Scheduler,Page,page,ta-info-and-scheduler,obj-phy-212-page-ta-info-and-scheduler,00334-phy-212-module-item-ta-info-scheduler-general-physics-with-calculus-ph-212-400-u2026,https://canvas.oregonstate.edu/courses/2053526/modules/items/26896940,,0,,context_module_item student-view wiki_page indent_0 _requirement WikiPage_10671821 dupeable rendered,captured,00018-phy-212-modules-course-modules-general-physics-with-calculus-ph-212-400-u2026,https://canvas.oregonstate.edu/courses/2053526/modules,Page TA Info & Scheduler TA Info & Scheduler 5 wiki_page 26896940 0 Score at least Must score at least to complete this module item Scored at least Module item has been completed by scoring at least Score at least % Must score at least % to complete this module item Scored at least % Module item has been completed by scoring at least % View Must view in order to complete this module item Viewed Module item has been viewed and is complete Mark done Must mark this module item done in order to comp
mi-phy-212-27007746,27007746,2053526,PHY-212,mod-phy-212-002-course-information,2,12,About Lab Structure and TA Meetings,Attachment,file,119307451,obj-phy-212-file-119307451,00335-phy-212-module-item-lab-structure-and-ta-meetings-pdf-general-physics-with-calculus-ph-212-400-u2026,https://canvas.oregonstate.edu/courses/2053526/modules/items/27007746,,0,,context_module_item student-view attachment indent_0 _requirement Attachment_119307451 rendered,captured,00018-phy-212-modules-course-modules-general-physics-with-calculus-ph-212-400-u2026,https://canvas.oregonstate.edu/courses/2053526/modules,Attachment About Lab Structure and TA Meetings About Lab Structure and TA Meetings 6 attachment 27007746 0 Score at least Must score at least to complete this module item Scored at least Module item has been completed by scoring at least Score at least % Must score at least % to complete this module item Scored at least % Module item has been completed by scoring at least % View Must view in order to complete this module item Viewed Module item has been viewed and is complete Mark done Must mark
mi-phy-212-26896941,26896941,2053526,PHY-212,mod-phy-212-002-course-information,2,13,Course webpages,Page,page,course-webpages,obj-phy-212-page-course-webpages,00336-phy-212-module-item-course-webpages-general-physics-with-calculus-ph-212-400-u2026,https://canvas.oregonstate.edu/courses/2053526/modules/items/26896941,,0,,context_module_item student-view wiki_page indent_0 _requirement WikiPage_10671743 dupeable rendered,captured,00018-phy-212-modules-course-modules-general-physics-with-calculus-ph-212-400-u2026,https://canvas.oregonstate.edu/courses/2053526/modules,Page Course webpages Course webpages 7 wiki_page 26896941 0 Score at least Must score at least to complete this module item Scored at least Module item has been completed by scoring at least Score at least % Must score at least % to complete this module item Scored at least % Module item has been completed by scoring at least % View Must view in order to complete this module item Viewed Module item has been viewed and is complete Mark done Must mark this module item done in order to complete Mar
mi-phy-212-26992779,26992779,2053526,PHY-212,mod-phy-212-002-course-information,2,14,Get your PH 211 Course Materials!,Page,page,get-your-ph-211-course-materials-2,obj-phy-212-page-get-your-ph-211-course-materials-2,00337-phy-212-module-item-get-your-ph-211-course-materials-general-physics-with-calculus-ph-212-400-u2026,https://canvas.oregonstate.edu/courses/2053526/modules/items/26992779,,0,,context_module_item student-view wiki_page indent_0 _requirement WikiPage_10730562 dupeable rendered,captured,00018-phy-212-modules-course-modules-general-physics-with-calculus-ph-212-400-u2026,https://canvas.oregonstate.edu/courses/2053526/modules,Page Get your PH 211 Course Materials! Get your PH 211 Course Materials! 8 wiki_page 26992779 0 Score at least Must score at least to complete this module item Scored at least Module item has been completed by scoring at least Score at least % Must score at least % to complete this module item Scored at least % Module item has been completed by scoring at least % View Must view in order to complete this module item Viewed Module item has been viewed and is complete Mark done Must mark this modul
mi-phy-212-26896942,26896942,2053526,PHY-212,mod-phy-212-002-course-information,2,15,Pre-lecture partial credit,Page,page,pre-lecture-partial-credit,obj-phy-212-page-pre-lecture-partial-credit,00338-phy-212-module-item-pre-lecture-partial-credit-general-physics-with-calculus-ph-212-400-u2026,https://canvas.oregonstate.edu/courses/2053526/modules/items/26896942,,0,,context_module_item student-view wiki_page indent_0 _requirement WikiPage_10671807 dupeable rendered,captured,00018-phy-212-modules-course-modules-general-physics-with-calculus-ph-212-400-u2026,https://canvas.oregonstate.edu/courses/2053526/modules,Page Pre-lecture partial credit Pre-lecture partial credit 9 wiki_page 26896942 0 Score at least Must score at least to complete this module item Scored at least Module item has been completed by scoring at least Score at least % Must score at least % to complete this module item Scored at least % Module item has been completed by scoring at least % View Must view in order to complete this module item Viewed Module item has been viewed and is complete Mark done Must mark this module item done in
mi-phy-212-26896944,26896944,2053526,PHY-212,mod-phy-212-002-course-information,2,16,Virtual Wormhole - Getting assistance,Page,page,virtual-wormhole-getting-assistance,obj-phy-212-page-virtual-wormhole-getting-assistance,00339-phy-212-module-item-virtual-wormhole-getting-assistance-general-physics-with-calculus-ph-212-400-u2026,https://canvas.oregonstate.edu/courses/2053526/modules/items/26896944,,0,,context_module_item student-view wiki_page indent_0 _requirement WikiPage_10671824 dupeable rendered,captured,00018-phy-212-modules-course-modules-general-physics-with-calculus-ph-212-400-u2026,https://canvas.oregonstate.edu/courses/2053526/modules,Page Virtual Wormhole - Getting assistance Virtual Wormhole - Getting assistance 10 wiki_page 26896944 0 Score at least Must score at least to complete this module item Scored at least Module item has been completed by scoring at least Score at least % Must score at least % to complete this module item Scored at least % Module item has been completed by scoring at least % View Must view in order to complete this module item Viewed Module item has been viewed and is complete Mark done Must mark t
mi-phy-212-26896945,26896945,2053526,PHY-212,mod-phy-212-002-course-information,2,17,Scanned text on reserve at library,Page,page,scanned-text-on-reserve-at-library,obj-phy-212-page-scanned-text-on-reserve-at-library,00340-phy-212-module-item-scanned-text-on-reserve-at-library-general-physics-with-calculus-ph-212-400-u2026,https://canvas.oregonstate.edu/courses/2053526/modules/items/26896945,,0,,context_module_item student-view wiki_page indent_0 _requirement WikiPage_10671811 dupeable rendered,captured,00018-phy-212-modules-course-modules-general-physics-with-calculus-ph-212-400-u2026,https://canvas.oregonstate.edu/courses/2053526/modules,Page Scanned text on reserve at library Scanned text on reserve at library 11 wiki_page 26896945 0 Score at least Must score at least to complete this module item Scored at least Module item has been completed by scoring at least Score at least % Must score at least % to complete this module item Scored at least % Module item has been completed by scoring at least % View Must view in order to complete this module item Viewed Module item has been viewed and is complete Mark done Must mark this mo
mi-phy-212-26896946,26896946,2053526,PHY-212,mod-phy-212-002-course-information,2,18,Gradescope,Page,page,gradescope,obj-phy-212-page-gradescope,00341-phy-212-module-item-gradescope-general-physics-with-calculus-ph-212-400-u2026,https://canvas.oregonstate.edu/courses/2053526/modules/items/26896946,,0,,context_module_item student-view wiki_page indent_0 _requirement WikiPage_10671752 dupeable rendered,captured,00018-phy-212-modules-course-modules-general-physics-with-calculus-ph-212-400-u2026,https://canvas.oregonstate.edu/courses/2053526/modules,Page Gradescope Gradescope 12 wiki_page 26896946 0 Score at least Must score at least to complete this module item Scored at least Module item has been completed by scoring at least Score at least % Must score at least % to complete this module item Scored at least % Module item has been completed by scoring at least % View Must view in order to complete this module item Viewed Module item has been viewed and is complete Mark done Must mark this module item done in order to complete Marked done 
mi-phy-212-26896947,26896947,2053526,PHY-212,mod-phy-212-002-course-information,2,19,Proctorio setup and troubleshooting,Page,page,proctorio-setup-and-troubleshooting,obj-phy-212-page-proctorio-setup-and-troubleshooting,00342-phy-212-module-item-proctorio-setup-and-troubleshooting-general-physics-with-calculus-ph-212-400-u2026,https://canvas.oregonstate.edu/courses/2053526/modules/items/26896947,,0,,context_module_item student-view wiki_page indent_0 _requirement WikiPage_10671808 dupeable rendered,captured,00018-phy-212-modules-course-modules-general-physics-with-calculus-ph-212-400-u2026,https://canvas.oregonstate.edu/courses/2053526/modules,Page Proctorio setup and troubleshooting Proctorio setup and troubleshooting 13 wiki_page 26896947 0 Score at least Must score at least to complete this module item Scored at least Module item has been completed by scoring at least Score at least % Must score at least % to complete this module item Scored at least % Module item has been completed by scoring at least % View Must view in order to complete this module item Viewed Module item has been viewed and is complete Mark done Must mark this 
mi-phy-212-26896948,26896948,2053526,PHY-212,mod-phy-212-002-course-information,2,20,Opt-out of lab,Page,page,opt-out-of-lab,obj-phy-212-page-opt-out-of-lab,00343-phy-212-module-item-opt-out-of-lab-general-physics-with-calculus-ph-212-400-u2026,https://canvas.oregonstate.edu/courses/2053526/modules/items/26896948,,0,,context_module_item student-view wiki_page indent_0 _requirement WikiPage_10671804 dupeable rendered,captured,00018-phy-212-modules-course-modules-general-physics-with-calculus-ph-212-400-u2026,https://canvas.oregonstate.edu/courses/2053526/modules,Page Opt-out of lab Opt-out of lab 14 wiki_page 26896948 0 Score at least Must score at least to complete this module item Scored at least Module item has been completed by scoring at least Score at least % Must score at least % to complete this module item Scored at least % Module item has been completed by scoring at least % View Must view in order to complete this module item Viewed Module item has been viewed and is complete Mark done Must mark this module item done in order to complete Mark
mi-phy-212-26896949,26896949,2053526,PHY-212,mod-phy-212-002-course-information,2,21,OER Physics textbook,Page,page,oer-physics-textbook,obj-phy-212-page-oer-physics-textbook,00344-phy-212-module-item-oer-physics-textbook-general-physics-with-calculus-ph-212-400-u2026,https://canvas.oregonstate.edu/courses/2053526/modules/items/26896949,,0,,context_module_item student-view wiki_page indent_0 _requirement WikiPage_10671803 dupeable rendered,captured,00018-phy-212-modules-course-modules-general-physics-with-calculus-ph-212-400-u2026,https://canvas.oregonstate.edu/courses/2053526/modules,Page OER Physics textbook OER Physics textbook 15 wiki_page 26896949 0 Score at least Must score at least to complete this module item Scored at least Module item has been completed by scoring at least Score at least % Must score at least % to complete this module item Scored at least % Module item has been completed by scoring at least % View Must view in order to complete this module item Viewed Module item has been viewed and is complete Mark done Must mark this module item done in order to c
mi-phy-212-26997777,26997777,2053526,PHY-212,mod-phy-212-002-course-information,2,22,First day overview,Attachment,file,119256249,obj-phy-212-file-119256249,00345-phy-212-module-item-first-day-overview-pdf-general-physics-with-calculus-ph-212-400-u2026,https://canvas.oregonstate.edu/courses/2053526/modules/items/26997777,,0,,context_module_item student-view attachment indent_0 _requirement Attachment_119256249 rendered,captured,00018-phy-212-modules-course-modules-general-physics-with-calculus-ph-212-400-u2026,https://canvas.oregonstate.edu/courses/2053526/modules,Attachment First day overview First day overview 16 attachment 26997777 0 Score at least Must score at least to complete this module item Scored at least Module item has been completed by scoring at least Score at least % Must score at least % to complete this module item Scored at least % Module item has been completed by scoring at least % View Must view in order to complete this module item Viewed Module item has been viewed and is complete Mark done Must mark this module item done in order t
mi-phy-212-26896950,26896950,2053526,PHY-212,mod-phy-212-003-student-resources,3,23,General Discussion & FAQs,Discussion Topic,discussion,11563815,obj-phy-212-discussion-11563815,00346-phy-212-module-item-topic-general-discussion-faqs,https://canvas.oregonstate.edu/courses/2053526/modules/items/26896950,,0,,context_module_item student-view discussion_topic indent_0 _requirement DiscussionTopic_11563815 dupeable rendered,captured,00018-phy-212-modules-course-modules-general-physics-with-calculus-ph-212-400-u2026,https://canvas.oregonstate.edu/courses/2053526/modules,Discussion Topic General Discussion & FAQs General Discussion & FAQs 1 discussion_topic 26896950 0 Score at least Must score at least to complete this module item Scored at least Module item has been completed by scoring at least Score at least % Must score at least % to complete this module item Scored at least % Module item has been completed by scoring at least % View Must view in order to complete this module item Viewed Module item has been viewed and is complete Mark done Must mark this mo
mi-phy-212-26896951,26896951,2053526,PHY-212,mod-phy-212-003-student-resources,3,24,PH 211 Instructional videos,Page,page,ph-211-instructional-videos,obj-phy-212-page-ph-211-instructional-videos,00347-phy-212-module-item-ph-211-instructional-videos-general-physics-with-calculus-ph-212-400-u2026,https://canvas.oregonstate.edu/courses/2053526/modules/items/26896951,,0,,context_module_item student-view wiki_page indent_0 _requirement WikiPage_10671806 dupeable rendered,captured,00018-phy-212-modules-course-modules-general-physics-with-calculus-ph-212-400-u2026,https://canvas.oregonstate.edu/courses/2053526/modules,Page PH 211 Instructional videos PH 211 Instructional videos 2 wiki_page 26896951 0 Score at least Must score at least to complete this module item Scored at least Module item has been completed by scoring at least Score at least % Must score at least % to complete this module item Scored at least % Module item has been completed by scoring at least % View Must view in order to complete this module item Viewed Module item has been viewed and is complete Mark done Must mark this module item done 
mi-phy-212-26896952,26896952,2053526,PHY-212,mod-phy-212-003-student-resources,3,25,Financial resources and more,Page,page,financial-resources-and-more,obj-phy-212-page-financial-resources-and-more,00348-phy-212-module-item-financial-resources-and-more-general-physics-with-calculus-ph-212-400-u2026,https://canvas.oregonstate.edu/courses/2053526/modules/items/26896952,,0,,context_module_item student-view wiki_page indent_0 _requirement WikiPage_10671746 dupeable rendered,captured,00018-phy-212-modules-course-modules-general-physics-with-calculus-ph-212-400-u2026,https://canvas.oregonstate.edu/courses/2053526/modules,Page Financial resources and more Financial resources and more 3 wiki_page 26896952 0 Score at least Must score at least to complete this module item Scored at least Module item has been completed by scoring at least Score at least % Must score at least % to complete this module item Scored at least % Module item has been completed by scoring at least % View Must view in order to complete this module item Viewed Module item has been viewed and is complete Mark done Must mark this module item don
mi-phy-212-26896953,26896953,2053526,PHY-212,mod-phy-212-003-student-resources,3,26,Academic Misconduct Scenarios,Page,page,academic-misconduct-scenarios,obj-phy-212-page-academic-misconduct-scenarios,00349-phy-212-module-item-academic-misconduct-scenarios-general-physics-with-calculus-ph-212-400-u2026,https://canvas.oregonstate.edu/courses/2053526/modules/items/26896953,,0,,context_module_item student-view wiki_page indent_0 _requirement WikiPage_10671732 dupeable rendered,captured,00018-phy-212-modules-course-modules-general-physics-with-calculus-ph-212-400-u2026,https://canvas.oregonstate.edu/courses/2053526/modules,Page Academic Misconduct Scenarios Academic Misconduct Scenarios 4 wiki_page 26896953 0 Score at least Must score at least to complete this module item Scored at least Module item has been completed by scoring at least Score at least % Must score at least % to complete this module item Scored at least % Module item has been completed by scoring at least % View Must view in order to complete this module item Viewed Module item has been viewed and is complete Mark done Must mark this module item d
mi-phy-212-26896954,26896954,2053526,PHY-212,mod-phy-212-003-student-resources,3,27,Scanned text on reserve at the library,Page,page,scanned-text-on-reserve-at-the-library,obj-phy-212-page-scanned-text-on-reserve-at-the-library,00350-phy-212-module-item-scanned-text-on-reserve-at-the-library-general-physics-with-calculus-ph-212-400-u2026,https://canvas.oregonstate.edu/courses/2053526/modules/items/26896954,,0,,context_module_item student-view wiki_page indent_0 _requirement WikiPage_10671812 dupeable rendered,captured,00018-phy-212-modules-course-modules-general-physics-with-calculus-ph-212-400-u2026,https://canvas.oregonstate.edu/courses/2053526/modules,Page Scanned text on reserve at the library Scanned text on reserve at the library 5 wiki_page 26896954 0 Score at least Must score at least to complete this module item Scored at least Module item has been completed by scoring at least Score at least % Must score at least % to complete this module item Scored at least % Module item has been completed by scoring at least % View Must view in order to complete this module item Viewed Module item has been viewed and is complete Mark done Must mark 
mi-phy-212-26896955,26896955,2053526,PHY-212,mod-phy-212-003-student-resources,3,28,Help getting internet,Page,page,help-getting-internet,obj-phy-212-page-help-getting-internet,00351-phy-212-module-item-help-getting-internet-general-physics-with-calculus-ph-212-400-u2026,https://canvas.oregonstate.edu/courses/2053526/modules/items/26896955,,0,,context_module_item student-view wiki_page indent_0 _requirement WikiPage_10671753 dupeable rendered,captured,00018-phy-212-modules-course-modules-general-physics-with-calculus-ph-212-400-u2026,https://canvas.oregonstate.edu/courses/2053526/modules,Page Help getting internet Help getting internet 6 wiki_page 26896955 0 Score at least Must score at least to complete this module item Scored at least Module item has been completed by scoring at least Score at least % Must score at least % to complete this module item Scored at least % Module item has been completed by scoring at least % View Must view in order to complete this module item Viewed Module item has been viewed and is complete Mark done Must mark this module item done in order to 
mi-phy-212-26896956,26896956,2053526,PHY-212,mod-phy-212-003-student-resources,3,29,Scanning Resources,Page,page,scanning-resources-2,obj-phy-212-page-scanning-resources-2,00352-phy-212-module-item-scanning-resources-general-physics-with-calculus-ph-212-400-u2026,https://canvas.oregonstate.edu/courses/2053526/modules/items/26896956,,0,,context_module_item student-view wiki_page indent_0 _requirement WikiPage_10671813 dupeable rendered,captured,00018-phy-212-modules-course-modules-general-physics-with-calculus-ph-212-400-u2026,https://canvas.oregonstate.edu/courses/2053526/modules,Page Scanning Resources Scanning Resources 7 wiki_page 26896956 0 Score at least Must score at least to complete this module item Scored at least Module item has been completed by scoring at least Score at least % Must score at least % to complete this module item Scored at least % Module item has been completed by scoring at least % View Must view in order to complete this module item Viewed Module item has been viewed and is complete Mark done Must mark this module item done in order to comple
mi-phy-212-26896958,26896958,2053526,PHY-212,mod-phy-212-004-module-1-circular-motion,4,30,Module 1 | Overview of Circular Motion,Page,page,module-1-%7C-overview-of-circular-motion,obj-phy-212-page-module-1-7c-overview-of-circular-motion,00353-phy-212-module-item-module-1-overview-of-circular-motion-general-physics-with-calculus-ph-212-400-u2026,https://canvas.oregonstate.edu/courses/2053526/modules/items/26896958,,0,,context_module_item student-view wiki_page indent_0 _requirement WikiPage_10671778 dupeable rendered,captured,00018-phy-212-modules-course-modules-general-physics-with-calculus-ph-212-400-u2026,https://canvas.oregonstate.edu/courses/2053526/modules,Page Module 1 | Overview of Circular Motion Module 1 | Overview of Circular Motion 1 wiki_page 26896958 0 Score at least Must score at least to complete this module item Scored at least Module item has been completed by scoring at least Score at least % Must score at least % to complete this module item Scored at least % Module item has been completed by scoring at least % View Must view in order to complete this module item Viewed Module item has been viewed and is complete Mark done Must mark 
mi-phy-212-26896959,26896959,2053526,PHY-212,mod-phy-212-004-module-1-circular-motion,4,31,Module 1 | Circular Motion | Learning Materials,Page,page,module-1-%7C-circular-motion-%7C-learning-materials,obj-phy-212-page-module-1-7c-circular-motion-7c-learning-materials,00354-phy-212-module-item-module-1-circular-motion-learning-materials-general-physics-with-calculus-ph-212-400-u2026,https://canvas.oregonstate.edu/courses/2053526/modules/items/26896959,,0,,context_module_item student-view wiki_page indent_0 _requirement WikiPage_10671775 dupeable rendered,captured,00018-phy-212-modules-course-modules-general-physics-with-calculus-ph-212-400-u2026,https://canvas.oregonstate.edu/courses/2053526/modules,Page Module 1 | Circular Motion | Learning Materials Module 1 | Circular Motion | Learning Materials 2 wiki_page 26896959 0 Score at least Must score at least to complete this module item Scored at least Module item has been completed by scoring at least Score at least % Must score at least % to complete this module item Scored at least % Module item has been completed by scoring at least % View Must view in order to complete this module item Viewed Module item has been viewed and is complete Ma
mi-phy-212-26896960,26896960,2053526,PHY-212,mod-phy-212-004-module-1-circular-motion,4,32,Module 1 | Circular Motion | Required Activities,Page,page,module-1-%7C-circular-motion-%7C-required-activities,obj-phy-212-page-module-1-7c-circular-motion-7c-required-activities,00355-phy-212-module-item-module-1-circular-motion-required-activities-general-physics-with-calculus-ph-212-400-u2026,https://canvas.oregonstate.edu/courses/2053526/modules/items/26896960,,0,,context_module_item student-view wiki_page indent_0 _requirement WikiPage_10671776 dupeable rendered,captured,00018-phy-212-modules-course-modules-general-physics-with-calculus-ph-212-400-u2026,https://canvas.oregonstate.edu/courses/2053526/modules,Page Module 1 | Circular Motion | Required Activities Module 1 | Circular Motion | Required Activities 3 wiki_page 26896960 0 Score at least Must score at least to complete this module item Scored at least Module item has been completed by scoring at least Score at least % Must score at least % to complete this module item Scored at least % Module item has been completed by scoring at least % View Must view in order to complete this module item Viewed Module item has been viewed and is complete 
mi-phy-212-26896961,26896961,2053526,PHY-212,mod-phy-212-004-module-1-circular-motion,4,33,Proctorio practice quiz (Remotely Proctored),Quiz,quiz,3160506,obj-phy-212-quiz-3160506,00356-phy-212-module-item-proctorio-practice-quiz-remotely-proctored-general-physics-with-calculus-ph-212-400-u2026,https://canvas.oregonstate.edu/courses/2053526/modules/items/26896961,,0,,context_module_item student-view lti-quiz also_assignment indent_0 _requirement Quiz_3160506 rendered,captured,00018-phy-212-modules-course-modules-general-physics-with-calculus-ph-212-400-u2026,https://canvas.oregonstate.edu/courses/2053526/modules,Quiz Proctorio practice quiz (Remotely Proctored) Proctorio practice quiz (Remotely Proctored) 5 4 quiz 26896961 1 Jun 29 5 pts Score at least Must score at least to complete this module item Scored at least Module item has been completed by scoring at least Score at least % Must score at least % to complete this module item Scored at least % Module item has been completed by scoring at least % View Must view in order to complete this module item Viewed Module item has been viewed and is complet
mi-phy-212-26896962,26896962,2053526,PHY-212,mod-phy-212-004-module-1-circular-motion,4,34,Lab 1 Instructions,Page,page,lab-1-instructions-2,obj-phy-212-page-lab-1-instructions-2,00357-phy-212-module-item-lab-1-instructions-general-physics-with-calculus-ph-212-400-u2026,https://canvas.oregonstate.edu/courses/2053526/modules/items/26896962,,0,,context_module_item student-view wiki_page indent_0 _requirement WikiPage_10671756 dupeable rendered,captured,00018-phy-212-modules-course-modules-general-physics-with-calculus-ph-212-400-u2026,https://canvas.oregonstate.edu/courses/2053526/modules,Page Lab 1 Instructions Lab 1 Instructions 5 wiki_page 26896962 0 Score at least Must score at least to complete this module item Scored at least Module item has been completed by scoring at least Score at least % Must score at least % to complete this module item Scored at least % Module item has been completed by scoring at least % View Must view in order to complete this module item Viewed Module item has been viewed and is complete Mark done Must mark this module item done in order to comple
mi-phy-212-26896963,26896963,2053526,PHY-212,mod-phy-212-004-module-1-circular-motion,4,35,Lab Partner Values Survey,Quiz,quiz,3160536,obj-phy-212-quiz-3160536,00358-phy-212-module-item-lab-partner-values-survey-general-physics-with-calculus-ph-212-400-u2026,https://canvas.oregonstate.edu/courses/2053526/modules/items/26896963,,0,,context_module_item student-view lti-quiz also_assignment indent_0 _requirement Quiz_3160536 rendered,captured,00018-phy-212-modules-course-modules-general-physics-with-calculus-ph-212-400-u2026,https://canvas.oregonstate.edu/courses/2053526/modules,Quiz Lab Partner Values Survey Lab Partner Values Survey 5 6 quiz 26896963 1 Jun 27 5 pts Score at least Must score at least to complete this module item Scored at least Module item has been completed by scoring at least Score at least % Must score at least % to complete this module item Scored at least % Module item has been completed by scoring at least % View Must view in order to complete this module item Viewed Module item has been viewed and is complete Mark done Must mark this module item
mi-phy-212-26896964,26896964,2053526,PHY-212,mod-phy-212-004-module-1-circular-motion,4,36,Lab Supplies,Page,page,lab-supplies,obj-phy-212-page-lab-supplies,00359-phy-212-module-item-lab-supplies-general-physics-with-calculus-ph-212-400-u2026,https://canvas.oregonstate.edu/courses/2053526/modules/items/26896964,,0,,context_module_item student-view wiki_page indent_0 _requirement WikiPage_10671773 dupeable rendered,captured,00018-phy-212-modules-course-modules-general-physics-with-calculus-ph-212-400-u2026,https://canvas.oregonstate.edu/courses/2053526/modules,Page Lab Supplies Lab Supplies 7 wiki_page 26896964 0 Score at least Must score at least to complete this module item Scored at least Module item has been completed by scoring at least Score at least % Must score at least % to complete this module item Scored at least % Module item has been completed by scoring at least % View Must view in order to complete this module item Viewed Module item has been viewed and is complete Mark done Must mark this module item done in order to complete Marked do
mi-phy-212-26896965,26896965,2053526,PHY-212,mod-phy-212-004-module-1-circular-motion,4,37,Lab 2 Instructions,Page,page,lab-2-instructions-2,obj-phy-212-page-lab-2-instructions-2,00360-phy-212-module-item-lab-2-instructions-general-physics-with-calculus-ph-212-400-u2026,https://canvas.oregonstate.edu/courses/2053526/modules/items/26896965,,0,,context_module_item student-view wiki_page indent_0 _requirement WikiPage_10671758 dupeable rendered,captured,00018-phy-212-modules-course-modules-general-physics-with-calculus-ph-212-400-u2026,https://canvas.oregonstate.edu/courses/2053526/modules,Page Lab 2 Instructions Lab 2 Instructions 8 wiki_page 26896965 0 Score at least Must score at least to complete this module item Scored at least Module item has been completed by scoring at least Score at least % Must score at least % to complete this module item Scored at least % Module item has been completed by scoring at least % View Must view in order to complete this module item Viewed Module item has been viewed and is complete Mark done Must mark this module item done in order to comple
mi-phy-212-26942495,26942495,2053526,PHY-212,mod-phy-212-004-module-1-circular-motion,4,38,Lab Collaboration Contract,Quiz,quiz,3160479,obj-phy-212-quiz-3160479,00361-phy-212-module-item-lab-collaboration-contract-general-physics-with-calculus-ph-212-400-u2026,https://canvas.oregonstate.edu/courses/2053526/modules/items/26942495,,0,,context_module_item student-view lti-quiz also_assignment indent_0 _requirement Quiz_3160479 rendered,captured,00018-phy-212-modules-course-modules-general-physics-with-calculus-ph-212-400-u2026,https://canvas.oregonstate.edu/courses/2053526/modules,Quiz Lab Collaboration Contract Lab Collaboration Contract 5 9 quiz 26942495 1 Jul 4 5 pts Score at least Must score at least to complete this module item Scored at least Module item has been completed by scoring at least Score at least % Must score at least % to complete this module item Scored at least % Module item has been completed by scoring at least % View Must view in order to complete this module item Viewed Module item has been viewed and is complete Mark done Must mark this module ite
mi-phy-212-26896968,26896968,2053526,PHY-212,mod-phy-212-004-module-1-circular-motion,4,39,Module 1 | Motion | Conclusion,Page,page,module-1-%7C-motion-%7C-conclusion,obj-phy-212-page-module-1-7c-motion-7c-conclusion,00362-phy-212-module-item-module-1-motion-conclusion-general-physics-with-calculus-ph-212-400-u2026,https://canvas.oregonstate.edu/courses/2053526/modules/items/26896968,,0,,context_module_item student-view wiki_page indent_0 _requirement WikiPage_10671777 dupeable rendered,captured,00018-phy-212-modules-course-modules-general-physics-with-calculus-ph-212-400-u2026,https://canvas.oregonstate.edu/courses/2053526/modules,Page Module 1 | Motion | Conclusion Module 1 | Motion | Conclusion 12 wiki_page 26896968 0 Score at least Must score at least to complete this module item Scored at least Module item has been completed by scoring at least Score at least % Must score at least % to complete this module item Scored at least % Module item has been completed by scoring at least % View Must view in order to complete this module item Viewed Module item has been viewed and is complete Mark done Must mark this module ite
mi-phy-212-26896969,26896969,2053526,PHY-212,mod-phy-212-005-module-2-rotation,5,40,Module 2 | Overview of Rotation,Page,page,module-2-%7C-overview-of-rotation,obj-phy-212-page-module-2-7c-overview-of-rotation,00363-phy-212-module-item-module-2-overview-of-rotation-general-physics-with-calculus-ph-212-400-u2026,https://canvas.oregonstate.edu/courses/2053526/modules/items/26896969,,0,,context_module_item student-view wiki_page indent_0 _requirement WikiPage_10671779 dupeable rendered,captured,00018-phy-212-modules-course-modules-general-physics-with-calculus-ph-212-400-u2026,https://canvas.oregonstate.edu/courses/2053526/modules,Page Module 2 | Overview of Rotation Module 2 | Overview of Rotation 1 wiki_page 26896969 0 Score at least Must score at least to complete this module item Scored at least Module item has been completed by scoring at least Score at least % Must score at least % to complete this module item Scored at least % Module item has been completed by scoring at least % View Must view in order to complete this module item Viewed Module item has been viewed and is complete Mark done Must mark this module it
mi-phy-212-26896970,26896970,2053526,PHY-212,mod-phy-212-005-module-2-rotation,5,41,Module 2 | Rotation | Learning Materials,Page,page,module-2-%7C-rotation-%7C-learning-materials,obj-phy-212-page-module-2-7c-rotation-7c-learning-materials,00364-phy-212-module-item-module-2-rotation-learning-materials-general-physics-with-calculus-ph-212-400-u2026,https://canvas.oregonstate.edu/courses/2053526/modules/items/26896970,,0,,context_module_item student-view wiki_page indent_0 _requirement WikiPage_10671781 dupeable rendered,captured,00018-phy-212-modules-course-modules-general-physics-with-calculus-ph-212-400-u2026,https://canvas.oregonstate.edu/courses/2053526/modules,Page Module 2 | Rotation | Learning Materials Module 2 | Rotation | Learning Materials 2 wiki_page 26896970 0 Score at least Must score at least to complete this module item Scored at least Module item has been completed by scoring at least Score at least % Must score at least % to complete this module item Scored at least % Module item has been completed by scoring at least % View Must view in order to complete this module item Viewed Module item has been viewed and is complete Mark done Must m
mi-phy-212-26896971,26896971,2053526,PHY-212,mod-phy-212-005-module-2-rotation,5,42,Module 2 | Rotation | Required Activities,Page,page,module-2-%7C-rotation-%7C-required-activities,obj-phy-212-page-module-2-7c-rotation-7c-required-activities,00365-phy-212-module-item-module-2-rotation-required-activities-general-physics-with-calculus-ph-212-400-u2026,https://canvas.oregonstate.edu/courses/2053526/modules/items/26896971,,0,,context_module_item student-view wiki_page indent_0 _requirement WikiPage_10671782 dupeable rendered,captured,00018-phy-212-modules-course-modules-general-physics-with-calculus-ph-212-400-u2026,https://canvas.oregonstate.edu/courses/2053526/modules,Page Module 2 | Rotation | Required Activities Module 2 | Rotation | Required Activities 3 wiki_page 26896971 0 Score at least Must score at least to complete this module item Scored at least Module item has been completed by scoring at least Score at least % Must score at least % to complete this module item Scored at least % Module item has been completed by scoring at least % View Must view in order to complete this module item Viewed Module item has been viewed and is complete Mark done Must
mi-phy-212-26896972,26896972,2053526,PHY-212,mod-phy-212-005-module-2-rotation,5,43,Lab 3 Instructions,Page,page,lab-3-instructions-2,obj-phy-212-page-lab-3-instructions-2,00366-phy-212-module-item-lab-3-instructions-general-physics-with-calculus-ph-212-400-u2026,https://canvas.oregonstate.edu/courses/2053526/modules/items/26896972,,0,,context_module_item student-view wiki_page indent_0 _requirement WikiPage_10671762 dupeable rendered,captured,00018-phy-212-modules-course-modules-general-physics-with-calculus-ph-212-400-u2026,https://canvas.oregonstate.edu/courses/2053526/modules,Page Lab 3 Instructions Lab 3 Instructions 4 wiki_page 26896972 0 Score at least Must score at least to complete this module item Scored at least Module item has been completed by scoring at least Score at least % Must score at least % to complete this module item Scored at least % Module item has been completed by scoring at least % View Must view in order to complete this module item Viewed Module item has been viewed and is complete Mark done Must mark this module item done in order to comple
mi-phy-212-26896973,26896973,2053526,PHY-212,mod-phy-212-005-module-2-rotation,5,44,Lab Group Check-In Survey (Lab 3),Quiz,quiz,3160510,obj-phy-212-quiz-3160510,00367-phy-212-module-item-lab-group-check-in-survey-lab-3-general-physics-with-calculus-ph-212-400-u2026,https://canvas.oregonstate.edu/courses/2053526/modules/items/26896973,,0,,context_module_item student-view lti-quiz also_assignment indent_0 _requirement Quiz_3160510 rendered,captured,00018-phy-212-modules-course-modules-general-physics-with-calculus-ph-212-400-u2026,https://canvas.oregonstate.edu/courses/2053526/modules,Quiz Lab Group Check-In Survey (Lab 3) Lab Group Check-In Survey (Lab 3) 5 5 quiz 26896973 1 Jul 11 5 pts Score at least Must score at least to complete this module item Scored at least Module item has been completed by scoring at least Score at least % Must score at least % to complete this module item Scored at least % Module item has been completed by scoring at least % View Must view in order to complete this module item Viewed Module item has been viewed and is complete Mark done Must mark 
mi-phy-212-26896975,26896975,2053526,PHY-212,mod-phy-212-005-module-2-rotation,5,45,Module 2 | Rotation | Conclusion,Page,page,module-2-%7C-rotation-%7C-conclusion,obj-phy-212-page-module-2-7c-rotation-7c-conclusion,00368-phy-212-module-item-module-2-rotation-conclusion-general-physics-with-calculus-ph-212-400-u2026,https://canvas.oregonstate.edu/courses/2053526/modules/items/26896975,,0,,context_module_item student-view wiki_page indent_0 _requirement WikiPage_10671780 dupeable rendered,captured,00018-phy-212-modules-course-modules-general-physics-with-calculus-ph-212-400-u2026,https://canvas.oregonstate.edu/courses/2053526/modules,Page Module 2 | Rotation | Conclusion Module 2 | Rotation | Conclusion 7 wiki_page 26896975 0 Score at least Must score at least to complete this module item Scored at least Module item has been completed by scoring at least Score at least % Must score at least % to complete this module item Scored at least % Module item has been completed by scoring at least % View Must view in order to complete this module item Viewed Module item has been viewed and is complete Mark done Must mark this module 
mi-phy-212-26896976,26896976,2053526,PHY-212,mod-phy-212-005-module-2-rotation,5,46,Excel Skills Handout,Page,page,excel-skills-handout-2,obj-phy-212-page-excel-skills-handout-2,00369-phy-212-module-item-excel-skills-handout-general-physics-with-calculus-ph-212-400-u2026,https://canvas.oregonstate.edu/courses/2053526/modules/items/26896976,,0,,context_module_item student-view wiki_page indent_0 _requirement WikiPage_10671745 dupeable rendered,captured,00018-phy-212-modules-course-modules-general-physics-with-calculus-ph-212-400-u2026,https://canvas.oregonstate.edu/courses/2053526/modules,Page Excel Skills Handout Excel Skills Handout 8 wiki_page 26896976 0 Score at least Must score at least to complete this module item Scored at least Module item has been completed by scoring at least Score at least % Must score at least % to complete this module item Scored at least % Module item has been completed by scoring at least % View Must view in order to complete this module item Viewed Module item has been viewed and is complete Mark done Must mark this module item done in order to co
