investigation_id,course_id,course_code,issue_type,page_id,captured_title,url,canvas_object_type,canvas_object_id,parent_object_type,parent_object_id,matched_object_ids,matched_object_titles,parent_object_ids,parent_object_titles,task_ids,task_titles,due_texts,available_texts,module_item_ids,module_titles,source_page_ids,source_page_titles,source_link_texts,live_status,live_text_sample,investigation_status,likely_reason,needs_live_retry,confidence,recommended_action,resolution_status,resolution_reason,final_action
access-0001,2053526,PHY-212,capture_failed,,,https://canvas.oregonstate.edu/courses/2053526/assignments/10557036,assignment,10557036,,,,,,,,,,,,,00286-phy-212-module-item-lab-1-instructions-general-physics-with-calculus-ph-212-400-u2026,Lab 1 Instructions: GENERAL PHYSICS WITH CALCULUS (PH_212_400_U2026),Lab 1 Discussion,captured_student_content,Skip To Content Account Dashboard Courses Groups Calendar Resources Inbox My Media Help Lab Group 22DiscussionsLab 1 Discussion - Lab Group 22 Home Announcements Pages People Discussions Files Collaborations,live_retry_required,The crawler timed out before any content was captured.,yes,high,Retry in Chrome/Playwright and capture visible text.,resolved_live_content_captured,Live Chrome retry exposed readable student-facing content.,Use live_access_retry.csv text as evidence; no access blocker remains.
access-0002,2053263,MTH-253,unauthorized,00471-mth-253-linked-detail-unauthorized,Unauthorized,https://canvas.oregonstate.edu/courses/2053263/quizzes/3166971/questions/59149565,quiz_question,59149565,quiz,3166971,,,obj-mth-253-quiz-3166971,Practice Quiz (take it before attempting Quiz 1!): SEQUENCES AND SERIES (MTH_253Z_400_U2026),task-00316-mth-253-blocked-or-broken-practice-quiz-take-it-before-attempting-quiz-1-sequences-and-series-mth-253z-400,Practice Quiz (take it before attempting Quiz 1!): SEQUENCES AND SERIES (MTH_253Z_400_U2026),,,mi-mth-253-26982050,,00170-mth-253-module-item-practice-quiz-take-it-before-attempting-quiz-1-sequences-and-series-mth-253z-400-u2026|00253-mth-253-linked-detail-practice-quiz-take-it-before-attempting-quiz-1-sequences-and-series-mth-253z-400-u2026|00467-mth-253-linked-detail-practice-quiz-take-it-before-attempting-quiz-1-sequences-and-series-mth-253z-400-u2026|00468-mth-253-linked-detail-jacob-peterson-s-quiz-history-practice-quiz-take-it-before-attempting-quiz-1|00469-mth-253-linked-detail-jacob-peterson-s-quiz-history-practice-quiz-take-it-before-attempting-quiz-1|00470-mth-253-linked-detail-practice-quiz-take-it-before-attempting-quiz-1-sequences-and-series-mth-253z-400-u2026|00471-mth-253-linked-detail-unauthorized,Jacob Peterson's Quiz History: Practice Quiz (take it before attempting Quiz 1!)|Practice Quiz (take it before attempting Quiz 1!): SEQUENCES AND SERIES (MTH_253Z_400_U2026)|Unauthorized,Close|Help|History|Skip To Content,,,internal_canvas_question_url,Question-level Canvas URL came from a captured quiz page; the student-facing parent quiz is already captured.,no,high,No separate retry needed unless parent quiz content is incomplete.,resolved_internal_question_link,Question URL is an internal Canvas edit/detail link; parent quiz content was already captured.,No action needed for the question URL itself.
access-0003,2053263,MTH-253,unauthorized,00472-mth-253-linked-detail-unauthorized,Unauthorized,https://canvas.oregonstate.edu/courses/2053263/quizzes/3166971/questions/59149944,quiz_question,59149944,quiz,3166971,,,obj-mth-253-quiz-3166971,Practice Quiz (take it before attempting Quiz 1!): SEQUENCES AND SERIES (MTH_253Z_400_U2026),task-00316-mth-253-blocked-or-broken-practice-quiz-take-it-before-attempting-quiz-1-sequences-and-series-mth-253z-400,Practice Quiz (take it before attempting Quiz 1!): SEQUENCES AND SERIES (MTH_253Z_400_U2026),,,mi-mth-253-26982050,,00170-mth-253-module-item-practice-quiz-take-it-before-attempting-quiz-1-sequences-and-series-mth-253z-400-u2026|00253-mth-253-linked-detail-practice-quiz-take-it-before-attempting-quiz-1-sequences-and-series-mth-253z-400-u2026|00467-mth-253-linked-detail-practice-quiz-take-it-before-attempting-quiz-1-sequences-and-series-mth-253z-400-u2026|00468-mth-253-linked-detail-jacob-peterson-s-quiz-history-practice-quiz-take-it-before-attempting-quiz-1|00469-mth-253-linked-detail-jacob-peterson-s-quiz-history-practice-quiz-take-it-before-attempting-quiz-1|00470-mth-253-linked-detail-practice-quiz-take-it-before-attempting-quiz-1-sequences-and-series-mth-253z-400-u2026|00472-mth-253-linked-detail-unauthorized,Jacob Peterson's Quiz History: Practice Quiz (take it before attempting Quiz 1!)|Practice Quiz (take it before attempting Quiz 1!): SEQUENCES AND SERIES (MTH_253Z_400_U2026)|Unauthorized,Close|Help|History|Skip To Content,,,internal_canvas_question_url,Question-level Canvas URL came from a captured quiz page; the student-facing parent quiz is already captured.,no,high,No separate retry needed unless parent quiz content is incomplete.,resolved_internal_question_link,Question URL is an internal Canvas edit/detail link; parent quiz content was already captured.,No action needed for the question URL itself.
access-0004,2053526,PHY-212,unauthorized,00557-phy-212-linked-detail-unauthorized,Unauthorized,https://canvas.oregonstate.edu/courses/2053526/quizzes/3160536/questions/59026451,quiz_question,59026451,quiz,3160536,,,obj-phy-212-quiz-3160536,Lab Partner Values Survey: GENERAL PHYSICS WITH CALCULUS (PH_212_400_U2026),task-00418-phy-212-blocked-or-broken-lab-partner-values-survey-general-physics-with-calculus-ph-212-400-u2026,Lab Partner Values Survey: GENERAL PHYSICS WITH CALCULUS (PH_212_400_U2026),,,mi-phy-212-26896963,,00287-phy-212-module-item-lab-partner-values-survey-general-physics-with-calculus-ph-212-400-u2026|00556-phy-212-linked-detail-lab-partner-values-survey-general-physics-with-calculus-ph-212-400-u2026|00557-phy-212-linked-detail-unauthorized|00770-phy-212-linked-detail-lab-partner-values-survey-general-physics-with-calculus-ph-212-400-u2026,Lab Partner Values Survey: GENERAL PHYSICS WITH CALCULUS (PH_212_400_U2026)|Unauthorized,Close|Help|History|Skip To Content,,,internal_canvas_question_url,Question-level Canvas URL came from a captured quiz page; the student-facing parent quiz is already captured.,no,high,No separate retry needed unless parent quiz content is incomplete.,resolved_internal_question_link,Question URL is an internal Canvas edit/detail link; parent quiz content was already captured.,No action needed for the question URL itself.
access-0005,2053526,PHY-212,unauthorized,00558-phy-212-linked-detail-unauthorized,Unauthorized,https://canvas.oregonstate.edu/courses/2053526/quizzes/3160536/questions/59026452,quiz_question,59026452,quiz,3160536,,,obj-phy-212-quiz-3160536,Lab Partner Values Survey: GENERAL PHYSICS WITH CALCULUS (PH_212_400_U2026),task-00418-phy-212-blocked-or-broken-lab-partner-values-survey-general-physics-with-calculus-ph-212-400-u2026,Lab Partner Values Survey: GENERAL PHYSICS WITH CALCULUS (PH_212_400_U2026),,,mi-phy-212-26896963,,00287-phy-212-module-item-lab-partner-values-survey-general-physics-with-calculus-ph-212-400-u2026|00556-phy-212-linked-detail-lab-partner-values-survey-general-physics-with-calculus-ph-212-400-u2026|00558-phy-212-linked-detail-unauthorized|00770-phy-212-linked-detail-lab-partner-values-survey-general-physics-with-calculus-ph-212-400-u2026,Lab Partner Values Survey: GENERAL PHYSICS WITH CALCULUS (PH_212_400_U2026)|Unauthorized,Close|Help|History|Skip To Content,,,internal_canvas_question_url,Question-level Canvas URL came from a captured quiz page; the student-facing parent quiz is already captured.,no,high,No separate retry needed unless parent quiz content is incomplete.,resolved_internal_question_link,Question URL is an internal Canvas edit/detail link; parent quiz content was already captured.,No action needed for the question URL itself.
access-0006,2053526,PHY-212,unauthorized,00559-phy-212-linked-detail-unauthorized,Unauthorized,https://canvas.oregonstate.edu/courses/2053526/quizzes/3160536/questions/59026453,quiz_question,59026453,quiz,3160536,,,obj-phy-212-quiz-3160536,Lab Partner Values Survey: GENERAL PHYSICS WITH CALCULUS (PH_212_400_U2026),task-00418-phy-212-blocked-or-broken-lab-partner-values-survey-general-physics-with-calculus-ph-212-400-u2026,Lab Partner Values Survey: GENERAL PHYSICS WITH CALCULUS (PH_212_400_U2026),,,mi-phy-212-26896963,,00287-phy-212-module-item-lab-partner-values-survey-general-physics-with-calculus-ph-212-400-u2026|00556-phy-212-linked-detail-lab-partner-values-survey-general-physics-with-calculus-ph-212-400-u2026|00559-phy-212-linked-detail-unauthorized|00770-phy-212-linked-detail-lab-partner-values-survey-general-physics-with-calculus-ph-212-400-u2026,Lab Partner Values Survey: GENERAL PHYSICS WITH CALCULUS (PH_212_400_U2026)|Unauthorized,Close|Help|History|Skip To Content,,,internal_canvas_question_url,Question-level Canvas URL came from a captured quiz page; the student-facing parent quiz is already captured.,no,high,No separate retry needed unless parent quiz content is incomplete.,resolved_internal_question_link,Question URL is an internal Canvas edit/detail link; parent quiz content was already captured.,No action needed for the question URL itself.
access-0007,2053526,PHY-212,unauthorized,00560-phy-212-linked-detail-unauthorized,Unauthorized,https://canvas.oregonstate.edu/courses/2053526/quizzes/3160536/questions/59026454,quiz_question,59026454,quiz,3160536,,,obj-phy-212-quiz-3160536,Lab Partner Values Survey: GENERAL PHYSICS WITH CALCULUS (PH_212_400_U2026),task-00418-phy-212-blocked-or-broken-lab-partner-values-survey-general-physics-with-calculus-ph-212-400-u2026,Lab Partner Values Survey: GENERAL PHYSICS WITH CALCULUS (PH_212_400_U2026),,,mi-phy-212-26896963,,00287-phy-212-module-item-lab-partner-values-survey-general-physics-with-calculus-ph-212-400-u2026|00556-phy-212-linked-detail-lab-partner-values-survey-general-physics-with-calculus-ph-212-400-u2026|00560-phy-212-linked-detail-unauthorized|00770-phy-212-linked-detail-lab-partner-values-survey-general-physics-with-calculus-ph-212-400-u2026,Lab Partner Values Survey: GENERAL PHYSICS WITH CALCULUS (PH_212_400_U2026)|Unauthorized,Close|Help|History|Skip To Content,,,internal_canvas_question_url,Question-level Canvas URL came from a captured quiz page; the student-facing parent quiz is already captured.,no,high,No separate retry needed unless parent quiz content is incomplete.,resolved_internal_question_link,Question URL is an internal Canvas edit/detail link; parent quiz content was already captured.,No action needed for the question URL itself.
access-0008,2053526,PHY-212,unauthorized,00561-phy-212-linked-detail-unauthorized,Unauthorized,https://canvas.oregonstate.edu/courses/2053526/quizzes/3160536/questions/59026455,quiz_question,59026455,quiz,3160536,,,obj-phy-212-quiz-3160536,Lab Partner Values Survey: GENERAL PHYSICS WITH CALCULUS (PH_212_400_U2026),task-00418-phy-212-blocked-or-broken-lab-partner-values-survey-general-physics-with-calculus-ph-212-400-u2026,Lab Partner Values Survey: GENERAL PHYSICS WITH CALCULUS (PH_212_400_U2026),,,mi-phy-212-26896963,,00287-phy-212-module-item-lab-partner-values-survey-general-physics-with-calculus-ph-212-400-u2026|00556-phy-212-linked-detail-lab-partner-values-survey-general-physics-with-calculus-ph-212-400-u2026|00561-phy-212-linked-detail-unauthorized|00770-phy-212-linked-detail-lab-partner-values-survey-general-physics-with-calculus-ph-212-400-u2026,Lab Partner Values Survey: GENERAL PHYSICS WITH CALCULUS (PH_212_400_U2026)|Unauthorized,Close|Help|History|Skip To Content,,,internal_canvas_question_url,Question-level Canvas URL came from a captured quiz page; the student-facing parent quiz is already captured.,no,high,No separate retry needed unless parent quiz content is incomplete.,resolved_internal_question_link,Question URL is an internal Canvas edit/detail link; parent quiz content was already captured.,No action needed for the question URL itself.
access-0009,2053526,PHY-212,unauthorized,00562-phy-212-linked-detail-unauthorized,Unauthorized,https://canvas.oregonstate.edu/courses/2053526/quizzes/3160536/questions/59026456,quiz_question,59026456,quiz,3160536,,,obj-phy-212-quiz-3160536,Lab Partner Values Survey: GENERAL PHYSICS WITH CALCULUS (PH_212_400_U2026),task-00418-phy-212-blocked-or-broken-lab-partner-values-survey-general-physics-with-calculus-ph-212-400-u2026,Lab Partner Values Survey: GENERAL PHYSICS WITH CALCULUS (PH_212_400_U2026),,,mi-phy-212-26896963,,00287-phy-212-module-item-lab-partner-values-survey-general-physics-with-calculus-ph-212-400-u2026|00556-phy-212-linked-detail-lab-partner-values-survey-general-physics-with-calculus-ph-212-400-u2026|00562-phy-212-linked-detail-unauthorized|00770-phy-212-linked-detail-lab-partner-values-survey-general-physics-with-calculus-ph-212-400-u2026,Lab Partner Values Survey: GENERAL PHYSICS WITH CALCULUS (PH_212_400_U2026)|Unauthorized,Close|Help|History|Skip To Content,,,internal_canvas_question_url,Question-level Canvas URL came from a captured quiz page; the student-facing parent quiz is already captured.,no,high,No separate retry needed unless parent quiz content is incomplete.,resolved_internal_question_link,Question URL is an internal Canvas edit/detail link; parent quiz content was already captured.,No action needed for the question URL itself.
access-0010,2053526,PHY-212,unauthorized,00623-phy-212-linked-detail-unauthorized,Unauthorized,https://canvas.oregonstate.edu/courses/2053526/pages/module-5-%7C-wave-optics-%7C-learning-materials,,,,,,,,,,,,,,,00308-phy-212-module-item-module-5-overview-of-waves-general-physics-with-calculus-ph-212-400-u2026|00623-phy-212-linked-detail-unauthorized,Module 5 | Overview of Waves: GENERAL PHYSICS WITH CALCULUS (PH_212_400_U2026)|Unauthorized,Close|Help|History|Module 5 | Waves | Learning Materials|Skip To Content,access_denied,Access Denied You don't have access to view this resource.,unmapped_access_issue,"No module, task, or object context was found in the offline index.",yes,medium,Retry live and classify from the visible Canvas message.,linked_item_still_access_denied,"The link is present on a course content page, but live Canvas still shows generic Access Denied.",Keep as a real linked blocker; retry later or find the equivalent assignment/grade surface row.
access-0011,2053526,PHY-212,unauthorized,00624-phy-212-linked-detail-unauthorized,Unauthorized,https://canvas.oregonstate.edu/courses/2053526/pages/module-5-%7C-wave-optics-%7C-required-activities,,,,,,,,,,,,,,,00308-phy-212-module-item-module-5-overview-of-waves-general-physics-with-calculus-ph-212-400-u2026|00624-phy-212-linked-detail-unauthorized,Module 5 | Overview of Waves: GENERAL PHYSICS WITH CALCULUS (PH_212_400_U2026)|Unauthorized,Close|Help|History|Module 5 | Waves | Required Activities|Skip To Content,access_denied,Access Denied You don't have access to view this resource.,unmapped_access_issue,"No module, task, or object context was found in the offline index.",yes,medium,Retry live and classify from the visible Canvas message.,linked_item_still_access_denied,"The link is present on a course content page, but live Canvas still shows generic Access Denied.",Keep as a real linked blocker; retry later or find the equivalent assignment/grade surface row.
access-0012,2053526,PHY-212,unauthorized,00662-phy-212-linked-detail-unauthorized,Unauthorized,https://canvas.oregonstate.edu/courses/2053526/quizzes/3160489/questions/59026233,quiz_question,59026233,quiz,3160489,,,obj-phy-212-quiz-3160489,Hw 1 - Rotational Motion: GENERAL PHYSICS WITH CALCULUS (PH_212_400_U2026),task-00408-phy-212-blocked-or-broken-hw-1-rotational-motion-general-physics-with-calculus-ph-212-400-u2026,Hw 1 - Rotational Motion: GENERAL PHYSICS WITH CALCULUS (PH_212_400_U2026),,,,,00528-phy-212-linked-detail-hw-1-rotational-motion-general-physics-with-calculus-ph-212-400-u2026|00658-phy-212-linked-detail-hw-1-rotational-motion-general-physics-with-calculus-ph-212-400-u2026|00659-phy-212-linked-detail-jacob-peterson-s-quiz-history-hw-1-rotational-motion|00660-phy-212-linked-detail-jacob-peterson-s-quiz-history-hw-1-rotational-motion|00661-phy-212-linked-detail-hw-1-rotational-motion-general-physics-with-calculus-ph-212-400-u2026|00662-phy-212-linked-detail-unauthorized,Hw 1 - Rotational Motion: GENERAL PHYSICS WITH CALCULUS (PH_212_400_U2026)|Jacob Peterson's Quiz History: Hw 1 - Rotational Motion|Unauthorized,Close|Help|History|Skip To Content,,,internal_canvas_question_url,Question-level Canvas URL came from a captured quiz page; the student-facing parent quiz is already captured.,no,high,No separate retry needed unless parent quiz content is incomplete.,resolved_internal_question_link,Question URL is an internal Canvas edit/detail link; parent quiz content was already captured.,No action needed for the question URL itself.
access-0013,2053526,PHY-212,unauthorized,00663-phy-212-linked-detail-unauthorized,Unauthorized,https://canvas.oregonstate.edu/courses/2053526/quizzes/3160489/questions/59026234,quiz_question,59026234,quiz,3160489,,,obj-phy-212-quiz-3160489,Hw 1 - Rotational Motion: GENERAL PHYSICS WITH CALCULUS (PH_212_400_U2026),task-00408-phy-212-blocked-or-broken-hw-1-rotational-motion-general-physics-with-calculus-ph-212-400-u2026,Hw 1 - Rotational Motion: GENERAL PHYSICS WITH CALCULUS (PH_212_400_U2026),,,,,00528-phy-212-linked-detail-hw-1-rotational-motion-general-physics-with-calculus-ph-212-400-u2026|00658-phy-212-linked-detail-hw-1-rotational-motion-general-physics-with-calculus-ph-212-400-u2026|00659-phy-212-linked-detail-jacob-peterson-s-quiz-history-hw-1-rotational-motion|00660-phy-212-linked-detail-jacob-peterson-s-quiz-history-hw-1-rotational-motion|00661-phy-212-linked-detail-hw-1-rotational-motion-general-physics-with-calculus-ph-212-400-u2026|00663-phy-212-linked-detail-unauthorized,Hw 1 - Rotational Motion: GENERAL PHYSICS WITH CALCULUS (PH_212_400_U2026)|Jacob Peterson's Quiz History: Hw 1 - Rotational Motion|Unauthorized,Close|Help|History|Skip To Content,,,internal_canvas_question_url,Question-level Canvas URL came from a captured quiz page; the student-facing parent quiz is already captured.,no,high,No separate retry needed unless parent quiz content is incomplete.,resolved_internal_question_link,Question URL is an internal Canvas edit/detail link; parent quiz content was already captured.,No action needed for the question URL itself.
access-0014,2053526,PHY-212,unauthorized,00664-phy-212-linked-detail-unauthorized,Unauthorized,https://canvas.oregonstate.edu/courses/2053526/quizzes/3160489/questions/59026235,quiz_question,59026235,quiz,3160489,,,obj-phy-212-quiz-3160489,Hw 1 - Rotational Motion: GENERAL PHYSICS WITH CALCULUS (PH_212_400_U2026),task-00408-phy-212-blocked-or-broken-hw-1-rotational-motion-general-physics-with-calculus-ph-212-400-u2026,Hw 1 - Rotational Motion: GENERAL PHYSICS WITH CALCULUS (PH_212_400_U2026),,,,,00528-phy-212-linked-detail-hw-1-rotational-motion-general-physics-with-calculus-ph-212-400-u2026|00658-phy-212-linked-detail-hw-1-rotational-motion-general-physics-with-calculus-ph-212-400-u2026|00659-phy-212-linked-detail-jacob-peterson-s-quiz-history-hw-1-rotational-motion|00660-phy-212-linked-detail-jacob-peterson-s-quiz-history-hw-1-rotational-motion|00661-phy-212-linked-detail-hw-1-rotational-motion-general-physics-with-calculus-ph-212-400-u2026|00664-phy-212-linked-detail-unauthorized,Hw 1 - Rotational Motion: GENERAL PHYSICS WITH CALCULUS (PH_212_400_U2026)|Jacob Peterson's Quiz History: Hw 1 - Rotational Motion|Unauthorized,Close|Help|History|Skip To Content,,,internal_canvas_question_url,Question-level Canvas URL came from a captured quiz page; the student-facing parent quiz is already captured.,no,high,No separate retry needed unless parent quiz content is incomplete.,resolved_internal_question_link,Question URL is an internal Canvas edit/detail link; parent quiz content was already captured.,No action needed for the question URL itself.
access-0015,2053526,PHY-212,unauthorized,00665-phy-212-linked-detail-unauthorized,Unauthorized,https://canvas.oregonstate.edu/courses/2053526/quizzes/3160489/questions/59026236,quiz_question,59026236,quiz,3160489,,,obj-phy-212-quiz-3160489,Hw 1 - Rotational Motion: GENERAL PHYSICS WITH CALCULUS (PH_212_400_U2026),task-00408-phy-212-blocked-or-broken-hw-1-rotational-motion-general-physics-with-calculus-ph-212-400-u2026,Hw 1 - Rotational Motion: GENERAL PHYSICS WITH CALCULUS (PH_212_400_U2026),,,,,00528-phy-212-linked-detail-hw-1-rotational-motion-general-physics-with-calculus-ph-212-400-u2026|00658-phy-212-linked-detail-hw-1-rotational-motion-general-physics-with-calculus-ph-212-400-u2026|00659-phy-212-linked-detail-jacob-peterson-s-quiz-history-hw-1-rotational-motion|00660-phy-212-linked-detail-jacob-peterson-s-quiz-history-hw-1-rotational-motion|00661-phy-212-linked-detail-hw-1-rotational-motion-general-physics-with-calculus-ph-212-400-u2026|00665-phy-212-linked-detail-unauthorized,Hw 1 - Rotational Motion: GENERAL PHYSICS WITH CALCULUS (PH_212_400_U2026)|Jacob Peterson's Quiz History: Hw 1 - Rotational Motion|Unauthorized,Close|Help|History|Skip To Content,,,internal_canvas_question_url,Question-level Canvas URL came from a captured quiz page; the student-facing parent quiz is already captured.,no,high,No separate retry needed unless parent quiz content is incomplete.,resolved_internal_question_link,Question URL is an internal Canvas edit/detail link; parent quiz content was already captured.,No action needed for the question URL itself.
access-0016,2053526,PHY-212,unauthorized,00666-phy-212-linked-detail-unauthorized,Unauthorized,https://canvas.oregonstate.edu/courses/2053526/quizzes/3160489/questions/59026237,quiz_question,59026237,quiz,3160489,,,obj-phy-212-quiz-3160489,Hw 1 - Rotational Motion: GENERAL PHYSICS WITH CALCULUS (PH_212_400_U2026),task-00408-phy-212-blocked-or-broken-hw-1-rotational-motion-general-physics-with-calculus-ph-212-400-u2026,Hw 1 - Rotational Motion: GENERAL PHYSICS WITH CALCULUS (PH_212_400_U2026),,,,,00528-phy-212-linked-detail-hw-1-rotational-motion-general-physics-with-calculus-ph-212-400-u2026|00658-phy-212-linked-detail-hw-1-rotational-motion-general-physics-with-calculus-ph-212-400-u2026|00659-phy-212-linked-detail-jacob-peterson-s-quiz-history-hw-1-rotational-motion|00660-phy-212-linked-detail-jacob-peterson-s-quiz-history-hw-1-rotational-motion|00661-phy-212-linked-detail-hw-1-rotational-motion-general-physics-with-calculus-ph-212-400-u2026|00666-phy-212-linked-detail-unauthorized,Hw 1 - Rotational Motion: GENERAL PHYSICS WITH CALCULUS (PH_212_400_U2026)|Jacob Peterson's Quiz History: Hw 1 - Rotational Motion|Unauthorized,Close|Help|History|Skip To Content,,,internal_canvas_question_url,Question-level Canvas URL came from a captured quiz page; the student-facing parent quiz is already captured.,no,high,No separate retry needed unless parent quiz content is incomplete.,resolved_internal_question_link,Question URL is an internal Canvas edit/detail link; parent quiz content was already captured.,No action needed for the question URL itself.
access-0017,2053526,PHY-212,unauthorized,00667-phy-212-linked-detail-unauthorized,Unauthorized,https://canvas.oregonstate.edu/courses/2053526/quizzes/3160489/questions/59026238,quiz_question,59026238,quiz,3160489,,,obj-phy-212-quiz-3160489,Hw 1 - Rotational Motion: GENERAL PHYSICS WITH CALCULUS (PH_212_400_U2026),task-00408-phy-212-blocked-or-broken-hw-1-rotational-motion-general-physics-with-calculus-ph-212-400-u2026,Hw 1 - Rotational Motion: GENERAL PHYSICS WITH CALCULUS (PH_212_400_U2026),,,,,00528-phy-212-linked-detail-hw-1-rotational-motion-general-physics-with-calculus-ph-212-400-u2026|00658-phy-212-linked-detail-hw-1-rotational-motion-general-physics-with-calculus-ph-212-400-u2026|00659-phy-212-linked-detail-jacob-peterson-s-quiz-history-hw-1-rotational-motion|00660-phy-212-linked-detail-jacob-peterson-s-quiz-history-hw-1-rotational-motion|00661-phy-212-linked-detail-hw-1-rotational-motion-general-physics-with-calculus-ph-212-400-u2026|00667-phy-212-linked-detail-unauthorized,Hw 1 - Rotational Motion: GENERAL PHYSICS WITH CALCULUS (PH_212_400_U2026)|Jacob Peterson's Quiz History: Hw 1 - Rotational Motion|Unauthorized,Close|Help|History|Skip To Content,,,internal_canvas_question_url,Question-level Canvas URL came from a captured quiz page; the student-facing parent quiz is already captured.,no,high,No separate retry needed unless parent quiz content is incomplete.,resolved_internal_question_link,Question URL is an internal Canvas edit/detail link; parent quiz content was already captured.,No action needed for the question URL itself.
access-0018,2053526,PHY-212,unauthorized,00668-phy-212-linked-detail-unauthorized,Unauthorized,https://canvas.oregonstate.edu/courses/2053526/quizzes/3160489/questions/59026239,quiz_question,59026239,quiz,3160489,,,obj-phy-212-quiz-3160489,Hw 1 - Rotational Motion: GENERAL PHYSICS WITH CALCULUS (PH_212_400_U2026),task-00408-phy-212-blocked-or-broken-hw-1-rotational-motion-general-physics-with-calculus-ph-212-400-u2026,Hw 1 - Rotational Motion: GENERAL PHYSICS WITH CALCULUS (PH_212_400_U2026),,,,,00528-phy-212-linked-detail-hw-1-rotational-motion-general-physics-with-calculus-ph-212-400-u2026|00658-phy-212-linked-detail-hw-1-rotational-motion-general-physics-with-calculus-ph-212-400-u2026|00659-phy-212-linked-detail-jacob-peterson-s-quiz-history-hw-1-rotational-motion|00660-phy-212-linked-detail-jacob-peterson-s-quiz-history-hw-1-rotational-motion|00661-phy-212-linked-detail-hw-1-rotational-motion-general-physics-with-calculus-ph-212-400-u2026|00668-phy-212-linked-detail-unauthorized,Hw 1 - Rotational Motion: GENERAL PHYSICS WITH CALCULUS (PH_212_400_U2026)|Jacob Peterson's Quiz History: Hw 1 - Rotational Motion|Unauthorized,Close|Help|History|Skip To Content,,,internal_canvas_question_url,Question-level Canvas URL came from a captured quiz page; the student-facing parent quiz is already captured.,no,high,No separate retry needed unless parent quiz content is incomplete.,resolved_internal_question_link,Question URL is an internal Canvas edit/detail link; parent quiz content was already captured.,No action needed for the question URL itself.
access-0019,2053526,PHY-212,unauthorized,00669-phy-212-linked-detail-unauthorized,Unauthorized,https://canvas.oregonstate.edu/courses/2053526/quizzes/3160489/questions/59026240,quiz_question,59026240,quiz,3160489,,,obj-phy-212-quiz-3160489,Hw 1 - Rotational Motion: GENERAL PHYSICS WITH CALCULUS (PH_212_400_U2026),task-00408-phy-212-blocked-or-broken-hw-1-rotational-motion-general-physics-with-calculus-ph-212-400-u2026,Hw 1 - Rotational Motion: GENERAL PHYSICS WITH CALCULUS (PH_212_400_U2026),,,,,00528-phy-212-linked-detail-hw-1-rotational-motion-general-physics-with-calculus-ph-212-400-u2026|00658-phy-212-linked-detail-hw-1-rotational-motion-general-physics-with-calculus-ph-212-400-u2026|00659-phy-212-linked-detail-jacob-peterson-s-quiz-history-hw-1-rotational-motion|00660-phy-212-linked-detail-jacob-peterson-s-quiz-history-hw-1-rotational-motion|00661-phy-212-linked-detail-hw-1-rotational-motion-general-physics-with-calculus-ph-212-400-u2026|00669-phy-212-linked-detail-unauthorized,Hw 1 - Rotational Motion: GENERAL PHYSICS WITH CALCULUS (PH_212_400_U2026)|Jacob Peterson's Quiz History: Hw 1 - Rotational Motion|Unauthorized,Close|Help|History|Skip To Content,,,internal_canvas_question_url,Question-level Canvas URL came from a captured quiz page; the student-facing parent quiz is already captured.,no,high,No separate retry needed unless parent quiz content is incomplete.,resolved_internal_question_link,Question URL is an internal Canvas edit/detail link; parent quiz content was already captured.,No action needed for the question URL itself.
access-0020,2053526,PHY-212,unauthorized,00670-phy-212-linked-detail-unauthorized,Unauthorized,https://canvas.oregonstate.edu/courses/2053526/quizzes/3160489/questions/59026241,quiz_question,59026241,quiz,3160489,,,obj-phy-212-quiz-3160489,Hw 1 - Rotational Motion: GENERAL PHYSICS WITH CALCULUS (PH_212_400_U2026),task-00408-phy-212-blocked-or-broken-hw-1-rotational-motion-general-physics-with-calculus-ph-212-400-u2026,Hw 1 - Rotational Motion: GENERAL PHYSICS WITH CALCULUS (PH_212_400_U2026),,,,,00528-phy-212-linked-detail-hw-1-rotational-motion-general-physics-with-calculus-ph-212-400-u2026|00658-phy-212-linked-detail-hw-1-rotational-motion-general-physics-with-calculus-ph-212-400-u2026|00659-phy-212-linked-detail-jacob-peterson-s-quiz-history-hw-1-rotational-motion|00660-phy-212-linked-detail-jacob-peterson-s-quiz-history-hw-1-rotational-motion|00661-phy-212-linked-detail-hw-1-rotational-motion-general-physics-with-calculus-ph-212-400-u2026|00670-phy-212-linked-detail-unauthorized,Hw 1 - Rotational Motion: GENERAL PHYSICS WITH CALCULUS (PH_212_400_U2026)|Jacob Peterson's Quiz History: Hw 1 - Rotational Motion|Unauthorized,Close|Help|History|Skip To Content,,,internal_canvas_question_url,Question-level Canvas URL came from a captured quiz page; the student-facing parent quiz is already captured.,no,high,No separate retry needed unless parent quiz content is incomplete.,resolved_internal_question_link,Question URL is an internal Canvas edit/detail link; parent quiz content was already captured.,No action needed for the question URL itself.
access-0021,2053526,PHY-212,unauthorized,00671-phy-212-linked-detail-unauthorized,Unauthorized,https://canvas.oregonstate.edu/courses/2053526/quizzes/3160489/questions/59026242,quiz_question,59026242,quiz,3160489,,,obj-phy-212-quiz-3160489,Hw 1 - Rotational Motion: GENERAL PHYSICS WITH CALCULUS (PH_212_400_U2026),task-00408-phy-212-blocked-or-broken-hw-1-rotational-motion-general-physics-with-calculus-ph-212-400-u2026,Hw 1 - Rotational Motion: GENERAL PHYSICS WITH CALCULUS (PH_212_400_U2026),,,,,00528-phy-212-linked-detail-hw-1-rotational-motion-general-physics-with-calculus-ph-212-400-u2026|00658-phy-212-linked-detail-hw-1-rotational-motion-general-physics-with-calculus-ph-212-400-u2026|00659-phy-212-linked-detail-jacob-peterson-s-quiz-history-hw-1-rotational-motion|00660-phy-212-linked-detail-jacob-peterson-s-quiz-history-hw-1-rotational-motion|00661-phy-212-linked-detail-hw-1-rotational-motion-general-physics-with-calculus-ph-212-400-u2026|00671-phy-212-linked-detail-unauthorized,Hw 1 - Rotational Motion: GENERAL PHYSICS WITH CALCULUS (PH_212_400_U2026)|Jacob Peterson's Quiz History: Hw 1 - Rotational Motion|Unauthorized,Close|Help|History|Skip To Content,,,internal_canvas_question_url,Question-level Canvas URL came from a captured quiz page; the student-facing parent quiz is already captured.,no,high,No separate retry needed unless parent quiz content is incomplete.,resolved_internal_question_link,Question URL is an internal Canvas edit/detail link; parent quiz content was already captured.,No action needed for the question URL itself.
access-0022,2053526,PHY-212,unauthorized,00672-phy-212-linked-detail-unauthorized,Unauthorized,https://canvas.oregonstate.edu/courses/2053526/quizzes/3160489/questions/59026243,quiz_question,59026243,quiz,3160489,,,obj-phy-212-quiz-3160489,Hw 1 - Rotational Motion: GENERAL PHYSICS WITH CALCULUS (PH_212_400_U2026),task-00408-phy-212-blocked-or-broken-hw-1-rotational-motion-general-physics-with-calculus-ph-212-400-u2026,Hw 1 - Rotational Motion: GENERAL PHYSICS WITH CALCULUS (PH_212_400_U2026),,,,,00528-phy-212-linked-detail-hw-1-rotational-motion-general-physics-with-calculus-ph-212-400-u2026|00658-phy-212-linked-detail-hw-1-rotational-motion-general-physics-with-calculus-ph-212-400-u2026|00659-phy-212-linked-detail-jacob-peterson-s-quiz-history-hw-1-rotational-motion|00660-phy-212-linked-detail-jacob-peterson-s-quiz-history-hw-1-rotational-motion|00661-phy-212-linked-detail-hw-1-rotational-motion-general-physics-with-calculus-ph-212-400-u2026|00672-phy-212-linked-detail-unauthorized,Hw 1 - Rotational Motion: GENERAL PHYSICS WITH CALCULUS (PH_212_400_U2026)|Jacob Peterson's Quiz History: Hw 1 - Rotational Motion|Unauthorized,Close|Help|History|Skip To Content,,,internal_canvas_question_url,Question-level Canvas URL came from a captured quiz page; the student-facing parent quiz is already captured.,no,high,No separate retry needed unless parent quiz content is incomplete.,resolved_internal_question_link,Question URL is an internal Canvas edit/detail link; parent quiz content was already captured.,No action needed for the question URL itself.
access-0023,2053526,PHY-212,unauthorized,00673-phy-212-linked-detail-unauthorized,Unauthorized,https://canvas.oregonstate.edu/courses/2053526/quizzes/3160489/questions/59026244,quiz_question,59026244,quiz,3160489,,,obj-phy-212-quiz-3160489,Hw 1 - Rotational Motion: GENERAL PHYSICS WITH CALCULUS (PH_212_400_U2026),task-00408-phy-212-blocked-or-broken-hw-1-rotational-motion-general-physics-with-calculus-ph-212-400-u2026,Hw 1 - Rotational Motion: GENERAL PHYSICS WITH CALCULUS (PH_212_400_U2026),,,,,00528-phy-212-linked-detail-hw-1-rotational-motion-general-physics-with-calculus-ph-212-400-u2026|00658-phy-212-linked-detail-hw-1-rotational-motion-general-physics-with-calculus-ph-212-400-u2026|00659-phy-212-linked-detail-jacob-peterson-s-quiz-history-hw-1-rotational-motion|00660-phy-212-linked-detail-jacob-peterson-s-quiz-history-hw-1-rotational-motion|00661-phy-212-linked-detail-hw-1-rotational-motion-general-physics-with-calculus-ph-212-400-u2026|00673-phy-212-linked-detail-unauthorized,Hw 1 - Rotational Motion: GENERAL PHYSICS WITH CALCULUS (PH_212_400_U2026)|Jacob Peterson's Quiz History: Hw 1 - Rotational Motion|Unauthorized,Close|Help|History|Skip To Content,,,internal_canvas_question_url,Question-level Canvas URL came from a captured quiz page; the student-facing parent quiz is already captured.,no,high,No separate retry needed unless parent quiz content is incomplete.,resolved_internal_question_link,Question URL is an internal Canvas edit/detail link; parent quiz content was already captured.,No action needed for the question URL itself.
access-0024,2053526,PHY-212,unauthorized,00674-phy-212-linked-detail-unauthorized,Unauthorized,https://canvas.oregonstate.edu/courses/2053526/quizzes/3160489/questions/59026245,quiz_question,59026245,quiz,3160489,,,obj-phy-212-quiz-3160489,Hw 1 - Rotational Motion: GENERAL PHYSICS WITH CALCULUS (PH_212_400_U2026),task-00408-phy-212-blocked-or-broken-hw-1-rotational-motion-general-physics-with-calculus-ph-212-400-u2026,Hw 1 - Rotational Motion: GENERAL PHYSICS WITH CALCULUS (PH_212_400_U2026),,,,,00528-phy-212-linked-detail-hw-1-rotational-motion-general-physics-with-calculus-ph-212-400-u2026|00658-phy-212-linked-detail-hw-1-rotational-motion-general-physics-with-calculus-ph-212-400-u2026|00659-phy-212-linked-detail-jacob-peterson-s-quiz-history-hw-1-rotational-motion|00660-phy-212-linked-detail-jacob-peterson-s-quiz-history-hw-1-rotational-motion|00661-phy-212-linked-detail-hw-1-rotational-motion-general-physics-with-calculus-ph-212-400-u2026|00674-phy-212-linked-detail-unauthorized,Hw 1 - Rotational Motion: GENERAL PHYSICS WITH CALCULUS (PH_212_400_U2026)|Jacob Peterson's Quiz History: Hw 1 - Rotational Motion|Unauthorized,Close|Help|History|Skip To Content,,,internal_canvas_question_url,Question-level Canvas URL came from a captured quiz page; the student-facing parent quiz is already captured.,no,high,No separate retry needed unless parent quiz content is incomplete.,resolved_internal_question_link,Question URL is an internal Canvas edit/detail link; parent quiz content was already captured.,No action needed for the question URL itself.
access-0025,2053526,PHY-212,unauthorized,00675-phy-212-linked-detail-unauthorized,Unauthorized,https://canvas.oregonstate.edu/courses/2053526/quizzes/3160489/questions/59026246,quiz_question,59026246,quiz,3160489,,,obj-phy-212-quiz-3160489,Hw 1 - Rotational Motion: GENERAL PHYSICS WITH CALCULUS (PH_212_400_U2026),task-00408-phy-212-blocked-or-broken-hw-1-rotational-motion-general-physics-with-calculus-ph-212-400-u2026,Hw 1 - Rotational Motion: GENERAL PHYSICS WITH CALCULUS (PH_212_400_U2026),,,,,00528-phy-212-linked-detail-hw-1-rotational-motion-general-physics-with-calculus-ph-212-400-u2026|00658-phy-212-linked-detail-hw-1-rotational-motion-general-physics-with-calculus-ph-212-400-u2026|00659-phy-212-linked-detail-jacob-peterson-s-quiz-history-hw-1-rotational-motion|00660-phy-212-linked-detail-jacob-peterson-s-quiz-history-hw-1-rotational-motion|00661-phy-212-linked-detail-hw-1-rotational-motion-general-physics-with-calculus-ph-212-400-u2026|00675-phy-212-linked-detail-unauthorized,Hw 1 - Rotational Motion: GENERAL PHYSICS WITH CALCULUS (PH_212_400_U2026)|Jacob Peterson's Quiz History: Hw 1 - Rotational Motion|Unauthorized,Close|Help|History|Skip To Content,,,internal_canvas_question_url,Question-level Canvas URL came from a captured quiz page; the student-facing parent quiz is already captured.,no,high,No separate retry needed unless parent quiz content is incomplete.,resolved_internal_question_link,Question URL is an internal Canvas edit/detail link; parent quiz content was already captured.,No action needed for the question URL itself.
access-0026,2053526,PHY-212,unauthorized,00676-phy-212-linked-detail-unauthorized,Unauthorized,https://canvas.oregonstate.edu/courses/2053526/quizzes/3160489/questions/59026247,quiz_question,59026247,quiz,3160489,,,obj-phy-212-quiz-3160489,Hw 1 - Rotational Motion: GENERAL PHYSICS WITH CALCULUS (PH_212_400_U2026),task-00408-phy-212-blocked-or-broken-hw-1-rotational-motion-general-physics-with-calculus-ph-212-400-u2026,Hw 1 - Rotational Motion: GENERAL PHYSICS WITH CALCULUS (PH_212_400_U2026),,,,,00528-phy-212-linked-detail-hw-1-rotational-motion-general-physics-with-calculus-ph-212-400-u2026|00658-phy-212-linked-detail-hw-1-rotational-motion-general-physics-with-calculus-ph-212-400-u2026|00659-phy-212-linked-detail-jacob-peterson-s-quiz-history-hw-1-rotational-motion|00660-phy-212-linked-detail-jacob-peterson-s-quiz-history-hw-1-rotational-motion|00661-phy-212-linked-detail-hw-1-rotational-motion-general-physics-with-calculus-ph-212-400-u2026|00676-phy-212-linked-detail-unauthorized,Hw 1 - Rotational Motion: GENERAL PHYSICS WITH CALCULUS (PH_212_400_U2026)|Jacob Peterson's Quiz History: Hw 1 - Rotational Motion|Unauthorized,Close|Help|History|Skip To Content,,,internal_canvas_question_url,Question-level Canvas URL came from a captured quiz page; the student-facing parent quiz is already captured.,no,high,No separate retry needed unless parent quiz content is incomplete.,resolved_internal_question_link,Question URL is an internal Canvas edit/detail link; parent quiz content was already captured.,No action needed for the question URL itself.
access-0027,2053526,PHY-212,unauthorized,00679-phy-212-linked-detail-unauthorized,Unauthorized,https://canvas.oregonstate.edu/courses/2053526/quizzes/3160444/questions/59025986,quiz_question,59025986,quiz,3160444,,,obj-phy-212-quiz-3160444,Hw 2 - Rotational Dynamics: GENERAL PHYSICS WITH CALCULUS (PH_212_400_U2026),task-00409-phy-212-blocked-or-broken-hw-2-rotational-dynamics-general-physics-with-calculus-ph-212-400-u2026,Hw 2 - Rotational Dynamics: GENERAL PHYSICS WITH CALCULUS (PH_212_400_U2026),,,,,00529-phy-212-linked-detail-hw-2-rotational-dynamics-general-physics-with-calculus-ph-212-400-u2026|00677-phy-212-linked-detail-hw-2-rotational-dynamics-general-physics-with-calculus-ph-212-400-u2026|00678-phy-212-linked-detail-jacob-peterson-s-quiz-history-hw-2-rotational-dynamics|00679-phy-212-linked-detail-unauthorized,Hw 2 - Rotational Dynamics: GENERAL PHYSICS WITH CALCULUS (PH_212_400_U2026)|Jacob Peterson's Quiz History: Hw 2 - Rotational Dynamics|Unauthorized,Close|Help|History|Skip To Content,,,internal_canvas_question_url,Question-level Canvas URL came from a captured quiz page; the student-facing parent quiz is already captured.,no,high,No separate retry needed unless parent quiz content is incomplete.,resolved_internal_question_link,Question URL is an internal Canvas edit/detail link; parent quiz content was already captured.,No action needed for the question URL itself.
access-0028,2053526,PHY-212,unauthorized,00680-phy-212-linked-detail-unauthorized,Unauthorized,https://canvas.oregonstate.edu/courses/2053526/quizzes/3160444/questions/59025987,quiz_question,59025987,quiz,3160444,,,obj-phy-212-quiz-3160444,Hw 2 - Rotational Dynamics: GENERAL PHYSICS WITH CALCULUS (PH_212_400_U2026),task-00409-phy-212-blocked-or-broken-hw-2-rotational-dynamics-general-physics-with-calculus-ph-212-400-u2026,Hw 2 - Rotational Dynamics: GENERAL PHYSICS WITH CALCULUS (PH_212_400_U2026),,,,,00529-phy-212-linked-detail-hw-2-rotational-dynamics-general-physics-with-calculus-ph-212-400-u2026|00677-phy-212-linked-detail-hw-2-rotational-dynamics-general-physics-with-calculus-ph-212-400-u2026|00678-phy-212-linked-detail-jacob-peterson-s-quiz-history-hw-2-rotational-dynamics|00680-phy-212-linked-detail-unauthorized,Hw 2 - Rotational Dynamics: GENERAL PHYSICS WITH CALCULUS (PH_212_400_U2026)|Jacob Peterson's Quiz History: Hw 2 - Rotational Dynamics|Unauthorized,Close|Help|History|Skip To Content,,,internal_canvas_question_url,Question-level Canvas URL came from a captured quiz page; the student-facing parent quiz is already captured.,no,high,No separate retry needed unless parent quiz content is incomplete.,resolved_internal_question_link,Question URL is an internal Canvas edit/detail link; parent quiz content was already captured.,No action needed for the question URL itself.
access-0029,2053526,PHY-212,unauthorized,00681-phy-212-linked-detail-unauthorized,Unauthorized,https://canvas.oregonstate.edu/courses/2053526/quizzes/3160444/questions/59025988,quiz_question,59025988,quiz,3160444,,,obj-phy-212-quiz-3160444,Hw 2 - Rotational Dynamics: GENERAL PHYSICS WITH CALCULUS (PH_212_400_U2026),task-00409-phy-212-blocked-or-broken-hw-2-rotational-dynamics-general-physics-with-calculus-ph-212-400-u2026,Hw 2 - Rotational Dynamics: GENERAL PHYSICS WITH CALCULUS (PH_212_400_U2026),,,,,00529-phy-212-linked-detail-hw-2-rotational-dynamics-general-physics-with-calculus-ph-212-400-u2026|00677-phy-212-linked-detail-hw-2-rotational-dynamics-general-physics-with-calculus-ph-212-400-u2026|00678-phy-212-linked-detail-jacob-peterson-s-quiz-history-hw-2-rotational-dynamics|00681-phy-212-linked-detail-unauthorized,Hw 2 - Rotational Dynamics: GENERAL PHYSICS WITH CALCULUS (PH_212_400_U2026)|Jacob Peterson's Quiz History: Hw 2 - Rotational Dynamics|Unauthorized,Close|Help|History|Skip To Content,,,internal_canvas_question_url,Question-level Canvas URL came from a captured quiz page; the student-facing parent quiz is already captured.,no,high,No separate retry needed unless parent quiz content is incomplete.,resolved_internal_question_link,Question URL is an internal Canvas edit/detail link; parent quiz content was already captured.,No action needed for the question URL itself.
access-0030,2053526,PHY-212,unauthorized,00682-phy-212-linked-detail-unauthorized,Unauthorized,https://canvas.oregonstate.edu/courses/2053526/quizzes/3160444/questions/59025989,quiz_question,59025989,quiz,3160444,,,obj-phy-212-quiz-3160444,Hw 2 - Rotational Dynamics: GENERAL PHYSICS WITH CALCULUS (PH_212_400_U2026),task-00409-phy-212-blocked-or-broken-hw-2-rotational-dynamics-general-physics-with-calculus-ph-212-400-u2026,Hw 2 - Rotational Dynamics: GENERAL PHYSICS WITH CALCULUS (PH_212_400_U2026),,,,,00529-phy-212-linked-detail-hw-2-rotational-dynamics-general-physics-with-calculus-ph-212-400-u2026|00677-phy-212-linked-detail-hw-2-rotational-dynamics-general-physics-with-calculus-ph-212-400-u2026|00678-phy-212-linked-detail-jacob-peterson-s-quiz-history-hw-2-rotational-dynamics|00682-phy-212-linked-detail-unauthorized,Hw 2 - Rotational Dynamics: GENERAL PHYSICS WITH CALCULUS (PH_212_400_U2026)|Jacob Peterson's Quiz History: Hw 2 - Rotational Dynamics|Unauthorized,Close|Help|History|Skip To Content,,,internal_canvas_question_url,Question-level Canvas URL came from a captured quiz page; the student-facing parent quiz is already captured.,no,high,No separate retry needed unless parent quiz content is incomplete.,resolved_internal_question_link,Question URL is an internal Canvas edit/detail link; parent quiz content was already captured.,No action needed for the question URL itself.
access-0031,2053526,PHY-212,unauthorized,00683-phy-212-linked-detail-unauthorized,Unauthorized,https://canvas.oregonstate.edu/courses/2053526/quizzes/3160444/questions/59025990,quiz_question,59025990,quiz,3160444,,,obj-phy-212-quiz-3160444,Hw 2 - Rotational Dynamics: GENERAL PHYSICS WITH CALCULUS (PH_212_400_U2026),task-00409-phy-212-blocked-or-broken-hw-2-rotational-dynamics-general-physics-with-calculus-ph-212-400-u2026,Hw 2 - Rotational Dynamics: GENERAL PHYSICS WITH CALCULUS (PH_212_400_U2026),,,,,00529-phy-212-linked-detail-hw-2-rotational-dynamics-general-physics-with-calculus-ph-212-400-u2026|00677-phy-212-linked-detail-hw-2-rotational-dynamics-general-physics-with-calculus-ph-212-400-u2026|00678-phy-212-linked-detail-jacob-peterson-s-quiz-history-hw-2-rotational-dynamics|00683-phy-212-linked-detail-unauthorized,Hw 2 - Rotational Dynamics: GENERAL PHYSICS WITH CALCULUS (PH_212_400_U2026)|Jacob Peterson's Quiz History: Hw 2 - Rotational Dynamics|Unauthorized,Close|Help|History|Skip To Content,,,internal_canvas_question_url,Question-level Canvas URL came from a captured quiz page; the student-facing parent quiz is already captured.,no,high,No separate retry needed unless parent quiz content is incomplete.,resolved_internal_question_link,Question URL is an internal Canvas edit/detail link; parent quiz content was already captured.,No action needed for the question URL itself.
access-0032,2053526,PHY-212,unauthorized,00684-phy-212-linked-detail-unauthorized,Unauthorized,https://canvas.oregonstate.edu/courses/2053526/quizzes/3160444/questions/59025991,quiz_question,59025991,quiz,3160444,,,obj-phy-212-quiz-3160444,Hw 2 - Rotational Dynamics: GENERAL PHYSICS WITH CALCULUS (PH_212_400_U2026),task-00409-phy-212-blocked-or-broken-hw-2-rotational-dynamics-general-physics-with-calculus-ph-212-400-u2026,Hw 2 - Rotational Dynamics: GENERAL PHYSICS WITH CALCULUS (PH_212_400_U2026),,,,,00529-phy-212-linked-detail-hw-2-rotational-dynamics-general-physics-with-calculus-ph-212-400-u2026|00677-phy-212-linked-detail-hw-2-rotational-dynamics-general-physics-with-calculus-ph-212-400-u2026|00678-phy-212-linked-detail-jacob-peterson-s-quiz-history-hw-2-rotational-dynamics|00684-phy-212-linked-detail-unauthorized,Hw 2 - Rotational Dynamics: GENERAL PHYSICS WITH CALCULUS (PH_212_400_U2026)|Jacob Peterson's Quiz History: Hw 2 - Rotational Dynamics|Unauthorized,Close|Help|History|Skip To Content,,,internal_canvas_question_url,Question-level Canvas URL came from a captured quiz page; the student-facing parent quiz is already captured.,no,high,No separate retry needed unless parent quiz content is incomplete.,resolved_internal_question_link,Question URL is an internal Canvas edit/detail link; parent quiz content was already captured.,No action needed for the question URL itself.
access-0033,2053526,PHY-212,unauthorized,00685-phy-212-linked-detail-unauthorized,Unauthorized,https://canvas.oregonstate.edu/courses/2053526/quizzes/3160444/questions/59025992,quiz_question,59025992,quiz,3160444,,,obj-phy-212-quiz-3160444,Hw 2 - Rotational Dynamics: GENERAL PHYSICS WITH CALCULUS (PH_212_400_U2026),task-00409-phy-212-blocked-or-broken-hw-2-rotational-dynamics-general-physics-with-calculus-ph-212-400-u2026,Hw 2 - Rotational Dynamics: GENERAL PHYSICS WITH CALCULUS (PH_212_400_U2026),,,,,00529-phy-212-linked-detail-hw-2-rotational-dynamics-general-physics-with-calculus-ph-212-400-u2026|00677-phy-212-linked-detail-hw-2-rotational-dynamics-general-physics-with-calculus-ph-212-400-u2026|00678-phy-212-linked-detail-jacob-peterson-s-quiz-history-hw-2-rotational-dynamics|00685-phy-212-linked-detail-unauthorized,Hw 2 - Rotational Dynamics: GENERAL PHYSICS WITH CALCULUS (PH_212_400_U2026)|Jacob Peterson's Quiz History: Hw 2 - Rotational Dynamics|Unauthorized,Close|Help|History|Skip To Content,,,internal_canvas_question_url,Question-level Canvas URL came from a captured quiz page; the student-facing parent quiz is already captured.,no,high,No separate retry needed unless parent quiz content is incomplete.,resolved_internal_question_link,Question URL is an internal Canvas edit/detail link; parent quiz content was already captured.,No action needed for the question URL itself.
access-0034,2053526,PHY-212,unauthorized,00686-phy-212-linked-detail-unauthorized,Unauthorized,https://canvas.oregonstate.edu/courses/2053526/quizzes/3160444/questions/59025993,quiz_question,59025993,quiz,3160444,,,obj-phy-212-quiz-3160444,Hw 2 - Rotational Dynamics: GENERAL PHYSICS WITH CALCULUS (PH_212_400_U2026),task-00409-phy-212-blocked-or-broken-hw-2-rotational-dynamics-general-physics-with-calculus-ph-212-400-u2026,Hw 2 - Rotational Dynamics: GENERAL PHYSICS WITH CALCULUS (PH_212_400_U2026),,,,,00529-phy-212-linked-detail-hw-2-rotational-dynamics-general-physics-with-calculus-ph-212-400-u2026|00677-phy-212-linked-detail-hw-2-rotational-dynamics-general-physics-with-calculus-ph-212-400-u2026|00678-phy-212-linked-detail-jacob-peterson-s-quiz-history-hw-2-rotational-dynamics|00686-phy-212-linked-detail-unauthorized,Hw 2 - Rotational Dynamics: GENERAL PHYSICS WITH CALCULUS (PH_212_400_U2026)|Jacob Peterson's Quiz History: Hw 2 - Rotational Dynamics|Unauthorized,Close|Help|History|Skip To Content,,,internal_canvas_question_url,Question-level Canvas URL came from a captured quiz page; the student-facing parent quiz is already captured.,no,high,No separate retry needed unless parent quiz content is incomplete.,resolved_internal_question_link,Question URL is an internal Canvas edit/detail link; parent quiz content was already captured.,No action needed for the question URL itself.
access-0035,2053526,PHY-212,unauthorized,00687-phy-212-linked-detail-unauthorized,Unauthorized,https://canvas.oregonstate.edu/courses/2053526/quizzes/3160444/questions/59025994,quiz_question,59025994,quiz,3160444,,,obj-phy-212-quiz-3160444,Hw 2 - Rotational Dynamics: GENERAL PHYSICS WITH CALCULUS (PH_212_400_U2026),task-00409-phy-212-blocked-or-broken-hw-2-rotational-dynamics-general-physics-with-calculus-ph-212-400-u2026,Hw 2 - Rotational Dynamics: GENERAL PHYSICS WITH CALCULUS (PH_212_400_U2026),,,,,00529-phy-212-linked-detail-hw-2-rotational-dynamics-general-physics-with-calculus-ph-212-400-u2026|00677-phy-212-linked-detail-hw-2-rotational-dynamics-general-physics-with-calculus-ph-212-400-u2026|00678-phy-212-linked-detail-jacob-peterson-s-quiz-history-hw-2-rotational-dynamics|00687-phy-212-linked-detail-unauthorized,Hw 2 - Rotational Dynamics: GENERAL PHYSICS WITH CALCULUS (PH_212_400_U2026)|Jacob Peterson's Quiz History: Hw 2 - Rotational Dynamics|Unauthorized,Close|Help|History|Skip To Content,,,internal_canvas_question_url,Question-level Canvas URL came from a captured quiz page; the student-facing parent quiz is already captured.,no,high,No separate retry needed unless parent quiz content is incomplete.,resolved_internal_question_link,Question URL is an internal Canvas edit/detail link; parent quiz content was already captured.,No action needed for the question URL itself.
access-0036,2053526,PHY-212,unauthorized,00688-phy-212-linked-detail-unauthorized,Unauthorized,https://canvas.oregonstate.edu/courses/2053526/quizzes/3160444/questions/59025995,quiz_question,59025995,quiz,3160444,,,obj-phy-212-quiz-3160444,Hw 2 - Rotational Dynamics: GENERAL PHYSICS WITH CALCULUS (PH_212_400_U2026),task-00409-phy-212-blocked-or-broken-hw-2-rotational-dynamics-general-physics-with-calculus-ph-212-400-u2026,Hw 2 - Rotational Dynamics: GENERAL PHYSICS WITH CALCULUS (PH_212_400_U2026),,,,,00529-phy-212-linked-detail-hw-2-rotational-dynamics-general-physics-with-calculus-ph-212-400-u2026|00677-phy-212-linked-detail-hw-2-rotational-dynamics-general-physics-with-calculus-ph-212-400-u2026|00678-phy-212-linked-detail-jacob-peterson-s-quiz-history-hw-2-rotational-dynamics|00688-phy-212-linked-detail-unauthorized,Hw 2 - Rotational Dynamics: GENERAL PHYSICS WITH CALCULUS (PH_212_400_U2026)|Jacob Peterson's Quiz History: Hw 2 - Rotational Dynamics|Unauthorized,Close|Help|History|Skip To Content,,,internal_canvas_question_url,Question-level Canvas URL came from a captured quiz page; the student-facing parent quiz is already captured.,no,high,No separate retry needed unless parent quiz content is incomplete.,resolved_internal_question_link,Question URL is an internal Canvas edit/detail link; parent quiz content was already captured.,No action needed for the question URL itself.
access-0037,2053526,PHY-212,unauthorized,00689-phy-212-linked-detail-unauthorized,Unauthorized,https://canvas.oregonstate.edu/courses/2053526/quizzes/3160444/questions/59025996,quiz_question,59025996,quiz,3160444,,,obj-phy-212-quiz-3160444,Hw 2 - Rotational Dynamics: GENERAL PHYSICS WITH CALCULUS (PH_212_400_U2026),task-00409-phy-212-blocked-or-broken-hw-2-rotational-dynamics-general-physics-with-calculus-ph-212-400-u2026,Hw 2 - Rotational Dynamics: GENERAL PHYSICS WITH CALCULUS (PH_212_400_U2026),,,,,00529-phy-212-linked-detail-hw-2-rotational-dynamics-general-physics-with-calculus-ph-212-400-u2026|00677-phy-212-linked-detail-hw-2-rotational-dynamics-general-physics-with-calculus-ph-212-400-u2026|00678-phy-212-linked-detail-jacob-peterson-s-quiz-history-hw-2-rotational-dynamics|00689-phy-212-linked-detail-unauthorized,Hw 2 - Rotational Dynamics: GENERAL PHYSICS WITH CALCULUS (PH_212_400_U2026)|Jacob Peterson's Quiz History: Hw 2 - Rotational Dynamics|Unauthorized,Close|Help|History|Skip To Content,,,internal_canvas_question_url,Question-level Canvas URL came from a captured quiz page; the student-facing parent quiz is already captured.,no,high,No separate retry needed unless parent quiz content is incomplete.,resolved_internal_question_link,Question URL is an internal Canvas edit/detail link; parent quiz content was already captured.,No action needed for the question URL itself.
access-0038,2053526,PHY-212,unauthorized,00690-phy-212-linked-detail-unauthorized,Unauthorized,https://canvas.oregonstate.edu/courses/2053526/quizzes/3160444/questions/59025997,quiz_question,59025997,quiz,3160444,,,obj-phy-212-quiz-3160444,Hw 2 - Rotational Dynamics: GENERAL PHYSICS WITH CALCULUS (PH_212_400_U2026),task-00409-phy-212-blocked-or-broken-hw-2-rotational-dynamics-general-physics-with-calculus-ph-212-400-u2026,Hw 2 - Rotational Dynamics: GENERAL PHYSICS WITH CALCULUS (PH_212_400_U2026),,,,,00529-phy-212-linked-detail-hw-2-rotational-dynamics-general-physics-with-calculus-ph-212-400-u2026|00677-phy-212-linked-detail-hw-2-rotational-dynamics-general-physics-with-calculus-ph-212-400-u2026|00678-phy-212-linked-detail-jacob-peterson-s-quiz-history-hw-2-rotational-dynamics|00690-phy-212-linked-detail-unauthorized,Hw 2 - Rotational Dynamics: GENERAL PHYSICS WITH CALCULUS (PH_212_400_U2026)|Jacob Peterson's Quiz History: Hw 2 - Rotational Dynamics|Unauthorized,Close|Help|History|Skip To Content,,,internal_canvas_question_url,Question-level Canvas URL came from a captured quiz page; the student-facing parent quiz is already captured.,no,high,No separate retry needed unless parent quiz content is incomplete.,resolved_internal_question_link,Question URL is an internal Canvas edit/detail link; parent quiz content was already captured.,No action needed for the question URL itself.
access-0039,2053526,PHY-212,unauthorized,00691-phy-212-linked-detail-unauthorized,Unauthorized,https://canvas.oregonstate.edu/courses/2053526/quizzes/3160444/questions/59025998,quiz_question,59025998,quiz,3160444,,,obj-phy-212-quiz-3160444,Hw 2 - Rotational Dynamics: GENERAL PHYSICS WITH CALCULUS (PH_212_400_U2026),task-00409-phy-212-blocked-or-broken-hw-2-rotational-dynamics-general-physics-with-calculus-ph-212-400-u2026,Hw 2 - Rotational Dynamics: GENERAL PHYSICS WITH CALCULUS (PH_212_400_U2026),,,,,00529-phy-212-linked-detail-hw-2-rotational-dynamics-general-physics-with-calculus-ph-212-400-u2026|00677-phy-212-linked-detail-hw-2-rotational-dynamics-general-physics-with-calculus-ph-212-400-u2026|00678-phy-212-linked-detail-jacob-peterson-s-quiz-history-hw-2-rotational-dynamics|00691-phy-212-linked-detail-unauthorized,Hw 2 - Rotational Dynamics: GENERAL PHYSICS WITH CALCULUS (PH_212_400_U2026)|Jacob Peterson's Quiz History: Hw 2 - Rotational Dynamics|Unauthorized,Close|Help|History|Skip To Content,,,internal_canvas_question_url,Question-level Canvas URL came from a captured quiz page; the student-facing parent quiz is already captured.,no,high,No separate retry needed unless parent quiz content is incomplete.,resolved_internal_question_link,Question URL is an internal Canvas edit/detail link; parent quiz content was already captured.,No action needed for the question URL itself.
access-0040,2053526,PHY-212,unauthorized,00695-phy-212-linked-detail-unauthorized,Unauthorized,https://canvas.oregonstate.edu/courses/2053526/quizzes/3160514/questions/59026348,quiz_question,59026348,quiz,3160514,,,obj-phy-212-quiz-3160514,M1-1pre: GENERAL PHYSICS WITH CALCULUS (PH_212_400_U2026),task-00422-phy-212-blocked-or-broken-m1-1pre-general-physics-with-calculus-ph-212-400-u2026,M1-1pre: GENERAL PHYSICS WITH CALCULUS (PH_212_400_U2026),,,,,00530-phy-212-linked-detail-m1-1pre-general-physics-with-calculus-ph-212-400-u2026|00692-phy-212-linked-detail-m1-1pre-general-physics-with-calculus-ph-212-400-u2026|00693-phy-212-linked-detail-jacob-peterson-s-quiz-history-m1-1pre|00694-phy-212-linked-detail-m1-1pre-general-physics-with-calculus-ph-212-400-u2026|00695-phy-212-linked-detail-unauthorized,Jacob Peterson's Quiz History: M1-1pre|M1-1pre: GENERAL PHYSICS WITH CALCULUS (PH_212_400_U2026)|Unauthorized,Close|Help|History|Skip To Content,,,internal_canvas_question_url,Question-level Canvas URL came from a captured quiz page; the student-facing parent quiz is already captured.,no,high,No separate retry needed unless parent quiz content is incomplete.,resolved_internal_question_link,Question URL is an internal Canvas edit/detail link; parent quiz content was already captured.,No action needed for the question URL itself.
access-0041,2053526,PHY-212,unauthorized,00699-phy-212-linked-detail-unauthorized,Unauthorized,https://canvas.oregonstate.edu/courses/2053526/quizzes/3160464/questions/59026118,quiz_question,59026118,quiz,3160464,,,obj-phy-212-quiz-3160464,M1-2pre: GENERAL PHYSICS WITH CALCULUS (PH_212_400_U2026),task-00424-phy-212-blocked-or-broken-m1-2pre-general-physics-with-calculus-ph-212-400-u2026,M1-2pre: GENERAL PHYSICS WITH CALCULUS (PH_212_400_U2026),,,,,00531-phy-212-linked-detail-m1-2pre-general-physics-with-calculus-ph-212-400-u2026|00696-phy-212-linked-detail-m1-2pre-general-physics-with-calculus-ph-212-400-u2026|00697-phy-212-linked-detail-jacob-peterson-s-quiz-history-m1-2pre|00698-phy-212-linked-detail-m1-2pre-general-physics-with-calculus-ph-212-400-u2026|00699-phy-212-linked-detail-unauthorized,Jacob Peterson's Quiz History: M1-2pre|M1-2pre: GENERAL PHYSICS WITH CALCULUS (PH_212_400_U2026)|Unauthorized,Close|Help|History|Skip To Content,,,internal_canvas_question_url,Question-level Canvas URL came from a captured quiz page; the student-facing parent quiz is already captured.,no,high,No separate retry needed unless parent quiz content is incomplete.,resolved_internal_question_link,Question URL is an internal Canvas edit/detail link; parent quiz content was already captured.,No action needed for the question URL itself.
access-0042,2053526,PHY-212,unauthorized,00701-phy-212-linked-detail-unauthorized,Unauthorized,https://canvas.oregonstate.edu/courses/2053526/quizzes/3160475/questions/59026167,quiz_question,59026167,quiz,3160475,,,obj-phy-212-quiz-3160475,M1-3pre: GENERAL PHYSICS WITH CALCULUS (PH_212_400_U2026),task-00426-phy-212-blocked-or-broken-m1-3pre-general-physics-with-calculus-ph-212-400-u2026,M1-3pre: GENERAL PHYSICS WITH CALCULUS (PH_212_400_U2026),,,,,00532-phy-212-linked-detail-m1-3pre-general-physics-with-calculus-ph-212-400-u2026|00700-phy-212-linked-detail-jacob-peterson-s-quiz-history-m1-3pre|00701-phy-212-linked-detail-unauthorized,Jacob Peterson's Quiz History: M1-3pre|M1-3pre: GENERAL PHYSICS WITH CALCULUS (PH_212_400_U2026)|Unauthorized,Close|Help|History|Skip To Content,,,internal_canvas_question_url,Question-level Canvas URL came from a captured quiz page; the student-facing parent quiz is already captured.,no,high,No separate retry needed unless parent quiz content is incomplete.,resolved_internal_question_link,Question URL is an internal Canvas edit/detail link; parent quiz content was already captured.,No action needed for the question URL itself.
access-0043,2053526,PHY-212,unauthorized,00703-phy-212-linked-detail-unauthorized,Unauthorized,https://canvas.oregonstate.edu/courses/2053526/quizzes/3160500/questions/59026278,quiz_question,59026278,quiz,3160500,,,obj-phy-212-quiz-3160500,M1-4pre: GENERAL PHYSICS WITH CALCULUS (PH_212_400_U2026),task-00428-phy-212-blocked-or-broken-m1-4pre-general-physics-with-calculus-ph-212-400-u2026,M1-4pre: GENERAL PHYSICS WITH CALCULUS (PH_212_400_U2026),,,,,00533-phy-212-linked-detail-m1-4pre-general-physics-with-calculus-ph-212-400-u2026|00702-phy-212-linked-detail-jacob-peterson-s-quiz-history-m1-4pre|00703-phy-212-linked-detail-unauthorized,Jacob Peterson's Quiz History: M1-4pre|M1-4pre: GENERAL PHYSICS WITH CALCULUS (PH_212_400_U2026)|Unauthorized,Close|Help|History|Skip To Content,,,internal_canvas_question_url,Question-level Canvas URL came from a captured quiz page; the student-facing parent quiz is already captured.,no,high,No separate retry needed unless parent quiz content is incomplete.,resolved_internal_question_link,Question URL is an internal Canvas edit/detail link; parent quiz content was already captured.,No action needed for the question URL itself.
access-0044,2053526,PHY-212,unauthorized,00705-phy-212-linked-detail-unauthorized,Unauthorized,https://canvas.oregonstate.edu/courses/2053526/quizzes/3160476/questions/59026168,quiz_question,59026168,quiz,3160476,,,obj-phy-212-quiz-3160476,M1-5pre: GENERAL PHYSICS WITH CALCULUS (PH_212_400_U2026),task-00430-phy-212-blocked-or-broken-m1-5pre-general-physics-with-calculus-ph-212-400-u2026,M1-5pre: GENERAL PHYSICS WITH CALCULUS (PH_212_400_U2026),,,,,00534-phy-212-linked-detail-m1-5pre-general-physics-with-calculus-ph-212-400-u2026|00704-phy-212-linked-detail-jacob-peterson-s-quiz-history-m1-5pre|00705-phy-212-linked-detail-unauthorized,Jacob Peterson's Quiz History: M1-5pre|M1-5pre: GENERAL PHYSICS WITH CALCULUS (PH_212_400_U2026)|Unauthorized,Close|Help|History|Skip To Content,,,internal_canvas_question_url,Question-level Canvas URL came from a captured quiz page; the student-facing parent quiz is already captured.,no,high,No separate retry needed unless parent quiz content is incomplete.,resolved_internal_question_link,Question URL is an internal Canvas edit/detail link; parent quiz content was already captured.,No action needed for the question URL itself.
access-0045,2053526,PHY-212,unauthorized,00709-phy-212-linked-detail-unauthorized,Unauthorized,https://canvas.oregonstate.edu/courses/2053526/quizzes/3169000/questions/59169876,quiz_question,59169876,quiz,3169000,,,obj-phy-212-quiz-3169000,M1-0asy: GENERAL PHYSICS WITH CALCULUS (PH_212_400_U2026),task-00420-phy-212-blocked-or-broken-m1-0asy-general-physics-with-calculus-ph-212-400-u2026,M1-0asy: GENERAL PHYSICS WITH CALCULUS (PH_212_400_U2026),,,,,00535-phy-212-linked-detail-m1-0asy-general-physics-with-calculus-ph-212-400-u2026|00706-phy-212-linked-detail-m1-0asy-general-physics-with-calculus-ph-212-400-u2026|00707-phy-212-linked-detail-jacob-peterson-s-quiz-history-m1-0asy|00708-phy-212-linked-detail-m1-0asy-general-physics-with-calculus-ph-212-400-u2026|00709-phy-212-linked-detail-unauthorized,Jacob Peterson's Quiz History: M1-0asy|M1-0asy: GENERAL PHYSICS WITH CALCULUS (PH_212_400_U2026)|Unauthorized,Close|Help|History|Skip To Content,,,internal_canvas_question_url,Question-level Canvas URL came from a captured quiz page; the student-facing parent quiz is already captured.,no,high,No separate retry needed unless parent quiz content is incomplete.,resolved_internal_question_link,Question URL is an internal Canvas edit/detail link; parent quiz content was already captured.,No action needed for the question URL itself.
access-0046,2053526,PHY-212,unauthorized,00710-phy-212-linked-detail-unauthorized,Unauthorized,https://canvas.oregonstate.edu/courses/2053526/quizzes/3169000/questions/59169879,quiz_question,59169879,quiz,3169000,,,obj-phy-212-quiz-3169000,M1-0asy: GENERAL PHYSICS WITH CALCULUS (PH_212_400_U2026),task-00420-phy-212-blocked-or-broken-m1-0asy-general-physics-with-calculus-ph-212-400-u2026,M1-0asy: GENERAL PHYSICS WITH CALCULUS (PH_212_400_U2026),,,,,00535-phy-212-linked-detail-m1-0asy-general-physics-with-calculus-ph-212-400-u2026|00706-phy-212-linked-detail-m1-0asy-general-physics-with-calculus-ph-212-400-u2026|00707-phy-212-linked-detail-jacob-peterson-s-quiz-history-m1-0asy|00708-phy-212-linked-detail-m1-0asy-general-physics-with-calculus-ph-212-400-u2026|00710-phy-212-linked-detail-unauthorized,Jacob Peterson's Quiz History: M1-0asy|M1-0asy: GENERAL PHYSICS WITH CALCULUS (PH_212_400_U2026)|Unauthorized,Close|Help|History|Skip To Content,,,internal_canvas_question_url,Question-level Canvas URL came from a captured quiz page; the student-facing parent quiz is already captured.,no,high,No separate retry needed unless parent quiz content is incomplete.,resolved_internal_question_link,Question URL is an internal Canvas edit/detail link; parent quiz content was already captured.,No action needed for the question URL itself.
access-0047,2053526,PHY-212,unauthorized,00714-phy-212-linked-detail-unauthorized,Unauthorized,https://canvas.oregonstate.edu/courses/2053526/quizzes/3169001/questions/59169187,quiz_question,59169187,quiz,3169001,,,obj-phy-212-quiz-3169001,M1-00asy: GENERAL PHYSICS WITH CALCULUS (PH_212_400_U2026),task-00419-phy-212-blocked-or-broken-m1-00asy-general-physics-with-calculus-ph-212-400-u2026,M1-00asy: GENERAL PHYSICS WITH CALCULUS (PH_212_400_U2026),,,,,00536-phy-212-linked-detail-m1-00asy-general-physics-with-calculus-ph-212-400-u2026|00711-phy-212-linked-detail-m1-00asy-general-physics-with-calculus-ph-212-400-u2026|00712-phy-212-linked-detail-jacob-peterson-s-quiz-history-m1-00asy|00713-phy-212-linked-detail-m1-00asy-general-physics-with-calculus-ph-212-400-u2026|00714-phy-212-linked-detail-unauthorized,Jacob Peterson's Quiz History: M1-00asy|M1-00asy: GENERAL PHYSICS WITH CALCULUS (PH_212_400_U2026)|Unauthorized,Close|Help|History|Skip To Content,,,internal_canvas_question_url,Question-level Canvas URL came from a captured quiz page; the student-facing parent quiz is already captured.,no,high,No separate retry needed unless parent quiz content is incomplete.,resolved_internal_question_link,Question URL is an internal Canvas edit/detail link; parent quiz content was already captured.,No action needed for the question URL itself.
access-0048,2053526,PHY-212,unauthorized,00715-phy-212-linked-detail-unauthorized,Unauthorized,https://canvas.oregonstate.edu/courses/2053526/quizzes/3169001/questions/59174672,quiz_question,59174672,quiz,3169001,,,obj-phy-212-quiz-3169001,M1-00asy: GENERAL PHYSICS WITH CALCULUS (PH_212_400_U2026),task-00419-phy-212-blocked-or-broken-m1-00asy-general-physics-with-calculus-ph-212-400-u2026,M1-00asy: GENERAL PHYSICS WITH CALCULUS (PH_212_400_U2026),,,,,00536-phy-212-linked-detail-m1-00asy-general-physics-with-calculus-ph-212-400-u2026|00711-phy-212-linked-detail-m1-00asy-general-physics-with-calculus-ph-212-400-u2026|00712-phy-212-linked-detail-jacob-peterson-s-quiz-history-m1-00asy|00713-phy-212-linked-detail-m1-00asy-general-physics-with-calculus-ph-212-400-u2026|00715-phy-212-linked-detail-unauthorized,Jacob Peterson's Quiz History: M1-00asy|M1-00asy: GENERAL PHYSICS WITH CALCULUS (PH_212_400_U2026)|Unauthorized,Close|Help|History|Skip To Content,,,internal_canvas_question_url,Question-level Canvas URL came from a captured quiz page; the student-facing parent quiz is already captured.,no,high,No separate retry needed unless parent quiz content is incomplete.,resolved_internal_question_link,Question URL is an internal Canvas edit/detail link; parent quiz content was already captured.,No action needed for the question URL itself.
access-0049,2053526,PHY-212,unauthorized,00716-phy-212-linked-detail-unauthorized,Unauthorized,https://canvas.oregonstate.edu/courses/2053526/quizzes/3169001/questions/59174670,quiz_question,59174670,quiz,3169001,,,obj-phy-212-quiz-3169001,M1-00asy: GENERAL PHYSICS WITH CALCULUS (PH_212_400_U2026),task-00419-phy-212-blocked-or-broken-m1-00asy-general-physics-with-calculus-ph-212-400-u2026,M1-00asy: GENERAL PHYSICS WITH CALCULUS (PH_212_400_U2026),,,,,00536-phy-212-linked-detail-m1-00asy-general-physics-with-calculus-ph-212-400-u2026|00711-phy-212-linked-detail-m1-00asy-general-physics-with-calculus-ph-212-400-u2026|00712-phy-212-linked-detail-jacob-peterson-s-quiz-history-m1-00asy|00713-phy-212-linked-detail-m1-00asy-general-physics-with-calculus-ph-212-400-u2026|00716-phy-212-linked-detail-unauthorized,Jacob Peterson's Quiz History: M1-00asy|M1-00asy: GENERAL PHYSICS WITH CALCULUS (PH_212_400_U2026)|Unauthorized,Close|Help|History|Skip To Content,,,internal_canvas_question_url,Question-level Canvas URL came from a captured quiz page; the student-facing parent quiz is already captured.,no,high,No separate retry needed unless parent quiz content is incomplete.,resolved_internal_question_link,Question URL is an internal Canvas edit/detail link; parent quiz content was already captured.,No action needed for the question URL itself.
access-0050,2053526,PHY-212,unauthorized,00717-phy-212-linked-detail-unauthorized,Unauthorized,https://canvas.oregonstate.edu/courses/2053526/quizzes/3169001/questions/59174671,quiz_question,59174671,quiz,3169001,,,obj-phy-212-quiz-3169001,M1-00asy: GENERAL PHYSICS WITH CALCULUS (PH_212_400_U2026),task-00419-phy-212-blocked-or-broken-m1-00asy-general-physics-with-calculus-ph-212-400-u2026,M1-00asy: GENERAL PHYSICS WITH CALCULUS (PH_212_400_U2026),,,,,00536-phy-212-linked-detail-m1-00asy-general-physics-with-calculus-ph-212-400-u2026|00711-phy-212-linked-detail-m1-00asy-general-physics-with-calculus-ph-212-400-u2026|00712-phy-212-linked-detail-jacob-peterson-s-quiz-history-m1-00asy|00713-phy-212-linked-detail-m1-00asy-general-physics-with-calculus-ph-212-400-u2026|00717-phy-212-linked-detail-unauthorized,Jacob Peterson's Quiz History: M1-00asy|M1-00asy: GENERAL PHYSICS WITH CALCULUS (PH_212_400_U2026)|Unauthorized,Close|Help|History|Skip To Content,,,internal_canvas_question_url,Question-level Canvas URL came from a captured quiz page; the student-facing parent quiz is already captured.,no,high,No separate retry needed unless parent quiz content is incomplete.,resolved_internal_question_link,Question URL is an internal Canvas edit/detail link; parent quiz content was already captured.,No action needed for the question URL itself.
access-0051,2053526,PHY-212,unauthorized,00721-phy-212-linked-detail-unauthorized,Unauthorized,https://canvas.oregonstate.edu/courses/2053526/quizzes/3160454/questions/59026073,quiz_question,59026073,quiz,3160454,,,obj-phy-212-quiz-3160454,M1-1asy: GENERAL PHYSICS WITH CALCULUS (PH_212_400_U2026),task-00421-phy-212-blocked-or-broken-m1-1asy-general-physics-with-calculus-ph-212-400-u2026,M1-1asy: GENERAL PHYSICS WITH CALCULUS (PH_212_400_U2026),,,,,00537-phy-212-linked-detail-m1-1asy-general-physics-with-calculus-ph-212-400-u2026|00719-phy-212-linked-detail-m1-1asy-general-physics-with-calculus-ph-212-400-u2026|00720-phy-212-linked-detail-jacob-peterson-s-quiz-history-m1-1asy|00721-phy-212-linked-detail-unauthorized,Jacob Peterson's Quiz History: M1-1asy|M1-1asy: GENERAL PHYSICS WITH CALCULUS (PH_212_400_U2026)|Unauthorized,Close|Help|History|Skip To Content,,,internal_canvas_question_url,Question-level Canvas URL came from a captured quiz page; the student-facing parent quiz is already captured.,no,high,No separate retry needed unless parent quiz content is incomplete.,resolved_internal_question_link,Question URL is an internal Canvas edit/detail link; parent quiz content was already captured.,No action needed for the question URL itself.
access-0052,2053526,PHY-212,unauthorized,00722-phy-212-linked-detail-unauthorized,Unauthorized,https://canvas.oregonstate.edu/courses/2053526/quizzes/3160454/questions/59176462,quiz_question,59176462,quiz,3160454,,,obj-phy-212-quiz-3160454,M1-1asy: GENERAL PHYSICS WITH CALCULUS (PH_212_400_U2026),task-00421-phy-212-blocked-or-broken-m1-1asy-general-physics-with-calculus-ph-212-400-u2026,M1-1asy: GENERAL PHYSICS WITH CALCULUS (PH_212_400_U2026),,,,,00537-phy-212-linked-detail-m1-1asy-general-physics-with-calculus-ph-212-400-u2026|00719-phy-212-linked-detail-m1-1asy-general-physics-with-calculus-ph-212-400-u2026|00720-phy-212-linked-detail-jacob-peterson-s-quiz-history-m1-1asy|00722-phy-212-linked-detail-unauthorized,Jacob Peterson's Quiz History: M1-1asy|M1-1asy: GENERAL PHYSICS WITH CALCULUS (PH_212_400_U2026)|Unauthorized,Close|Help|History|Skip To Content,,,internal_canvas_question_url,Question-level Canvas URL came from a captured quiz page; the student-facing parent quiz is already captured.,no,high,No separate retry needed unless parent quiz content is incomplete.,resolved_internal_question_link,Question URL is an internal Canvas edit/detail link; parent quiz content was already captured.,No action needed for the question URL itself.
access-0053,2053526,PHY-212,unauthorized,00723-phy-212-linked-detail-unauthorized,Unauthorized,https://canvas.oregonstate.edu/courses/2053526/quizzes/3160454/questions/59176463,quiz_question,59176463,quiz,3160454,,,obj-phy-212-quiz-3160454,M1-1asy: GENERAL PHYSICS WITH CALCULUS (PH_212_400_U2026),task-00421-phy-212-blocked-or-broken-m1-1asy-general-physics-with-calculus-ph-212-400-u2026,M1-1asy: GENERAL PHYSICS WITH CALCULUS (PH_212_400_U2026),,,,,00537-phy-212-linked-detail-m1-1asy-general-physics-with-calculus-ph-212-400-u2026|00719-phy-212-linked-detail-m1-1asy-general-physics-with-calculus-ph-212-400-u2026|00720-phy-212-linked-detail-jacob-peterson-s-quiz-history-m1-1asy|00723-phy-212-linked-detail-unauthorized,Jacob Peterson's Quiz History: M1-1asy|M1-1asy: GENERAL PHYSICS WITH CALCULUS (PH_212_400_U2026)|Unauthorized,Close|Help|History|Skip To Content,,,internal_canvas_question_url,Question-level Canvas URL came from a captured quiz page; the student-facing parent quiz is already captured.,no,high,No separate retry needed unless parent quiz content is incomplete.,resolved_internal_question_link,Question URL is an internal Canvas edit/detail link; parent quiz content was already captured.,No action needed for the question URL itself.
access-0054,2053526,PHY-212,unauthorized,00724-phy-212-linked-detail-unauthorized,Unauthorized,https://canvas.oregonstate.edu/courses/2053526/quizzes/3160454/questions/59026074,quiz_question,59026074,quiz,3160454,,,obj-phy-212-quiz-3160454,M1-1asy: GENERAL PHYSICS WITH CALCULUS (PH_212_400_U2026),task-00421-phy-212-blocked-or-broken-m1-1asy-general-physics-with-calculus-ph-212-400-u2026,M1-1asy: GENERAL PHYSICS WITH CALCULUS (PH_212_400_U2026),,,,,00537-phy-212-linked-detail-m1-1asy-general-physics-with-calculus-ph-212-400-u2026|00719-phy-212-linked-detail-m1-1asy-general-physics-with-calculus-ph-212-400-u2026|00720-phy-212-linked-detail-jacob-peterson-s-quiz-history-m1-1asy|00724-phy-212-linked-detail-unauthorized,Jacob Peterson's Quiz History: M1-1asy|M1-1asy: GENERAL PHYSICS WITH CALCULUS (PH_212_400_U2026)|Unauthorized,Close|Help|History|Skip To Content,,,internal_canvas_question_url,Question-level Canvas URL came from a captured quiz page; the student-facing parent quiz is already captured.,no,high,No separate retry needed unless parent quiz content is incomplete.,resolved_internal_question_link,Question URL is an internal Canvas edit/detail link; parent quiz content was already captured.,No action needed for the question URL itself.
access-0055,2053526,PHY-212,unauthorized,00725-phy-212-linked-detail-unauthorized,Unauthorized,https://canvas.oregonstate.edu/courses/2053526/quizzes/3160454/questions/59026075,quiz_question,59026075,quiz,3160454,,,obj-phy-212-quiz-3160454,M1-1asy: GENERAL PHYSICS WITH CALCULUS (PH_212_400_U2026),task-00421-phy-212-blocked-or-broken-m1-1asy-general-physics-with-calculus-ph-212-400-u2026,M1-1asy: GENERAL PHYSICS WITH CALCULUS (PH_212_400_U2026),,,,,00537-phy-212-linked-detail-m1-1asy-general-physics-with-calculus-ph-212-400-u2026|00719-phy-212-linked-detail-m1-1asy-general-physics-with-calculus-ph-212-400-u2026|00720-phy-212-linked-detail-jacob-peterson-s-quiz-history-m1-1asy|00725-phy-212-linked-detail-unauthorized,Jacob Peterson's Quiz History: M1-1asy|M1-1asy: GENERAL PHYSICS WITH CALCULUS (PH_212_400_U2026)|Unauthorized,Close|Help|History|Skip To Content,,,internal_canvas_question_url,Question-level Canvas URL came from a captured quiz page; the student-facing parent quiz is already captured.,no,high,No separate retry needed unless parent quiz content is incomplete.,resolved_internal_question_link,Question URL is an internal Canvas edit/detail link; parent quiz content was already captured.,No action needed for the question URL itself.
access-0056,2053526,PHY-212,unauthorized,00727-phy-212-linked-detail-unauthorized,Unauthorized,https://canvas.oregonstate.edu/courses/2053526/quizzes/3160491/questions/59026256,quiz_question,59026256,quiz,3160491,,,obj-phy-212-quiz-3160491,M1-2asy: GENERAL PHYSICS WITH CALCULUS (PH_212_400_U2026),task-00423-phy-212-blocked-or-broken-m1-2asy-general-physics-with-calculus-ph-212-400-u2026,M1-2asy: GENERAL PHYSICS WITH CALCULUS (PH_212_400_U2026),,,,,00538-phy-212-linked-detail-m1-2asy-general-physics-with-calculus-ph-212-400-u2026|00726-phy-212-linked-detail-m1-2asy-general-physics-with-calculus-ph-212-400-u2026|00727-phy-212-linked-detail-unauthorized,M1-2asy: GENERAL PHYSICS WITH CALCULUS (PH_212_400_U2026)|Unauthorized,Close|Help|History|Skip To Content,,,internal_canvas_question_url,Question-level Canvas URL came from a captured quiz page; the student-facing parent quiz is already captured.,no,high,No separate retry needed unless parent quiz content is incomplete.,resolved_internal_question_link,Question URL is an internal Canvas edit/detail link; parent quiz content was already captured.,No action needed for the question URL itself.
access-0057,2053526,PHY-212,unauthorized,00728-phy-212-linked-detail-unauthorized,Unauthorized,https://canvas.oregonstate.edu/courses/2053526/quizzes/3160491/questions/59026257,quiz_question,59026257,quiz,3160491,,,obj-phy-212-quiz-3160491,M1-2asy: GENERAL PHYSICS WITH CALCULUS (PH_212_400_U2026),task-00423-phy-212-blocked-or-broken-m1-2asy-general-physics-with-calculus-ph-212-400-u2026,M1-2asy: GENERAL PHYSICS WITH CALCULUS (PH_212_400_U2026),,,,,00538-phy-212-linked-detail-m1-2asy-general-physics-with-calculus-ph-212-400-u2026|00726-phy-212-linked-detail-m1-2asy-general-physics-with-calculus-ph-212-400-u2026|00728-phy-212-linked-detail-unauthorized,M1-2asy: GENERAL PHYSICS WITH CALCULUS (PH_212_400_U2026)|Unauthorized,Close|Help|History|Skip To Content,,,internal_canvas_question_url,Question-level Canvas URL came from a captured quiz page; the student-facing parent quiz is already captured.,no,high,No separate retry needed unless parent quiz content is incomplete.,resolved_internal_question_link,Question URL is an internal Canvas edit/detail link; parent quiz content was already captured.,No action needed for the question URL itself.
access-0058,2053526,PHY-212,unauthorized,00729-phy-212-linked-detail-unauthorized,Unauthorized,https://canvas.oregonstate.edu/courses/2053526/quizzes/3160491/questions/59026258,quiz_question,59026258,quiz,3160491,,,obj-phy-212-quiz-3160491,M1-2asy: GENERAL PHYSICS WITH CALCULUS (PH_212_400_U2026),task-00423-phy-212-blocked-or-broken-m1-2asy-general-physics-with-calculus-ph-212-400-u2026,M1-2asy: GENERAL PHYSICS WITH CALCULUS (PH_212_400_U2026),,,,,00538-phy-212-linked-detail-m1-2asy-general-physics-with-calculus-ph-212-400-u2026|00726-phy-212-linked-detail-m1-2asy-general-physics-with-calculus-ph-212-400-u2026|00729-phy-212-linked-detail-unauthorized,M1-2asy: GENERAL PHYSICS WITH CALCULUS (PH_212_400_U2026)|Unauthorized,Close|Help|History|Skip To Content,,,internal_canvas_question_url,Question-level Canvas URL came from a captured quiz page; the student-facing parent quiz is already captured.,no,high,No separate retry needed unless parent quiz content is incomplete.,resolved_internal_question_link,Question URL is an internal Canvas edit/detail link; parent quiz content was already captured.,No action needed for the question URL itself.
access-0059,2053526,PHY-212,unauthorized,00730-phy-212-linked-detail-unauthorized,Unauthorized,https://canvas.oregonstate.edu/courses/2053526/quizzes/3160491/questions/59026259,quiz_question,59026259,quiz,3160491,,,obj-phy-212-quiz-3160491,M1-2asy: GENERAL PHYSICS WITH CALCULUS (PH_212_400_U2026),task-00423-phy-212-blocked-or-broken-m1-2asy-general-physics-with-calculus-ph-212-400-u2026,M1-2asy: GENERAL PHYSICS WITH CALCULUS (PH_212_400_U2026),,,,,00538-phy-212-linked-detail-m1-2asy-general-physics-with-calculus-ph-212-400-u2026|00726-phy-212-linked-detail-m1-2asy-general-physics-with-calculus-ph-212-400-u2026|00730-phy-212-linked-detail-unauthorized,M1-2asy: GENERAL PHYSICS WITH CALCULUS (PH_212_400_U2026)|Unauthorized,Close|Help|History|Skip To Content,,,internal_canvas_question_url,Question-level Canvas URL came from a captured quiz page; the student-facing parent quiz is already captured.,no,high,No separate retry needed unless parent quiz content is incomplete.,resolved_internal_question_link,Question URL is an internal Canvas edit/detail link; parent quiz content was already captured.,No action needed for the question URL itself.
access-0060,2053526,PHY-212,unauthorized,00731-phy-212-linked-detail-unauthorized,Unauthorized,https://canvas.oregonstate.edu/courses/2053526/quizzes/3160491/questions/59178579,quiz_question,59178579,quiz,3160491,,,obj-phy-212-quiz-3160491,M1-2asy: GENERAL PHYSICS WITH CALCULUS (PH_212_400_U2026),task-00423-phy-212-blocked-or-broken-m1-2asy-general-physics-with-calculus-ph-212-400-u2026,M1-2asy: GENERAL PHYSICS WITH CALCULUS (PH_212_400_U2026),,,,,00538-phy-212-linked-detail-m1-2asy-general-physics-with-calculus-ph-212-400-u2026|00726-phy-212-linked-detail-m1-2asy-general-physics-with-calculus-ph-212-400-u2026|00731-phy-212-linked-detail-unauthorized,M1-2asy: GENERAL PHYSICS WITH CALCULUS (PH_212_400_U2026)|Unauthorized,Close|Help|History|Skip To Content,,,internal_canvas_question_url,Question-level Canvas URL came from a captured quiz page; the student-facing parent quiz is already captured.,no,high,No separate retry needed unless parent quiz content is incomplete.,resolved_internal_question_link,Question URL is an internal Canvas edit/detail link; parent quiz content was already captured.,No action needed for the question URL itself.
access-0061,2053526,PHY-212,unauthorized,00732-phy-212-linked-detail-unauthorized,Unauthorized,https://canvas.oregonstate.edu/courses/2053526/quizzes/3160491/questions/59026260,quiz_question,59026260,quiz,3160491,,,obj-phy-212-quiz-3160491,M1-2asy: GENERAL PHYSICS WITH CALCULUS (PH_212_400_U2026),task-00423-phy-212-blocked-or-broken-m1-2asy-general-physics-with-calculus-ph-212-400-u2026,M1-2asy: GENERAL PHYSICS WITH CALCULUS (PH_212_400_U2026),,,,,00538-phy-212-linked-detail-m1-2asy-general-physics-with-calculus-ph-212-400-u2026|00726-phy-212-linked-detail-m1-2asy-general-physics-with-calculus-ph-212-400-u2026|00732-phy-212-linked-detail-unauthorized,M1-2asy: GENERAL PHYSICS WITH CALCULUS (PH_212_400_U2026)|Unauthorized,Close|Help|History|Skip To Content,,,internal_canvas_question_url,Question-level Canvas URL came from a captured quiz page; the student-facing parent quiz is already captured.,no,high,No separate retry needed unless parent quiz content is incomplete.,resolved_internal_question_link,Question URL is an internal Canvas edit/detail link; parent quiz content was already captured.,No action needed for the question URL itself.
access-0062,2053526,PHY-212,unauthorized,00733-phy-212-linked-detail-unauthorized,Unauthorized,https://canvas.oregonstate.edu/courses/2053526/quizzes/3160491/questions/59026261,quiz_question,59026261,quiz,3160491,,,obj-phy-212-quiz-3160491,M1-2asy: GENERAL PHYSICS WITH CALCULUS (PH_212_400_U2026),task-00423-phy-212-blocked-or-broken-m1-2asy-general-physics-with-calculus-ph-212-400-u2026,M1-2asy: GENERAL PHYSICS WITH CALCULUS (PH_212_400_U2026),,,,,00538-phy-212-linked-detail-m1-2asy-general-physics-with-calculus-ph-212-400-u2026|00726-phy-212-linked-detail-m1-2asy-general-physics-with-calculus-ph-212-400-u2026|00733-phy-212-linked-detail-unauthorized,M1-2asy: GENERAL PHYSICS WITH CALCULUS (PH_212_400_U2026)|Unauthorized,Close|Help|History|Skip To Content,,,internal_canvas_question_url,Question-level Canvas URL came from a captured quiz page; the student-facing parent quiz is already captured.,no,high,No separate retry needed unless parent quiz content is incomplete.,resolved_internal_question_link,Question URL is an internal Canvas edit/detail link; parent quiz content was already captured.,No action needed for the question URL itself.
access-0063,2053526,PHY-212,unauthorized,00736-phy-212-linked-detail-unauthorized,Unauthorized,https://canvas.oregonstate.edu/courses/2053526/quizzes/3160508/questions/59026315,quiz_question,59026315,quiz,3160508,,,obj-phy-212-quiz-3160508,M1-3asy: GENERAL PHYSICS WITH CALCULUS (PH_212_400_U2026),task-00425-phy-212-blocked-or-broken-m1-3asy-general-physics-with-calculus-ph-212-400-u2026,M1-3asy: GENERAL PHYSICS WITH CALCULUS (PH_212_400_U2026),,,,,00539-phy-212-linked-detail-m1-3asy-general-physics-with-calculus-ph-212-400-u2026|00734-phy-212-linked-detail-m1-3asy-general-physics-with-calculus-ph-212-400-u2026|00735-phy-212-linked-detail-jacob-peterson-s-quiz-history-m1-3asy|00736-phy-212-linked-detail-unauthorized,Jacob Peterson's Quiz History: M1-3asy|M1-3asy: GENERAL PHYSICS WITH CALCULUS (PH_212_400_U2026)|Unauthorized,Close|Help|History|Skip To Content,,,internal_canvas_question_url,Question-level Canvas URL came from a captured quiz page; the student-facing parent quiz is already captured.,no,high,No separate retry needed unless parent quiz content is incomplete.,resolved_internal_question_link,Question URL is an internal Canvas edit/detail link; parent quiz content was already captured.,No action needed for the question URL itself.
access-0064,2053526,PHY-212,unauthorized,00737-phy-212-linked-detail-unauthorized,Unauthorized,https://canvas.oregonstate.edu/courses/2053526/quizzes/3160508/questions/59026316,quiz_question,59026316,quiz,3160508,,,obj-phy-212-quiz-3160508,M1-3asy: GENERAL PHYSICS WITH CALCULUS (PH_212_400_U2026),task-00425-phy-212-blocked-or-broken-m1-3asy-general-physics-with-calculus-ph-212-400-u2026,M1-3asy: GENERAL PHYSICS WITH CALCULUS (PH_212_400_U2026),,,,,00539-phy-212-linked-detail-m1-3asy-general-physics-with-calculus-ph-212-400-u2026|00734-phy-212-linked-detail-m1-3asy-general-physics-with-calculus-ph-212-400-u2026|00735-phy-212-linked-detail-jacob-peterson-s-quiz-history-m1-3asy|00737-phy-212-linked-detail-unauthorized,Jacob Peterson's Quiz History: M1-3asy|M1-3asy: GENERAL PHYSICS WITH CALCULUS (PH_212_400_U2026)|Unauthorized,Close|Help|History|Skip To Content,,,internal_canvas_question_url,Question-level Canvas URL came from a captured quiz page; the student-facing parent quiz is already captured.,no,high,No separate retry needed unless parent quiz content is incomplete.,resolved_internal_question_link,Question URL is an internal Canvas edit/detail link; parent quiz content was already captured.,No action needed for the question URL itself.
access-0065,2053526,PHY-212,unauthorized,00738-phy-212-linked-detail-unauthorized,Unauthorized,https://canvas.oregonstate.edu/courses/2053526/quizzes/3160508/questions/59026317,quiz_question,59026317,quiz,3160508,,,obj-phy-212-quiz-3160508,M1-3asy: GENERAL PHYSICS WITH CALCULUS (PH_212_400_U2026),task-00425-phy-212-blocked-or-broken-m1-3asy-general-physics-with-calculus-ph-212-400-u2026,M1-3asy: GENERAL PHYSICS WITH CALCULUS (PH_212_400_U2026),,,,,00539-phy-212-linked-detail-m1-3asy-general-physics-with-calculus-ph-212-400-u2026|00734-phy-212-linked-detail-m1-3asy-general-physics-with-calculus-ph-212-400-u2026|00735-phy-212-linked-detail-jacob-peterson-s-quiz-history-m1-3asy|00738-phy-212-linked-detail-unauthorized,Jacob Peterson's Quiz History: M1-3asy|M1-3asy: GENERAL PHYSICS WITH CALCULUS (PH_212_400_U2026)|Unauthorized,Close|Help|History|Skip To Content,,,internal_canvas_question_url,Question-level Canvas URL came from a captured quiz page; the student-facing parent quiz is already captured.,no,high,No separate retry needed unless parent quiz content is incomplete.,resolved_internal_question_link,Question URL is an internal Canvas edit/detail link; parent quiz content was already captured.,No action needed for the question URL itself.
access-0066,2053526,PHY-212,unauthorized,00739-phy-212-linked-detail-unauthorized,Unauthorized,https://canvas.oregonstate.edu/courses/2053526/quizzes/3160508/questions/59026318,quiz_question,59026318,quiz,3160508,,,obj-phy-212-quiz-3160508,M1-3asy: GENERAL PHYSICS WITH CALCULUS (PH_212_400_U2026),task-00425-phy-212-blocked-or-broken-m1-3asy-general-physics-with-calculus-ph-212-400-u2026,M1-3asy: GENERAL PHYSICS WITH CALCULUS (PH_212_400_U2026),,,,,00539-phy-212-linked-detail-m1-3asy-general-physics-with-calculus-ph-212-400-u2026|00734-phy-212-linked-detail-m1-3asy-general-physics-with-calculus-ph-212-400-u2026|00735-phy-212-linked-detail-jacob-peterson-s-quiz-history-m1-3asy|00739-phy-212-linked-detail-unauthorized,Jacob Peterson's Quiz History: M1-3asy|M1-3asy: GENERAL PHYSICS WITH CALCULUS (PH_212_400_U2026)|Unauthorized,Close|Help|History|Skip To Content,,,internal_canvas_question_url,Question-level Canvas URL came from a captured quiz page; the student-facing parent quiz is already captured.,no,high,No separate retry needed unless parent quiz content is incomplete.,resolved_internal_question_link,Question URL is an internal Canvas edit/detail link; parent quiz content was already captured.,No action needed for the question URL itself.
access-0067,2053526,PHY-212,unauthorized,00740-phy-212-linked-detail-unauthorized,Unauthorized,https://canvas.oregonstate.edu/courses/2053526/quizzes/3160508/questions/59026319,quiz_question,59026319,quiz,3160508,,,obj-phy-212-quiz-3160508,M1-3asy: GENERAL PHYSICS WITH CALCULUS (PH_212_400_U2026),task-00425-phy-212-blocked-or-broken-m1-3asy-general-physics-with-calculus-ph-212-400-u2026,M1-3asy: GENERAL PHYSICS WITH CALCULUS (PH_212_400_U2026),,,,,00539-phy-212-linked-detail-m1-3asy-general-physics-with-calculus-ph-212-400-u2026|00734-phy-212-linked-detail-m1-3asy-general-physics-with-calculus-ph-212-400-u2026|00735-phy-212-linked-detail-jacob-peterson-s-quiz-history-m1-3asy|00740-phy-212-linked-detail-unauthorized,Jacob Peterson's Quiz History: M1-3asy|M1-3asy: GENERAL PHYSICS WITH CALCULUS (PH_212_400_U2026)|Unauthorized,Close|Help|History|Skip To Content,,,internal_canvas_question_url,Question-level Canvas URL came from a captured quiz page; the student-facing parent quiz is already captured.,no,high,No separate retry needed unless parent quiz content is incomplete.,resolved_internal_question_link,Question URL is an internal Canvas edit/detail link; parent quiz content was already captured.,No action needed for the question URL itself.
access-0068,2053526,PHY-212,unauthorized,00741-phy-212-linked-detail-unauthorized,Unauthorized,https://canvas.oregonstate.edu/courses/2053526/quizzes/3160508/questions/59026320,quiz_question,59026320,quiz,3160508,,,obj-phy-212-quiz-3160508,M1-3asy: GENERAL PHYSICS WITH CALCULUS (PH_212_400_U2026),task-00425-phy-212-blocked-or-broken-m1-3asy-general-physics-with-calculus-ph-212-400-u2026,M1-3asy: GENERAL PHYSICS WITH CALCULUS (PH_212_400_U2026),,,,,00539-phy-212-linked-detail-m1-3asy-general-physics-with-calculus-ph-212-400-u2026|00734-phy-212-linked-detail-m1-3asy-general-physics-with-calculus-ph-212-400-u2026|00735-phy-212-linked-detail-jacob-peterson-s-quiz-history-m1-3asy|00741-phy-212-linked-detail-unauthorized,Jacob Peterson's Quiz History: M1-3asy|M1-3asy: GENERAL PHYSICS WITH CALCULUS (PH_212_400_U2026)|Unauthorized,Close|Help|History|Skip To Content,,,internal_canvas_question_url,Question-level Canvas URL came from a captured quiz page; the student-facing parent quiz is already captured.,no,high,No separate retry needed unless parent quiz content is incomplete.,resolved_internal_question_link,Question URL is an internal Canvas edit/detail link; parent quiz content was already captured.,No action needed for the question URL itself.
access-0069,2053526,PHY-212,unauthorized,00742-phy-212-linked-detail-unauthorized,Unauthorized,https://canvas.oregonstate.edu/courses/2053526/quizzes/3160508/questions/59026321,quiz_question,59026321,quiz,3160508,,,obj-phy-212-quiz-3160508,M1-3asy: GENERAL PHYSICS WITH CALCULUS (PH_212_400_U2026),task-00425-phy-212-blocked-or-broken-m1-3asy-general-physics-with-calculus-ph-212-400-u2026,M1-3asy: GENERAL PHYSICS WITH CALCULUS (PH_212_400_U2026),,,,,00539-phy-212-linked-detail-m1-3asy-general-physics-with-calculus-ph-212-400-u2026|00734-phy-212-linked-detail-m1-3asy-general-physics-with-calculus-ph-212-400-u2026|00735-phy-212-linked-detail-jacob-peterson-s-quiz-history-m1-3asy|00742-phy-212-linked-detail-unauthorized,Jacob Peterson's Quiz History: M1-3asy|M1-3asy: GENERAL PHYSICS WITH CALCULUS (PH_212_400_U2026)|Unauthorized,Close|Help|History|Skip To Content,,,internal_canvas_question_url,Question-level Canvas URL came from a captured quiz page; the student-facing parent quiz is already captured.,no,high,No separate retry needed unless parent quiz content is incomplete.,resolved_internal_question_link,Question URL is an internal Canvas edit/detail link; parent quiz content was already captured.,No action needed for the question URL itself.
access-0070,2053526,PHY-212,unauthorized,00744-phy-212-linked-detail-unauthorized,Unauthorized,https://canvas.oregonstate.edu/courses/2053526/quizzes/3160457/questions/59026083,quiz_question,59026083,quiz,3160457,,,obj-phy-212-quiz-3160457,M1-4asy: GENERAL PHYSICS WITH CALCULUS (PH_212_400_U2026),task-00427-phy-212-blocked-or-broken-m1-4asy-general-physics-with-calculus-ph-212-400-u2026,M1-4asy: GENERAL PHYSICS WITH CALCULUS (PH_212_400_U2026),,,,,00540-phy-212-linked-detail-m1-4asy-general-physics-with-calculus-ph-212-400-u2026|00743-phy-212-linked-detail-m1-4asy-general-physics-with-calculus-ph-212-400-u2026|00744-phy-212-linked-detail-unauthorized,M1-4asy: GENERAL PHYSICS WITH CALCULUS (PH_212_400_U2026)|Unauthorized,Close|Help|History|Skip To Content,,,internal_canvas_question_url,Question-level Canvas URL came from a captured quiz page; the student-facing parent quiz is already captured.,no,high,No separate retry needed unless parent quiz content is incomplete.,resolved_internal_question_link,Question URL is an internal Canvas edit/detail link; parent quiz content was already captured.,No action needed for the question URL itself.
access-0071,2053526,PHY-212,unauthorized,00745-phy-212-linked-detail-unauthorized,Unauthorized,https://canvas.oregonstate.edu/courses/2053526/quizzes/3160457/questions/59026082,quiz_question,59026082,quiz,3160457,,,obj-phy-212-quiz-3160457,M1-4asy: GENERAL PHYSICS WITH CALCULUS (PH_212_400_U2026),task-00427-phy-212-blocked-or-broken-m1-4asy-general-physics-with-calculus-ph-212-400-u2026,M1-4asy: GENERAL PHYSICS WITH CALCULUS (PH_212_400_U2026),,,,,00540-phy-212-linked-detail-m1-4asy-general-physics-with-calculus-ph-212-400-u2026|00743-phy-212-linked-detail-m1-4asy-general-physics-with-calculus-ph-212-400-u2026|00745-phy-212-linked-detail-unauthorized,M1-4asy: GENERAL PHYSICS WITH CALCULUS (PH_212_400_U2026)|Unauthorized,Close|Help|History|Skip To Content,,,internal_canvas_question_url,Question-level Canvas URL came from a captured quiz page; the student-facing parent quiz is already captured.,no,high,No separate retry needed unless parent quiz content is incomplete.,resolved_internal_question_link,Question URL is an internal Canvas edit/detail link; parent quiz content was already captured.,No action needed for the question URL itself.
access-0072,2053526,PHY-212,unauthorized,00746-phy-212-linked-detail-unauthorized,Unauthorized,https://canvas.oregonstate.edu/courses/2053526/quizzes/3160457/questions/59026084,quiz_question,59026084,quiz,3160457,,,obj-phy-212-quiz-3160457,M1-4asy: GENERAL PHYSICS WITH CALCULUS (PH_212_400_U2026),task-00427-phy-212-blocked-or-broken-m1-4asy-general-physics-with-calculus-ph-212-400-u2026,M1-4asy: GENERAL PHYSICS WITH CALCULUS (PH_212_400_U2026),,,,,00540-phy-212-linked-detail-m1-4asy-general-physics-with-calculus-ph-212-400-u2026|00743-phy-212-linked-detail-m1-4asy-general-physics-with-calculus-ph-212-400-u2026|00746-phy-212-linked-detail-unauthorized,M1-4asy: GENERAL PHYSICS WITH CALCULUS (PH_212_400_U2026)|Unauthorized,Close|Help|History|Skip To Content,,,internal_canvas_question_url,Question-level Canvas URL came from a captured quiz page; the student-facing parent quiz is already captured.,no,high,No separate retry needed unless parent quiz content is incomplete.,resolved_internal_question_link,Question URL is an internal Canvas edit/detail link; parent quiz content was already captured.,No action needed for the question URL itself.
access-0073,2053526,PHY-212,unauthorized,00747-phy-212-linked-detail-unauthorized,Unauthorized,https://canvas.oregonstate.edu/courses/2053526/quizzes/3160457/questions/59186604,quiz_question,59186604,quiz,3160457,,,obj-phy-212-quiz-3160457,M1-4asy: GENERAL PHYSICS WITH CALCULUS (PH_212_400_U2026),task-00427-phy-212-blocked-or-broken-m1-4asy-general-physics-with-calculus-ph-212-400-u2026,M1-4asy: GENERAL PHYSICS WITH CALCULUS (PH_212_400_U2026),,,,,00540-phy-212-linked-detail-m1-4asy-general-physics-with-calculus-ph-212-400-u2026|00743-phy-212-linked-detail-m1-4asy-general-physics-with-calculus-ph-212-400-u2026|00747-phy-212-linked-detail-unauthorized,M1-4asy: GENERAL PHYSICS WITH CALCULUS (PH_212_400_U2026)|Unauthorized,Close|Help|History|Skip To Content,,,internal_canvas_question_url,Question-level Canvas URL came from a captured quiz page; the student-facing parent quiz is already captured.,no,high,No separate retry needed unless parent quiz content is incomplete.,resolved_internal_question_link,Question URL is an internal Canvas edit/detail link; parent quiz content was already captured.,No action needed for the question URL itself.
access-0074,2053526,PHY-212,unauthorized,00748-phy-212-linked-detail-unauthorized,Unauthorized,https://canvas.oregonstate.edu/courses/2053526/quizzes/3160457/questions/59186599,quiz_question,59186599,quiz,3160457,,,obj-phy-212-quiz-3160457,M1-4asy: GENERAL PHYSICS WITH CALCULUS (PH_212_400_U2026),task-00427-phy-212-blocked-or-broken-m1-4asy-general-physics-with-calculus-ph-212-400-u2026,M1-4asy: GENERAL PHYSICS WITH CALCULUS (PH_212_400_U2026),,,,,00540-phy-212-linked-detail-m1-4asy-general-physics-with-calculus-ph-212-400-u2026|00743-phy-212-linked-detail-m1-4asy-general-physics-with-calculus-ph-212-400-u2026|00748-phy-212-linked-detail-unauthorized,M1-4asy: GENERAL PHYSICS WITH CALCULUS (PH_212_400_U2026)|Unauthorized,Close|Help|History|Skip To Content,,,internal_canvas_question_url,Question-level Canvas URL came from a captured quiz page; the student-facing parent quiz is already captured.,no,high,No separate retry needed unless parent quiz content is incomplete.,resolved_internal_question_link,Question URL is an internal Canvas edit/detail link; parent quiz content was already captured.,No action needed for the question URL itself.
access-0075,2053526,PHY-212,unauthorized,00749-phy-212-linked-detail-unauthorized,Unauthorized,https://canvas.oregonstate.edu/courses/2053526/quizzes/3160457/questions/59186611,quiz_question,59186611,quiz,3160457,,,obj-phy-212-quiz-3160457,M1-4asy: GENERAL PHYSICS WITH CALCULUS (PH_212_400_U2026),task-00427-phy-212-blocked-or-broken-m1-4asy-general-physics-with-calculus-ph-212-400-u2026,M1-4asy: GENERAL PHYSICS WITH CALCULUS (PH_212_400_U2026),,,,,00540-phy-212-linked-detail-m1-4asy-general-physics-with-calculus-ph-212-400-u2026|00743-phy-212-linked-detail-m1-4asy-general-physics-with-calculus-ph-212-400-u2026|00749-phy-212-linked-detail-unauthorized,M1-4asy: GENERAL PHYSICS WITH CALCULUS (PH_212_400_U2026)|Unauthorized,Close|Help|History|Skip To Content,,,internal_canvas_question_url,Question-level Canvas URL came from a captured quiz page; the student-facing parent quiz is already captured.,no,high,No separate retry needed unless parent quiz content is incomplete.,resolved_internal_question_link,Question URL is an internal Canvas edit/detail link; parent quiz content was already captured.,No action needed for the question URL itself.
access-0076,2053526,PHY-212,unauthorized,00750-phy-212-linked-detail-unauthorized,Unauthorized,https://canvas.oregonstate.edu/courses/2053526/quizzes/3160457/questions/59026085,quiz_question,59026085,quiz,3160457,,,obj-phy-212-quiz-3160457,M1-4asy: GENERAL PHYSICS WITH CALCULUS (PH_212_400_U2026),task-00427-phy-212-blocked-or-broken-m1-4asy-general-physics-with-calculus-ph-212-400-u2026,M1-4asy: GENERAL PHYSICS WITH CALCULUS (PH_212_400_U2026),,,,,00540-phy-212-linked-detail-m1-4asy-general-physics-with-calculus-ph-212-400-u2026|00743-phy-212-linked-detail-m1-4asy-general-physics-with-calculus-ph-212-400-u2026|00750-phy-212-linked-detail-unauthorized,M1-4asy: GENERAL PHYSICS WITH CALCULUS (PH_212_400_U2026)|Unauthorized,Close|Help|History|Skip To Content,,,internal_canvas_question_url,Question-level Canvas URL came from a captured quiz page; the student-facing parent quiz is already captured.,no,high,No separate retry needed unless parent quiz content is incomplete.,resolved_internal_question_link,Question URL is an internal Canvas edit/detail link; parent quiz content was already captured.,No action needed for the question URL itself.
access-0077,2053526,PHY-212,unauthorized,00751-phy-212-linked-detail-unauthorized,Unauthorized,https://canvas.oregonstate.edu/courses/2053526/quizzes/3160457/questions/59026086,quiz_question,59026086,quiz,3160457,,,obj-phy-212-quiz-3160457,M1-4asy: GENERAL PHYSICS WITH CALCULUS (PH_212_400_U2026),task-00427-phy-212-blocked-or-broken-m1-4asy-general-physics-with-calculus-ph-212-400-u2026,M1-4asy: GENERAL PHYSICS WITH CALCULUS (PH_212_400_U2026),,,,,00540-phy-212-linked-detail-m1-4asy-general-physics-with-calculus-ph-212-400-u2026|00743-phy-212-linked-detail-m1-4asy-general-physics-with-calculus-ph-212-400-u2026|00751-phy-212-linked-detail-unauthorized,M1-4asy: GENERAL PHYSICS WITH CALCULUS (PH_212_400_U2026)|Unauthorized,Close|Help|History|Skip To Content,,,internal_canvas_question_url,Question-level Canvas URL came from a captured quiz page; the student-facing parent quiz is already captured.,no,high,No separate retry needed unless parent quiz content is incomplete.,resolved_internal_question_link,Question URL is an internal Canvas edit/detail link; parent quiz content was already captured.,No action needed for the question URL itself.
access-0078,2053526,PHY-212,unauthorized,00755-phy-212-linked-detail-unauthorized,Unauthorized,https://canvas.oregonstate.edu/courses/2053526/quizzes/3160528/questions/59026406,quiz_question,59026406,quiz,3160528,,,obj-phy-212-quiz-3160528,M1-5asy: GENERAL PHYSICS WITH CALCULUS (PH_212_400_U2026),task-00429-phy-212-blocked-or-broken-m1-5asy-general-physics-with-calculus-ph-212-400-u2026,M1-5asy: GENERAL PHYSICS WITH CALCULUS (PH_212_400_U2026),,,,,00541-phy-212-linked-detail-m1-5asy-general-physics-with-calculus-ph-212-400-u2026|00752-phy-212-linked-detail-m1-5asy-general-physics-with-calculus-ph-212-400-u2026|00753-phy-212-linked-detail-jacob-peterson-s-quiz-history-m1-5asy|00754-phy-212-linked-detail-m1-5asy-general-physics-with-calculus-ph-212-400-u2026|00755-phy-212-linked-detail-unauthorized,Jacob Peterson's Quiz History: M1-5asy|M1-5asy: GENERAL PHYSICS WITH CALCULUS (PH_212_400_U2026)|Unauthorized,Close|Help|History|Skip To Content,,,internal_canvas_question_url,Question-level Canvas URL came from a captured quiz page; the student-facing parent quiz is already captured.,no,high,No separate retry needed unless parent quiz content is incomplete.,resolved_internal_question_link,Question URL is an internal Canvas edit/detail link; parent quiz content was already captured.,No action needed for the question URL itself.
access-0079,2053526,PHY-212,unauthorized,00756-phy-212-linked-detail-unauthorized,Unauthorized,https://canvas.oregonstate.edu/courses/2053526/quizzes/3160528/questions/59026408,quiz_question,59026408,quiz,3160528,,,obj-phy-212-quiz-3160528,M1-5asy: GENERAL PHYSICS WITH CALCULUS (PH_212_400_U2026),task-00429-phy-212-blocked-or-broken-m1-5asy-general-physics-with-calculus-ph-212-400-u2026,M1-5asy: GENERAL PHYSICS WITH CALCULUS (PH_212_400_U2026),,,,,00541-phy-212-linked-detail-m1-5asy-general-physics-with-calculus-ph-212-400-u2026|00752-phy-212-linked-detail-m1-5asy-general-physics-with-calculus-ph-212-400-u2026|00753-phy-212-linked-detail-jacob-peterson-s-quiz-history-m1-5asy|00754-phy-212-linked-detail-m1-5asy-general-physics-with-calculus-ph-212-400-u2026|00756-phy-212-linked-detail-unauthorized,Jacob Peterson's Quiz History: M1-5asy|M1-5asy: GENERAL PHYSICS WITH CALCULUS (PH_212_400_U2026)|Unauthorized,Close|Help|History|Skip To Content,,,internal_canvas_question_url,Question-level Canvas URL came from a captured quiz page; the student-facing parent quiz is already captured.,no,high,No separate retry needed unless parent quiz content is incomplete.,resolved_internal_question_link,Question URL is an internal Canvas edit/detail link; parent quiz content was already captured.,No action needed for the question URL itself.
access-0080,2053526,PHY-212,unauthorized,00757-phy-212-linked-detail-unauthorized,Unauthorized,https://canvas.oregonstate.edu/courses/2053526/quizzes/3160528/questions/59026409,quiz_question,59026409,quiz,3160528,,,obj-phy-212-quiz-3160528,M1-5asy: GENERAL PHYSICS WITH CALCULUS (PH_212_400_U2026),task-00429-phy-212-blocked-or-broken-m1-5asy-general-physics-with-calculus-ph-212-400-u2026,M1-5asy: GENERAL PHYSICS WITH CALCULUS (PH_212_400_U2026),,,,,00541-phy-212-linked-detail-m1-5asy-general-physics-with-calculus-ph-212-400-u2026|00752-phy-212-linked-detail-m1-5asy-general-physics-with-calculus-ph-212-400-u2026|00753-phy-212-linked-detail-jacob-peterson-s-quiz-history-m1-5asy|00754-phy-212-linked-detail-m1-5asy-general-physics-with-calculus-ph-212-400-u2026|00757-phy-212-linked-detail-unauthorized,Jacob Peterson's Quiz History: M1-5asy|M1-5asy: GENERAL PHYSICS WITH CALCULUS (PH_212_400_U2026)|Unauthorized,Close|Help|History|Skip To Content,,,internal_canvas_question_url,Question-level Canvas URL came from a captured quiz page; the student-facing parent quiz is already captured.,no,high,No separate retry needed unless parent quiz content is incomplete.,resolved_internal_question_link,Question URL is an internal Canvas edit/detail link; parent quiz content was already captured.,No action needed for the question URL itself.
access-0081,2053526,PHY-212,unauthorized,00758-phy-212-linked-detail-unauthorized,Unauthorized,https://canvas.oregonstate.edu/courses/2053526/quizzes/3160528/questions/59026410,quiz_question,59026410,quiz,3160528,,,obj-phy-212-quiz-3160528,M1-5asy: GENERAL PHYSICS WITH CALCULUS (PH_212_400_U2026),task-00429-phy-212-blocked-or-broken-m1-5asy-general-physics-with-calculus-ph-212-400-u2026,M1-5asy: GENERAL PHYSICS WITH CALCULUS (PH_212_400_U2026),,,,,00541-phy-212-linked-detail-m1-5asy-general-physics-with-calculus-ph-212-400-u2026|00752-phy-212-linked-detail-m1-5asy-general-physics-with-calculus-ph-212-400-u2026|00753-phy-212-linked-detail-jacob-peterson-s-quiz-history-m1-5asy|00754-phy-212-linked-detail-m1-5asy-general-physics-with-calculus-ph-212-400-u2026|00758-phy-212-linked-detail-unauthorized,Jacob Peterson's Quiz History: M1-5asy|M1-5asy: GENERAL PHYSICS WITH CALCULUS (PH_212_400_U2026)|Unauthorized,Close|Help|History|Skip To Content,,,internal_canvas_question_url,Question-level Canvas URL came from a captured quiz page; the student-facing parent quiz is already captured.,no,high,No separate retry needed unless parent quiz content is incomplete.,resolved_internal_question_link,Question URL is an internal Canvas edit/detail link; parent quiz content was already captured.,No action needed for the question URL itself.
access-0082,2053526,PHY-212,unauthorized,00759-phy-212-linked-detail-unauthorized,Unauthorized,https://canvas.oregonstate.edu/courses/2053526/quizzes/3160528/questions/59026411,quiz_question,59026411,quiz,3160528,,,obj-phy-212-quiz-3160528,M1-5asy: GENERAL PHYSICS WITH CALCULUS (PH_212_400_U2026),task-00429-phy-212-blocked-or-broken-m1-5asy-general-physics-with-calculus-ph-212-400-u2026,M1-5asy: GENERAL PHYSICS WITH CALCULUS (PH_212_400_U2026),,,,,00541-phy-212-linked-detail-m1-5asy-general-physics-with-calculus-ph-212-400-u2026|00752-phy-212-linked-detail-m1-5asy-general-physics-with-calculus-ph-212-400-u2026|00753-phy-212-linked-detail-jacob-peterson-s-quiz-history-m1-5asy|00754-phy-212-linked-detail-m1-5asy-general-physics-with-calculus-ph-212-400-u2026|00759-phy-212-linked-detail-unauthorized,Jacob Peterson's Quiz History: M1-5asy|M1-5asy: GENERAL PHYSICS WITH CALCULUS (PH_212_400_U2026)|Unauthorized,Close|Help|History|Skip To Content,,,internal_canvas_question_url,Question-level Canvas URL came from a captured quiz page; the student-facing parent quiz is already captured.,no,high,No separate retry needed unless parent quiz content is incomplete.,resolved_internal_question_link,Question URL is an internal Canvas edit/detail link; parent quiz content was already captured.,No action needed for the question URL itself.
access-0083,2053526,PHY-212,unauthorized,00760-phy-212-linked-detail-unauthorized,Unauthorized,https://canvas.oregonstate.edu/courses/2053526/quizzes/3160528/questions/59026412,quiz_question,59026412,quiz,3160528,,,obj-phy-212-quiz-3160528,M1-5asy: GENERAL PHYSICS WITH CALCULUS (PH_212_400_U2026),task-00429-phy-212-blocked-or-broken-m1-5asy-general-physics-with-calculus-ph-212-400-u2026,M1-5asy: GENERAL PHYSICS WITH CALCULUS (PH_212_400_U2026),,,,,00541-phy-212-linked-detail-m1-5asy-general-physics-with-calculus-ph-212-400-u2026|00752-phy-212-linked-detail-m1-5asy-general-physics-with-calculus-ph-212-400-u2026|00753-phy-212-linked-detail-jacob-peterson-s-quiz-history-m1-5asy|00754-phy-212-linked-detail-m1-5asy-general-physics-with-calculus-ph-212-400-u2026|00760-phy-212-linked-detail-unauthorized,Jacob Peterson's Quiz History: M1-5asy|M1-5asy: GENERAL PHYSICS WITH CALCULUS (PH_212_400_U2026)|Unauthorized,Close|Help|History|Skip To Content,,,internal_canvas_question_url,Question-level Canvas URL came from a captured quiz page; the student-facing parent quiz is already captured.,no,high,No separate retry needed unless parent quiz content is incomplete.,resolved_internal_question_link,Question URL is an internal Canvas edit/detail link; parent quiz content was already captured.,No action needed for the question URL itself.
access-0084,2053526,PHY-212,unauthorized,00761-phy-212-linked-detail-unauthorized,Unauthorized,https://canvas.oregonstate.edu/courses/2053526/quizzes/3160528/questions/59026413,quiz_question,59026413,quiz,3160528,,,obj-phy-212-quiz-3160528,M1-5asy: GENERAL PHYSICS WITH CALCULUS (PH_212_400_U2026),task-00429-phy-212-blocked-or-broken-m1-5asy-general-physics-with-calculus-ph-212-400-u2026,M1-5asy: GENERAL PHYSICS WITH CALCULUS (PH_212_400_U2026),,,,,00541-phy-212-linked-detail-m1-5asy-general-physics-with-calculus-ph-212-400-u2026|00752-phy-212-linked-detail-m1-5asy-general-physics-with-calculus-ph-212-400-u2026|00753-phy-212-linked-detail-jacob-peterson-s-quiz-history-m1-5asy|00754-phy-212-linked-detail-m1-5asy-general-physics-with-calculus-ph-212-400-u2026|00761-phy-212-linked-detail-unauthorized,Jacob Peterson's Quiz History: M1-5asy|M1-5asy: GENERAL PHYSICS WITH CALCULUS (PH_212_400_U2026)|Unauthorized,Close|Help|History|Skip To Content,,,internal_canvas_question_url,Question-level Canvas URL came from a captured quiz page; the student-facing parent quiz is already captured.,no,high,No separate retry needed unless parent quiz content is incomplete.,resolved_internal_question_link,Question URL is an internal Canvas edit/detail link; parent quiz content was already captured.,No action needed for the question URL itself.
access-0085,2053526,PHY-212,unauthorized,00763-phy-212-linked-detail-unauthorized,Unauthorized,https://canvas.oregonstate.edu/courses/2053526/quizzes/3160453/questions/59026063,quiz_question,59026063,quiz,3160453,,,obj-phy-212-quiz-3160453,Quiz 1A_asy (Remotely Proctored): GENERAL PHYSICS WITH CALCULUS (PH_212_400_U2026),task-00460-phy-212-blocked-or-broken-quiz-1a-asy-remotely-proctored-general-physics-with-calculus-ph-212-400-u2026,Quiz 1A_asy (Remotely Proctored): GENERAL PHYSICS WITH CALCULUS (PH_212_400_U2026),,,,,00543-phy-212-linked-detail-quiz-1a-asy-remotely-proctored-general-physics-with-calculus-ph-212-400-u2026|00762-phy-212-linked-detail-jacob-peterson-s-quiz-history-quiz-1a-asy-remotely-proctored|00763-phy-212-linked-detail-unauthorized,Jacob Peterson's Quiz History: Quiz 1A_asy (Remotely Proctored)|Quiz 1A_asy (Remotely Proctored): GENERAL PHYSICS WITH CALCULUS (PH_212_400_U2026)|Unauthorized,Close|Help|History|Skip To Content,,,internal_canvas_question_url,Question-level Canvas URL came from a captured quiz page; the student-facing parent quiz is already captured.,no,high,No separate retry needed unless parent quiz content is incomplete.,resolved_internal_question_link,Question URL is an internal Canvas edit/detail link; parent quiz content was already captured.,No action needed for the question URL itself.
access-0086,2053526,PHY-212,unauthorized,00764-phy-212-linked-detail-unauthorized,Unauthorized,https://canvas.oregonstate.edu/courses/2053526/quizzes/3160453/questions/59026066,quiz_question,59026066,quiz,3160453,,,obj-phy-212-quiz-3160453,Quiz 1A_asy (Remotely Proctored): GENERAL PHYSICS WITH CALCULUS (PH_212_400_U2026),task-00460-phy-212-blocked-or-broken-quiz-1a-asy-remotely-proctored-general-physics-with-calculus-ph-212-400-u2026,Quiz 1A_asy (Remotely Proctored): GENERAL PHYSICS WITH CALCULUS (PH_212_400_U2026),,,,,00543-phy-212-linked-detail-quiz-1a-asy-remotely-proctored-general-physics-with-calculus-ph-212-400-u2026|00762-phy-212-linked-detail-jacob-peterson-s-quiz-history-quiz-1a-asy-remotely-proctored|00764-phy-212-linked-detail-unauthorized,Jacob Peterson's Quiz History: Quiz 1A_asy (Remotely Proctored)|Quiz 1A_asy (Remotely Proctored): GENERAL PHYSICS WITH CALCULUS (PH_212_400_U2026)|Unauthorized,Close|Help|History|Skip To Content,,,internal_canvas_question_url,Question-level Canvas URL came from a captured quiz page; the student-facing parent quiz is already captured.,no,high,No separate retry needed unless parent quiz content is incomplete.,resolved_internal_question_link,Question URL is an internal Canvas edit/detail link; parent quiz content was already captured.,No action needed for the question URL itself.
access-0087,2053526,PHY-212,unauthorized,00765-phy-212-linked-detail-unauthorized,Unauthorized,https://canvas.oregonstate.edu/courses/2053526/quizzes/3160453/questions/59026070,quiz_question,59026070,quiz,3160453,,,obj-phy-212-quiz-3160453,Quiz 1A_asy (Remotely Proctored): GENERAL PHYSICS WITH CALCULUS (PH_212_400_U2026),task-00460-phy-212-blocked-or-broken-quiz-1a-asy-remotely-proctored-general-physics-with-calculus-ph-212-400-u2026,Quiz 1A_asy (Remotely Proctored): GENERAL PHYSICS WITH CALCULUS (PH_212_400_U2026),,,,,00543-phy-212-linked-detail-quiz-1a-asy-remotely-proctored-general-physics-with-calculus-ph-212-400-u2026|00762-phy-212-linked-detail-jacob-peterson-s-quiz-history-quiz-1a-asy-remotely-proctored|00765-phy-212-linked-detail-unauthorized,Jacob Peterson's Quiz History: Quiz 1A_asy (Remotely Proctored)|Quiz 1A_asy (Remotely Proctored): GENERAL PHYSICS WITH CALCULUS (PH_212_400_U2026)|Unauthorized,Close|Help|History|Skip To Content,,,internal_canvas_question_url,Question-level Canvas URL came from a captured quiz page; the student-facing parent quiz is already captured.,no,high,No separate retry needed unless parent quiz content is incomplete.,resolved_internal_question_link,Question URL is an internal Canvas edit/detail link; parent quiz content was already captured.,No action needed for the question URL itself.
access-0088,2053526,PHY-212,unauthorized,00766-phy-212-linked-detail-unauthorized,Unauthorized,https://canvas.oregonstate.edu/courses/2053526/quizzes/3160453/questions/59026072,quiz_question,59026072,quiz,3160453,,,obj-phy-212-quiz-3160453,Quiz 1A_asy (Remotely Proctored): GENERAL PHYSICS WITH CALCULUS (PH_212_400_U2026),task-00460-phy-212-blocked-or-broken-quiz-1a-asy-remotely-proctored-general-physics-with-calculus-ph-212-400-u2026,Quiz 1A_asy (Remotely Proctored): GENERAL PHYSICS WITH CALCULUS (PH_212_400_U2026),,,,,00543-phy-212-linked-detail-quiz-1a-asy-remotely-proctored-general-physics-with-calculus-ph-212-400-u2026|00762-phy-212-linked-detail-jacob-peterson-s-quiz-history-quiz-1a-asy-remotely-proctored|00766-phy-212-linked-detail-unauthorized,Jacob Peterson's Quiz History: Quiz 1A_asy (Remotely Proctored)|Quiz 1A_asy (Remotely Proctored): GENERAL PHYSICS WITH CALCULUS (PH_212_400_U2026)|Unauthorized,Close|Help|History|Skip To Content,,,internal_canvas_question_url,Question-level Canvas URL came from a captured quiz page; the student-facing parent quiz is already captured.,no,high,No separate retry needed unless parent quiz content is incomplete.,resolved_internal_question_link,Question URL is an internal Canvas edit/detail link; parent quiz content was already captured.,No action needed for the question URL itself.
access-0089,2053526,PHY-212,unauthorized,00768-phy-212-linked-detail-unauthorized,Unauthorized,https://canvas.oregonstate.edu/courses/2053526/quizzes/3160494/questions/59026264,quiz_question,59026264,quiz,3160494,,,obj-phy-212-quiz-3160494,Quiz 1B_asy (Remotely Proctored): GENERAL PHYSICS WITH CALCULUS (PH_212_400_U2026),task-00461-phy-212-blocked-or-broken-quiz-1b-asy-remotely-proctored-general-physics-with-calculus-ph-212-400-u2026,Quiz 1B_asy (Remotely Proctored): GENERAL PHYSICS WITH CALCULUS (PH_212_400_U2026),,,,,00545-phy-212-linked-detail-quiz-1b-asy-remotely-proctored-general-physics-with-calculus-ph-212-400-u2026|00767-phy-212-linked-detail-quiz-1b-asy-remotely-proctored-general-physics-with-calculus-ph-212-400-u2026|00768-phy-212-linked-detail-unauthorized|00887-phy-212-linked-detail-jacob-peterson-s-quiz-history-quiz-1b-asy-remotely-proctored,Jacob Peterson's Quiz History: Quiz 1B_asy (Remotely Proctored)|Quiz 1B_asy (Remotely Proctored): GENERAL PHYSICS WITH CALCULUS (PH_212_400_U2026)|Unauthorized,Close|Help|History|Skip To Content,,,internal_canvas_question_url,Question-level Canvas URL came from a captured quiz page; the student-facing parent quiz is already captured.,no,high,No separate retry needed unless parent quiz content is incomplete.,resolved_internal_question_link,Question URL is an internal Canvas edit/detail link; parent quiz content was already captured.,No action needed for the question URL itself.
access-0090,2053526,PHY-212,unauthorized,00776-phy-212-linked-detail-unauthorized,Unauthorized,https://canvas.oregonstate.edu/courses/2053526/quizzes/3160462/questions/59026102,quiz_question,59026102,quiz,3160462,,,obj-phy-212-quiz-3160462,Hw 3 - Center of Mass & Moment of Inertia: GENERAL PHYSICS WITH CALCULUS (PH_212_400_U2026),task-00410-phy-212-blocked-or-broken-hw-3-center-of-mass-moment-of-inertia-general-physics-with-calculus-ph-212-400-u,Hw 3 - Center of Mass & Moment of Inertia: GENERAL PHYSICS WITH CALCULUS (PH_212_400_U2026),,,,,00569-phy-212-linked-detail-hw-3-center-of-mass-moment-of-inertia-general-physics-with-calculus-ph-212-400-u2026|00774-phy-212-linked-detail-hw-3-center-of-mass-moment-of-inertia-general-physics-with-calculus-ph-212-400-u2026|00775-phy-212-linked-detail-hw-3-center-of-mass-moment-of-inertia-general-physics-with-calculus-ph-212-400-u2026|00776-phy-212-linked-detail-unauthorized|00888-phy-212-linked-detail-jacob-peterson-s-quiz-history-hw-3-center-of-mass-moment-of-inertia,Hw 3 - Center of Mass & Moment of Inertia: GENERAL PHYSICS WITH CALCULUS (PH_212_400_U2026)|Jacob Peterson's Quiz History: Hw 3 - Center of Mass & Moment of Inertia|Unauthorized,Close|Help|History|Skip To Content,,,internal_canvas_question_url,Question-level Canvas URL came from a captured quiz page; the student-facing parent quiz is already captured.,no,high,No separate retry needed unless parent quiz content is incomplete.,resolved_internal_question_link,Question URL is an internal Canvas edit/detail link; parent quiz content was already captured.,No action needed for the question URL itself.
access-0091,2053526,PHY-212,unauthorized,00777-phy-212-linked-detail-unauthorized,Unauthorized,https://canvas.oregonstate.edu/courses/2053526/quizzes/3160462/questions/59026103,quiz_question,59026103,quiz,3160462,,,obj-phy-212-quiz-3160462,Hw 3 - Center of Mass & Moment of Inertia: GENERAL PHYSICS WITH CALCULUS (PH_212_400_U2026),task-00410-phy-212-blocked-or-broken-hw-3-center-of-mass-moment-of-inertia-general-physics-with-calculus-ph-212-400-u,Hw 3 - Center of Mass & Moment of Inertia: GENERAL PHYSICS WITH CALCULUS (PH_212_400_U2026),,,,,00569-phy-212-linked-detail-hw-3-center-of-mass-moment-of-inertia-general-physics-with-calculus-ph-212-400-u2026|00774-phy-212-linked-detail-hw-3-center-of-mass-moment-of-inertia-general-physics-with-calculus-ph-212-400-u2026|00775-phy-212-linked-detail-hw-3-center-of-mass-moment-of-inertia-general-physics-with-calculus-ph-212-400-u2026|00777-phy-212-linked-detail-unauthorized|00888-phy-212-linked-detail-jacob-peterson-s-quiz-history-hw-3-center-of-mass-moment-of-inertia,Hw 3 - Center of Mass & Moment of Inertia: GENERAL PHYSICS WITH CALCULUS (PH_212_400_U2026)|Jacob Peterson's Quiz History: Hw 3 - Center of Mass & Moment of Inertia|Unauthorized,Close|Help|History|Skip To Content,,,internal_canvas_question_url,Question-level Canvas URL came from a captured quiz page; the student-facing parent quiz is already captured.,no,high,No separate retry needed unless parent quiz content is incomplete.,resolved_internal_question_link,Question URL is an internal Canvas edit/detail link; parent quiz content was already captured.,No action needed for the question URL itself.
access-0092,2053526,PHY-212,unauthorized,00778-phy-212-linked-detail-unauthorized,Unauthorized,https://canvas.oregonstate.edu/courses/2053526/quizzes/3160462/questions/59026104,quiz_question,59026104,quiz,3160462,,,obj-phy-212-quiz-3160462,Hw 3 - Center of Mass & Moment of Inertia: GENERAL PHYSICS WITH CALCULUS (PH_212_400_U2026),task-00410-phy-212-blocked-or-broken-hw-3-center-of-mass-moment-of-inertia-general-physics-with-calculus-ph-212-400-u,Hw 3 - Center of Mass & Moment of Inertia: GENERAL PHYSICS WITH CALCULUS (PH_212_400_U2026),,,,,00569-phy-212-linked-detail-hw-3-center-of-mass-moment-of-inertia-general-physics-with-calculus-ph-212-400-u2026|00774-phy-212-linked-detail-hw-3-center-of-mass-moment-of-inertia-general-physics-with-calculus-ph-212-400-u2026|00775-phy-212-linked-detail-hw-3-center-of-mass-moment-of-inertia-general-physics-with-calculus-ph-212-400-u2026|00778-phy-212-linked-detail-unauthorized|00888-phy-212-linked-detail-jacob-peterson-s-quiz-history-hw-3-center-of-mass-moment-of-inertia,Hw 3 - Center of Mass & Moment of Inertia: GENERAL PHYSICS WITH CALCULUS (PH_212_400_U2026)|Jacob Peterson's Quiz History: Hw 3 - Center of Mass & Moment of Inertia|Unauthorized,Close|Help|History|Skip To Content,,,internal_canvas_question_url,Question-level Canvas URL came from a captured quiz page; the student-facing parent quiz is already captured.,no,high,No separate retry needed unless parent quiz content is incomplete.,resolved_internal_question_link,Question URL is an internal Canvas edit/detail link; parent quiz content was already captured.,No action needed for the question URL itself.
access-0093,2053526,PHY-212,unauthorized,00779-phy-212-linked-detail-unauthorized,Unauthorized,https://canvas.oregonstate.edu/courses/2053526/quizzes/3160462/questions/59026105,quiz_question,59026105,quiz,3160462,,,obj-phy-212-quiz-3160462,Hw 3 - Center of Mass & Moment of Inertia: GENERAL PHYSICS WITH CALCULUS (PH_212_400_U2026),task-00410-phy-212-blocked-or-broken-hw-3-center-of-mass-moment-of-inertia-general-physics-with-calculus-ph-212-400-u,Hw 3 - Center of Mass & Moment of Inertia: GENERAL PHYSICS WITH CALCULUS (PH_212_400_U2026),,,,,00569-phy-212-linked-detail-hw-3-center-of-mass-moment-of-inertia-general-physics-with-calculus-ph-212-400-u2026|00774-phy-212-linked-detail-hw-3-center-of-mass-moment-of-inertia-general-physics-with-calculus-ph-212-400-u2026|00775-phy-212-linked-detail-hw-3-center-of-mass-moment-of-inertia-general-physics-with-calculus-ph-212-400-u2026|00779-phy-212-linked-detail-unauthorized|00888-phy-212-linked-detail-jacob-peterson-s-quiz-history-hw-3-center-of-mass-moment-of-inertia,Hw 3 - Center of Mass & Moment of Inertia: GENERAL PHYSICS WITH CALCULUS (PH_212_400_U2026)|Jacob Peterson's Quiz History: Hw 3 - Center of Mass & Moment of Inertia|Unauthorized,Close|Help|History|Skip To Content,,,internal_canvas_question_url,Question-level Canvas URL came from a captured quiz page; the student-facing parent quiz is already captured.,no,high,No separate retry needed unless parent quiz content is incomplete.,resolved_internal_question_link,Question URL is an internal Canvas edit/detail link; parent quiz content was already captured.,No action needed for the question URL itself.
access-0094,2053526,PHY-212,unauthorized,00780-phy-212-linked-detail-unauthorized,Unauthorized,https://canvas.oregonstate.edu/courses/2053526/quizzes/3160462/questions/59026106,quiz_question,59026106,quiz,3160462,,,obj-phy-212-quiz-3160462,Hw 3 - Center of Mass & Moment of Inertia: GENERAL PHYSICS WITH CALCULUS (PH_212_400_U2026),task-00410-phy-212-blocked-or-broken-hw-3-center-of-mass-moment-of-inertia-general-physics-with-calculus-ph-212-400-u,Hw 3 - Center of Mass & Moment of Inertia: GENERAL PHYSICS WITH CALCULUS (PH_212_400_U2026),,,,,00569-phy-212-linked-detail-hw-3-center-of-mass-moment-of-inertia-general-physics-with-calculus-ph-212-400-u2026|00774-phy-212-linked-detail-hw-3-center-of-mass-moment-of-inertia-general-physics-with-calculus-ph-212-400-u2026|00775-phy-212-linked-detail-hw-3-center-of-mass-moment-of-inertia-general-physics-with-calculus-ph-212-400-u2026|00780-phy-212-linked-detail-unauthorized|00888-phy-212-linked-detail-jacob-peterson-s-quiz-history-hw-3-center-of-mass-moment-of-inertia,Hw 3 - Center of Mass & Moment of Inertia: GENERAL PHYSICS WITH CALCULUS (PH_212_400_U2026)|Jacob Peterson's Quiz History: Hw 3 - Center of Mass & Moment of Inertia|Unauthorized,Close|Help|History|Skip To Content,,,internal_canvas_question_url,Question-level Canvas URL came from a captured quiz page; the student-facing parent quiz is already captured.,no,high,No separate retry needed unless parent quiz content is incomplete.,resolved_internal_question_link,Question URL is an internal Canvas edit/detail link; parent quiz content was already captured.,No action needed for the question URL itself.
access-0095,2053526,PHY-212,unauthorized,00781-phy-212-linked-detail-unauthorized,Unauthorized,https://canvas.oregonstate.edu/courses/2053526/quizzes/3160462/questions/59026107,quiz_question,59026107,quiz,3160462,,,obj-phy-212-quiz-3160462,Hw 3 - Center of Mass & Moment of Inertia: GENERAL PHYSICS WITH CALCULUS (PH_212_400_U2026),task-00410-phy-212-blocked-or-broken-hw-3-center-of-mass-moment-of-inertia-general-physics-with-calculus-ph-212-400-u,Hw 3 - Center of Mass & Moment of Inertia: GENERAL PHYSICS WITH CALCULUS (PH_212_400_U2026),,,,,00569-phy-212-linked-detail-hw-3-center-of-mass-moment-of-inertia-general-physics-with-calculus-ph-212-400-u2026|00774-phy-212-linked-detail-hw-3-center-of-mass-moment-of-inertia-general-physics-with-calculus-ph-212-400-u2026|00775-phy-212-linked-detail-hw-3-center-of-mass-moment-of-inertia-general-physics-with-calculus-ph-212-400-u2026|00781-phy-212-linked-detail-unauthorized|00888-phy-212-linked-detail-jacob-peterson-s-quiz-history-hw-3-center-of-mass-moment-of-inertia,Hw 3 - Center of Mass & Moment of Inertia: GENERAL PHYSICS WITH CALCULUS (PH_212_400_U2026)|Jacob Peterson's Quiz History: Hw 3 - Center of Mass & Moment of Inertia|Unauthorized,Close|Help|History|Skip To Content,,,internal_canvas_question_url,Question-level Canvas URL came from a captured quiz page; the student-facing parent quiz is already captured.,no,high,No separate retry needed unless parent quiz content is incomplete.,resolved_internal_question_link,Question URL is an internal Canvas edit/detail link; parent quiz content was already captured.,No action needed for the question URL itself.
access-0096,2053526,PHY-212,unauthorized,00782-phy-212-linked-detail-unauthorized,Unauthorized,https://canvas.oregonstate.edu/courses/2053526/quizzes/3160462/questions/59026108,quiz_question,59026108,quiz,3160462,,,obj-phy-212-quiz-3160462,Hw 3 - Center of Mass & Moment of Inertia: GENERAL PHYSICS WITH CALCULUS (PH_212_400_U2026),task-00410-phy-212-blocked-or-broken-hw-3-center-of-mass-moment-of-inertia-general-physics-with-calculus-ph-212-400-u,Hw 3 - Center of Mass & Moment of Inertia: GENERAL PHYSICS WITH CALCULUS (PH_212_400_U2026),,,,,00569-phy-212-linked-detail-hw-3-center-of-mass-moment-of-inertia-general-physics-with-calculus-ph-212-400-u2026|00774-phy-212-linked-detail-hw-3-center-of-mass-moment-of-inertia-general-physics-with-calculus-ph-212-400-u2026|00775-phy-212-linked-detail-hw-3-center-of-mass-moment-of-inertia-general-physics-with-calculus-ph-212-400-u2026|00782-phy-212-linked-detail-unauthorized|00888-phy-212-linked-detail-jacob-peterson-s-quiz-history-hw-3-center-of-mass-moment-of-inertia,Hw 3 - Center of Mass & Moment of Inertia: GENERAL PHYSICS WITH CALCULUS (PH_212_400_U2026)|Jacob Peterson's Quiz History: Hw 3 - Center of Mass & Moment of Inertia|Unauthorized,Close|Help|History|Skip To Content,,,internal_canvas_question_url,Question-level Canvas URL came from a captured quiz page; the student-facing parent quiz is already captured.,no,high,No separate retry needed unless parent quiz content is incomplete.,resolved_internal_question_link,Question URL is an internal Canvas edit/detail link; parent quiz content was already captured.,No action needed for the question URL itself.
access-0097,2053526,PHY-212,unauthorized,00783-phy-212-linked-detail-unauthorized,Unauthorized,https://canvas.oregonstate.edu/courses/2053526/quizzes/3160462/questions/59026109,quiz_question,59026109,quiz,3160462,,,obj-phy-212-quiz-3160462,Hw 3 - Center of Mass & Moment of Inertia: GENERAL PHYSICS WITH CALCULUS (PH_212_400_U2026),task-00410-phy-212-blocked-or-broken-hw-3-center-of-mass-moment-of-inertia-general-physics-with-calculus-ph-212-400-u,Hw 3 - Center of Mass & Moment of Inertia: GENERAL PHYSICS WITH CALCULUS (PH_212_400_U2026),,,,,00569-phy-212-linked-detail-hw-3-center-of-mass-moment-of-inertia-general-physics-with-calculus-ph-212-400-u2026|00774-phy-212-linked-detail-hw-3-center-of-mass-moment-of-inertia-general-physics-with-calculus-ph-212-400-u2026|00775-phy-212-linked-detail-hw-3-center-of-mass-moment-of-inertia-general-physics-with-calculus-ph-212-400-u2026|00783-phy-212-linked-detail-unauthorized|00888-phy-212-linked-detail-jacob-peterson-s-quiz-history-hw-3-center-of-mass-moment-of-inertia,Hw 3 - Center of Mass & Moment of Inertia: GENERAL PHYSICS WITH CALCULUS (PH_212_400_U2026)|Jacob Peterson's Quiz History: Hw 3 - Center of Mass & Moment of Inertia|Unauthorized,Close|Help|History|Skip To Content,,,internal_canvas_question_url,Question-level Canvas URL came from a captured quiz page; the student-facing parent quiz is already captured.,no,high,No separate retry needed unless parent quiz content is incomplete.,resolved_internal_question_link,Question URL is an internal Canvas edit/detail link; parent quiz content was already captured.,No action needed for the question URL itself.
access-0098,2053526,PHY-212,unauthorized,00784-phy-212-linked-detail-unauthorized,Unauthorized,https://canvas.oregonstate.edu/courses/2053526/quizzes/3160462/questions/59026110,quiz_question,59026110,quiz,3160462,,,obj-phy-212-quiz-3160462,Hw 3 - Center of Mass & Moment of Inertia: GENERAL PHYSICS WITH CALCULUS (PH_212_400_U2026),task-00410-phy-212-blocked-or-broken-hw-3-center-of-mass-moment-of-inertia-general-physics-with-calculus-ph-212-400-u,Hw 3 - Center of Mass & Moment of Inertia: GENERAL PHYSICS WITH CALCULUS (PH_212_400_U2026),,,,,00569-phy-212-linked-detail-hw-3-center-of-mass-moment-of-inertia-general-physics-with-calculus-ph-212-400-u2026|00774-phy-212-linked-detail-hw-3-center-of-mass-moment-of-inertia-general-physics-with-calculus-ph-212-400-u2026|00775-phy-212-linked-detail-hw-3-center-of-mass-moment-of-inertia-general-physics-with-calculus-ph-212-400-u2026|00784-phy-212-linked-detail-unauthorized|00888-phy-212-linked-detail-jacob-peterson-s-quiz-history-hw-3-center-of-mass-moment-of-inertia,Hw 3 - Center of Mass & Moment of Inertia: GENERAL PHYSICS WITH CALCULUS (PH_212_400_U2026)|Jacob Peterson's Quiz History: Hw 3 - Center of Mass & Moment of Inertia|Unauthorized,Close|Help|History|Skip To Content,,,internal_canvas_question_url,Question-level Canvas URL came from a captured quiz page; the student-facing parent quiz is already captured.,no,high,No separate retry needed unless parent quiz content is incomplete.,resolved_internal_question_link,Question URL is an internal Canvas edit/detail link; parent quiz content was already captured.,No action needed for the question URL itself.
access-0099,2053526,PHY-212,unauthorized,00785-phy-212-linked-detail-unauthorized,Unauthorized,https://canvas.oregonstate.edu/courses/2053526/quizzes/3160462/questions/59026111,quiz_question,59026111,quiz,3160462,,,obj-phy-212-quiz-3160462,Hw 3 - Center of Mass & Moment of Inertia: GENERAL PHYSICS WITH CALCULUS (PH_212_400_U2026),task-00410-phy-212-blocked-or-broken-hw-3-center-of-mass-moment-of-inertia-general-physics-with-calculus-ph-212-400-u,Hw 3 - Center of Mass & Moment of Inertia: GENERAL PHYSICS WITH CALCULUS (PH_212_400_U2026),,,,,00569-phy-212-linked-detail-hw-3-center-of-mass-moment-of-inertia-general-physics-with-calculus-ph-212-400-u2026|00774-phy-212-linked-detail-hw-3-center-of-mass-moment-of-inertia-general-physics-with-calculus-ph-212-400-u2026|00775-phy-212-linked-detail-hw-3-center-of-mass-moment-of-inertia-general-physics-with-calculus-ph-212-400-u2026|00785-phy-212-linked-detail-unauthorized|00888-phy-212-linked-detail-jacob-peterson-s-quiz-history-hw-3-center-of-mass-moment-of-inertia,Hw 3 - Center of Mass & Moment of Inertia: GENERAL PHYSICS WITH CALCULUS (PH_212_400_U2026)|Jacob Peterson's Quiz History: Hw 3 - Center of Mass & Moment of Inertia|Unauthorized,Close|Help|History|Skip To Content,,,internal_canvas_question_url,Question-level Canvas URL came from a captured quiz page; the student-facing parent quiz is already captured.,no,high,No separate retry needed unless parent quiz content is incomplete.,resolved_internal_question_link,Question URL is an internal Canvas edit/detail link; parent quiz content was already captured.,No action needed for the question URL itself.
access-0100,2053526,PHY-212,unauthorized,00790-phy-212-linked-detail-unauthorized,Unauthorized,https://canvas.oregonstate.edu/courses/2053526/quizzes/3160480/questions/59026185,quiz_question,59026185,quiz,3160480,,,obj-phy-212-quiz-3160480,Hw 4 - Rotational Dynamics: GENERAL PHYSICS WITH CALCULUS (PH_212_400_U2026),task-00411-phy-212-blocked-or-broken-hw-4-rotational-dynamics-general-physics-with-calculus-ph-212-400-u2026,Hw 4 - Rotational Dynamics: GENERAL PHYSICS WITH CALCULUS (PH_212_400_U2026),,,,,00570-phy-212-linked-detail-hw-4-rotational-dynamics-general-physics-with-calculus-ph-212-400-u2026|00786-phy-212-linked-detail-hw-4-rotational-dynamics-general-physics-with-calculus-ph-212-400-u2026|00787-phy-212-linked-detail-jacob-peterson-s-quiz-history-hw-4-rotational-dynamics|00788-phy-212-linked-detail-jacob-peterson-s-quiz-history-hw-4-rotational-dynamics|00789-phy-212-linked-detail-hw-4-rotational-dynamics-general-physics-with-calculus-ph-212-400-u2026|00790-phy-212-linked-detail-unauthorized,Hw 4 - Rotational Dynamics: GENERAL PHYSICS WITH CALCULUS (PH_212_400_U2026)|Jacob Peterson's Quiz History: Hw 4 - Rotational Dynamics|Unauthorized,Close|Help|History|Skip To Content,,,internal_canvas_question_url,Question-level Canvas URL came from a captured quiz page; the student-facing parent quiz is already captured.,no,high,No separate retry needed unless parent quiz content is incomplete.,resolved_internal_question_link,Question URL is an internal Canvas edit/detail link; parent quiz content was already captured.,No action needed for the question URL itself.
access-0101,2053526,PHY-212,unauthorized,00791-phy-212-linked-detail-unauthorized,Unauthorized,https://canvas.oregonstate.edu/courses/2053526/quizzes/3160480/questions/59026186,quiz_question,59026186,quiz,3160480,,,obj-phy-212-quiz-3160480,Hw 4 - Rotational Dynamics: GENERAL PHYSICS WITH CALCULUS (PH_212_400_U2026),task-00411-phy-212-blocked-or-broken-hw-4-rotational-dynamics-general-physics-with-calculus-ph-212-400-u2026,Hw 4 - Rotational Dynamics: GENERAL PHYSICS WITH CALCULUS (PH_212_400_U2026),,,,,00570-phy-212-linked-detail-hw-4-rotational-dynamics-general-physics-with-calculus-ph-212-400-u2026|00786-phy-212-linked-detail-hw-4-rotational-dynamics-general-physics-with-calculus-ph-212-400-u2026|00787-phy-212-linked-detail-jacob-peterson-s-quiz-history-hw-4-rotational-dynamics|00788-phy-212-linked-detail-jacob-peterson-s-quiz-history-hw-4-rotational-dynamics|00789-phy-212-linked-detail-hw-4-rotational-dynamics-general-physics-with-calculus-ph-212-400-u2026|00791-phy-212-linked-detail-unauthorized,Hw 4 - Rotational Dynamics: GENERAL PHYSICS WITH CALCULUS (PH_212_400_U2026)|Jacob Peterson's Quiz History: Hw 4 - Rotational Dynamics|Unauthorized,Close|Help|History|Skip To Content,,,internal_canvas_question_url,Question-level Canvas URL came from a captured quiz page; the student-facing parent quiz is already captured.,no,high,No separate retry needed unless parent quiz content is incomplete.,resolved_internal_question_link,Question URL is an internal Canvas edit/detail link; parent quiz content was already captured.,No action needed for the question URL itself.
access-0102,2053526,PHY-212,unauthorized,00792-phy-212-linked-detail-unauthorized,Unauthorized,https://canvas.oregonstate.edu/courses/2053526/quizzes/3160480/questions/59026187,quiz_question,59026187,quiz,3160480,,,obj-phy-212-quiz-3160480,Hw 4 - Rotational Dynamics: GENERAL PHYSICS WITH CALCULUS (PH_212_400_U2026),task-00411-phy-212-blocked-or-broken-hw-4-rotational-dynamics-general-physics-with-calculus-ph-212-400-u2026,Hw 4 - Rotational Dynamics: GENERAL PHYSICS WITH CALCULUS (PH_212_400_U2026),,,,,00570-phy-212-linked-detail-hw-4-rotational-dynamics-general-physics-with-calculus-ph-212-400-u2026|00786-phy-212-linked-detail-hw-4-rotational-dynamics-general-physics-with-calculus-ph-212-400-u2026|00787-phy-212-linked-detail-jacob-peterson-s-quiz-history-hw-4-rotational-dynamics|00788-phy-212-linked-detail-jacob-peterson-s-quiz-history-hw-4-rotational-dynamics|00789-phy-212-linked-detail-hw-4-rotational-dynamics-general-physics-with-calculus-ph-212-400-u2026|00792-phy-212-linked-detail-unauthorized,Hw 4 - Rotational Dynamics: GENERAL PHYSICS WITH CALCULUS (PH_212_400_U2026)|Jacob Peterson's Quiz History: Hw 4 - Rotational Dynamics|Unauthorized,Close|Help|History|Skip To Content,,,internal_canvas_question_url,Question-level Canvas URL came from a captured quiz page; the student-facing parent quiz is already captured.,no,high,No separate retry needed unless parent quiz content is incomplete.,resolved_internal_question_link,Question URL is an internal Canvas edit/detail link; parent quiz content was already captured.,No action needed for the question URL itself.
access-0103,2053526,PHY-212,unauthorized,00793-phy-212-linked-detail-unauthorized,Unauthorized,https://canvas.oregonstate.edu/courses/2053526/quizzes/3160480/questions/59026188,quiz_question,59026188,quiz,3160480,,,obj-phy-212-quiz-3160480,Hw 4 - Rotational Dynamics: GENERAL PHYSICS WITH CALCULUS (PH_212_400_U2026),task-00411-phy-212-blocked-or-broken-hw-4-rotational-dynamics-general-physics-with-calculus-ph-212-400-u2026,Hw 4 - Rotational Dynamics: GENERAL PHYSICS WITH CALCULUS (PH_212_400_U2026),,,,,00570-phy-212-linked-detail-hw-4-rotational-dynamics-general-physics-with-calculus-ph-212-400-u2026|00786-phy-212-linked-detail-hw-4-rotational-dynamics-general-physics-with-calculus-ph-212-400-u2026|00787-phy-212-linked-detail-jacob-peterson-s-quiz-history-hw-4-rotational-dynamics|00788-phy-212-linked-detail-jacob-peterson-s-quiz-history-hw-4-rotational-dynamics|00789-phy-212-linked-detail-hw-4-rotational-dynamics-general-physics-with-calculus-ph-212-400-u2026|00793-phy-212-linked-detail-unauthorized,Hw 4 - Rotational Dynamics: GENERAL PHYSICS WITH CALCULUS (PH_212_400_U2026)|Jacob Peterson's Quiz History: Hw 4 - Rotational Dynamics|Unauthorized,Close|Help|History|Skip To Content,,,internal_canvas_question_url,Question-level Canvas URL came from a captured quiz page; the student-facing parent quiz is already captured.,no,high,No separate retry needed unless parent quiz content is incomplete.,resolved_internal_question_link,Question URL is an internal Canvas edit/detail link; parent quiz content was already captured.,No action needed for the question URL itself.
access-0104,2053526,PHY-212,unauthorized,00794-phy-212-linked-detail-unauthorized,Unauthorized,https://canvas.oregonstate.edu/courses/2053526/quizzes/3160480/questions/59026189,quiz_question,59026189,quiz,3160480,,,obj-phy-212-quiz-3160480,Hw 4 - Rotational Dynamics: GENERAL PHYSICS WITH CALCULUS (PH_212_400_U2026),task-00411-phy-212-blocked-or-broken-hw-4-rotational-dynamics-general-physics-with-calculus-ph-212-400-u2026,Hw 4 - Rotational Dynamics: GENERAL PHYSICS WITH CALCULUS (PH_212_400_U2026),,,,,00570-phy-212-linked-detail-hw-4-rotational-dynamics-general-physics-with-calculus-ph-212-400-u2026|00786-phy-212-linked-detail-hw-4-rotational-dynamics-general-physics-with-calculus-ph-212-400-u2026|00787-phy-212-linked-detail-jacob-peterson-s-quiz-history-hw-4-rotational-dynamics|00788-phy-212-linked-detail-jacob-peterson-s-quiz-history-hw-4-rotational-dynamics|00789-phy-212-linked-detail-hw-4-rotational-dynamics-general-physics-with-calculus-ph-212-400-u2026|00794-phy-212-linked-detail-unauthorized,Hw 4 - Rotational Dynamics: GENERAL PHYSICS WITH CALCULUS (PH_212_400_U2026)|Jacob Peterson's Quiz History: Hw 4 - Rotational Dynamics|Unauthorized,Close|Help|History|Skip To Content,,,internal_canvas_question_url,Question-level Canvas URL came from a captured quiz page; the student-facing parent quiz is already captured.,no,high,No separate retry needed unless parent quiz content is incomplete.,resolved_internal_question_link,Question URL is an internal Canvas edit/detail link; parent quiz content was already captured.,No action needed for the question URL itself.
access-0105,2053526,PHY-212,unauthorized,00795-phy-212-linked-detail-unauthorized,Unauthorized,https://canvas.oregonstate.edu/courses/2053526/quizzes/3160480/questions/59026190,quiz_question,59026190,quiz,3160480,,,obj-phy-212-quiz-3160480,Hw 4 - Rotational Dynamics: GENERAL PHYSICS WITH CALCULUS (PH_212_400_U2026),task-00411-phy-212-blocked-or-broken-hw-4-rotational-dynamics-general-physics-with-calculus-ph-212-400-u2026,Hw 4 - Rotational Dynamics: GENERAL PHYSICS WITH CALCULUS (PH_212_400_U2026),,,,,00570-phy-212-linked-detail-hw-4-rotational-dynamics-general-physics-with-calculus-ph-212-400-u2026|00786-phy-212-linked-detail-hw-4-rotational-dynamics-general-physics-with-calculus-ph-212-400-u2026|00787-phy-212-linked-detail-jacob-peterson-s-quiz-history-hw-4-rotational-dynamics|00788-phy-212-linked-detail-jacob-peterson-s-quiz-history-hw-4-rotational-dynamics|00789-phy-212-linked-detail-hw-4-rotational-dynamics-general-physics-with-calculus-ph-212-400-u2026|00795-phy-212-linked-detail-unauthorized,Hw 4 - Rotational Dynamics: GENERAL PHYSICS WITH CALCULUS (PH_212_400_U2026)|Jacob Peterson's Quiz History: Hw 4 - Rotational Dynamics|Unauthorized,Close|Help|History|Skip To Content,,,internal_canvas_question_url,Question-level Canvas URL came from a captured quiz page; the student-facing parent quiz is already captured.,no,high,No separate retry needed unless parent quiz content is incomplete.,resolved_internal_question_link,Question URL is an internal Canvas edit/detail link; parent quiz content was already captured.,No action needed for the question URL itself.
access-0106,2053526,PHY-212,unauthorized,00796-phy-212-linked-detail-unauthorized,Unauthorized,https://canvas.oregonstate.edu/courses/2053526/quizzes/3160480/questions/59026191,quiz_question,59026191,quiz,3160480,,,obj-phy-212-quiz-3160480,Hw 4 - Rotational Dynamics: GENERAL PHYSICS WITH CALCULUS (PH_212_400_U2026),task-00411-phy-212-blocked-or-broken-hw-4-rotational-dynamics-general-physics-with-calculus-ph-212-400-u2026,Hw 4 - Rotational Dynamics: GENERAL PHYSICS WITH CALCULUS (PH_212_400_U2026),,,,,00570-phy-212-linked-detail-hw-4-rotational-dynamics-general-physics-with-calculus-ph-212-400-u2026|00786-phy-212-linked-detail-hw-4-rotational-dynamics-general-physics-with-calculus-ph-212-400-u2026|00787-phy-212-linked-detail-jacob-peterson-s-quiz-history-hw-4-rotational-dynamics|00788-phy-212-linked-detail-jacob-peterson-s-quiz-history-hw-4-rotational-dynamics|00789-phy-212-linked-detail-hw-4-rotational-dynamics-general-physics-with-calculus-ph-212-400-u2026|00796-phy-212-linked-detail-unauthorized,Hw 4 - Rotational Dynamics: GENERAL PHYSICS WITH CALCULUS (PH_212_400_U2026)|Jacob Peterson's Quiz History: Hw 4 - Rotational Dynamics|Unauthorized,Close|Help|History|Skip To Content,,,internal_canvas_question_url,Question-level Canvas URL came from a captured quiz page; the student-facing parent quiz is already captured.,no,high,No separate retry needed unless parent quiz content is incomplete.,resolved_internal_question_link,Question URL is an internal Canvas edit/detail link; parent quiz content was already captured.,No action needed for the question URL itself.
access-0107,2053526,PHY-212,unauthorized,00797-phy-212-linked-detail-unauthorized,Unauthorized,https://canvas.oregonstate.edu/courses/2053526/quizzes/3160480/questions/59026192,quiz_question,59026192,quiz,3160480,,,obj-phy-212-quiz-3160480,Hw 4 - Rotational Dynamics: GENERAL PHYSICS WITH CALCULUS (PH_212_400_U2026),task-00411-phy-212-blocked-or-broken-hw-4-rotational-dynamics-general-physics-with-calculus-ph-212-400-u2026,Hw 4 - Rotational Dynamics: GENERAL PHYSICS WITH CALCULUS (PH_212_400_U2026),,,,,00570-phy-212-linked-detail-hw-4-rotational-dynamics-general-physics-with-calculus-ph-212-400-u2026|00786-phy-212-linked-detail-hw-4-rotational-dynamics-general-physics-with-calculus-ph-212-400-u2026|00787-phy-212-linked-detail-jacob-peterson-s-quiz-history-hw-4-rotational-dynamics|00788-phy-212-linked-detail-jacob-peterson-s-quiz-history-hw-4-rotational-dynamics|00789-phy-212-linked-detail-hw-4-rotational-dynamics-general-physics-with-calculus-ph-212-400-u2026|00797-phy-212-linked-detail-unauthorized,Hw 4 - Rotational Dynamics: GENERAL PHYSICS WITH CALCULUS (PH_212_400_U2026)|Jacob Peterson's Quiz History: Hw 4 - Rotational Dynamics|Unauthorized,Close|Help|History|Skip To Content,,,internal_canvas_question_url,Question-level Canvas URL came from a captured quiz page; the student-facing parent quiz is already captured.,no,high,No separate retry needed unless parent quiz content is incomplete.,resolved_internal_question_link,Question URL is an internal Canvas edit/detail link; parent quiz content was already captured.,No action needed for the question URL itself.
access-0108,2053526,PHY-212,unauthorized,00798-phy-212-linked-detail-unauthorized,Unauthorized,https://canvas.oregonstate.edu/courses/2053526/quizzes/3160480/questions/59026193,quiz_question,59026193,quiz,3160480,,,obj-phy-212-quiz-3160480,Hw 4 - Rotational Dynamics: GENERAL PHYSICS WITH CALCULUS (PH_212_400_U2026),task-00411-phy-212-blocked-or-broken-hw-4-rotational-dynamics-general-physics-with-calculus-ph-212-400-u2026,Hw 4 - Rotational Dynamics: GENERAL PHYSICS WITH CALCULUS (PH_212_400_U2026),,,,,00570-phy-212-linked-detail-hw-4-rotational-dynamics-general-physics-with-calculus-ph-212-400-u2026|00786-phy-212-linked-detail-hw-4-rotational-dynamics-general-physics-with-calculus-ph-212-400-u2026|00787-phy-212-linked-detail-jacob-peterson-s-quiz-history-hw-4-rotational-dynamics|00788-phy-212-linked-detail-jacob-peterson-s-quiz-history-hw-4-rotational-dynamics|00789-phy-212-linked-detail-hw-4-rotational-dynamics-general-physics-with-calculus-ph-212-400-u2026|00798-phy-212-linked-detail-unauthorized,Hw 4 - Rotational Dynamics: GENERAL PHYSICS WITH CALCULUS (PH_212_400_U2026)|Jacob Peterson's Quiz History: Hw 4 - Rotational Dynamics|Unauthorized,Close|Help|History|Skip To Content,,,internal_canvas_question_url,Question-level Canvas URL came from a captured quiz page; the student-facing parent quiz is already captured.,no,high,No separate retry needed unless parent quiz content is incomplete.,resolved_internal_question_link,Question URL is an internal Canvas edit/detail link; parent quiz content was already captured.,No action needed for the question URL itself.
access-0109,2053526,PHY-212,unauthorized,00799-phy-212-linked-detail-unauthorized,Unauthorized,https://canvas.oregonstate.edu/courses/2053526/quizzes/3160480/questions/59026194,quiz_question,59026194,quiz,3160480,,,obj-phy-212-quiz-3160480,Hw 4 - Rotational Dynamics: GENERAL PHYSICS WITH CALCULUS (PH_212_400_U2026),task-00411-phy-212-blocked-or-broken-hw-4-rotational-dynamics-general-physics-with-calculus-ph-212-400-u2026,Hw 4 - Rotational Dynamics: GENERAL PHYSICS WITH CALCULUS (PH_212_400_U2026),,,,,00570-phy-212-linked-detail-hw-4-rotational-dynamics-general-physics-with-calculus-ph-212-400-u2026|00786-phy-212-linked-detail-hw-4-rotational-dynamics-general-physics-with-calculus-ph-212-400-u2026|00787-phy-212-linked-detail-jacob-peterson-s-quiz-history-hw-4-rotational-dynamics|00788-phy-212-linked-detail-jacob-peterson-s-quiz-history-hw-4-rotational-dynamics|00789-phy-212-linked-detail-hw-4-rotational-dynamics-general-physics-with-calculus-ph-212-400-u2026|00799-phy-212-linked-detail-unauthorized,Hw 4 - Rotational Dynamics: GENERAL PHYSICS WITH CALCULUS (PH_212_400_U2026)|Jacob Peterson's Quiz History: Hw 4 - Rotational Dynamics|Unauthorized,Close|Help|History|Skip To Content,,,internal_canvas_question_url,Question-level Canvas URL came from a captured quiz page; the student-facing parent quiz is already captured.,no,high,No separate retry needed unless parent quiz content is incomplete.,resolved_internal_question_link,Question URL is an internal Canvas edit/detail link; parent quiz content was already captured.,No action needed for the question URL itself.
access-0110,2053526,PHY-212,unauthorized,00800-phy-212-linked-detail-unauthorized,Unauthorized,https://canvas.oregonstate.edu/courses/2053526/quizzes/3160480/questions/59026195,quiz_question,59026195,quiz,3160480,,,obj-phy-212-quiz-3160480,Hw 4 - Rotational Dynamics: GENERAL PHYSICS WITH CALCULUS (PH_212_400_U2026),task-00411-phy-212-blocked-or-broken-hw-4-rotational-dynamics-general-physics-with-calculus-ph-212-400-u2026,Hw 4 - Rotational Dynamics: GENERAL PHYSICS WITH CALCULUS (PH_212_400_U2026),,,,,00570-phy-212-linked-detail-hw-4-rotational-dynamics-general-physics-with-calculus-ph-212-400-u2026|00786-phy-212-linked-detail-hw-4-rotational-dynamics-general-physics-with-calculus-ph-212-400-u2026|00787-phy-212-linked-detail-jacob-peterson-s-quiz-history-hw-4-rotational-dynamics|00788-phy-212-linked-detail-jacob-peterson-s-quiz-history-hw-4-rotational-dynamics|00789-phy-212-linked-detail-hw-4-rotational-dynamics-general-physics-with-calculus-ph-212-400-u2026|00800-phy-212-linked-detail-unauthorized,Hw 4 - Rotational Dynamics: GENERAL PHYSICS WITH CALCULUS (PH_212_400_U2026)|Jacob Peterson's Quiz History: Hw 4 - Rotational Dynamics|Unauthorized,Close|Help|History|Skip To Content,,,internal_canvas_question_url,Question-level Canvas URL came from a captured quiz page; the student-facing parent quiz is already captured.,no,high,No separate retry needed unless parent quiz content is incomplete.,resolved_internal_question_link,Question URL is an internal Canvas edit/detail link; parent quiz content was already captured.,No action needed for the question URL itself.
access-0111,2053526,PHY-212,unauthorized,00801-phy-212-linked-detail-unauthorized,Unauthorized,https://canvas.oregonstate.edu/courses/2053526/quizzes/3160480/questions/59026196,quiz_question,59026196,quiz,3160480,,,obj-phy-212-quiz-3160480,Hw 4 - Rotational Dynamics: GENERAL PHYSICS WITH CALCULUS (PH_212_400_U2026),task-00411-phy-212-blocked-or-broken-hw-4-rotational-dynamics-general-physics-with-calculus-ph-212-400-u2026,Hw 4 - Rotational Dynamics: GENERAL PHYSICS WITH CALCULUS (PH_212_400_U2026),,,,,00570-phy-212-linked-detail-hw-4-rotational-dynamics-general-physics-with-calculus-ph-212-400-u2026|00786-phy-212-linked-detail-hw-4-rotational-dynamics-general-physics-with-calculus-ph-212-400-u2026|00787-phy-212-linked-detail-jacob-peterson-s-quiz-history-hw-4-rotational-dynamics|00788-phy-212-linked-detail-jacob-peterson-s-quiz-history-hw-4-rotational-dynamics|00789-phy-212-linked-detail-hw-4-rotational-dynamics-general-physics-with-calculus-ph-212-400-u2026|00801-phy-212-linked-detail-unauthorized,Hw 4 - Rotational Dynamics: GENERAL PHYSICS WITH CALCULUS (PH_212_400_U2026)|Jacob Peterson's Quiz History: Hw 4 - Rotational Dynamics|Unauthorized,Close|Help|History|Skip To Content,,,internal_canvas_question_url,Question-level Canvas URL came from a captured quiz page; the student-facing parent quiz is already captured.,no,high,No separate retry needed unless parent quiz content is incomplete.,resolved_internal_question_link,Question URL is an internal Canvas edit/detail link; parent quiz content was already captured.,No action needed for the question URL itself.
access-0112,2053526,PHY-212,unauthorized,00802-phy-212-linked-detail-unauthorized,Unauthorized,https://canvas.oregonstate.edu/courses/2053526/quizzes/3160480/questions/59026197,quiz_question,59026197,quiz,3160480,,,obj-phy-212-quiz-3160480,Hw 4 - Rotational Dynamics: GENERAL PHYSICS WITH CALCULUS (PH_212_400_U2026),task-00411-phy-212-blocked-or-broken-hw-4-rotational-dynamics-general-physics-with-calculus-ph-212-400-u2026,Hw 4 - Rotational Dynamics: GENERAL PHYSICS WITH CALCULUS (PH_212_400_U2026),,,,,00570-phy-212-linked-detail-hw-4-rotational-dynamics-general-physics-with-calculus-ph-212-400-u2026|00786-phy-212-linked-detail-hw-4-rotational-dynamics-general-physics-with-calculus-ph-212-400-u2026|00787-phy-212-linked-detail-jacob-peterson-s-quiz-history-hw-4-rotational-dynamics|00788-phy-212-linked-detail-jacob-peterson-s-quiz-history-hw-4-rotational-dynamics|00789-phy-212-linked-detail-hw-4-rotational-dynamics-general-physics-with-calculus-ph-212-400-u2026|00802-phy-212-linked-detail-unauthorized,Hw 4 - Rotational Dynamics: GENERAL PHYSICS WITH CALCULUS (PH_212_400_U2026)|Jacob Peterson's Quiz History: Hw 4 - Rotational Dynamics|Unauthorized,Close|Help|History|Skip To Content,,,internal_canvas_question_url,Question-level Canvas URL came from a captured quiz page; the student-facing parent quiz is already captured.,no,high,No separate retry needed unless parent quiz content is incomplete.,resolved_internal_question_link,Question URL is an internal Canvas edit/detail link; parent quiz content was already captured.,No action needed for the question URL itself.
access-0113,2053526,PHY-212,unauthorized,00813-phy-212-linked-detail-unauthorized,Unauthorized,https://canvas.oregonstate.edu/courses/2053526/quizzes/3160535/questions/59026442,quiz_question,59026442,quiz,3160535,,,obj-phy-212-quiz-3160535,Quiz 2A_asy (Remotely Proctored): GENERAL PHYSICS WITH CALCULUS (PH_212_400_U2026),task-00462-phy-212-blocked-or-broken-quiz-2a-asy-remotely-proctored-general-physics-with-calculus-ph-212-400-u2026,Quiz 2A_asy (Remotely Proctored): GENERAL PHYSICS WITH CALCULUS (PH_212_400_U2026),,,,,00583-phy-212-linked-detail-quiz-2a-asy-remotely-proctored-general-physics-with-calculus-ph-212-400-u2026|00813-phy-212-linked-detail-unauthorized,Quiz 2A_asy (Remotely Proctored): GENERAL PHYSICS WITH CALCULUS (PH_212_400_U2026)|Unauthorized,Close|Help|History|Skip To Content,,,internal_canvas_question_url,Question-level Canvas URL came from a captured quiz page; the student-facing parent quiz is already captured.,no,high,No separate retry needed unless parent quiz content is incomplete.,resolved_internal_question_link,Question URL is an internal Canvas edit/detail link; parent quiz content was already captured.,No action needed for the question URL itself.
access-0114,2053526,PHY-212,unauthorized,00814-phy-212-linked-detail-unauthorized,Unauthorized,https://canvas.oregonstate.edu/courses/2053526/quizzes/3160535/questions/59026444,quiz_question,59026444,quiz,3160535,,,obj-phy-212-quiz-3160535,Quiz 2A_asy (Remotely Proctored): GENERAL PHYSICS WITH CALCULUS (PH_212_400_U2026),task-00462-phy-212-blocked-or-broken-quiz-2a-asy-remotely-proctored-general-physics-with-calculus-ph-212-400-u2026,Quiz 2A_asy (Remotely Proctored): GENERAL PHYSICS WITH CALCULUS (PH_212_400_U2026),,,,,00583-phy-212-linked-detail-quiz-2a-asy-remotely-proctored-general-physics-with-calculus-ph-212-400-u2026|00814-phy-212-linked-detail-unauthorized,Quiz 2A_asy (Remotely Proctored): GENERAL PHYSICS WITH CALCULUS (PH_212_400_U2026)|Unauthorized,Close|Help|History|Skip To Content,,,internal_canvas_question_url,Question-level Canvas URL came from a captured quiz page; the student-facing parent quiz is already captured.,no,high,No separate retry needed unless parent quiz content is incomplete.,resolved_internal_question_link,Question URL is an internal Canvas edit/detail link; parent quiz content was already captured.,No action needed for the question URL itself.
access-0115,2053526,PHY-212,unauthorized,00815-phy-212-linked-detail-unauthorized,Unauthorized,https://canvas.oregonstate.edu/courses/2053526/quizzes/3160535/questions/59026448,quiz_question,59026448,quiz,3160535,,,obj-phy-212-quiz-3160535,Quiz 2A_asy (Remotely Proctored): GENERAL PHYSICS WITH CALCULUS (PH_212_400_U2026),task-00462-phy-212-blocked-or-broken-quiz-2a-asy-remotely-proctored-general-physics-with-calculus-ph-212-400-u2026,Quiz 2A_asy (Remotely Proctored): GENERAL PHYSICS WITH CALCULUS (PH_212_400_U2026),,,,,00583-phy-212-linked-detail-quiz-2a-asy-remotely-proctored-general-physics-with-calculus-ph-212-400-u2026|00815-phy-212-linked-detail-unauthorized,Quiz 2A_asy (Remotely Proctored): GENERAL PHYSICS WITH CALCULUS (PH_212_400_U2026)|Unauthorized,Close|Help|History|Skip To Content,,,internal_canvas_question_url,Question-level Canvas URL came from a captured quiz page; the student-facing parent quiz is already captured.,no,high,No separate retry needed unless parent quiz content is incomplete.,resolved_internal_question_link,Question URL is an internal Canvas edit/detail link; parent quiz content was already captured.,No action needed for the question URL itself.
access-0116,2053526,PHY-212,unauthorized,00816-phy-212-linked-detail-unauthorized,Unauthorized,https://canvas.oregonstate.edu/courses/2053526/quizzes/3160535/questions/59026450,quiz_question,59026450,quiz,3160535,,,obj-phy-212-quiz-3160535,Quiz 2A_asy (Remotely Proctored): GENERAL PHYSICS WITH CALCULUS (PH_212_400_U2026),task-00462-phy-212-blocked-or-broken-quiz-2a-asy-remotely-proctored-general-physics-with-calculus-ph-212-400-u2026,Quiz 2A_asy (Remotely Proctored): GENERAL PHYSICS WITH CALCULUS (PH_212_400_U2026),,,,,00583-phy-212-linked-detail-quiz-2a-asy-remotely-proctored-general-physics-with-calculus-ph-212-400-u2026|00816-phy-212-linked-detail-unauthorized,Quiz 2A_asy (Remotely Proctored): GENERAL PHYSICS WITH CALCULUS (PH_212_400_U2026)|Unauthorized,Close|Help|History|Skip To Content,,,internal_canvas_question_url,Question-level Canvas URL came from a captured quiz page; the student-facing parent quiz is already captured.,no,high,No separate retry needed unless parent quiz content is incomplete.,resolved_internal_question_link,Question URL is an internal Canvas edit/detail link; parent quiz content was already captured.,No action needed for the question URL itself.
access-0117,2053526,PHY-212,unauthorized,00819-phy-212-linked-detail-unauthorized,Unauthorized,https://canvas.oregonstate.edu/courses/2053526/quizzes/3160503/questions/59026286,quiz_question,59026286,quiz,3160503,,,obj-phy-212-quiz-3160503,Quiz 2B_asy (Remotely Proctored): GENERAL PHYSICS WITH CALCULUS (PH_212_400_U2026),task-00463-phy-212-blocked-or-broken-quiz-2b-asy-remotely-proctored-general-physics-with-calculus-ph-212-400-u2026,Quiz 2B_asy (Remotely Proctored): GENERAL PHYSICS WITH CALCULUS (PH_212_400_U2026),,,,,00585-phy-212-linked-detail-quiz-2b-asy-remotely-proctored-general-physics-with-calculus-ph-212-400-u2026|00817-phy-212-linked-detail-jacob-peterson-s-quiz-history-quiz-2b-asy-remotely-proctored|00818-phy-212-linked-detail-quiz-2b-asy-remotely-proctored-general-physics-with-calculus-ph-212-400-u2026|00819-phy-212-linked-detail-unauthorized,Jacob Peterson's Quiz History: Quiz 2B_asy (Remotely Proctored)|Quiz 2B_asy (Remotely Proctored): GENERAL PHYSICS WITH CALCULUS (PH_212_400_U2026)|Unauthorized,Close|Help|History|Skip To Content,,,internal_canvas_question_url,Question-level Canvas URL came from a captured quiz page; the student-facing parent quiz is already captured.,no,high,No separate retry needed unless parent quiz content is incomplete.,resolved_internal_question_link,Question URL is an internal Canvas edit/detail link; parent quiz content was already captured.,No action needed for the question URL itself.
access-0118,2053526,PHY-212,unauthorized,00823-phy-212-linked-detail-unauthorized,Unauthorized,https://canvas.oregonstate.edu/courses/2053526/quizzes/3160499/questions/59026270,quiz_question,59026270,quiz,3160499,,,obj-phy-212-quiz-3160499,Hw 5 - Gravity: GENERAL PHYSICS WITH CALCULUS (PH_212_400_U2026),task-00412-phy-212-blocked-or-broken-hw-5-gravity-general-physics-with-calculus-ph-212-400-u2026,Hw 5 - Gravity: GENERAL PHYSICS WITH CALCULUS (PH_212_400_U2026),,,,,00608-phy-212-linked-detail-hw-5-gravity-general-physics-with-calculus-ph-212-400-u2026|00821-phy-212-linked-detail-hw-5-gravity-general-physics-with-calculus-ph-212-400-u2026|00822-phy-212-linked-detail-hw-5-gravity-general-physics-with-calculus-ph-212-400-u2026|00823-phy-212-linked-detail-unauthorized|00889-phy-212-linked-detail-jacob-peterson-s-quiz-history-hw-5-gravity,Hw 5 - Gravity: GENERAL PHYSICS WITH CALCULUS (PH_212_400_U2026)|Jacob Peterson's Quiz History: Hw 5 - Gravity|Unauthorized,Close|Help|History|Skip To Content,,,internal_canvas_question_url,Question-level Canvas URL came from a captured quiz page; the student-facing parent quiz is already captured.,no,high,No separate retry needed unless parent quiz content is incomplete.,resolved_internal_question_link,Question URL is an internal Canvas edit/detail link; parent quiz content was already captured.,No action needed for the question URL itself.
access-0119,2053526,PHY-212,unauthorized,00824-phy-212-linked-detail-unauthorized,Unauthorized,https://canvas.oregonstate.edu/courses/2053526/quizzes/3160499/questions/59026271,quiz_question,59026271,quiz,3160499,,,obj-phy-212-quiz-3160499,Hw 5 - Gravity: GENERAL PHYSICS WITH CALCULUS (PH_212_400_U2026),task-00412-phy-212-blocked-or-broken-hw-5-gravity-general-physics-with-calculus-ph-212-400-u2026,Hw 5 - Gravity: GENERAL PHYSICS WITH CALCULUS (PH_212_400_U2026),,,,,00608-phy-212-linked-detail-hw-5-gravity-general-physics-with-calculus-ph-212-400-u2026|00821-phy-212-linked-detail-hw-5-gravity-general-physics-with-calculus-ph-212-400-u2026|00822-phy-212-linked-detail-hw-5-gravity-general-physics-with-calculus-ph-212-400-u2026|00824-phy-212-linked-detail-unauthorized|00889-phy-212-linked-detail-jacob-peterson-s-quiz-history-hw-5-gravity,Hw 5 - Gravity: GENERAL PHYSICS WITH CALCULUS (PH_212_400_U2026)|Jacob Peterson's Quiz History: Hw 5 - Gravity|Unauthorized,Close|Help|History|Skip To Content,,,internal_canvas_question_url,Question-level Canvas URL came from a captured quiz page; the student-facing parent quiz is already captured.,no,high,No separate retry needed unless parent quiz content is incomplete.,resolved_internal_question_link,Question URL is an internal Canvas edit/detail link; parent quiz content was already captured.,No action needed for the question URL itself.
access-0120,2053526,PHY-212,unauthorized,00825-phy-212-linked-detail-unauthorized,Unauthorized,https://canvas.oregonstate.edu/courses/2053526/quizzes/3160499/questions/59026272,quiz_question,59026272,quiz,3160499,,,obj-phy-212-quiz-3160499,Hw 5 - Gravity: GENERAL PHYSICS WITH CALCULUS (PH_212_400_U2026),task-00412-phy-212-blocked-or-broken-hw-5-gravity-general-physics-with-calculus-ph-212-400-u2026,Hw 5 - Gravity: GENERAL PHYSICS WITH CALCULUS (PH_212_400_U2026),,,,,00608-phy-212-linked-detail-hw-5-gravity-general-physics-with-calculus-ph-212-400-u2026|00821-phy-212-linked-detail-hw-5-gravity-general-physics-with-calculus-ph-212-400-u2026|00822-phy-212-linked-detail-hw-5-gravity-general-physics-with-calculus-ph-212-400-u2026|00825-phy-212-linked-detail-unauthorized|00889-phy-212-linked-detail-jacob-peterson-s-quiz-history-hw-5-gravity,Hw 5 - Gravity: GENERAL PHYSICS WITH CALCULUS (PH_212_400_U2026)|Jacob Peterson's Quiz History: Hw 5 - Gravity|Unauthorized,Close|Help|History|Skip To Content,,,internal_canvas_question_url,Question-level Canvas URL came from a captured quiz page; the student-facing parent quiz is already captured.,no,high,No separate retry needed unless parent quiz content is incomplete.,resolved_internal_question_link,Question URL is an internal Canvas edit/detail link; parent quiz content was already captured.,No action needed for the question URL itself.
access-0121,2053526,PHY-212,unauthorized,00826-phy-212-linked-detail-unauthorized,Unauthorized,https://canvas.oregonstate.edu/courses/2053526/quizzes/3160499/questions/59026273,quiz_question,59026273,quiz,3160499,,,obj-phy-212-quiz-3160499,Hw 5 - Gravity: GENERAL PHYSICS WITH CALCULUS (PH_212_400_U2026),task-00412-phy-212-blocked-or-broken-hw-5-gravity-general-physics-with-calculus-ph-212-400-u2026,Hw 5 - Gravity: GENERAL PHYSICS WITH CALCULUS (PH_212_400_U2026),,,,,00608-phy-212-linked-detail-hw-5-gravity-general-physics-with-calculus-ph-212-400-u2026|00821-phy-212-linked-detail-hw-5-gravity-general-physics-with-calculus-ph-212-400-u2026|00822-phy-212-linked-detail-hw-5-gravity-general-physics-with-calculus-ph-212-400-u2026|00826-phy-212-linked-detail-unauthorized|00889-phy-212-linked-detail-jacob-peterson-s-quiz-history-hw-5-gravity,Hw 5 - Gravity: GENERAL PHYSICS WITH CALCULUS (PH_212_400_U2026)|Jacob Peterson's Quiz History: Hw 5 - Gravity|Unauthorized,Close|Help|History|Skip To Content,,,internal_canvas_question_url,Question-level Canvas URL came from a captured quiz page; the student-facing parent quiz is already captured.,no,high,No separate retry needed unless parent quiz content is incomplete.,resolved_internal_question_link,Question URL is an internal Canvas edit/detail link; parent quiz content was already captured.,No action needed for the question URL itself.
access-0122,2053526,PHY-212,unauthorized,00827-phy-212-linked-detail-unauthorized,Unauthorized,https://canvas.oregonstate.edu/courses/2053526/quizzes/3160499/questions/59026274,quiz_question,59026274,quiz,3160499,,,obj-phy-212-quiz-3160499,Hw 5 - Gravity: GENERAL PHYSICS WITH CALCULUS (PH_212_400_U2026),task-00412-phy-212-blocked-or-broken-hw-5-gravity-general-physics-with-calculus-ph-212-400-u2026,Hw 5 - Gravity: GENERAL PHYSICS WITH CALCULUS (PH_212_400_U2026),,,,,00608-phy-212-linked-detail-hw-5-gravity-general-physics-with-calculus-ph-212-400-u2026|00821-phy-212-linked-detail-hw-5-gravity-general-physics-with-calculus-ph-212-400-u2026|00822-phy-212-linked-detail-hw-5-gravity-general-physics-with-calculus-ph-212-400-u2026|00827-phy-212-linked-detail-unauthorized|00889-phy-212-linked-detail-jacob-peterson-s-quiz-history-hw-5-gravity,Hw 5 - Gravity: GENERAL PHYSICS WITH CALCULUS (PH_212_400_U2026)|Jacob Peterson's Quiz History: Hw 5 - Gravity|Unauthorized,Close|Help|History|Skip To Content,,,internal_canvas_question_url,Question-level Canvas URL came from a captured quiz page; the student-facing parent quiz is already captured.,no,high,No separate retry needed unless parent quiz content is incomplete.,resolved_internal_question_link,Question URL is an internal Canvas edit/detail link; parent quiz content was already captured.,No action needed for the question URL itself.
access-0123,2053526,PHY-212,unauthorized,00828-phy-212-linked-detail-unauthorized,Unauthorized,https://canvas.oregonstate.edu/courses/2053526/quizzes/3160499/questions/59026275,quiz_question,59026275,quiz,3160499,,,obj-phy-212-quiz-3160499,Hw 5 - Gravity: GENERAL PHYSICS WITH CALCULUS (PH_212_400_U2026),task-00412-phy-212-blocked-or-broken-hw-5-gravity-general-physics-with-calculus-ph-212-400-u2026,Hw 5 - Gravity: GENERAL PHYSICS WITH CALCULUS (PH_212_400_U2026),,,,,00608-phy-212-linked-detail-hw-5-gravity-general-physics-with-calculus-ph-212-400-u2026|00821-phy-212-linked-detail-hw-5-gravity-general-physics-with-calculus-ph-212-400-u2026|00822-phy-212-linked-detail-hw-5-gravity-general-physics-with-calculus-ph-212-400-u2026|00828-phy-212-linked-detail-unauthorized|00889-phy-212-linked-detail-jacob-peterson-s-quiz-history-hw-5-gravity,Hw 5 - Gravity: GENERAL PHYSICS WITH CALCULUS (PH_212_400_U2026)|Jacob Peterson's Quiz History: Hw 5 - Gravity|Unauthorized,Close|Help|History|Skip To Content,,,internal_canvas_question_url,Question-level Canvas URL came from a captured quiz page; the student-facing parent quiz is already captured.,no,high,No separate retry needed unless parent quiz content is incomplete.,resolved_internal_question_link,Question URL is an internal Canvas edit/detail link; parent quiz content was already captured.,No action needed for the question URL itself.
access-0124,2053526,PHY-212,unauthorized,00829-phy-212-linked-detail-unauthorized,Unauthorized,https://canvas.oregonstate.edu/courses/2053526/quizzes/3160499/questions/59026276,quiz_question,59026276,quiz,3160499,,,obj-phy-212-quiz-3160499,Hw 5 - Gravity: GENERAL PHYSICS WITH CALCULUS (PH_212_400_U2026),task-00412-phy-212-blocked-or-broken-hw-5-gravity-general-physics-with-calculus-ph-212-400-u2026,Hw 5 - Gravity: GENERAL PHYSICS WITH CALCULUS (PH_212_400_U2026),,,,,00608-phy-212-linked-detail-hw-5-gravity-general-physics-with-calculus-ph-212-400-u2026|00821-phy-212-linked-detail-hw-5-gravity-general-physics-with-calculus-ph-212-400-u2026|00822-phy-212-linked-detail-hw-5-gravity-general-physics-with-calculus-ph-212-400-u2026|00829-phy-212-linked-detail-unauthorized|00889-phy-212-linked-detail-jacob-peterson-s-quiz-history-hw-5-gravity,Hw 5 - Gravity: GENERAL PHYSICS WITH CALCULUS (PH_212_400_U2026)|Jacob Peterson's Quiz History: Hw 5 - Gravity|Unauthorized,Close|Help|History|Skip To Content,,,internal_canvas_question_url,Question-level Canvas URL came from a captured quiz page; the student-facing parent quiz is already captured.,no,high,No separate retry needed unless parent quiz content is incomplete.,resolved_internal_question_link,Question URL is an internal Canvas edit/detail link; parent quiz content was already captured.,No action needed for the question URL itself.
access-0125,2053526,PHY-212,unauthorized,00830-phy-212-linked-detail-unauthorized,Unauthorized,https://canvas.oregonstate.edu/courses/2053526/quizzes/3160499/questions/59026277,quiz_question,59026277,quiz,3160499,,,obj-phy-212-quiz-3160499,Hw 5 - Gravity: GENERAL PHYSICS WITH CALCULUS (PH_212_400_U2026),task-00412-phy-212-blocked-or-broken-hw-5-gravity-general-physics-with-calculus-ph-212-400-u2026,Hw 5 - Gravity: GENERAL PHYSICS WITH CALCULUS (PH_212_400_U2026),,,,,00608-phy-212-linked-detail-hw-5-gravity-general-physics-with-calculus-ph-212-400-u2026|00821-phy-212-linked-detail-hw-5-gravity-general-physics-with-calculus-ph-212-400-u2026|00822-phy-212-linked-detail-hw-5-gravity-general-physics-with-calculus-ph-212-400-u2026|00830-phy-212-linked-detail-unauthorized|00889-phy-212-linked-detail-jacob-peterson-s-quiz-history-hw-5-gravity,Hw 5 - Gravity: GENERAL PHYSICS WITH CALCULUS (PH_212_400_U2026)|Jacob Peterson's Quiz History: Hw 5 - Gravity|Unauthorized,Close|Help|History|Skip To Content,,,internal_canvas_question_url,Question-level Canvas URL came from a captured quiz page; the student-facing parent quiz is already captured.,no,high,No separate retry needed unless parent quiz content is incomplete.,resolved_internal_question_link,Question URL is an internal Canvas edit/detail link; parent quiz content was already captured.,No action needed for the question URL itself.
access-0126,2053526,PHY-212,unauthorized,00839-phy-212-linked-detail-unauthorized,Unauthorized,https://canvas.oregonstate.edu/courses/2053526/quizzes/3160513/questions/59026334,quiz_question,59026334,quiz,3160513,,,obj-phy-212-quiz-3160513,Hw 6 - Oscillations: GENERAL PHYSICS WITH CALCULUS (PH_212_400_U2026),task-00413-phy-212-blocked-or-broken-hw-6-oscillations-general-physics-with-calculus-ph-212-400-u2026,Hw 6 - Oscillations: GENERAL PHYSICS WITH CALCULUS (PH_212_400_U2026),,,,,00618-phy-212-linked-detail-hw-6-oscillations-general-physics-with-calculus-ph-212-400-u2026|00836-phy-212-linked-detail-hw-6-oscillations-general-physics-with-calculus-ph-212-400-u2026|00837-phy-212-linked-detail-jacob-peterson-s-quiz-history-hw-6-oscillations|00838-phy-212-linked-detail-hw-6-oscillations-general-physics-with-calculus-ph-212-400-u2026|00839-phy-212-linked-detail-unauthorized,Hw 6 - Oscillations: GENERAL PHYSICS WITH CALCULUS (PH_212_400_U2026)|Jacob Peterson's Quiz History: Hw 6 - Oscillations|Unauthorized,Close|Help|History|Skip To Content,,,internal_canvas_question_url,Question-level Canvas URL came from a captured quiz page; the student-facing parent quiz is already captured.,no,high,No separate retry needed unless parent quiz content is incomplete.,resolved_internal_question_link,Question URL is an internal Canvas edit/detail link; parent quiz content was already captured.,No action needed for the question URL itself.
access-0127,2053526,PHY-212,unauthorized,00840-phy-212-linked-detail-unauthorized,Unauthorized,https://canvas.oregonstate.edu/courses/2053526/quizzes/3160513/questions/59026335,quiz_question,59026335,quiz,3160513,,,obj-phy-212-quiz-3160513,Hw 6 - Oscillations: GENERAL PHYSICS WITH CALCULUS (PH_212_400_U2026),task-00413-phy-212-blocked-or-broken-hw-6-oscillations-general-physics-with-calculus-ph-212-400-u2026,Hw 6 - Oscillations: GENERAL PHYSICS WITH CALCULUS (PH_212_400_U2026),,,,,00618-phy-212-linked-detail-hw-6-oscillations-general-physics-with-calculus-ph-212-400-u2026|00836-phy-212-linked-detail-hw-6-oscillations-general-physics-with-calculus-ph-212-400-u2026|00837-phy-212-linked-detail-jacob-peterson-s-quiz-history-hw-6-oscillations|00838-phy-212-linked-detail-hw-6-oscillations-general-physics-with-calculus-ph-212-400-u2026|00840-phy-212-linked-detail-unauthorized,Hw 6 - Oscillations: GENERAL PHYSICS WITH CALCULUS (PH_212_400_U2026)|Jacob Peterson's Quiz History: Hw 6 - Oscillations|Unauthorized,Close|Help|History|Skip To Content,,,internal_canvas_question_url,Question-level Canvas URL came from a captured quiz page; the student-facing parent quiz is already captured.,no,high,No separate retry needed unless parent quiz content is incomplete.,resolved_internal_question_link,Question URL is an internal Canvas edit/detail link; parent quiz content was already captured.,No action needed for the question URL itself.
access-0128,2053526,PHY-212,unauthorized,00841-phy-212-linked-detail-unauthorized,Unauthorized,https://canvas.oregonstate.edu/courses/2053526/quizzes/3160513/questions/59026336,quiz_question,59026336,quiz,3160513,,,obj-phy-212-quiz-3160513,Hw 6 - Oscillations: GENERAL PHYSICS WITH CALCULUS (PH_212_400_U2026),task-00413-phy-212-blocked-or-broken-hw-6-oscillations-general-physics-with-calculus-ph-212-400-u2026,Hw 6 - Oscillations: GENERAL PHYSICS WITH CALCULUS (PH_212_400_U2026),,,,,00618-phy-212-linked-detail-hw-6-oscillations-general-physics-with-calculus-ph-212-400-u2026|00836-phy-212-linked-detail-hw-6-oscillations-general-physics-with-calculus-ph-212-400-u2026|00837-phy-212-linked-detail-jacob-peterson-s-quiz-history-hw-6-oscillations|00838-phy-212-linked-detail-hw-6-oscillations-general-physics-with-calculus-ph-212-400-u2026|00841-phy-212-linked-detail-unauthorized,Hw 6 - Oscillations: GENERAL PHYSICS WITH CALCULUS (PH_212_400_U2026)|Jacob Peterson's Quiz History: Hw 6 - Oscillations|Unauthorized,Close|Help|History|Skip To Content,,,internal_canvas_question_url,Question-level Canvas URL came from a captured quiz page; the student-facing parent quiz is already captured.,no,high,No separate retry needed unless parent quiz content is incomplete.,resolved_internal_question_link,Question URL is an internal Canvas edit/detail link; parent quiz content was already captured.,No action needed for the question URL itself.
access-0129,2053526,PHY-212,unauthorized,00842-phy-212-linked-detail-unauthorized,Unauthorized,https://canvas.oregonstate.edu/courses/2053526/quizzes/3160513/questions/59026337,quiz_question,59026337,quiz,3160513,,,obj-phy-212-quiz-3160513,Hw 6 - Oscillations: GENERAL PHYSICS WITH CALCULUS (PH_212_400_U2026),task-00413-phy-212-blocked-or-broken-hw-6-oscillations-general-physics-with-calculus-ph-212-400-u2026,Hw 6 - Oscillations: GENERAL PHYSICS WITH CALCULUS (PH_212_400_U2026),,,,,00618-phy-212-linked-detail-hw-6-oscillations-general-physics-with-calculus-ph-212-400-u2026|00836-phy-212-linked-detail-hw-6-oscillations-general-physics-with-calculus-ph-212-400-u2026|00837-phy-212-linked-detail-jacob-peterson-s-quiz-history-hw-6-oscillations|00838-phy-212-linked-detail-hw-6-oscillations-general-physics-with-calculus-ph-212-400-u2026|00842-phy-212-linked-detail-unauthorized,Hw 6 - Oscillations: GENERAL PHYSICS WITH CALCULUS (PH_212_400_U2026)|Jacob Peterson's Quiz History: Hw 6 - Oscillations|Unauthorized,Close|Help|History|Skip To Content,,,internal_canvas_question_url,Question-level Canvas URL came from a captured quiz page; the student-facing parent quiz is already captured.,no,high,No separate retry needed unless parent quiz content is incomplete.,resolved_internal_question_link,Question URL is an internal Canvas edit/detail link; parent quiz content was already captured.,No action needed for the question URL itself.
access-0130,2053526,PHY-212,unauthorized,00843-phy-212-linked-detail-unauthorized,Unauthorized,https://canvas.oregonstate.edu/courses/2053526/quizzes/3160513/questions/59026338,quiz_question,59026338,quiz,3160513,,,obj-phy-212-quiz-3160513,Hw 6 - Oscillations: GENERAL PHYSICS WITH CALCULUS (PH_212_400_U2026),task-00413-phy-212-blocked-or-broken-hw-6-oscillations-general-physics-with-calculus-ph-212-400-u2026,Hw 6 - Oscillations: GENERAL PHYSICS WITH CALCULUS (PH_212_400_U2026),,,,,00618-phy-212-linked-detail-hw-6-oscillations-general-physics-with-calculus-ph-212-400-u2026|00836-phy-212-linked-detail-hw-6-oscillations-general-physics-with-calculus-ph-212-400-u2026|00837-phy-212-linked-detail-jacob-peterson-s-quiz-history-hw-6-oscillations|00838-phy-212-linked-detail-hw-6-oscillations-general-physics-with-calculus-ph-212-400-u2026|00843-phy-212-linked-detail-unauthorized,Hw 6 - Oscillations: GENERAL PHYSICS WITH CALCULUS (PH_212_400_U2026)|Jacob Peterson's Quiz History: Hw 6 - Oscillations|Unauthorized,Close|Help|History|Skip To Content,,,internal_canvas_question_url,Question-level Canvas URL came from a captured quiz page; the student-facing parent quiz is already captured.,no,high,No separate retry needed unless parent quiz content is incomplete.,resolved_internal_question_link,Question URL is an internal Canvas edit/detail link; parent quiz content was already captured.,No action needed for the question URL itself.
access-0131,2053526,PHY-212,unauthorized,00844-phy-212-linked-detail-unauthorized,Unauthorized,https://canvas.oregonstate.edu/courses/2053526/quizzes/3160513/questions/59026339,quiz_question,59026339,quiz,3160513,,,obj-phy-212-quiz-3160513,Hw 6 - Oscillations: GENERAL PHYSICS WITH CALCULUS (PH_212_400_U2026),task-00413-phy-212-blocked-or-broken-hw-6-oscillations-general-physics-with-calculus-ph-212-400-u2026,Hw 6 - Oscillations: GENERAL PHYSICS WITH CALCULUS (PH_212_400_U2026),,,,,00618-phy-212-linked-detail-hw-6-oscillations-general-physics-with-calculus-ph-212-400-u2026|00836-phy-212-linked-detail-hw-6-oscillations-general-physics-with-calculus-ph-212-400-u2026|00837-phy-212-linked-detail-jacob-peterson-s-quiz-history-hw-6-oscillations|00838-phy-212-linked-detail-hw-6-oscillations-general-physics-with-calculus-ph-212-400-u2026|00844-phy-212-linked-detail-unauthorized,Hw 6 - Oscillations: GENERAL PHYSICS WITH CALCULUS (PH_212_400_U2026)|Jacob Peterson's Quiz History: Hw 6 - Oscillations|Unauthorized,Close|Help|History|Skip To Content,,,internal_canvas_question_url,Question-level Canvas URL came from a captured quiz page; the student-facing parent quiz is already captured.,no,high,No separate retry needed unless parent quiz content is incomplete.,resolved_internal_question_link,Question URL is an internal Canvas edit/detail link; parent quiz content was already captured.,No action needed for the question URL itself.
access-0132,2053526,PHY-212,unauthorized,00845-phy-212-linked-detail-unauthorized,Unauthorized,https://canvas.oregonstate.edu/courses/2053526/quizzes/3160513/questions/59026340,quiz_question,59026340,quiz,3160513,,,obj-phy-212-quiz-3160513,Hw 6 - Oscillations: GENERAL PHYSICS WITH CALCULUS (PH_212_400_U2026),task-00413-phy-212-blocked-or-broken-hw-6-oscillations-general-physics-with-calculus-ph-212-400-u2026,Hw 6 - Oscillations: GENERAL PHYSICS WITH CALCULUS (PH_212_400_U2026),,,,,00618-phy-212-linked-detail-hw-6-oscillations-general-physics-with-calculus-ph-212-400-u2026|00836-phy-212-linked-detail-hw-6-oscillations-general-physics-with-calculus-ph-212-400-u2026|00837-phy-212-linked-detail-jacob-peterson-s-quiz-history-hw-6-oscillations|00838-phy-212-linked-detail-hw-6-oscillations-general-physics-with-calculus-ph-212-400-u2026|00845-phy-212-linked-detail-unauthorized,Hw 6 - Oscillations: GENERAL PHYSICS WITH CALCULUS (PH_212_400_U2026)|Jacob Peterson's Quiz History: Hw 6 - Oscillations|Unauthorized,Close|Help|History|Skip To Content,,,internal_canvas_question_url,Question-level Canvas URL came from a captured quiz page; the student-facing parent quiz is already captured.,no,high,No separate retry needed unless parent quiz content is incomplete.,resolved_internal_question_link,Question URL is an internal Canvas edit/detail link; parent quiz content was already captured.,No action needed for the question URL itself.
access-0133,2053526,PHY-212,unauthorized,00846-phy-212-linked-detail-unauthorized,Unauthorized,https://canvas.oregonstate.edu/courses/2053526/quizzes/3160513/questions/59026341,quiz_question,59026341,quiz,3160513,,,obj-phy-212-quiz-3160513,Hw 6 - Oscillations: GENERAL PHYSICS WITH CALCULUS (PH_212_400_U2026),task-00413-phy-212-blocked-or-broken-hw-6-oscillations-general-physics-with-calculus-ph-212-400-u2026,Hw 6 - Oscillations: GENERAL PHYSICS WITH CALCULUS (PH_212_400_U2026),,,,,00618-phy-212-linked-detail-hw-6-oscillations-general-physics-with-calculus-ph-212-400-u2026|00836-phy-212-linked-detail-hw-6-oscillations-general-physics-with-calculus-ph-212-400-u2026|00837-phy-212-linked-detail-jacob-peterson-s-quiz-history-hw-6-oscillations|00838-phy-212-linked-detail-hw-6-oscillations-general-physics-with-calculus-ph-212-400-u2026|00846-phy-212-linked-detail-unauthorized,Hw 6 - Oscillations: GENERAL PHYSICS WITH CALCULUS (PH_212_400_U2026)|Jacob Peterson's Quiz History: Hw 6 - Oscillations|Unauthorized,Close|Help|History|Skip To Content,,,internal_canvas_question_url,Question-level Canvas URL came from a captured quiz page; the student-facing parent quiz is already captured.,no,high,No separate retry needed unless parent quiz content is incomplete.,resolved_internal_question_link,Question URL is an internal Canvas edit/detail link; parent quiz content was already captured.,No action needed for the question URL itself.
access-0134,2053526,PHY-212,unauthorized,00847-phy-212-linked-detail-unauthorized,Unauthorized,https://canvas.oregonstate.edu/courses/2053526/quizzes/3160513/questions/59026342,quiz_question,59026342,quiz,3160513,,,obj-phy-212-quiz-3160513,Hw 6 - Oscillations: GENERAL PHYSICS WITH CALCULUS (PH_212_400_U2026),task-00413-phy-212-blocked-or-broken-hw-6-oscillations-general-physics-with-calculus-ph-212-400-u2026,Hw 6 - Oscillations: GENERAL PHYSICS WITH CALCULUS (PH_212_400_U2026),,,,,00618-phy-212-linked-detail-hw-6-oscillations-general-physics-with-calculus-ph-212-400-u2026|00836-phy-212-linked-detail-hw-6-oscillations-general-physics-with-calculus-ph-212-400-u2026|00837-phy-212-linked-detail-jacob-peterson-s-quiz-history-hw-6-oscillations|00838-phy-212-linked-detail-hw-6-oscillations-general-physics-with-calculus-ph-212-400-u2026|00847-phy-212-linked-detail-unauthorized,Hw 6 - Oscillations: GENERAL PHYSICS WITH CALCULUS (PH_212_400_U2026)|Jacob Peterson's Quiz History: Hw 6 - Oscillations|Unauthorized,Close|Help|History|Skip To Content,,,internal_canvas_question_url,Question-level Canvas URL came from a captured quiz page; the student-facing parent quiz is already captured.,no,high,No separate retry needed unless parent quiz content is incomplete.,resolved_internal_question_link,Question URL is an internal Canvas edit/detail link; parent quiz content was already captured.,No action needed for the question URL itself.
access-0135,2053526,PHY-212,unauthorized,00848-phy-212-linked-detail-unauthorized,Unauthorized,https://canvas.oregonstate.edu/courses/2053526/quizzes/3160513/questions/59026343,quiz_question,59026343,quiz,3160513,,,obj-phy-212-quiz-3160513,Hw 6 - Oscillations: GENERAL PHYSICS WITH CALCULUS (PH_212_400_U2026),task-00413-phy-212-blocked-or-broken-hw-6-oscillations-general-physics-with-calculus-ph-212-400-u2026,Hw 6 - Oscillations: GENERAL PHYSICS WITH CALCULUS (PH_212_400_U2026),,,,,00618-phy-212-linked-detail-hw-6-oscillations-general-physics-with-calculus-ph-212-400-u2026|00836-phy-212-linked-detail-hw-6-oscillations-general-physics-with-calculus-ph-212-400-u2026|00837-phy-212-linked-detail-jacob-peterson-s-quiz-history-hw-6-oscillations|00838-phy-212-linked-detail-hw-6-oscillations-general-physics-with-calculus-ph-212-400-u2026|00848-phy-212-linked-detail-unauthorized,Hw 6 - Oscillations: GENERAL PHYSICS WITH CALCULUS (PH_212_400_U2026)|Jacob Peterson's Quiz History: Hw 6 - Oscillations|Unauthorized,Close|Help|History|Skip To Content,,,internal_canvas_question_url,Question-level Canvas URL came from a captured quiz page; the student-facing parent quiz is already captured.,no,high,No separate retry needed unless parent quiz content is incomplete.,resolved_internal_question_link,Question URL is an internal Canvas edit/detail link; parent quiz content was already captured.,No action needed for the question URL itself.
access-0136,2053526,PHY-212,unauthorized,00849-phy-212-linked-detail-unauthorized,Unauthorized,https://canvas.oregonstate.edu/courses/2053526/quizzes/3160513/questions/59026344,quiz_question,59026344,quiz,3160513,,,obj-phy-212-quiz-3160513,Hw 6 - Oscillations: GENERAL PHYSICS WITH CALCULUS (PH_212_400_U2026),task-00413-phy-212-blocked-or-broken-hw-6-oscillations-general-physics-with-calculus-ph-212-400-u2026,Hw 6 - Oscillations: GENERAL PHYSICS WITH CALCULUS (PH_212_400_U2026),,,,,00618-phy-212-linked-detail-hw-6-oscillations-general-physics-with-calculus-ph-212-400-u2026|00836-phy-212-linked-detail-hw-6-oscillations-general-physics-with-calculus-ph-212-400-u2026|00837-phy-212-linked-detail-jacob-peterson-s-quiz-history-hw-6-oscillations|00838-phy-212-linked-detail-hw-6-oscillations-general-physics-with-calculus-ph-212-400-u2026|00849-phy-212-linked-detail-unauthorized,Hw 6 - Oscillations: GENERAL PHYSICS WITH CALCULUS (PH_212_400_U2026)|Jacob Peterson's Quiz History: Hw 6 - Oscillations|Unauthorized,Close|Help|History|Skip To Content,,,internal_canvas_question_url,Question-level Canvas URL came from a captured quiz page; the student-facing parent quiz is already captured.,no,high,No separate retry needed unless parent quiz content is incomplete.,resolved_internal_question_link,Question URL is an internal Canvas edit/detail link; parent quiz content was already captured.,No action needed for the question URL itself.
access-0137,2053526,PHY-212,unauthorized,00850-phy-212-linked-detail-unauthorized,Unauthorized,https://canvas.oregonstate.edu/courses/2053526/quizzes/3160513/questions/59026345,quiz_question,59026345,quiz,3160513,,,obj-phy-212-quiz-3160513,Hw 6 - Oscillations: GENERAL PHYSICS WITH CALCULUS (PH_212_400_U2026),task-00413-phy-212-blocked-or-broken-hw-6-oscillations-general-physics-with-calculus-ph-212-400-u2026,Hw 6 - Oscillations: GENERAL PHYSICS WITH CALCULUS (PH_212_400_U2026),,,,,00618-phy-212-linked-detail-hw-6-oscillations-general-physics-with-calculus-ph-212-400-u2026|00836-phy-212-linked-detail-hw-6-oscillations-general-physics-with-calculus-ph-212-400-u2026|00837-phy-212-linked-detail-jacob-peterson-s-quiz-history-hw-6-oscillations|00838-phy-212-linked-detail-hw-6-oscillations-general-physics-with-calculus-ph-212-400-u2026|00850-phy-212-linked-detail-unauthorized,Hw 6 - Oscillations: GENERAL PHYSICS WITH CALCULUS (PH_212_400_U2026)|Jacob Peterson's Quiz History: Hw 6 - Oscillations|Unauthorized,Close|Help|History|Skip To Content,,,internal_canvas_question_url,Question-level Canvas URL came from a captured quiz page; the student-facing parent quiz is already captured.,no,high,No separate retry needed unless parent quiz content is incomplete.,resolved_internal_question_link,Question URL is an internal Canvas edit/detail link; parent quiz content was already captured.,No action needed for the question URL itself.
access-0138,2053526,PHY-212,unauthorized,00851-phy-212-linked-detail-unauthorized,Unauthorized,https://canvas.oregonstate.edu/courses/2053526/quizzes/3160513/questions/59026346,quiz_question,59026346,quiz,3160513,,,obj-phy-212-quiz-3160513,Hw 6 - Oscillations: GENERAL PHYSICS WITH CALCULUS (PH_212_400_U2026),task-00413-phy-212-blocked-or-broken-hw-6-oscillations-general-physics-with-calculus-ph-212-400-u2026,Hw 6 - Oscillations: GENERAL PHYSICS WITH CALCULUS (PH_212_400_U2026),,,,,00618-phy-212-linked-detail-hw-6-oscillations-general-physics-with-calculus-ph-212-400-u2026|00836-phy-212-linked-detail-hw-6-oscillations-general-physics-with-calculus-ph-212-400-u2026|00837-phy-212-linked-detail-jacob-peterson-s-quiz-history-hw-6-oscillations|00838-phy-212-linked-detail-hw-6-oscillations-general-physics-with-calculus-ph-212-400-u2026|00851-phy-212-linked-detail-unauthorized,Hw 6 - Oscillations: GENERAL PHYSICS WITH CALCULUS (PH_212_400_U2026)|Jacob Peterson's Quiz History: Hw 6 - Oscillations|Unauthorized,Close|Help|History|Skip To Content,,,internal_canvas_question_url,Question-level Canvas URL came from a captured quiz page; the student-facing parent quiz is already captured.,no,high,No separate retry needed unless parent quiz content is incomplete.,resolved_internal_question_link,Question URL is an internal Canvas edit/detail link; parent quiz content was already captured.,No action needed for the question URL itself.
access-0139,2053526,PHY-212,unauthorized,00852-phy-212-linked-detail-unauthorized,Unauthorized,https://canvas.oregonstate.edu/courses/2053526/quizzes/3160513/questions/59026347,quiz_question,59026347,quiz,3160513,,,obj-phy-212-quiz-3160513,Hw 6 - Oscillations: GENERAL PHYSICS WITH CALCULUS (PH_212_400_U2026),task-00413-phy-212-blocked-or-broken-hw-6-oscillations-general-physics-with-calculus-ph-212-400-u2026,Hw 6 - Oscillations: GENERAL PHYSICS WITH CALCULUS (PH_212_400_U2026),,,,,00618-phy-212-linked-detail-hw-6-oscillations-general-physics-with-calculus-ph-212-400-u2026|00836-phy-212-linked-detail-hw-6-oscillations-general-physics-with-calculus-ph-212-400-u2026|00837-phy-212-linked-detail-jacob-peterson-s-quiz-history-hw-6-oscillations|00838-phy-212-linked-detail-hw-6-oscillations-general-physics-with-calculus-ph-212-400-u2026|00852-phy-212-linked-detail-unauthorized,Hw 6 - Oscillations: GENERAL PHYSICS WITH CALCULUS (PH_212_400_U2026)|Jacob Peterson's Quiz History: Hw 6 - Oscillations|Unauthorized,Close|Help|History|Skip To Content,,,internal_canvas_question_url,Question-level Canvas URL came from a captured quiz page; the student-facing parent quiz is already captured.,no,high,No separate retry needed unless parent quiz content is incomplete.,resolved_internal_question_link,Question URL is an internal Canvas edit/detail link; parent quiz content was already captured.,No action needed for the question URL itself.
access-0140,2053526,PHY-212,unauthorized,00860-phy-212-linked-detail-unauthorized,Unauthorized,https://canvas.oregonstate.edu/courses/2053526/quizzes/3160478/questions/59026174,quiz_question,59026174,quiz,3160478,,,obj-phy-212-quiz-3160478,Hw 7 - Waves: GENERAL PHYSICS WITH CALCULUS (PH_212_400_U2026),task-00414-phy-212-blocked-or-broken-hw-7-waves-general-physics-with-calculus-ph-212-400-u2026,Hw 7 - Waves: GENERAL PHYSICS WITH CALCULUS (PH_212_400_U2026),,,,,00625-phy-212-linked-detail-hw-7-waves-general-physics-with-calculus-ph-212-400-u2026|00857-phy-212-linked-detail-hw-7-waves-general-physics-with-calculus-ph-212-400-u2026|00858-phy-212-linked-detail-jacob-peterson-s-quiz-history-hw-7-waves|00859-phy-212-linked-detail-hw-7-waves-general-physics-with-calculus-ph-212-400-u2026|00860-phy-212-linked-detail-unauthorized,Hw 7 - Waves: GENERAL PHYSICS WITH CALCULUS (PH_212_400_U2026)|Jacob Peterson's Quiz History: Hw 7 - Waves|Unauthorized,Close|Help|History|Skip To Content,,,internal_canvas_question_url,Question-level Canvas URL came from a captured quiz page; the student-facing parent quiz is already captured.,no,high,No separate retry needed unless parent quiz content is incomplete.,resolved_internal_question_link,Question URL is an internal Canvas edit/detail link; parent quiz content was already captured.,No action needed for the question URL itself.
access-0141,2053526,PHY-212,unauthorized,00861-phy-212-linked-detail-unauthorized,Unauthorized,https://canvas.oregonstate.edu/courses/2053526/quizzes/3160478/questions/59026175,quiz_question,59026175,quiz,3160478,,,obj-phy-212-quiz-3160478,Hw 7 - Waves: GENERAL PHYSICS WITH CALCULUS (PH_212_400_U2026),task-00414-phy-212-blocked-or-broken-hw-7-waves-general-physics-with-calculus-ph-212-400-u2026,Hw 7 - Waves: GENERAL PHYSICS WITH CALCULUS (PH_212_400_U2026),,,,,00625-phy-212-linked-detail-hw-7-waves-general-physics-with-calculus-ph-212-400-u2026|00857-phy-212-linked-detail-hw-7-waves-general-physics-with-calculus-ph-212-400-u2026|00858-phy-212-linked-detail-jacob-peterson-s-quiz-history-hw-7-waves|00859-phy-212-linked-detail-hw-7-waves-general-physics-with-calculus-ph-212-400-u2026|00861-phy-212-linked-detail-unauthorized,Hw 7 - Waves: GENERAL PHYSICS WITH CALCULUS (PH_212_400_U2026)|Jacob Peterson's Quiz History: Hw 7 - Waves|Unauthorized,Close|Help|History|Skip To Content,,,internal_canvas_question_url,Question-level Canvas URL came from a captured quiz page; the student-facing parent quiz is already captured.,no,high,No separate retry needed unless parent quiz content is incomplete.,resolved_internal_question_link,Question URL is an internal Canvas edit/detail link; parent quiz content was already captured.,No action needed for the question URL itself.
access-0142,2053526,PHY-212,unauthorized,00862-phy-212-linked-detail-unauthorized,Unauthorized,https://canvas.oregonstate.edu/courses/2053526/quizzes/3160478/questions/59026176,quiz_question,59026176,quiz,3160478,,,obj-phy-212-quiz-3160478,Hw 7 - Waves: GENERAL PHYSICS WITH CALCULUS (PH_212_400_U2026),task-00414-phy-212-blocked-or-broken-hw-7-waves-general-physics-with-calculus-ph-212-400-u2026,Hw 7 - Waves: GENERAL PHYSICS WITH CALCULUS (PH_212_400_U2026),,,,,00625-phy-212-linked-detail-hw-7-waves-general-physics-with-calculus-ph-212-400-u2026|00857-phy-212-linked-detail-hw-7-waves-general-physics-with-calculus-ph-212-400-u2026|00858-phy-212-linked-detail-jacob-peterson-s-quiz-history-hw-7-waves|00859-phy-212-linked-detail-hw-7-waves-general-physics-with-calculus-ph-212-400-u2026|00862-phy-212-linked-detail-unauthorized,Hw 7 - Waves: GENERAL PHYSICS WITH CALCULUS (PH_212_400_U2026)|Jacob Peterson's Quiz History: Hw 7 - Waves|Unauthorized,Close|Help|History|Skip To Content,,,internal_canvas_question_url,Question-level Canvas URL came from a captured quiz page; the student-facing parent quiz is already captured.,no,high,No separate retry needed unless parent quiz content is incomplete.,resolved_internal_question_link,Question URL is an internal Canvas edit/detail link; parent quiz content was already captured.,No action needed for the question URL itself.
access-0143,2053526,PHY-212,unauthorized,00863-phy-212-linked-detail-unauthorized,Unauthorized,https://canvas.oregonstate.edu/courses/2053526/quizzes/3160478/questions/59026177,quiz_question,59026177,quiz,3160478,,,obj-phy-212-quiz-3160478,Hw 7 - Waves: GENERAL PHYSICS WITH CALCULUS (PH_212_400_U2026),task-00414-phy-212-blocked-or-broken-hw-7-waves-general-physics-with-calculus-ph-212-400-u2026,Hw 7 - Waves: GENERAL PHYSICS WITH CALCULUS (PH_212_400_U2026),,,,,00625-phy-212-linked-detail-hw-7-waves-general-physics-with-calculus-ph-212-400-u2026|00857-phy-212-linked-detail-hw-7-waves-general-physics-with-calculus-ph-212-400-u2026|00858-phy-212-linked-detail-jacob-peterson-s-quiz-history-hw-7-waves|00859-phy-212-linked-detail-hw-7-waves-general-physics-with-calculus-ph-212-400-u2026|00863-phy-212-linked-detail-unauthorized,Hw 7 - Waves: GENERAL PHYSICS WITH CALCULUS (PH_212_400_U2026)|Jacob Peterson's Quiz History: Hw 7 - Waves|Unauthorized,Close|Help|History|Skip To Content,,,internal_canvas_question_url,Question-level Canvas URL came from a captured quiz page; the student-facing parent quiz is already captured.,no,high,No separate retry needed unless parent quiz content is incomplete.,resolved_internal_question_link,Question URL is an internal Canvas edit/detail link; parent quiz content was already captured.,No action needed for the question URL itself.
access-0144,2053526,PHY-212,unauthorized,00864-phy-212-linked-detail-unauthorized,Unauthorized,https://canvas.oregonstate.edu/courses/2053526/quizzes/3160478/questions/59026178,quiz_question,59026178,quiz,3160478,,,obj-phy-212-quiz-3160478,Hw 7 - Waves: GENERAL PHYSICS WITH CALCULUS (PH_212_400_U2026),task-00414-phy-212-blocked-or-broken-hw-7-waves-general-physics-with-calculus-ph-212-400-u2026,Hw 7 - Waves: GENERAL PHYSICS WITH CALCULUS (PH_212_400_U2026),,,,,00625-phy-212-linked-detail-hw-7-waves-general-physics-with-calculus-ph-212-400-u2026|00857-phy-212-linked-detail-hw-7-waves-general-physics-with-calculus-ph-212-400-u2026|00858-phy-212-linked-detail-jacob-peterson-s-quiz-history-hw-7-waves|00859-phy-212-linked-detail-hw-7-waves-general-physics-with-calculus-ph-212-400-u2026|00864-phy-212-linked-detail-unauthorized,Hw 7 - Waves: GENERAL PHYSICS WITH CALCULUS (PH_212_400_U2026)|Jacob Peterson's Quiz History: Hw 7 - Waves|Unauthorized,Close|Help|History|Skip To Content,,,internal_canvas_question_url,Question-level Canvas URL came from a captured quiz page; the student-facing parent quiz is already captured.,no,high,No separate retry needed unless parent quiz content is incomplete.,resolved_internal_question_link,Question URL is an internal Canvas edit/detail link; parent quiz content was already captured.,No action needed for the question URL itself.
access-0145,2053526,PHY-212,unauthorized,00865-phy-212-linked-detail-unauthorized,Unauthorized,https://canvas.oregonstate.edu/courses/2053526/quizzes/3160478/questions/59026179,quiz_question,59026179,quiz,3160478,,,obj-phy-212-quiz-3160478,Hw 7 - Waves: GENERAL PHYSICS WITH CALCULUS (PH_212_400_U2026),task-00414-phy-212-blocked-or-broken-hw-7-waves-general-physics-with-calculus-ph-212-400-u2026,Hw 7 - Waves: GENERAL PHYSICS WITH CALCULUS (PH_212_400_U2026),,,,,00625-phy-212-linked-detail-hw-7-waves-general-physics-with-calculus-ph-212-400-u2026|00857-phy-212-linked-detail-hw-7-waves-general-physics-with-calculus-ph-212-400-u2026|00858-phy-212-linked-detail-jacob-peterson-s-quiz-history-hw-7-waves|00859-phy-212-linked-detail-hw-7-waves-general-physics-with-calculus-ph-212-400-u2026|00865-phy-212-linked-detail-unauthorized,Hw 7 - Waves: GENERAL PHYSICS WITH CALCULUS (PH_212_400_U2026)|Jacob Peterson's Quiz History: Hw 7 - Waves|Unauthorized,Close|Help|History|Skip To Content,,,internal_canvas_question_url,Question-level Canvas URL came from a captured quiz page; the student-facing parent quiz is already captured.,no,high,No separate retry needed unless parent quiz content is incomplete.,resolved_internal_question_link,Question URL is an internal Canvas edit/detail link; parent quiz content was already captured.,No action needed for the question URL itself.
access-0146,2053526,PHY-212,unauthorized,00866-phy-212-linked-detail-unauthorized,Unauthorized,https://canvas.oregonstate.edu/courses/2053526/quizzes/3160478/questions/59026180,quiz_question,59026180,quiz,3160478,,,obj-phy-212-quiz-3160478,Hw 7 - Waves: GENERAL PHYSICS WITH CALCULUS (PH_212_400_U2026),task-00414-phy-212-blocked-or-broken-hw-7-waves-general-physics-with-calculus-ph-212-400-u2026,Hw 7 - Waves: GENERAL PHYSICS WITH CALCULUS (PH_212_400_U2026),,,,,00625-phy-212-linked-detail-hw-7-waves-general-physics-with-calculus-ph-212-400-u2026|00857-phy-212-linked-detail-hw-7-waves-general-physics-with-calculus-ph-212-400-u2026|00858-phy-212-linked-detail-jacob-peterson-s-quiz-history-hw-7-waves|00859-phy-212-linked-detail-hw-7-waves-general-physics-with-calculus-ph-212-400-u2026|00866-phy-212-linked-detail-unauthorized,Hw 7 - Waves: GENERAL PHYSICS WITH CALCULUS (PH_212_400_U2026)|Jacob Peterson's Quiz History: Hw 7 - Waves|Unauthorized,Close|Help|History|Skip To Content,,,internal_canvas_question_url,Question-level Canvas URL came from a captured quiz page; the student-facing parent quiz is already captured.,no,high,No separate retry needed unless parent quiz content is incomplete.,resolved_internal_question_link,Question URL is an internal Canvas edit/detail link; parent quiz content was already captured.,No action needed for the question URL itself.
access-0147,2053526,PHY-212,unauthorized,00867-phy-212-linked-detail-unauthorized,Unauthorized,https://canvas.oregonstate.edu/courses/2053526/quizzes/3160478/questions/59026181,quiz_question,59026181,quiz,3160478,,,obj-phy-212-quiz-3160478,Hw 7 - Waves: GENERAL PHYSICS WITH CALCULUS (PH_212_400_U2026),task-00414-phy-212-blocked-or-broken-hw-7-waves-general-physics-with-calculus-ph-212-400-u2026,Hw 7 - Waves: GENERAL PHYSICS WITH CALCULUS (PH_212_400_U2026),,,,,00625-phy-212-linked-detail-hw-7-waves-general-physics-with-calculus-ph-212-400-u2026|00857-phy-212-linked-detail-hw-7-waves-general-physics-with-calculus-ph-212-400-u2026|00858-phy-212-linked-detail-jacob-peterson-s-quiz-history-hw-7-waves|00859-phy-212-linked-detail-hw-7-waves-general-physics-with-calculus-ph-212-400-u2026|00867-phy-212-linked-detail-unauthorized,Hw 7 - Waves: GENERAL PHYSICS WITH CALCULUS (PH_212_400_U2026)|Jacob Peterson's Quiz History: Hw 7 - Waves|Unauthorized,Close|Help|History|Skip To Content,,,internal_canvas_question_url,Question-level Canvas URL came from a captured quiz page; the student-facing parent quiz is already captured.,no,high,No separate retry needed unless parent quiz content is incomplete.,resolved_internal_question_link,Question URL is an internal Canvas edit/detail link; parent quiz content was already captured.,No action needed for the question URL itself.
access-0148,2053526,PHY-212,unauthorized,00868-phy-212-linked-detail-unauthorized,Unauthorized,https://canvas.oregonstate.edu/courses/2053526/quizzes/3160478/questions/59026182,quiz_question,59026182,quiz,3160478,,,obj-phy-212-quiz-3160478,Hw 7 - Waves: GENERAL PHYSICS WITH CALCULUS (PH_212_400_U2026),task-00414-phy-212-blocked-or-broken-hw-7-waves-general-physics-with-calculus-ph-212-400-u2026,Hw 7 - Waves: GENERAL PHYSICS WITH CALCULUS (PH_212_400_U2026),,,,,00625-phy-212-linked-detail-hw-7-waves-general-physics-with-calculus-ph-212-400-u2026|00857-phy-212-linked-detail-hw-7-waves-general-physics-with-calculus-ph-212-400-u2026|00858-phy-212-linked-detail-jacob-peterson-s-quiz-history-hw-7-waves|00859-phy-212-linked-detail-hw-7-waves-general-physics-with-calculus-ph-212-400-u2026|00868-phy-212-linked-detail-unauthorized,Hw 7 - Waves: GENERAL PHYSICS WITH CALCULUS (PH_212_400_U2026)|Jacob Peterson's Quiz History: Hw 7 - Waves|Unauthorized,Close|Help|History|Skip To Content,,,internal_canvas_question_url,Question-level Canvas URL came from a captured quiz page; the student-facing parent quiz is already captured.,no,high,No separate retry needed unless parent quiz content is incomplete.,resolved_internal_question_link,Question URL is an internal Canvas edit/detail link; parent quiz content was already captured.,No action needed for the question URL itself.
access-0149,2053526,PHY-212,unauthorized,00869-phy-212-linked-detail-unauthorized,Unauthorized,https://canvas.oregonstate.edu/courses/2053526/quizzes/3160478/questions/59026183,quiz_question,59026183,quiz,3160478,,,obj-phy-212-quiz-3160478,Hw 7 - Waves: GENERAL PHYSICS WITH CALCULUS (PH_212_400_U2026),task-00414-phy-212-blocked-or-broken-hw-7-waves-general-physics-with-calculus-ph-212-400-u2026,Hw 7 - Waves: GENERAL PHYSICS WITH CALCULUS (PH_212_400_U2026),,,,,00625-phy-212-linked-detail-hw-7-waves-general-physics-with-calculus-ph-212-400-u2026|00857-phy-212-linked-detail-hw-7-waves-general-physics-with-calculus-ph-212-400-u2026|00858-phy-212-linked-detail-jacob-peterson-s-quiz-history-hw-7-waves|00859-phy-212-linked-detail-hw-7-waves-general-physics-with-calculus-ph-212-400-u2026|00869-phy-212-linked-detail-unauthorized,Hw 7 - Waves: GENERAL PHYSICS WITH CALCULUS (PH_212_400_U2026)|Jacob Peterson's Quiz History: Hw 7 - Waves|Unauthorized,Close|Help|History|Skip To Content,,,internal_canvas_question_url,Question-level Canvas URL came from a captured quiz page; the student-facing parent quiz is already captured.,no,high,No separate retry needed unless parent quiz content is incomplete.,resolved_internal_question_link,Question URL is an internal Canvas edit/detail link; parent quiz content was already captured.,No action needed for the question URL itself.
access-0150,2053526,PHY-212,unauthorized,00875-phy-212-linked-detail-unauthorized,Unauthorized,https://canvas.oregonstate.edu/courses/2053526/quizzes/3160497/questions/59026268,quiz_question,59026268,quiz,3160497,,,obj-phy-212-quiz-3160497,M5-4pre: GENERAL PHYSICS WITH CALCULUS (PH_212_400_U2026),task-00456-phy-212-blocked-or-broken-m5-4pre-general-physics-with-calculus-ph-212-400-u2026,M5-4pre: GENERAL PHYSICS WITH CALCULUS (PH_212_400_U2026),,,,,00629-phy-212-linked-detail-m5-4pre-general-physics-with-calculus-ph-212-400-u2026|00873-phy-212-linked-detail-jacob-peterson-s-quiz-history-m5-4pre|00874-phy-212-linked-detail-m5-4pre-general-physics-with-calculus-ph-212-400-u2026|00875-phy-212-linked-detail-unauthorized,Jacob Peterson's Quiz History: M5-4pre|M5-4pre: GENERAL PHYSICS WITH CALCULUS (PH_212_400_U2026)|Unauthorized,Close|Help|History|Skip To Content,,,internal_canvas_question_url,Question-level Canvas URL came from a captured quiz page; the student-facing parent quiz is already captured.,no,high,No separate retry needed unless parent quiz content is incomplete.,resolved_internal_question_link,Question URL is an internal Canvas edit/detail link; parent quiz content was already captured.,No action needed for the question URL itself.
access-0151,2053526,PHY-212,unauthorized,00890-phy-212-linked-detail-unauthorized,Unauthorized,https://canvas.oregonstate.edu/courses/2053526/quizzes/3160525/questions/59026393,quiz_question,59026393,quiz,3160525,,,obj-phy-212-quiz-3160525,M5-2asy: GENERAL PHYSICS WITH CALCULUS (PH_212_400_U2026),task-00451-phy-212-blocked-or-broken-m5-2asy-general-physics-with-calculus-ph-212-400-u2026,M5-2asy: GENERAL PHYSICS WITH CALCULUS (PH_212_400_U2026),,,,,00878-phy-212-linked-detail-quiz-m5-2asy|00890-phy-212-linked-detail-unauthorized,Quiz: M5-2asy|Unauthorized,Close|Help|History|Skip To Content,,,internal_canvas_question_url,Question-level Canvas URL came from a captured quiz page; the student-facing parent quiz is already captured.,no,high,No separate retry needed unless parent quiz content is incomplete.,resolved_internal_question_link,Question URL is an internal Canvas edit/detail link; parent quiz content was already captured.,No action needed for the question URL itself.
access-0152,2053526,PHY-212,unauthorized,00891-phy-212-linked-detail-unauthorized,Unauthorized,https://canvas.oregonstate.edu/courses/2053526/quizzes/3160525/questions/59228964,quiz_question,59228964,quiz,3160525,,,obj-phy-212-quiz-3160525,M5-2asy: GENERAL PHYSICS WITH CALCULUS (PH_212_400_U2026),task-00451-phy-212-blocked-or-broken-m5-2asy-general-physics-with-calculus-ph-212-400-u2026,M5-2asy: GENERAL PHYSICS WITH CALCULUS (PH_212_400_U2026),,,,,00878-phy-212-linked-detail-quiz-m5-2asy|00891-phy-212-linked-detail-unauthorized,Quiz: M5-2asy|Unauthorized,Close|Help|History|Skip To Content,,,internal_canvas_question_url,Question-level Canvas URL came from a captured quiz page; the student-facing parent quiz is already captured.,no,high,No separate retry needed unless parent quiz content is incomplete.,resolved_internal_question_link,Question URL is an internal Canvas edit/detail link; parent quiz content was already captured.,No action needed for the question URL itself.
access-0153,2053526,PHY-212,unauthorized,00892-phy-212-linked-detail-unauthorized,Unauthorized,https://canvas.oregonstate.edu/courses/2053526/quizzes/3160525/questions/59026395,quiz_question,59026395,quiz,3160525,,,obj-phy-212-quiz-3160525,M5-2asy: GENERAL PHYSICS WITH CALCULUS (PH_212_400_U2026),task-00451-phy-212-blocked-or-broken-m5-2asy-general-physics-with-calculus-ph-212-400-u2026,M5-2asy: GENERAL PHYSICS WITH CALCULUS (PH_212_400_U2026),,,,,00878-phy-212-linked-detail-quiz-m5-2asy|00892-phy-212-linked-detail-unauthorized,Quiz: M5-2asy|Unauthorized,Close|Help|History|Skip To Content,,,internal_canvas_question_url,Question-level Canvas URL came from a captured quiz page; the student-facing parent quiz is already captured.,no,high,No separate retry needed unless parent quiz content is incomplete.,resolved_internal_question_link,Question URL is an internal Canvas edit/detail link; parent quiz content was already captured.,No action needed for the question URL itself.
access-0154,2053526,PHY-212,unauthorized,00893-phy-212-linked-detail-unauthorized,Unauthorized,https://canvas.oregonstate.edu/courses/2053526/quizzes/3160525/questions/59026396,quiz_question,59026396,quiz,3160525,,,obj-phy-212-quiz-3160525,M5-2asy: GENERAL PHYSICS WITH CALCULUS (PH_212_400_U2026),task-00451-phy-212-blocked-or-broken-m5-2asy-general-physics-with-calculus-ph-212-400-u2026,M5-2asy: GENERAL PHYSICS WITH CALCULUS (PH_212_400_U2026),,,,,00878-phy-212-linked-detail-quiz-m5-2asy|00893-phy-212-linked-detail-unauthorized,Quiz: M5-2asy|Unauthorized,Close|Help|History|Skip To Content,,,internal_canvas_question_url,Question-level Canvas URL came from a captured quiz page; the student-facing parent quiz is already captured.,no,high,No separate retry needed unless parent quiz content is incomplete.,resolved_internal_question_link,Question URL is an internal Canvas edit/detail link; parent quiz content was already captured.,No action needed for the question URL itself.
access-0155,2053526,PHY-212,unauthorized,00894-phy-212-linked-detail-unauthorized,Unauthorized,https://canvas.oregonstate.edu/courses/2053526/quizzes/3160525/questions/59026397,quiz_question,59026397,quiz,3160525,,,obj-phy-212-quiz-3160525,M5-2asy: GENERAL PHYSICS WITH CALCULUS (PH_212_400_U2026),task-00451-phy-212-blocked-or-broken-m5-2asy-general-physics-with-calculus-ph-212-400-u2026,M5-2asy: GENERAL PHYSICS WITH CALCULUS (PH_212_400_U2026),,,,,00878-phy-212-linked-detail-quiz-m5-2asy|00894-phy-212-linked-detail-unauthorized,Quiz: M5-2asy|Unauthorized,Close|Help|History|Skip To Content,,,internal_canvas_question_url,Question-level Canvas URL came from a captured quiz page; the student-facing parent quiz is already captured.,no,high,No separate retry needed unless parent quiz content is incomplete.,resolved_internal_question_link,Question URL is an internal Canvas edit/detail link; parent quiz content was already captured.,No action needed for the question URL itself.
access-0156,2053526,PHY-212,unauthorized,00895-phy-212-linked-detail-unauthorized,Unauthorized,https://canvas.oregonstate.edu/courses/2053526/quizzes/3160525/questions/59026398,quiz_question,59026398,quiz,3160525,,,obj-phy-212-quiz-3160525,M5-2asy: GENERAL PHYSICS WITH CALCULUS (PH_212_400_U2026),task-00451-phy-212-blocked-or-broken-m5-2asy-general-physics-with-calculus-ph-212-400-u2026,M5-2asy: GENERAL PHYSICS WITH CALCULUS (PH_212_400_U2026),,,,,00878-phy-212-linked-detail-quiz-m5-2asy|00895-phy-212-linked-detail-unauthorized,Quiz: M5-2asy|Unauthorized,Close|Help|History|Skip To Content,,,internal_canvas_question_url,Question-level Canvas URL came from a captured quiz page; the student-facing parent quiz is already captured.,no,high,No separate retry needed unless parent quiz content is incomplete.,resolved_internal_question_link,Question URL is an internal Canvas edit/detail link; parent quiz content was already captured.,No action needed for the question URL itself.
access-0157,2053526,PHY-212,unauthorized,00896-phy-212-linked-detail-unauthorized,Unauthorized,https://canvas.oregonstate.edu/courses/2053526/quizzes/3160525/questions/59026399,quiz_question,59026399,quiz,3160525,,,obj-phy-212-quiz-3160525,M5-2asy: GENERAL PHYSICS WITH CALCULUS (PH_212_400_U2026),task-00451-phy-212-blocked-or-broken-m5-2asy-general-physics-with-calculus-ph-212-400-u2026,M5-2asy: GENERAL PHYSICS WITH CALCULUS (PH_212_400_U2026),,,,,00878-phy-212-linked-detail-quiz-m5-2asy|00896-phy-212-linked-detail-unauthorized,Quiz: M5-2asy|Unauthorized,Close|Help|History|Skip To Content,,,internal_canvas_question_url,Question-level Canvas URL came from a captured quiz page; the student-facing parent quiz is already captured.,no,high,No separate retry needed unless parent quiz content is incomplete.,resolved_internal_question_link,Question URL is an internal Canvas edit/detail link; parent quiz content was already captured.,No action needed for the question URL itself.
