page_id,course_id,course_code,source_surface,source_kind,requested_url,resolved_url,title,canvas_object_type,canvas_object_id,depth,redirected,requires_external_handler,html_path,text_path,full_text_path,markdown_path,screenshot_path,metadata_path,html_sha256,text_sha256,captured_at,heading_count,link_count,iframe_count,module_item_count,assignment_row_count,grade_row_count
00001-mth-252-home-integral-calculus-mth-252z-400-u2026,2080857,MTH-252,home,surface,https://canvas.oregonstate.edu/courses/2080857,https://canvas.oregonstate.edu/courses/2080857,INTEGRAL CALCULUS (MTH_252Z_400_U2026),course_page,,0,,,raw_html/00001-mth-252-home-integral-calculus-mth-252z-400-u2026.html,text/00001-mth-252-home-integral-calculus-mth-252z-400-u2026.txt,text/00001-mth-252-home-integral-calculus-mth-252z-400-u2026.fulltext.txt,markdown/00001-mth-252-home-integral-calculus-mth-252z-400-u2026.md,screenshots/00001-mth-252-home-integral-calculus-mth-252z-400-u2026.png,metadata/00001-mth-252-home-integral-calculus-mth-252z-400-u2026.json,b4b8f3dd0024a40945cfe74b12c8c523fdcee8094639e79d3423c0c0c83e959f,a1f6dbe98896092cc2ed9c084d3bf4e38ee1bcebce028757f932c2ed0b46e664,2026-06-26T21:00:08.578Z,7,43,3,0,0,0
00002-mth-252-modules-course-modules-integral-calculus-mth-252z-400-u2026,2080857,MTH-252,modules,surface,https://canvas.oregonstate.edu/courses/2080857/modules,https://canvas.oregonstate.edu/courses/2080857/modules,Course Modules: INTEGRAL CALCULUS (MTH_252Z_400_U2026),modules,,0,,,raw_html/00002-mth-252-modules-course-modules-integral-calculus-mth-252z-400-u2026.html,text/00002-mth-252-modules-course-modules-integral-calculus-mth-252z-400-u2026.txt,text/00002-mth-252-modules-course-modules-integral-calculus-mth-252z-400-u2026.fulltext.txt,markdown/00002-mth-252-modules-course-modules-integral-calculus-mth-252z-400-u2026.md,screenshots/00002-mth-252-modules-course-modules-integral-calculus-mth-252z-400-u2026.png,metadata/00002-mth-252-modules-course-modules-integral-calculus-mth-252z-400-u2026.json,6debc6f5530971980ee8cbf088ca19d100c254308e05cd4ca6201a5801179be5,fd5d39c03ed7af7453ffacdd26fe4742b32693a55cb58da2cf2737f5eee6a26b,2026-06-26T21:00:12.935Z,47,355,2,274,0,0
00003-mth-252-assignments-integral-calculus-mth-252z-400-u2026,2080857,MTH-252,assignments,surface,https://canvas.oregonstate.edu/courses/2080857/assignments,https://canvas.oregonstate.edu/courses/2080857,INTEGRAL CALCULUS (MTH_252Z_400_U2026),course_page,,0,yes,,raw_html/00003-mth-252-assignments-integral-calculus-mth-252z-400-u2026.html,text/00003-mth-252-assignments-integral-calculus-mth-252z-400-u2026.txt,text/00003-mth-252-assignments-integral-calculus-mth-252z-400-u2026.fulltext.txt,markdown/00003-mth-252-assignments-integral-calculus-mth-252z-400-u2026.md,screenshots/00003-mth-252-assignments-integral-calculus-mth-252z-400-u2026.png,metadata/00003-mth-252-assignments-integral-calculus-mth-252z-400-u2026.json,1dcd4e7b6c5156ad97d3f30798c208abc4826736c6e52b12c7297b3973696b28,9b1c20fcc2311c46ddd22269322690fc3ed6174a8fd3a70191b7dcfb473d1624,2026-06-26T21:00:18.635Z,7,43,3,0,0,0
00004-mth-252-grades-grades-for-jacob-peterson-integral-calculus-mth-252z-400-u2026,2080857,MTH-252,grades,surface,https://canvas.oregonstate.edu/courses/2080857/grades,https://canvas.oregonstate.edu/courses/2080857/grades,Grades for Jacob Peterson: INTEGRAL CALCULUS (MTH_252Z_400_U2026),grades,,0,,,raw_html/00004-mth-252-grades-grades-for-jacob-peterson-integral-calculus-mth-252z-400-u2026.html,text/00004-mth-252-grades-grades-for-jacob-peterson-integral-calculus-mth-252z-400-u2026.txt,text/00004-mth-252-grades-grades-for-jacob-peterson-integral-calculus-mth-252z-400-u2026.fulltext.txt,markdown/00004-mth-252-grades-grades-for-jacob-peterson-integral-calculus-mth-252z-400-u2026.md,screenshots/00004-mth-252-grades-grades-for-jacob-peterson-integral-calculus-mth-252z-400-u2026.png,metadata/00004-mth-252-grades-grades-for-jacob-peterson-integral-calculus-mth-252z-400-u2026.json,55a9d271c535fc1ea03317a6b812eb6703517a658df1d85ad687e725b59e0041,3daec75e78f14657b632c87767ebe012eb7130462505ba9bc1ed214607c720bd,2026-06-26T21:00:22.843Z,1,350,2,0,0,74
00005-mth-252-announcements-announcements-integral-calculus-mth-252z-400-u2026,2080857,MTH-252,announcements,surface,https://canvas.oregonstate.edu/courses/2080857/announcements,https://canvas.oregonstate.edu/courses/2080857/announcements,Announcements: INTEGRAL CALCULUS (MTH_252Z_400_U2026),course_page,,0,,,raw_html/00005-mth-252-announcements-announcements-integral-calculus-mth-252z-400-u2026.html,text/00005-mth-252-announcements-announcements-integral-calculus-mth-252z-400-u2026.txt,text/00005-mth-252-announcements-announcements-integral-calculus-mth-252z-400-u2026.fulltext.txt,markdown/00005-mth-252-announcements-announcements-integral-calculus-mth-252z-400-u2026.md,screenshots/00005-mth-252-announcements-announcements-integral-calculus-mth-252z-400-u2026.png,metadata/00005-mth-252-announcements-announcements-integral-calculus-mth-252z-400-u2026.json,4318c625983aa77f9d3d07b49627d56aeea14c1fe7ddacd4e8189d32eea4c0da,8f3c52bc93595cfa42b3682de430224218c77a4149343f4bede110571d98f6f2,2026-06-26T21:00:26.005Z,1,25,2,0,0,0
00006-mth-252-syllabus-syllabus-for-integral-calculus-mth-252z-400-u2026,2080857,MTH-252,syllabus,surface,https://canvas.oregonstate.edu/courses/2080857/assignments/syllabus,https://canvas.oregonstate.edu/courses/2080857/assignments/syllabus,Syllabus for INTEGRAL CALCULUS (MTH_252Z_400_U2026),assignment,syllabus,0,,,raw_html/00006-mth-252-syllabus-syllabus-for-integral-calculus-mth-252z-400-u2026.html,text/00006-mth-252-syllabus-syllabus-for-integral-calculus-mth-252z-400-u2026.txt,text/00006-mth-252-syllabus-syllabus-for-integral-calculus-mth-252z-400-u2026.fulltext.txt,markdown/00006-mth-252-syllabus-syllabus-for-integral-calculus-mth-252z-400-u2026.md,screenshots/00006-mth-252-syllabus-syllabus-for-integral-calculus-mth-252z-400-u2026.png,metadata/00006-mth-252-syllabus-syllabus-for-integral-calculus-mth-252z-400-u2026.json,77bae95d99fb67853b037d7194a847fa195704cdc252af49db933dcb3823ba75,038e1bfd31d7e1cf99c332c373d83d54ca3faa7191ee11dabf02b8e8f2473c81,2026-06-26T21:00:28.848Z,2,27,2,0,0,0
00007-mth-252-discussions-discussions-integral-calculus-mth-252z-400-u2026,2080857,MTH-252,discussions,surface,https://canvas.oregonstate.edu/courses/2080857/discussion_topics,https://canvas.oregonstate.edu/courses/2080857/discussion_topics,Discussions: INTEGRAL CALCULUS (MTH_252Z_400_U2026),discussions,,0,,,raw_html/00007-mth-252-discussions-discussions-integral-calculus-mth-252z-400-u2026.html,text/00007-mth-252-discussions-discussions-integral-calculus-mth-252z-400-u2026.txt,text/00007-mth-252-discussions-discussions-integral-calculus-mth-252z-400-u2026.fulltext.txt,markdown/00007-mth-252-discussions-discussions-integral-calculus-mth-252z-400-u2026.md,screenshots/00007-mth-252-discussions-discussions-integral-calculus-mth-252z-400-u2026.png,metadata/00007-mth-252-discussions-discussions-integral-calculus-mth-252z-400-u2026.json,e84f9013cb51d5ca2c97bc182fde6c4a9d6073e53db247b2c9fb61171755e428,ea316b253d341da09c0b02d4ab39f231bc867f218986c088d841be066d219f76,2026-06-26T21:00:31.697Z,12,34,2,0,0,0
00008-mth-252-quizzes-integral-calculus-mth-252z-400-u2026,2080857,MTH-252,quizzes,surface,https://canvas.oregonstate.edu/courses/2080857/quizzes,https://canvas.oregonstate.edu/courses/2080857,INTEGRAL CALCULUS (MTH_252Z_400_U2026),course_page,,0,yes,,raw_html/00008-mth-252-quizzes-integral-calculus-mth-252z-400-u2026.html,text/00008-mth-252-quizzes-integral-calculus-mth-252z-400-u2026.txt,text/00008-mth-252-quizzes-integral-calculus-mth-252z-400-u2026.fulltext.txt,markdown/00008-mth-252-quizzes-integral-calculus-mth-252z-400-u2026.md,screenshots/00008-mth-252-quizzes-integral-calculus-mth-252z-400-u2026.png,metadata/00008-mth-252-quizzes-integral-calculus-mth-252z-400-u2026.json,19eed434fcd6266b34941c8392a9b2ff48bef1e16a14bd7c6458eebbad42b767,9b1c20fcc2311c46ddd22269322690fc3ed6174a8fd3a70191b7dcfb473d1624,2026-06-26T21:00:36.219Z,7,43,3,0,0,0
00009-mth-253-home-sequences-and-series-mth-253z-400-u2026,2053263,MTH-253,home,surface,https://canvas.oregonstate.edu/courses/2053263,https://canvas.oregonstate.edu/courses/2053263,SEQUENCES AND SERIES (MTH_253Z_400_U2026),course_page,,0,,,raw_html/00009-mth-253-home-sequences-and-series-mth-253z-400-u2026.html,text/00009-mth-253-home-sequences-and-series-mth-253z-400-u2026.txt,text/00009-mth-253-home-sequences-and-series-mth-253z-400-u2026.fulltext.txt,markdown/00009-mth-253-home-sequences-and-series-mth-253z-400-u2026.md,screenshots/00009-mth-253-home-sequences-and-series-mth-253z-400-u2026.png,metadata/00009-mth-253-home-sequences-and-series-mth-253z-400-u2026.json,d5f456cb71ecc02c1c7fe0b7ae98e769c8dc858a4e403b0e86573024331e5af4,a25815ccfada7b00d99b95478d2a6595fa56eb7e88ee26ab26fe0055b62134dc,2026-06-26T21:00:39.312Z,5,45,3,0,0,0
00010-mth-253-modules-course-modules-sequences-and-series-mth-253z-400-u2026,2053263,MTH-253,modules,surface,https://canvas.oregonstate.edu/courses/2053263/modules,https://canvas.oregonstate.edu/courses/2053263/modules,Course Modules: SEQUENCES AND SERIES (MTH_253Z_400_U2026),modules,,0,,,raw_html/00010-mth-253-modules-course-modules-sequences-and-series-mth-253z-400-u2026.html,text/00010-mth-253-modules-course-modules-sequences-and-series-mth-253z-400-u2026.txt,text/00010-mth-253-modules-course-modules-sequences-and-series-mth-253z-400-u2026.fulltext.txt,markdown/00010-mth-253-modules-course-modules-sequences-and-series-mth-253z-400-u2026.md,screenshots/00010-mth-253-modules-course-modules-sequences-and-series-mth-253z-400-u2026.png,metadata/00010-mth-253-modules-course-modules-sequences-and-series-mth-253z-400-u2026.json,12f07d51708dde8a39ebfdc5a321e916843912f2009083430ae520c865d73030,9aab2c167f1d61fefc1a46e7af93d1c2a3cbcf4caf27ee4df8b79c7bc373a233,2026-06-26T21:00:42.654Z,23,101,2,63,0,0
00011-mth-253-assignments-sequences-and-series-mth-253z-400-u2026,2053263,MTH-253,assignments,surface,https://canvas.oregonstate.edu/courses/2053263/assignments,https://canvas.oregonstate.edu/courses/2053263,SEQUENCES AND SERIES (MTH_253Z_400_U2026),course_page,,0,yes,,raw_html/00011-mth-253-assignments-sequences-and-series-mth-253z-400-u2026.html,text/00011-mth-253-assignments-sequences-and-series-mth-253z-400-u2026.txt,text/00011-mth-253-assignments-sequences-and-series-mth-253z-400-u2026.fulltext.txt,markdown/00011-mth-253-assignments-sequences-and-series-mth-253z-400-u2026.md,screenshots/00011-mth-253-assignments-sequences-and-series-mth-253z-400-u2026.png,metadata/00011-mth-253-assignments-sequences-and-series-mth-253z-400-u2026.json,947810837b62df5083693fe8763ad36780919115657cbffec70b8b35bb611ab4,a25815ccfada7b00d99b95478d2a6595fa56eb7e88ee26ab26fe0055b62134dc,2026-06-26T21:00:46.017Z,5,45,3,0,0,0
00012-mth-253-grades-grades-for-jacob-peterson-sequences-and-series-mth-253z-400-u2026,2053263,MTH-253,grades,surface,https://canvas.oregonstate.edu/courses/2053263/grades,https://canvas.oregonstate.edu/courses/2053263/grades,Grades for Jacob Peterson: SEQUENCES AND SERIES (MTH_253Z_400_U2026),grades,,0,,,raw_html/00012-mth-253-grades-grades-for-jacob-peterson-sequences-and-series-mth-253z-400-u2026.html,text/00012-mth-253-grades-grades-for-jacob-peterson-sequences-and-series-mth-253z-400-u2026.txt,text/00012-mth-253-grades-grades-for-jacob-peterson-sequences-and-series-mth-253z-400-u2026.fulltext.txt,markdown/00012-mth-253-grades-grades-for-jacob-peterson-sequences-and-series-mth-253z-400-u2026.md,screenshots/00012-mth-253-grades-grades-for-jacob-peterson-sequences-and-series-mth-253z-400-u2026.png,metadata/00012-mth-253-grades-grades-for-jacob-peterson-sequences-and-series-mth-253z-400-u2026.json,77b2572041e1d00263b63222b9e273472aa22c917f85121b6188b944357fbe94,e873b7548cb5f665e76005109ea32a093a096d1836a1892ebe95cc27de6886ca,2026-06-26T21:00:49.456Z,1,148,2,0,0,30
00013-mth-253-announcements-announcements-sequences-and-series-mth-253z-400-u2026,2053263,MTH-253,announcements,surface,https://canvas.oregonstate.edu/courses/2053263/announcements,https://canvas.oregonstate.edu/courses/2053263/announcements,Announcements: SEQUENCES AND SERIES (MTH_253Z_400_U2026),course_page,,0,,,raw_html/00013-mth-253-announcements-announcements-sequences-and-series-mth-253z-400-u2026.html,text/00013-mth-253-announcements-announcements-sequences-and-series-mth-253z-400-u2026.txt,text/00013-mth-253-announcements-announcements-sequences-and-series-mth-253z-400-u2026.fulltext.txt,markdown/00013-mth-253-announcements-announcements-sequences-and-series-mth-253z-400-u2026.md,screenshots/00013-mth-253-announcements-announcements-sequences-and-series-mth-253z-400-u2026.png,metadata/00013-mth-253-announcements-announcements-sequences-and-series-mth-253z-400-u2026.json,746fb4a53e9def33b9fb6e81a81930a3bf1c2b63d6a0776e1dad0fb03897bd6e,345a3b279003299125b82d3d803aa15830600d82f5e1bb8ac220e76e5d7ae1c1,2026-06-26T21:00:52.182Z,5,31,2,0,0,0
00014-mth-253-syllabus-syllabus-for-sequences-and-series-mth-253z-400-u2026,2053263,MTH-253,syllabus,surface,https://canvas.oregonstate.edu/courses/2053263/assignments/syllabus,https://canvas.oregonstate.edu/courses/2053263/assignments/syllabus,Syllabus for SEQUENCES AND SERIES (MTH_253Z_400_U2026),assignment,syllabus,0,,,raw_html/00014-mth-253-syllabus-syllabus-for-sequences-and-series-mth-253z-400-u2026.html,text/00014-mth-253-syllabus-syllabus-for-sequences-and-series-mth-253z-400-u2026.txt,text/00014-mth-253-syllabus-syllabus-for-sequences-and-series-mth-253z-400-u2026.fulltext.txt,markdown/00014-mth-253-syllabus-syllabus-for-sequences-and-series-mth-253z-400-u2026.md,screenshots/00014-mth-253-syllabus-syllabus-for-sequences-and-series-mth-253z-400-u2026.png,metadata/00014-mth-253-syllabus-syllabus-for-sequences-and-series-mth-253z-400-u2026.json,d69583e97fb8db755874b75c361b194470f147dd02956e20a918f95392015781,b1bb977ff2e319662402346dc6a85aac3b338b9ead30ea0126315ac29f76e706,2026-06-26T21:00:55.265Z,2,55,2,0,0,0
00015-mth-253-discussions-discussions-sequences-and-series-mth-253z-400-u2026,2053263,MTH-253,discussions,surface,https://canvas.oregonstate.edu/courses/2053263/discussion_topics,https://canvas.oregonstate.edu/courses/2053263/discussion_topics,Discussions: SEQUENCES AND SERIES (MTH_253Z_400_U2026),discussions,,0,,,raw_html/00015-mth-253-discussions-discussions-sequences-and-series-mth-253z-400-u2026.html,text/00015-mth-253-discussions-discussions-sequences-and-series-mth-253z-400-u2026.txt,text/00015-mth-253-discussions-discussions-sequences-and-series-mth-253z-400-u2026.fulltext.txt,markdown/00015-mth-253-discussions-discussions-sequences-and-series-mth-253z-400-u2026.md,screenshots/00015-mth-253-discussions-discussions-sequences-and-series-mth-253z-400-u2026.png,metadata/00015-mth-253-discussions-discussions-sequences-and-series-mth-253z-400-u2026.json,ee1675ba2c8154098f7ba8ac69ffebf95492b70c778df8a86ff5bfc9af59a6cc,edb959b5a0fb922cf7a0d39a879ed30ba94a7a6f5a84a9728516920b21036dc7,2026-06-26T21:00:58.208Z,14,39,2,0,0,0
00016-mth-253-quizzes-quizzes-sequences-and-series-mth-253z-400-u2026,2053263,MTH-253,quizzes,surface,https://canvas.oregonstate.edu/courses/2053263/quizzes,https://canvas.oregonstate.edu/courses/2053263/quizzes,Quizzes: SEQUENCES AND SERIES (MTH_253Z_400_U2026),quizzes,,0,,,raw_html/00016-mth-253-quizzes-quizzes-sequences-and-series-mth-253z-400-u2026.html,text/00016-mth-253-quizzes-quizzes-sequences-and-series-mth-253z-400-u2026.txt,text/00016-mth-253-quizzes-quizzes-sequences-and-series-mth-253z-400-u2026.fulltext.txt,markdown/00016-mth-253-quizzes-quizzes-sequences-and-series-mth-253z-400-u2026.md,screenshots/00016-mth-253-quizzes-quizzes-sequences-and-series-mth-253z-400-u2026.png,metadata/00016-mth-253-quizzes-quizzes-sequences-and-series-mth-253z-400-u2026.json,d4b87d4935c52f2b232efff87fb38821c3d7c0f516a0672cd09048edb6951498,8069ca14bb011f4a8eb73913344030c4d09db89977161a6ae5c79fea39b35fcc,2026-06-26T21:01:01.408Z,3,35,2,0,0,0
00017-phy-212-home-general-physics-with-calculus-ph-212-400-u2026,2053526,PHY-212,home,surface,https://canvas.oregonstate.edu/courses/2053526,https://canvas.oregonstate.edu/courses/2053526,GENERAL PHYSICS WITH CALCULUS (PH_212_400_U2026),course_page,,0,,,raw_html/00017-phy-212-home-general-physics-with-calculus-ph-212-400-u2026.html,text/00017-phy-212-home-general-physics-with-calculus-ph-212-400-u2026.txt,text/00017-phy-212-home-general-physics-with-calculus-ph-212-400-u2026.fulltext.txt,markdown/00017-phy-212-home-general-physics-with-calculus-ph-212-400-u2026.md,screenshots/00017-phy-212-home-general-physics-with-calculus-ph-212-400-u2026.png,metadata/00017-phy-212-home-general-physics-with-calculus-ph-212-400-u2026.json,c2d31e28d4ad6d7ff26a650e12f4c9c08e075adafe3d290ddf1948995b5d6b45,84f53f7bf58db7c9030a0988da66770fd13c44036b1b71f74a7bd195c4f30cb5,2026-06-26T21:01:04.649Z,5,46,2,0,0,0
00018-phy-212-modules-course-modules-general-physics-with-calculus-ph-212-400-u2026,2053526,PHY-212,modules,surface,https://canvas.oregonstate.edu/courses/2053526/modules,https://canvas.oregonstate.edu/courses/2053526/modules,Course Modules: GENERAL PHYSICS WITH CALCULUS (PH_212_400_U2026),modules,,0,,,raw_html/00018-phy-212-modules-course-modules-general-physics-with-calculus-ph-212-400-u2026.html,text/00018-phy-212-modules-course-modules-general-physics-with-calculus-ph-212-400-u2026.txt,text/00018-phy-212-modules-course-modules-general-physics-with-calculus-ph-212-400-u2026.fulltext.txt,markdown/00018-phy-212-modules-course-modules-general-physics-with-calculus-ph-212-400-u2026.md,screenshots/00018-phy-212-modules-course-modules-general-physics-with-calculus-ph-212-400-u2026.png,metadata/00018-phy-212-modules-course-modules-general-physics-with-calculus-ph-212-400-u2026.json,ac215c976101dde6208b81e400c689c6cee17515483f60b4e739c6885082e59f,cc95506352142dfb841a5e3cc17fe619d05411a2e03f002dd6c4597dc934bc10,2026-06-26T21:01:08.415Z,6,91,2,38,0,0
00019-phy-212-assignments-assignments-general-physics-with-calculus-ph-212-400-u2026,2053526,PHY-212,assignments,surface,https://canvas.oregonstate.edu/courses/2053526/assignments,https://canvas.oregonstate.edu/courses/2053526/assignments,Assignments: GENERAL PHYSICS WITH CALCULUS (PH_212_400_U2026),assignments,,0,,,raw_html/00019-phy-212-assignments-assignments-general-physics-with-calculus-ph-212-400-u2026.html,text/00019-phy-212-assignments-assignments-general-physics-with-calculus-ph-212-400-u2026.txt,text/00019-phy-212-assignments-assignments-general-physics-with-calculus-ph-212-400-u2026.fulltext.txt,markdown/00019-phy-212-assignments-assignments-general-physics-with-calculus-ph-212-400-u2026.md,screenshots/00019-phy-212-assignments-assignments-general-physics-with-calculus-ph-212-400-u2026.png,metadata/00019-phy-212-assignments-assignments-general-physics-with-calculus-ph-212-400-u2026.json,a6593015bfac095984c281afd67fa3f5bf9cea1924e4cecbf5f82b2bb867e1d0,455c8186c07e3b6a3ed67f5d43bb8fb1915d34651d2cf7cef16f1ff92ff8c3f4,2026-06-26T21:01:12.207Z,10,54,2,0,23,0
00020-phy-212-grades-grades-for-jacob-peterson-general-physics-with-calculus-ph-212-400-u2026,2053526,PHY-212,grades,surface,https://canvas.oregonstate.edu/courses/2053526/grades,https://canvas.oregonstate.edu/courses/2053526/grades,Grades for Jacob Peterson: GENERAL PHYSICS WITH CALCULUS (PH_212_400_U2026),grades,,0,,,raw_html/00020-phy-212-grades-grades-for-jacob-peterson-general-physics-with-calculus-ph-212-400-u2026.html,text/00020-phy-212-grades-grades-for-jacob-peterson-general-physics-with-calculus-ph-212-400-u2026.txt,text/00020-phy-212-grades-grades-for-jacob-peterson-general-physics-with-calculus-ph-212-400-u2026.fulltext.txt,markdown/00020-phy-212-grades-grades-for-jacob-peterson-general-physics-with-calculus-ph-212-400-u2026.md,screenshots/00020-phy-212-grades-grades-for-jacob-peterson-general-physics-with-calculus-ph-212-400-u2026.png,metadata/00020-phy-212-grades-grades-for-jacob-peterson-general-physics-with-calculus-ph-212-400-u2026.json,8d5e74397ddf21e08a8dfe5c26260119c5109079c4ff91d579e27347360bb2a2,47c397058889b604ff3ccee382c6c0c179f172bcd4de7af8f719b19d7f757c69,2026-06-26T21:01:15.808Z,1,149,2,0,0,54
00021-phy-212-announcements-announcements-general-physics-with-calculus-ph-212-400-u2026,2053526,PHY-212,announcements,surface,https://canvas.oregonstate.edu/courses/2053526/announcements,https://canvas.oregonstate.edu/courses/2053526/announcements,Announcements: GENERAL PHYSICS WITH CALCULUS (PH_212_400_U2026),course_page,,0,,,raw_html/00021-phy-212-announcements-announcements-general-physics-with-calculus-ph-212-400-u2026.html,text/00021-phy-212-announcements-announcements-general-physics-with-calculus-ph-212-400-u2026.txt,text/00021-phy-212-announcements-announcements-general-physics-with-calculus-ph-212-400-u2026.fulltext.txt,markdown/00021-phy-212-announcements-announcements-general-physics-with-calculus-ph-212-400-u2026.md,screenshots/00021-phy-212-announcements-announcements-general-physics-with-calculus-ph-212-400-u2026.png,metadata/00021-phy-212-announcements-announcements-general-physics-with-calculus-ph-212-400-u2026.json,b983bab766b50246c9e65701c9f0ea85f2d01b17865586e2bb33f09ae6de96ce,37798418c74ab3193796ec9dac6e63d3c7fa0e7c521eaa460f40d48440640f1f,2026-06-26T21:01:18.411Z,5,35,2,0,0,0
00022-phy-212-syllabus-syllabus-for-general-physics-with-calculus-ph-212-400-u2026,2053526,PHY-212,syllabus,surface,https://canvas.oregonstate.edu/courses/2053526/assignments/syllabus,https://canvas.oregonstate.edu/courses/2053526/assignments/syllabus,Syllabus for GENERAL PHYSICS WITH CALCULUS (PH_212_400_U2026),assignment,syllabus,0,,,raw_html/00022-phy-212-syllabus-syllabus-for-general-physics-with-calculus-ph-212-400-u2026.html,text/00022-phy-212-syllabus-syllabus-for-general-physics-with-calculus-ph-212-400-u2026.txt,text/00022-phy-212-syllabus-syllabus-for-general-physics-with-calculus-ph-212-400-u2026.fulltext.txt,markdown/00022-phy-212-syllabus-syllabus-for-general-physics-with-calculus-ph-212-400-u2026.md,screenshots/00022-phy-212-syllabus-syllabus-for-general-physics-with-calculus-ph-212-400-u2026.png,metadata/00022-phy-212-syllabus-syllabus-for-general-physics-with-calculus-ph-212-400-u2026.json,f10f653395f7a3c92f4f6c7b62bd7e75c2a457e1bb9553ba5ed02c4c7de7306f,0df383563515371e39ede3d3237800272294a41099235ac0c83e41d828eeb012,2026-06-26T21:01:21.113Z,2,33,2,0,0,0
00023-phy-212-discussions-discussions-general-physics-with-calculus-ph-212-400-u2026,2053526,PHY-212,discussions,surface,https://canvas.oregonstate.edu/courses/2053526/discussion_topics,https://canvas.oregonstate.edu/courses/2053526/discussion_topics,Discussions: GENERAL PHYSICS WITH CALCULUS (PH_212_400_U2026),discussions,,0,,,raw_html/00023-phy-212-discussions-discussions-general-physics-with-calculus-ph-212-400-u2026.html,text/00023-phy-212-discussions-discussions-general-physics-with-calculus-ph-212-400-u2026.txt,text/00023-phy-212-discussions-discussions-general-physics-with-calculus-ph-212-400-u2026.fulltext.txt,markdown/00023-phy-212-discussions-discussions-general-physics-with-calculus-ph-212-400-u2026.md,screenshots/00023-phy-212-discussions-discussions-general-physics-with-calculus-ph-212-400-u2026.png,metadata/00023-phy-212-discussions-discussions-general-physics-with-calculus-ph-212-400-u2026.json,9152b9a796db94284018c24097a7e116102d20eae347ecce2b3068f408316130,43692b404f6f38c7d24918221374e50341a6b3e07628fe22de42a82ded4083b9,2026-06-26T21:01:24.013Z,8,37,2,0,0,0
00024-phy-212-quizzes-general-physics-with-calculus-ph-212-400-u2026,2053526,PHY-212,quizzes,surface,https://canvas.oregonstate.edu/courses/2053526/quizzes,https://canvas.oregonstate.edu/courses/2053526,GENERAL PHYSICS WITH CALCULUS (PH_212_400_U2026),course_page,,0,yes,,raw_html/00024-phy-212-quizzes-general-physics-with-calculus-ph-212-400-u2026.html,text/00024-phy-212-quizzes-general-physics-with-calculus-ph-212-400-u2026.txt,text/00024-phy-212-quizzes-general-physics-with-calculus-ph-212-400-u2026.fulltext.txt,markdown/00024-phy-212-quizzes-general-physics-with-calculus-ph-212-400-u2026.md,screenshots/00024-phy-212-quizzes-general-physics-with-calculus-ph-212-400-u2026.png,metadata/00024-phy-212-quizzes-general-physics-with-calculus-ph-212-400-u2026.json,ac76d2179f04fa5960d9cfea7fef956fb61be97606f227666c120f2b2a4941fe,84f53f7bf58db7c9030a0988da66770fd13c44036b1b71f74a7bd195c4f30cb5,2026-06-26T21:01:27.906Z,5,53,2,0,0,0
00025-mth-252-linked-detail-topic-q-a-link-in-start-here-module,2080857,MTH-252,linked_detail,linked_detail,https://canvas.oregonstate.edu/courses/2080857/discussion_topics/11601246,https://canvas.oregonstate.edu/courses/2080857/discussion_topics/11601246,Topic: Q & A link --> in Start Here module,discussion,11601246,1,,,raw_html/00025-mth-252-linked-detail-topic-q-a-link-in-start-here-module.html,text/00025-mth-252-linked-detail-topic-q-a-link-in-start-here-module.txt,text/00025-mth-252-linked-detail-topic-q-a-link-in-start-here-module.fulltext.txt,markdown/00025-mth-252-linked-detail-topic-q-a-link-in-start-here-module.md,,metadata/00025-mth-252-linked-detail-topic-q-a-link-in-start-here-module.json,176fc72320830c670128d7180d7d9445d796076fe1be770b6d46c8b8be182e62,e3b0c44298fc1c149afbf4c8996fb92427ae41e4649b934ca495991b7852b855,2026-06-26T21:01:31.207Z,0,27,2,0,0,0
00026-mth-252-module-item-start-here-overview-integral-calculus-mth-252z-400-u2026,2080857,MTH-252,module_item,module_item,https://canvas.oregonstate.edu/courses/2080857/modules/items/26982519,https://canvas.oregonstate.edu/courses/2080857/pages/start-here-overview?module_item_id=26982519,Start Here — Overview: INTEGRAL CALCULUS (MTH_252Z_400_U2026),page,start-here-overview,1,yes,,raw_html/00026-mth-252-module-item-start-here-overview-integral-calculus-mth-252z-400-u2026.html,text/00026-mth-252-module-item-start-here-overview-integral-calculus-mth-252z-400-u2026.txt,text/00026-mth-252-module-item-start-here-overview-integral-calculus-mth-252z-400-u2026.fulltext.txt,markdown/00026-mth-252-module-item-start-here-overview-integral-calculus-mth-252z-400-u2026.md,,metadata/00026-mth-252-module-item-start-here-overview-integral-calculus-mth-252z-400-u2026.json,5472e7bc33e0916e1c64f255150fedb1accde89eae010b8015c8a5b172e82425,55505d9d32acae6209a85d0e9785abed49817d7d76f124f4e98f7b3b1aaff2ff,2026-06-26T21:01:33.959Z,1,27,2,0,0,0
00027-mth-252-module-item-start-here-instructor-information-communication-policy-integral-calculus-mth-252z-400-u2026,2080857,MTH-252,module_item,module_item,https://canvas.oregonstate.edu/courses/2080857/modules/items/26982520,https://canvas.oregonstate.edu/courses/2080857/pages/start-here-instructor-information-and-communication-policy?module_item_id=26982520,Start Here — Instructor Information & Communication Policy: INTEGRAL CALCULUS (MTH_252Z_400_U2026),page,start-here-instructor-information-and-communication-policy,1,yes,,raw_html/00027-mth-252-module-item-start-here-instructor-information-communication-policy-integral-calculus-mth-252z-400-u2026.html,text/00027-mth-252-module-item-start-here-instructor-information-communication-policy-integral-calculus-mth-252z-400-u2026.txt,text/00027-mth-252-module-item-start-here-instructor-information-communication-policy-integral-calculus-mth-252z-400-u2026.fulltext.txt,markdown/00027-mth-252-module-item-start-here-instructor-information-communication-policy-integral-calculus-mth-252z-400-u2026.md,,metadata/00027-mth-252-module-item-start-here-instructor-information-communication-policy-integral-calculus-mth-252z-400-u2026.json,b158ed2bdb71b4f07e31120fe1630182ca43882edf8c64a352e476bd023d9140,38254742d0c56dcb9376025c5138fe5df1f387e96a1f888e4f45e9127f963e06,2026-06-26T21:01:36.396Z,4,28,2,0,0,0
00028-mth-252-module-item-syllabus-and-calendar-as-of-6-21-both-sections-400-and-401-integral-calculus-mth-252z-400-u2026,2080857,MTH-252,module_item,module_item,https://canvas.oregonstate.edu/courses/2080857/modules/items/26982522,https://canvas.oregonstate.edu/courses/2080857/pages/syllabus-and-calendar-as-of-6-slash-21-%3E-both-sections-400-and-401?module_item_id=26982522,Syllabus and Calendar (as of 6/21) --> Both Sections 400 and 401: INTEGRAL CALCULUS (MTH_252Z_400_U2026),page,syllabus-and-calendar-as-of-6-slash-21-%3E-both-sections-400-and-401,1,yes,,raw_html/00028-mth-252-module-item-syllabus-and-calendar-as-of-6-21-both-sections-400-and-401-integral-calculus-mth-252z-400-u2026.html,text/00028-mth-252-module-item-syllabus-and-calendar-as-of-6-21-both-sections-400-and-401-integral-calculus-mth-252z-400-u2026.txt,text/00028-mth-252-module-item-syllabus-and-calendar-as-of-6-21-both-sections-400-and-401-integral-calculus-mth-252z-400-u2026.fulltext.txt,markdown/00028-mth-252-module-item-syllabus-and-calendar-as-of-6-21-both-sections-400-and-401-integral-calculus-mth-252z-400-u2026.md,,metadata/00028-mth-252-module-item-syllabus-and-calendar-as-of-6-21-both-sections-400-and-401-integral-calculus-mth-252z-400-u2026.json,95dc981b95eb2e73b38440124a5333064204e1393b463bd19bd42e4da992e1fa,e183ffcf64ec6f797f85229ac0fc1d813fa3b23274c060915ba4858e43ca0033,2026-06-26T21:01:39.476Z,1,34,2,0,0,0
00029-mth-252-module-item-get-your-mth-252z-course-materials-access-code-ebook-integral-calculus-mth-252z-400-u2026,2080857,MTH-252,module_item,module_item,https://canvas.oregonstate.edu/courses/2080857/modules/items/26990499,https://canvas.oregonstate.edu/courses/2080857/pages/get-your-mth-252z-course-materials-access-code-+-ebook?module_item_id=26990499,Get your MTH 252Z Course Materials! (Access Code + Ebook) : INTEGRAL CALCULUS (MTH_252Z_400_U2026),page,get-your-mth-252z-course-materials-access-code-+-ebook,1,yes,,raw_html/00029-mth-252-module-item-get-your-mth-252z-course-materials-access-code-ebook-integral-calculus-mth-252z-400-u2026.html,text/00029-mth-252-module-item-get-your-mth-252z-course-materials-access-code-ebook-integral-calculus-mth-252z-400-u2026.txt,text/00029-mth-252-module-item-get-your-mth-252z-course-materials-access-code-ebook-integral-calculus-mth-252z-400-u2026.fulltext.txt,markdown/00029-mth-252-module-item-get-your-mth-252z-course-materials-access-code-ebook-integral-calculus-mth-252z-400-u2026.md,,metadata/00029-mth-252-module-item-get-your-mth-252z-course-materials-access-code-ebook-integral-calculus-mth-252z-400-u2026.json,cf72a87f3fbbf95916d5f3356b40a559b930d462fb39ff83cebe89ba00f55396,02c54546356b869c6b3259e54456715ee0e31cffebe3818724bc8bc353c2017d,2026-06-26T21:01:42.067Z,1,30,2,0,0,0
00030-mth-252-module-item-achieve-registration-process-v3-pdf-integral-calculus-mth-252z-400-u2026,2080857,MTH-252,module_item,module_item,https://canvas.oregonstate.edu/courses/2080857/modules/items/26982524,https://canvas.oregonstate.edu/courses/2080857/files/119223565?module_item_id=26982524,Achieve Registration Process_v3.pdf: INTEGRAL CALCULUS (MTH_252Z_400_U2026),file,119223565,1,yes,,raw_html/00030-mth-252-module-item-achieve-registration-process-v3-pdf-integral-calculus-mth-252z-400-u2026.html,text/00030-mth-252-module-item-achieve-registration-process-v3-pdf-integral-calculus-mth-252z-400-u2026.txt,text/00030-mth-252-module-item-achieve-registration-process-v3-pdf-integral-calculus-mth-252z-400-u2026.fulltext.txt,markdown/00030-mth-252-module-item-achieve-registration-process-v3-pdf-integral-calculus-mth-252z-400-u2026.md,,metadata/00030-mth-252-module-item-achieve-registration-process-v3-pdf-integral-calculus-mth-252z-400-u2026.json,155b95e73c8f9a7fe259ebc1196a50ff733772a08d6477846a34ea34328c1086,11492b3b6e08c3d4fae1e2119db28ee384b2f522644f4883793ae685c393411d,2026-06-26T21:01:44.906Z,1,31,3,0,0,0
00031-mth-252-module-item-free-trial-grace-period-in-achieve-2-weeks-integral-calculus-mth-252z-400-u2026,2080857,MTH-252,module_item,module_item,https://canvas.oregonstate.edu/courses/2080857/modules/items/26982525,https://canvas.oregonstate.edu/courses/2080857/pages/free-trial-slash-grace-period-in-achieve-2-weeks?module_item_id=26982525,Free Trial/Grace Period in Achieve (2 weeks): INTEGRAL CALCULUS (MTH_252Z_400_U2026),page,free-trial-slash-grace-period-in-achieve-2-weeks,1,yes,,raw_html/00031-mth-252-module-item-free-trial-grace-period-in-achieve-2-weeks-integral-calculus-mth-252z-400-u2026.html,text/00031-mth-252-module-item-free-trial-grace-period-in-achieve-2-weeks-integral-calculus-mth-252z-400-u2026.txt,text/00031-mth-252-module-item-free-trial-grace-period-in-achieve-2-weeks-integral-calculus-mth-252z-400-u2026.fulltext.txt,markdown/00031-mth-252-module-item-free-trial-grace-period-in-achieve-2-weeks-integral-calculus-mth-252z-400-u2026.md,,metadata/00031-mth-252-module-item-free-trial-grace-period-in-achieve-2-weeks-integral-calculus-mth-252z-400-u2026.json,bd79cf9ab3f9938a24e372693ffb0d7e27acdfe711445ea7ff96ad9365bb5da5,2d4af4d00da5e611a9bac0bf1c76cd5b688f9f4d0c0e34fd5aad948f043e01fd,2026-06-26T21:01:47.362Z,1,28,2,0,0,0
00032-mth-252-module-item-gradescope-submission-using-phone-no-audio,2080857,MTH-252,module_item,module_item,https://canvas.oregonstate.edu/courses/2080857/modules/items/26982529,https://canvas.oregonstate.edu/courses/2080857/modules/items/26982529,Gradescope Submission Using Phone (no audio),module_item,26982529,1,,yes,raw_html/00032-mth-252-module-item-gradescope-submission-using-phone-no-audio.html,text/00032-mth-252-module-item-gradescope-submission-using-phone-no-audio.txt,text/00032-mth-252-module-item-gradescope-submission-using-phone-no-audio.fulltext.txt,markdown/00032-mth-252-module-item-gradescope-submission-using-phone-no-audio.md,,metadata/00032-mth-252-module-item-gradescope-submission-using-phone-no-audio.json,58a033fbc40c8291cae4a30fe219287a05f3d963d7907df9acd5cfbffc941f48,a925920e99a6af3f2ec147162d39b25bdb25f13b1bc44f7adb8e06ab3bc4207b,2026-06-26T21:01:49.862Z,0,27,2,0,0,0
00033-mth-252-module-item-gradescope-submission-using-computer-no-audio,2080857,MTH-252,module_item,module_item,https://canvas.oregonstate.edu/courses/2080857/modules/items/26982530,https://canvas.oregonstate.edu/courses/2080857/modules/items/26982530,Gradescope Submission Using Computer (no audio),module_item,26982530,1,,yes,raw_html/00033-mth-252-module-item-gradescope-submission-using-computer-no-audio.html,text/00033-mth-252-module-item-gradescope-submission-using-computer-no-audio.txt,text/00033-mth-252-module-item-gradescope-submission-using-computer-no-audio.fulltext.txt,markdown/00033-mth-252-module-item-gradescope-submission-using-computer-no-audio.md,,metadata/00033-mth-252-module-item-gradescope-submission-using-computer-no-audio.json,3ae1f4fd102cf1201486df4994ff176a2fa659fce1ed0bbddbbbef5873357464,cdc2eb8ea2a0ff57090d2c34d0b067b096fabf4a54a1a27ef2e0cbbbf504da5f,2026-06-26T21:01:52.819Z,0,29,2,0,0,0
00034-mth-252-module-item-start-here-where-to-go-for-help-integral-calculus-mth-252z-400-u2026,2080857,MTH-252,module_item,module_item,https://canvas.oregonstate.edu/courses/2080857/modules/items/26982531,https://canvas.oregonstate.edu/courses/2080857/pages/start-here-where-to-go-for-help?module_item_id=26982531,Start Here — Where to go for help?: INTEGRAL CALCULUS (MTH_252Z_400_U2026),page,start-here-where-to-go-for-help,1,yes,,raw_html/00034-mth-252-module-item-start-here-where-to-go-for-help-integral-calculus-mth-252z-400-u2026.html,text/00034-mth-252-module-item-start-here-where-to-go-for-help-integral-calculus-mth-252z-400-u2026.txt,text/00034-mth-252-module-item-start-here-where-to-go-for-help-integral-calculus-mth-252z-400-u2026.fulltext.txt,markdown/00034-mth-252-module-item-start-here-where-to-go-for-help-integral-calculus-mth-252z-400-u2026.md,,metadata/00034-mth-252-module-item-start-here-where-to-go-for-help-integral-calculus-mth-252z-400-u2026.json,6bb5cb4871bc46897895aa65f573cfb7def100c58e32c71eb3502466d957d090,bedfaf21f290ca3019461f0fa2bc1d84f8bc82009429e576f277725368198347,2026-06-26T21:01:55.574Z,3,31,2,0,0,0
00035-mth-252-module-item-start-here-accessibility-statements-privacy-policies-integral-calculus-mth-252z-400-u2026,2080857,MTH-252,module_item,module_item,https://canvas.oregonstate.edu/courses/2080857/modules/items/26982532,https://canvas.oregonstate.edu/courses/2080857/pages/start-here-accessibility-statements-and-privacy-policies?module_item_id=26982532,Start Here — Accessibility Statements & Privacy Policies: INTEGRAL CALCULUS (MTH_252Z_400_U2026),page,start-here-accessibility-statements-and-privacy-policies,1,yes,,raw_html/00035-mth-252-module-item-start-here-accessibility-statements-privacy-policies-integral-calculus-mth-252z-400-u2026.html,text/00035-mth-252-module-item-start-here-accessibility-statements-privacy-policies-integral-calculus-mth-252z-400-u2026.txt,text/00035-mth-252-module-item-start-here-accessibility-statements-privacy-policies-integral-calculus-mth-252z-400-u2026.fulltext.txt,markdown/00035-mth-252-module-item-start-here-accessibility-statements-privacy-policies-integral-calculus-mth-252z-400-u2026.md,,metadata/00035-mth-252-module-item-start-here-accessibility-statements-privacy-policies-integral-calculus-mth-252z-400-u2026.json,82f3da5646383abc1806f41f4a197fb92d3d6a57483383267eb64f1b107df550,836b47d4e42f9e4d83da06241f6441b89a7abd360f63bbd348b62ec358f7c006,2026-06-26T21:01:57.963Z,3,30,2,0,0,0
00036-mth-252-module-item-start-here-sources-cited-integral-calculus-mth-252z-400-u2026,2080857,MTH-252,module_item,module_item,https://canvas.oregonstate.edu/courses/2080857/modules/items/26982533,https://canvas.oregonstate.edu/courses/2080857/pages/start-here-sources-cited?module_item_id=26982533,Start Here — Sources Cited: INTEGRAL CALCULUS (MTH_252Z_400_U2026),page,start-here-sources-cited,1,yes,,raw_html/00036-mth-252-module-item-start-here-sources-cited-integral-calculus-mth-252z-400-u2026.html,text/00036-mth-252-module-item-start-here-sources-cited-integral-calculus-mth-252z-400-u2026.txt,text/00036-mth-252-module-item-start-here-sources-cited-integral-calculus-mth-252z-400-u2026.fulltext.txt,markdown/00036-mth-252-module-item-start-here-sources-cited-integral-calculus-mth-252z-400-u2026.md,,metadata/00036-mth-252-module-item-start-here-sources-cited-integral-calculus-mth-252z-400-u2026.json,3745dd6be2bb51af52a5509d7f4b80ad95a58a4cce49646a448bfc8115f6d62a,470154db96069066046ac86a4ee147f4747456b82c30118453ecf2ba7cce7e3f,2026-06-26T21:02:00.315Z,2,28,2,0,0,0
00037-mth-252-module-item-start-here-conclusion-integral-calculus-mth-252z-400-u2026,2080857,MTH-252,module_item,module_item,https://canvas.oregonstate.edu/courses/2080857/modules/items/26982534,https://canvas.oregonstate.edu/courses/2080857/pages/start-here-conclusion?module_item_id=26982534,Start Here — Conclusion: INTEGRAL CALCULUS (MTH_252Z_400_U2026),page,start-here-conclusion,1,yes,,raw_html/00037-mth-252-module-item-start-here-conclusion-integral-calculus-mth-252z-400-u2026.html,text/00037-mth-252-module-item-start-here-conclusion-integral-calculus-mth-252z-400-u2026.txt,text/00037-mth-252-module-item-start-here-conclusion-integral-calculus-mth-252z-400-u2026.fulltext.txt,markdown/00037-mth-252-module-item-start-here-conclusion-integral-calculus-mth-252z-400-u2026.md,,metadata/00037-mth-252-module-item-start-here-conclusion-integral-calculus-mth-252z-400-u2026.json,7303d5c4db49ef3590bc03bcd4fd868d7d70525a5283ee56df8e3049c5d041db,fcfb17b3638b5325c7c6fbc6dc22a06261bd95773b894adff31964be81483bf4,2026-06-26T21:02:02.805Z,1,29,2,0,0,0
00038-mth-252-module-item-topic-q-a-discussion,2080857,MTH-252,module_item,module_item,https://canvas.oregonstate.edu/courses/2080857/modules/items/26982539,https://canvas.oregonstate.edu/courses/2080857/discussion_topics/11593476?module_item_id=26982539,Topic: Q&A Discussion,discussion,11593476,1,yes,,raw_html/00038-mth-252-module-item-topic-q-a-discussion.html,text/00038-mth-252-module-item-topic-q-a-discussion.txt,text/00038-mth-252-module-item-topic-q-a-discussion.fulltext.txt,markdown/00038-mth-252-module-item-topic-q-a-discussion.md,,metadata/00038-mth-252-module-item-topic-q-a-discussion.json,b0a23877dbc104fae29b53690aa6dabbd963f45fb5d91c12597466ceccd69304,0226639ff72d78f73f430b5d4cba48ea5ab3b9cfc9d4af7c065a9b483e39e5d8,2026-06-26T21:02:06.157Z,0,29,2,0,0,0
00039-mth-252-module-item-mlc-hours-pdf-integral-calculus-mth-252z-400-u2026,2080857,MTH-252,module_item,module_item,https://canvas.oregonstate.edu/courses/2080857/modules/items/26982536,https://canvas.oregonstate.edu/courses/2080857/files/119223484?module_item_id=26982536,MLC Hours.pdf: INTEGRAL CALCULUS (MTH_252Z_400_U2026),file,119223484,1,yes,,raw_html/00039-mth-252-module-item-mlc-hours-pdf-integral-calculus-mth-252z-400-u2026.html,text/00039-mth-252-module-item-mlc-hours-pdf-integral-calculus-mth-252z-400-u2026.txt,text/00039-mth-252-module-item-mlc-hours-pdf-integral-calculus-mth-252z-400-u2026.fulltext.txt,markdown/00039-mth-252-module-item-mlc-hours-pdf-integral-calculus-mth-252z-400-u2026.md,,metadata/00039-mth-252-module-item-mlc-hours-pdf-integral-calculus-mth-252z-400-u2026.json,3fdfb83dfedf17caad5de38d8a9667ac228d18049919c3f3715d592ba0204752,9b92fd7e4ba6e9554634805f924a387d33a791e87e2faaf128e5802d08da80eb,2026-06-26T21:02:10.012Z,1,31,3,0,0,0
00040-mth-252-module-item-how-to-videos-integral-calculus-mth-252z-400-u2026,2080857,MTH-252,module_item,module_item,https://canvas.oregonstate.edu/courses/2080857/modules/items/26982537,https://canvas.oregonstate.edu/courses/2080857/pages/how-to-videos?module_item_id=26982537,How-To Videos: INTEGRAL CALCULUS (MTH_252Z_400_U2026),page,how-to-videos,1,yes,,raw_html/00040-mth-252-module-item-how-to-videos-integral-calculus-mth-252z-400-u2026.html,text/00040-mth-252-module-item-how-to-videos-integral-calculus-mth-252z-400-u2026.txt,text/00040-mth-252-module-item-how-to-videos-integral-calculus-mth-252z-400-u2026.fulltext.txt,markdown/00040-mth-252-module-item-how-to-videos-integral-calculus-mth-252z-400-u2026.md,,metadata/00040-mth-252-module-item-how-to-videos-integral-calculus-mth-252z-400-u2026.json,fd0fd04b7705c36d7f77adc18bc5c5b5b9730c9687ca909561e120abb445d1d2,a51d7afcc6638a5a3b9f2c68d6bb857f83459623d7e00aa7c9573eb829046842,2026-06-26T21:02:12.608Z,4,28,5,0,0,0
00041-mth-252-module-item-review-optional-3-3-differentiation-rules,2080857,MTH-252,module_item,module_item,https://canvas.oregonstate.edu/courses/2080857/modules/items/26982540,https://canvas.oregonstate.edu/courses/2080857/modules/items/26982540,Review (Optional) - 3.3 Differentiation Rules,module_item,26982540,1,,yes,raw_html/00041-mth-252-module-item-review-optional-3-3-differentiation-rules.html,text/00041-mth-252-module-item-review-optional-3-3-differentiation-rules.txt,text/00041-mth-252-module-item-review-optional-3-3-differentiation-rules.fulltext.txt,markdown/00041-mth-252-module-item-review-optional-3-3-differentiation-rules.md,,metadata/00041-mth-252-module-item-review-optional-3-3-differentiation-rules.json,57c2a70dcb985c92190095d055d8459481b78ad5c1bcec86d4e6517f31f9cc31,5caaad755e47b5f6d145788bcff46c602426e52b2af089f1f1d3cf037dd6ca1b,2026-06-26T21:02:15.009Z,0,29,2,0,0,0
00042-mth-252-module-item-review-optional-3-5-derivatives-of-trigonometric-functions,2080857,MTH-252,module_item,module_item,https://canvas.oregonstate.edu/courses/2080857/modules/items/26982541,https://canvas.oregonstate.edu/courses/2080857/modules/items/26982541,Review (Optional) - 3.5 Derivatives of Trigonometric Functions,module_item,26982541,1,,yes,raw_html/00042-mth-252-module-item-review-optional-3-5-derivatives-of-trigonometric-functions.html,text/00042-mth-252-module-item-review-optional-3-5-derivatives-of-trigonometric-functions.txt,text/00042-mth-252-module-item-review-optional-3-5-derivatives-of-trigonometric-functions.fulltext.txt,markdown/00042-mth-252-module-item-review-optional-3-5-derivatives-of-trigonometric-functions.md,,metadata/00042-mth-252-module-item-review-optional-3-5-derivatives-of-trigonometric-functions.json,399d81236d71ea2468e44ef4c87d5aecb4f1422dea17f4843539940a863717d2,a641fb04a92fd504fe4148d5613cbae9635ece1b38187b6a3fb6ca6f5af90e8a,2026-06-26T21:02:17.260Z,0,29,2,0,0,0
00043-mth-252-module-item-review-optional-3-6-the-chain-rule,2080857,MTH-252,module_item,module_item,https://canvas.oregonstate.edu/courses/2080857/modules/items/26982542,https://canvas.oregonstate.edu/courses/2080857/modules/items/26982542,Review (Optional) - 3.6 The Chain Rule,module_item,26982542,1,,yes,raw_html/00043-mth-252-module-item-review-optional-3-6-the-chain-rule.html,text/00043-mth-252-module-item-review-optional-3-6-the-chain-rule.txt,text/00043-mth-252-module-item-review-optional-3-6-the-chain-rule.fulltext.txt,markdown/00043-mth-252-module-item-review-optional-3-6-the-chain-rule.md,,metadata/00043-mth-252-module-item-review-optional-3-6-the-chain-rule.json,a87723683fd3be531b18e01d88e56c1632f3e263bbf843c2c93e8172c3abff9a,91d473ad6d5f5c43808598321d60ff5d76333eb93ed486491be4395f06212f1e,2026-06-26T21:02:19.364Z,0,29,2,0,0,0
00044-mth-252-module-item-review-optional-3-9-derivatives-of-exponential-and-logarithmic-functions,2080857,MTH-252,module_item,module_item,https://canvas.oregonstate.edu/courses/2080857/modules/items/26982543,https://canvas.oregonstate.edu/courses/2080857/modules/items/26982543,Review (Optional) - 3.9 Derivatives of Exponential and Logarithmic Functions,module_item,26982543,1,,yes,raw_html/00044-mth-252-module-item-review-optional-3-9-derivatives-of-exponential-and-logarithmic-functions.html,text/00044-mth-252-module-item-review-optional-3-9-derivatives-of-exponential-and-logarithmic-functions.txt,text/00044-mth-252-module-item-review-optional-3-9-derivatives-of-exponential-and-logarithmic-functions.fulltext.txt,markdown/00044-mth-252-module-item-review-optional-3-9-derivatives-of-exponential-and-logarithmic-functions.md,,metadata/00044-mth-252-module-item-review-optional-3-9-derivatives-of-exponential-and-logarithmic-functions.json,11d88f3a38e9b01629c415ab93cda376c36eefe8b5d5bfbe06d70d1a0757712b,55b98c91038e9ca9f6e96bd306f8080f1d63e6634e576c9320cbc47fe0b3d564,2026-06-26T21:02:21.517Z,0,29,2,0,0,0
00045-mth-252-module-item-module-1-overview-integral-calculus-mth-252z-400-u2026,2080857,MTH-252,module_item,module_item,https://canvas.oregonstate.edu/courses/2080857/modules/items/26982544,https://canvas.oregonstate.edu/courses/2080857/pages/module-1-overview?module_item_id=26982544,Module 1 — Overview: INTEGRAL CALCULUS (MTH_252Z_400_U2026),page,module-1-overview,1,yes,,raw_html/00045-mth-252-module-item-module-1-overview-integral-calculus-mth-252z-400-u2026.html,text/00045-mth-252-module-item-module-1-overview-integral-calculus-mth-252z-400-u2026.txt,text/00045-mth-252-module-item-module-1-overview-integral-calculus-mth-252z-400-u2026.fulltext.txt,markdown/00045-mth-252-module-item-module-1-overview-integral-calculus-mth-252z-400-u2026.md,,metadata/00045-mth-252-module-item-module-1-overview-integral-calculus-mth-252z-400-u2026.json,7a46bcdad2239f7d69c91545ba7376086941b4a805ed4de6d0fff423eff69475,778cdde2aa3a6675e7a7f4baf1a5db23a2032f6e249ce374d422f6f757d992e3,2026-06-26T21:02:23.860Z,4,30,2,0,0,0
00046-mth-252-module-item-module-1-learning-materials-and-practice-activities-3-5-hours-integral-calculus-mth-252z-400-u20,2080857,MTH-252,module_item,module_item,https://canvas.oregonstate.edu/courses/2080857/modules/items/26982545,https://canvas.oregonstate.edu/courses/2080857/pages/module-1-learning-materials-and-practice-activities-3-5-hours-2?module_item_id=26982545,Module 1 — Learning Materials and Practice Activities 🕓 3 - 5 hours: INTEGRAL CALCULUS (MTH_252Z_400_U2026),page,module-1-learning-materials-and-practice-activities-3-5-hours-2,1,yes,,raw_html/00046-mth-252-module-item-module-1-learning-materials-and-practice-activities-3-5-hours-integral-calculus-mth-252z-400-u20.html,text/00046-mth-252-module-item-module-1-learning-materials-and-practice-activities-3-5-hours-integral-calculus-mth-252z-400-u20.txt,text/00046-mth-252-module-item-module-1-learning-materials-and-practice-activities-3-5-hours-integral-calculus-mth-252z-400-u20.fulltext.txt,markdown/00046-mth-252-module-item-module-1-learning-materials-and-practice-activities-3-5-hours-integral-calculus-mth-252z-400-u20.md,,metadata/00046-mth-252-module-item-module-1-learning-materials-and-practice-activities-3-5-hours-integral-calculus-mth-252z-400-u20.json,83f2fb653e925b86218bd1c8d627c2bf6e59b8b8e7399a7549ce8bd97cfcd35b,ad009c700a564b39e4d15f42ef5490233ca43273146cb301df11c69e76d51b15,2026-06-26T21:02:26.215Z,7,41,2,0,0,0
00047-mth-252-module-item-252-lecture-1-1-to-me1-pdf-integral-calculus-mth-252z-400-u2026,2080857,MTH-252,module_item,module_item,https://canvas.oregonstate.edu/courses/2080857/modules/items/26982546,https://canvas.oregonstate.edu/courses/2080857/files/119223553?module_item_id=26982546,252-Lecture-1.1-to-ME1.pdf: INTEGRAL CALCULUS (MTH_252Z_400_U2026),file,119223553,1,yes,,raw_html/00047-mth-252-module-item-252-lecture-1-1-to-me1-pdf-integral-calculus-mth-252z-400-u2026.html,text/00047-mth-252-module-item-252-lecture-1-1-to-me1-pdf-integral-calculus-mth-252z-400-u2026.txt,text/00047-mth-252-module-item-252-lecture-1-1-to-me1-pdf-integral-calculus-mth-252z-400-u2026.fulltext.txt,markdown/00047-mth-252-module-item-252-lecture-1-1-to-me1-pdf-integral-calculus-mth-252z-400-u2026.md,,metadata/00047-mth-252-module-item-252-lecture-1-1-to-me1-pdf-integral-calculus-mth-252z-400-u2026.json,0e83101dadbb9b9400c244dcd369485e7616e576fd394477ebae4982801c51f5,4488cc49b08cec78f218fdd6fb39f2f6f6a6ddb096dde1704c61ec22488c6594,2026-06-26T21:02:28.460Z,1,31,3,0,0,0
00048-mth-252-module-item-dr-g-s-videos-1-1-integral-calculus-mth-252z-400-u2026,2080857,MTH-252,module_item,module_item,https://canvas.oregonstate.edu/courses/2080857/modules/items/26982547,https://canvas.oregonstate.edu/courses/2080857/pages/dr-gs-videos-%3E-1-dot-1?module_item_id=26982547,Dr. G's Videos --> 1.1: INTEGRAL CALCULUS (MTH_252Z_400_U2026),page,dr-gs-videos-%3E-1-dot-1,1,yes,,raw_html/00048-mth-252-module-item-dr-g-s-videos-1-1-integral-calculus-mth-252z-400-u2026.html,text/00048-mth-252-module-item-dr-g-s-videos-1-1-integral-calculus-mth-252z-400-u2026.txt,text/00048-mth-252-module-item-dr-g-s-videos-1-1-integral-calculus-mth-252z-400-u2026.fulltext.txt,markdown/00048-mth-252-module-item-dr-g-s-videos-1-1-integral-calculus-mth-252z-400-u2026.md,,metadata/00048-mth-252-module-item-dr-g-s-videos-1-1-integral-calculus-mth-252z-400-u2026.json,d5f46317d69fa626fb8ae17b5e6c818922e62c91a50cf5e3602e810865549b7c,b519f26f9cca18c1712bcdda46fab541c685c26de56f396ed312851f1324d8bc,2026-06-26T21:02:31.150Z,1,28,5,0,0,0
00049-mth-252-module-item-pre-class-reading-quiz-1-1-rq-1-1-integral-calculus-mth-252z-400-u2026,2080857,MTH-252,module_item,module_item,https://canvas.oregonstate.edu/courses/2080857/modules/items/26982548,https://canvas.oregonstate.edu/courses/2080857/quizzes/3167659?module_item_id=26982548,Pre-Class Reading Quiz - 1.1 (RQ-1.1): INTEGRAL CALCULUS (MTH_252Z_400_U2026),quiz,3167659,1,yes,,raw_html/00049-mth-252-module-item-pre-class-reading-quiz-1-1-rq-1-1-integral-calculus-mth-252z-400-u2026.html,text/00049-mth-252-module-item-pre-class-reading-quiz-1-1-rq-1-1-integral-calculus-mth-252z-400-u2026.txt,text/00049-mth-252-module-item-pre-class-reading-quiz-1-1-rq-1-1-integral-calculus-mth-252z-400-u2026.fulltext.txt,markdown/00049-mth-252-module-item-pre-class-reading-quiz-1-1-rq-1-1-integral-calculus-mth-252z-400-u2026.md,,metadata/00049-mth-252-module-item-pre-class-reading-quiz-1-1-rq-1-1-integral-calculus-mth-252z-400-u2026.json,4f8c98a12906af39044acf9412805ecec9b79af90690a04a909b8495a6f32132,7a6e824323ec1f8db466314bc7f0a92bb064ca5df939aceccd2c93f902084728,2026-06-26T21:02:33.959Z,4,31,2,0,0,0
00050-mth-252-module-item-module-1-written-homework-whw-1-2-hours,2080857,MTH-252,module_item,module_item,https://canvas.oregonstate.edu/courses/2080857/modules/items/26982549,https://canvas.oregonstate.edu/courses/2080857/assignments/10586053?module_item_id=26982549,Module 1 — Written Homework (WHW 1) 🕓 2 hours,assignment,10586053,1,yes,yes,raw_html/00050-mth-252-module-item-module-1-written-homework-whw-1-2-hours.html,text/00050-mth-252-module-item-module-1-written-homework-whw-1-2-hours.txt,text/00050-mth-252-module-item-module-1-written-homework-whw-1-2-hours.fulltext.txt,markdown/00050-mth-252-module-item-module-1-written-homework-whw-1-2-hours.md,,metadata/00050-mth-252-module-item-module-1-written-homework-whw-1-2-hours.json,8af56687bb44c4e14fe11acaafe917829f60a37e1d66c900cde1935ae9790325,b0c9b660581442eceb81ff6f850bab01741db42b482d295763f88b179c4b7b48,2026-06-26T21:02:36.870Z,7,61,2,0,0,0
00051-mth-252-module-item-intro-reflect-1,2080857,MTH-252,module_item,module_item,https://canvas.oregonstate.edu/courses/2080857/modules/items/26982550,https://canvas.oregonstate.edu/courses/2080857/assignments/10586044?module_item_id=26982550,Intro Reflect 1,assignment,10586044,1,yes,yes,raw_html/00051-mth-252-module-item-intro-reflect-1.html,text/00051-mth-252-module-item-intro-reflect-1.txt,text/00051-mth-252-module-item-intro-reflect-1.fulltext.txt,markdown/00051-mth-252-module-item-intro-reflect-1.md,,metadata/00051-mth-252-module-item-intro-reflect-1.json,3fda44cf35ab5793c4be3f2c573d1a8b831eff54d89749c72decae0c594f85fa,dd6b912fd387bec52a3fcb729b1631650b815f7fc338ea40b7a7e2092f487355,2026-06-26T21:02:39.669Z,2,54,2,0,0,0
00052-mth-252-module-item-achieve-1-1-approximating-areas,2080857,MTH-252,module_item,module_item,https://canvas.oregonstate.edu/courses/2080857/modules/items/26982551,https://canvas.oregonstate.edu/courses/2080857/assignments/10586025?module_item_id=26982551,Achieve - 1.1 Approximating Areas,assignment,10586025,1,yes,yes,raw_html/00052-mth-252-module-item-achieve-1-1-approximating-areas.html,text/00052-mth-252-module-item-achieve-1-1-approximating-areas.txt,text/00052-mth-252-module-item-achieve-1-1-approximating-areas.fulltext.txt,markdown/00052-mth-252-module-item-achieve-1-1-approximating-areas.md,,metadata/00052-mth-252-module-item-achieve-1-1-approximating-areas.json,7f8ff4fab1cc570d7deef5834ff5b41cf311d068c6d3aa0eb3081176c927bb77,a46a9c9b6c40983d512b9f5ef4e7fd71948384a6f38ddf901840a2b8f86f66cb,2026-06-26T21:02:42.164Z,2,54,2,0,0,0
00053-mth-252-module-item-topic-module-1-discussion-reflection-whw-1-0-25-hour,2080857,MTH-252,module_item,module_item,https://canvas.oregonstate.edu/courses/2080857/modules/items/26982552,https://canvas.oregonstate.edu/courses/2080857/discussion_topics/11593475?module_item_id=26982552,Topic: Module 1 — Discussion Reflection: WHW 1 🕓 0.25 hour,discussion,11593475,1,yes,,raw_html/00053-mth-252-module-item-topic-module-1-discussion-reflection-whw-1-0-25-hour.html,text/00053-mth-252-module-item-topic-module-1-discussion-reflection-whw-1-0-25-hour.txt,text/00053-mth-252-module-item-topic-module-1-discussion-reflection-whw-1-0-25-hour.fulltext.txt,markdown/00053-mth-252-module-item-topic-module-1-discussion-reflection-whw-1-0-25-hour.md,,metadata/00053-mth-252-module-item-topic-module-1-discussion-reflection-whw-1-0-25-hour.json,e2c7cfb3b28e3d4fdc1b0e751259eec106d1844b6dce94540d1da8859f5e7135,6957c973e6e212482c8a0109b0384296e6f8400d527438be0451836eb88f6614,2026-06-26T21:02:45.112Z,1,29,2,0,0,0
00054-mth-252-module-item-module-2-overview-integral-calculus-mth-252z-400-u2026,2080857,MTH-252,module_item,module_item,https://canvas.oregonstate.edu/courses/2080857/modules/items/26982553,https://canvas.oregonstate.edu/courses/2080857/pages/module-2-overview?module_item_id=26982553,Module 2 — Overview: INTEGRAL CALCULUS (MTH_252Z_400_U2026),page,module-2-overview,1,yes,,raw_html/00054-mth-252-module-item-module-2-overview-integral-calculus-mth-252z-400-u2026.html,text/00054-mth-252-module-item-module-2-overview-integral-calculus-mth-252z-400-u2026.txt,text/00054-mth-252-module-item-module-2-overview-integral-calculus-mth-252z-400-u2026.fulltext.txt,markdown/00054-mth-252-module-item-module-2-overview-integral-calculus-mth-252z-400-u2026.md,,metadata/00054-mth-252-module-item-module-2-overview-integral-calculus-mth-252z-400-u2026.json,e452c080b2c43b7ad5350d326af1dc0fd3b1434fe33c9965a8927377e8f56ad6,507d6cadd7d216b03535985720c7f2376eb55f32c91eb7eb9ee0b96e08b884ed,2026-06-26T21:02:47.763Z,4,28,2,0,0,0
00055-mth-252-module-item-module-2-learning-materials-and-practice-activities-3-5-hours-integral-calculus-mth-252z-400-u20,2080857,MTH-252,module_item,module_item,https://canvas.oregonstate.edu/courses/2080857/modules/items/26982554,https://canvas.oregonstate.edu/courses/2080857/pages/module-2-learning-materials-and-practice-activities-3-5-hours-2?module_item_id=26982554,Module 2 — Learning Materials and Practice Activities 🕓 3 - 5 hours: INTEGRAL CALCULUS (MTH_252Z_400_U2026),page,module-2-learning-materials-and-practice-activities-3-5-hours-2,1,yes,,raw_html/00055-mth-252-module-item-module-2-learning-materials-and-practice-activities-3-5-hours-integral-calculus-mth-252z-400-u20.html,text/00055-mth-252-module-item-module-2-learning-materials-and-practice-activities-3-5-hours-integral-calculus-mth-252z-400-u20.txt,text/00055-mth-252-module-item-module-2-learning-materials-and-practice-activities-3-5-hours-integral-calculus-mth-252z-400-u20.fulltext.txt,markdown/00055-mth-252-module-item-module-2-learning-materials-and-practice-activities-3-5-hours-integral-calculus-mth-252z-400-u20.md,,metadata/00055-mth-252-module-item-module-2-learning-materials-and-practice-activities-3-5-hours-integral-calculus-mth-252z-400-u20.json,d96beb974ff1fff8e9004140037fc2595fdb8058ad5521dad1f595c30fdf748d,7eef3460863e2c4fc7a549d7ed9517d03fae9499f54b8e86bc29b75f89907e75,2026-06-26T21:02:50.210Z,7,41,2,0,0,0
00056-mth-252-module-item-252-lecture-1-1-to-me1-pdf-integral-calculus-mth-252z-400-u2026,2080857,MTH-252,module_item,module_item,https://canvas.oregonstate.edu/courses/2080857/modules/items/26982555,https://canvas.oregonstate.edu/courses/2080857/files/119223553?module_item_id=26982555,252-Lecture-1.1-to-ME1.pdf: INTEGRAL CALCULUS (MTH_252Z_400_U2026),file,119223553,1,yes,,raw_html/00056-mth-252-module-item-252-lecture-1-1-to-me1-pdf-integral-calculus-mth-252z-400-u2026.html,text/00056-mth-252-module-item-252-lecture-1-1-to-me1-pdf-integral-calculus-mth-252z-400-u2026.txt,text/00056-mth-252-module-item-252-lecture-1-1-to-me1-pdf-integral-calculus-mth-252z-400-u2026.fulltext.txt,markdown/00056-mth-252-module-item-252-lecture-1-1-to-me1-pdf-integral-calculus-mth-252z-400-u2026.md,,metadata/00056-mth-252-module-item-252-lecture-1-1-to-me1-pdf-integral-calculus-mth-252z-400-u2026.json,82325da7facc05d8b71a7b78368cc2898114ad50a0194d4a732b6e89da202e84,4488cc49b08cec78f218fdd6fb39f2f6f6a6ddb096dde1704c61ec22488c6594,2026-06-26T21:02:52.462Z,1,31,3,0,0,0
00057-mth-252-module-item-dr-g-s-videos-1-2-integral-calculus-mth-252z-400-u2026,2080857,MTH-252,module_item,module_item,https://canvas.oregonstate.edu/courses/2080857/modules/items/26982556,https://canvas.oregonstate.edu/courses/2080857/pages/dr-gs-videos-%3E-1-dot-2?module_item_id=26982556,Dr. G's Videos --> 1.2: INTEGRAL CALCULUS (MTH_252Z_400_U2026),page,dr-gs-videos-%3E-1-dot-2,1,yes,,raw_html/00057-mth-252-module-item-dr-g-s-videos-1-2-integral-calculus-mth-252z-400-u2026.html,text/00057-mth-252-module-item-dr-g-s-videos-1-2-integral-calculus-mth-252z-400-u2026.txt,text/00057-mth-252-module-item-dr-g-s-videos-1-2-integral-calculus-mth-252z-400-u2026.fulltext.txt,markdown/00057-mth-252-module-item-dr-g-s-videos-1-2-integral-calculus-mth-252z-400-u2026.md,,metadata/00057-mth-252-module-item-dr-g-s-videos-1-2-integral-calculus-mth-252z-400-u2026.json,6121dcd01cd8005841c28fc0f03f4b0cee5789a29100f3aa395c60348b3eaaaf,179db5f1ee1d3a2784ad04689b0d14d89e25e02bf33a19de5d21a1b0f653cf88,2026-06-26T21:02:54.871Z,1,28,6,0,0,0
00058-mth-252-module-item-pre-class-reading-quiz-1-2-rq-1-2-integral-calculus-mth-252z-400-u2026,2080857,MTH-252,module_item,module_item,https://canvas.oregonstate.edu/courses/2080857/modules/items/26982557,https://canvas.oregonstate.edu/courses/2080857/quizzes/3167658?module_item_id=26982557,Pre-Class Reading Quiz - 1.2 (RQ-1.2): INTEGRAL CALCULUS (MTH_252Z_400_U2026),quiz,3167658,1,yes,,raw_html/00058-mth-252-module-item-pre-class-reading-quiz-1-2-rq-1-2-integral-calculus-mth-252z-400-u2026.html,text/00058-mth-252-module-item-pre-class-reading-quiz-1-2-rq-1-2-integral-calculus-mth-252z-400-u2026.txt,text/00058-mth-252-module-item-pre-class-reading-quiz-1-2-rq-1-2-integral-calculus-mth-252z-400-u2026.fulltext.txt,markdown/00058-mth-252-module-item-pre-class-reading-quiz-1-2-rq-1-2-integral-calculus-mth-252z-400-u2026.md,,metadata/00058-mth-252-module-item-pre-class-reading-quiz-1-2-rq-1-2-integral-calculus-mth-252z-400-u2026.json,0ca44b43dc9398950c15e6679d8c31ba25cbac62ec9ef4d1e9c0030f39b95403,11c85c23256652a5a9ec0cc955662425d3d8975f040cc4774ea9a91473c7d57b,2026-06-26T21:02:57.689Z,4,31,2,0,0,0
00059-mth-252-module-item-module-2-written-homework-whw-2-3-hours,2080857,MTH-252,module_item,module_item,https://canvas.oregonstate.edu/courses/2080857/modules/items/26982558,https://canvas.oregonstate.edu/courses/2080857/assignments/10586055?module_item_id=26982558,Module 2 — Written Homework (WHW 2) 🕓 3 hours,assignment,10586055,1,yes,,raw_html/00059-mth-252-module-item-module-2-written-homework-whw-2-3-hours.html,text/00059-mth-252-module-item-module-2-written-homework-whw-2-3-hours.txt,text/00059-mth-252-module-item-module-2-written-homework-whw-2-3-hours.fulltext.txt,markdown/00059-mth-252-module-item-module-2-written-homework-whw-2-3-hours.md,,metadata/00059-mth-252-module-item-module-2-written-homework-whw-2-3-hours.json,0b48c2c07fcae7e88afd58b76da0994a53c9f81c04f491b9cf03a00ca60af24c,9155cbf6e24be3eac34903528e3f21944ec8c1c665a3e756d8bae872eff21d70,2026-06-26T21:03:00.496Z,2,54,2,0,0,0
00060-mth-252-module-item-reflection-2,2080857,MTH-252,module_item,module_item,https://canvas.oregonstate.edu/courses/2080857/modules/items/26982559,https://canvas.oregonstate.edu/courses/2080857/assignments/10586063?module_item_id=26982559,Reflection 2,assignment,10586063,1,yes,yes,raw_html/00060-mth-252-module-item-reflection-2.html,text/00060-mth-252-module-item-reflection-2.txt,text/00060-mth-252-module-item-reflection-2.fulltext.txt,markdown/00060-mth-252-module-item-reflection-2.md,,metadata/00060-mth-252-module-item-reflection-2.json,2362d3e9e268f520bd25d472e91843d6d6f8934f0ebc52790807173c6d9f5378,aa43837b607daf1d1eb5f803dbb986c360f6f15b319d5163560defd183c7200b,2026-06-26T21:03:03.110Z,2,54,2,0,0,0
00061-mth-252-module-item-achieve-1-2-the-definite-integral,2080857,MTH-252,module_item,module_item,https://canvas.oregonstate.edu/courses/2080857/modules/items/26982560,https://canvas.oregonstate.edu/courses/2080857/assignments/10586026?module_item_id=26982560,Achieve - 1.2 The Definite Integral,assignment,10586026,1,yes,yes,raw_html/00061-mth-252-module-item-achieve-1-2-the-definite-integral.html,text/00061-mth-252-module-item-achieve-1-2-the-definite-integral.txt,text/00061-mth-252-module-item-achieve-1-2-the-definite-integral.fulltext.txt,markdown/00061-mth-252-module-item-achieve-1-2-the-definite-integral.md,,metadata/00061-mth-252-module-item-achieve-1-2-the-definite-integral.json,228e7bcbf033666324ed1698c40097dc79ab06f023881e1615982d08c4f1ebe3,16e7b425b3e526eca5b2cf4a06a97ebc025eea18594c7e66fee6dbaf7a419b7b,2026-06-26T21:03:05.547Z,2,54,2,0,0,0
00062-mth-252-module-item-topic-module-2-discussion-reflection-0-5-hour,2080857,MTH-252,module_item,module_item,https://canvas.oregonstate.edu/courses/2080857/modules/items/26982561,https://canvas.oregonstate.edu/courses/2080857/discussion_topics/11593474?module_item_id=26982561,Topic: Module 2 — Discussion Reflection 🕓 0.5 hour,discussion,11593474,1,yes,,raw_html/00062-mth-252-module-item-topic-module-2-discussion-reflection-0-5-hour.html,text/00062-mth-252-module-item-topic-module-2-discussion-reflection-0-5-hour.txt,text/00062-mth-252-module-item-topic-module-2-discussion-reflection-0-5-hour.fulltext.txt,markdown/00062-mth-252-module-item-topic-module-2-discussion-reflection-0-5-hour.md,,metadata/00062-mth-252-module-item-topic-module-2-discussion-reflection-0-5-hour.json,dba770d3d8d0292c2ea7d6bb22fcc568825fd3b763e2ccb3feb8c917c4645e0b,d7b6629703505ba87040296c3f7332b8abdc6fb7a64fffceb6bd32f8b22250de,2026-06-26T21:03:08.260Z,1,29,2,0,0,0
00063-mth-252-module-item-mini-exam-1-tues-thur-no-calculators,2080857,MTH-252,module_item,module_item,https://canvas.oregonstate.edu/courses/2080857/modules/items/26982562,https://canvas.oregonstate.edu/courses/2080857/assignments/10586045?module_item_id=26982562,Mini-Exam 1 - Tues - Thur --> No Calculators,assignment,10586045,1,yes,,raw_html/00063-mth-252-module-item-mini-exam-1-tues-thur-no-calculators.html,text/00063-mth-252-module-item-mini-exam-1-tues-thur-no-calculators.txt,text/00063-mth-252-module-item-mini-exam-1-tues-thur-no-calculators.fulltext.txt,markdown/00063-mth-252-module-item-mini-exam-1-tues-thur-no-calculators.md,,metadata/00063-mth-252-module-item-mini-exam-1-tues-thur-no-calculators.json,49a10ae215f78f98270882b8df8ef02c5be19989059f177ef29321318ce9ff00,c2bca54f83538d0168d793f4d89603e9f2a48b0657a74474bc600d3756be6cb2,2026-06-26T21:03:11.250Z,2,54,2,0,0,0
00064-mth-252-module-item-module-3-overview-integral-calculus-mth-252z-400-u2026,2080857,MTH-252,module_item,module_item,https://canvas.oregonstate.edu/courses/2080857/modules/items/26982563,https://canvas.oregonstate.edu/courses/2080857/pages/module-3-overview?module_item_id=26982563,Module 3 — Overview: INTEGRAL CALCULUS (MTH_252Z_400_U2026),page,module-3-overview,1,yes,,raw_html/00064-mth-252-module-item-module-3-overview-integral-calculus-mth-252z-400-u2026.html,text/00064-mth-252-module-item-module-3-overview-integral-calculus-mth-252z-400-u2026.txt,text/00064-mth-252-module-item-module-3-overview-integral-calculus-mth-252z-400-u2026.fulltext.txt,markdown/00064-mth-252-module-item-module-3-overview-integral-calculus-mth-252z-400-u2026.md,,metadata/00064-mth-252-module-item-module-3-overview-integral-calculus-mth-252z-400-u2026.json,1054676df0f3fa8502375463cd4fd24162c4f802ceece7c9ca0e980b479bff10,1b17f7f5b4aec973d7d2dab3d877bd46a15cad3e034546395ed1ca2b4e9e43e3,2026-06-26T21:03:13.517Z,4,28,2,0,0,0
00065-mth-252-module-item-module-3-learning-materials-and-practice-activities-3-5-hours-integral-calculus-mth-252z-400-u20,2080857,MTH-252,module_item,module_item,https://canvas.oregonstate.edu/courses/2080857/modules/items/26982564,https://canvas.oregonstate.edu/courses/2080857/pages/module-3-learning-materials-and-practice-activities-3-5-hours-2?module_item_id=26982564,Module 3 — Learning Materials and Practice Activities 🕓 3 - 5 hours: INTEGRAL CALCULUS (MTH_252Z_400_U2026),page,module-3-learning-materials-and-practice-activities-3-5-hours-2,1,yes,,raw_html/00065-mth-252-module-item-module-3-learning-materials-and-practice-activities-3-5-hours-integral-calculus-mth-252z-400-u20.html,text/00065-mth-252-module-item-module-3-learning-materials-and-practice-activities-3-5-hours-integral-calculus-mth-252z-400-u20.txt,text/00065-mth-252-module-item-module-3-learning-materials-and-practice-activities-3-5-hours-integral-calculus-mth-252z-400-u20.fulltext.txt,markdown/00065-mth-252-module-item-module-3-learning-materials-and-practice-activities-3-5-hours-integral-calculus-mth-252z-400-u20.md,,metadata/00065-mth-252-module-item-module-3-learning-materials-and-practice-activities-3-5-hours-integral-calculus-mth-252z-400-u20.json,ae3078c41b6580101866604a4d9521b8b13a6d565730a7741becd5279bd76ca5,eae475005f97ef1f1190bf9a1bf90be8fbd8b9df2a6c35bd0125008423648bb6,2026-06-26T21:03:15.863Z,7,53,2,0,0,0
00066-mth-252-module-item-252-lecture-1-3-to-me2-pdf-integral-calculus-mth-252z-400-u2026,2080857,MTH-252,module_item,module_item,https://canvas.oregonstate.edu/courses/2080857/modules/items/26982565,https://canvas.oregonstate.edu/courses/2080857/files/119223594?module_item_id=26982565,252-Lecture-1.3-to-ME2.pdf: INTEGRAL CALCULUS (MTH_252Z_400_U2026),file,119223594,1,yes,,raw_html/00066-mth-252-module-item-252-lecture-1-3-to-me2-pdf-integral-calculus-mth-252z-400-u2026.html,text/00066-mth-252-module-item-252-lecture-1-3-to-me2-pdf-integral-calculus-mth-252z-400-u2026.txt,text/00066-mth-252-module-item-252-lecture-1-3-to-me2-pdf-integral-calculus-mth-252z-400-u2026.fulltext.txt,markdown/00066-mth-252-module-item-252-lecture-1-3-to-me2-pdf-integral-calculus-mth-252z-400-u2026.md,,metadata/00066-mth-252-module-item-252-lecture-1-3-to-me2-pdf-integral-calculus-mth-252z-400-u2026.json,3ce0498e11e6ac0a48e0995b291a7237989df80242afd6727ba61d5a59bccb3d,f12caf324dcf2101fceca7917452ef796e29799e4eeea1ca1a9b1bc4bad645ab,2026-06-26T21:03:18.162Z,1,31,3,0,0,0
00067-mth-252-module-item-dr-g-s-videos-1-3-4-10-integral-calculus-mth-252z-400-u2026,2080857,MTH-252,module_item,module_item,https://canvas.oregonstate.edu/courses/2080857/modules/items/26982566,https://canvas.oregonstate.edu/courses/2080857/pages/dr-gs-videos-%3E-1-dot-3-4-dot-10?module_item_id=26982566,"Dr G's Videos --> 1.3, 4.10: INTEGRAL CALCULUS (MTH_252Z_400_U2026)",page,dr-gs-videos-%3E-1-dot-3-4-dot-10,1,yes,,raw_html/00067-mth-252-module-item-dr-g-s-videos-1-3-4-10-integral-calculus-mth-252z-400-u2026.html,text/00067-mth-252-module-item-dr-g-s-videos-1-3-4-10-integral-calculus-mth-252z-400-u2026.txt,text/00067-mth-252-module-item-dr-g-s-videos-1-3-4-10-integral-calculus-mth-252z-400-u2026.fulltext.txt,markdown/00067-mth-252-module-item-dr-g-s-videos-1-3-4-10-integral-calculus-mth-252z-400-u2026.md,,metadata/00067-mth-252-module-item-dr-g-s-videos-1-3-4-10-integral-calculus-mth-252z-400-u2026.json,e359eee22f03c8c35af76175c89389ebfce7bd647e143e2c45424e3252db3c4a,7cd971ecd5221d60344443192b8d1df3706b2bd01cea2e14a0a928499f94c95a,2026-06-26T21:03:20.373Z,1,28,6,0,0,0
00068-mth-252-module-item-pre-class-reading-quiz-1-3-rq-1-3-integral-calculus-mth-252z-400-u2026,2080857,MTH-252,module_item,module_item,https://canvas.oregonstate.edu/courses/2080857/modules/items/26982567,https://canvas.oregonstate.edu/courses/2080857/quizzes/3167655?module_item_id=26982567,Pre-Class Reading Quiz - 1.3 (RQ-1.3) : INTEGRAL CALCULUS (MTH_252Z_400_U2026),quiz,3167655,1,yes,,raw_html/00068-mth-252-module-item-pre-class-reading-quiz-1-3-rq-1-3-integral-calculus-mth-252z-400-u2026.html,text/00068-mth-252-module-item-pre-class-reading-quiz-1-3-rq-1-3-integral-calculus-mth-252z-400-u2026.txt,text/00068-mth-252-module-item-pre-class-reading-quiz-1-3-rq-1-3-integral-calculus-mth-252z-400-u2026.fulltext.txt,markdown/00068-mth-252-module-item-pre-class-reading-quiz-1-3-rq-1-3-integral-calculus-mth-252z-400-u2026.md,,metadata/00068-mth-252-module-item-pre-class-reading-quiz-1-3-rq-1-3-integral-calculus-mth-252z-400-u2026.json,b8c236135f29bedc81e3f3dfe6ccb276c469e7862997e5970af01c3d8145af97,bfe0c0919aee9bb12689dedf98532468e2e0a700961fa240e6c859a1411ee65b,2026-06-26T21:03:23.090Z,1,29,2,0,0,0
00069-mth-252-module-item-module-3-written-homework-whw-3-3-hours,2080857,MTH-252,module_item,module_item,https://canvas.oregonstate.edu/courses/2080857/modules/items/26982568,https://canvas.oregonstate.edu/courses/2080857/assignments/10586056?module_item_id=26982568,Module 3 — Written Homework (WHW 3) 🕓 3 hours,assignment,10586056,1,yes,,raw_html/00069-mth-252-module-item-module-3-written-homework-whw-3-3-hours.html,text/00069-mth-252-module-item-module-3-written-homework-whw-3-3-hours.txt,text/00069-mth-252-module-item-module-3-written-homework-whw-3-3-hours.fulltext.txt,markdown/00069-mth-252-module-item-module-3-written-homework-whw-3-3-hours.md,,metadata/00069-mth-252-module-item-module-3-written-homework-whw-3-3-hours.json,309bc2af046c15086467539c384c3d24ab33a42a950f3c92fb61e19107c5a2ca,2d52204ef1a383d4d1768a6d1fe4b4be5b6147119ab585d2f8d058b5ea67a771,2026-06-26T21:03:25.852Z,2,54,2,0,0,0
00070-mth-252-module-item-achieve-1-3-the-fundamental-theorem-of-calculus,2080857,MTH-252,module_item,module_item,https://canvas.oregonstate.edu/courses/2080857/modules/items/26982569,https://canvas.oregonstate.edu/courses/2080857/assignments/10586027?module_item_id=26982569,Achieve - 1.3 The Fundamental Theorem of Calculus,assignment,10586027,1,yes,yes,raw_html/00070-mth-252-module-item-achieve-1-3-the-fundamental-theorem-of-calculus.html,text/00070-mth-252-module-item-achieve-1-3-the-fundamental-theorem-of-calculus.txt,text/00070-mth-252-module-item-achieve-1-3-the-fundamental-theorem-of-calculus.fulltext.txt,markdown/00070-mth-252-module-item-achieve-1-3-the-fundamental-theorem-of-calculus.md,,metadata/00070-mth-252-module-item-achieve-1-3-the-fundamental-theorem-of-calculus.json,9d8ccbe35ee8b538a4ef14826bc6bc363fd4271a78026bdcf08387fc92f0da10,129f00c7acbc6b42705a135c3f851caf141277254e44867be406c950d7ef756a,2026-06-26T21:03:28.412Z,2,54,2,0,0,0
00071-mth-252-module-item-achieve-4-10-antiderivatives,2080857,MTH-252,module_item,module_item,https://canvas.oregonstate.edu/courses/2080857/modules/items/26982570,https://canvas.oregonstate.edu/courses/2080857/assignments/10586042?module_item_id=26982570,Achieve - 4.10 Antiderivatives,assignment,10586042,1,yes,yes,raw_html/00071-mth-252-module-item-achieve-4-10-antiderivatives.html,text/00071-mth-252-module-item-achieve-4-10-antiderivatives.txt,text/00071-mth-252-module-item-achieve-4-10-antiderivatives.fulltext.txt,markdown/00071-mth-252-module-item-achieve-4-10-antiderivatives.md,,metadata/00071-mth-252-module-item-achieve-4-10-antiderivatives.json,ce4283164041fda8ec8dce2e7c3e3a80cc140facd7df4dda8e75124a236a4942,39ef4bdbbcb0912ce0445bc5734fbf58ce091bd7d206ff3276fabbafb49a0ec3,2026-06-26T21:03:31.023Z,2,54,2,0,0,0
00072-mth-252-module-item-topic-module-3-discussion-reflection-mini-exam-1-0-5-hour,2080857,MTH-252,module_item,module_item,https://canvas.oregonstate.edu/courses/2080857/modules/items/26982571,https://canvas.oregonstate.edu/courses/2080857/discussion_topics/11593473?module_item_id=26982571,Topic: Module 3 — Discussion Reflection: Mini-Exam 1 🕓 0.5 hour,discussion,11593473,1,yes,,raw_html/00072-mth-252-module-item-topic-module-3-discussion-reflection-mini-exam-1-0-5-hour.html,text/00072-mth-252-module-item-topic-module-3-discussion-reflection-mini-exam-1-0-5-hour.txt,text/00072-mth-252-module-item-topic-module-3-discussion-reflection-mini-exam-1-0-5-hour.fulltext.txt,markdown/00072-mth-252-module-item-topic-module-3-discussion-reflection-mini-exam-1-0-5-hour.md,,metadata/00072-mth-252-module-item-topic-module-3-discussion-reflection-mini-exam-1-0-5-hour.json,2e27157d1a85784cf5d9691438da28dbf966e59baf19ad9a1cd59ef3617c0f3b,0226639ff72d78f73f430b5d4cba48ea5ab3b9cfc9d4af7c065a9b483e39e5d8,2026-06-26T21:03:33.560Z,0,29,2,0,0,0
00073-mth-252-module-item-module-4-overview-integral-calculus-mth-252z-400-u2026,2080857,MTH-252,module_item,module_item,https://canvas.oregonstate.edu/courses/2080857/modules/items/26982572,https://canvas.oregonstate.edu/courses/2080857/pages/module-4-overview?module_item_id=26982572,Module 4 — Overview: INTEGRAL CALCULUS (MTH_252Z_400_U2026),page,module-4-overview,1,yes,,raw_html/00073-mth-252-module-item-module-4-overview-integral-calculus-mth-252z-400-u2026.html,text/00073-mth-252-module-item-module-4-overview-integral-calculus-mth-252z-400-u2026.txt,text/00073-mth-252-module-item-module-4-overview-integral-calculus-mth-252z-400-u2026.fulltext.txt,markdown/00073-mth-252-module-item-module-4-overview-integral-calculus-mth-252z-400-u2026.md,,metadata/00073-mth-252-module-item-module-4-overview-integral-calculus-mth-252z-400-u2026.json,42637b66446b34bdbb877102ad32929de34d418af35cea094ff9151ad1d42a68,816fbefffca67450bae5a90b8e41eafef4895c0c0d5027d9c8de7fcd2e4f3ec8,2026-06-26T21:03:35.961Z,4,30,2,0,0,0
00074-mth-252-module-item-module-4-learning-materials-and-practice-activities-3-5-hours-integral-calculus-mth-252z-400-u20,2080857,MTH-252,module_item,module_item,https://canvas.oregonstate.edu/courses/2080857/modules/items/26982573,https://canvas.oregonstate.edu/courses/2080857/pages/module-4-learning-materials-and-practice-activities-3-5-hours-2?module_item_id=26982573,Module 4 — Learning Materials and Practice Activities 🕓 3 - 5 hours: INTEGRAL CALCULUS (MTH_252Z_400_U2026),page,module-4-learning-materials-and-practice-activities-3-5-hours-2,1,yes,,raw_html/00074-mth-252-module-item-module-4-learning-materials-and-practice-activities-3-5-hours-integral-calculus-mth-252z-400-u20.html,text/00074-mth-252-module-item-module-4-learning-materials-and-practice-activities-3-5-hours-integral-calculus-mth-252z-400-u20.txt,text/00074-mth-252-module-item-module-4-learning-materials-and-practice-activities-3-5-hours-integral-calculus-mth-252z-400-u20.fulltext.txt,markdown/00074-mth-252-module-item-module-4-learning-materials-and-practice-activities-3-5-hours-integral-calculus-mth-252z-400-u20.md,,metadata/00074-mth-252-module-item-module-4-learning-materials-and-practice-activities-3-5-hours-integral-calculus-mth-252z-400-u20.json,a293a5588f27a03476fd79b6091da06247293770e802a932a4c8548b1cb4b72d,581897f8426309d91b382c1e5a4c2f1ee3e7aac30ae512644d20f2c1ff2111bb,2026-06-26T21:03:39.108Z,6,54,2,0,0,0
00075-mth-252-module-item-252-lecture-1-3-to-me2-pdf-integral-calculus-mth-252z-400-u2026,2080857,MTH-252,module_item,module_item,https://canvas.oregonstate.edu/courses/2080857/modules/items/26982574,https://canvas.oregonstate.edu/courses/2080857/files/119223594?module_item_id=26982574,252-Lecture-1.3-to-ME2.pdf: INTEGRAL CALCULUS (MTH_252Z_400_U2026),file,119223594,1,yes,,raw_html/00075-mth-252-module-item-252-lecture-1-3-to-me2-pdf-integral-calculus-mth-252z-400-u2026.html,text/00075-mth-252-module-item-252-lecture-1-3-to-me2-pdf-integral-calculus-mth-252z-400-u2026.txt,text/00075-mth-252-module-item-252-lecture-1-3-to-me2-pdf-integral-calculus-mth-252z-400-u2026.fulltext.txt,markdown/00075-mth-252-module-item-252-lecture-1-3-to-me2-pdf-integral-calculus-mth-252z-400-u2026.md,,metadata/00075-mth-252-module-item-252-lecture-1-3-to-me2-pdf-integral-calculus-mth-252z-400-u2026.json,888de32a79259f65e126001a5b8efa29a37f3fff48ccd00642fc7d93a1fdc8fc,f12caf324dcf2101fceca7917452ef796e29799e4eeea1ca1a9b1bc4bad645ab,2026-06-26T21:03:41.457Z,1,31,3,0,0,0
00076-mth-252-module-item-dr-g-s-videos-sect-1-3-1-4-integral-calculus-mth-252z-400-u2026,2080857,MTH-252,module_item,module_item,https://canvas.oregonstate.edu/courses/2080857/modules/items/26982575,https://canvas.oregonstate.edu/courses/2080857/pages/dr-gs-videos-%3E-sect-1-dot-3-1-dot-4?module_item_id=26982575,"Dr G's Videos --> Sect 1.3, 1.4: INTEGRAL CALCULUS (MTH_252Z_400_U2026)",page,dr-gs-videos-%3E-sect-1-dot-3-1-dot-4,1,yes,,raw_html/00076-mth-252-module-item-dr-g-s-videos-sect-1-3-1-4-integral-calculus-mth-252z-400-u2026.html,text/00076-mth-252-module-item-dr-g-s-videos-sect-1-3-1-4-integral-calculus-mth-252z-400-u2026.txt,text/00076-mth-252-module-item-dr-g-s-videos-sect-1-3-1-4-integral-calculus-mth-252z-400-u2026.fulltext.txt,markdown/00076-mth-252-module-item-dr-g-s-videos-sect-1-3-1-4-integral-calculus-mth-252z-400-u2026.md,,metadata/00076-mth-252-module-item-dr-g-s-videos-sect-1-3-1-4-integral-calculus-mth-252z-400-u2026.json,1f3cf05c95baff272d6110bde857ef6b1b101e4122396d2e8282e2b56fd2d942,c0b4c60b1e5f9f79ede784310de5b92dd4db36effcfa4e4cb39e17766b831662,2026-06-26T21:03:43.985Z,1,29,3,0,0,0
00077-mth-252-module-item-dr-g-s-videos-sect-1-4-1-5-1-6-integral-calculus-mth-252z-400-u2026,2080857,MTH-252,module_item,module_item,https://canvas.oregonstate.edu/courses/2080857/modules/items/26982576,https://canvas.oregonstate.edu/courses/2080857/pages/dr-gs-videos-%3E-sect-1-dot-4-1-dot-5-1-dot-6?module_item_id=26982576,"Dr G's Videos --> Sect 1.4, 1.5, 1.6: INTEGRAL CALCULUS (MTH_252Z_400_U2026)",page,dr-gs-videos-%3E-sect-1-dot-4-1-dot-5-1-dot-6,1,yes,,raw_html/00077-mth-252-module-item-dr-g-s-videos-sect-1-4-1-5-1-6-integral-calculus-mth-252z-400-u2026.html,text/00077-mth-252-module-item-dr-g-s-videos-sect-1-4-1-5-1-6-integral-calculus-mth-252z-400-u2026.txt,text/00077-mth-252-module-item-dr-g-s-videos-sect-1-4-1-5-1-6-integral-calculus-mth-252z-400-u2026.fulltext.txt,markdown/00077-mth-252-module-item-dr-g-s-videos-sect-1-4-1-5-1-6-integral-calculus-mth-252z-400-u2026.md,,metadata/00077-mth-252-module-item-dr-g-s-videos-sect-1-4-1-5-1-6-integral-calculus-mth-252z-400-u2026.json,01b2c8845f5b54fa5b1018ef56303e6af3a08dc62f45b57e75b5cfe9d06ff89f,c5801b03b29ba2a1c02e00ec52c577a31bebf3ceffbd41e942aeb5b23e5c66c8,2026-06-26T21:03:46.515Z,1,30,5,0,0,0
00078-mth-252-module-item-rq-1-4-integral-calculus-mth-252z-400-u2026,2080857,MTH-252,module_item,module_item,https://canvas.oregonstate.edu/courses/2080857/modules/items/26982577,https://canvas.oregonstate.edu/courses/2080857/quizzes/3167664?module_item_id=26982577,RQ-1.4 : INTEGRAL CALCULUS (MTH_252Z_400_U2026),quiz,3167664,1,yes,,raw_html/00078-mth-252-module-item-rq-1-4-integral-calculus-mth-252z-400-u2026.html,text/00078-mth-252-module-item-rq-1-4-integral-calculus-mth-252z-400-u2026.txt,text/00078-mth-252-module-item-rq-1-4-integral-calculus-mth-252z-400-u2026.fulltext.txt,markdown/00078-mth-252-module-item-rq-1-4-integral-calculus-mth-252z-400-u2026.md,,metadata/00078-mth-252-module-item-rq-1-4-integral-calculus-mth-252z-400-u2026.json,cc11dc92c9cd46354d8017d4daefe5af9b17d23efbb209ca5e0c456b48648b81,2b4c4196a584cf4d8101b546fb8e8c5b8139b4cab456b612fae79c46b1edc65c,2026-06-26T21:03:49.360Z,1,29,2,0,0,0
00079-mth-252-module-item-rq-1-5-integral-calculus-mth-252z-400-u2026,2080857,MTH-252,module_item,module_item,https://canvas.oregonstate.edu/courses/2080857/modules/items/26982578,https://canvas.oregonstate.edu/courses/2080857/quizzes/3167662?module_item_id=26982578,RQ-1.5: INTEGRAL CALCULUS (MTH_252Z_400_U2026),quiz,3167662,1,yes,,raw_html/00079-mth-252-module-item-rq-1-5-integral-calculus-mth-252z-400-u2026.html,text/00079-mth-252-module-item-rq-1-5-integral-calculus-mth-252z-400-u2026.txt,text/00079-mth-252-module-item-rq-1-5-integral-calculus-mth-252z-400-u2026.fulltext.txt,markdown/00079-mth-252-module-item-rq-1-5-integral-calculus-mth-252z-400-u2026.md,,metadata/00079-mth-252-module-item-rq-1-5-integral-calculus-mth-252z-400-u2026.json,4f78d14a48b8d147ec82cf6f5b08c630e632fe24736fa92dd7e6b72b9e2df193,6de9e8e169e78a3077c75f0131fb6549f9f55d3bf5e469162716843b5fc0b7b3,2026-06-26T21:03:52.215Z,1,29,2,0,0,0
00080-mth-252-module-item-rq-1-6-integral-calculus-mth-252z-400-u2026,2080857,MTH-252,module_item,module_item,https://canvas.oregonstate.edu/courses/2080857/modules/items/26982579,https://canvas.oregonstate.edu/courses/2080857/quizzes/3167654?module_item_id=26982579,RQ-1.6 : INTEGRAL CALCULUS (MTH_252Z_400_U2026),quiz,3167654,1,yes,,raw_html/00080-mth-252-module-item-rq-1-6-integral-calculus-mth-252z-400-u2026.html,text/00080-mth-252-module-item-rq-1-6-integral-calculus-mth-252z-400-u2026.txt,text/00080-mth-252-module-item-rq-1-6-integral-calculus-mth-252z-400-u2026.fulltext.txt,markdown/00080-mth-252-module-item-rq-1-6-integral-calculus-mth-252z-400-u2026.md,,metadata/00080-mth-252-module-item-rq-1-6-integral-calculus-mth-252z-400-u2026.json,652f1f2f4c1f756a24f3183705a9c6fd536f4b7f6c866822913fcb93d72662e6,155be2ff14d10f75034bef5d9831c7d6c093ef4b6ae9e487f9e9efa9d82d183b,2026-06-26T21:03:54.658Z,1,29,2,0,0,0
00081-mth-252-module-item-module-4-written-homework-whw-4-3-hours,2080857,MTH-252,module_item,module_item,https://canvas.oregonstate.edu/courses/2080857/modules/items/26982580,https://canvas.oregonstate.edu/courses/2080857/assignments/10586057?module_item_id=26982580,Module 4 — Written Homework (WHW 4) 🕓 3 hours,assignment,10586057,1,yes,,raw_html/00081-mth-252-module-item-module-4-written-homework-whw-4-3-hours.html,text/00081-mth-252-module-item-module-4-written-homework-whw-4-3-hours.txt,text/00081-mth-252-module-item-module-4-written-homework-whw-4-3-hours.fulltext.txt,markdown/00081-mth-252-module-item-module-4-written-homework-whw-4-3-hours.md,,metadata/00081-mth-252-module-item-module-4-written-homework-whw-4-3-hours.json,282c6bdb26a5986d8eaa379be70c1d45466b9391cb3bbca0ea5ec312d97366bd,502311750e4acdfc1bcf06f1d7fd5d5a42c8ad23d1f567fbd2feeab847a487d2,2026-06-26T21:03:58.334Z,3,137,2,0,0,0
00082-mth-252-module-item-achieve-1-4-integration-formulas-and-the-net-change-theorem,2080857,MTH-252,module_item,module_item,https://canvas.oregonstate.edu/courses/2080857/modules/items/26982581,https://canvas.oregonstate.edu/courses/2080857/assignments/10586028?module_item_id=26982581,Achieve - 1.4 Integration Formulas and the Net Change Theorem,assignment,10586028,1,yes,yes,raw_html/00082-mth-252-module-item-achieve-1-4-integration-formulas-and-the-net-change-theorem.html,text/00082-mth-252-module-item-achieve-1-4-integration-formulas-and-the-net-change-theorem.txt,text/00082-mth-252-module-item-achieve-1-4-integration-formulas-and-the-net-change-theorem.fulltext.txt,markdown/00082-mth-252-module-item-achieve-1-4-integration-formulas-and-the-net-change-theorem.md,,metadata/00082-mth-252-module-item-achieve-1-4-integration-formulas-and-the-net-change-theorem.json,42bd0b0c519fa7b4f708afa4b8a2d22eed5c654d658289cdedef30e05d281708,9f79cf709254ea9e1ac31d3de88f31eb0ca5a8896b2285f09349cfa856b7bf30,2026-06-26T21:04:01.367Z,2,54,2,0,0,0
00083-mth-252-module-item-achieve-1-5-substitution,2080857,MTH-252,module_item,module_item,https://canvas.oregonstate.edu/courses/2080857/modules/items/26982582,https://canvas.oregonstate.edu/courses/2080857/assignments/10586029?module_item_id=26982582,Achieve - 1.5 Substitution,assignment,10586029,1,yes,yes,raw_html/00083-mth-252-module-item-achieve-1-5-substitution.html,text/00083-mth-252-module-item-achieve-1-5-substitution.txt,text/00083-mth-252-module-item-achieve-1-5-substitution.fulltext.txt,markdown/00083-mth-252-module-item-achieve-1-5-substitution.md,,metadata/00083-mth-252-module-item-achieve-1-5-substitution.json,88e908f2f0cf87c2878cccafedb3b12d6c30b0fa88e78baf098d5d2555fb5db5,c7ba02c44e72bb97b476a1b5b4976385bfed7e69e8256fe1eb355b4201eec398,2026-06-26T21:04:03.967Z,2,54,2,0,0,0
00084-mth-252-module-item-achieve-1-6-integrals-involving-exponential-and-logarithmic-functions,2080857,MTH-252,module_item,module_item,https://canvas.oregonstate.edu/courses/2080857/modules/items/26982583,https://canvas.oregonstate.edu/courses/2080857/assignments/10586030?module_item_id=26982583,Achieve - 1.6 Integrals Involving Exponential and Logarithmic Functions,assignment,10586030,1,yes,yes,raw_html/00084-mth-252-module-item-achieve-1-6-integrals-involving-exponential-and-logarithmic-functions.html,text/00084-mth-252-module-item-achieve-1-6-integrals-involving-exponential-and-logarithmic-functions.txt,text/00084-mth-252-module-item-achieve-1-6-integrals-involving-exponential-and-logarithmic-functions.fulltext.txt,markdown/00084-mth-252-module-item-achieve-1-6-integrals-involving-exponential-and-logarithmic-functions.md,,metadata/00084-mth-252-module-item-achieve-1-6-integrals-involving-exponential-and-logarithmic-functions.json,c5731119939e7e9f117e9dd244bb030752205be36ef623d25174fbe235f6bbec,d7a1e3867387d04978572407aeca7d993a092d80de3d873b3d8a06732b3cba82,2026-06-26T21:04:06.614Z,2,54,2,0,0,0
00085-mth-252-module-item-topic-module-4-discussion-reflection-whw-4-0-5-hour,2080857,MTH-252,module_item,module_item,https://canvas.oregonstate.edu/courses/2080857/modules/items/26982584,https://canvas.oregonstate.edu/courses/2080857/discussion_topics/11593472?module_item_id=26982584,Topic: Module 4 — Discussion Reflection: WHW 4 🕓 0.5 hour,discussion,11593472,1,yes,,raw_html/00085-mth-252-module-item-topic-module-4-discussion-reflection-whw-4-0-5-hour.html,text/00085-mth-252-module-item-topic-module-4-discussion-reflection-whw-4-0-5-hour.txt,text/00085-mth-252-module-item-topic-module-4-discussion-reflection-whw-4-0-5-hour.fulltext.txt,markdown/00085-mth-252-module-item-topic-module-4-discussion-reflection-whw-4-0-5-hour.md,,metadata/00085-mth-252-module-item-topic-module-4-discussion-reflection-whw-4-0-5-hour.json,58fec7dacb123d5d1ae2ce20a9f62c217378ad116d515d969abcd8048e110223,6cad820fe97871fae0bee54b2bf46d15d63b3ab4890ef507164f789627919df6,2026-06-26T21:04:09.609Z,1,29,2,0,0,0
00086-mth-252-module-item-mini-exam-2-no-calculators-on-this-exam,2080857,MTH-252,module_item,module_item,https://canvas.oregonstate.edu/courses/2080857/modules/items/26982585,https://canvas.oregonstate.edu/courses/2080857/assignments/10586048?module_item_id=26982585,Mini-Exam 2 --> No Calculators on this Exam,assignment,10586048,1,yes,,raw_html/00086-mth-252-module-item-mini-exam-2-no-calculators-on-this-exam.html,text/00086-mth-252-module-item-mini-exam-2-no-calculators-on-this-exam.txt,text/00086-mth-252-module-item-mini-exam-2-no-calculators-on-this-exam.fulltext.txt,markdown/00086-mth-252-module-item-mini-exam-2-no-calculators-on-this-exam.md,,metadata/00086-mth-252-module-item-mini-exam-2-no-calculators-on-this-exam.json,38451e48e235a8ee69575fd813087b7e2e026bb0aefff27e6fc9774b018087ab,ffd2905c4b2f341ec957b1d6d35a14352aff03305f9e5d92a9fca7697d544976,2026-06-26T21:04:17.266Z,2,54,2,0,0,0
00087-mth-252-module-item-module-5-overview-integral-calculus-mth-252z-400-u2026,2080857,MTH-252,module_item,module_item,https://canvas.oregonstate.edu/courses/2080857/modules/items/26982586,https://canvas.oregonstate.edu/courses/2080857/pages/module-5-overview?module_item_id=26982586,Module 5 — Overview: INTEGRAL CALCULUS (MTH_252Z_400_U2026),page,module-5-overview,1,yes,,raw_html/00087-mth-252-module-item-module-5-overview-integral-calculus-mth-252z-400-u2026.html,text/00087-mth-252-module-item-module-5-overview-integral-calculus-mth-252z-400-u2026.txt,text/00087-mth-252-module-item-module-5-overview-integral-calculus-mth-252z-400-u2026.fulltext.txt,markdown/00087-mth-252-module-item-module-5-overview-integral-calculus-mth-252z-400-u2026.md,,metadata/00087-mth-252-module-item-module-5-overview-integral-calculus-mth-252z-400-u2026.json,b0650805e44c0041250ecb1e0417a0ddc2aebbf7806be93444e070ebe91bd577,cb1e5d271f5fdeaeb4fe21a03b5e5e098a0c8e8bff3f958fbf08f33d1278f9d5,2026-06-26T21:04:19.872Z,4,30,2,0,0,0
00088-mth-252-module-item-module-5-learning-materials-and-practice-activities-3-5-hours-integral-calculus-mth-252z-400-u20,2080857,MTH-252,module_item,module_item,https://canvas.oregonstate.edu/courses/2080857/modules/items/26982587,https://canvas.oregonstate.edu/courses/2080857/pages/module-5-learning-materials-and-practice-activities-3-5-hours-2?module_item_id=26982587,Module 5 — Learning Materials and Practice Activities 🕓 3 - 5 hours: INTEGRAL CALCULUS (MTH_252Z_400_U2026),page,module-5-learning-materials-and-practice-activities-3-5-hours-2,1,yes,,raw_html/00088-mth-252-module-item-module-5-learning-materials-and-practice-activities-3-5-hours-integral-calculus-mth-252z-400-u20.html,text/00088-mth-252-module-item-module-5-learning-materials-and-practice-activities-3-5-hours-integral-calculus-mth-252z-400-u20.txt,text/00088-mth-252-module-item-module-5-learning-materials-and-practice-activities-3-5-hours-integral-calculus-mth-252z-400-u20.fulltext.txt,markdown/00088-mth-252-module-item-module-5-learning-materials-and-practice-activities-3-5-hours-integral-calculus-mth-252z-400-u20.md,,metadata/00088-mth-252-module-item-module-5-learning-materials-and-practice-activities-3-5-hours-integral-calculus-mth-252z-400-u20.json,1aa5097859d3b60b0881e61cbe5b5ec7e5c0ca24b4dc38815c8396f9b491c835,e827fd6ca0808313c7cacb5881c4269d850ac0210ffc3a07d5309be963812edf,2026-06-26T21:04:22.209Z,6,45,2,0,0,0
00089-mth-252-module-item-252-lecture-3-1-to-me3-pdf-integral-calculus-mth-252z-400-u2026,2080857,MTH-252,module_item,module_item,https://canvas.oregonstate.edu/courses/2080857/modules/items/26982588,https://canvas.oregonstate.edu/courses/2080857/files/119223561?module_item_id=26982588,252-Lecture-3.1-to-ME3.pdf: INTEGRAL CALCULUS (MTH_252Z_400_U2026),file,119223561,1,yes,,raw_html/00089-mth-252-module-item-252-lecture-3-1-to-me3-pdf-integral-calculus-mth-252z-400-u2026.html,text/00089-mth-252-module-item-252-lecture-3-1-to-me3-pdf-integral-calculus-mth-252z-400-u2026.txt,text/00089-mth-252-module-item-252-lecture-3-1-to-me3-pdf-integral-calculus-mth-252z-400-u2026.fulltext.txt,markdown/00089-mth-252-module-item-252-lecture-3-1-to-me3-pdf-integral-calculus-mth-252z-400-u2026.md,,metadata/00089-mth-252-module-item-252-lecture-3-1-to-me3-pdf-integral-calculus-mth-252z-400-u2026.json,5eac3fdbf11e531c2bd9d7581af611f1d9f028564a32a77d0905faa564f695c4,bfd36710ccaf285ce810e57039e426295691cb79f7f262537d7c734ebdd2b685,2026-06-26T21:04:24.612Z,1,31,3,0,0,0
00090-mth-252-module-item-dr-g-s-videos-3-1-3-2-integral-calculus-mth-252z-400-u2026,2080857,MTH-252,module_item,module_item,https://canvas.oregonstate.edu/courses/2080857/modules/items/26982589,https://canvas.oregonstate.edu/courses/2080857/pages/dr-gs-videos-%3E-3-dot-1-3-dot-2?module_item_id=26982589,"Dr G's Videos --> 3.1, 3.2: INTEGRAL CALCULUS (MTH_252Z_400_U2026)",page,dr-gs-videos-%3E-3-dot-1-3-dot-2,1,yes,,raw_html/00090-mth-252-module-item-dr-g-s-videos-3-1-3-2-integral-calculus-mth-252z-400-u2026.html,text/00090-mth-252-module-item-dr-g-s-videos-3-1-3-2-integral-calculus-mth-252z-400-u2026.txt,text/00090-mth-252-module-item-dr-g-s-videos-3-1-3-2-integral-calculus-mth-252z-400-u2026.fulltext.txt,markdown/00090-mth-252-module-item-dr-g-s-videos-3-1-3-2-integral-calculus-mth-252z-400-u2026.md,,metadata/00090-mth-252-module-item-dr-g-s-videos-3-1-3-2-integral-calculus-mth-252z-400-u2026.json,104165abb8e926344b874fd6f33d586922de0fcd8c54dd9504185a802fea082f,9c45af107f981feabc2f7f1bd67cfbb678b728b9ee90f1f747a97595744bf246,2026-06-26T21:04:26.858Z,1,31,5,0,0,0
00091-mth-252-module-item-lecture-3-1-3-2-pdf-integral-calculus-mth-252z-400-u2026,2080857,MTH-252,module_item,module_item,https://canvas.oregonstate.edu/courses/2080857/modules/items/26982590,https://canvas.oregonstate.edu/courses/2080857/files/119223595?module_item_id=26982590,Lecture-3.1-3.2.pdf: INTEGRAL CALCULUS (MTH_252Z_400_U2026),file,119223595,1,yes,,raw_html/00091-mth-252-module-item-lecture-3-1-3-2-pdf-integral-calculus-mth-252z-400-u2026.html,text/00091-mth-252-module-item-lecture-3-1-3-2-pdf-integral-calculus-mth-252z-400-u2026.txt,text/00091-mth-252-module-item-lecture-3-1-3-2-pdf-integral-calculus-mth-252z-400-u2026.fulltext.txt,markdown/00091-mth-252-module-item-lecture-3-1-3-2-pdf-integral-calculus-mth-252z-400-u2026.md,,metadata/00091-mth-252-module-item-lecture-3-1-3-2-pdf-integral-calculus-mth-252z-400-u2026.json,7bb14e95549c98a70c7a114fc4ef8108b35354b787fde5fc9e9c816ede345207,4adb97667e089f12664ae84860f2d165cb242174e0eae252956afaf1ad7688b4,2026-06-26T21:04:28.958Z,1,31,3,0,0,0
00092-mth-252-module-item-rq-3-1-integral-calculus-mth-252z-400-u2026,2080857,MTH-252,module_item,module_item,https://canvas.oregonstate.edu/courses/2080857/modules/items/26982591,https://canvas.oregonstate.edu/courses/2080857/quizzes/3167660?module_item_id=26982591,RQ-3.1: INTEGRAL CALCULUS (MTH_252Z_400_U2026),quiz,3167660,1,yes,,raw_html/00092-mth-252-module-item-rq-3-1-integral-calculus-mth-252z-400-u2026.html,text/00092-mth-252-module-item-rq-3-1-integral-calculus-mth-252z-400-u2026.txt,text/00092-mth-252-module-item-rq-3-1-integral-calculus-mth-252z-400-u2026.fulltext.txt,markdown/00092-mth-252-module-item-rq-3-1-integral-calculus-mth-252z-400-u2026.md,,metadata/00092-mth-252-module-item-rq-3-1-integral-calculus-mth-252z-400-u2026.json,3a8d7344897440cb1ee28ce6b6d9d90d55eb877c23e72e874321370a64c2793c,08543d29d23ad70f0344882bd1c1e814c02074a042c611bd78b729b5087a7b50,2026-06-26T21:04:31.651Z,1,29,2,0,0,0
00093-mth-252-module-item-rq-3-2-integral-calculus-mth-252z-400-u2026,2080857,MTH-252,module_item,module_item,https://canvas.oregonstate.edu/courses/2080857/modules/items/26982592,https://canvas.oregonstate.edu/courses/2080857/quizzes/3167667?module_item_id=26982592,RQ-3.2 : INTEGRAL CALCULUS (MTH_252Z_400_U2026),quiz,3167667,1,yes,,raw_html/00093-mth-252-module-item-rq-3-2-integral-calculus-mth-252z-400-u2026.html,text/00093-mth-252-module-item-rq-3-2-integral-calculus-mth-252z-400-u2026.txt,text/00093-mth-252-module-item-rq-3-2-integral-calculus-mth-252z-400-u2026.fulltext.txt,markdown/00093-mth-252-module-item-rq-3-2-integral-calculus-mth-252z-400-u2026.md,,metadata/00093-mth-252-module-item-rq-3-2-integral-calculus-mth-252z-400-u2026.json,ba2589e2c80743eb40c0ce5c101930f9fda0db63ab6494ff962c30f51401279f,982831b603c42b8a1d3946924ef8eb765d57de89047dd4c4980f4baea69c2021,2026-06-26T21:04:34.459Z,1,29,2,0,0,0
00094-mth-252-module-item-topic-module-5-discussion-reflection-mini-exam-2-0-5-hour,2080857,MTH-252,module_item,module_item,https://canvas.oregonstate.edu/courses/2080857/modules/items/26982593,https://canvas.oregonstate.edu/courses/2080857/discussion_topics/11593471?module_item_id=26982593,Topic: Module 5 — Discussion Reflection: Mini-Exam 2 🕓 0.5 hour,discussion,11593471,1,yes,,raw_html/00094-mth-252-module-item-topic-module-5-discussion-reflection-mini-exam-2-0-5-hour.html,text/00094-mth-252-module-item-topic-module-5-discussion-reflection-mini-exam-2-0-5-hour.txt,text/00094-mth-252-module-item-topic-module-5-discussion-reflection-mini-exam-2-0-5-hour.fulltext.txt,markdown/00094-mth-252-module-item-topic-module-5-discussion-reflection-mini-exam-2-0-5-hour.md,,metadata/00094-mth-252-module-item-topic-module-5-discussion-reflection-mini-exam-2-0-5-hour.json,902152d65ce6dda512a4a3f477370d499035397a3a9388956a766bfe37d4829b,ef53f147757e4ff0826e087a9fe42a325928b94ee00161186be4dec84b5e8459,2026-06-26T21:04:37.013Z,1,29,2,0,0,0
00095-mth-252-module-item-module-5-written-homework-whw-5-3-hours,2080857,MTH-252,module_item,module_item,https://canvas.oregonstate.edu/courses/2080857/modules/items/26982594,https://canvas.oregonstate.edu/courses/2080857/assignments/10586058?module_item_id=26982594,Module 5 — Written Homework (WHW 5) 🕓 3 hours,assignment,10586058,1,yes,,raw_html/00095-mth-252-module-item-module-5-written-homework-whw-5-3-hours.html,text/00095-mth-252-module-item-module-5-written-homework-whw-5-3-hours.txt,text/00095-mth-252-module-item-module-5-written-homework-whw-5-3-hours.fulltext.txt,markdown/00095-mth-252-module-item-module-5-written-homework-whw-5-3-hours.md,,metadata/00095-mth-252-module-item-module-5-written-homework-whw-5-3-hours.json,ca943eed8289fa174cfd3ad35cf8a7d63cf6ab5979ba279b9a7185cb099d990a,6150c47f94b34cf0aa3c5046b6e588db1495b6c503dc68cd43b0a989b31c99ab,2026-06-26T21:04:40.040Z,3,137,2,0,0,0
00096-mth-252-module-item-achieve-3-1-integration-by-parts,2080857,MTH-252,module_item,module_item,https://canvas.oregonstate.edu/courses/2080857/modules/items/26982595,https://canvas.oregonstate.edu/courses/2080857/assignments/10586037?module_item_id=26982595,Achieve - 3.1 Integration by Parts,assignment,10586037,1,yes,yes,raw_html/00096-mth-252-module-item-achieve-3-1-integration-by-parts.html,text/00096-mth-252-module-item-achieve-3-1-integration-by-parts.txt,text/00096-mth-252-module-item-achieve-3-1-integration-by-parts.fulltext.txt,markdown/00096-mth-252-module-item-achieve-3-1-integration-by-parts.md,,metadata/00096-mth-252-module-item-achieve-3-1-integration-by-parts.json,f0390c39314fe4210f500b749ec68bafc4b58444edf1c7c5d80540e6cfe03af3,6c66eae79ec0842234b095d2091bba512926503e46d86b23a66b8e8dc2810b20,2026-06-26T21:04:42.415Z,2,54,2,0,0,0
00097-mth-252-module-item-achieve-3-2-trigonometric-integrals,2080857,MTH-252,module_item,module_item,https://canvas.oregonstate.edu/courses/2080857/modules/items/26982596,https://canvas.oregonstate.edu/courses/2080857/assignments/10586038?module_item_id=26982596,Achieve - 3.2 Trigonometric Integrals,assignment,10586038,1,yes,yes,raw_html/00097-mth-252-module-item-achieve-3-2-trigonometric-integrals.html,text/00097-mth-252-module-item-achieve-3-2-trigonometric-integrals.txt,text/00097-mth-252-module-item-achieve-3-2-trigonometric-integrals.fulltext.txt,markdown/00097-mth-252-module-item-achieve-3-2-trigonometric-integrals.md,,metadata/00097-mth-252-module-item-achieve-3-2-trigonometric-integrals.json,734844710554ab3eff11a3791febee065a0dde5e8e8168c828988ca1a640f8ef,1663d2a0b8e49e83a25041780a5d3f35e690a3648759c908d974f9a62aa5bd91,2026-06-26T21:04:45.008Z,2,52,2,0,0,0
00098-mth-252-module-item-module-6-overview-integral-calculus-mth-252z-400-u2026,2080857,MTH-252,module_item,module_item,https://canvas.oregonstate.edu/courses/2080857/modules/items/26982597,https://canvas.oregonstate.edu/courses/2080857/pages/module-6-overview?module_item_id=26982597,Module 6 — Overview: INTEGRAL CALCULUS (MTH_252Z_400_U2026),page,module-6-overview,1,yes,,raw_html/00098-mth-252-module-item-module-6-overview-integral-calculus-mth-252z-400-u2026.html,text/00098-mth-252-module-item-module-6-overview-integral-calculus-mth-252z-400-u2026.txt,text/00098-mth-252-module-item-module-6-overview-integral-calculus-mth-252z-400-u2026.fulltext.txt,markdown/00098-mth-252-module-item-module-6-overview-integral-calculus-mth-252z-400-u2026.md,,metadata/00098-mth-252-module-item-module-6-overview-integral-calculus-mth-252z-400-u2026.json,57dc071b736654d87f2a5174ae5f89ba42d3d7c5d6a2abbb85ad9c81e35e1c5d,6e6b958313cf46ced88dfd304af54b7709f3f801f7df6e12799a178444d18630,2026-06-26T21:04:47.359Z,4,30,2,0,0,0
00099-mth-252-module-item-module-6-learning-materials-and-practice-activities-3-5-hours-integral-calculus-mth-252z-400-u20,2080857,MTH-252,module_item,module_item,https://canvas.oregonstate.edu/courses/2080857/modules/items/26982598,https://canvas.oregonstate.edu/courses/2080857/pages/module-6-learning-materials-and-practice-activities-3-5-hours-2?module_item_id=26982598,Module 6 — Learning Materials and Practice Activities 🕓 3 - 5 hours: INTEGRAL CALCULUS (MTH_252Z_400_U2026),page,module-6-learning-materials-and-practice-activities-3-5-hours-2,1,yes,,raw_html/00099-mth-252-module-item-module-6-learning-materials-and-practice-activities-3-5-hours-integral-calculus-mth-252z-400-u20.html,text/00099-mth-252-module-item-module-6-learning-materials-and-practice-activities-3-5-hours-integral-calculus-mth-252z-400-u20.txt,text/00099-mth-252-module-item-module-6-learning-materials-and-practice-activities-3-5-hours-integral-calculus-mth-252z-400-u20.fulltext.txt,markdown/00099-mth-252-module-item-module-6-learning-materials-and-practice-activities-3-5-hours-integral-calculus-mth-252z-400-u20.md,,metadata/00099-mth-252-module-item-module-6-learning-materials-and-practice-activities-3-5-hours-integral-calculus-mth-252z-400-u20.json,181686ad5ac80e33062133429d866560df08316677564b308388c7ccb323affa,e2469fc192dfa8f4cc47f4f7819f0307c130af11c20905e1caa2c3d4391332a3,2026-06-26T21:04:49.669Z,6,46,2,0,0,0
00100-mth-252-module-item-252-lecture-3-1-to-me3-pdf-integral-calculus-mth-252z-400-u2026,2080857,MTH-252,module_item,module_item,https://canvas.oregonstate.edu/courses/2080857/modules/items/26982599,https://canvas.oregonstate.edu/courses/2080857/files/119223561?module_item_id=26982599,252-Lecture-3.1-to-ME3.pdf: INTEGRAL CALCULUS (MTH_252Z_400_U2026),file,119223561,1,yes,,raw_html/00100-mth-252-module-item-252-lecture-3-1-to-me3-pdf-integral-calculus-mth-252z-400-u2026.html,text/00100-mth-252-module-item-252-lecture-3-1-to-me3-pdf-integral-calculus-mth-252z-400-u2026.txt,text/00100-mth-252-module-item-252-lecture-3-1-to-me3-pdf-integral-calculus-mth-252z-400-u2026.fulltext.txt,markdown/00100-mth-252-module-item-252-lecture-3-1-to-me3-pdf-integral-calculus-mth-252z-400-u2026.md,,metadata/00100-mth-252-module-item-252-lecture-3-1-to-me3-pdf-integral-calculus-mth-252z-400-u2026.json,ff3ba3fdd34716584cce5a134c5d38e212f9d7020fbb977eb01dd7c34c9b7e19,bfd36710ccaf285ce810e57039e426295691cb79f7f262537d7c734ebdd2b685,2026-06-26T21:04:52.024Z,1,31,3,0,0,0
00101-mth-252-module-item-dr-g-videos-3-3-integral-calculus-mth-252z-400-u2026,2080857,MTH-252,module_item,module_item,https://canvas.oregonstate.edu/courses/2080857/modules/items/26982600,https://canvas.oregonstate.edu/courses/2080857/pages/dr-g-videos-%3E-3-dot-3?module_item_id=26982600,Dr. G Videos --> 3.3: INTEGRAL CALCULUS (MTH_252Z_400_U2026),page,dr-g-videos-%3E-3-dot-3,1,yes,,raw_html/00101-mth-252-module-item-dr-g-videos-3-3-integral-calculus-mth-252z-400-u2026.html,text/00101-mth-252-module-item-dr-g-videos-3-3-integral-calculus-mth-252z-400-u2026.txt,text/00101-mth-252-module-item-dr-g-videos-3-3-integral-calculus-mth-252z-400-u2026.fulltext.txt,markdown/00101-mth-252-module-item-dr-g-videos-3-3-integral-calculus-mth-252z-400-u2026.md,,metadata/00101-mth-252-module-item-dr-g-videos-3-3-integral-calculus-mth-252z-400-u2026.json,0c790673634838b7560efcb88494f7d856613d0645e818709d5e8e1aeb950fc5,3ad13124081d997bb8e5205ba5436f84bf1e983a23b4de3618e044ebeceffe0a,2026-06-26T21:04:54.642Z,1,29,3,0,0,0
00102-mth-252-module-item-dr-g-s-videos-3-3-continued-3-4-integral-calculus-mth-252z-400-u2026,2080857,MTH-252,module_item,module_item,https://canvas.oregonstate.edu/courses/2080857/modules/items/26982601,https://canvas.oregonstate.edu/courses/2080857/pages/dr-gs-videos-%3E-3-dot-3-continued-3-dot-4?module_item_id=26982601,"Dr G's Videos --> 3.3 continued, 3.4: INTEGRAL CALCULUS (MTH_252Z_400_U2026)",page,dr-gs-videos-%3E-3-dot-3-continued-3-dot-4,1,yes,,raw_html/00102-mth-252-module-item-dr-g-s-videos-3-3-continued-3-4-integral-calculus-mth-252z-400-u2026.html,text/00102-mth-252-module-item-dr-g-s-videos-3-3-continued-3-4-integral-calculus-mth-252z-400-u2026.txt,text/00102-mth-252-module-item-dr-g-s-videos-3-3-continued-3-4-integral-calculus-mth-252z-400-u2026.fulltext.txt,markdown/00102-mth-252-module-item-dr-g-s-videos-3-3-continued-3-4-integral-calculus-mth-252z-400-u2026.md,,metadata/00102-mth-252-module-item-dr-g-s-videos-3-3-continued-3-4-integral-calculus-mth-252z-400-u2026.json,3bbe92886a308b61d9c79937958047b8401d0585f5c056fb3fe8ce04544b8ba2,3a8fad482333a1cf1297d543d3b4618f4014c233e090fcaa67d50b36c02c43fa,2026-06-26T21:04:57.065Z,1,30,4,0,0,0
00103-mth-252-module-item-rq-3-3-integral-calculus-mth-252z-400-u2026,2080857,MTH-252,module_item,module_item,https://canvas.oregonstate.edu/courses/2080857/modules/items/26982602,https://canvas.oregonstate.edu/courses/2080857/quizzes/3167656?module_item_id=26982602,RQ-3.3 : INTEGRAL CALCULUS (MTH_252Z_400_U2026),quiz,3167656,1,yes,,raw_html/00103-mth-252-module-item-rq-3-3-integral-calculus-mth-252z-400-u2026.html,text/00103-mth-252-module-item-rq-3-3-integral-calculus-mth-252z-400-u2026.txt,text/00103-mth-252-module-item-rq-3-3-integral-calculus-mth-252z-400-u2026.fulltext.txt,markdown/00103-mth-252-module-item-rq-3-3-integral-calculus-mth-252z-400-u2026.md,,metadata/00103-mth-252-module-item-rq-3-3-integral-calculus-mth-252z-400-u2026.json,f6177df79d19c3b48028f6961c9549ce4a73014ee839a86cb4db41b42b5b175c,5b4242bdfe30dff64d366cbcd29709b07de54a45c7003713d0365469e3c66dcf,2026-06-26T21:04:59.861Z,1,29,2,0,0,0
00104-mth-252-module-item-module-6-written-homework-whw-6-3-hours,2080857,MTH-252,module_item,module_item,https://canvas.oregonstate.edu/courses/2080857/modules/items/26982603,https://canvas.oregonstate.edu/courses/2080857/assignments/10586059?module_item_id=26982603,Module 6 — Written Homework (WHW 6) 🕓 3 hours,assignment,10586059,1,yes,,raw_html/00104-mth-252-module-item-module-6-written-homework-whw-6-3-hours.html,text/00104-mth-252-module-item-module-6-written-homework-whw-6-3-hours.txt,text/00104-mth-252-module-item-module-6-written-homework-whw-6-3-hours.fulltext.txt,markdown/00104-mth-252-module-item-module-6-written-homework-whw-6-3-hours.md,,metadata/00104-mth-252-module-item-module-6-written-homework-whw-6-3-hours.json,83d293262e3229b75098814dc8281e5184f7631c16cb433b75dc194c93bc2962,20de4d24a0b758f32337c5f0a583e8c00b98072d4ac05e0aa303d1f9ee0292b4,2026-06-26T21:05:02.504Z,2,54,2,0,0,0
00105-mth-252-module-item-topic-module-6-discussion-reflection-whw-6-0-5-hour,2080857,MTH-252,module_item,module_item,https://canvas.oregonstate.edu/courses/2080857/modules/items/26982604,https://canvas.oregonstate.edu/courses/2080857/discussion_topics/11593470?module_item_id=26982604,Topic: Module 6 — Discussion Reflection: WHW 6 🕓 0.5 hour,discussion,11593470,1,yes,,raw_html/00105-mth-252-module-item-topic-module-6-discussion-reflection-whw-6-0-5-hour.html,text/00105-mth-252-module-item-topic-module-6-discussion-reflection-whw-6-0-5-hour.txt,text/00105-mth-252-module-item-topic-module-6-discussion-reflection-whw-6-0-5-hour.fulltext.txt,markdown/00105-mth-252-module-item-topic-module-6-discussion-reflection-whw-6-0-5-hour.md,,metadata/00105-mth-252-module-item-topic-module-6-discussion-reflection-whw-6-0-5-hour.json,9a530768f0a41fb2f2158d291adf28d5b6d81ee43778d6bf5839e19e4734a522,e3b0c44298fc1c149afbf4c8996fb92427ae41e4649b934ca495991b7852b855,2026-06-26T21:05:05.059Z,0,27,2,0,0,0
00106-mth-252-module-item-achieve-3-3-trigonometric-substitution,2080857,MTH-252,module_item,module_item,https://canvas.oregonstate.edu/courses/2080857/modules/items/26982605,https://canvas.oregonstate.edu/courses/2080857/assignments/10586039?module_item_id=26982605,Achieve - 3.3 Trigonometric Substitution,assignment,10586039,1,yes,yes,raw_html/00106-mth-252-module-item-achieve-3-3-trigonometric-substitution.html,text/00106-mth-252-module-item-achieve-3-3-trigonometric-substitution.txt,text/00106-mth-252-module-item-achieve-3-3-trigonometric-substitution.fulltext.txt,markdown/00106-mth-252-module-item-achieve-3-3-trigonometric-substitution.md,,metadata/00106-mth-252-module-item-achieve-3-3-trigonometric-substitution.json,090bb13594386100501e8d48678948f9e79cd2c3f4540a78dc4d08cf8b043394,81a5d8ffd788027cf2c3ee1495d21059dc7eaaedfe59e79dd1bbb33abd4817c9,2026-06-26T21:05:08.563Z,2,54,2,0,0,0
00107-mth-252-module-item-achieve-3-4-partial-fractions,2080857,MTH-252,module_item,module_item,https://canvas.oregonstate.edu/courses/2080857/modules/items/26982606,https://canvas.oregonstate.edu/courses/2080857/assignments/10586040?module_item_id=26982606,Achieve - 3.4 Partial Fractions,assignment,10586040,1,yes,yes,raw_html/00107-mth-252-module-item-achieve-3-4-partial-fractions.html,text/00107-mth-252-module-item-achieve-3-4-partial-fractions.txt,text/00107-mth-252-module-item-achieve-3-4-partial-fractions.fulltext.txt,markdown/00107-mth-252-module-item-achieve-3-4-partial-fractions.md,,metadata/00107-mth-252-module-item-achieve-3-4-partial-fractions.json,bc22473a02e32c3ca829fdfedf354b654f01711935c904449275f8db93d9832e,b7c4f753a7acb5b99572cde91fafcd741791c9b0a640e6a963b30702216431a2,2026-06-26T21:05:11.409Z,2,54,2,0,0,0
00108-mth-252-module-item-mini-exam-3-tuesday-to-thursday,2080857,MTH-252,module_item,module_item,https://canvas.oregonstate.edu/courses/2080857/modules/items/26982607,https://canvas.oregonstate.edu/courses/2080857/assignments/10586050?module_item_id=26982607,Mini-Exam 3 --> Tuesday to Thursday,assignment,10586050,1,yes,,raw_html/00108-mth-252-module-item-mini-exam-3-tuesday-to-thursday.html,text/00108-mth-252-module-item-mini-exam-3-tuesday-to-thursday.txt,text/00108-mth-252-module-item-mini-exam-3-tuesday-to-thursday.fulltext.txt,markdown/00108-mth-252-module-item-mini-exam-3-tuesday-to-thursday.md,,metadata/00108-mth-252-module-item-mini-exam-3-tuesday-to-thursday.json,d0a622cb247797f16f9f72aa431fd92ec50d06078f92952eb019e0b61bc3f900,0ab9601a73a4945d33c844dbe88ce696f71c9b625304578c8e9627d7399ef3bc,2026-06-26T21:05:13.862Z,2,54,2,0,0,0
00109-mth-252-module-item-module-7-overview-integral-calculus-mth-252z-400-u2026,2080857,MTH-252,module_item,module_item,https://canvas.oregonstate.edu/courses/2080857/modules/items/26982608,https://canvas.oregonstate.edu/courses/2080857/pages/module-7-overview?module_item_id=26982608,Module 7 — Overview: INTEGRAL CALCULUS (MTH_252Z_400_U2026),page,module-7-overview,1,yes,,raw_html/00109-mth-252-module-item-module-7-overview-integral-calculus-mth-252z-400-u2026.html,text/00109-mth-252-module-item-module-7-overview-integral-calculus-mth-252z-400-u2026.txt,text/00109-mth-252-module-item-module-7-overview-integral-calculus-mth-252z-400-u2026.fulltext.txt,markdown/00109-mth-252-module-item-module-7-overview-integral-calculus-mth-252z-400-u2026.md,,metadata/00109-mth-252-module-item-module-7-overview-integral-calculus-mth-252z-400-u2026.json,a1cb6172c66308439cbd014dae21f44c49b9530312d1da09199bf5c6847e275f,b66711e271309426fcf8c8fb40c66f5a066669ff5b1780a5d4dfc4e73c1d821d,2026-06-26T21:05:16.418Z,4,30,2,0,0,0
00110-mth-252-module-item-module-7-learning-materials-and-practice-activities-3-5-hours-integral-calculus-mth-252z-400-u20,2080857,MTH-252,module_item,module_item,https://canvas.oregonstate.edu/courses/2080857/modules/items/26982609,https://canvas.oregonstate.edu/courses/2080857/pages/module-7-learning-materials-and-practice-activities-3-5-hours-2?module_item_id=26982609,Module 7 — Learning Materials and Practice Activities 🕓 3 - 5 hours: INTEGRAL CALCULUS (MTH_252Z_400_U2026),page,module-7-learning-materials-and-practice-activities-3-5-hours-2,1,yes,,raw_html/00110-mth-252-module-item-module-7-learning-materials-and-practice-activities-3-5-hours-integral-calculus-mth-252z-400-u20.html,text/00110-mth-252-module-item-module-7-learning-materials-and-practice-activities-3-5-hours-integral-calculus-mth-252z-400-u20.txt,text/00110-mth-252-module-item-module-7-learning-materials-and-practice-activities-3-5-hours-integral-calculus-mth-252z-400-u20.fulltext.txt,markdown/00110-mth-252-module-item-module-7-learning-materials-and-practice-activities-3-5-hours-integral-calculus-mth-252z-400-u20.md,,metadata/00110-mth-252-module-item-module-7-learning-materials-and-practice-activities-3-5-hours-integral-calculus-mth-252z-400-u20.json,e969f69e5b0196ab433b5dae863480714d58efe26dc58c57f44967ee93fc6291,f260b769fb10754a8b4b13d98eb308b8ffe619a76259540a4953edca52845da0,2026-06-26T21:05:18.763Z,6,51,2,0,0,0
00111-mth-252-module-item-252-lecture-2-1-to-me4-pdf-integral-calculus-mth-252z-400-u2026,2080857,MTH-252,module_item,module_item,https://canvas.oregonstate.edu/courses/2080857/modules/items/26982610,https://canvas.oregonstate.edu/courses/2080857/files/119223597?module_item_id=26982610,252-Lecture-2.1-to-ME4.pdf: INTEGRAL CALCULUS (MTH_252Z_400_U2026),file,119223597,1,yes,,raw_html/00111-mth-252-module-item-252-lecture-2-1-to-me4-pdf-integral-calculus-mth-252z-400-u2026.html,text/00111-mth-252-module-item-252-lecture-2-1-to-me4-pdf-integral-calculus-mth-252z-400-u2026.txt,text/00111-mth-252-module-item-252-lecture-2-1-to-me4-pdf-integral-calculus-mth-252z-400-u2026.fulltext.txt,markdown/00111-mth-252-module-item-252-lecture-2-1-to-me4-pdf-integral-calculus-mth-252z-400-u2026.md,,metadata/00111-mth-252-module-item-252-lecture-2-1-to-me4-pdf-integral-calculus-mth-252z-400-u2026.json,bc0103123e717477657383ba898e93962d35100b71b10640889bda5adc04b7eb,c99395328a003ddb927b4c00ce314162e8a6b34b7434553da74af7dd8339746c,2026-06-26T21:05:21.214Z,1,31,3,0,0,0
00112-mth-252-module-item-dr-gs-videos-2-1-2-2-integral-calculus-mth-252z-400-u2026,2080857,MTH-252,module_item,module_item,https://canvas.oregonstate.edu/courses/2080857/modules/items/26982611,https://canvas.oregonstate.edu/courses/2080857/pages/dr-gs-videos-%3E-2-dot-1-2-dot-2?module_item_id=26982611,"Dr Gs Videos --> 2.1, 2.2: INTEGRAL CALCULUS (MTH_252Z_400_U2026)",page,dr-gs-videos-%3E-2-dot-1-2-dot-2,1,yes,,raw_html/00112-mth-252-module-item-dr-gs-videos-2-1-2-2-integral-calculus-mth-252z-400-u2026.html,text/00112-mth-252-module-item-dr-gs-videos-2-1-2-2-integral-calculus-mth-252z-400-u2026.txt,text/00112-mth-252-module-item-dr-gs-videos-2-1-2-2-integral-calculus-mth-252z-400-u2026.fulltext.txt,markdown/00112-mth-252-module-item-dr-gs-videos-2-1-2-2-integral-calculus-mth-252z-400-u2026.md,,metadata/00112-mth-252-module-item-dr-gs-videos-2-1-2-2-integral-calculus-mth-252z-400-u2026.json,c858e0f957da00eeb4d025266dffc289b8a5ead2157ef6f659f3defa4d3f2c83,3e762fb8047a1fed49613822b7dca1d6262cba866064716bdcef84121c7d6522,2026-06-26T21:05:23.709Z,1,31,5,0,0,0
00113-mth-252-module-item-dr-g-s-videos-2-2-integral-calculus-mth-252z-400-u2026,2080857,MTH-252,module_item,module_item,https://canvas.oregonstate.edu/courses/2080857/modules/items/26982612,https://canvas.oregonstate.edu/courses/2080857/pages/dr-gs-videos-%3E-2-dot-2?module_item_id=26982612,Dr G's Videos --> 2.2 : INTEGRAL CALCULUS (MTH_252Z_400_U2026),page,dr-gs-videos-%3E-2-dot-2,1,yes,,raw_html/00113-mth-252-module-item-dr-g-s-videos-2-2-integral-calculus-mth-252z-400-u2026.html,text/00113-mth-252-module-item-dr-g-s-videos-2-2-integral-calculus-mth-252z-400-u2026.txt,text/00113-mth-252-module-item-dr-g-s-videos-2-2-integral-calculus-mth-252z-400-u2026.fulltext.txt,markdown/00113-mth-252-module-item-dr-g-s-videos-2-2-integral-calculus-mth-252z-400-u2026.md,,metadata/00113-mth-252-module-item-dr-g-s-videos-2-2-integral-calculus-mth-252z-400-u2026.json,19b872255e37e616c8fc3be35e3e171a376bfed8d10652b6fee4f6811261109e,c08c5f642d7af223b11427660feee9fa295877f049ab1c0af476c70717a41d48,2026-06-26T21:05:26.154Z,1,29,3,0,0,0
00114-mth-252-module-item-rq-2-1-integral-calculus-mth-252z-400-u2026,2080857,MTH-252,module_item,module_item,https://canvas.oregonstate.edu/courses/2080857/modules/items/26982613,https://canvas.oregonstate.edu/courses/2080857/quizzes/3167666?module_item_id=26982613,RQ-2.1 : INTEGRAL CALCULUS (MTH_252Z_400_U2026),quiz,3167666,1,yes,,raw_html/00114-mth-252-module-item-rq-2-1-integral-calculus-mth-252z-400-u2026.html,text/00114-mth-252-module-item-rq-2-1-integral-calculus-mth-252z-400-u2026.txt,text/00114-mth-252-module-item-rq-2-1-integral-calculus-mth-252z-400-u2026.fulltext.txt,markdown/00114-mth-252-module-item-rq-2-1-integral-calculus-mth-252z-400-u2026.md,,metadata/00114-mth-252-module-item-rq-2-1-integral-calculus-mth-252z-400-u2026.json,844416e69beff1f0cf9f7c0494f677dd8b9f397e35cd8b439a736753262c6cb6,7b643e84d17d2348ad5ec6e4d4507339008404fc25c975ea570e6ce0924d580e,2026-06-26T21:05:28.760Z,1,29,2,0,0,0
00115-mth-252-module-item-rq-2-2-integral-calculus-mth-252z-400-u2026,2080857,MTH-252,module_item,module_item,https://canvas.oregonstate.edu/courses/2080857/modules/items/26982614,https://canvas.oregonstate.edu/courses/2080857/quizzes/3167653?module_item_id=26982614,RQ-2.2 : INTEGRAL CALCULUS (MTH_252Z_400_U2026),quiz,3167653,1,yes,,raw_html/00115-mth-252-module-item-rq-2-2-integral-calculus-mth-252z-400-u2026.html,text/00115-mth-252-module-item-rq-2-2-integral-calculus-mth-252z-400-u2026.txt,text/00115-mth-252-module-item-rq-2-2-integral-calculus-mth-252z-400-u2026.fulltext.txt,markdown/00115-mth-252-module-item-rq-2-2-integral-calculus-mth-252z-400-u2026.md,,metadata/00115-mth-252-module-item-rq-2-2-integral-calculus-mth-252z-400-u2026.json,0b64482d45d24e95e1ca92531737b32b95746c864cc18be55924cc90aad68833,2f991ba98d300c72b1f29b8e0ac49cce355f1104fdd5c884e200ea0e9bf53dce,2026-06-26T21:05:31.536Z,1,29,2,0,0,0
00116-mth-252-module-item-achieve-2-1-areas-between-curves,2080857,MTH-252,module_item,module_item,https://canvas.oregonstate.edu/courses/2080857/modules/items/26982615,https://canvas.oregonstate.edu/courses/2080857/assignments/10586031?module_item_id=26982615,Achieve - 2.1 Areas between Curves,assignment,10586031,1,yes,yes,raw_html/00116-mth-252-module-item-achieve-2-1-areas-between-curves.html,text/00116-mth-252-module-item-achieve-2-1-areas-between-curves.txt,text/00116-mth-252-module-item-achieve-2-1-areas-between-curves.fulltext.txt,markdown/00116-mth-252-module-item-achieve-2-1-areas-between-curves.md,,metadata/00116-mth-252-module-item-achieve-2-1-areas-between-curves.json,1bf287635e9c63c8888a6e4daba26454778f4e93db65be6d917ac637eca61bba,05e96284b2787cc17f722c063b17bfd5d429ac269d201645b0506ea6854882f8,2026-06-26T21:05:34.097Z,2,54,2,0,0,0
00117-mth-252-module-item-achieve-2-2-volumes-by-slicing-and-disc-washer-method,2080857,MTH-252,module_item,module_item,https://canvas.oregonstate.edu/courses/2080857/modules/items/26982616,https://canvas.oregonstate.edu/courses/2080857/assignments/10586032?module_item_id=26982616,Achieve - 2.2 Volumes by Slicing and Disc/Washer Method,assignment,10586032,1,yes,yes,raw_html/00117-mth-252-module-item-achieve-2-2-volumes-by-slicing-and-disc-washer-method.html,text/00117-mth-252-module-item-achieve-2-2-volumes-by-slicing-and-disc-washer-method.txt,text/00117-mth-252-module-item-achieve-2-2-volumes-by-slicing-and-disc-washer-method.fulltext.txt,markdown/00117-mth-252-module-item-achieve-2-2-volumes-by-slicing-and-disc-washer-method.md,,metadata/00117-mth-252-module-item-achieve-2-2-volumes-by-slicing-and-disc-washer-method.json,767b058775db141921190f7e66b88d882b6ebfacac97886fb936208cf8f0745b,8f54135f850db8fc32b54433d4109f93507656fd38141da521d8089293a0efba,2026-06-26T21:05:36.940Z,2,54,2,0,0,0
00118-mth-252-module-item-module-7-written-homework-whw-7-3-hours,2080857,MTH-252,module_item,module_item,https://canvas.oregonstate.edu/courses/2080857/modules/items/26982617,https://canvas.oregonstate.edu/courses/2080857/assignments/10586060?module_item_id=26982617,Module 7 — Written Homework (WHW 7) 🕓 3 hours,assignment,10586060,1,yes,,raw_html/00118-mth-252-module-item-module-7-written-homework-whw-7-3-hours.html,text/00118-mth-252-module-item-module-7-written-homework-whw-7-3-hours.txt,text/00118-mth-252-module-item-module-7-written-homework-whw-7-3-hours.fulltext.txt,markdown/00118-mth-252-module-item-module-7-written-homework-whw-7-3-hours.md,,metadata/00118-mth-252-module-item-module-7-written-homework-whw-7-3-hours.json,e5398a52e07754341425f170c4940a72d9654c052fb81b1f2e2170671c479f55,0aa18a1ca4fca91c563eafea327697b9408d8ca05dd032332784ee49cfe2246a,2026-06-26T21:05:39.961Z,2,54,2,0,0,0
00119-mth-252-module-item-topic-module-7-discussion-reflection-mini-exam-3-0-5-hour,2080857,MTH-252,module_item,module_item,https://canvas.oregonstate.edu/courses/2080857/modules/items/26982618,https://canvas.oregonstate.edu/courses/2080857/discussion_topics/11593469?module_item_id=26982618,Topic: Module 7 — Discussion Reflection: Mini-Exam 3 🕓 0.5 hour,discussion,11593469,1,yes,,raw_html/00119-mth-252-module-item-topic-module-7-discussion-reflection-mini-exam-3-0-5-hour.html,text/00119-mth-252-module-item-topic-module-7-discussion-reflection-mini-exam-3-0-5-hour.txt,text/00119-mth-252-module-item-topic-module-7-discussion-reflection-mini-exam-3-0-5-hour.fulltext.txt,markdown/00119-mth-252-module-item-topic-module-7-discussion-reflection-mini-exam-3-0-5-hour.md,,metadata/00119-mth-252-module-item-topic-module-7-discussion-reflection-mini-exam-3-0-5-hour.json,5167427ef8830ed0ed0e3b3f9b8ef6bfb47aa6e56c4d4bb7184967ab71a050d2,286162e99d8721fba12660adafe43480aac64420189de1c6f6f5698857413804,2026-06-26T21:05:42.874Z,1,27,2,0,0,0
00120-mth-252-module-item-module-8-overview-integral-calculus-mth-252z-400-u2026,2080857,MTH-252,module_item,module_item,https://canvas.oregonstate.edu/courses/2080857/modules/items/26982619,https://canvas.oregonstate.edu/courses/2080857/pages/module-8-overview?module_item_id=26982619,Module 8 — Overview: INTEGRAL CALCULUS (MTH_252Z_400_U2026),page,module-8-overview,1,yes,,raw_html/00120-mth-252-module-item-module-8-overview-integral-calculus-mth-252z-400-u2026.html,text/00120-mth-252-module-item-module-8-overview-integral-calculus-mth-252z-400-u2026.txt,text/00120-mth-252-module-item-module-8-overview-integral-calculus-mth-252z-400-u2026.fulltext.txt,markdown/00120-mth-252-module-item-module-8-overview-integral-calculus-mth-252z-400-u2026.md,,metadata/00120-mth-252-module-item-module-8-overview-integral-calculus-mth-252z-400-u2026.json,357f8d5b9741fbd62146dabeaee67a56bffc62cfbc7c50a877c596a39c376ac5,f591b4a6a4e4496151f306a10ecd4f0b80aa36dfbc6ab89e2eb39cde0882b3a8,2026-06-26T21:05:45.165Z,4,28,2,0,0,0
00121-mth-252-module-item-module-8-learning-materials-and-practice-activities-3-5-hours-integral-calculus-mth-252z-400-u20,2080857,MTH-252,module_item,module_item,https://canvas.oregonstate.edu/courses/2080857/modules/items/26982620,https://canvas.oregonstate.edu/courses/2080857/pages/module-8-learning-materials-and-practice-activities-3-5-hours-2?module_item_id=26982620,Module 8 — Learning Materials and Practice Activities 🕓 3 - 5 hours: INTEGRAL CALCULUS (MTH_252Z_400_U2026),page,module-8-learning-materials-and-practice-activities-3-5-hours-2,1,yes,,raw_html/00121-mth-252-module-item-module-8-learning-materials-and-practice-activities-3-5-hours-integral-calculus-mth-252z-400-u20.html,text/00121-mth-252-module-item-module-8-learning-materials-and-practice-activities-3-5-hours-integral-calculus-mth-252z-400-u20.txt,text/00121-mth-252-module-item-module-8-learning-materials-and-practice-activities-3-5-hours-integral-calculus-mth-252z-400-u20.fulltext.txt,markdown/00121-mth-252-module-item-module-8-learning-materials-and-practice-activities-3-5-hours-integral-calculus-mth-252z-400-u20.md,,metadata/00121-mth-252-module-item-module-8-learning-materials-and-practice-activities-3-5-hours-integral-calculus-mth-252z-400-u20.json,f241253b7a2158a2768f67fe163fa101aeb39b05164977a6f5f6f8603d5150e6,7e600b1f2d3e29f1ce3e0ca090864e4bfd6d6df330a1de265bd505e8b19f9f43,2026-06-26T21:05:47.560Z,6,44,2,0,0,0
00122-mth-252-module-item-252-lecture-2-1-to-me4-pdf-integral-calculus-mth-252z-400-u2026,2080857,MTH-252,module_item,module_item,https://canvas.oregonstate.edu/courses/2080857/modules/items/26982621,https://canvas.oregonstate.edu/courses/2080857/files/119223597?module_item_id=26982621,252-Lecture-2.1-to-ME4.pdf: INTEGRAL CALCULUS (MTH_252Z_400_U2026),file,119223597,1,yes,,raw_html/00122-mth-252-module-item-252-lecture-2-1-to-me4-pdf-integral-calculus-mth-252z-400-u2026.html,text/00122-mth-252-module-item-252-lecture-2-1-to-me4-pdf-integral-calculus-mth-252z-400-u2026.txt,text/00122-mth-252-module-item-252-lecture-2-1-to-me4-pdf-integral-calculus-mth-252z-400-u2026.fulltext.txt,markdown/00122-mth-252-module-item-252-lecture-2-1-to-me4-pdf-integral-calculus-mth-252z-400-u2026.md,,metadata/00122-mth-252-module-item-252-lecture-2-1-to-me4-pdf-integral-calculus-mth-252z-400-u2026.json,f9294333380dbdb00801a66a7e88fdbd0a3492ef2296a593659939daf6096787,c99395328a003ddb927b4c00ce314162e8a6b34b7434553da74af7dd8339746c,2026-06-26T21:05:49.961Z,1,31,3,0,0,0
00123-mth-252-module-item-lecture-2-3-2-4-pdf-integral-calculus-mth-252z-400-u2026,2080857,MTH-252,module_item,module_item,https://canvas.oregonstate.edu/courses/2080857/modules/items/26982622,https://canvas.oregonstate.edu/courses/2080857/files/119223466?module_item_id=26982622,Lecture-2.3-2.4.pdf: INTEGRAL CALCULUS (MTH_252Z_400_U2026),file,119223466,1,yes,,raw_html/00123-mth-252-module-item-lecture-2-3-2-4-pdf-integral-calculus-mth-252z-400-u2026.html,text/00123-mth-252-module-item-lecture-2-3-2-4-pdf-integral-calculus-mth-252z-400-u2026.txt,text/00123-mth-252-module-item-lecture-2-3-2-4-pdf-integral-calculus-mth-252z-400-u2026.fulltext.txt,markdown/00123-mth-252-module-item-lecture-2-3-2-4-pdf-integral-calculus-mth-252z-400-u2026.md,,metadata/00123-mth-252-module-item-lecture-2-3-2-4-pdf-integral-calculus-mth-252z-400-u2026.json,e91bc5321d413c5c479d79977ab35af08217cc1a308230c6bacd1ce22efc7655,4dcbc8884de373994918908b3c68cc858c285de15b73775aa09943008521caf3,2026-06-26T21:05:52.363Z,1,31,3,0,0,0
00124-mth-252-module-item-dr-g-s-videos-2-3-2-4-integral-calculus-mth-252z-400-u2026,2080857,MTH-252,module_item,module_item,https://canvas.oregonstate.edu/courses/2080857/modules/items/26982623,https://canvas.oregonstate.edu/courses/2080857/pages/dr-gs-videos-%3E-2-dot-3-2-dot-4?module_item_id=26982623,"Dr G's Videos --> 2.3, 2.4: INTEGRAL CALCULUS (MTH_252Z_400_U2026)",page,dr-gs-videos-%3E-2-dot-3-2-dot-4,1,yes,,raw_html/00124-mth-252-module-item-dr-g-s-videos-2-3-2-4-integral-calculus-mth-252z-400-u2026.html,text/00124-mth-252-module-item-dr-g-s-videos-2-3-2-4-integral-calculus-mth-252z-400-u2026.txt,text/00124-mth-252-module-item-dr-g-s-videos-2-3-2-4-integral-calculus-mth-252z-400-u2026.fulltext.txt,markdown/00124-mth-252-module-item-dr-g-s-videos-2-3-2-4-integral-calculus-mth-252z-400-u2026.md,,metadata/00124-mth-252-module-item-dr-g-s-videos-2-3-2-4-integral-calculus-mth-252z-400-u2026.json,ed08071307c8b39b2279c08b0d36c3305c261b18dfd7dc2cd66b8010eea607e6,c509593e18ac9c217f1588038ded7986b52d99e64bac46ff834ec33994c9cdec,2026-06-26T21:05:55.021Z,1,30,4,0,0,0
00125-mth-252-module-item-rq-2-3-integral-calculus-mth-252z-400-u2026,2080857,MTH-252,module_item,module_item,https://canvas.oregonstate.edu/courses/2080857/modules/items/26982624,https://canvas.oregonstate.edu/courses/2080857/quizzes/3167665?module_item_id=26982624,RQ-2.3 : INTEGRAL CALCULUS (MTH_252Z_400_U2026),quiz,3167665,1,yes,,raw_html/00125-mth-252-module-item-rq-2-3-integral-calculus-mth-252z-400-u2026.html,text/00125-mth-252-module-item-rq-2-3-integral-calculus-mth-252z-400-u2026.txt,text/00125-mth-252-module-item-rq-2-3-integral-calculus-mth-252z-400-u2026.fulltext.txt,markdown/00125-mth-252-module-item-rq-2-3-integral-calculus-mth-252z-400-u2026.md,,metadata/00125-mth-252-module-item-rq-2-3-integral-calculus-mth-252z-400-u2026.json,f2877825e9ce0ea40c1fb47dbf951079c4da3ff686ce2f4605a65cba62c7eb88,023fd9967aaf5466ca2fe261451e8870dda6b15a971cc1df1f7fe00ee31e084b,2026-06-26T21:05:57.912Z,1,29,2,0,0,0
00126-mth-252-module-item-rq-2-4-integral-calculus-mth-252z-400-u2026,2080857,MTH-252,module_item,module_item,https://canvas.oregonstate.edu/courses/2080857/modules/items/26982625,https://canvas.oregonstate.edu/courses/2080857/quizzes/3167663?module_item_id=26982625,RQ-2.4: INTEGRAL CALCULUS (MTH_252Z_400_U2026),quiz,3167663,1,yes,,raw_html/00126-mth-252-module-item-rq-2-4-integral-calculus-mth-252z-400-u2026.html,text/00126-mth-252-module-item-rq-2-4-integral-calculus-mth-252z-400-u2026.txt,text/00126-mth-252-module-item-rq-2-4-integral-calculus-mth-252z-400-u2026.fulltext.txt,markdown/00126-mth-252-module-item-rq-2-4-integral-calculus-mth-252z-400-u2026.md,,metadata/00126-mth-252-module-item-rq-2-4-integral-calculus-mth-252z-400-u2026.json,759fe7758b432fdb1cd60d6b95250f7fcaaf8cce0782e7f9f7464ece3a605ab6,29d8c8b18b0fb321192b23f195c8b3885685dcfdb82140aa2999ccca989c63e2,2026-06-26T21:06:00.509Z,1,29,2,0,0,0
00127-mth-252-module-item-module-8-written-homework-whw-8-3-hours,2080857,MTH-252,module_item,module_item,https://canvas.oregonstate.edu/courses/2080857/modules/items/26982626,https://canvas.oregonstate.edu/courses/2080857/assignments/10586061?module_item_id=26982626,Module 8 — Written Homework (WHW 8) 🕓 3 hours,assignment,10586061,1,yes,,raw_html/00127-mth-252-module-item-module-8-written-homework-whw-8-3-hours.html,text/00127-mth-252-module-item-module-8-written-homework-whw-8-3-hours.txt,text/00127-mth-252-module-item-module-8-written-homework-whw-8-3-hours.fulltext.txt,markdown/00127-mth-252-module-item-module-8-written-homework-whw-8-3-hours.md,,metadata/00127-mth-252-module-item-module-8-written-homework-whw-8-3-hours.json,6ea6287c6820bee011835efa973cda1d03f891dff62e23b7749218504ef7b08f,eda062bb036d561ce3cc7e394a55fd7b7f2ec00a1a3ca13a04be8269aa15b6d3,2026-06-26T21:06:04.674Z,2,54,2,0,0,0
00128-mth-252-module-item-topic-module-8-discussion-reflection-whw-8-0-5-hour,2080857,MTH-252,module_item,module_item,https://canvas.oregonstate.edu/courses/2080857/modules/items/26982627,https://canvas.oregonstate.edu/courses/2080857/discussion_topics/11593468?module_item_id=26982627,Topic: Module 8 — Discussion Reflection: WHW 8 🕓 0.5 hour,discussion,11593468,1,yes,,raw_html/00128-mth-252-module-item-topic-module-8-discussion-reflection-whw-8-0-5-hour.html,text/00128-mth-252-module-item-topic-module-8-discussion-reflection-whw-8-0-5-hour.txt,text/00128-mth-252-module-item-topic-module-8-discussion-reflection-whw-8-0-5-hour.fulltext.txt,markdown/00128-mth-252-module-item-topic-module-8-discussion-reflection-whw-8-0-5-hour.md,,metadata/00128-mth-252-module-item-topic-module-8-discussion-reflection-whw-8-0-5-hour.json,276808a6b73f920373d9c91a687f83c93ee86564a74714247774e5ec95bdb2c1,e3b0c44298fc1c149afbf4c8996fb92427ae41e4649b934ca495991b7852b855,2026-06-26T21:06:07.212Z,0,27,2,0,0,0
00129-mth-252-module-item-achieve-2-3-volumes-of-revolution-cylindrical-shells,2080857,MTH-252,module_item,module_item,https://canvas.oregonstate.edu/courses/2080857/modules/items/26982628,https://canvas.oregonstate.edu/courses/2080857/assignments/10586033?module_item_id=26982628,Achieve - 2.3 Volumes of Revolution: Cylindrical Shells,assignment,10586033,1,yes,yes,raw_html/00129-mth-252-module-item-achieve-2-3-volumes-of-revolution-cylindrical-shells.html,text/00129-mth-252-module-item-achieve-2-3-volumes-of-revolution-cylindrical-shells.txt,text/00129-mth-252-module-item-achieve-2-3-volumes-of-revolution-cylindrical-shells.fulltext.txt,markdown/00129-mth-252-module-item-achieve-2-3-volumes-of-revolution-cylindrical-shells.md,,metadata/00129-mth-252-module-item-achieve-2-3-volumes-of-revolution-cylindrical-shells.json,7872b17fb5284d6d9214912e08414d22aebfee64a6eafda664e1ffbb9abe360d,b97f2a922e01b870f4eee378f49bd81621736437a45b6eb0ab036bd27ad013d7,2026-06-26T21:06:12.718Z,2,54,2,0,0,0
00130-mth-252-module-item-acheive-2-4-arc-length-of-a-curve-no-surface-area,2080857,MTH-252,module_item,module_item,https://canvas.oregonstate.edu/courses/2080857/modules/items/26982629,https://canvas.oregonstate.edu/courses/2080857/assignments/10586024?module_item_id=26982629,Acheive - 2.4 Arc Length of a Curve (NO Surface Area),assignment,10586024,1,yes,yes,raw_html/00130-mth-252-module-item-acheive-2-4-arc-length-of-a-curve-no-surface-area.html,text/00130-mth-252-module-item-acheive-2-4-arc-length-of-a-curve-no-surface-area.txt,text/00130-mth-252-module-item-acheive-2-4-arc-length-of-a-curve-no-surface-area.fulltext.txt,markdown/00130-mth-252-module-item-acheive-2-4-arc-length-of-a-curve-no-surface-area.md,,metadata/00130-mth-252-module-item-acheive-2-4-arc-length-of-a-curve-no-surface-area.json,d3ddd3703571f91dfd7e99f7b2ac4114ffc15bdedff28ecba3324ae8d1ef8c88,31e891ffb482bbaedd7cbc8dd5962bd48f57615cdd351ef627c3c16584b972f0,2026-06-26T21:06:15.716Z,2,54,2,0,0,0
00131-mth-252-module-item-mini-exam-4-tuesday-to-thursday,2080857,MTH-252,module_item,module_item,https://canvas.oregonstate.edu/courses/2080857/modules/items/26982630,https://canvas.oregonstate.edu/courses/2080857/assignments/10586052?module_item_id=26982630,Mini-Exam 4 --> Tuesday to Thursday,assignment,10586052,1,yes,,raw_html/00131-mth-252-module-item-mini-exam-4-tuesday-to-thursday.html,text/00131-mth-252-module-item-mini-exam-4-tuesday-to-thursday.txt,text/00131-mth-252-module-item-mini-exam-4-tuesday-to-thursday.fulltext.txt,markdown/00131-mth-252-module-item-mini-exam-4-tuesday-to-thursday.md,,metadata/00131-mth-252-module-item-mini-exam-4-tuesday-to-thursday.json,632ec152147b4e1f47aa6c557c7745da9b4da949716efe921d89d9cd751c578b,00894aed12dba041317c4c2962293377311193b53180a9a38073c36e0413fedc,2026-06-26T21:06:18.410Z,2,54,2,0,0,0
00132-mth-252-module-item-module-9-overview-integral-calculus-mth-252z-400-u2026,2080857,MTH-252,module_item,module_item,https://canvas.oregonstate.edu/courses/2080857/modules/items/26982631,https://canvas.oregonstate.edu/courses/2080857/pages/module-9-overview?module_item_id=26982631,Module 9 — Overview: INTEGRAL CALCULUS (MTH_252Z_400_U2026),page,module-9-overview,1,yes,,raw_html/00132-mth-252-module-item-module-9-overview-integral-calculus-mth-252z-400-u2026.html,text/00132-mth-252-module-item-module-9-overview-integral-calculus-mth-252z-400-u2026.txt,text/00132-mth-252-module-item-module-9-overview-integral-calculus-mth-252z-400-u2026.fulltext.txt,markdown/00132-mth-252-module-item-module-9-overview-integral-calculus-mth-252z-400-u2026.md,,metadata/00132-mth-252-module-item-module-9-overview-integral-calculus-mth-252z-400-u2026.json,54a0a747b470dd9a994b76912ec1560afc041ea98b592376992222550c904865,5ed7d91b353d596e6905949cece36d711454e7290d516a7efd03d567e7d8209f,2026-06-26T21:06:21.261Z,4,30,2,0,0,0
00133-mth-252-module-item-module-9-learning-materials-and-practice-activities-3-5-hours-integral-calculus-mth-252z-400-u20,2080857,MTH-252,module_item,module_item,https://canvas.oregonstate.edu/courses/2080857/modules/items/26982632,https://canvas.oregonstate.edu/courses/2080857/pages/module-9-learning-materials-and-practice-activities-3-5-hours-2?module_item_id=26982632,Module 9 — Learning Materials and Practice Activities 🕓 3 - 5 hours: INTEGRAL CALCULUS (MTH_252Z_400_U2026),page,module-9-learning-materials-and-practice-activities-3-5-hours-2,1,yes,,raw_html/00133-mth-252-module-item-module-9-learning-materials-and-practice-activities-3-5-hours-integral-calculus-mth-252z-400-u20.html,text/00133-mth-252-module-item-module-9-learning-materials-and-practice-activities-3-5-hours-integral-calculus-mth-252z-400-u20.txt,text/00133-mth-252-module-item-module-9-learning-materials-and-practice-activities-3-5-hours-integral-calculus-mth-252z-400-u20.fulltext.txt,markdown/00133-mth-252-module-item-module-9-learning-materials-and-practice-activities-3-5-hours-integral-calculus-mth-252z-400-u20.md,,metadata/00133-mth-252-module-item-module-9-learning-materials-and-practice-activities-3-5-hours-integral-calculus-mth-252z-400-u20.json,278dfa2c0779152c106655ff03518c55d9b383d18aa15703bd1f2633ea0d4045,449dca5dd21adbb01690786ccd11e49261d88a55ba208056bc675cbc3257fce5,2026-06-26T21:06:23.810Z,6,47,2,0,0,0
00134-mth-252-module-item-252-lecture-2-5-to-me5-pdf-integral-calculus-mth-252z-400-u2026,2080857,MTH-252,module_item,module_item,https://canvas.oregonstate.edu/courses/2080857/modules/items/26982633,https://canvas.oregonstate.edu/courses/2080857/files/119223598?module_item_id=26982633,252-Lecture-2.5-to-ME5.pdf: INTEGRAL CALCULUS (MTH_252Z_400_U2026),file,119223598,1,yes,,raw_html/00134-mth-252-module-item-252-lecture-2-5-to-me5-pdf-integral-calculus-mth-252z-400-u2026.html,text/00134-mth-252-module-item-252-lecture-2-5-to-me5-pdf-integral-calculus-mth-252z-400-u2026.txt,text/00134-mth-252-module-item-252-lecture-2-5-to-me5-pdf-integral-calculus-mth-252z-400-u2026.fulltext.txt,markdown/00134-mth-252-module-item-252-lecture-2-5-to-me5-pdf-integral-calculus-mth-252z-400-u2026.md,,metadata/00134-mth-252-module-item-252-lecture-2-5-to-me5-pdf-integral-calculus-mth-252z-400-u2026.json,d851769b353a0d850abf57d8824945d967194d8cbf41b53c51c563fb7645e762,6c35fbced3ee727262015f36306f87e1f66f9cc1c55c23f1d70a61dcb485dac6,2026-06-26T21:06:26.309Z,1,31,3,0,0,0
00135-mth-252-module-item-dr-g-s-videos-2-5-integral-calculus-mth-252z-400-u2026,2080857,MTH-252,module_item,module_item,https://canvas.oregonstate.edu/courses/2080857/modules/items/26982634,https://canvas.oregonstate.edu/courses/2080857/pages/dr-gs-videos-%3E-2-dot-5?module_item_id=26982634,Dr. G's Videos --> 2.5: INTEGRAL CALCULUS (MTH_252Z_400_U2026),page,dr-gs-videos-%3E-2-dot-5,1,yes,,raw_html/00135-mth-252-module-item-dr-g-s-videos-2-5-integral-calculus-mth-252z-400-u2026.html,text/00135-mth-252-module-item-dr-g-s-videos-2-5-integral-calculus-mth-252z-400-u2026.txt,text/00135-mth-252-module-item-dr-g-s-videos-2-5-integral-calculus-mth-252z-400-u2026.fulltext.txt,markdown/00135-mth-252-module-item-dr-g-s-videos-2-5-integral-calculus-mth-252z-400-u2026.md,,metadata/00135-mth-252-module-item-dr-g-s-videos-2-5-integral-calculus-mth-252z-400-u2026.json,c9d8ae4fe6fe9d7b2cd6eff6734608db584ebaf7570f066fdc6a8097d022d32a,8fd0f8a8559992291cc95f835981b8238311ed13fc8b221f2a3b1d899659ecad,2026-06-26T21:06:28.814Z,1,33,5,0,0,0
00136-mth-252-module-item-rq-2-5-integral-calculus-mth-252z-400-u2026,2080857,MTH-252,module_item,module_item,https://canvas.oregonstate.edu/courses/2080857/modules/items/26982635,https://canvas.oregonstate.edu/courses/2080857/quizzes/3167668?module_item_id=26982635,RQ-2.5 : INTEGRAL CALCULUS (MTH_252Z_400_U2026),quiz,3167668,1,yes,,raw_html/00136-mth-252-module-item-rq-2-5-integral-calculus-mth-252z-400-u2026.html,text/00136-mth-252-module-item-rq-2-5-integral-calculus-mth-252z-400-u2026.txt,text/00136-mth-252-module-item-rq-2-5-integral-calculus-mth-252z-400-u2026.fulltext.txt,markdown/00136-mth-252-module-item-rq-2-5-integral-calculus-mth-252z-400-u2026.md,,metadata/00136-mth-252-module-item-rq-2-5-integral-calculus-mth-252z-400-u2026.json,63bc83948300fbd791395a9a9ec35b01945c742063f4f3b4a493d542c616352a,102cbacd3e8c1679c9cf2bf9678e07f729809876c00177614dbb9e4ecd8ee650,2026-06-26T21:06:31.660Z,1,29,2,0,0,0
00137-mth-252-module-item-module-9-written-homework-whw-9-3-hours,2080857,MTH-252,module_item,module_item,https://canvas.oregonstate.edu/courses/2080857/modules/items/26982636,https://canvas.oregonstate.edu/courses/2080857/assignments/10586062?module_item_id=26982636,Module 9 — Written Homework (WHW 9) 🕓 3 hours,assignment,10586062,1,yes,,raw_html/00137-mth-252-module-item-module-9-written-homework-whw-9-3-hours.html,text/00137-mth-252-module-item-module-9-written-homework-whw-9-3-hours.txt,text/00137-mth-252-module-item-module-9-written-homework-whw-9-3-hours.fulltext.txt,markdown/00137-mth-252-module-item-module-9-written-homework-whw-9-3-hours.md,,metadata/00137-mth-252-module-item-module-9-written-homework-whw-9-3-hours.json,bce2e02742b87182d9dd5dd4820aab8eb719aef2fc957ee87d28c8892bc8d0d3,68e2c2f9c25a58054ff5f37bacdf0e12037dd10f0aaa045429f3b3af59ea25b6,2026-06-26T21:06:34.498Z,2,54,2,0,0,0
00138-mth-252-module-item-topic-module-9-discussion-reflection-final-and-exam-prep-0-5-hour,2080857,MTH-252,module_item,module_item,https://canvas.oregonstate.edu/courses/2080857/modules/items/26982637,https://canvas.oregonstate.edu/courses/2080857/discussion_topics/11593467?module_item_id=26982637,Topic: Module 9 — Discussion Reflection: Final and Exam Prep 🕓 0.5 hour,discussion,11593467,1,yes,,raw_html/00138-mth-252-module-item-topic-module-9-discussion-reflection-final-and-exam-prep-0-5-hour.html,text/00138-mth-252-module-item-topic-module-9-discussion-reflection-final-and-exam-prep-0-5-hour.txt,text/00138-mth-252-module-item-topic-module-9-discussion-reflection-final-and-exam-prep-0-5-hour.fulltext.txt,markdown/00138-mth-252-module-item-topic-module-9-discussion-reflection-final-and-exam-prep-0-5-hour.md,,metadata/00138-mth-252-module-item-topic-module-9-discussion-reflection-final-and-exam-prep-0-5-hour.json,a86ca3cd4ea2768de8f976dbfbb8e8dabcc49985e83d3639c8488a22f2a017e3,7a00bacab8f35d6fb67468cd83c3bab20f5323bcaa0c4980895547152c450ffc,2026-06-26T21:06:37.712Z,1,29,2,0,0,0
00139-mth-252-module-item-achieve-2-5-1-physical-applications,2080857,MTH-252,module_item,module_item,https://canvas.oregonstate.edu/courses/2080857/modules/items/26982638,https://canvas.oregonstate.edu/courses/2080857/assignments/10586034?module_item_id=26982638,Achieve - 2.5 - 1 Physical Applications,assignment,10586034,1,yes,yes,raw_html/00139-mth-252-module-item-achieve-2-5-1-physical-applications.html,text/00139-mth-252-module-item-achieve-2-5-1-physical-applications.txt,text/00139-mth-252-module-item-achieve-2-5-1-physical-applications.fulltext.txt,markdown/00139-mth-252-module-item-achieve-2-5-1-physical-applications.md,,metadata/00139-mth-252-module-item-achieve-2-5-1-physical-applications.json,8ecf0de0e1dc08e947a8cd9df22ce585b79ce675cb148f086bc06766df2a726d,a8922badaf9dac70497913cf8199968cb73eefdcd560b5e10e8c0d3102cc4e3e,2026-06-26T21:06:40.244Z,2,54,2,0,0,0
00140-mth-252-module-item-achieve-2-5-2-physical-applications,2080857,MTH-252,module_item,module_item,https://canvas.oregonstate.edu/courses/2080857/modules/items/26982639,https://canvas.oregonstate.edu/courses/2080857/assignments/10586036?module_item_id=26982639,Achieve - 2.5 - 2 Physical Applications,assignment,10586036,1,yes,yes,raw_html/00140-mth-252-module-item-achieve-2-5-2-physical-applications.html,text/00140-mth-252-module-item-achieve-2-5-2-physical-applications.txt,text/00140-mth-252-module-item-achieve-2-5-2-physical-applications.fulltext.txt,markdown/00140-mth-252-module-item-achieve-2-5-2-physical-applications.md,,metadata/00140-mth-252-module-item-achieve-2-5-2-physical-applications.json,f88f56f1777440fec354bb16b01a9ccbadd9dd95893828da3a7f3530a507e04f,531abcf194860c541d1d858ac418dbe75b28cb680607245c0003f4355ca9f4fc,2026-06-26T21:06:42.912Z,2,54,2,0,0,0
00141-mth-252-module-item-mini-exam-retake-sign-up-integral-calculus-mth-252z-400-u2026,2080857,MTH-252,module_item,module_item,https://canvas.oregonstate.edu/courses/2080857/modules/items/26982640,https://canvas.oregonstate.edu/courses/2080857/quizzes/3167661?module_item_id=26982640,Mini-Exam Retake Sign Up: INTEGRAL CALCULUS (MTH_252Z_400_U2026),quiz,3167661,1,yes,,raw_html/00141-mth-252-module-item-mini-exam-retake-sign-up-integral-calculus-mth-252z-400-u2026.html,text/00141-mth-252-module-item-mini-exam-retake-sign-up-integral-calculus-mth-252z-400-u2026.txt,text/00141-mth-252-module-item-mini-exam-retake-sign-up-integral-calculus-mth-252z-400-u2026.fulltext.txt,markdown/00141-mth-252-module-item-mini-exam-retake-sign-up-integral-calculus-mth-252z-400-u2026.md,,metadata/00141-mth-252-module-item-mini-exam-retake-sign-up-integral-calculus-mth-252z-400-u2026.json,a49faa582f89de2feb67ecee8d4740840190a1fbd7e1171716ad0cf153e5e7fa,17be4aec2e3372ac4330ee99a4c9b4a45f3335c3b136b34915852746de54e59b,2026-06-26T21:06:45.315Z,1,29,2,0,0,0
00142-mth-252-module-item-module-10-overview-integral-calculus-mth-252z-400-u2026,2080857,MTH-252,module_item,module_item,https://canvas.oregonstate.edu/courses/2080857/modules/items/26982641,https://canvas.oregonstate.edu/courses/2080857/pages/module-10-overview?module_item_id=26982641,Module 10 - Overview: INTEGRAL CALCULUS (MTH_252Z_400_U2026),page,module-10-overview,1,yes,,raw_html/00142-mth-252-module-item-module-10-overview-integral-calculus-mth-252z-400-u2026.html,text/00142-mth-252-module-item-module-10-overview-integral-calculus-mth-252z-400-u2026.txt,text/00142-mth-252-module-item-module-10-overview-integral-calculus-mth-252z-400-u2026.fulltext.txt,markdown/00142-mth-252-module-item-module-10-overview-integral-calculus-mth-252z-400-u2026.md,,metadata/00142-mth-252-module-item-module-10-overview-integral-calculus-mth-252z-400-u2026.json,6e977b0e5df8215c765007dc0ca5c11c16dcdb5135e231675c8551f804a379ae,815d1173c7347f850e661cb5bccacb80afd020fbfe1f2dcf3c2224782391fad9,2026-06-26T21:06:48.066Z,4,30,2,0,0,0
00143-mth-252-module-item-module-10-learning-materials-and-practice-activities-3-5-hours-integral-calculus-mth-252z-400-u2,2080857,MTH-252,module_item,module_item,https://canvas.oregonstate.edu/courses/2080857/modules/items/26982643,https://canvas.oregonstate.edu/courses/2080857/pages/module-10-learning-materials-and-practice-activities-3-5-hours-2?module_item_id=26982643,Module 10 — Learning Materials and Practice Activities 🕓 3 - 5 hours: INTEGRAL CALCULUS (MTH_252Z_400_U2026),page,module-10-learning-materials-and-practice-activities-3-5-hours-2,1,yes,,raw_html/00143-mth-252-module-item-module-10-learning-materials-and-practice-activities-3-5-hours-integral-calculus-mth-252z-400-u2.html,text/00143-mth-252-module-item-module-10-learning-materials-and-practice-activities-3-5-hours-integral-calculus-mth-252z-400-u2.txt,text/00143-mth-252-module-item-module-10-learning-materials-and-practice-activities-3-5-hours-integral-calculus-mth-252z-400-u2.fulltext.txt,markdown/00143-mth-252-module-item-module-10-learning-materials-and-practice-activities-3-5-hours-integral-calculus-mth-252z-400-u2.md,,metadata/00143-mth-252-module-item-module-10-learning-materials-and-practice-activities-3-5-hours-integral-calculus-mth-252z-400-u2.json,43393e1e3361fd066d8c2c20248c04dba07d4c7fa2b38fa585b599d07057995d,9fdf48a79d0e62acf312ea95713a591999eb7b903abbcf22b078cd0d8e5a8c39,2026-06-26T21:06:51.065Z,6,43,2,0,0,0
00144-mth-252-module-item-252-lecture-2-5-to-me5-pdf-integral-calculus-mth-252z-400-u2026,2080857,MTH-252,module_item,module_item,https://canvas.oregonstate.edu/courses/2080857/modules/items/26982644,https://canvas.oregonstate.edu/courses/2080857/files/119223598?module_item_id=26982644,252-Lecture-2.5-to-ME5.pdf: INTEGRAL CALCULUS (MTH_252Z_400_U2026),file,119223598,1,yes,,raw_html/00144-mth-252-module-item-252-lecture-2-5-to-me5-pdf-integral-calculus-mth-252z-400-u2026.html,text/00144-mth-252-module-item-252-lecture-2-5-to-me5-pdf-integral-calculus-mth-252z-400-u2026.txt,text/00144-mth-252-module-item-252-lecture-2-5-to-me5-pdf-integral-calculus-mth-252z-400-u2026.fulltext.txt,markdown/00144-mth-252-module-item-252-lecture-2-5-to-me5-pdf-integral-calculus-mth-252z-400-u2026.md,,metadata/00144-mth-252-module-item-252-lecture-2-5-to-me5-pdf-integral-calculus-mth-252z-400-u2026.json,48026b2bff9f93a048037eabf884575dff0a02e5412c8d15293f0bd85eed6810,c62964d17183cf6689da656ed208af630c6ea729c335f0278f2ed70e91f4f567,2026-06-26T21:06:53.259Z,1,29,3,0,0,0
00145-mth-252-module-item-dr-g-s-videos-3-7-integral-calculus-mth-252z-400-u2026,2080857,MTH-252,module_item,module_item,https://canvas.oregonstate.edu/courses/2080857/modules/items/26982645,https://canvas.oregonstate.edu/courses/2080857/pages/dr-gs-videos-%3E-3-dot-7?module_item_id=26982645,Dr G's Videos --> 3.7: INTEGRAL CALCULUS (MTH_252Z_400_U2026),page,dr-gs-videos-%3E-3-dot-7,1,yes,,raw_html/00145-mth-252-module-item-dr-g-s-videos-3-7-integral-calculus-mth-252z-400-u2026.html,text/00145-mth-252-module-item-dr-g-s-videos-3-7-integral-calculus-mth-252z-400-u2026.txt,text/00145-mth-252-module-item-dr-g-s-videos-3-7-integral-calculus-mth-252z-400-u2026.fulltext.txt,markdown/00145-mth-252-module-item-dr-g-s-videos-3-7-integral-calculus-mth-252z-400-u2026.md,,metadata/00145-mth-252-module-item-dr-g-s-videos-3-7-integral-calculus-mth-252z-400-u2026.json,de0bee496e6d312d84c2be5170a2dd9f052b95b59b083453600174eb9ce3a6ab,ff0a076ac2129c4b300fcfcaa6f12d17902687e7376f90cb36123c6bde29c235,2026-06-26T21:06:55.514Z,1,33,4,0,0,0
00146-mth-252-module-item-rq-3-7-integral-calculus-mth-252z-400-u2026,2080857,MTH-252,module_item,module_item,https://canvas.oregonstate.edu/courses/2080857/modules/items/26982646,https://canvas.oregonstate.edu/courses/2080857/quizzes/3167657?module_item_id=26982646,RQ-3.7: INTEGRAL CALCULUS (MTH_252Z_400_U2026),quiz,3167657,1,yes,,raw_html/00146-mth-252-module-item-rq-3-7-integral-calculus-mth-252z-400-u2026.html,text/00146-mth-252-module-item-rq-3-7-integral-calculus-mth-252z-400-u2026.txt,text/00146-mth-252-module-item-rq-3-7-integral-calculus-mth-252z-400-u2026.fulltext.txt,markdown/00146-mth-252-module-item-rq-3-7-integral-calculus-mth-252z-400-u2026.md,,metadata/00146-mth-252-module-item-rq-3-7-integral-calculus-mth-252z-400-u2026.json,84b4fc3fc3902d27cd1d3719733a35a7b8b0cb47cf49889d086ac003e144c9d1,b3fa506b9b92684fdd31be7a89a9da2a98f88b3900bad68a1dd2024ea3e4662c,2026-06-26T21:06:58.503Z,1,29,2,0,0,0
00147-mth-252-module-item-reflection-3,2080857,MTH-252,module_item,module_item,https://canvas.oregonstate.edu/courses/2080857/modules/items/26982647,https://canvas.oregonstate.edu/courses/2080857/assignments/10586064?module_item_id=26982647,Reflection 3,assignment,10586064,1,yes,yes,raw_html/00147-mth-252-module-item-reflection-3.html,text/00147-mth-252-module-item-reflection-3.txt,text/00147-mth-252-module-item-reflection-3.fulltext.txt,markdown/00147-mth-252-module-item-reflection-3.md,,metadata/00147-mth-252-module-item-reflection-3.json,47a0153b69a82f52c0168be338e176afb8318d83d2347628fd1251d6c7ecbd6b,d6b7b4d80862b46bb0b9c40ee6175231cababea91b977052bdaca7f8d0f4fde7,2026-06-26T21:07:00.964Z,2,54,2,0,0,0
00148-mth-252-module-item-achieve-3-7-improper-integrals,2080857,MTH-252,module_item,module_item,https://canvas.oregonstate.edu/courses/2080857/modules/items/26982648,https://canvas.oregonstate.edu/courses/2080857/assignments/10586041?module_item_id=26982648,Achieve - 3.7 Improper Integrals,assignment,10586041,1,yes,yes,raw_html/00148-mth-252-module-item-achieve-3-7-improper-integrals.html,text/00148-mth-252-module-item-achieve-3-7-improper-integrals.txt,text/00148-mth-252-module-item-achieve-3-7-improper-integrals.fulltext.txt,markdown/00148-mth-252-module-item-achieve-3-7-improper-integrals.md,,metadata/00148-mth-252-module-item-achieve-3-7-improper-integrals.json,ffe78c85a33796aa87bebcb33d1cda8619c034f408093a35cbb29ec76f8a1bf4,9b262d84fd3aec64f95476d7d354bc7e709f786238e6deb969bf2577441bf036,2026-06-26T21:07:03.460Z,2,54,2,0,0,0
00149-mth-252-module-item-module-10-written-homework-whw-10-3-hours,2080857,MTH-252,module_item,module_item,https://canvas.oregonstate.edu/courses/2080857/modules/items/26982649,https://canvas.oregonstate.edu/courses/2080857/assignments/10586054?module_item_id=26982649,Module 10 — Written Homework (WHW 10) 🕓 3 hours,assignment,10586054,1,yes,,raw_html/00149-mth-252-module-item-module-10-written-homework-whw-10-3-hours.html,text/00149-mth-252-module-item-module-10-written-homework-whw-10-3-hours.txt,text/00149-mth-252-module-item-module-10-written-homework-whw-10-3-hours.fulltext.txt,markdown/00149-mth-252-module-item-module-10-written-homework-whw-10-3-hours.md,,metadata/00149-mth-252-module-item-module-10-written-homework-whw-10-3-hours.json,33c40ef7d5ed89d002345ab254e4ab38ea6acc72493a8f0edd00f6e39b5cd5d6,6dfc122e01e544f3db52b117d162e4c8372bb473d2bc1381cb9f452a3da25f3d,2026-06-26T21:07:06.214Z,2,54,2,0,0,0
00150-mth-252-module-item-final-mini-exam-5-monday-to-wednesday,2080857,MTH-252,module_item,module_item,https://canvas.oregonstate.edu/courses/2080857/modules/items/26982652,https://canvas.oregonstate.edu/courses/2080857/assignments/10586043?module_item_id=26982652,Final Mini-Exam 5 --> Monday to Wednesday,assignment,10586043,1,yes,,raw_html/00150-mth-252-module-item-final-mini-exam-5-monday-to-wednesday.html,text/00150-mth-252-module-item-final-mini-exam-5-monday-to-wednesday.txt,text/00150-mth-252-module-item-final-mini-exam-5-monday-to-wednesday.fulltext.txt,markdown/00150-mth-252-module-item-final-mini-exam-5-monday-to-wednesday.md,,metadata/00150-mth-252-module-item-final-mini-exam-5-monday-to-wednesday.json,4a066af112146063d021747c37a8b2388a4565b7442400687812c9af0431447b,be5c5507e3ef76397839642feb759b4091df091ba04003b0b879b24726b15846,2026-06-26T21:07:08.871Z,2,54,2,0,0,0
00151-mth-252-module-item-mini-exam-1-retake,2080857,MTH-252,module_item,module_item,https://canvas.oregonstate.edu/courses/2080857/modules/items/26982653,https://canvas.oregonstate.edu/courses/2080857/assignments/10586046?module_item_id=26982653,Mini-Exam 1 - Retake,assignment,10586046,1,yes,,raw_html/00151-mth-252-module-item-mini-exam-1-retake.html,text/00151-mth-252-module-item-mini-exam-1-retake.txt,text/00151-mth-252-module-item-mini-exam-1-retake.fulltext.txt,markdown/00151-mth-252-module-item-mini-exam-1-retake.md,,metadata/00151-mth-252-module-item-mini-exam-1-retake.json,ba5dbe723d58022974cf38d3ab18f8a41236b208b1ae70a4081d4cd7c391cf72,44a6b42b19657cad0bc5810eaa96a09585575d85ad18b8564911af68b22b86a0,2026-06-26T21:07:11.512Z,2,54,2,0,0,0
00152-mth-252-module-item-mini-exam-2-retake,2080857,MTH-252,module_item,module_item,https://canvas.oregonstate.edu/courses/2080857/modules/items/26982654,https://canvas.oregonstate.edu/courses/2080857/assignments/10586047?module_item_id=26982654,Mini-Exam 2 - Retake,assignment,10586047,1,yes,yes,raw_html/00152-mth-252-module-item-mini-exam-2-retake.html,text/00152-mth-252-module-item-mini-exam-2-retake.txt,text/00152-mth-252-module-item-mini-exam-2-retake.fulltext.txt,markdown/00152-mth-252-module-item-mini-exam-2-retake.md,,metadata/00152-mth-252-module-item-mini-exam-2-retake.json,ca905db9b8ffb05ddc3771397087f502fa98b7670a36067f83389b9ebce4e4be,cfde941c071d48add487dcb063ae2400e53c4fb13a01fbc9307ed130234a9e18,2026-06-26T21:07:14.463Z,9,65,2,0,0,0
00153-mth-252-module-item-mini-exam-3-retake,2080857,MTH-252,module_item,module_item,https://canvas.oregonstate.edu/courses/2080857/modules/items/26982655,https://canvas.oregonstate.edu/courses/2080857/assignments/10586049?module_item_id=26982655,Mini-Exam 3 - Retake,assignment,10586049,1,yes,yes,raw_html/00153-mth-252-module-item-mini-exam-3-retake.html,text/00153-mth-252-module-item-mini-exam-3-retake.txt,text/00153-mth-252-module-item-mini-exam-3-retake.fulltext.txt,markdown/00153-mth-252-module-item-mini-exam-3-retake.md,,metadata/00153-mth-252-module-item-mini-exam-3-retake.json,9ca4cf4c5c46a874af793174dfc752f514b081e852c9fd587a726bad208303c8,b1a94b4b81fb75d3a594e5d9ccb1e3052d0b4bd69119dfa3916c19c0bc320d94,2026-06-26T21:07:17.410Z,9,60,2,0,0,0
00154-mth-252-module-item-mini-exam-4-retake,2080857,MTH-252,module_item,module_item,https://canvas.oregonstate.edu/courses/2080857/modules/items/26982656,https://canvas.oregonstate.edu/courses/2080857/assignments/10586051?module_item_id=26982656,Mini-Exam 4 - Retake,assignment,10586051,1,yes,yes,raw_html/00154-mth-252-module-item-mini-exam-4-retake.html,text/00154-mth-252-module-item-mini-exam-4-retake.txt,text/00154-mth-252-module-item-mini-exam-4-retake.fulltext.txt,markdown/00154-mth-252-module-item-mini-exam-4-retake.md,,metadata/00154-mth-252-module-item-mini-exam-4-retake.json,db7c1edea9f922433a9d919bb6af9e21c59f35975a61a333b4df3dcfa5b01aa3,044e3202968d6ea154814e4099bdfe58e689c03a3b95b61998bc7185d43fa025,2026-06-26T21:07:20.061Z,9,60,2,0,0,0
00155-mth-252-module-item-indefinite-integral-exponential-ibp-twice,2080857,MTH-252,module_item,module_item,https://canvas.oregonstate.edu/courses/2080857/modules/items/26982730,https://canvas.oregonstate.edu/courses/2080857/modules/items/26982730,"Indefinite integral: Exponential, IBP twice",module_item,26982730,1,,yes,raw_html/00155-mth-252-module-item-indefinite-integral-exponential-ibp-twice.html,text/00155-mth-252-module-item-indefinite-integral-exponential-ibp-twice.txt,text/00155-mth-252-module-item-indefinite-integral-exponential-ibp-twice.fulltext.txt,markdown/00155-mth-252-module-item-indefinite-integral-exponential-ibp-twice.md,,metadata/00155-mth-252-module-item-indefinite-integral-exponential-ibp-twice.json,ed38587933c08a517de862cdffba47cb5edbd008726bcb31a55416df98cafcea,fdbdc21182a39cdc119bd9dde6b0a15235e9142df09a1ad6776dd66887732e06,2026-06-26T21:07:23.060Z,1,30,3,0,0,0
00156-mth-252-linked-detail-topic-q-a-discussion,2080857,MTH-252,linked_detail,linked_detail,https://canvas.oregonstate.edu/courses/2080857/discussion_topics/11593476,https://canvas.oregonstate.edu/courses/2080857/discussion_topics/11593476,Topic: Q&A Discussion,discussion,11593476,1,,,raw_html/00156-mth-252-linked-detail-topic-q-a-discussion.html,text/00156-mth-252-linked-detail-topic-q-a-discussion.txt,text/00156-mth-252-linked-detail-topic-q-a-discussion.fulltext.txt,markdown/00156-mth-252-linked-detail-topic-q-a-discussion.md,,metadata/00156-mth-252-linked-detail-topic-q-a-discussion.json,11e0a66ef937d86f3ee7d9acca336b2d3d4461f0fea811377e5d76a61aad4ef8,0226639ff72d78f73f430b5d4cba48ea5ab3b9cfc9d4af7c065a9b483e39e5d8,2026-06-26T21:07:26.810Z,0,29,2,0,0,0
00157-mth-252-linked-detail-topic-module-3-discussion-reflection-mini-exam-1-0-5-hour,2080857,MTH-252,linked_detail,linked_detail,https://canvas.oregonstate.edu/courses/2080857/discussion_topics/11593473,https://canvas.oregonstate.edu/courses/2080857/discussion_topics/11593473,Topic: Module 3 — Discussion Reflection: Mini-Exam 1 🕓 0.5 hour,discussion,11593473,1,,,raw_html/00157-mth-252-linked-detail-topic-module-3-discussion-reflection-mini-exam-1-0-5-hour.html,text/00157-mth-252-linked-detail-topic-module-3-discussion-reflection-mini-exam-1-0-5-hour.txt,text/00157-mth-252-linked-detail-topic-module-3-discussion-reflection-mini-exam-1-0-5-hour.fulltext.txt,markdown/00157-mth-252-linked-detail-topic-module-3-discussion-reflection-mini-exam-1-0-5-hour.md,,metadata/00157-mth-252-linked-detail-topic-module-3-discussion-reflection-mini-exam-1-0-5-hour.json,74553304eafcdf2b31ef54710faa1ab19f5bd601b3e5657e49dd6d42ffee61b4,e3b0c44298fc1c149afbf4c8996fb92427ae41e4649b934ca495991b7852b855,2026-06-26T21:07:29.913Z,0,27,2,0,0,0
00158-mth-252-linked-detail-topic-module-4-discussion-reflection-whw-4-0-5-hour,2080857,MTH-252,linked_detail,linked_detail,https://canvas.oregonstate.edu/courses/2080857/discussion_topics/11593472,https://canvas.oregonstate.edu/courses/2080857/discussion_topics/11593472,Topic: Module 4 — Discussion Reflection: WHW 4 🕓 0.5 hour,discussion,11593472,1,,,raw_html/00158-mth-252-linked-detail-topic-module-4-discussion-reflection-whw-4-0-5-hour.html,text/00158-mth-252-linked-detail-topic-module-4-discussion-reflection-whw-4-0-5-hour.txt,text/00158-mth-252-linked-detail-topic-module-4-discussion-reflection-whw-4-0-5-hour.fulltext.txt,markdown/00158-mth-252-linked-detail-topic-module-4-discussion-reflection-whw-4-0-5-hour.md,,metadata/00158-mth-252-linked-detail-topic-module-4-discussion-reflection-whw-4-0-5-hour.json,790dd81e32fd6d9dd615196c44669c0fc220c7bce5e2eb4fa3d290ea2a0dee41,6cad820fe97871fae0bee54b2bf46d15d63b3ab4890ef507164f789627919df6,2026-06-26T21:07:32.660Z,1,29,2,0,0,0
00159-mth-252-linked-detail-topic-module-5-discussion-reflection-mini-exam-2-0-5-hour,2080857,MTH-252,linked_detail,linked_detail,https://canvas.oregonstate.edu/courses/2080857/discussion_topics/11593471,https://canvas.oregonstate.edu/courses/2080857/discussion_topics/11593471,Topic: Module 5 — Discussion Reflection: Mini-Exam 2 🕓 0.5 hour,discussion,11593471,1,,,raw_html/00159-mth-252-linked-detail-topic-module-5-discussion-reflection-mini-exam-2-0-5-hour.html,text/00159-mth-252-linked-detail-topic-module-5-discussion-reflection-mini-exam-2-0-5-hour.txt,text/00159-mth-252-linked-detail-topic-module-5-discussion-reflection-mini-exam-2-0-5-hour.fulltext.txt,markdown/00159-mth-252-linked-detail-topic-module-5-discussion-reflection-mini-exam-2-0-5-hour.md,,metadata/00159-mth-252-linked-detail-topic-module-5-discussion-reflection-mini-exam-2-0-5-hour.json,29ca23085dcbb315f3689d0ed8d56465de0416e9991baea2f508920f591f089a,ef53f147757e4ff0826e087a9fe42a325928b94ee00161186be4dec84b5e8459,2026-06-26T21:07:35.215Z,1,29,2,0,0,0
00160-mth-252-linked-detail-topic-module-6-discussion-reflection-whw-6-0-5-hour,2080857,MTH-252,linked_detail,linked_detail,https://canvas.oregonstate.edu/courses/2080857/discussion_topics/11593470,https://canvas.oregonstate.edu/courses/2080857/discussion_topics/11593470,Topic: Module 6 — Discussion Reflection: WHW 6 🕓 0.5 hour,discussion,11593470,1,,,raw_html/00160-mth-252-linked-detail-topic-module-6-discussion-reflection-whw-6-0-5-hour.html,text/00160-mth-252-linked-detail-topic-module-6-discussion-reflection-whw-6-0-5-hour.txt,text/00160-mth-252-linked-detail-topic-module-6-discussion-reflection-whw-6-0-5-hour.fulltext.txt,markdown/00160-mth-252-linked-detail-topic-module-6-discussion-reflection-whw-6-0-5-hour.md,,metadata/00160-mth-252-linked-detail-topic-module-6-discussion-reflection-whw-6-0-5-hour.json,f89bba6b7c570442e3ed19f4b48fe3007f8168ec72769656937ca7ffb47f0053,4db2cc0f867275a68de7364abc1f71892d0757e2d374f53f3e75f141e2c809fb,2026-06-26T21:07:37.907Z,1,29,2,0,0,0
00161-mth-252-linked-detail-topic-module-7-discussion-reflection-mini-exam-3-0-5-hour,2080857,MTH-252,linked_detail,linked_detail,https://canvas.oregonstate.edu/courses/2080857/discussion_topics/11593469,https://canvas.oregonstate.edu/courses/2080857/discussion_topics/11593469,Topic: Module 7 — Discussion Reflection: Mini-Exam 3 🕓 0.5 hour,discussion,11593469,1,,,raw_html/00161-mth-252-linked-detail-topic-module-7-discussion-reflection-mini-exam-3-0-5-hour.html,text/00161-mth-252-linked-detail-topic-module-7-discussion-reflection-mini-exam-3-0-5-hour.txt,text/00161-mth-252-linked-detail-topic-module-7-discussion-reflection-mini-exam-3-0-5-hour.fulltext.txt,markdown/00161-mth-252-linked-detail-topic-module-7-discussion-reflection-mini-exam-3-0-5-hour.md,,metadata/00161-mth-252-linked-detail-topic-module-7-discussion-reflection-mini-exam-3-0-5-hour.json,a7ea23628330d35eabfc213b8bb2b1ea47e144cfeea03fc6d214cf1291678e29,e3b0c44298fc1c149afbf4c8996fb92427ae41e4649b934ca495991b7852b855,2026-06-26T21:07:40.065Z,0,27,2,0,0,0
00162-mth-252-linked-detail-topic-module-8-discussion-reflection-whw-8-0-5-hour,2080857,MTH-252,linked_detail,linked_detail,https://canvas.oregonstate.edu/courses/2080857/discussion_topics/11593468,https://canvas.oregonstate.edu/courses/2080857/discussion_topics/11593468,Topic: Module 8 — Discussion Reflection: WHW 8 🕓 0.5 hour,discussion,11593468,1,,,raw_html/00162-mth-252-linked-detail-topic-module-8-discussion-reflection-whw-8-0-5-hour.html,text/00162-mth-252-linked-detail-topic-module-8-discussion-reflection-whw-8-0-5-hour.txt,text/00162-mth-252-linked-detail-topic-module-8-discussion-reflection-whw-8-0-5-hour.fulltext.txt,markdown/00162-mth-252-linked-detail-topic-module-8-discussion-reflection-whw-8-0-5-hour.md,,metadata/00162-mth-252-linked-detail-topic-module-8-discussion-reflection-whw-8-0-5-hour.json,7cad3be9ffe733052e98bb6038e6c92e05a05b97002fc3bca43e569446b677c1,e3b0c44298fc1c149afbf4c8996fb92427ae41e4649b934ca495991b7852b855,2026-06-26T21:07:42.266Z,0,27,2,0,0,0
00163-mth-252-linked-detail-topic-module-9-discussion-reflection-final-and-exam-prep-0-5-hour,2080857,MTH-252,linked_detail,linked_detail,https://canvas.oregonstate.edu/courses/2080857/discussion_topics/11593467,https://canvas.oregonstate.edu/courses/2080857/discussion_topics/11593467,Topic: Module 9 — Discussion Reflection: Final and Exam Prep 🕓 0.5 hour,discussion,11593467,1,,,raw_html/00163-mth-252-linked-detail-topic-module-9-discussion-reflection-final-and-exam-prep-0-5-hour.html,text/00163-mth-252-linked-detail-topic-module-9-discussion-reflection-final-and-exam-prep-0-5-hour.txt,text/00163-mth-252-linked-detail-topic-module-9-discussion-reflection-final-and-exam-prep-0-5-hour.fulltext.txt,markdown/00163-mth-252-linked-detail-topic-module-9-discussion-reflection-final-and-exam-prep-0-5-hour.md,,metadata/00163-mth-252-linked-detail-topic-module-9-discussion-reflection-final-and-exam-prep-0-5-hour.json,d8849fafead3f66f2c2f830f269817a640b7a499e226079d385cb01b28b6d92b,0226639ff72d78f73f430b5d4cba48ea5ab3b9cfc9d4af7c065a9b483e39e5d8,2026-06-26T21:07:44.709Z,0,29,2,0,0,0
00164-mth-253-module-item-start-here-overview-sequences-and-series-mth-253z-400-u2026,2053263,MTH-253,module_item,module_item,https://canvas.oregonstate.edu/courses/2053263/modules/items/26885519,https://canvas.oregonstate.edu/courses/2053263/pages/start-here-overview?module_item_id=26885519,Start Here - Overview: SEQUENCES AND SERIES (MTH_253Z_400_U2026),page,start-here-overview,1,yes,,raw_html/00164-mth-253-module-item-start-here-overview-sequences-and-series-mth-253z-400-u2026.html,text/00164-mth-253-module-item-start-here-overview-sequences-and-series-mth-253z-400-u2026.txt,text/00164-mth-253-module-item-start-here-overview-sequences-and-series-mth-253z-400-u2026.fulltext.txt,markdown/00164-mth-253-module-item-start-here-overview-sequences-and-series-mth-253z-400-u2026.md,,metadata/00164-mth-253-module-item-start-here-overview-sequences-and-series-mth-253z-400-u2026.json,7d02494cb443e76624b2adb2220c727b918e60ea8cf4389508613f5e45f93d44,ab2686b95f4654685805015a2d6d997b79888ebd4e239ca0f1015cf4952d38ad,2026-06-26T21:07:47.519Z,1,30,2,0,0,0
00165-mth-253-module-item-start-here-syllabus-sequences-and-series-mth-253z-400-u2026,2053263,MTH-253,module_item,module_item,https://canvas.oregonstate.edu/courses/2053263/modules/items/26885520,https://canvas.oregonstate.edu/courses/2053263/pages/start-here-syllabus?module_item_id=26885520,Start Here - Syllabus: SEQUENCES AND SERIES (MTH_253Z_400_U2026),page,start-here-syllabus,1,yes,,raw_html/00165-mth-253-module-item-start-here-syllabus-sequences-and-series-mth-253z-400-u2026.html,text/00165-mth-253-module-item-start-here-syllabus-sequences-and-series-mth-253z-400-u2026.txt,text/00165-mth-253-module-item-start-here-syllabus-sequences-and-series-mth-253z-400-u2026.fulltext.txt,markdown/00165-mth-253-module-item-start-here-syllabus-sequences-and-series-mth-253z-400-u2026.md,,metadata/00165-mth-253-module-item-start-here-syllabus-sequences-and-series-mth-253z-400-u2026.json,48deaf0dbd061a03325dbcc673121cb2114de4065c34298be5c3129ccc589f23,a8ea58c51f6fb2aaaa26dfcb85670f4cd87a5d1108728f5a4b5c68f509e1d238,2026-06-26T21:07:49.860Z,1,41,2,0,0,0
00166-mth-253-module-item-get-your-mth-253z-course-materials-access-code-ebook-sequences-and-series-mth-253z-400-u2026,2053263,MTH-253,module_item,module_item,https://canvas.oregonstate.edu/courses/2053263/modules/items/26885521,https://canvas.oregonstate.edu/courses/2053263/pages/get-your-mth-253z-course-materials-access-code-+-ebook-2?module_item_id=26885521,Get your MTH 253Z Course Materials! (Access Code + Ebook) : SEQUENCES AND SERIES (MTH_253Z_400_U2026),page,get-your-mth-253z-course-materials-access-code-+-ebook-2,1,yes,,raw_html/00166-mth-253-module-item-get-your-mth-253z-course-materials-access-code-ebook-sequences-and-series-mth-253z-400-u2026.html,text/00166-mth-253-module-item-get-your-mth-253z-course-materials-access-code-ebook-sequences-and-series-mth-253z-400-u2026.txt,text/00166-mth-253-module-item-get-your-mth-253z-course-materials-access-code-ebook-sequences-and-series-mth-253z-400-u2026.fulltext.txt,markdown/00166-mth-253-module-item-get-your-mth-253z-course-materials-access-code-ebook-sequences-and-series-mth-253z-400-u2026.md,,metadata/00166-mth-253-module-item-get-your-mth-253z-course-materials-access-code-ebook-sequences-and-series-mth-253z-400-u2026.json,91f8a7c2b3e2a0459a55348f3adac48c6a2a5f5f05b1cd431aa574525cbb7fdc,b2cc44cc0aafe50118a4538fa20460e80d2602be8a747aacae4174a3d3df3766,2026-06-26T21:07:52.566Z,1,32,2,0,0,0
00167-mth-253-module-item-start-here-instructor-information-communication-policy-sequences-and-series-mth-253z-400-u2026,2053263,MTH-253,module_item,module_item,https://canvas.oregonstate.edu/courses/2053263/modules/items/26885522,https://canvas.oregonstate.edu/courses/2053263/pages/start-here-instructor-information-and-communication-policy?module_item_id=26885522,Start Here - Instructor Information & Communication Policy: SEQUENCES AND SERIES (MTH_253Z_400_U2026),page,start-here-instructor-information-and-communication-policy,1,yes,,raw_html/00167-mth-253-module-item-start-here-instructor-information-communication-policy-sequences-and-series-mth-253z-400-u2026.html,text/00167-mth-253-module-item-start-here-instructor-information-communication-policy-sequences-and-series-mth-253z-400-u2026.txt,text/00167-mth-253-module-item-start-here-instructor-information-communication-policy-sequences-and-series-mth-253z-400-u2026.fulltext.txt,markdown/00167-mth-253-module-item-start-here-instructor-information-communication-policy-sequences-and-series-mth-253z-400-u2026.md,,metadata/00167-mth-253-module-item-start-here-instructor-information-communication-policy-sequences-and-series-mth-253z-400-u2026.json,b02a5c819576e0f08dc6db7010e72be1d4d6ff0a1399a57dc7cfcab1e563ff28,e3f9487bcb038480cb7c16269d66ad993ae1c3aa5bf87d7119523de5ef8011ce,2026-06-26T21:07:55.065Z,3,34,2,0,0,0
00168-mth-253-module-item-start-here-on-the-use-of-ai-and-academic-honesty-sequences-and-series-mth-253z-400-u2026,2053263,MTH-253,module_item,module_item,https://canvas.oregonstate.edu/courses/2053263/modules/items/26977675,https://canvas.oregonstate.edu/courses/2053263/pages/start-here-on-the-use-of-ai-and-academic-honesty?module_item_id=26977675,Start Here: On the use of AI and academic honesty: SEQUENCES AND SERIES (MTH_253Z_400_U2026),page,start-here-on-the-use-of-ai-and-academic-honesty,1,yes,,raw_html/00168-mth-253-module-item-start-here-on-the-use-of-ai-and-academic-honesty-sequences-and-series-mth-253z-400-u2026.html,text/00168-mth-253-module-item-start-here-on-the-use-of-ai-and-academic-honesty-sequences-and-series-mth-253z-400-u2026.txt,text/00168-mth-253-module-item-start-here-on-the-use-of-ai-and-academic-honesty-sequences-and-series-mth-253z-400-u2026.fulltext.txt,markdown/00168-mth-253-module-item-start-here-on-the-use-of-ai-and-academic-honesty-sequences-and-series-mth-253z-400-u2026.md,,metadata/00168-mth-253-module-item-start-here-on-the-use-of-ai-and-academic-honesty-sequences-and-series-mth-253z-400-u2026.json,20db08433242a9388df5fbeb83fe8a606dfe699cc33a47a40b5b42fbfd865bb7,67cfb3837252bd8daae70c90a596dcb8837a4db47376bd62bcf97d097c1eb7bc,2026-06-26T21:07:57.562Z,7,33,2,0,0,0
00169-mth-253-module-item-start-here-where-to-go-for-help-sequences-and-series-mth-253z-400-u2026,2053263,MTH-253,module_item,module_item,https://canvas.oregonstate.edu/courses/2053263/modules/items/26885523,https://canvas.oregonstate.edu/courses/2053263/pages/start-here-where-to-go-for-help?module_item_id=26885523,Start Here - Where to go for help?: SEQUENCES AND SERIES (MTH_253Z_400_U2026),page,start-here-where-to-go-for-help,1,yes,,raw_html/00169-mth-253-module-item-start-here-where-to-go-for-help-sequences-and-series-mth-253z-400-u2026.html,text/00169-mth-253-module-item-start-here-where-to-go-for-help-sequences-and-series-mth-253z-400-u2026.txt,text/00169-mth-253-module-item-start-here-where-to-go-for-help-sequences-and-series-mth-253z-400-u2026.fulltext.txt,markdown/00169-mth-253-module-item-start-here-where-to-go-for-help-sequences-and-series-mth-253z-400-u2026.md,,metadata/00169-mth-253-module-item-start-here-where-to-go-for-help-sequences-and-series-mth-253z-400-u2026.json,eea5ab3e2ec7fe3c8898d16f739badabc4d23c816ce2ba821eacb8d9455263ce,6c97050affd8c9a9f7eef3e107e9e94042cbf8211913f52130dcffc41af83ed0,2026-06-26T21:07:59.866Z,2,33,2,0,0,0
00170-mth-253-module-item-topic-general-q-a-discussion,2053263,MTH-253,module_item,module_item,https://canvas.oregonstate.edu/courses/2053263/modules/items/26885524,https://canvas.oregonstate.edu/courses/2053263/discussion_topics/11558499?module_item_id=26885524,Topic: General Q&A Discussion,discussion,11558499,1,yes,,raw_html/00170-mth-253-module-item-topic-general-q-a-discussion.html,text/00170-mth-253-module-item-topic-general-q-a-discussion.txt,text/00170-mth-253-module-item-topic-general-q-a-discussion.fulltext.txt,markdown/00170-mth-253-module-item-topic-general-q-a-discussion.md,,metadata/00170-mth-253-module-item-topic-general-q-a-discussion.json,981ef1e8f6a39a17e61254277974f7f84fbed89dbe04be223987ba045dd4f4de,147f8c30eb379c5e57d04ea888548376126ee8f193318350a7f516041f129747,2026-06-26T21:08:02.612Z,1,32,2,0,0,0
00171-mth-253-module-item-start-here-accessibility-statements-privacy-policies-sequences-and-series-mth-253z-400-u2026,2053263,MTH-253,module_item,module_item,https://canvas.oregonstate.edu/courses/2053263/modules/items/26885525,https://canvas.oregonstate.edu/courses/2053263/pages/start-here-accessibility-statements-and-privacy-policies?module_item_id=26885525,Start Here - Accessibility Statements & Privacy Policies: SEQUENCES AND SERIES (MTH_253Z_400_U2026),page,start-here-accessibility-statements-and-privacy-policies,1,yes,,raw_html/00171-mth-253-module-item-start-here-accessibility-statements-privacy-policies-sequences-and-series-mth-253z-400-u2026.html,text/00171-mth-253-module-item-start-here-accessibility-statements-privacy-policies-sequences-and-series-mth-253z-400-u2026.txt,text/00171-mth-253-module-item-start-here-accessibility-statements-privacy-policies-sequences-and-series-mth-253z-400-u2026.fulltext.txt,markdown/00171-mth-253-module-item-start-here-accessibility-statements-privacy-policies-sequences-and-series-mth-253z-400-u2026.md,,metadata/00171-mth-253-module-item-start-here-accessibility-statements-privacy-policies-sequences-and-series-mth-253z-400-u2026.json,bfadc5b3fd5534a4eae76b31435c83631a3601153fa4d2b2c9fd69066bd1f863,aa84cf9b69cb06f2663476125771229e8b9f8ec4aafa22fc01fd4cb9df9ba881,2026-06-26T21:08:05.174Z,3,34,2,0,0,0
00172-mth-253-module-item-start-here-sources-cited-sequences-and-series-mth-253z-400-u2026,2053263,MTH-253,module_item,module_item,https://canvas.oregonstate.edu/courses/2053263/modules/items/26885526,https://canvas.oregonstate.edu/courses/2053263/pages/start-here-sources-cited?module_item_id=26885526,Start Here - Sources Cited: SEQUENCES AND SERIES (MTH_253Z_400_U2026),page,start-here-sources-cited,1,yes,,raw_html/00172-mth-253-module-item-start-here-sources-cited-sequences-and-series-mth-253z-400-u2026.html,text/00172-mth-253-module-item-start-here-sources-cited-sequences-and-series-mth-253z-400-u2026.txt,text/00172-mth-253-module-item-start-here-sources-cited-sequences-and-series-mth-253z-400-u2026.fulltext.txt,markdown/00172-mth-253-module-item-start-here-sources-cited-sequences-and-series-mth-253z-400-u2026.md,,metadata/00172-mth-253-module-item-start-here-sources-cited-sequences-and-series-mth-253z-400-u2026.json,f760dd13286c2d4fca533989124ffde2748e1d5b3a8425e22cab78d8a8c14293,2ba77737cd35a0bef6bd94297de6650a935c804f27b7593f812681d5b4326893,2026-06-26T21:08:07.609Z,2,31,2,0,0,0
00173-mth-253-module-item-practice-quiz-take-it-before-attempting-quiz-1-sequences-and-series-mth-253z-400-u2026,2053263,MTH-253,module_item,module_item,https://canvas.oregonstate.edu/courses/2053263/modules/items/26982050,https://canvas.oregonstate.edu/courses/2053263/quizzes/3166971?module_item_id=26982050,Practice Quiz (take it before attempting Quiz 1!): SEQUENCES AND SERIES (MTH_253Z_400_U2026),quiz,3166971,1,yes,,raw_html/00173-mth-253-module-item-practice-quiz-take-it-before-attempting-quiz-1-sequences-and-series-mth-253z-400-u2026.html,text/00173-mth-253-module-item-practice-quiz-take-it-before-attempting-quiz-1-sequences-and-series-mth-253z-400-u2026.txt,text/00173-mth-253-module-item-practice-quiz-take-it-before-attempting-quiz-1-sequences-and-series-mth-253z-400-u2026.fulltext.txt,markdown/00173-mth-253-module-item-practice-quiz-take-it-before-attempting-quiz-1-sequences-and-series-mth-253z-400-u2026.md,,metadata/00173-mth-253-module-item-practice-quiz-take-it-before-attempting-quiz-1-sequences-and-series-mth-253z-400-u2026.json,d1ef244ed864aafb0913dd7750e9cc229e116b7363aabd9419dc21f60817ff2f,dfe58516c01fecb40292fcbfc83ad5cfb5e29dbb151c0a645b164baa26e3abc3,2026-06-26T21:08:10.112Z,5,33,2,0,0,0
00174-mth-253-module-item-start-here-conclusion-sequences-and-series-mth-253z-400-u2026,2053263,MTH-253,module_item,module_item,https://canvas.oregonstate.edu/courses/2053263/modules/items/26885527,https://canvas.oregonstate.edu/courses/2053263/pages/start-here-conclusion?module_item_id=26885527,Start Here - Conclusion: SEQUENCES AND SERIES (MTH_253Z_400_U2026),page,start-here-conclusion,1,yes,,raw_html/00174-mth-253-module-item-start-here-conclusion-sequences-and-series-mth-253z-400-u2026.html,text/00174-mth-253-module-item-start-here-conclusion-sequences-and-series-mth-253z-400-u2026.txt,text/00174-mth-253-module-item-start-here-conclusion-sequences-and-series-mth-253z-400-u2026.fulltext.txt,markdown/00174-mth-253-module-item-start-here-conclusion-sequences-and-series-mth-253z-400-u2026.md,,metadata/00174-mth-253-module-item-start-here-conclusion-sequences-and-series-mth-253z-400-u2026.json,9481ae680d7609e23b11d2d6f7a617c7dc1300dc992e6f28ff742f63545a7722,1f0c64b35d324441d200a14ec7f6314d75683ee9caad853066527ab9e9de85c4,2026-06-26T21:08:12.552Z,1,33,2,0,0,0
00175-mth-253-module-item-unit-1-overview-sequences-and-series-mth-253z-400-u2026,2053263,MTH-253,module_item,module_item,https://canvas.oregonstate.edu/courses/2053263/modules/items/26885529,https://canvas.oregonstate.edu/courses/2053263/pages/unit-1-overview?module_item_id=26885529,Unit 1 - Overview: SEQUENCES AND SERIES (MTH_253Z_400_U2026),page,unit-1-overview,1,yes,,raw_html/00175-mth-253-module-item-unit-1-overview-sequences-and-series-mth-253z-400-u2026.html,text/00175-mth-253-module-item-unit-1-overview-sequences-and-series-mth-253z-400-u2026.txt,text/00175-mth-253-module-item-unit-1-overview-sequences-and-series-mth-253z-400-u2026.fulltext.txt,markdown/00175-mth-253-module-item-unit-1-overview-sequences-and-series-mth-253z-400-u2026.md,,metadata/00175-mth-253-module-item-unit-1-overview-sequences-and-series-mth-253z-400-u2026.json,1ac02eb88ba60a45966471469873f8041dc95bb4abff96644291ba3d9314d056,adaf906ddb8020edb88ef861d894b13137e479ae60311f6d64da8ee6aab6e062,2026-06-26T21:08:15.111Z,4,43,2,0,0,0
00176-mth-253-module-item-unit-1-learning-materials-sequences-and-series-mth-253z-400-u2026,2053263,MTH-253,module_item,module_item,https://canvas.oregonstate.edu/courses/2053263/modules/items/26885530,https://canvas.oregonstate.edu/courses/2053263/pages/unit-1-learning-materials?module_item_id=26885530,Unit 1 - Learning Materials: SEQUENCES AND SERIES (MTH_253Z_400_U2026),page,unit-1-learning-materials,1,yes,yes,raw_html/00176-mth-253-module-item-unit-1-learning-materials-sequences-and-series-mth-253z-400-u2026.html,text/00176-mth-253-module-item-unit-1-learning-materials-sequences-and-series-mth-253z-400-u2026.txt,text/00176-mth-253-module-item-unit-1-learning-materials-sequences-and-series-mth-253z-400-u2026.fulltext.txt,markdown/00176-mth-253-module-item-unit-1-learning-materials-sequences-and-series-mth-253z-400-u2026.md,,metadata/00176-mth-253-module-item-unit-1-learning-materials-sequences-and-series-mth-253z-400-u2026.json,a4807113e60e9d52bb3c5dffd997afb4027c3e6551888f7792669d23a992226b,97b93d07b43614366a464b7f39f40f47a1b33f5e9810e83061f721f905e35be3,2026-06-26T21:08:17.510Z,4,58,9,0,0,0
00177-mth-253-module-item-topic-unit-1-q-a-discussion-board-optional,2053263,MTH-253,module_item,module_item,https://canvas.oregonstate.edu/courses/2053263/modules/items/26885531,https://canvas.oregonstate.edu/courses/2053263/discussion_topics/11558490?module_item_id=26885531,Topic: Unit 1 - Q&A Discussion Board (Optional),discussion,11558490,1,yes,,raw_html/00177-mth-253-module-item-topic-unit-1-q-a-discussion-board-optional.html,text/00177-mth-253-module-item-topic-unit-1-q-a-discussion-board-optional.txt,text/00177-mth-253-module-item-topic-unit-1-q-a-discussion-board-optional.fulltext.txt,markdown/00177-mth-253-module-item-topic-unit-1-q-a-discussion-board-optional.md,,metadata/00177-mth-253-module-item-topic-unit-1-q-a-discussion-board-optional.json,bc33a5a43ae7fdd8b9dd1a535ad09d72a6ab6e3c5bb1ac1f82f69b746d1d6a57,e3b0c44298fc1c149afbf4c8996fb92427ae41e4649b934ca495991b7852b855,2026-06-26T21:08:20.216Z,0,30,2,0,0,0
00178-mth-253-module-item-topic-unit-1-discussion-board-submitted-in-week-1-required,2053263,MTH-253,module_item,module_item,https://canvas.oregonstate.edu/courses/2053263/modules/items/26885532,https://canvas.oregonstate.edu/courses/2053263/discussion_topics/11558498?module_item_id=26885532,Topic: Unit 1 Discussion Board - Submitted in Week 1 (Required),discussion,11558498,1,yes,,raw_html/00178-mth-253-module-item-topic-unit-1-discussion-board-submitted-in-week-1-required.html,text/00178-mth-253-module-item-topic-unit-1-discussion-board-submitted-in-week-1-required.txt,text/00178-mth-253-module-item-topic-unit-1-discussion-board-submitted-in-week-1-required.fulltext.txt,markdown/00178-mth-253-module-item-topic-unit-1-discussion-board-submitted-in-week-1-required.md,,metadata/00178-mth-253-module-item-topic-unit-1-discussion-board-submitted-in-week-1-required.json,2a07d82f0bcad10be2c446e947b5f1a6731e01efb8400ad1031127a64a942bbd,0226639ff72d78f73f430b5d4cba48ea5ab3b9cfc9d4af7c065a9b483e39e5d8,2026-06-26T21:08:24.059Z,0,32,2,0,0,0
00179-mth-253-module-item-unit-1-written-homework-assignment,2053263,MTH-253,module_item,module_item,https://canvas.oregonstate.edu/courses/2053263/modules/items/26885537,https://canvas.oregonstate.edu/courses/2053263/assignments/10553179?module_item_id=26885537,Unit 1 - Written Homework Assignment,assignment,10553179,1,yes,yes,raw_html/00179-mth-253-module-item-unit-1-written-homework-assignment.html,text/00179-mth-253-module-item-unit-1-written-homework-assignment.txt,text/00179-mth-253-module-item-unit-1-written-homework-assignment.fulltext.txt,markdown/00179-mth-253-module-item-unit-1-written-homework-assignment.md,,metadata/00179-mth-253-module-item-unit-1-written-homework-assignment.json,28bfeab822968c303395cab0ecebb1e4d4b11fdbd325af88dea107dc987b9e0a,619fc0cd48cdb714cf432b8c3cc84ed3c7ae25395ebad77b47557344a8ebf545,2026-06-26T21:08:28.012Z,6,62,2,0,0,0
00180-mth-253-module-item-week-1-web-homework-infinity-and-limits-indeterminates-improper-integrals,2053263,MTH-253,module_item,module_item,https://canvas.oregonstate.edu/courses/2053263/modules/items/26977416,https://canvas.oregonstate.edu/courses/2053263/assignments/10584258?module_item_id=26977416,"Week 1 Web Homework: Infinity and Limits, Indeterminates, Improper Integrals",assignment,10584258,1,yes,yes,raw_html/00180-mth-253-module-item-week-1-web-homework-infinity-and-limits-indeterminates-improper-integrals.html,text/00180-mth-253-module-item-week-1-web-homework-infinity-and-limits-indeterminates-improper-integrals.txt,text/00180-mth-253-module-item-week-1-web-homework-infinity-and-limits-indeterminates-improper-integrals.fulltext.txt,markdown/00180-mth-253-module-item-week-1-web-homework-infinity-and-limits-indeterminates-improper-integrals.md,,metadata/00180-mth-253-module-item-week-1-web-homework-infinity-and-limits-indeterminates-improper-integrals.json,bd365f0d87ed497d1c37fc53e9ab45bf049379e969e90f390698b0e942a5c685,a9435a3ea2c42e0db1a12341df96b0876a55a7362cf375472b9b950452df7b08,2026-06-26T21:08:30.860Z,2,57,2,0,0,0
00181-mth-253-module-item-unit-1-quiz-sequences-and-series-mth-253z-400-u2026,2053263,MTH-253,module_item,module_item,https://canvas.oregonstate.edu/courses/2053263/modules/items/26885539,https://canvas.oregonstate.edu/courses/2053263/quizzes/3159593?module_item_id=26885539,Unit 1 Quiz: SEQUENCES AND SERIES (MTH_253Z_400_U2026),quiz,3159593,1,yes,,raw_html/00181-mth-253-module-item-unit-1-quiz-sequences-and-series-mth-253z-400-u2026.html,text/00181-mth-253-module-item-unit-1-quiz-sequences-and-series-mth-253z-400-u2026.txt,text/00181-mth-253-module-item-unit-1-quiz-sequences-and-series-mth-253z-400-u2026.fulltext.txt,markdown/00181-mth-253-module-item-unit-1-quiz-sequences-and-series-mth-253z-400-u2026.md,,metadata/00181-mth-253-module-item-unit-1-quiz-sequences-and-series-mth-253z-400-u2026.json,39155dbc5ec19d39515d9b48b4206cfb0de642a9eb980bc9941ee23083ceb530,f8dd4b53f445a5314e8a1f8b9bdfbfaa96cb0df40e6e77df1d5b0cc86ee3418f,2026-06-26T21:08:33.359Z,1,32,2,0,0,0
00182-mth-253-module-item-unit-2-overview-sequences-and-series-mth-253z-400-u2026,2053263,MTH-253,module_item,module_item,https://canvas.oregonstate.edu/courses/2053263/modules/items/26885542,https://canvas.oregonstate.edu/courses/2053263/pages/unit-2-overview?module_item_id=26885542,Unit 2 - Overview: SEQUENCES AND SERIES (MTH_253Z_400_U2026),page,unit-2-overview,1,yes,,raw_html/00182-mth-253-module-item-unit-2-overview-sequences-and-series-mth-253z-400-u2026.html,text/00182-mth-253-module-item-unit-2-overview-sequences-and-series-mth-253z-400-u2026.txt,text/00182-mth-253-module-item-unit-2-overview-sequences-and-series-mth-253z-400-u2026.fulltext.txt,markdown/00182-mth-253-module-item-unit-2-overview-sequences-and-series-mth-253z-400-u2026.md,,metadata/00182-mth-253-module-item-unit-2-overview-sequences-and-series-mth-253z-400-u2026.json,9541ad5e8bb93655d4e910981f52da84413c02d487cbd8d99548a96926926bc4,78a9f79754de00004a848d6c907b18cb41afe6c98e3a27ecb0239070a8ad37e5,2026-06-26T21:08:35.776Z,4,39,2,0,0,0
00183-mth-253-module-item-topic-unit-2-q-a-discussion-board-optional,2053263,MTH-253,module_item,module_item,https://canvas.oregonstate.edu/courses/2053263/modules/items/26885544,https://canvas.oregonstate.edu/courses/2053263/discussion_topics/11558491?module_item_id=26885544,Topic: Unit 2 - Q&A Discussion Board (Optional),discussion,11558491,1,yes,,raw_html/00183-mth-253-module-item-topic-unit-2-q-a-discussion-board-optional.html,text/00183-mth-253-module-item-topic-unit-2-q-a-discussion-board-optional.txt,text/00183-mth-253-module-item-topic-unit-2-q-a-discussion-board-optional.fulltext.txt,markdown/00183-mth-253-module-item-topic-unit-2-q-a-discussion-board-optional.md,,metadata/00183-mth-253-module-item-topic-unit-2-q-a-discussion-board-optional.json,cb109e313b5b3b63d5cef197248ef1205e177fea7335b34708dc5320cf1b40d1,6c230893a7d591f9a5821cc6912e4c0ff10a2150ae4e0d1039f6351d62fb7760,2026-06-26T21:08:38.518Z,1,30,2,0,0,0
00184-mth-253-module-item-week-2-web-homework-sequences,2053263,MTH-253,module_item,module_item,https://canvas.oregonstate.edu/courses/2053263/modules/items/26977767,https://canvas.oregonstate.edu/courses/2053263/assignments/10584372?module_item_id=26977767,Week 2 Web Homework: Sequences,assignment,10584372,1,yes,yes,raw_html/00184-mth-253-module-item-week-2-web-homework-sequences.html,text/00184-mth-253-module-item-week-2-web-homework-sequences.txt,text/00184-mth-253-module-item-week-2-web-homework-sequences.fulltext.txt,markdown/00184-mth-253-module-item-week-2-web-homework-sequences.md,,metadata/00184-mth-253-module-item-week-2-web-homework-sequences.json,f966210555555957497ad7c227ca2533cf687fd036c639bdcfcf878e519450bb,0930eb885b475c95a79e6d0144bbccbcc777eb332697731ebef165315b334c21,2026-06-26T21:08:42.362Z,2,55,2,0,0,0
00185-mth-253-module-item-unit-2-written-homework-assignment,2053263,MTH-253,module_item,module_item,https://canvas.oregonstate.edu/courses/2053263/modules/items/26885550,https://canvas.oregonstate.edu/courses/2053263/assignments/10553180?module_item_id=26885550,Unit 2 - Written Homework Assignment,assignment,10553180,1,yes,,raw_html/00185-mth-253-module-item-unit-2-written-homework-assignment.html,text/00185-mth-253-module-item-unit-2-written-homework-assignment.txt,text/00185-mth-253-module-item-unit-2-written-homework-assignment.fulltext.txt,markdown/00185-mth-253-module-item-unit-2-written-homework-assignment.md,,metadata/00185-mth-253-module-item-unit-2-written-homework-assignment.json,3eeec6d09e6b9850e700b9415c04cf8030aee15881bd0b9fba7fd681a614d8ae,7890cb13d8adf28014398a039bbc1ec8e08e77d85d3f36f096a2e58e17e0244c,2026-06-26T21:08:44.897Z,2,57,2,0,0,0
00186-mth-253-module-item-week-3-web-homework-introduction-to-series,2053263,MTH-253,module_item,module_item,https://canvas.oregonstate.edu/courses/2053263/modules/items/26977769,https://canvas.oregonstate.edu/courses/2053263/assignments/10584373?module_item_id=26977769,Week 3 Web Homework: Introduction to Series,assignment,10584373,1,yes,yes,raw_html/00186-mth-253-module-item-week-3-web-homework-introduction-to-series.html,text/00186-mth-253-module-item-week-3-web-homework-introduction-to-series.txt,text/00186-mth-253-module-item-week-3-web-homework-introduction-to-series.fulltext.txt,markdown/00186-mth-253-module-item-week-3-web-homework-introduction-to-series.md,,metadata/00186-mth-253-module-item-week-3-web-homework-introduction-to-series.json,dfd826b1b9f1eb4988db2d81235270b67523915a9deb2d581ee7cd5eee27fb1c,c162c47243b983a3e6a4b64ab63c758d1088841ecb5ce5c6412cd09972de4a66,2026-06-26T21:08:47.324Z,2,57,2,0,0,0
00187-mth-253-module-item-unit-2-quiz-sequences-and-series-mth-253z-400-u2026,2053263,MTH-253,module_item,module_item,https://canvas.oregonstate.edu/courses/2053263/modules/items/26885552,https://canvas.oregonstate.edu/courses/2053263/quizzes/3159592?module_item_id=26885552,Unit 2 Quiz: SEQUENCES AND SERIES (MTH_253Z_400_U2026),quiz,3159592,1,yes,,raw_html/00187-mth-253-module-item-unit-2-quiz-sequences-and-series-mth-253z-400-u2026.html,text/00187-mth-253-module-item-unit-2-quiz-sequences-and-series-mth-253z-400-u2026.txt,text/00187-mth-253-module-item-unit-2-quiz-sequences-and-series-mth-253z-400-u2026.fulltext.txt,markdown/00187-mth-253-module-item-unit-2-quiz-sequences-and-series-mth-253z-400-u2026.md,,metadata/00187-mth-253-module-item-unit-2-quiz-sequences-and-series-mth-253z-400-u2026.json,d77fc4b9c9ebb3f3fffdea5ff42d2ab2d049b526af12abaaa9308172bc93148e,85f3f54d759d56e5b50760024ef069197d5505344a6e26b55a5b66ba75f2e4d9,2026-06-26T21:08:49.718Z,1,32,2,0,0,0
00188-mth-253-module-item-unit-3-overview-sequences-and-series-mth-253z-400-u2026,2053263,MTH-253,module_item,module_item,https://canvas.oregonstate.edu/courses/2053263/modules/items/26885555,https://canvas.oregonstate.edu/courses/2053263/pages/unit-3-overview?module_item_id=26885555,Unit 3 - Overview: SEQUENCES AND SERIES (MTH_253Z_400_U2026),page,unit-3-overview,1,yes,,raw_html/00188-mth-253-module-item-unit-3-overview-sequences-and-series-mth-253z-400-u2026.html,text/00188-mth-253-module-item-unit-3-overview-sequences-and-series-mth-253z-400-u2026.txt,text/00188-mth-253-module-item-unit-3-overview-sequences-and-series-mth-253z-400-u2026.fulltext.txt,markdown/00188-mth-253-module-item-unit-3-overview-sequences-and-series-mth-253z-400-u2026.md,,metadata/00188-mth-253-module-item-unit-3-overview-sequences-and-series-mth-253z-400-u2026.json,e539c4aa86e36aa5c1084b3befe1a39b34223ab2b6ff17348351c8cb52e9f905,7658f051d28c66d588f030332be5b77f7ae98a83691f1e1979a211100b231557,2026-06-26T21:08:54.006Z,4,43,2,0,0,0
00189-mth-253-module-item-topic-unit-3-q-a-discussion-board-optional,2053263,MTH-253,module_item,module_item,https://canvas.oregonstate.edu/courses/2053263/modules/items/26885557,https://canvas.oregonstate.edu/courses/2053263/discussion_topics/11558492?module_item_id=26885557,Topic: Unit 3 - Q&A Discussion Board (Optional),discussion,11558492,1,yes,,raw_html/00189-mth-253-module-item-topic-unit-3-q-a-discussion-board-optional.html,text/00189-mth-253-module-item-topic-unit-3-q-a-discussion-board-optional.txt,text/00189-mth-253-module-item-topic-unit-3-q-a-discussion-board-optional.fulltext.txt,markdown/00189-mth-253-module-item-topic-unit-3-q-a-discussion-board-optional.md,,metadata/00189-mth-253-module-item-topic-unit-3-q-a-discussion-board-optional.json,6cc7ca18a301709624ce6807ee24c0d3db61464dca351c8969ce10897080a184,4991fbd66ca05685f46f717c56e97f6a3087016cebf9061baf095f4ba27761f7,2026-06-26T21:08:56.604Z,1,32,2,0,0,0
00190-mth-253-module-item-week-4-web-homework-the-divergence-and-integral-tests,2053263,MTH-253,module_item,module_item,https://canvas.oregonstate.edu/courses/2053263/modules/items/26977967,https://canvas.oregonstate.edu/courses/2053263/assignments/10584431?module_item_id=26977967,Week 4 Web Homework: The Divergence and Integral Tests,assignment,10584431,1,yes,yes,raw_html/00190-mth-253-module-item-week-4-web-homework-the-divergence-and-integral-tests.html,text/00190-mth-253-module-item-week-4-web-homework-the-divergence-and-integral-tests.txt,text/00190-mth-253-module-item-week-4-web-homework-the-divergence-and-integral-tests.fulltext.txt,markdown/00190-mth-253-module-item-week-4-web-homework-the-divergence-and-integral-tests.md,,metadata/00190-mth-253-module-item-week-4-web-homework-the-divergence-and-integral-tests.json,e69cff07b5fae1cd3dd5ae918e53ddf9f40f17468b4aea94132c2129a38a5078,cd218ba9984b3e444eb9fc613c026a108f6ba4880fce67699c6c4c2a1b04dc5c,2026-06-26T21:08:59.220Z,2,57,2,0,0,0
00191-mth-253-module-item-week-5-web-homework-comparison-and-alternate-series-tests,2053263,MTH-253,module_item,module_item,https://canvas.oregonstate.edu/courses/2053263/modules/items/26977977,https://canvas.oregonstate.edu/courses/2053263/assignments/10584434?module_item_id=26977977,Week 5 Web Homework: Comparison and Alternate Series Tests,assignment,10584434,1,yes,yes,raw_html/00191-mth-253-module-item-week-5-web-homework-comparison-and-alternate-series-tests.html,text/00191-mth-253-module-item-week-5-web-homework-comparison-and-alternate-series-tests.txt,text/00191-mth-253-module-item-week-5-web-homework-comparison-and-alternate-series-tests.fulltext.txt,markdown/00191-mth-253-module-item-week-5-web-homework-comparison-and-alternate-series-tests.md,,metadata/00191-mth-253-module-item-week-5-web-homework-comparison-and-alternate-series-tests.json,6d53fb4ea9f673038d0ad47a1e7e6cb594dfa03ec55a05f923b8ea3b12feeacc,e3460f4d66df6e715819f8153cce54b7b5a260ff15b14f78e3398e583db8e237,2026-06-26T21:09:01.906Z,2,57,2,0,0,0
00192-mth-253-module-item-topic-unit-3-discussion-board-submitted-in-week-6-required,2053263,MTH-253,module_item,module_item,https://canvas.oregonstate.edu/courses/2053263/modules/items/26885558,https://canvas.oregonstate.edu/courses/2053263/discussion_topics/11558497?module_item_id=26885558,Topic: Unit 3 Discussion Board - Submitted in Week 6 (Required),discussion,11558497,1,yes,,raw_html/00192-mth-253-module-item-topic-unit-3-discussion-board-submitted-in-week-6-required.html,text/00192-mth-253-module-item-topic-unit-3-discussion-board-submitted-in-week-6-required.txt,text/00192-mth-253-module-item-topic-unit-3-discussion-board-submitted-in-week-6-required.fulltext.txt,markdown/00192-mth-253-module-item-topic-unit-3-discussion-board-submitted-in-week-6-required.md,,metadata/00192-mth-253-module-item-topic-unit-3-discussion-board-submitted-in-week-6-required.json,65a70f4f4da217c2aa5c99d19f6d8f596101ae0aecc34a04602f354154e77f7a,33d5e683ab265820a2a5352b103d6816af4e38bbfecb36c725611107942b8ba1,2026-06-26T21:09:04.565Z,1,32,2,0,0,0
00193-mth-253-module-item-unit-3-written-homework-assignment,2053263,MTH-253,module_item,module_item,https://canvas.oregonstate.edu/courses/2053263/modules/items/26885565,https://canvas.oregonstate.edu/courses/2053263/assignments/10553181?module_item_id=26885565,Unit 3 - Written Homework Assignment,assignment,10553181,1,yes,,raw_html/00193-mth-253-module-item-unit-3-written-homework-assignment.html,text/00193-mth-253-module-item-unit-3-written-homework-assignment.txt,text/00193-mth-253-module-item-unit-3-written-homework-assignment.fulltext.txt,markdown/00193-mth-253-module-item-unit-3-written-homework-assignment.md,,metadata/00193-mth-253-module-item-unit-3-written-homework-assignment.json,fd00005c5709237950deb4a385fe9b51ddc25f8756555971b12d2b3a91064b78,bfa8e75000422addc4fde638eb09bab4ae8bdb5163ecc620638ad37aa9993db9,2026-06-26T21:09:07.109Z,2,57,2,0,0,0
00194-mth-253-module-item-week-6-web-homework-ratio-and-root-tests,2053263,MTH-253,module_item,module_item,https://canvas.oregonstate.edu/courses/2053263/modules/items/26977980,https://canvas.oregonstate.edu/courses/2053263/assignments/10584435?module_item_id=26977980,Week 6 Web Homework: Ratio and Root Tests,assignment,10584435,1,yes,yes,raw_html/00194-mth-253-module-item-week-6-web-homework-ratio-and-root-tests.html,text/00194-mth-253-module-item-week-6-web-homework-ratio-and-root-tests.txt,text/00194-mth-253-module-item-week-6-web-homework-ratio-and-root-tests.fulltext.txt,markdown/00194-mth-253-module-item-week-6-web-homework-ratio-and-root-tests.md,,metadata/00194-mth-253-module-item-week-6-web-homework-ratio-and-root-tests.json,c74e9329f909f5a53ae331b7b85d55efb71a1a374c8defa6bd2207147024789d,f4605376f6c8f953546fab62279d12d40ab5d4fcc76062bfacd82deaa57ce03e,2026-06-26T21:09:09.564Z,2,57,2,0,0,0
00195-mth-253-module-item-unit-3-quiz-sequences-and-series-mth-253z-400-u2026,2053263,MTH-253,module_item,module_item,https://canvas.oregonstate.edu/courses/2053263/modules/items/26885567,https://canvas.oregonstate.edu/courses/2053263/quizzes/3159589?module_item_id=26885567,Unit 3 Quiz: SEQUENCES AND SERIES (MTH_253Z_400_U2026),quiz,3159589,1,yes,,raw_html/00195-mth-253-module-item-unit-3-quiz-sequences-and-series-mth-253z-400-u2026.html,text/00195-mth-253-module-item-unit-3-quiz-sequences-and-series-mth-253z-400-u2026.txt,text/00195-mth-253-module-item-unit-3-quiz-sequences-and-series-mth-253z-400-u2026.fulltext.txt,markdown/00195-mth-253-module-item-unit-3-quiz-sequences-and-series-mth-253z-400-u2026.md,,metadata/00195-mth-253-module-item-unit-3-quiz-sequences-and-series-mth-253z-400-u2026.json,2afb05276994fd905c48792bbcac4e82ac9f89d82aa83be71fe6365e9fb807dc,042eca4d0dec49d461899a7fbdf178ebd725b2929f8b2a0e4a4cd0ef920a7ee0,2026-06-26T21:09:11.910Z,1,32,2,0,0,0
00196-mth-253-module-item-unit-4-overview-sequences-and-series-mth-253z-400-u2026,2053263,MTH-253,module_item,module_item,https://canvas.oregonstate.edu/courses/2053263/modules/items/26885570,https://canvas.oregonstate.edu/courses/2053263/pages/unit-4-overview?module_item_id=26885570,Unit 4 - Overview: SEQUENCES AND SERIES (MTH_253Z_400_U2026),page,unit-4-overview,1,yes,,raw_html/00196-mth-253-module-item-unit-4-overview-sequences-and-series-mth-253z-400-u2026.html,text/00196-mth-253-module-item-unit-4-overview-sequences-and-series-mth-253z-400-u2026.txt,text/00196-mth-253-module-item-unit-4-overview-sequences-and-series-mth-253z-400-u2026.fulltext.txt,markdown/00196-mth-253-module-item-unit-4-overview-sequences-and-series-mth-253z-400-u2026.md,,metadata/00196-mth-253-module-item-unit-4-overview-sequences-and-series-mth-253z-400-u2026.json,21333f46e74c149def244154d3d1fcc0afa057fc111e01e66a9fa589f326c984,eaea4b984f4ed0cd0a64b24eb9be781970119e0bdc270eb66870039030abebe7,2026-06-26T21:09:17.660Z,4,43,2,0,0,0
00197-mth-253-module-item-topic-unit-4-q-a-discussion-board-optional,2053263,MTH-253,module_item,module_item,https://canvas.oregonstate.edu/courses/2053263/modules/items/26885572,https://canvas.oregonstate.edu/courses/2053263/discussion_topics/11558493?module_item_id=26885572,Topic: Unit 4 - Q&A Discussion Board (Optional),discussion,11558493,1,yes,,raw_html/00197-mth-253-module-item-topic-unit-4-q-a-discussion-board-optional.html,text/00197-mth-253-module-item-topic-unit-4-q-a-discussion-board-optional.txt,text/00197-mth-253-module-item-topic-unit-4-q-a-discussion-board-optional.fulltext.txt,markdown/00197-mth-253-module-item-topic-unit-4-q-a-discussion-board-optional.md,,metadata/00197-mth-253-module-item-topic-unit-4-q-a-discussion-board-optional.json,f4fa918fd96f00b90ddba53dd5cafc2d3c0d3c1a43e361d7f88f843014cb8e82,792f4c6b05ffd66c86ca828f18a81cd2f6dd6c1095f7ec8704475cdc14443e07,2026-06-26T21:09:20.061Z,1,32,2,0,0,0
00198-mth-253-module-item-week-7-web-homework-power-series-and-functions,2053263,MTH-253,module_item,module_item,https://canvas.oregonstate.edu/courses/2053263/modules/items/26977982,https://canvas.oregonstate.edu/courses/2053263/assignments/10584436?module_item_id=26977982,Week 7 Web Homework: Power Series and Functions,assignment,10584436,1,yes,yes,raw_html/00198-mth-253-module-item-week-7-web-homework-power-series-and-functions.html,text/00198-mth-253-module-item-week-7-web-homework-power-series-and-functions.txt,text/00198-mth-253-module-item-week-7-web-homework-power-series-and-functions.fulltext.txt,markdown/00198-mth-253-module-item-week-7-web-homework-power-series-and-functions.md,,metadata/00198-mth-253-module-item-week-7-web-homework-power-series-and-functions.json,eb89e5a62cf77fd22cdec387efbba52ca7deb0063a9bc9a28b921268dd5bd2be,a6a59398564b34dbf4b31fda29d796476eb0920fe0fdf751cfe7e537a0db329e,2026-06-26T21:09:22.508Z,2,57,2,0,0,0
00199-mth-253-module-item-week-8-web-homework-taylor-and-maclaurin-series,2053263,MTH-253,module_item,module_item,https://canvas.oregonstate.edu/courses/2053263/modules/items/26977985,https://canvas.oregonstate.edu/courses/2053263/assignments/10584437?module_item_id=26977985,Week 8 Web Homework Taylor and Maclaurin Series,assignment,10584437,1,yes,yes,raw_html/00199-mth-253-module-item-week-8-web-homework-taylor-and-maclaurin-series.html,text/00199-mth-253-module-item-week-8-web-homework-taylor-and-maclaurin-series.txt,text/00199-mth-253-module-item-week-8-web-homework-taylor-and-maclaurin-series.fulltext.txt,markdown/00199-mth-253-module-item-week-8-web-homework-taylor-and-maclaurin-series.md,,metadata/00199-mth-253-module-item-week-8-web-homework-taylor-and-maclaurin-series.json,296c67dc89fd53afa38d6f45c2ed20584c3bed2526ec49e84be1b6b39c4b6a6f,d54696cafdb748e1a899edc2b525e3abb9d6e755760516d51dab687b9084330d,2026-06-26T21:09:25.007Z,2,57,2,0,0,0
00200-mth-253-module-item-topic-unit-4-discussion-board-submitted-in-week-9-required,2053263,MTH-253,module_item,module_item,https://canvas.oregonstate.edu/courses/2053263/modules/items/26885573,https://canvas.oregonstate.edu/courses/2053263/discussion_topics/11558496?module_item_id=26885573,Topic: Unit 4 Discussion Board - Submitted in Week 9 (Required),discussion,11558496,1,yes,,raw_html/00200-mth-253-module-item-topic-unit-4-discussion-board-submitted-in-week-9-required.html,text/00200-mth-253-module-item-topic-unit-4-discussion-board-submitted-in-week-9-required.txt,text/00200-mth-253-module-item-topic-unit-4-discussion-board-submitted-in-week-9-required.fulltext.txt,markdown/00200-mth-253-module-item-topic-unit-4-discussion-board-submitted-in-week-9-required.md,,metadata/00200-mth-253-module-item-topic-unit-4-discussion-board-submitted-in-week-9-required.json,16372741c5cb6930279ecd9bf14fcb10d82a8a370f8203897238bc698cbaeced,da25a94b8192aafaf9a9dc198b67e7d031fab41f196b5b0f99b4794a0f250309,2026-06-26T21:09:27.661Z,1,32,2,0,0,0
00201-mth-253-module-item-unit-4-quiz-sequences-and-series-mth-253z-400-u2026,2053263,MTH-253,module_item,module_item,https://canvas.oregonstate.edu/courses/2053263/modules/items/26885582,https://canvas.oregonstate.edu/courses/2053263/quizzes/3159590?module_item_id=26885582,Unit 4 Quiz: SEQUENCES AND SERIES (MTH_253Z_400_U2026),quiz,3159590,1,yes,,raw_html/00201-mth-253-module-item-unit-4-quiz-sequences-and-series-mth-253z-400-u2026.html,text/00201-mth-253-module-item-unit-4-quiz-sequences-and-series-mth-253z-400-u2026.txt,text/00201-mth-253-module-item-unit-4-quiz-sequences-and-series-mth-253z-400-u2026.fulltext.txt,markdown/00201-mth-253-module-item-unit-4-quiz-sequences-and-series-mth-253z-400-u2026.md,,metadata/00201-mth-253-module-item-unit-4-quiz-sequences-and-series-mth-253z-400-u2026.json,9fd5a634816d36b5817d0db23be5d9ea2297041369db2a5743ae7597a5bda58b,86263bbfa83ed4cd2d58b9badbc14a4b179b6649152943703329e11a67cdfda6,2026-06-26T21:09:30.200Z,1,32,2,0,0,0
00202-mth-253-module-item-unit-4-written-homework-assignment,2053263,MTH-253,module_item,module_item,https://canvas.oregonstate.edu/courses/2053263/modules/items/26885580,https://canvas.oregonstate.edu/courses/2053263/assignments/10553182?module_item_id=26885580,Unit 4 - Written Homework Assignment,assignment,10553182,1,yes,,raw_html/00202-mth-253-module-item-unit-4-written-homework-assignment.html,text/00202-mth-253-module-item-unit-4-written-homework-assignment.txt,text/00202-mth-253-module-item-unit-4-written-homework-assignment.fulltext.txt,markdown/00202-mth-253-module-item-unit-4-written-homework-assignment.md,,metadata/00202-mth-253-module-item-unit-4-written-homework-assignment.json,147e842e55a309768fc2fbdc5d82e8e91b12fb49a540777c6ab79c9e97e12774,6cad000c9a9241281209520da6c270d2a2bc8730b410f9a112f7e29aeec21bf9,2026-06-26T21:09:32.720Z,2,57,2,0,0,0
00203-mth-253-module-item-week-9-web-homework-properties-of-power-series,2053263,MTH-253,module_item,module_item,https://canvas.oregonstate.edu/courses/2053263/modules/items/26977987,https://canvas.oregonstate.edu/courses/2053263/assignments/10584438?module_item_id=26977987,Week 9 Web Homework: Properties of Power Series,assignment,10584438,1,yes,yes,raw_html/00203-mth-253-module-item-week-9-web-homework-properties-of-power-series.html,text/00203-mth-253-module-item-week-9-web-homework-properties-of-power-series.txt,text/00203-mth-253-module-item-week-9-web-homework-properties-of-power-series.fulltext.txt,markdown/00203-mth-253-module-item-week-9-web-homework-properties-of-power-series.md,,metadata/00203-mth-253-module-item-week-9-web-homework-properties-of-power-series.json,58041114f2de998ff07c17e9ea06d1735de419838e7688632c378b611547fa69,848f82b783e1383a690916bde3e78d17719b42d815e4e6ba1bb9af3e78b6bcfe,2026-06-26T21:09:35.367Z,2,57,2,0,0,0
00204-mth-253-module-item-unit-5-overview-sequences-and-series-mth-253z-400-u2026,2053263,MTH-253,module_item,module_item,https://canvas.oregonstate.edu/courses/2053263/modules/items/26885585,https://canvas.oregonstate.edu/courses/2053263/pages/unit-5-overview?module_item_id=26885585,Unit 5 - Overview: SEQUENCES AND SERIES (MTH_253Z_400_U2026),page,unit-5-overview,1,yes,,raw_html/00204-mth-253-module-item-unit-5-overview-sequences-and-series-mth-253z-400-u2026.html,text/00204-mth-253-module-item-unit-5-overview-sequences-and-series-mth-253z-400-u2026.txt,text/00204-mth-253-module-item-unit-5-overview-sequences-and-series-mth-253z-400-u2026.fulltext.txt,markdown/00204-mth-253-module-item-unit-5-overview-sequences-and-series-mth-253z-400-u2026.md,,metadata/00204-mth-253-module-item-unit-5-overview-sequences-and-series-mth-253z-400-u2026.json,e2de7625942be832f4df30dc729c03e600edffee9177dfd9c7f7ac69ffa91545,10864f9cfdaf32d130f3a904fc2f06475313c333ddf991c3559e806961901d06,2026-06-26T21:09:38.060Z,4,36,2,0,0,0
00205-mth-253-module-item-topic-unit-5-q-a-discussion-board-optional,2053263,MTH-253,module_item,module_item,https://canvas.oregonstate.edu/courses/2053263/modules/items/26885587,https://canvas.oregonstate.edu/courses/2053263/discussion_topics/11558494?module_item_id=26885587,Topic: Unit 5 - Q&A Discussion Board (Optional),discussion,11558494,1,yes,,raw_html/00205-mth-253-module-item-topic-unit-5-q-a-discussion-board-optional.html,text/00205-mth-253-module-item-topic-unit-5-q-a-discussion-board-optional.txt,text/00205-mth-253-module-item-topic-unit-5-q-a-discussion-board-optional.fulltext.txt,markdown/00205-mth-253-module-item-topic-unit-5-q-a-discussion-board-optional.md,,metadata/00205-mth-253-module-item-topic-unit-5-q-a-discussion-board-optional.json,58e19877c973e6194d9486748323362953ee0e9919dfe84d858867add0a393e2,2e364073dcd8fffec24fd4430409f14c16f496b8705da0a8a8aa6154bb8f9a68,2026-06-26T21:09:40.715Z,1,32,2,0,0,0
00206-mth-253-module-item-unit-5-written-homework-assignment,2053263,MTH-253,module_item,module_item,https://canvas.oregonstate.edu/courses/2053263/modules/items/26885592,https://canvas.oregonstate.edu/courses/2053263/assignments/10553183?module_item_id=26885592,Unit 5 - Written Homework Assignment,assignment,10553183,1,yes,,raw_html/00206-mth-253-module-item-unit-5-written-homework-assignment.html,text/00206-mth-253-module-item-unit-5-written-homework-assignment.txt,text/00206-mth-253-module-item-unit-5-written-homework-assignment.fulltext.txt,markdown/00206-mth-253-module-item-unit-5-written-homework-assignment.md,,metadata/00206-mth-253-module-item-unit-5-written-homework-assignment.json,549127e9f241b96804057b619808070713ea85a6d36bed8a7d9c8fd0eb62c913,3d19adb063a5fc4b90cca5f76b794b48297cf8639592b725283e93afe62cce69,2026-06-26T21:09:43.174Z,2,57,2,0,0,0
00207-mth-253-module-item-week-10-web-homework-working-with-taylor-series,2053263,MTH-253,module_item,module_item,https://canvas.oregonstate.edu/courses/2053263/modules/items/26977989,https://canvas.oregonstate.edu/courses/2053263/assignments/10584439?module_item_id=26977989,Week 10 Web Homework: Working with Taylor Series,assignment,10584439,1,yes,yes,raw_html/00207-mth-253-module-item-week-10-web-homework-working-with-taylor-series.html,text/00207-mth-253-module-item-week-10-web-homework-working-with-taylor-series.txt,text/00207-mth-253-module-item-week-10-web-homework-working-with-taylor-series.fulltext.txt,markdown/00207-mth-253-module-item-week-10-web-homework-working-with-taylor-series.md,,metadata/00207-mth-253-module-item-week-10-web-homework-working-with-taylor-series.json,195e591c8f88c592156e1e0bec1e1df01b67c90c7e4afdd867f728cdf7e1d297,1655e08a13e8866647bfc50632071a7c14d7d3bcdcc4281737ad3132506fff73,2026-06-26T21:09:45.711Z,2,57,2,0,0,0
00208-mth-253-module-item-week-11-overview-sequences-and-series-mth-253z-400-u2026,2053263,MTH-253,module_item,module_item,https://canvas.oregonstate.edu/courses/2053263/modules/items/26885596,https://canvas.oregonstate.edu/courses/2053263/pages/week-11-overview?module_item_id=26885596,Week 11 - Overview: SEQUENCES AND SERIES (MTH_253Z_400_U2026),page,week-11-overview,1,yes,,raw_html/00208-mth-253-module-item-week-11-overview-sequences-and-series-mth-253z-400-u2026.html,text/00208-mth-253-module-item-week-11-overview-sequences-and-series-mth-253z-400-u2026.txt,text/00208-mth-253-module-item-week-11-overview-sequences-and-series-mth-253z-400-u2026.fulltext.txt,markdown/00208-mth-253-module-item-week-11-overview-sequences-and-series-mth-253z-400-u2026.md,,metadata/00208-mth-253-module-item-week-11-overview-sequences-and-series-mth-253z-400-u2026.json,1024a695bd63d57615621c23f47d5787571e4920a0a35b727e32ff4e037548e0,444a7366cde0326ce3743dca8f7f6953cb855b03fb4e2670faeb64517d3572b7,2026-06-26T21:09:48.455Z,3,32,2,0,0,0
00209-mth-253-module-item-topic-preparing-for-your-final-exam-q-a-discussion-board-optional,2053263,MTH-253,module_item,module_item,https://canvas.oregonstate.edu/courses/2053263/modules/items/26885597,https://canvas.oregonstate.edu/courses/2053263/discussion_topics/11558495?module_item_id=26885597,Topic: Preparing for your Final Exam - Q&A Discussion Board (Optional),discussion,11558495,1,yes,,raw_html/00209-mth-253-module-item-topic-preparing-for-your-final-exam-q-a-discussion-board-optional.html,text/00209-mth-253-module-item-topic-preparing-for-your-final-exam-q-a-discussion-board-optional.txt,text/00209-mth-253-module-item-topic-preparing-for-your-final-exam-q-a-discussion-board-optional.fulltext.txt,markdown/00209-mth-253-module-item-topic-preparing-for-your-final-exam-q-a-discussion-board-optional.md,,metadata/00209-mth-253-module-item-topic-preparing-for-your-final-exam-q-a-discussion-board-optional.json,6d8939ae5432b6632b553770e59fcaa67a2c0e685855004b93030d6f32d1b13b,634147de81683375c46d1aa533ff9effde66d0c4f08b719b45f0d2b8a56018e6,2026-06-26T21:09:51.165Z,1,32,2,0,0,0
00210-mth-253-module-item-mth-253-final-exam-practice-problems-pdf-sequences-and-series-mth-253z-400-u2026,2053263,MTH-253,module_item,module_item,https://canvas.oregonstate.edu/courses/2053263/modules/items/26885598,https://canvas.oregonstate.edu/courses/2053263/files/118558956?module_item_id=26885598,MTH 253 - Final Exam Practice Problems.pdf: SEQUENCES AND SERIES (MTH_253Z_400_U2026),file,118558956,1,yes,,raw_html/00210-mth-253-module-item-mth-253-final-exam-practice-problems-pdf-sequences-and-series-mth-253z-400-u2026.html,text/00210-mth-253-module-item-mth-253-final-exam-practice-problems-pdf-sequences-and-series-mth-253z-400-u2026.txt,text/00210-mth-253-module-item-mth-253-final-exam-practice-problems-pdf-sequences-and-series-mth-253z-400-u2026.fulltext.txt,markdown/00210-mth-253-module-item-mth-253-final-exam-practice-problems-pdf-sequences-and-series-mth-253z-400-u2026.md,,metadata/00210-mth-253-module-item-mth-253-final-exam-practice-problems-pdf-sequences-and-series-mth-253z-400-u2026.json,33d3fdf4840507c2d16eeb690a99b7198f82dfc5d9dbbe88f8fee69d9e66c11e,dd42bb24eb04ee4dbfcd4fb6e10a5a3138f1a0c4896a7c591eb9fa1d993cbd52,2026-06-26T21:09:53.651Z,1,34,3,0,0,0
00211-mth-253-module-item-mth-253-final-exam-practice-problems-answers-pdf-sequences-and-series-mth-253z-400-u2026,2053263,MTH-253,module_item,module_item,https://canvas.oregonstate.edu/courses/2053263/modules/items/26885599,https://canvas.oregonstate.edu/courses/2053263/files/118558944?module_item_id=26885599,MTH 253 - Final Exam Practice Problems - Answers.pdf: SEQUENCES AND SERIES (MTH_253Z_400_U2026),file,118558944,1,yes,,raw_html/00211-mth-253-module-item-mth-253-final-exam-practice-problems-answers-pdf-sequences-and-series-mth-253z-400-u2026.html,text/00211-mth-253-module-item-mth-253-final-exam-practice-problems-answers-pdf-sequences-and-series-mth-253z-400-u2026.txt,text/00211-mth-253-module-item-mth-253-final-exam-practice-problems-answers-pdf-sequences-and-series-mth-253z-400-u2026.fulltext.txt,markdown/00211-mth-253-module-item-mth-253-final-exam-practice-problems-answers-pdf-sequences-and-series-mth-253z-400-u2026.md,,metadata/00211-mth-253-module-item-mth-253-final-exam-practice-problems-answers-pdf-sequences-and-series-mth-253z-400-u2026.json,9bc90c32191b46f2563b00b3c6649b82c3cda3d23f7a55508fecc060ecb56884,48e15732821b332299264fc6790a4bc372488060a8e8f41de61266c255e86479,2026-06-26T21:09:55.971Z,1,34,3,0,0,0
00212-mth-253-module-item-final-exam-sequences-and-series-mth-253z-400-u2026,2053263,MTH-253,module_item,module_item,https://canvas.oregonstate.edu/courses/2053263/modules/items/26885601,https://canvas.oregonstate.edu/courses/2053263/quizzes/3159588?module_item_id=26885601,Final Exam: SEQUENCES AND SERIES (MTH_253Z_400_U2026),quiz,3159588,1,yes,,raw_html/00212-mth-253-module-item-final-exam-sequences-and-series-mth-253z-400-u2026.html,text/00212-mth-253-module-item-final-exam-sequences-and-series-mth-253z-400-u2026.txt,text/00212-mth-253-module-item-final-exam-sequences-and-series-mth-253z-400-u2026.fulltext.txt,markdown/00212-mth-253-module-item-final-exam-sequences-and-series-mth-253z-400-u2026.md,,metadata/00212-mth-253-module-item-final-exam-sequences-and-series-mth-253z-400-u2026.json,ddd81ab55514b414cca15d5ac55d8c5d9f1455c93ac4fcaac3978d4a2f0f8827,5a6b8b4f924f58a5cdb54e5890109eb0c65accd6aaac50c2c142714612176343,2026-06-26T21:09:58.612Z,1,31,2,0,0,0
00213-mth-253-linked-detail-topic-unit-1-written-homework-due-tonight-6-26,2053263,MTH-253,linked_detail,linked_detail,https://canvas.oregonstate.edu/courses/2053263/discussion_topics/11558487,https://canvas.oregonstate.edu/courses/2053263/discussion_topics/11558487,"Topic: Unit 1 - Written Homework - Due Tonight, 6/26!",discussion,11558487,1,,,raw_html/00213-mth-253-linked-detail-topic-unit-1-written-homework-due-tonight-6-26.html,text/00213-mth-253-linked-detail-topic-unit-1-written-homework-due-tonight-6-26.txt,text/00213-mth-253-linked-detail-topic-unit-1-written-homework-due-tonight-6-26.fulltext.txt,markdown/00213-mth-253-linked-detail-topic-unit-1-written-homework-due-tonight-6-26.md,,metadata/00213-mth-253-linked-detail-topic-unit-1-written-homework-due-tonight-6-26.json,c6fc388cb7e3d585560d3e6908c637d4b37f28451ee13e1a9146575c33b2713c,e3b0c44298fc1c149afbf4c8996fb92427ae41e4649b934ca495991b7852b855,2026-06-26T21:10:00.869Z,0,30,2,0,0,0
00214-mth-253-linked-detail-topic-welcome-to-week-1,2053263,MTH-253,linked_detail,linked_detail,https://canvas.oregonstate.edu/courses/2053263/discussion_topics/11558488,https://canvas.oregonstate.edu/courses/2053263/discussion_topics/11558488,Topic: Welcome to Week 1!,discussion,11558488,1,,,raw_html/00214-mth-253-linked-detail-topic-welcome-to-week-1.html,text/00214-mth-253-linked-detail-topic-welcome-to-week-1.txt,text/00214-mth-253-linked-detail-topic-welcome-to-week-1.fulltext.txt,markdown/00214-mth-253-linked-detail-topic-welcome-to-week-1.md,,metadata/00214-mth-253-linked-detail-topic-welcome-to-week-1.json,6c9b4b829ba0ff5718fb098806ba050f603877bbc935db18c8a54ae810925f9d,48e89b9a49f707b7b775f8514880389468a5520f4ebfac640bca797d1ae4d224,2026-06-26T21:10:03.660Z,2,39,2,0,0,0
00215-mth-253-linked-detail-topic-welcome-to-the-class,2053263,MTH-253,linked_detail,linked_detail,https://canvas.oregonstate.edu/courses/2053263/discussion_topics/11558489,https://canvas.oregonstate.edu/courses/2053263/discussion_topics/11558489,Topic: Welcome to the class!,discussion,11558489,1,,,raw_html/00215-mth-253-linked-detail-topic-welcome-to-the-class.html,text/00215-mth-253-linked-detail-topic-welcome-to-the-class.txt,text/00215-mth-253-linked-detail-topic-welcome-to-the-class.fulltext.txt,markdown/00215-mth-253-linked-detail-topic-welcome-to-the-class.md,,metadata/00215-mth-253-linked-detail-topic-welcome-to-the-class.json,0e38fc72bd5ad37ef6ea53a36fccb5c553170950e5392e87ea0a6791692476e3,e3b0c44298fc1c149afbf4c8996fb92427ae41e4649b934ca495991b7852b855,2026-06-26T21:10:06.219Z,0,30,2,0,0,0
00216-mth-253-linked-detail-mth-253-course-syllabus-summer-2026-pdf-sequences-and-series-mth-253z-400-u2026,2053263,MTH-253,linked_detail,linked_detail,https://canvas.oregonstate.edu/courses/2053263/files/119228487?wrap=1,https://canvas.oregonstate.edu/courses/2053263/files/119228487?wrap=1,MTH_253_Course_Syllabus_Summer_2026.pdf: SEQUENCES AND SERIES (MTH_253Z_400_U2026),file,119228487,1,,,raw_html/00216-mth-253-linked-detail-mth-253-course-syllabus-summer-2026-pdf-sequences-and-series-mth-253z-400-u2026.html,text/00216-mth-253-linked-detail-mth-253-course-syllabus-summer-2026-pdf-sequences-and-series-mth-253z-400-u2026.txt,text/00216-mth-253-linked-detail-mth-253-course-syllabus-summer-2026-pdf-sequences-and-series-mth-253z-400-u2026.fulltext.txt,markdown/00216-mth-253-linked-detail-mth-253-course-syllabus-summer-2026-pdf-sequences-and-series-mth-253z-400-u2026.md,,metadata/00216-mth-253-linked-detail-mth-253-course-syllabus-summer-2026-pdf-sequences-and-series-mth-253z-400-u2026.json,e85de7422407463b7a30aaf8b5909477a9c59064d19e25dab8c47c4ae960d28e,6c390cf066476314aaa53e50b7be4323344f2301f426c499b5b5e6538df85104,2026-06-26T21:10:08.260Z,1,32,3,0,0,0
00217-mth-253-linked-detail-unit-1-written-homework-assignment,2053263,MTH-253,linked_detail,linked_detail,https://canvas.oregonstate.edu/courses/2053263/assignments/10553179,https://canvas.oregonstate.edu/courses/2053263/assignments/10553179,Unit 1 - Written Homework Assignment,assignment,10553179,1,,yes,raw_html/00217-mth-253-linked-detail-unit-1-written-homework-assignment.html,text/00217-mth-253-linked-detail-unit-1-written-homework-assignment.txt,text/00217-mth-253-linked-detail-unit-1-written-homework-assignment.fulltext.txt,markdown/00217-mth-253-linked-detail-unit-1-written-homework-assignment.md,,metadata/00217-mth-253-linked-detail-unit-1-written-homework-assignment.json,80a2497a013a961d677da3f0a06af25e025e05db4dccbfa3f1b8f72fb6603647,619fc0cd48cdb714cf432b8c3cc84ed3c7ae25395ebad77b47557344a8ebf545,2026-06-26T21:10:11.186Z,6,62,2,0,0,0
00218-mth-253-linked-detail-topic-unit-1-discussion-board-submitted-in-week-1-required,2053263,MTH-253,linked_detail,linked_detail,https://canvas.oregonstate.edu/courses/2053263/assignments/10553178,https://canvas.oregonstate.edu/courses/2053263/discussion_topics/11558498,Topic: Unit 1 Discussion Board - Submitted in Week 1 (Required),discussion,11558498,1,yes,,raw_html/00218-mth-253-linked-detail-topic-unit-1-discussion-board-submitted-in-week-1-required.html,text/00218-mth-253-linked-detail-topic-unit-1-discussion-board-submitted-in-week-1-required.txt,text/00218-mth-253-linked-detail-topic-unit-1-discussion-board-submitted-in-week-1-required.fulltext.txt,markdown/00218-mth-253-linked-detail-topic-unit-1-discussion-board-submitted-in-week-1-required.md,,metadata/00218-mth-253-linked-detail-topic-unit-1-discussion-board-submitted-in-week-1-required.json,b04d18f1fb38f66a62d65a87ed699bf37edf55ddec37362de68bec6dd2fb92d2,0226639ff72d78f73f430b5d4cba48ea5ab3b9cfc9d4af7c065a9b483e39e5d8,2026-06-26T21:10:14.605Z,0,32,2,0,0,0
00219-mth-253-linked-detail-week-1-web-homework-infinity-and-limits-indeterminates-improper-integrals,2053263,MTH-253,linked_detail,linked_detail,https://canvas.oregonstate.edu/courses/2053263/assignments/10584258,https://canvas.oregonstate.edu/courses/2053263/assignments/10584258,"Week 1 Web Homework: Infinity and Limits, Indeterminates, Improper Integrals",assignment,10584258,1,,yes,raw_html/00219-mth-253-linked-detail-week-1-web-homework-infinity-and-limits-indeterminates-improper-integrals.html,text/00219-mth-253-linked-detail-week-1-web-homework-infinity-and-limits-indeterminates-improper-integrals.txt,text/00219-mth-253-linked-detail-week-1-web-homework-infinity-and-limits-indeterminates-improper-integrals.fulltext.txt,markdown/00219-mth-253-linked-detail-week-1-web-homework-infinity-and-limits-indeterminates-improper-integrals.md,,metadata/00219-mth-253-linked-detail-week-1-web-homework-infinity-and-limits-indeterminates-improper-integrals.json,439abad56362bbab37df197da836b6aabfe69257ffa2884276791f54dc7c70e2,a9435a3ea2c42e0db1a12341df96b0876a55a7362cf375472b9b950452df7b08,2026-06-26T21:10:17.573Z,2,57,2,0,0,0
00220-mth-253-linked-detail-unit-1-quiz-sequences-and-series-mth-253z-400-u2026,2053263,MTH-253,linked_detail,linked_detail,https://canvas.oregonstate.edu/courses/2053263/assignments/10553174,https://canvas.oregonstate.edu/courses/2053263/quizzes/3159593,Unit 1 Quiz: SEQUENCES AND SERIES (MTH_253Z_400_U2026),quiz,3159593,1,yes,,raw_html/00220-mth-253-linked-detail-unit-1-quiz-sequences-and-series-mth-253z-400-u2026.html,text/00220-mth-253-linked-detail-unit-1-quiz-sequences-and-series-mth-253z-400-u2026.txt,text/00220-mth-253-linked-detail-unit-1-quiz-sequences-and-series-mth-253z-400-u2026.fulltext.txt,markdown/00220-mth-253-linked-detail-unit-1-quiz-sequences-and-series-mth-253z-400-u2026.md,,metadata/00220-mth-253-linked-detail-unit-1-quiz-sequences-and-series-mth-253z-400-u2026.json,2da3408bb96c024626868d141569167357023e1c8ef7c39ccef0f49e59eaf4e4,f8dd4b53f445a5314e8a1f8b9bdfbfaa96cb0df40e6e77df1d5b0cc86ee3418f,2026-06-26T21:10:20.511Z,1,32,2,0,0,0
00221-mth-253-linked-detail-week-2-web-homework-sequences,2053263,MTH-253,linked_detail,linked_detail,https://canvas.oregonstate.edu/courses/2053263/assignments/10584372,https://canvas.oregonstate.edu/courses/2053263/assignments/10584372,Week 2 Web Homework: Sequences,assignment,10584372,1,,yes,raw_html/00221-mth-253-linked-detail-week-2-web-homework-sequences.html,text/00221-mth-253-linked-detail-week-2-web-homework-sequences.txt,text/00221-mth-253-linked-detail-week-2-web-homework-sequences.fulltext.txt,markdown/00221-mth-253-linked-detail-week-2-web-homework-sequences.md,,metadata/00221-mth-253-linked-detail-week-2-web-homework-sequences.json,6b18182ead33992deaf82d6fb0db3d9b0ba05ea754d62ba94fa3f53ad0bcd8bf,1ad7e1fd68936ef28509045c5230cb9f6e0122c3791ebf35db4d4e60be8b94e6,2026-06-26T21:10:23.111Z,2,57,2,0,0,0
00222-mth-253-linked-detail-unit-2-written-homework-assignment,2053263,MTH-253,linked_detail,linked_detail,https://canvas.oregonstate.edu/courses/2053263/assignments/10553180,https://canvas.oregonstate.edu/courses/2053263/assignments/10553180,Unit 2 - Written Homework Assignment,assignment,10553180,1,,,raw_html/00222-mth-253-linked-detail-unit-2-written-homework-assignment.html,text/00222-mth-253-linked-detail-unit-2-written-homework-assignment.txt,text/00222-mth-253-linked-detail-unit-2-written-homework-assignment.fulltext.txt,markdown/00222-mth-253-linked-detail-unit-2-written-homework-assignment.md,,metadata/00222-mth-253-linked-detail-unit-2-written-homework-assignment.json,399383d9606d8261455da168cb6cde0dbbef2b539f7afb578a10f5f609d7ffe8,7890cb13d8adf28014398a039bbc1ec8e08e77d85d3f36f096a2e58e17e0244c,2026-06-26T21:10:25.373Z,2,57,2,0,0,0
00223-mth-253-linked-detail-week-3-web-homework-introduction-to-series,2053263,MTH-253,linked_detail,linked_detail,https://canvas.oregonstate.edu/courses/2053263/assignments/10584373,https://canvas.oregonstate.edu/courses/2053263/assignments/10584373,Week 3 Web Homework: Introduction to Series,assignment,10584373,1,,yes,raw_html/00223-mth-253-linked-detail-week-3-web-homework-introduction-to-series.html,text/00223-mth-253-linked-detail-week-3-web-homework-introduction-to-series.txt,text/00223-mth-253-linked-detail-week-3-web-homework-introduction-to-series.fulltext.txt,markdown/00223-mth-253-linked-detail-week-3-web-homework-introduction-to-series.md,,metadata/00223-mth-253-linked-detail-week-3-web-homework-introduction-to-series.json,719d0d3005d2aab8c9ca86ccbe8dac9ff56b0c56dd9cf621dd0247f46d7336ca,c162c47243b983a3e6a4b64ab63c758d1088841ecb5ce5c6412cd09972de4a66,2026-06-26T21:10:27.761Z,2,57,2,0,0,0
00224-mth-253-linked-detail-unit-2-quiz-sequences-and-series-mth-253z-400-u2026,2053263,MTH-253,linked_detail,linked_detail,https://canvas.oregonstate.edu/courses/2053263/assignments/10553173,https://canvas.oregonstate.edu/courses/2053263/quizzes/3159592,Unit 2 Quiz: SEQUENCES AND SERIES (MTH_253Z_400_U2026),quiz,3159592,1,yes,,raw_html/00224-mth-253-linked-detail-unit-2-quiz-sequences-and-series-mth-253z-400-u2026.html,text/00224-mth-253-linked-detail-unit-2-quiz-sequences-and-series-mth-253z-400-u2026.txt,text/00224-mth-253-linked-detail-unit-2-quiz-sequences-and-series-mth-253z-400-u2026.fulltext.txt,markdown/00224-mth-253-linked-detail-unit-2-quiz-sequences-and-series-mth-253z-400-u2026.md,,metadata/00224-mth-253-linked-detail-unit-2-quiz-sequences-and-series-mth-253z-400-u2026.json,7bb910333461beb26d3e7d80767720d939a9160a19e159c4baacc1e5e8c030c7,85f3f54d759d56e5b50760024ef069197d5505344a6e26b55a5b66ba75f2e4d9,2026-06-26T21:10:30.616Z,1,32,2,0,0,0
00225-mth-253-linked-detail-week-4-web-homework-the-divergence-and-integral-tests,2053263,MTH-253,linked_detail,linked_detail,https://canvas.oregonstate.edu/courses/2053263/assignments/10584431,https://canvas.oregonstate.edu/courses/2053263/assignments/10584431,Week 4 Web Homework: The Divergence and Integral Tests,assignment,10584431,1,,yes,raw_html/00225-mth-253-linked-detail-week-4-web-homework-the-divergence-and-integral-tests.html,text/00225-mth-253-linked-detail-week-4-web-homework-the-divergence-and-integral-tests.txt,text/00225-mth-253-linked-detail-week-4-web-homework-the-divergence-and-integral-tests.fulltext.txt,markdown/00225-mth-253-linked-detail-week-4-web-homework-the-divergence-and-integral-tests.md,,metadata/00225-mth-253-linked-detail-week-4-web-homework-the-divergence-and-integral-tests.json,36bf58fedc5f952c9ed1599acd48806a303e39ab0026fb54f5b7fdc6dae11ffa,cd218ba9984b3e444eb9fc613c026a108f6ba4880fce67699c6c4c2a1b04dc5c,2026-06-26T21:10:33.114Z,2,57,2,0,0,0
00226-mth-253-linked-detail-week-5-web-homework-comparison-and-alternate-series-tests,2053263,MTH-253,linked_detail,linked_detail,https://canvas.oregonstate.edu/courses/2053263/assignments/10584434,https://canvas.oregonstate.edu/courses/2053263/assignments/10584434,Week 5 Web Homework: Comparison and Alternate Series Tests,assignment,10584434,1,,yes,raw_html/00226-mth-253-linked-detail-week-5-web-homework-comparison-and-alternate-series-tests.html,text/00226-mth-253-linked-detail-week-5-web-homework-comparison-and-alternate-series-tests.txt,text/00226-mth-253-linked-detail-week-5-web-homework-comparison-and-alternate-series-tests.fulltext.txt,markdown/00226-mth-253-linked-detail-week-5-web-homework-comparison-and-alternate-series-tests.md,,metadata/00226-mth-253-linked-detail-week-5-web-homework-comparison-and-alternate-series-tests.json,850b4538236ea0d98ce641b635abd122a529e760831df4098c1679785dbf26e8,e3460f4d66df6e715819f8153cce54b7b5a260ff15b14f78e3398e583db8e237,2026-06-26T21:10:35.618Z,2,57,2,0,0,0
00227-mth-253-linked-detail-topic-unit-3-discussion-board-submitted-in-week-6-required,2053263,MTH-253,linked_detail,linked_detail,https://canvas.oregonstate.edu/courses/2053263/assignments/10553177,https://canvas.oregonstate.edu/courses/2053263/discussion_topics/11558497,Topic: Unit 3 Discussion Board - Submitted in Week 6 (Required),discussion,11558497,1,yes,,raw_html/00227-mth-253-linked-detail-topic-unit-3-discussion-board-submitted-in-week-6-required.html,text/00227-mth-253-linked-detail-topic-unit-3-discussion-board-submitted-in-week-6-required.txt,text/00227-mth-253-linked-detail-topic-unit-3-discussion-board-submitted-in-week-6-required.fulltext.txt,markdown/00227-mth-253-linked-detail-topic-unit-3-discussion-board-submitted-in-week-6-required.md,,metadata/00227-mth-253-linked-detail-topic-unit-3-discussion-board-submitted-in-week-6-required.json,fbf2ac452ab556715f3c4dc4aa064c428760fabd1e8aeb07216fb399c4ad7a85,e3b0c44298fc1c149afbf4c8996fb92427ae41e4649b934ca495991b7852b855,2026-06-26T21:10:38.560Z,0,30,2,0,0,0
00228-mth-253-linked-detail-unit-3-written-homework-assignment,2053263,MTH-253,linked_detail,linked_detail,https://canvas.oregonstate.edu/courses/2053263/assignments/10553181,https://canvas.oregonstate.edu/courses/2053263/assignments/10553181,Unit 3 - Written Homework Assignment,assignment,10553181,1,,,raw_html/00228-mth-253-linked-detail-unit-3-written-homework-assignment.html,text/00228-mth-253-linked-detail-unit-3-written-homework-assignment.txt,text/00228-mth-253-linked-detail-unit-3-written-homework-assignment.fulltext.txt,markdown/00228-mth-253-linked-detail-unit-3-written-homework-assignment.md,,metadata/00228-mth-253-linked-detail-unit-3-written-homework-assignment.json,62e00091e90d17b5acef5a8c136f8a7980d3af97618fd4c8d4d4302bd90392d2,bfa8e75000422addc4fde638eb09bab4ae8bdb5163ecc620638ad37aa9993db9,2026-06-26T21:10:41.199Z,2,57,2,0,0,0
00229-mth-253-linked-detail-week-6-web-homework-ratio-and-root-tests,2053263,MTH-253,linked_detail,linked_detail,https://canvas.oregonstate.edu/courses/2053263/assignments/10584435,https://canvas.oregonstate.edu/courses/2053263/assignments/10584435,Week 6 Web Homework: Ratio and Root Tests,assignment,10584435,1,,yes,raw_html/00229-mth-253-linked-detail-week-6-web-homework-ratio-and-root-tests.html,text/00229-mth-253-linked-detail-week-6-web-homework-ratio-and-root-tests.txt,text/00229-mth-253-linked-detail-week-6-web-homework-ratio-and-root-tests.fulltext.txt,markdown/00229-mth-253-linked-detail-week-6-web-homework-ratio-and-root-tests.md,,metadata/00229-mth-253-linked-detail-week-6-web-homework-ratio-and-root-tests.json,da77311271f17b88b79ae79e63a63075d7c04ae4506eb91e6f0dfd39cfebf6d9,f4605376f6c8f953546fab62279d12d40ab5d4fcc76062bfacd82deaa57ce03e,2026-06-26T21:10:43.562Z,2,57,2,0,0,0
00230-mth-253-linked-detail-unit-3-quiz-sequences-and-series-mth-253z-400-u2026,2053263,MTH-253,linked_detail,linked_detail,https://canvas.oregonstate.edu/courses/2053263/assignments/10553170,https://canvas.oregonstate.edu/courses/2053263/quizzes/3159589,Unit 3 Quiz: SEQUENCES AND SERIES (MTH_253Z_400_U2026),quiz,3159589,1,yes,,raw_html/00230-mth-253-linked-detail-unit-3-quiz-sequences-and-series-mth-253z-400-u2026.html,text/00230-mth-253-linked-detail-unit-3-quiz-sequences-and-series-mth-253z-400-u2026.txt,text/00230-mth-253-linked-detail-unit-3-quiz-sequences-and-series-mth-253z-400-u2026.fulltext.txt,markdown/00230-mth-253-linked-detail-unit-3-quiz-sequences-and-series-mth-253z-400-u2026.md,,metadata/00230-mth-253-linked-detail-unit-3-quiz-sequences-and-series-mth-253z-400-u2026.json,44b96d31a74ee4609516fb4190cd91f58a80545cd4e4acc7ad190ff5d48562b2,042eca4d0dec49d461899a7fbdf178ebd725b2929f8b2a0e4a4cd0ef920a7ee0,2026-06-26T21:10:46.109Z,1,32,2,0,0,0
00231-mth-253-linked-detail-week-7-web-homework-power-series-and-functions,2053263,MTH-253,linked_detail,linked_detail,https://canvas.oregonstate.edu/courses/2053263/assignments/10584436,https://canvas.oregonstate.edu/courses/2053263/assignments/10584436,Week 7 Web Homework: Power Series and Functions,assignment,10584436,1,,yes,raw_html/00231-mth-253-linked-detail-week-7-web-homework-power-series-and-functions.html,text/00231-mth-253-linked-detail-week-7-web-homework-power-series-and-functions.txt,text/00231-mth-253-linked-detail-week-7-web-homework-power-series-and-functions.fulltext.txt,markdown/00231-mth-253-linked-detail-week-7-web-homework-power-series-and-functions.md,,metadata/00231-mth-253-linked-detail-week-7-web-homework-power-series-and-functions.json,f1274ed23e26e00781116dfb56d871022bd2deaa5c848961c7057655f60642a9,a6a59398564b34dbf4b31fda29d796476eb0920fe0fdf751cfe7e537a0db329e,2026-06-26T21:10:48.371Z,2,57,2,0,0,0
00232-mth-253-linked-detail-week-8-web-homework-taylor-and-maclaurin-series,2053263,MTH-253,linked_detail,linked_detail,https://canvas.oregonstate.edu/courses/2053263/assignments/10584437,https://canvas.oregonstate.edu/courses/2053263/assignments/10584437,Week 8 Web Homework Taylor and Maclaurin Series,assignment,10584437,1,,yes,raw_html/00232-mth-253-linked-detail-week-8-web-homework-taylor-and-maclaurin-series.html,text/00232-mth-253-linked-detail-week-8-web-homework-taylor-and-maclaurin-series.txt,text/00232-mth-253-linked-detail-week-8-web-homework-taylor-and-maclaurin-series.fulltext.txt,markdown/00232-mth-253-linked-detail-week-8-web-homework-taylor-and-maclaurin-series.md,,metadata/00232-mth-253-linked-detail-week-8-web-homework-taylor-and-maclaurin-series.json,a8542beee3a46962ae547d23c2525be41e835e2c1a3ba0e8de0f950278e94067,d54696cafdb748e1a899edc2b525e3abb9d6e755760516d51dab687b9084330d,2026-06-26T21:10:50.826Z,2,57,2,0,0,0
00233-mth-253-linked-detail-topic-unit-4-discussion-board-submitted-in-week-9-required,2053263,MTH-253,linked_detail,linked_detail,https://canvas.oregonstate.edu/courses/2053263/assignments/10553176,https://canvas.oregonstate.edu/courses/2053263/discussion_topics/11558496,Topic: Unit 4 Discussion Board - Submitted in Week 9 (Required),discussion,11558496,1,yes,,raw_html/00233-mth-253-linked-detail-topic-unit-4-discussion-board-submitted-in-week-9-required.html,text/00233-mth-253-linked-detail-topic-unit-4-discussion-board-submitted-in-week-9-required.txt,text/00233-mth-253-linked-detail-topic-unit-4-discussion-board-submitted-in-week-9-required.fulltext.txt,markdown/00233-mth-253-linked-detail-topic-unit-4-discussion-board-submitted-in-week-9-required.md,,metadata/00233-mth-253-linked-detail-topic-unit-4-discussion-board-submitted-in-week-9-required.json,5b160bc8731855c1cfbd42f87888cbf5f4640ef05f82cb1af1798c1f6cd651c3,da25a94b8192aafaf9a9dc198b67e7d031fab41f196b5b0f99b4794a0f250309,2026-06-26T21:10:53.653Z,1,32,2,0,0,0
00234-mth-253-linked-detail-unit-4-written-homework-assignment,2053263,MTH-253,linked_detail,linked_detail,https://canvas.oregonstate.edu/courses/2053263/assignments/10553182,https://canvas.oregonstate.edu/courses/2053263/assignments/10553182,Unit 4 - Written Homework Assignment,assignment,10553182,1,,,raw_html/00234-mth-253-linked-detail-unit-4-written-homework-assignment.html,text/00234-mth-253-linked-detail-unit-4-written-homework-assignment.txt,text/00234-mth-253-linked-detail-unit-4-written-homework-assignment.fulltext.txt,markdown/00234-mth-253-linked-detail-unit-4-written-homework-assignment.md,,metadata/00234-mth-253-linked-detail-unit-4-written-homework-assignment.json,e6e5372f5f5b2de149df452ed5fd1c6a61ca750da1edc0b09e98aefcb4cc7365,6cad000c9a9241281209520da6c270d2a2bc8730b410f9a112f7e29aeec21bf9,2026-06-26T21:10:55.969Z,2,57,2,0,0,0
00235-mth-253-linked-detail-week-9-web-homework-properties-of-power-series,2053263,MTH-253,linked_detail,linked_detail,https://canvas.oregonstate.edu/courses/2053263/assignments/10584438,https://canvas.oregonstate.edu/courses/2053263/assignments/10584438,Week 9 Web Homework: Properties of Power Series,assignment,10584438,1,,yes,raw_html/00235-mth-253-linked-detail-week-9-web-homework-properties-of-power-series.html,text/00235-mth-253-linked-detail-week-9-web-homework-properties-of-power-series.txt,text/00235-mth-253-linked-detail-week-9-web-homework-properties-of-power-series.fulltext.txt,markdown/00235-mth-253-linked-detail-week-9-web-homework-properties-of-power-series.md,,metadata/00235-mth-253-linked-detail-week-9-web-homework-properties-of-power-series.json,dfe9096848aba3c8da6273669cbd70b242bc04cefd49bf2863b57d76930c5ce4,848f82b783e1383a690916bde3e78d17719b42d815e4e6ba1bb9af3e78b6bcfe,2026-06-26T21:10:58.346Z,2,57,2,0,0,0
00236-mth-253-linked-detail-unit-4-quiz-sequences-and-series-mth-253z-400-u2026,2053263,MTH-253,linked_detail,linked_detail,https://canvas.oregonstate.edu/courses/2053263/assignments/10553171,https://canvas.oregonstate.edu/courses/2053263/quizzes/3159590,Unit 4 Quiz: SEQUENCES AND SERIES (MTH_253Z_400_U2026),quiz,3159590,1,yes,,raw_html/00236-mth-253-linked-detail-unit-4-quiz-sequences-and-series-mth-253z-400-u2026.html,text/00236-mth-253-linked-detail-unit-4-quiz-sequences-and-series-mth-253z-400-u2026.txt,text/00236-mth-253-linked-detail-unit-4-quiz-sequences-and-series-mth-253z-400-u2026.fulltext.txt,markdown/00236-mth-253-linked-detail-unit-4-quiz-sequences-and-series-mth-253z-400-u2026.md,,metadata/00236-mth-253-linked-detail-unit-4-quiz-sequences-and-series-mth-253z-400-u2026.json,24d733524e126d864c01dda8bff2d80a9b458adb43a4ed4345aa654ac864614b,86263bbfa83ed4cd2d58b9badbc14a4b179b6649152943703329e11a67cdfda6,2026-06-26T21:11:01.059Z,1,32,2,0,0,0
00237-mth-253-linked-detail-unit-5-written-homework-assignment,2053263,MTH-253,linked_detail,linked_detail,https://canvas.oregonstate.edu/courses/2053263/assignments/10553183,https://canvas.oregonstate.edu/courses/2053263/assignments/10553183,Unit 5 - Written Homework Assignment,assignment,10553183,1,,,raw_html/00237-mth-253-linked-detail-unit-5-written-homework-assignment.html,text/00237-mth-253-linked-detail-unit-5-written-homework-assignment.txt,text/00237-mth-253-linked-detail-unit-5-written-homework-assignment.fulltext.txt,markdown/00237-mth-253-linked-detail-unit-5-written-homework-assignment.md,,metadata/00237-mth-253-linked-detail-unit-5-written-homework-assignment.json,a6f9698da2a4d529a2d7699077762b55d1bf3a6e8327390af1456931e07c5324,3d19adb063a5fc4b90cca5f76b794b48297cf8639592b725283e93afe62cce69,2026-06-26T21:11:03.611Z,2,57,2,0,0,0
00238-mth-253-linked-detail-week-10-web-homework-working-with-taylor-series,2053263,MTH-253,linked_detail,linked_detail,https://canvas.oregonstate.edu/courses/2053263/assignments/10584439,https://canvas.oregonstate.edu/courses/2053263/assignments/10584439,Week 10 Web Homework: Working with Taylor Series,assignment,10584439,1,,yes,raw_html/00238-mth-253-linked-detail-week-10-web-homework-working-with-taylor-series.html,text/00238-mth-253-linked-detail-week-10-web-homework-working-with-taylor-series.txt,text/00238-mth-253-linked-detail-week-10-web-homework-working-with-taylor-series.fulltext.txt,markdown/00238-mth-253-linked-detail-week-10-web-homework-working-with-taylor-series.md,,metadata/00238-mth-253-linked-detail-week-10-web-homework-working-with-taylor-series.json,c496386b54206e2afa6272222d625540b7553bff35da83b1b132ae8150d98750,61e5611659a41e269b0da8be94ebf6fd40002e9eede8c737f418fac3a32759e8,2026-06-26T21:11:06.067Z,2,55,2,0,0,0
00239-mth-253-linked-detail-final-exam-sequences-and-series-mth-253z-400-u2026,2053263,MTH-253,linked_detail,linked_detail,https://canvas.oregonstate.edu/courses/2053263/assignments/10553169,https://canvas.oregonstate.edu/courses/2053263/quizzes/3159588,Final Exam: SEQUENCES AND SERIES (MTH_253Z_400_U2026),quiz,3159588,1,yes,,raw_html/00239-mth-253-linked-detail-final-exam-sequences-and-series-mth-253z-400-u2026.html,text/00239-mth-253-linked-detail-final-exam-sequences-and-series-mth-253z-400-u2026.txt,text/00239-mth-253-linked-detail-final-exam-sequences-and-series-mth-253z-400-u2026.fulltext.txt,markdown/00239-mth-253-linked-detail-final-exam-sequences-and-series-mth-253z-400-u2026.md,,metadata/00239-mth-253-linked-detail-final-exam-sequences-and-series-mth-253z-400-u2026.json,ed608e32678925fb10a7349e5ac48ecfd58c32c2c1565188a6d4151bf8c284a4,5a6b8b4f924f58a5cdb54e5890109eb0c65accd6aaac50c2c142714612176343,2026-06-26T21:11:08.766Z,1,31,2,0,0,0
00240-mth-253-linked-detail-topic-general-q-a-discussion,2053263,MTH-253,linked_detail,linked_detail,https://canvas.oregonstate.edu/courses/2053263/discussion_topics/11558499,https://canvas.oregonstate.edu/courses/2053263/discussion_topics/11558499,Topic: General Q&A Discussion,discussion,11558499,1,,,raw_html/00240-mth-253-linked-detail-topic-general-q-a-discussion.html,text/00240-mth-253-linked-detail-topic-general-q-a-discussion.txt,text/00240-mth-253-linked-detail-topic-general-q-a-discussion.fulltext.txt,markdown/00240-mth-253-linked-detail-topic-general-q-a-discussion.md,,metadata/00240-mth-253-linked-detail-topic-general-q-a-discussion.json,81442bba6e5b2013d2bd235a805c53b2388bbe880e2a1464efb0e4f5ef2eb69a,147f8c30eb379c5e57d04ea888548376126ee8f193318350a7f516041f129747,2026-06-26T21:11:11.371Z,1,32,2,0,0,0
00241-mth-253-linked-detail-topic-unit-1-discussion-board-submitted-in-week-1-required,2053263,MTH-253,linked_detail,linked_detail,https://canvas.oregonstate.edu/courses/2053263/discussion_topics/11558498,https://canvas.oregonstate.edu/courses/2053263/discussion_topics/11558498,Topic: Unit 1 Discussion Board - Submitted in Week 1 (Required),discussion,11558498,1,,,raw_html/00241-mth-253-linked-detail-topic-unit-1-discussion-board-submitted-in-week-1-required.html,text/00241-mth-253-linked-detail-topic-unit-1-discussion-board-submitted-in-week-1-required.txt,text/00241-mth-253-linked-detail-topic-unit-1-discussion-board-submitted-in-week-1-required.fulltext.txt,markdown/00241-mth-253-linked-detail-topic-unit-1-discussion-board-submitted-in-week-1-required.md,,metadata/00241-mth-253-linked-detail-topic-unit-1-discussion-board-submitted-in-week-1-required.json,728659ab7abca95d25b9ba24f44f903b7e55233fd888a35533ab8338de9ca25e,e3b0c44298fc1c149afbf4c8996fb92427ae41e4649b934ca495991b7852b855,2026-06-26T21:11:14.163Z,0,30,2,0,0,0
00242-mth-253-linked-detail-topic-unit-3-discussion-board-submitted-in-week-6-required,2053263,MTH-253,linked_detail,linked_detail,https://canvas.oregonstate.edu/courses/2053263/discussion_topics/11558497,https://canvas.oregonstate.edu/courses/2053263/discussion_topics/11558497,Topic: Unit 3 Discussion Board - Submitted in Week 6 (Required),discussion,11558497,1,,,raw_html/00242-mth-253-linked-detail-topic-unit-3-discussion-board-submitted-in-week-6-required.html,text/00242-mth-253-linked-detail-topic-unit-3-discussion-board-submitted-in-week-6-required.txt,text/00242-mth-253-linked-detail-topic-unit-3-discussion-board-submitted-in-week-6-required.fulltext.txt,markdown/00242-mth-253-linked-detail-topic-unit-3-discussion-board-submitted-in-week-6-required.md,,metadata/00242-mth-253-linked-detail-topic-unit-3-discussion-board-submitted-in-week-6-required.json,3aa44fa123f3bb7081942197a48097238304ff091e5c016dd5318f9217453868,e3b0c44298fc1c149afbf4c8996fb92427ae41e4649b934ca495991b7852b855,2026-06-26T21:11:17.172Z,0,30,2,0,0,0
00243-mth-253-linked-detail-topic-unit-4-discussion-board-submitted-in-week-9-required,2053263,MTH-253,linked_detail,linked_detail,https://canvas.oregonstate.edu/courses/2053263/discussion_topics/11558496,https://canvas.oregonstate.edu/courses/2053263/discussion_topics/11558496,Topic: Unit 4 Discussion Board - Submitted in Week 9 (Required),discussion,11558496,1,,,raw_html/00243-mth-253-linked-detail-topic-unit-4-discussion-board-submitted-in-week-9-required.html,text/00243-mth-253-linked-detail-topic-unit-4-discussion-board-submitted-in-week-9-required.txt,text/00243-mth-253-linked-detail-topic-unit-4-discussion-board-submitted-in-week-9-required.fulltext.txt,markdown/00243-mth-253-linked-detail-topic-unit-4-discussion-board-submitted-in-week-9-required.md,,metadata/00243-mth-253-linked-detail-topic-unit-4-discussion-board-submitted-in-week-9-required.json,607d1460bcca69bab24d431674cd3e079dfa05766ef6b1f71a0f4272443aa438,e3b0c44298fc1c149afbf4c8996fb92427ae41e4649b934ca495991b7852b855,2026-06-26T21:11:19.811Z,0,30,2,0,0,0
00244-mth-253-linked-detail-topic-unit-1-q-a-discussion-board-optional,2053263,MTH-253,linked_detail,linked_detail,https://canvas.oregonstate.edu/courses/2053263/discussion_topics/11558490,https://canvas.oregonstate.edu/courses/2053263/discussion_topics/11558490,Topic: Unit 1 - Q&A Discussion Board (Optional),discussion,11558490,1,,,raw_html/00244-mth-253-linked-detail-topic-unit-1-q-a-discussion-board-optional.html,text/00244-mth-253-linked-detail-topic-unit-1-q-a-discussion-board-optional.txt,text/00244-mth-253-linked-detail-topic-unit-1-q-a-discussion-board-optional.fulltext.txt,markdown/00244-mth-253-linked-detail-topic-unit-1-q-a-discussion-board-optional.md,,metadata/00244-mth-253-linked-detail-topic-unit-1-q-a-discussion-board-optional.json,dc0fdc36adc36b2e3d899bfeb981767a6f5c350dc8cc50140c3afad32ed13731,e3b0c44298fc1c149afbf4c8996fb92427ae41e4649b934ca495991b7852b855,2026-06-26T21:11:22.168Z,0,30,2,0,0,0
00245-mth-253-linked-detail-topic-preparing-for-your-final-exam-q-a-discussion-board-optional,2053263,MTH-253,linked_detail,linked_detail,https://canvas.oregonstate.edu/courses/2053263/discussion_topics/11558495,https://canvas.oregonstate.edu/courses/2053263/discussion_topics/11558495,Topic: Preparing for your Final Exam - Q&A Discussion Board (Optional),discussion,11558495,1,,,raw_html/00245-mth-253-linked-detail-topic-preparing-for-your-final-exam-q-a-discussion-board-optional.html,text/00245-mth-253-linked-detail-topic-preparing-for-your-final-exam-q-a-discussion-board-optional.txt,text/00245-mth-253-linked-detail-topic-preparing-for-your-final-exam-q-a-discussion-board-optional.fulltext.txt,markdown/00245-mth-253-linked-detail-topic-preparing-for-your-final-exam-q-a-discussion-board-optional.md,,metadata/00245-mth-253-linked-detail-topic-preparing-for-your-final-exam-q-a-discussion-board-optional.json,dd886f73625bc2fc66a8afb8987317d49edb4a5b44075cf92277f176846ea9ce,7d30c020594e505ac905fbc640399bc8116cd17ff6985c3ea5253fe6c6dc67ac,2026-06-26T21:11:24.805Z,1,30,2,0,0,0
00246-mth-253-linked-detail-topic-unit-5-q-a-discussion-board-optional,2053263,MTH-253,linked_detail,linked_detail,https://canvas.oregonstate.edu/courses/2053263/discussion_topics/11558494,https://canvas.oregonstate.edu/courses/2053263/discussion_topics/11558494,Topic: Unit 5 - Q&A Discussion Board (Optional),discussion,11558494,1,,,raw_html/00246-mth-253-linked-detail-topic-unit-5-q-a-discussion-board-optional.html,text/00246-mth-253-linked-detail-topic-unit-5-q-a-discussion-board-optional.txt,text/00246-mth-253-linked-detail-topic-unit-5-q-a-discussion-board-optional.fulltext.txt,markdown/00246-mth-253-linked-detail-topic-unit-5-q-a-discussion-board-optional.md,,metadata/00246-mth-253-linked-detail-topic-unit-5-q-a-discussion-board-optional.json,8409b31d78178c9035c1716c0fea826b6f836a1200efaafbaa2d94fe3b584b23,2e364073dcd8fffec24fd4430409f14c16f496b8705da0a8a8aa6154bb8f9a68,2026-06-26T21:11:27.009Z,1,32,2,0,0,0
00247-mth-253-linked-detail-topic-unit-4-q-a-discussion-board-optional,2053263,MTH-253,linked_detail,linked_detail,https://canvas.oregonstate.edu/courses/2053263/discussion_topics/11558493,https://canvas.oregonstate.edu/courses/2053263/discussion_topics/11558493,Topic: Unit 4 - Q&A Discussion Board (Optional),discussion,11558493,1,,,raw_html/00247-mth-253-linked-detail-topic-unit-4-q-a-discussion-board-optional.html,text/00247-mth-253-linked-detail-topic-unit-4-q-a-discussion-board-optional.txt,text/00247-mth-253-linked-detail-topic-unit-4-q-a-discussion-board-optional.fulltext.txt,markdown/00247-mth-253-linked-detail-topic-unit-4-q-a-discussion-board-optional.md,,metadata/00247-mth-253-linked-detail-topic-unit-4-q-a-discussion-board-optional.json,59db321068856078b3fc9483d38e46760f259e0b8fdf1b711726347e42ec5d9a,792f4c6b05ffd66c86ca828f18a81cd2f6dd6c1095f7ec8704475cdc14443e07,2026-06-26T21:11:29.063Z,1,32,2,0,0,0
00248-mth-253-linked-detail-topic-unit-2-q-a-discussion-board-optional,2053263,MTH-253,linked_detail,linked_detail,https://canvas.oregonstate.edu/courses/2053263/discussion_topics/11558491,https://canvas.oregonstate.edu/courses/2053263/discussion_topics/11558491,Topic: Unit 2 - Q&A Discussion Board (Optional),discussion,11558491,1,,,raw_html/00248-mth-253-linked-detail-topic-unit-2-q-a-discussion-board-optional.html,text/00248-mth-253-linked-detail-topic-unit-2-q-a-discussion-board-optional.txt,text/00248-mth-253-linked-detail-topic-unit-2-q-a-discussion-board-optional.fulltext.txt,markdown/00248-mth-253-linked-detail-topic-unit-2-q-a-discussion-board-optional.md,,metadata/00248-mth-253-linked-detail-topic-unit-2-q-a-discussion-board-optional.json,fc15b475eaa18418d5797f4169119aaa2120ad4ebe3b9cc32405ca737a393926,19eeff8cd15d8d06ad7ed3a8207f99b24a2b82dc84cf0256790a4ab77cfeba9c,2026-06-26T21:11:31.516Z,1,32,2,0,0,0
00249-mth-253-linked-detail-topic-unit-3-q-a-discussion-board-optional,2053263,MTH-253,linked_detail,linked_detail,https://canvas.oregonstate.edu/courses/2053263/discussion_topics/11558492,https://canvas.oregonstate.edu/courses/2053263/discussion_topics/11558492,Topic: Unit 3 - Q&A Discussion Board (Optional),discussion,11558492,1,,,raw_html/00249-mth-253-linked-detail-topic-unit-3-q-a-discussion-board-optional.html,text/00249-mth-253-linked-detail-topic-unit-3-q-a-discussion-board-optional.txt,text/00249-mth-253-linked-detail-topic-unit-3-q-a-discussion-board-optional.fulltext.txt,markdown/00249-mth-253-linked-detail-topic-unit-3-q-a-discussion-board-optional.md,,metadata/00249-mth-253-linked-detail-topic-unit-3-q-a-discussion-board-optional.json,827f719be24cc2e9106a3c8b4ba53c419e380b6aa1926ceee399536f07af228c,0226639ff72d78f73f430b5d4cba48ea5ab3b9cfc9d4af7c065a9b483e39e5d8,2026-06-26T21:11:33.869Z,0,32,2,0,0,0
00250-mth-253-linked-detail-unit-1-quiz-sequences-and-series-mth-253z-400-u2026,2053263,MTH-253,linked_detail,linked_detail,https://canvas.oregonstate.edu/courses/2053263/quizzes/3159593,https://canvas.oregonstate.edu/courses/2053263/quizzes/3159593,Unit 1 Quiz: SEQUENCES AND SERIES (MTH_253Z_400_U2026),quiz,3159593,1,,,raw_html/00250-mth-253-linked-detail-unit-1-quiz-sequences-and-series-mth-253z-400-u2026.html,text/00250-mth-253-linked-detail-unit-1-quiz-sequences-and-series-mth-253z-400-u2026.txt,text/00250-mth-253-linked-detail-unit-1-quiz-sequences-and-series-mth-253z-400-u2026.fulltext.txt,markdown/00250-mth-253-linked-detail-unit-1-quiz-sequences-and-series-mth-253z-400-u2026.md,,metadata/00250-mth-253-linked-detail-unit-1-quiz-sequences-and-series-mth-253z-400-u2026.json,0d8cb6a1c5a8231fdeb2070826ae8bd24bdc8e9a7d99719d6ef14dafad7eb0c8,f8dd4b53f445a5314e8a1f8b9bdfbfaa96cb0df40e6e77df1d5b0cc86ee3418f,2026-06-26T21:11:36.561Z,1,32,2,0,0,0
00251-mth-253-linked-detail-unit-2-quiz-sequences-and-series-mth-253z-400-u2026,2053263,MTH-253,linked_detail,linked_detail,https://canvas.oregonstate.edu/courses/2053263/quizzes/3159592,https://canvas.oregonstate.edu/courses/2053263/quizzes/3159592,Unit 2 Quiz: SEQUENCES AND SERIES (MTH_253Z_400_U2026),quiz,3159592,1,,,raw_html/00251-mth-253-linked-detail-unit-2-quiz-sequences-and-series-mth-253z-400-u2026.html,text/00251-mth-253-linked-detail-unit-2-quiz-sequences-and-series-mth-253z-400-u2026.txt,text/00251-mth-253-linked-detail-unit-2-quiz-sequences-and-series-mth-253z-400-u2026.fulltext.txt,markdown/00251-mth-253-linked-detail-unit-2-quiz-sequences-and-series-mth-253z-400-u2026.md,,metadata/00251-mth-253-linked-detail-unit-2-quiz-sequences-and-series-mth-253z-400-u2026.json,43ad40b2e2b20991ab6abff3a36d93e000b6cf99678aa47fb38e66ad7ae2bd4a,85f3f54d759d56e5b50760024ef069197d5505344a6e26b55a5b66ba75f2e4d9,2026-06-26T21:11:39.156Z,1,32,2,0,0,0
00252-mth-253-linked-detail-unit-3-quiz-sequences-and-series-mth-253z-400-u2026,2053263,MTH-253,linked_detail,linked_detail,https://canvas.oregonstate.edu/courses/2053263/quizzes/3159589,https://canvas.oregonstate.edu/courses/2053263/quizzes/3159589,Unit 3 Quiz: SEQUENCES AND SERIES (MTH_253Z_400_U2026),quiz,3159589,1,,,raw_html/00252-mth-253-linked-detail-unit-3-quiz-sequences-and-series-mth-253z-400-u2026.html,text/00252-mth-253-linked-detail-unit-3-quiz-sequences-and-series-mth-253z-400-u2026.txt,text/00252-mth-253-linked-detail-unit-3-quiz-sequences-and-series-mth-253z-400-u2026.fulltext.txt,markdown/00252-mth-253-linked-detail-unit-3-quiz-sequences-and-series-mth-253z-400-u2026.md,,metadata/00252-mth-253-linked-detail-unit-3-quiz-sequences-and-series-mth-253z-400-u2026.json,92adcf4baf300a1ac3d53ba4e6a2b04ba8b0700934554bd11252faf89af0429b,042eca4d0dec49d461899a7fbdf178ebd725b2929f8b2a0e4a4cd0ef920a7ee0,2026-06-26T21:11:41.408Z,1,32,2,0,0,0
00253-mth-253-linked-detail-unit-4-quiz-sequences-and-series-mth-253z-400-u2026,2053263,MTH-253,linked_detail,linked_detail,https://canvas.oregonstate.edu/courses/2053263/quizzes/3159590,https://canvas.oregonstate.edu/courses/2053263/quizzes/3159590,Unit 4 Quiz: SEQUENCES AND SERIES (MTH_253Z_400_U2026),quiz,3159590,1,,,raw_html/00253-mth-253-linked-detail-unit-4-quiz-sequences-and-series-mth-253z-400-u2026.html,text/00253-mth-253-linked-detail-unit-4-quiz-sequences-and-series-mth-253z-400-u2026.txt,text/00253-mth-253-linked-detail-unit-4-quiz-sequences-and-series-mth-253z-400-u2026.fulltext.txt,markdown/00253-mth-253-linked-detail-unit-4-quiz-sequences-and-series-mth-253z-400-u2026.md,,metadata/00253-mth-253-linked-detail-unit-4-quiz-sequences-and-series-mth-253z-400-u2026.json,e862ba845eacfda9529b9a76e3e9b2bb80a671335fdcab409f38149ffa5ece48,86263bbfa83ed4cd2d58b9badbc14a4b179b6649152943703329e11a67cdfda6,2026-06-26T21:11:43.565Z,1,32,2,0,0,0
00254-mth-253-linked-detail-final-exam-sequences-and-series-mth-253z-400-u2026,2053263,MTH-253,linked_detail,linked_detail,https://canvas.oregonstate.edu/courses/2053263/quizzes/3159588,https://canvas.oregonstate.edu/courses/2053263/quizzes/3159588,Final Exam: SEQUENCES AND SERIES (MTH_253Z_400_U2026),quiz,3159588,1,,,raw_html/00254-mth-253-linked-detail-final-exam-sequences-and-series-mth-253z-400-u2026.html,text/00254-mth-253-linked-detail-final-exam-sequences-and-series-mth-253z-400-u2026.txt,text/00254-mth-253-linked-detail-final-exam-sequences-and-series-mth-253z-400-u2026.fulltext.txt,markdown/00254-mth-253-linked-detail-final-exam-sequences-and-series-mth-253z-400-u2026.md,,metadata/00254-mth-253-linked-detail-final-exam-sequences-and-series-mth-253z-400-u2026.json,91b60ad326f6e872b0e33ef6414d67bcfac967b7280ad0a5af00fd89fe35662b,5a6b8b4f924f58a5cdb54e5890109eb0c65accd6aaac50c2c142714612176343,2026-06-26T21:11:45.972Z,1,31,2,0,0,0
00255-mth-253-linked-detail-practice-quiz-take-it-before-attempting-quiz-1-sequences-and-series-mth-253z-400-u2026,2053263,MTH-253,linked_detail,linked_detail,https://canvas.oregonstate.edu/courses/2053263/quizzes/3166971,https://canvas.oregonstate.edu/courses/2053263/quizzes/3166971,Practice Quiz (take it before attempting Quiz 1!): SEQUENCES AND SERIES (MTH_253Z_400_U2026),quiz,3166971,1,,,raw_html/00255-mth-253-linked-detail-practice-quiz-take-it-before-attempting-quiz-1-sequences-and-series-mth-253z-400-u2026.html,text/00255-mth-253-linked-detail-practice-quiz-take-it-before-attempting-quiz-1-sequences-and-series-mth-253z-400-u2026.txt,text/00255-mth-253-linked-detail-practice-quiz-take-it-before-attempting-quiz-1-sequences-and-series-mth-253z-400-u2026.fulltext.txt,markdown/00255-mth-253-linked-detail-practice-quiz-take-it-before-attempting-quiz-1-sequences-and-series-mth-253z-400-u2026.md,,metadata/00255-mth-253-linked-detail-practice-quiz-take-it-before-attempting-quiz-1-sequences-and-series-mth-253z-400-u2026.json,8befb237f6d8c981a3f86fbf304455fd65b3e0fead62368fab7d605072e0f881,dfe58516c01fecb40292fcbfc83ad5cfb5e29dbb151c0a645b164baa26e3abc3,2026-06-26T21:11:48.417Z,5,33,2,0,0,0
00256-phy-212-module-item-start-here-overview-general-physics-with-calculus-ph-212-400-u2026,2053526,PHY-212,module_item,module_item,https://canvas.oregonstate.edu/courses/2053526/modules/items/26896930,https://canvas.oregonstate.edu/courses/2053526/pages/start-here-overview?module_item_id=26896930,Start Here - Overview: GENERAL PHYSICS WITH CALCULUS (PH_212_400_U2026),page,start-here-overview,1,yes,yes,raw_html/00256-phy-212-module-item-start-here-overview-general-physics-with-calculus-ph-212-400-u2026.html,text/00256-phy-212-module-item-start-here-overview-general-physics-with-calculus-ph-212-400-u2026.txt,text/00256-phy-212-module-item-start-here-overview-general-physics-with-calculus-ph-212-400-u2026.fulltext.txt,markdown/00256-phy-212-module-item-start-here-overview-general-physics-with-calculus-ph-212-400-u2026.md,,metadata/00256-phy-212-module-item-start-here-overview-general-physics-with-calculus-ph-212-400-u2026.json,bbdf6bcf7bdbda79b9b8e8de5cb51f12196141c0c924f71a80b85893176f6e7b,5017b02abb61898cd5ac3b0b289e4b0823bfe4e3cfbfbbd9141da298d8fad6da,2026-06-26T21:11:51.217Z,1,34,3,0,0,0
00257-phy-212-module-item-instructor-information-communication-policy-general-physics-with-calculus-ph-212-400-u2026,2053526,PHY-212,module_item,module_item,https://canvas.oregonstate.edu/courses/2053526/modules/items/26896931,https://canvas.oregonstate.edu/courses/2053526/pages/instructor-information-and-communication-policy?module_item_id=26896931,Instructor Information & Communication Policy: GENERAL PHYSICS WITH CALCULUS (PH_212_400_U2026),page,instructor-information-and-communication-policy,1,yes,,raw_html/00257-phy-212-module-item-instructor-information-communication-policy-general-physics-with-calculus-ph-212-400-u2026.html,text/00257-phy-212-module-item-instructor-information-communication-policy-general-physics-with-calculus-ph-212-400-u2026.txt,text/00257-phy-212-module-item-instructor-information-communication-policy-general-physics-with-calculus-ph-212-400-u2026.fulltext.txt,markdown/00257-phy-212-module-item-instructor-information-communication-policy-general-physics-with-calculus-ph-212-400-u2026.md,,metadata/00257-phy-212-module-item-instructor-information-communication-policy-general-physics-with-calculus-ph-212-400-u2026.json,6db090a2cf05f0ff7edeed1f91fbd1b4a8fec432d1ce4f5e732d5212b21775cb,5fc41a4de05d30d671bc6518d8d6c5b03b9b45cf2fef551a75db441dc0f09f0f,2026-06-26T21:11:54.011Z,3,37,2,0,0,0
00258-phy-212-module-item-where-to-go-for-help-general-physics-with-calculus-ph-212-400-u2026,2053526,PHY-212,module_item,module_item,https://canvas.oregonstate.edu/courses/2053526/modules/items/26896932,https://canvas.oregonstate.edu/courses/2053526/pages/where-to-go-for-help?module_item_id=26896932,Where to go for help?: GENERAL PHYSICS WITH CALCULUS (PH_212_400_U2026),page,where-to-go-for-help,1,yes,,raw_html/00258-phy-212-module-item-where-to-go-for-help-general-physics-with-calculus-ph-212-400-u2026.html,text/00258-phy-212-module-item-where-to-go-for-help-general-physics-with-calculus-ph-212-400-u2026.txt,text/00258-phy-212-module-item-where-to-go-for-help-general-physics-with-calculus-ph-212-400-u2026.fulltext.txt,markdown/00258-phy-212-module-item-where-to-go-for-help-general-physics-with-calculus-ph-212-400-u2026.md,,metadata/00258-phy-212-module-item-where-to-go-for-help-general-physics-with-calculus-ph-212-400-u2026.json,823f1f5968fc2efd73dbd5a8ee2895101da985fb585c06213f07d2bd6dfcf3ae,32a0e4d1b9f00e401280a29c6c231ff4cfd9d53888777408c7571d0dee111f1c,2026-06-26T21:11:56.362Z,4,38,2,0,0,0
00259-phy-212-module-item-accessibility-statements-privacy-policies-general-physics-with-calculus-ph-212-400-u2026,2053526,PHY-212,module_item,module_item,https://canvas.oregonstate.edu/courses/2053526/modules/items/26896933,https://canvas.oregonstate.edu/courses/2053526/pages/accessibility-statements-and-privacy-policies?module_item_id=26896933,Accessibility Statements & Privacy Policies: GENERAL PHYSICS WITH CALCULUS (PH_212_400_U2026),page,accessibility-statements-and-privacy-policies,1,yes,,raw_html/00259-phy-212-module-item-accessibility-statements-privacy-policies-general-physics-with-calculus-ph-212-400-u2026.html,text/00259-phy-212-module-item-accessibility-statements-privacy-policies-general-physics-with-calculus-ph-212-400-u2026.txt,text/00259-phy-212-module-item-accessibility-statements-privacy-policies-general-physics-with-calculus-ph-212-400-u2026.fulltext.txt,markdown/00259-phy-212-module-item-accessibility-statements-privacy-policies-general-physics-with-calculus-ph-212-400-u2026.md,,metadata/00259-phy-212-module-item-accessibility-statements-privacy-policies-general-physics-with-calculus-ph-212-400-u2026.json,d87b7e541ed8915149e1411b4cc25467c7ddc8fa950ef182b2266421f657a34d,da6e84cf8a26780d615fb0c54271d74bf27b93f038e751d3dc682970827e87a2,2026-06-26T21:11:58.712Z,3,37,2,0,0,0
00260-phy-212-module-item-sources-cited-general-physics-with-calculus-ph-212-400-u2026,2053526,PHY-212,module_item,module_item,https://canvas.oregonstate.edu/courses/2053526/modules/items/26896934,https://canvas.oregonstate.edu/courses/2053526/pages/sources-cited?module_item_id=26896934,Sources Cited: GENERAL PHYSICS WITH CALCULUS (PH_212_400_U2026),page,sources-cited,1,yes,,raw_html/00260-phy-212-module-item-sources-cited-general-physics-with-calculus-ph-212-400-u2026.html,text/00260-phy-212-module-item-sources-cited-general-physics-with-calculus-ph-212-400-u2026.txt,text/00260-phy-212-module-item-sources-cited-general-physics-with-calculus-ph-212-400-u2026.fulltext.txt,markdown/00260-phy-212-module-item-sources-cited-general-physics-with-calculus-ph-212-400-u2026.md,,metadata/00260-phy-212-module-item-sources-cited-general-physics-with-calculus-ph-212-400-u2026.json,5d5139203a2dde40a675893150e4080e33dccee889bff562dad2a6a633e7ea1c,d25746a69b2be8e67cfca8ccdf1c92f6645647e03303995c3e627a92bc9d0c95,2026-06-26T21:12:01.037Z,2,35,2,0,0,0
00261-phy-212-module-item-start-here-conclusion-general-physics-with-calculus-ph-212-400-u2026,2053526,PHY-212,module_item,module_item,https://canvas.oregonstate.edu/courses/2053526/modules/items/26896935,https://canvas.oregonstate.edu/courses/2053526/pages/start-here-conclusion?module_item_id=26896935,Start Here - Conclusion: GENERAL PHYSICS WITH CALCULUS (PH_212_400_U2026),page,start-here-conclusion,1,yes,,raw_html/00261-phy-212-module-item-start-here-conclusion-general-physics-with-calculus-ph-212-400-u2026.html,text/00261-phy-212-module-item-start-here-conclusion-general-physics-with-calculus-ph-212-400-u2026.txt,text/00261-phy-212-module-item-start-here-conclusion-general-physics-with-calculus-ph-212-400-u2026.fulltext.txt,markdown/00261-phy-212-module-item-start-here-conclusion-general-physics-with-calculus-ph-212-400-u2026.md,,metadata/00261-phy-212-module-item-start-here-conclusion-general-physics-with-calculus-ph-212-400-u2026.json,5a58530c0561d536052f37e6adfbd6b53c914888615d32897e985e227c0cacdb,9b5eb4c41f1af028c31680051fbfb8c494d7dc7ed9f88d05a9d4f9c7e180c5d6,2026-06-26T21:12:03.614Z,1,35,2,0,0,0
00262-phy-212-module-item-general-information-general-physics-with-calculus-ph-212-400-u2026,2053526,PHY-212,module_item,module_item,https://canvas.oregonstate.edu/courses/2053526/modules/items/26896936,https://canvas.oregonstate.edu/courses/2053526/pages/general-information?module_item_id=26896936,General information: GENERAL PHYSICS WITH CALCULUS (PH_212_400_U2026),page,general-information,1,yes,,raw_html/00262-phy-212-module-item-general-information-general-physics-with-calculus-ph-212-400-u2026.html,text/00262-phy-212-module-item-general-information-general-physics-with-calculus-ph-212-400-u2026.txt,text/00262-phy-212-module-item-general-information-general-physics-with-calculus-ph-212-400-u2026.fulltext.txt,markdown/00262-phy-212-module-item-general-information-general-physics-with-calculus-ph-212-400-u2026.md,,metadata/00262-phy-212-module-item-general-information-general-physics-with-calculus-ph-212-400-u2026.json,911dc11f1027cc172592ec0b647223cdd24346c3e0da907c479f637bd408bdbb,160cfd1bfc60349e09de60fcbac674484471660a8f62a8519a51fb8d8b007ce3,2026-06-26T21:12:06.260Z,1,38,2,0,0,0
00263-phy-212-module-item-syllabus-u2026-pdf-general-physics-with-calculus-ph-212-400-u2026,2053526,PHY-212,module_item,module_item,https://canvas.oregonstate.edu/courses/2053526/modules/items/26992777,https://canvas.oregonstate.edu/courses/2053526/files/119256264?module_item_id=26992777,syllabus_U2026.pdf: GENERAL PHYSICS WITH CALCULUS (PH_212_400_U2026),file,119256264,1,yes,,raw_html/00263-phy-212-module-item-syllabus-u2026-pdf-general-physics-with-calculus-ph-212-400-u2026.html,text/00263-phy-212-module-item-syllabus-u2026-pdf-general-physics-with-calculus-ph-212-400-u2026.txt,text/00263-phy-212-module-item-syllabus-u2026-pdf-general-physics-with-calculus-ph-212-400-u2026.fulltext.txt,markdown/00263-phy-212-module-item-syllabus-u2026-pdf-general-physics-with-calculus-ph-212-400-u2026.md,,metadata/00263-phy-212-module-item-syllabus-u2026-pdf-general-physics-with-calculus-ph-212-400-u2026.json,d8b2cc95e9821a68e15b55c7384cf96cce65173f10b7da89c6562415df421411,38036ebcf48c53768fd2bc36cdc9a72e6f70f172f3e9fa388e945beaa76d5443,2026-06-26T21:12:08.515Z,1,38,3,0,0,0
00264-phy-212-module-item-zoom-info-general-physics-with-calculus-ph-212-400-u2026,2053526,PHY-212,module_item,module_item,https://canvas.oregonstate.edu/courses/2053526/modules/items/26896938,https://canvas.oregonstate.edu/courses/2053526/pages/zoom-info?module_item_id=26896938,Zoom info: GENERAL PHYSICS WITH CALCULUS (PH_212_400_U2026),page,zoom-info,1,yes,,raw_html/00264-phy-212-module-item-zoom-info-general-physics-with-calculus-ph-212-400-u2026.html,text/00264-phy-212-module-item-zoom-info-general-physics-with-calculus-ph-212-400-u2026.txt,text/00264-phy-212-module-item-zoom-info-general-physics-with-calculus-ph-212-400-u2026.fulltext.txt,markdown/00264-phy-212-module-item-zoom-info-general-physics-with-calculus-ph-212-400-u2026.md,,metadata/00264-phy-212-module-item-zoom-info-general-physics-with-calculus-ph-212-400-u2026.json,356c80e13f2a9135bd17ffa84643104b9d8826e391e1606c1010ee8c7759221f,1253d90c2b23c0969dbfa7b744403f2340773eaa8473db7c8d244548f0de79eb,2026-06-26T21:12:11.227Z,1,36,2,0,0,0
00265-phy-212-module-item-announcements-general-physics-with-calculus-ph-212-400-u2026,2053526,PHY-212,module_item,module_item,https://canvas.oregonstate.edu/courses/2053526/modules/items/26896939,https://canvas.oregonstate.edu/courses/2053526/pages/announcements?module_item_id=26896939,Announcements: GENERAL PHYSICS WITH CALCULUS (PH_212_400_U2026),page,announcements,1,yes,,raw_html/00265-phy-212-module-item-announcements-general-physics-with-calculus-ph-212-400-u2026.html,text/00265-phy-212-module-item-announcements-general-physics-with-calculus-ph-212-400-u2026.txt,text/00265-phy-212-module-item-announcements-general-physics-with-calculus-ph-212-400-u2026.fulltext.txt,markdown/00265-phy-212-module-item-announcements-general-physics-with-calculus-ph-212-400-u2026.md,,metadata/00265-phy-212-module-item-announcements-general-physics-with-calculus-ph-212-400-u2026.json,a04262bb409903962bf6b5b4009404914ee4ba253aa4f5873c4921ee288310cb,89461e4e8538a0cd72432539e8f5c7ee0062ff77d74a7bacbfe315336afb5024,2026-06-26T21:12:13.616Z,1,35,2,0,0,0
00266-phy-212-module-item-ta-info-scheduler-general-physics-with-calculus-ph-212-400-u2026,2053526,PHY-212,module_item,module_item,https://canvas.oregonstate.edu/courses/2053526/modules/items/26896940,https://canvas.oregonstate.edu/courses/2053526/pages/ta-info-and-scheduler?module_item_id=26896940,TA Info & Scheduler: GENERAL PHYSICS WITH CALCULUS (PH_212_400_U2026),page,ta-info-and-scheduler,1,yes,,raw_html/00266-phy-212-module-item-ta-info-scheduler-general-physics-with-calculus-ph-212-400-u2026.html,text/00266-phy-212-module-item-ta-info-scheduler-general-physics-with-calculus-ph-212-400-u2026.txt,text/00266-phy-212-module-item-ta-info-scheduler-general-physics-with-calculus-ph-212-400-u2026.fulltext.txt,markdown/00266-phy-212-module-item-ta-info-scheduler-general-physics-with-calculus-ph-212-400-u2026.md,,metadata/00266-phy-212-module-item-ta-info-scheduler-general-physics-with-calculus-ph-212-400-u2026.json,8e46a12fdba995562b0477fe159a20eb4d732bacd441d479daa2e1a4abf42d59,4267dadf4f758748c7fccfb701994be131289d6d4c97cee2e911c89c6edf9efd,2026-06-26T21:12:16.061Z,3,50,2,0,0,0
00267-phy-212-module-item-course-webpages-general-physics-with-calculus-ph-212-400-u2026,2053526,PHY-212,module_item,module_item,https://canvas.oregonstate.edu/courses/2053526/modules/items/26896941,https://canvas.oregonstate.edu/courses/2053526/pages/course-webpages?module_item_id=26896941,Course webpages: GENERAL PHYSICS WITH CALCULUS (PH_212_400_U2026),page,course-webpages,1,yes,,raw_html/00267-phy-212-module-item-course-webpages-general-physics-with-calculus-ph-212-400-u2026.html,text/00267-phy-212-module-item-course-webpages-general-physics-with-calculus-ph-212-400-u2026.txt,text/00267-phy-212-module-item-course-webpages-general-physics-with-calculus-ph-212-400-u2026.fulltext.txt,markdown/00267-phy-212-module-item-course-webpages-general-physics-with-calculus-ph-212-400-u2026.md,,metadata/00267-phy-212-module-item-course-webpages-general-physics-with-calculus-ph-212-400-u2026.json,aa103f98657c2d3c22a4a46e7fae5f136eb908936e250865e7d3dd55605446a6,bca4e81e9875c1a7d75e3e0741a08c05358104443d87c6507a0fcd7f6ae37e4b,2026-06-26T21:12:18.768Z,1,36,2,0,0,0
00268-phy-212-module-item-get-your-ph-211-course-materials-general-physics-with-calculus-ph-212-400-u2026,2053526,PHY-212,module_item,module_item,https://canvas.oregonstate.edu/courses/2053526/modules/items/26992779,https://canvas.oregonstate.edu/courses/2053526/pages/get-your-ph-211-course-materials-2?module_item_id=26992779,Get your PH 211 Course Materials! : GENERAL PHYSICS WITH CALCULUS (PH_212_400_U2026),page,get-your-ph-211-course-materials-2,1,yes,,raw_html/00268-phy-212-module-item-get-your-ph-211-course-materials-general-physics-with-calculus-ph-212-400-u2026.html,text/00268-phy-212-module-item-get-your-ph-211-course-materials-general-physics-with-calculus-ph-212-400-u2026.txt,text/00268-phy-212-module-item-get-your-ph-211-course-materials-general-physics-with-calculus-ph-212-400-u2026.fulltext.txt,markdown/00268-phy-212-module-item-get-your-ph-211-course-materials-general-physics-with-calculus-ph-212-400-u2026.md,,metadata/00268-phy-212-module-item-get-your-ph-211-course-materials-general-physics-with-calculus-ph-212-400-u2026.json,bd331a3012cbe81ca8c5cac85018163d49205905655048170ba63a6238eac827,acbb9b7cccbbfb8f847698caf7fe19c49858349c6a3051bff44ba112b946b966,2026-06-26T21:12:21.568Z,1,36,2,0,0,0
00269-phy-212-module-item-pre-lecture-partial-credit-general-physics-with-calculus-ph-212-400-u2026,2053526,PHY-212,module_item,module_item,https://canvas.oregonstate.edu/courses/2053526/modules/items/26896942,https://canvas.oregonstate.edu/courses/2053526/pages/pre-lecture-partial-credit?module_item_id=26896942,Pre-lecture partial credit: GENERAL PHYSICS WITH CALCULUS (PH_212_400_U2026),page,pre-lecture-partial-credit,1,yes,,raw_html/00269-phy-212-module-item-pre-lecture-partial-credit-general-physics-with-calculus-ph-212-400-u2026.html,text/00269-phy-212-module-item-pre-lecture-partial-credit-general-physics-with-calculus-ph-212-400-u2026.txt,text/00269-phy-212-module-item-pre-lecture-partial-credit-general-physics-with-calculus-ph-212-400-u2026.fulltext.txt,markdown/00269-phy-212-module-item-pre-lecture-partial-credit-general-physics-with-calculus-ph-212-400-u2026.md,,metadata/00269-phy-212-module-item-pre-lecture-partial-credit-general-physics-with-calculus-ph-212-400-u2026.json,fab38aade5e2e24ddd59ff3bd4d064a41073f209904f835e9b9a083d36bb0304,db4b0c10f65440b3233928615162ae8f7aa803497bc57b9277b7a43a9e59194f,2026-06-26T21:12:24.164Z,1,36,2,0,0,0
00270-phy-212-module-item-virtual-wormhole-getting-assistance-general-physics-with-calculus-ph-212-400-u2026,2053526,PHY-212,module_item,module_item,https://canvas.oregonstate.edu/courses/2053526/modules/items/26896944,https://canvas.oregonstate.edu/courses/2053526/pages/virtual-wormhole-getting-assistance?module_item_id=26896944,Virtual Wormhole - Getting assistance: GENERAL PHYSICS WITH CALCULUS (PH_212_400_U2026),page,virtual-wormhole-getting-assistance,1,yes,,raw_html/00270-phy-212-module-item-virtual-wormhole-getting-assistance-general-physics-with-calculus-ph-212-400-u2026.html,text/00270-phy-212-module-item-virtual-wormhole-getting-assistance-general-physics-with-calculus-ph-212-400-u2026.txt,text/00270-phy-212-module-item-virtual-wormhole-getting-assistance-general-physics-with-calculus-ph-212-400-u2026.fulltext.txt,markdown/00270-phy-212-module-item-virtual-wormhole-getting-assistance-general-physics-with-calculus-ph-212-400-u2026.md,,metadata/00270-phy-212-module-item-virtual-wormhole-getting-assistance-general-physics-with-calculus-ph-212-400-u2026.json,017fe1da2bb0c8799ccb5025c2e1af0e9a464d26621dd8de3540e0584dbcf3cc,aa1ce71716537675c9a7f769e41116a330a7bfcdf881d03a4da7c28eb7b39d7d,2026-06-26T21:12:27.064Z,1,34,2,0,0,0
00271-phy-212-module-item-scanned-text-on-reserve-at-library-general-physics-with-calculus-ph-212-400-u2026,2053526,PHY-212,module_item,module_item,https://canvas.oregonstate.edu/courses/2053526/modules/items/26896945,https://canvas.oregonstate.edu/courses/2053526/pages/scanned-text-on-reserve-at-library?module_item_id=26896945,Scanned text on reserve at library: GENERAL PHYSICS WITH CALCULUS (PH_212_400_U2026),page,scanned-text-on-reserve-at-library,1,yes,,raw_html/00271-phy-212-module-item-scanned-text-on-reserve-at-library-general-physics-with-calculus-ph-212-400-u2026.html,text/00271-phy-212-module-item-scanned-text-on-reserve-at-library-general-physics-with-calculus-ph-212-400-u2026.txt,text/00271-phy-212-module-item-scanned-text-on-reserve-at-library-general-physics-with-calculus-ph-212-400-u2026.fulltext.txt,markdown/00271-phy-212-module-item-scanned-text-on-reserve-at-library-general-physics-with-calculus-ph-212-400-u2026.md,,metadata/00271-phy-212-module-item-scanned-text-on-reserve-at-library-general-physics-with-calculus-ph-212-400-u2026.json,6a6ad70bad8f5585432d0b1eb4d304d1e374055a09d7ad832cbb2097675f2a48,ce00f9835e8256bb27fc073aefda11b70ab22a73f9ce771fb8cfe1dadf19563f,2026-06-26T21:12:29.661Z,1,36,2,0,0,0
00272-phy-212-module-item-gradescope-general-physics-with-calculus-ph-212-400-u2026,2053526,PHY-212,module_item,module_item,https://canvas.oregonstate.edu/courses/2053526/modules/items/26896946,https://canvas.oregonstate.edu/courses/2053526/pages/gradescope?module_item_id=26896946,Gradescope: GENERAL PHYSICS WITH CALCULUS (PH_212_400_U2026),page,gradescope,1,yes,,raw_html/00272-phy-212-module-item-gradescope-general-physics-with-calculus-ph-212-400-u2026.html,text/00272-phy-212-module-item-gradescope-general-physics-with-calculus-ph-212-400-u2026.txt,text/00272-phy-212-module-item-gradescope-general-physics-with-calculus-ph-212-400-u2026.fulltext.txt,markdown/00272-phy-212-module-item-gradescope-general-physics-with-calculus-ph-212-400-u2026.md,,metadata/00272-phy-212-module-item-gradescope-general-physics-with-calculus-ph-212-400-u2026.json,a5e41910b8062595c426154f1fdd4c0b3cde1976c940b12cf207798cbb064642,12c9d69d172c8cf40c3ed92270465171375fc80346384130e8b8deed09d85f7c,2026-06-26T21:12:32.189Z,1,45,2,0,0,0
00273-phy-212-module-item-proctorio-setup-and-troubleshooting-general-physics-with-calculus-ph-212-400-u2026,2053526,PHY-212,module_item,module_item,https://canvas.oregonstate.edu/courses/2053526/modules/items/26896947,https://canvas.oregonstate.edu/courses/2053526/pages/proctorio-setup-and-troubleshooting?module_item_id=26896947,Proctorio setup and troubleshooting: GENERAL PHYSICS WITH CALCULUS (PH_212_400_U2026),page,proctorio-setup-and-troubleshooting,1,yes,,raw_html/00273-phy-212-module-item-proctorio-setup-and-troubleshooting-general-physics-with-calculus-ph-212-400-u2026.html,text/00273-phy-212-module-item-proctorio-setup-and-troubleshooting-general-physics-with-calculus-ph-212-400-u2026.txt,text/00273-phy-212-module-item-proctorio-setup-and-troubleshooting-general-physics-with-calculus-ph-212-400-u2026.fulltext.txt,markdown/00273-phy-212-module-item-proctorio-setup-and-troubleshooting-general-physics-with-calculus-ph-212-400-u2026.md,,metadata/00273-phy-212-module-item-proctorio-setup-and-troubleshooting-general-physics-with-calculus-ph-212-400-u2026.json,f2e0caeb2d492ee5c5c25c96e50a29270d49df22f2084831a5f7f1d52dd055d3,3dbc1d9d82b2fd0b2b08c544b4c047dbfe73402b1050840dd36197c2522eafcf,2026-06-26T21:12:34.611Z,1,43,2,0,0,0
00274-phy-212-module-item-opt-out-of-lab-general-physics-with-calculus-ph-212-400-u2026,2053526,PHY-212,module_item,module_item,https://canvas.oregonstate.edu/courses/2053526/modules/items/26896948,https://canvas.oregonstate.edu/courses/2053526/pages/opt-out-of-lab?module_item_id=26896948,Opt-out of lab: GENERAL PHYSICS WITH CALCULUS (PH_212_400_U2026),page,opt-out-of-lab,1,yes,,raw_html/00274-phy-212-module-item-opt-out-of-lab-general-physics-with-calculus-ph-212-400-u2026.html,text/00274-phy-212-module-item-opt-out-of-lab-general-physics-with-calculus-ph-212-400-u2026.txt,text/00274-phy-212-module-item-opt-out-of-lab-general-physics-with-calculus-ph-212-400-u2026.fulltext.txt,markdown/00274-phy-212-module-item-opt-out-of-lab-general-physics-with-calculus-ph-212-400-u2026.md,,metadata/00274-phy-212-module-item-opt-out-of-lab-general-physics-with-calculus-ph-212-400-u2026.json,4b1334317bb26c10c62be65bc61b83b94b7601a18ad57dd11baf7e64dec6b5c8,ba680a633f6c3d0b3f611b521737a0f384aad23e63aa81fda8c4940c1b61d1f0,2026-06-26T21:12:37.114Z,1,35,2,0,0,0
00275-phy-212-module-item-oer-physics-textbook-general-physics-with-calculus-ph-212-400-u2026,2053526,PHY-212,module_item,module_item,https://canvas.oregonstate.edu/courses/2053526/modules/items/26896949,https://canvas.oregonstate.edu/courses/2053526/pages/oer-physics-textbook?module_item_id=26896949,OER Physics textbook: GENERAL PHYSICS WITH CALCULUS (PH_212_400_U2026),page,oer-physics-textbook,1,yes,,raw_html/00275-phy-212-module-item-oer-physics-textbook-general-physics-with-calculus-ph-212-400-u2026.html,text/00275-phy-212-module-item-oer-physics-textbook-general-physics-with-calculus-ph-212-400-u2026.txt,text/00275-phy-212-module-item-oer-physics-textbook-general-physics-with-calculus-ph-212-400-u2026.fulltext.txt,markdown/00275-phy-212-module-item-oer-physics-textbook-general-physics-with-calculus-ph-212-400-u2026.md,,metadata/00275-phy-212-module-item-oer-physics-textbook-general-physics-with-calculus-ph-212-400-u2026.json,c367309407a4c594ade12523f03ccd66d08cc214c145a18b03f30967781dee68,a5516444b9c07c93c6de9e5ef93482e8f3d34e277367fe46e003e4779a8bd8d4,2026-06-26T21:12:39.421Z,1,36,2,0,0,0
00276-phy-212-module-item-first-day-overview-pdf-general-physics-with-calculus-ph-212-400-u2026,2053526,PHY-212,module_item,module_item,https://canvas.oregonstate.edu/courses/2053526/modules/items/26997777,https://canvas.oregonstate.edu/courses/2053526/files/119256249?module_item_id=26997777,first day overview.pdf: GENERAL PHYSICS WITH CALCULUS (PH_212_400_U2026),file,119256249,1,yes,,raw_html/00276-phy-212-module-item-first-day-overview-pdf-general-physics-with-calculus-ph-212-400-u2026.html,text/00276-phy-212-module-item-first-day-overview-pdf-general-physics-with-calculus-ph-212-400-u2026.txt,text/00276-phy-212-module-item-first-day-overview-pdf-general-physics-with-calculus-ph-212-400-u2026.fulltext.txt,markdown/00276-phy-212-module-item-first-day-overview-pdf-general-physics-with-calculus-ph-212-400-u2026.md,,metadata/00276-phy-212-module-item-first-day-overview-pdf-general-physics-with-calculus-ph-212-400-u2026.json,39be1f7a41957af230ca659a5d36c30c470236f6fcdc5c1917e3bd3a5be381b9,521eef8ecf3fb2cbf5dc30c213182e819915f9eb4ac7a9975f14499f17f20928,2026-06-26T21:12:41.520Z,1,38,3,0,0,0
00277-phy-212-module-item-topic-general-discussion-faqs,2053526,PHY-212,module_item,module_item,https://canvas.oregonstate.edu/courses/2053526/modules/items/26896950,https://canvas.oregonstate.edu/courses/2053526/discussion_topics/11563815?module_item_id=26896950,Topic: General Discussion & FAQs,discussion,11563815,1,yes,,raw_html/00277-phy-212-module-item-topic-general-discussion-faqs.html,text/00277-phy-212-module-item-topic-general-discussion-faqs.txt,text/00277-phy-212-module-item-topic-general-discussion-faqs.fulltext.txt,markdown/00277-phy-212-module-item-topic-general-discussion-faqs.md,,metadata/00277-phy-212-module-item-topic-general-discussion-faqs.json,004299c257146a728bc8864eefa9868f5883fd51130836ecd0caa0da742d4907,e3b0c44298fc1c149afbf4c8996fb92427ae41e4649b934ca495991b7852b855,2026-06-26T21:12:44.360Z,0,34,2,0,0,0
00278-phy-212-module-item-ph-211-instructional-videos-general-physics-with-calculus-ph-212-400-u2026,2053526,PHY-212,module_item,module_item,https://canvas.oregonstate.edu/courses/2053526/modules/items/26896951,https://canvas.oregonstate.edu/courses/2053526/pages/ph-211-instructional-videos?module_item_id=26896951,PH 211 Instructional videos: GENERAL PHYSICS WITH CALCULUS (PH_212_400_U2026),page,ph-211-instructional-videos,1,yes,,raw_html/00278-phy-212-module-item-ph-211-instructional-videos-general-physics-with-calculus-ph-212-400-u2026.html,text/00278-phy-212-module-item-ph-211-instructional-videos-general-physics-with-calculus-ph-212-400-u2026.txt,text/00278-phy-212-module-item-ph-211-instructional-videos-general-physics-with-calculus-ph-212-400-u2026.fulltext.txt,markdown/00278-phy-212-module-item-ph-211-instructional-videos-general-physics-with-calculus-ph-212-400-u2026.md,,metadata/00278-phy-212-module-item-ph-211-instructional-videos-general-physics-with-calculus-ph-212-400-u2026.json,c97fb73c2d4f485ab6bba0b8edf3248350efec060e1cc47d840b8da257a1e59a,d981099b2f3b1fbccf70c037df054963dc85fc73a385ae2bd587b23b457da55f,2026-06-26T21:12:46.618Z,2,35,18,0,0,0
00279-phy-212-module-item-financial-resources-and-more-general-physics-with-calculus-ph-212-400-u2026,2053526,PHY-212,module_item,module_item,https://canvas.oregonstate.edu/courses/2053526/modules/items/26896952,https://canvas.oregonstate.edu/courses/2053526/pages/financial-resources-and-more?module_item_id=26896952,Financial resources and more: GENERAL PHYSICS WITH CALCULUS (PH_212_400_U2026),page,financial-resources-and-more,1,yes,,raw_html/00279-phy-212-module-item-financial-resources-and-more-general-physics-with-calculus-ph-212-400-u2026.html,text/00279-phy-212-module-item-financial-resources-and-more-general-physics-with-calculus-ph-212-400-u2026.txt,text/00279-phy-212-module-item-financial-resources-and-more-general-physics-with-calculus-ph-212-400-u2026.fulltext.txt,markdown/00279-phy-212-module-item-financial-resources-and-more-general-physics-with-calculus-ph-212-400-u2026.md,,metadata/00279-phy-212-module-item-financial-resources-and-more-general-physics-with-calculus-ph-212-400-u2026.json,38216323788b8613494b73de3e9affbb4bd64fa5a1fcb0b9fb21c612d5ae1299,052e131a7bb8fd88a9b7e98a53387cb0d2f9d2dbc2a512206b35e9a2743575c9,2026-06-26T21:12:49.463Z,4,64,2,0,0,0
00280-phy-212-module-item-academic-misconduct-scenarios-general-physics-with-calculus-ph-212-400-u2026,2053526,PHY-212,module_item,module_item,https://canvas.oregonstate.edu/courses/2053526/modules/items/26896953,https://canvas.oregonstate.edu/courses/2053526/pages/academic-misconduct-scenarios?module_item_id=26896953,Academic Misconduct Scenarios: GENERAL PHYSICS WITH CALCULUS (PH_212_400_U2026),page,academic-misconduct-scenarios,1,yes,,raw_html/00280-phy-212-module-item-academic-misconduct-scenarios-general-physics-with-calculus-ph-212-400-u2026.html,text/00280-phy-212-module-item-academic-misconduct-scenarios-general-physics-with-calculus-ph-212-400-u2026.txt,text/00280-phy-212-module-item-academic-misconduct-scenarios-general-physics-with-calculus-ph-212-400-u2026.fulltext.txt,markdown/00280-phy-212-module-item-academic-misconduct-scenarios-general-physics-with-calculus-ph-212-400-u2026.md,,metadata/00280-phy-212-module-item-academic-misconduct-scenarios-general-physics-with-calculus-ph-212-400-u2026.json,2d57b2785379d7a8ca898f1eecfcdaaea5e83e18c609e4e06b16ed29722cd2fa,4572cf7cf32898e8e687bf1cc14d65d623984e39f700913cc6fc88c4c6d8c855,2026-06-26T21:12:52.062Z,5,44,2,0,0,0
00281-phy-212-module-item-scanned-text-on-reserve-at-the-library-general-physics-with-calculus-ph-212-400-u2026,2053526,PHY-212,module_item,module_item,https://canvas.oregonstate.edu/courses/2053526/modules/items/26896954,https://canvas.oregonstate.edu/courses/2053526/pages/scanned-text-on-reserve-at-the-library?module_item_id=26896954,Scanned text on reserve at the library: GENERAL PHYSICS WITH CALCULUS (PH_212_400_U2026),page,scanned-text-on-reserve-at-the-library,1,yes,,raw_html/00281-phy-212-module-item-scanned-text-on-reserve-at-the-library-general-physics-with-calculus-ph-212-400-u2026.html,text/00281-phy-212-module-item-scanned-text-on-reserve-at-the-library-general-physics-with-calculus-ph-212-400-u2026.txt,text/00281-phy-212-module-item-scanned-text-on-reserve-at-the-library-general-physics-with-calculus-ph-212-400-u2026.fulltext.txt,markdown/00281-phy-212-module-item-scanned-text-on-reserve-at-the-library-general-physics-with-calculus-ph-212-400-u2026.md,,metadata/00281-phy-212-module-item-scanned-text-on-reserve-at-the-library-general-physics-with-calculus-ph-212-400-u2026.json,6126e3a4758f3cc288c6210d453171d55661d9830c52fb4feea63b98cfa7bfba,d364c7306722187703206df897cc0dd62ffd201bd0655c149203d222a0312b22,2026-06-26T21:12:54.710Z,1,36,2,0,0,0
00282-phy-212-module-item-help-getting-internet-general-physics-with-calculus-ph-212-400-u2026,2053526,PHY-212,module_item,module_item,https://canvas.oregonstate.edu/courses/2053526/modules/items/26896955,https://canvas.oregonstate.edu/courses/2053526/pages/help-getting-internet?module_item_id=26896955,Help getting internet: GENERAL PHYSICS WITH CALCULUS (PH_212_400_U2026),page,help-getting-internet,1,yes,,raw_html/00282-phy-212-module-item-help-getting-internet-general-physics-with-calculus-ph-212-400-u2026.html,text/00282-phy-212-module-item-help-getting-internet-general-physics-with-calculus-ph-212-400-u2026.txt,text/00282-phy-212-module-item-help-getting-internet-general-physics-with-calculus-ph-212-400-u2026.fulltext.txt,markdown/00282-phy-212-module-item-help-getting-internet-general-physics-with-calculus-ph-212-400-u2026.md,,metadata/00282-phy-212-module-item-help-getting-internet-general-physics-with-calculus-ph-212-400-u2026.json,52c99c2b084028825c25b356c1fe30765d17afab55d2323c8de94f10f19c1280,ac6734977e545a63a774e253c32654a2fc5f4af85852259c2d59f8dfc8197ede,2026-06-26T21:12:57.310Z,1,36,2,0,0,0
00283-phy-212-module-item-scanning-resources-general-physics-with-calculus-ph-212-400-u2026,2053526,PHY-212,module_item,module_item,https://canvas.oregonstate.edu/courses/2053526/modules/items/26896956,https://canvas.oregonstate.edu/courses/2053526/pages/scanning-resources-2?module_item_id=26896956,Scanning Resources: GENERAL PHYSICS WITH CALCULUS (PH_212_400_U2026),page,scanning-resources-2,1,yes,,raw_html/00283-phy-212-module-item-scanning-resources-general-physics-with-calculus-ph-212-400-u2026.html,text/00283-phy-212-module-item-scanning-resources-general-physics-with-calculus-ph-212-400-u2026.txt,text/00283-phy-212-module-item-scanning-resources-general-physics-with-calculus-ph-212-400-u2026.fulltext.txt,markdown/00283-phy-212-module-item-scanning-resources-general-physics-with-calculus-ph-212-400-u2026.md,,metadata/00283-phy-212-module-item-scanning-resources-general-physics-with-calculus-ph-212-400-u2026.json,774bade2dc793c7ff5b2a5fc94f0e49760c565550795cc8434b0feacd37f3848,a2d94a8427f94e0964e97bf6ee1292f7e9d21b2b73c3772894571dff0e6a86e0,2026-06-26T21:12:59.817Z,2,41,2,0,0,0
00284-phy-212-module-item-module-1-overview-of-circular-motion-general-physics-with-calculus-ph-212-400-u2026,2053526,PHY-212,module_item,module_item,https://canvas.oregonstate.edu/courses/2053526/modules/items/26896958,https://canvas.oregonstate.edu/courses/2053526/pages/module-1-%7C-overview-of-circular-motion?module_item_id=26896958,Module 1 | Overview of Circular Motion: GENERAL PHYSICS WITH CALCULUS (PH_212_400_U2026),page,module-1-%7C-overview-of-circular-motion,1,yes,,raw_html/00284-phy-212-module-item-module-1-overview-of-circular-motion-general-physics-with-calculus-ph-212-400-u2026.html,text/00284-phy-212-module-item-module-1-overview-of-circular-motion-general-physics-with-calculus-ph-212-400-u2026.txt,text/00284-phy-212-module-item-module-1-overview-of-circular-motion-general-physics-with-calculus-ph-212-400-u2026.fulltext.txt,markdown/00284-phy-212-module-item-module-1-overview-of-circular-motion-general-physics-with-calculus-ph-212-400-u2026.md,,metadata/00284-phy-212-module-item-module-1-overview-of-circular-motion-general-physics-with-calculus-ph-212-400-u2026.json,a068a5fd6380356cc2a8cf9757dbd3d0f8c734fcf3c1f8f292522e2b698bfdfd,143af96aa0e649c7832d0257c348244ccb998d07c395e0717fcb708827761e37,2026-06-26T21:13:02.411Z,4,38,2,0,0,0
00285-phy-212-module-item-module-1-circular-motion-learning-materials-general-physics-with-calculus-ph-212-400-u2026,2053526,PHY-212,module_item,module_item,https://canvas.oregonstate.edu/courses/2053526/modules/items/26896959,https://canvas.oregonstate.edu/courses/2053526/pages/module-1-%7C-circular-motion-%7C-learning-materials?module_item_id=26896959,Module 1 | Circular Motion | Learning Materials: GENERAL PHYSICS WITH CALCULUS (PH_212_400_U2026),page,module-1-%7C-circular-motion-%7C-learning-materials,1,yes,,raw_html/00285-phy-212-module-item-module-1-circular-motion-learning-materials-general-physics-with-calculus-ph-212-400-u2026.html,text/00285-phy-212-module-item-module-1-circular-motion-learning-materials-general-physics-with-calculus-ph-212-400-u2026.txt,text/00285-phy-212-module-item-module-1-circular-motion-learning-materials-general-physics-with-calculus-ph-212-400-u2026.fulltext.txt,markdown/00285-phy-212-module-item-module-1-circular-motion-learning-materials-general-physics-with-calculus-ph-212-400-u2026.md,,metadata/00285-phy-212-module-item-module-1-circular-motion-learning-materials-general-physics-with-calculus-ph-212-400-u2026.json,3b74f28c176b5f4f568a9f93d07e85ba79e2aaf5776797afa806d673ecae6f1f,7dc2a6b3a3ee5b9f34e0a85c29892472a6eb41d8eaffce0fc146bba3997d130d,2026-06-26T21:13:05.020Z,5,38,8,0,0,0
00286-phy-212-module-item-module-1-circular-motion-required-activities-general-physics-with-calculus-ph-212-400-u2026,2053526,PHY-212,module_item,module_item,https://canvas.oregonstate.edu/courses/2053526/modules/items/26896960,https://canvas.oregonstate.edu/courses/2053526/pages/module-1-%7C-circular-motion-%7C-required-activities?module_item_id=26896960,Module 1 | Circular Motion | Required Activities: GENERAL PHYSICS WITH CALCULUS (PH_212_400_U2026),page,module-1-%7C-circular-motion-%7C-required-activities,1,yes,,raw_html/00286-phy-212-module-item-module-1-circular-motion-required-activities-general-physics-with-calculus-ph-212-400-u2026.html,text/00286-phy-212-module-item-module-1-circular-motion-required-activities-general-physics-with-calculus-ph-212-400-u2026.txt,text/00286-phy-212-module-item-module-1-circular-motion-required-activities-general-physics-with-calculus-ph-212-400-u2026.fulltext.txt,markdown/00286-phy-212-module-item-module-1-circular-motion-required-activities-general-physics-with-calculus-ph-212-400-u2026.md,,metadata/00286-phy-212-module-item-module-1-circular-motion-required-activities-general-physics-with-calculus-ph-212-400-u2026.json,1c67fea3867956b05ffbf68860d88fce1ae36ff7ff3b49a796e6214fb096d361,95d5e33ddb1dc3f7e231e6544e87acb75060b440cd3cb0b55a16c211fb943067,2026-06-26T21:13:08.561Z,4,66,2,0,0,0
00287-phy-212-module-item-proctorio-practice-quiz-remotely-proctored-general-physics-with-calculus-ph-212-400-u2026,2053526,PHY-212,module_item,module_item,https://canvas.oregonstate.edu/courses/2053526/modules/items/26896961,https://canvas.oregonstate.edu/courses/2053526/quizzes/3160506?module_item_id=26896961,Proctorio practice quiz (Remotely Proctored): GENERAL PHYSICS WITH CALCULUS (PH_212_400_U2026),quiz,3160506,1,yes,,raw_html/00287-phy-212-module-item-proctorio-practice-quiz-remotely-proctored-general-physics-with-calculus-ph-212-400-u2026.html,text/00287-phy-212-module-item-proctorio-practice-quiz-remotely-proctored-general-physics-with-calculus-ph-212-400-u2026.txt,text/00287-phy-212-module-item-proctorio-practice-quiz-remotely-proctored-general-physics-with-calculus-ph-212-400-u2026.fulltext.txt,markdown/00287-phy-212-module-item-proctorio-practice-quiz-remotely-proctored-general-physics-with-calculus-ph-212-400-u2026.md,,metadata/00287-phy-212-module-item-proctorio-practice-quiz-remotely-proctored-general-physics-with-calculus-ph-212-400-u2026.json,390e8a048eb18f059eadc777e7cb449af0c2236b94a562d60eb911ced5165fde,131a3547203c4c573ff5ad10182d9d682c1b73947202a48cbee58c154745bd31,2026-06-26T21:13:11.864Z,4,40,2,0,0,0
00288-phy-212-module-item-lab-1-instructions-general-physics-with-calculus-ph-212-400-u2026,2053526,PHY-212,module_item,module_item,https://canvas.oregonstate.edu/courses/2053526/modules/items/26896962,https://canvas.oregonstate.edu/courses/2053526/pages/lab-1-instructions-2?module_item_id=26896962,Lab 1 Instructions: GENERAL PHYSICS WITH CALCULUS (PH_212_400_U2026),page,lab-1-instructions-2,1,yes,,raw_html/00288-phy-212-module-item-lab-1-instructions-general-physics-with-calculus-ph-212-400-u2026.html,text/00288-phy-212-module-item-lab-1-instructions-general-physics-with-calculus-ph-212-400-u2026.txt,text/00288-phy-212-module-item-lab-1-instructions-general-physics-with-calculus-ph-212-400-u2026.fulltext.txt,markdown/00288-phy-212-module-item-lab-1-instructions-general-physics-with-calculus-ph-212-400-u2026.md,,metadata/00288-phy-212-module-item-lab-1-instructions-general-physics-with-calculus-ph-212-400-u2026.json,b6523338d5a2985cfec2d114074ba317ee6b3bfe9c9804950fab48485714eb70,83846b01afac3ad5f2b7e382d63197189a2a5aeefddf8742ca53dbc1a2af9a1c,2026-06-26T21:13:14.413Z,6,41,2,0,0,0
00289-phy-212-module-item-lab-partner-values-survey-general-physics-with-calculus-ph-212-400-u2026,2053526,PHY-212,module_item,module_item,https://canvas.oregonstate.edu/courses/2053526/modules/items/26896963,https://canvas.oregonstate.edu/courses/2053526/quizzes/3160536?module_item_id=26896963,Lab Partner Values Survey: GENERAL PHYSICS WITH CALCULUS (PH_212_400_U2026),quiz,3160536,1,yes,,raw_html/00289-phy-212-module-item-lab-partner-values-survey-general-physics-with-calculus-ph-212-400-u2026.html,text/00289-phy-212-module-item-lab-partner-values-survey-general-physics-with-calculus-ph-212-400-u2026.txt,text/00289-phy-212-module-item-lab-partner-values-survey-general-physics-with-calculus-ph-212-400-u2026.fulltext.txt,markdown/00289-phy-212-module-item-lab-partner-values-survey-general-physics-with-calculus-ph-212-400-u2026.md,,metadata/00289-phy-212-module-item-lab-partner-values-survey-general-physics-with-calculus-ph-212-400-u2026.json,ad6ac8bafaefb513d07fa3d03b2338f58a5b971bd4e628aded954c9183ab6afa,da31bdc7ada2f6a4f5736bd1d2073d00a4b74664b438cdcf59736fe2fbb7a758,2026-06-26T21:13:17.310Z,2,54,2,0,0,0
00290-phy-212-module-item-lab-supplies-general-physics-with-calculus-ph-212-400-u2026,2053526,PHY-212,module_item,module_item,https://canvas.oregonstate.edu/courses/2053526/modules/items/26896964,https://canvas.oregonstate.edu/courses/2053526/pages/lab-supplies?module_item_id=26896964,Lab Supplies: GENERAL PHYSICS WITH CALCULUS (PH_212_400_U2026),page,lab-supplies,1,yes,,raw_html/00290-phy-212-module-item-lab-supplies-general-physics-with-calculus-ph-212-400-u2026.html,text/00290-phy-212-module-item-lab-supplies-general-physics-with-calculus-ph-212-400-u2026.txt,text/00290-phy-212-module-item-lab-supplies-general-physics-with-calculus-ph-212-400-u2026.fulltext.txt,markdown/00290-phy-212-module-item-lab-supplies-general-physics-with-calculus-ph-212-400-u2026.md,,metadata/00290-phy-212-module-item-lab-supplies-general-physics-with-calculus-ph-212-400-u2026.json,8d2e2ff3e1e7a26d4b79a160a754b2da3866ce70d110467462ecffb7721f6de6,484fdaac0ac323124c050d0b5b6f9d1fc914e461f2033453758461c08a56b65b,2026-06-26T21:13:19.460Z,3,35,2,0,0,0
00291-phy-212-module-item-lab-2-instructions-general-physics-with-calculus-ph-212-400-u2026,2053526,PHY-212,module_item,module_item,https://canvas.oregonstate.edu/courses/2053526/modules/items/26896965,https://canvas.oregonstate.edu/courses/2053526/pages/lab-2-instructions-2?module_item_id=26896965,Lab 2 Instructions: GENERAL PHYSICS WITH CALCULUS (PH_212_400_U2026),page,lab-2-instructions-2,1,yes,,raw_html/00291-phy-212-module-item-lab-2-instructions-general-physics-with-calculus-ph-212-400-u2026.html,text/00291-phy-212-module-item-lab-2-instructions-general-physics-with-calculus-ph-212-400-u2026.txt,text/00291-phy-212-module-item-lab-2-instructions-general-physics-with-calculus-ph-212-400-u2026.fulltext.txt,markdown/00291-phy-212-module-item-lab-2-instructions-general-physics-with-calculus-ph-212-400-u2026.md,,metadata/00291-phy-212-module-item-lab-2-instructions-general-physics-with-calculus-ph-212-400-u2026.json,b8d4de91f1636d5f718491eefb291ab9bf853c9b43e95e3ae9a0998788bb3a55,d0897ea44db6f2a5d5b0d66c2a0fccdc880695ee21f7f19e61af37a2b438763d,2026-06-26T21:13:22.612Z,5,38,2,0,0,0
00292-phy-212-module-item-lab-collaboration-contract-general-physics-with-calculus-ph-212-400-u2026,2053526,PHY-212,module_item,module_item,https://canvas.oregonstate.edu/courses/2053526/modules/items/26942495,https://canvas.oregonstate.edu/courses/2053526/quizzes/3160479?module_item_id=26942495,Lab Collaboration Contract: GENERAL PHYSICS WITH CALCULUS (PH_212_400_U2026),quiz,3160479,1,yes,,raw_html/00292-phy-212-module-item-lab-collaboration-contract-general-physics-with-calculus-ph-212-400-u2026.html,text/00292-phy-212-module-item-lab-collaboration-contract-general-physics-with-calculus-ph-212-400-u2026.txt,text/00292-phy-212-module-item-lab-collaboration-contract-general-physics-with-calculus-ph-212-400-u2026.fulltext.txt,markdown/00292-phy-212-module-item-lab-collaboration-contract-general-physics-with-calculus-ph-212-400-u2026.md,,metadata/00292-phy-212-module-item-lab-collaboration-contract-general-physics-with-calculus-ph-212-400-u2026.json,aa158a38d8926d9af3b48fd87e289b1736900351038e1de0b2e0de5966ed720c,6e23334b8d51772d3776e0831b4cfae6c3619293eab717f5b986abf00ca41e1a,2026-06-26T21:13:25.966Z,1,36,2,0,0,0
00293-phy-212-module-item-module-1-motion-conclusion-general-physics-with-calculus-ph-212-400-u2026,2053526,PHY-212,module_item,module_item,https://canvas.oregonstate.edu/courses/2053526/modules/items/26896968,https://canvas.oregonstate.edu/courses/2053526/pages/module-1-%7C-motion-%7C-conclusion?module_item_id=26896968,Module 1 | Motion | Conclusion: GENERAL PHYSICS WITH CALCULUS (PH_212_400_U2026),page,module-1-%7C-motion-%7C-conclusion,1,yes,,raw_html/00293-phy-212-module-item-module-1-motion-conclusion-general-physics-with-calculus-ph-212-400-u2026.html,text/00293-phy-212-module-item-module-1-motion-conclusion-general-physics-with-calculus-ph-212-400-u2026.txt,text/00293-phy-212-module-item-module-1-motion-conclusion-general-physics-with-calculus-ph-212-400-u2026.fulltext.txt,markdown/00293-phy-212-module-item-module-1-motion-conclusion-general-physics-with-calculus-ph-212-400-u2026.md,,metadata/00293-phy-212-module-item-module-1-motion-conclusion-general-physics-with-calculus-ph-212-400-u2026.json,67343a32c51bf403fdfec9a8bd4b45776ca39aaf14d10c56c124f98b32944635,dcda62f41869b085ba57d6caa476bf5dfe00a08766b9702866a247aa39fc7d0f,2026-06-26T21:13:28.659Z,1,35,2,0,0,0
00294-phy-212-assignment-detail-proctorio-practice-quiz-remotely-proctored-general-physics-with-calculus-ph-212-400-u2026,2053526,PHY-212,assignment_detail,assignment_detail,https://canvas.oregonstate.edu/courses/2053526/assignments/10557001,https://canvas.oregonstate.edu/courses/2053526/quizzes/3160506,Proctorio practice quiz (Remotely Proctored): GENERAL PHYSICS WITH CALCULUS (PH_212_400_U2026),quiz,3160506,1,yes,,raw_html/00294-phy-212-assignment-detail-proctorio-practice-quiz-remotely-proctored-general-physics-with-calculus-ph-212-400-u2026.html,text/00294-phy-212-assignment-detail-proctorio-practice-quiz-remotely-proctored-general-physics-with-calculus-ph-212-400-u2026.txt,text/00294-phy-212-assignment-detail-proctorio-practice-quiz-remotely-proctored-general-physics-with-calculus-ph-212-400-u2026.fulltext.txt,markdown/00294-phy-212-assignment-detail-proctorio-practice-quiz-remotely-proctored-general-physics-with-calculus-ph-212-400-u2026.md,,metadata/00294-phy-212-assignment-detail-proctorio-practice-quiz-remotely-proctored-general-physics-with-calculus-ph-212-400-u2026.json,38e904f5cafa196fb4cda73fd7e6ff25d68370e4d4f3ca32eb77e16dd894da6b,131a3547203c4c573ff5ad10182d9d682c1b73947202a48cbee58c154745bd31,2026-06-26T21:13:31.411Z,4,40,2,0,0,0
00295-phy-212-assignment-detail-m1-0,2053526,PHY-212,assignment_detail,assignment_detail,https://canvas.oregonstate.edu/courses/2053526/assignments/10591118,https://canvas.oregonstate.edu/courses/2053526/assignments/10591118,M1-0,assignment,10591118,1,,,raw_html/00295-phy-212-assignment-detail-m1-0.html,text/00295-phy-212-assignment-detail-m1-0.txt,text/00295-phy-212-assignment-detail-m1-0.fulltext.txt,markdown/00295-phy-212-assignment-detail-m1-0.md,,metadata/00295-phy-212-assignment-detail-m1-0.json,01cffe0d7d50f2bd005182de1504dd4c922ab6544e4388e91c28d255a87f51f9,268caf3691de0fbd7a5aa95d655b7cf6654cfeaa91d59c3ffd958bd8d6a5a362,2026-06-26T21:13:33.822Z,2,60,2,0,0,0
00296-phy-212-assignment-detail-m1-0asy-general-physics-with-calculus-ph-212-400-u2026,2053526,PHY-212,assignment_detail,assignment_detail,https://canvas.oregonstate.edu/courses/2053526/assignments/10590694,https://canvas.oregonstate.edu/courses/2053526/quizzes/3169000,M1-0asy: GENERAL PHYSICS WITH CALCULUS (PH_212_400_U2026),quiz,3169000,1,yes,,raw_html/00296-phy-212-assignment-detail-m1-0asy-general-physics-with-calculus-ph-212-400-u2026.html,text/00296-phy-212-assignment-detail-m1-0asy-general-physics-with-calculus-ph-212-400-u2026.txt,text/00296-phy-212-assignment-detail-m1-0asy-general-physics-with-calculus-ph-212-400-u2026.fulltext.txt,markdown/00296-phy-212-assignment-detail-m1-0asy-general-physics-with-calculus-ph-212-400-u2026.md,,metadata/00296-phy-212-assignment-detail-m1-0asy-general-physics-with-calculus-ph-212-400-u2026.json,393e9559c4d4c02f6bc5d0e967b3aa88c87d70051c64c7877b246f8bbfd80a6a,00d9a62922de707bd95b60b5a5cc1ca0a06ba3055cb62d7fb36a106e83df80f7,2026-06-26T21:13:36.313Z,3,43,2,0,0,0
00297-phy-212-assignment-detail-m1-00,2053526,PHY-212,assignment_detail,assignment_detail,https://canvas.oregonstate.edu/courses/2053526/assignments/10592346,https://canvas.oregonstate.edu/courses/2053526/assignments/10592346,M1-00,assignment,10592346,1,,,raw_html/00297-phy-212-assignment-detail-m1-00.html,text/00297-phy-212-assignment-detail-m1-00.txt,text/00297-phy-212-assignment-detail-m1-00.fulltext.txt,markdown/00297-phy-212-assignment-detail-m1-00.md,,metadata/00297-phy-212-assignment-detail-m1-00.json,1d3eb047e3b5200874dac44619922f35d4f712db3597fb6eb8f15f798779c7db,97d1b5c98dcfd74fe6fef7a87a2289ce1679886e708e7ed5af4938b96afc5745,2026-06-26T21:13:38.568Z,2,60,2,0,0,0
00298-phy-212-assignment-detail-m1-00asy-general-physics-with-calculus-ph-212-400-u2026,2053526,PHY-212,assignment_detail,assignment_detail,https://canvas.oregonstate.edu/courses/2053526/assignments/10590695,https://canvas.oregonstate.edu/courses/2053526/quizzes/3169001,M1-00asy: GENERAL PHYSICS WITH CALCULUS (PH_212_400_U2026),quiz,3169001,1,yes,,raw_html/00298-phy-212-assignment-detail-m1-00asy-general-physics-with-calculus-ph-212-400-u2026.html,text/00298-phy-212-assignment-detail-m1-00asy-general-physics-with-calculus-ph-212-400-u2026.txt,text/00298-phy-212-assignment-detail-m1-00asy-general-physics-with-calculus-ph-212-400-u2026.fulltext.txt,markdown/00298-phy-212-assignment-detail-m1-00asy-general-physics-with-calculus-ph-212-400-u2026.md,,metadata/00298-phy-212-assignment-detail-m1-00asy-general-physics-with-calculus-ph-212-400-u2026.json,c4b52dd102d752d37cefecf957018c5edfc76d01511786a1acd09f7ca2a1dd05,4b3e919aab3bb9a40a4edca521be99af1006fb651afcb2e36d2e3a68fe3c2bbf,2026-06-26T21:13:41.261Z,5,58,2,0,0,0
00299-phy-212-assignment-detail-m1-1,2053526,PHY-212,assignment_detail,assignment_detail,https://canvas.oregonstate.edu/courses/2053526/assignments/10592982,https://canvas.oregonstate.edu/courses/2053526/assignments/10592982,M1-1,assignment,10592982,1,,,raw_html/00299-phy-212-assignment-detail-m1-1.html,text/00299-phy-212-assignment-detail-m1-1.txt,text/00299-phy-212-assignment-detail-m1-1.fulltext.txt,markdown/00299-phy-212-assignment-detail-m1-1.md,,metadata/00299-phy-212-assignment-detail-m1-1.json,3e2eef5384d4793343b30634c5c92f4ea00d65a2d64e61fb956e324d767c37d0,68a258d0f9a59cdf19d61c6f28e63714bc3dc6f03e2e6895193c2f8699d94196,2026-06-26T21:13:43.269Z,2,60,2,0,0,0
00300-phy-212-assignment-detail-m1-1asy-general-physics-with-calculus-ph-212-400-u2026,2053526,PHY-212,assignment_detail,assignment_detail,https://canvas.oregonstate.edu/courses/2053526/assignments/10556950,https://canvas.oregonstate.edu/courses/2053526/quizzes/3160454,M1-1asy: GENERAL PHYSICS WITH CALCULUS (PH_212_400_U2026),quiz,3160454,1,yes,,raw_html/00300-phy-212-assignment-detail-m1-1asy-general-physics-with-calculus-ph-212-400-u2026.html,text/00300-phy-212-assignment-detail-m1-1asy-general-physics-with-calculus-ph-212-400-u2026.txt,text/00300-phy-212-assignment-detail-m1-1asy-general-physics-with-calculus-ph-212-400-u2026.fulltext.txt,markdown/00300-phy-212-assignment-detail-m1-1asy-general-physics-with-calculus-ph-212-400-u2026.md,,metadata/00300-phy-212-assignment-detail-m1-1asy-general-physics-with-calculus-ph-212-400-u2026.json,ec9c2aa8d3e633dc010802f68bac173962307b50506ada87197581779f9e0a18,589bb2722b67428d38cb572c75b983daef9344db959828c6f4f6104057c181ba,2026-06-26T21:13:46.115Z,5,61,2,0,0,0
00301-phy-212-assignment-detail-m1-2,2053526,PHY-212,assignment_detail,assignment_detail,https://canvas.oregonstate.edu/courses/2053526/assignments/10593560,https://canvas.oregonstate.edu/courses/2053526/assignments/10593560,M1-2,assignment,10593560,1,,,raw_html/00301-phy-212-assignment-detail-m1-2.html,text/00301-phy-212-assignment-detail-m1-2.txt,text/00301-phy-212-assignment-detail-m1-2.fulltext.txt,markdown/00301-phy-212-assignment-detail-m1-2.md,,metadata/00301-phy-212-assignment-detail-m1-2.json,bb51b3d415f32a921125c46a9e6a3b7a91146b3f76f7b11754a8ff7ffb823d19,04f5901d1f66ff5af7a78bf2b5bf4804f9a43aec5485f0e59f377241862cfcd9,2026-06-26T21:13:48.214Z,2,60,2,0,0,0
00302-phy-212-assignment-detail-m1-2asy-general-physics-with-calculus-ph-212-400-u2026,2053526,PHY-212,assignment_detail,assignment_detail,https://canvas.oregonstate.edu/courses/2053526/assignments/10556986,https://canvas.oregonstate.edu/courses/2053526/quizzes/3160491,M1-2asy: GENERAL PHYSICS WITH CALCULUS (PH_212_400_U2026),quiz,3160491,1,yes,,raw_html/00302-phy-212-assignment-detail-m1-2asy-general-physics-with-calculus-ph-212-400-u2026.html,text/00302-phy-212-assignment-detail-m1-2asy-general-physics-with-calculus-ph-212-400-u2026.txt,text/00302-phy-212-assignment-detail-m1-2asy-general-physics-with-calculus-ph-212-400-u2026.fulltext.txt,markdown/00302-phy-212-assignment-detail-m1-2asy-general-physics-with-calculus-ph-212-400-u2026.md,,metadata/00302-phy-212-assignment-detail-m1-2asy-general-physics-with-calculus-ph-212-400-u2026.json,c00be67dfbc4b43ed3806c036847641bdab9b5ef4944c96ec4d4f2bf8bd6eaad,161e70b27e646ec9e39af040a5bcf3518f253c0b212053286ccd45b160d54b70,2026-06-26T21:13:51.211Z,4,36,2,0,0,0
00303-phy-212-assignment-detail-m1-1pre-general-physics-with-calculus-ph-212-400-u2026,2053526,PHY-212,assignment_detail,assignment_detail,https://canvas.oregonstate.edu/courses/2053526/assignments/10557008,https://canvas.oregonstate.edu/courses/2053526/quizzes/3160514,M1-1pre: GENERAL PHYSICS WITH CALCULUS (PH_212_400_U2026),quiz,3160514,1,yes,,raw_html/00303-phy-212-assignment-detail-m1-1pre-general-physics-with-calculus-ph-212-400-u2026.html,text/00303-phy-212-assignment-detail-m1-1pre-general-physics-with-calculus-ph-212-400-u2026.txt,text/00303-phy-212-assignment-detail-m1-1pre-general-physics-with-calculus-ph-212-400-u2026.fulltext.txt,markdown/00303-phy-212-assignment-detail-m1-1pre-general-physics-with-calculus-ph-212-400-u2026.md,,metadata/00303-phy-212-assignment-detail-m1-1pre-general-physics-with-calculus-ph-212-400-u2026.json,4b3151711a341d0b2a9873f8474236c466804500fa33e48c381d1fde37c69358,720af7d9695ca0210783d2ab792b02a45975306ef6521ad1491f5d59f7a6a114,2026-06-26T21:13:53.861Z,3,41,2,0,0,0
00304-phy-212-assignment-detail-m1-2pre-general-physics-with-calculus-ph-212-400-u2026,2053526,PHY-212,assignment_detail,assignment_detail,https://canvas.oregonstate.edu/courses/2053526/assignments/10556960,https://canvas.oregonstate.edu/courses/2053526/quizzes/3160464,M1-2pre: GENERAL PHYSICS WITH CALCULUS (PH_212_400_U2026),quiz,3160464,1,yes,,raw_html/00304-phy-212-assignment-detail-m1-2pre-general-physics-with-calculus-ph-212-400-u2026.html,text/00304-phy-212-assignment-detail-m1-2pre-general-physics-with-calculus-ph-212-400-u2026.txt,text/00304-phy-212-assignment-detail-m1-2pre-general-physics-with-calculus-ph-212-400-u2026.fulltext.txt,markdown/00304-phy-212-assignment-detail-m1-2pre-general-physics-with-calculus-ph-212-400-u2026.md,,metadata/00304-phy-212-assignment-detail-m1-2pre-general-physics-with-calculus-ph-212-400-u2026.json,7b322d5183181b5b4b1b9f2720bf00c39962166034d29b7f6bcc96ae981c226c,42df59110d6b68595abaf80f1c888af7185227a9aff00e1f35341fb79fc8a3e6,2026-06-26T21:13:56.761Z,3,40,2,0,0,0
00305-phy-212-assignment-detail-m1-3pre-general-physics-with-calculus-ph-212-400-u2026,2053526,PHY-212,assignment_detail,assignment_detail,https://canvas.oregonstate.edu/courses/2053526/assignments/10556970,https://canvas.oregonstate.edu/courses/2053526/quizzes/3160475,M1-3pre: GENERAL PHYSICS WITH CALCULUS (PH_212_400_U2026),quiz,3160475,1,yes,,raw_html/00305-phy-212-assignment-detail-m1-3pre-general-physics-with-calculus-ph-212-400-u2026.html,text/00305-phy-212-assignment-detail-m1-3pre-general-physics-with-calculus-ph-212-400-u2026.txt,text/00305-phy-212-assignment-detail-m1-3pre-general-physics-with-calculus-ph-212-400-u2026.fulltext.txt,markdown/00305-phy-212-assignment-detail-m1-3pre-general-physics-with-calculus-ph-212-400-u2026.md,,metadata/00305-phy-212-assignment-detail-m1-3pre-general-physics-with-calculus-ph-212-400-u2026.json,0de4b763f87bc972c6d2156da78341e31c3b88f3bb2c1748e2f968d4535c3c64,eba455ad82ced80175b1e2baa5a22ea47be884ed33ac3ece98cd627740b87bdc,2026-06-26T21:13:59.313Z,1,34,2,0,0,0
00306-phy-212-assignment-detail-m1-4pre-general-physics-with-calculus-ph-212-400-u2026,2053526,PHY-212,assignment_detail,assignment_detail,https://canvas.oregonstate.edu/courses/2053526/assignments/10556995,https://canvas.oregonstate.edu/courses/2053526/quizzes/3160500,M1-4pre: GENERAL PHYSICS WITH CALCULUS (PH_212_400_U2026),quiz,3160500,1,yes,,raw_html/00306-phy-212-assignment-detail-m1-4pre-general-physics-with-calculus-ph-212-400-u2026.html,text/00306-phy-212-assignment-detail-m1-4pre-general-physics-with-calculus-ph-212-400-u2026.txt,text/00306-phy-212-assignment-detail-m1-4pre-general-physics-with-calculus-ph-212-400-u2026.fulltext.txt,markdown/00306-phy-212-assignment-detail-m1-4pre-general-physics-with-calculus-ph-212-400-u2026.md,,metadata/00306-phy-212-assignment-detail-m1-4pre-general-physics-with-calculus-ph-212-400-u2026.json,4e61b24ccb9a70f08c00859e48fefad9fcf8015868621f2a0d539f9973245c81,55ba9f73e62e3d5226e110c8ac3b7d5f8538b16a9a2284c9178d19fc477856d8,2026-06-26T21:14:01.861Z,1,34,2,0,0,0
00307-phy-212-assignment-detail-m1-5pre-general-physics-with-calculus-ph-212-400-u2026,2053526,PHY-212,assignment_detail,assignment_detail,https://canvas.oregonstate.edu/courses/2053526/assignments/10556971,https://canvas.oregonstate.edu/courses/2053526/quizzes/3160476,M1-5pre: GENERAL PHYSICS WITH CALCULUS (PH_212_400_U2026),quiz,3160476,1,yes,,raw_html/00307-phy-212-assignment-detail-m1-5pre-general-physics-with-calculus-ph-212-400-u2026.html,text/00307-phy-212-assignment-detail-m1-5pre-general-physics-with-calculus-ph-212-400-u2026.txt,text/00307-phy-212-assignment-detail-m1-5pre-general-physics-with-calculus-ph-212-400-u2026.fulltext.txt,markdown/00307-phy-212-assignment-detail-m1-5pre-general-physics-with-calculus-ph-212-400-u2026.md,,metadata/00307-phy-212-assignment-detail-m1-5pre-general-physics-with-calculus-ph-212-400-u2026.json,a0e3f73430c3b3942c6b781057926834f40691cd6cbaad495905018a12e4775b,ceba0e479c3984a4f3f02533c3439d548685c50e0162d35a787fd6b9dd677c38,2026-06-26T21:14:04.259Z,1,34,2,0,0,0
00308-phy-212-assignment-detail-m2-1pre,2053526,PHY-212,assignment_detail,assignment_detail,https://canvas.oregonstate.edu/courses/2053526/assignments/10557070,https://canvas.oregonstate.edu/courses/2053526/assignments/10557070,M2-1pre,assignment,10557070,1,,,raw_html/00308-phy-212-assignment-detail-m2-1pre.html,text/00308-phy-212-assignment-detail-m2-1pre.txt,text/00308-phy-212-assignment-detail-m2-1pre.fulltext.txt,markdown/00308-phy-212-assignment-detail-m2-1pre.md,,metadata/00308-phy-212-assignment-detail-m2-1pre.json,1578e95932f9e2ffe3c5120a06d9682d41765ca64d40d43d14bbdebbf078d7f5,a3238818df7c1bf69d74e535b400b6b81b507c078d563e5e8a96dd1bae7b51e9,2026-06-26T21:14:06.562Z,2,59,2,0,0,0
00309-phy-212-assignment-detail-topic-course-introductions,2053526,PHY-212,assignment_detail,assignment_detail,https://canvas.oregonstate.edu/courses/2053526/assignments/10557032,https://canvas.oregonstate.edu/courses/2053526/discussion_topics/11563802,Topic: Course Introductions,discussion,11563802,1,yes,,raw_html/00309-phy-212-assignment-detail-topic-course-introductions.html,text/00309-phy-212-assignment-detail-topic-course-introductions.txt,text/00309-phy-212-assignment-detail-topic-course-introductions.fulltext.txt,markdown/00309-phy-212-assignment-detail-topic-course-introductions.md,,metadata/00309-phy-212-assignment-detail-topic-course-introductions.json,e05fb8caefe4defe60722e4aa42137787815e5f685c0577b5f940bb184e52081,e3b0c44298fc1c149afbf4c8996fb92427ae41e4649b934ca495991b7852b855,2026-06-26T21:14:09.416Z,0,34,2,0,0,0
00310-phy-212-assignment-detail-lab-partner-values-survey-general-physics-with-calculus-ph-212-400-u2026,2053526,PHY-212,assignment_detail,assignment_detail,https://canvas.oregonstate.edu/courses/2053526/assignments/10557029,https://canvas.oregonstate.edu/courses/2053526/quizzes/3160536,Lab Partner Values Survey: GENERAL PHYSICS WITH CALCULUS (PH_212_400_U2026),quiz,3160536,1,yes,,raw_html/00310-phy-212-assignment-detail-lab-partner-values-survey-general-physics-with-calculus-ph-212-400-u2026.html,text/00310-phy-212-assignment-detail-lab-partner-values-survey-general-physics-with-calculus-ph-212-400-u2026.txt,text/00310-phy-212-assignment-detail-lab-partner-values-survey-general-physics-with-calculus-ph-212-400-u2026.fulltext.txt,markdown/00310-phy-212-assignment-detail-lab-partner-values-survey-general-physics-with-calculus-ph-212-400-u2026.md,,metadata/00310-phy-212-assignment-detail-lab-partner-values-survey-general-physics-with-calculus-ph-212-400-u2026.json,ce04719ee3c9f1fcdce2de36e9db21f98cf24256ab557e3f13e221e60ecd2a83,da31bdc7ada2f6a4f5736bd1d2073d00a4b74664b438cdcf59736fe2fbb7a758,2026-06-26T21:14:45.663Z,2,54,2,0,0,0
00311-phy-212-assignment-detail-topic-lab-1-discussion-lab-group-22,2053526,PHY-212,assignment_detail,assignment_detail,https://canvas.oregonstate.edu/courses/2053526/assignments/10557036,https://canvas.oregonstate.edu/groups/733396/discussion_topics/11579973,Topic: Lab 1 Discussion - Lab Group 22,discussion,11579973,1,yes,,raw_html/00311-phy-212-assignment-detail-topic-lab-1-discussion-lab-group-22.html,text/00311-phy-212-assignment-detail-topic-lab-1-discussion-lab-group-22.txt,text/00311-phy-212-assignment-detail-topic-lab-1-discussion-lab-group-22.fulltext.txt,markdown/00311-phy-212-assignment-detail-topic-lab-1-discussion-lab-group-22.md,,metadata/00311-phy-212-assignment-detail-topic-lab-1-discussion-lab-group-22.json,9476c96e44e906f3654c24ad900bdaf05b2ed889a19b1359540f3d249ccdbf4a,e3b0c44298fc1c149afbf4c8996fb92427ae41e4649b934ca495991b7852b855,2026-06-26T21:14:49.063Z,0,25,2,0,0,0
00312-phy-212-assignment-detail-lab-1-report,2053526,PHY-212,assignment_detail,assignment_detail,https://canvas.oregonstate.edu/courses/2053526/assignments/10557057,https://canvas.oregonstate.edu/courses/2053526/assignments/10557057,Lab 1 Report,assignment,10557057,1,,yes,raw_html/00312-phy-212-assignment-detail-lab-1-report.html,text/00312-phy-212-assignment-detail-lab-1-report.txt,text/00312-phy-212-assignment-detail-lab-1-report.fulltext.txt,markdown/00312-phy-212-assignment-detail-lab-1-report.md,,metadata/00312-phy-212-assignment-detail-lab-1-report.json,ec6dbe6c086d58150ba198e3e326a52fa07825b0178e1c014fbfdfed90e12f0a,f51871072c54b70f63b70611ce15c7a50e760f1f4cccd171811b0551838d1a6a,2026-06-26T21:14:51.763Z,3,59,2,0,0,0
00313-phy-212-assignment-detail-hw-1-rotational-motion-general-physics-with-calculus-ph-212-400-u2026,2053526,PHY-212,assignment_detail,assignment_detail,https://canvas.oregonstate.edu/courses/2053526/assignments/10556984,https://canvas.oregonstate.edu/courses/2053526/quizzes/3160489,Hw 1 - Rotational Motion: GENERAL PHYSICS WITH CALCULUS (PH_212_400_U2026),quiz,3160489,1,yes,,raw_html/00313-phy-212-assignment-detail-hw-1-rotational-motion-general-physics-with-calculus-ph-212-400-u2026.html,text/00313-phy-212-assignment-detail-hw-1-rotational-motion-general-physics-with-calculus-ph-212-400-u2026.txt,text/00313-phy-212-assignment-detail-hw-1-rotational-motion-general-physics-with-calculus-ph-212-400-u2026.fulltext.txt,markdown/00313-phy-212-assignment-detail-hw-1-rotational-motion-general-physics-with-calculus-ph-212-400-u2026.md,,metadata/00313-phy-212-assignment-detail-hw-1-rotational-motion-general-physics-with-calculus-ph-212-400-u2026.json,44b6f83ade4ff99ec0aacdfce3de9c584a29c92c057abc364a449a86149a3947,04d2bd710179b0d763e6f9bb211da17a601ccecced28c3ffd35d2dcce6dd5c5e,2026-06-26T21:14:54.261Z,2,35,2,0,0,0
00314-phy-212-linked-detail-topic-please-email-your-lab-ta-to-confirm-your-meeting-time,2053526,PHY-212,linked_detail,linked_detail,https://canvas.oregonstate.edu/courses/2053526/discussion_topics/11601297,https://canvas.oregonstate.edu/courses/2053526/discussion_topics/11601297,Topic: Please email your Lab TA to confirm your meeting time,discussion,11601297,1,,,raw_html/00314-phy-212-linked-detail-topic-please-email-your-lab-ta-to-confirm-your-meeting-time.html,text/00314-phy-212-linked-detail-topic-please-email-your-lab-ta-to-confirm-your-meeting-time.txt,text/00314-phy-212-linked-detail-topic-please-email-your-lab-ta-to-confirm-your-meeting-time.fulltext.txt,markdown/00314-phy-212-linked-detail-topic-please-email-your-lab-ta-to-confirm-your-meeting-time.md,,metadata/00314-phy-212-linked-detail-topic-please-email-your-lab-ta-to-confirm-your-meeting-time.json,0a6da480f36777047715abea221dbf183d05a3e4e3a110c813729e3161cf9779,e3b0c44298fc1c149afbf4c8996fb92427ae41e4649b934ca495991b7852b855,2026-06-26T21:14:56.418Z,0,34,2,0,0,0
00315-phy-212-linked-detail-topic-first-day-lecture-and-participation,2053526,PHY-212,linked_detail,linked_detail,https://canvas.oregonstate.edu/courses/2053526/discussion_topics/11597788,https://canvas.oregonstate.edu/courses/2053526/discussion_topics/11597788,Topic: First day lecture and participation,discussion,11597788,1,,,raw_html/00315-phy-212-linked-detail-topic-first-day-lecture-and-participation.html,text/00315-phy-212-linked-detail-topic-first-day-lecture-and-participation.txt,text/00315-phy-212-linked-detail-topic-first-day-lecture-and-participation.fulltext.txt,markdown/00315-phy-212-linked-detail-topic-first-day-lecture-and-participation.md,,metadata/00315-phy-212-linked-detail-topic-first-day-lecture-and-participation.json,55c13a3311bfbb93a645ab69906b210a914664faebd22ffe3cf837814aeed90e,e3b0c44298fc1c149afbf4c8996fb92427ae41e4649b934ca495991b7852b855,2026-06-26T21:14:59.068Z,0,34,2,0,0,0
00316-phy-212-linked-detail-topic-welcome,2053526,PHY-212,linked_detail,linked_detail,https://canvas.oregonstate.edu/courses/2053526/discussion_topics/11563801,https://canvas.oregonstate.edu/courses/2053526/discussion_topics/11563801,Topic: Welcome!,discussion,11563801,1,,,raw_html/00316-phy-212-linked-detail-topic-welcome.html,text/00316-phy-212-linked-detail-topic-welcome.txt,text/00316-phy-212-linked-detail-topic-welcome.fulltext.txt,markdown/00316-phy-212-linked-detail-topic-welcome.md,,metadata/00316-phy-212-linked-detail-topic-welcome.json,3d276a88c8398dec5b6d32c2f526853206c56fab0c7677662dd85340eaa45e83,e3b0c44298fc1c149afbf4c8996fb92427ae41e4649b934ca495991b7852b855,2026-06-26T21:15:01.511Z,0,34,2,0,0,0
00317-phy-212-linked-detail-topic-general-discussion-faqs,2053526,PHY-212,linked_detail,linked_detail,https://canvas.oregonstate.edu/courses/2053526/discussion_topics/11563815,https://canvas.oregonstate.edu/courses/2053526/discussion_topics/11563815,Topic: General Discussion & FAQs,discussion,11563815,1,,,raw_html/00317-phy-212-linked-detail-topic-general-discussion-faqs.html,text/00317-phy-212-linked-detail-topic-general-discussion-faqs.txt,text/00317-phy-212-linked-detail-topic-general-discussion-faqs.fulltext.txt,markdown/00317-phy-212-linked-detail-topic-general-discussion-faqs.md,,metadata/00317-phy-212-linked-detail-topic-general-discussion-faqs.json,8967b8c0938f48297a8f8f55bf0379f195e5f5b01a8bf821bf3c0147d97834a1,42d670e3cc0a5583a37ca9ae7c53dc45ed9fc77a53a5b9b212e8b20cb95a5225,2026-06-26T21:15:04.163Z,3,40,2,0,0,0
00318-phy-212-linked-detail-topic-course-introductions,2053526,PHY-212,linked_detail,linked_detail,https://canvas.oregonstate.edu/courses/2053526/discussion_topics/11563802,https://canvas.oregonstate.edu/courses/2053526/discussion_topics/11563802,Topic: Course Introductions,discussion,11563802,1,,,raw_html/00318-phy-212-linked-detail-topic-course-introductions.html,text/00318-phy-212-linked-detail-topic-course-introductions.txt,text/00318-phy-212-linked-detail-topic-course-introductions.fulltext.txt,markdown/00318-phy-212-linked-detail-topic-course-introductions.md,,metadata/00318-phy-212-linked-detail-topic-course-introductions.json,5b23f9c9fa38833a7742f5ff54f04ad29bce1e45367ff05238ca7d03430548f2,e3b0c44298fc1c149afbf4c8996fb92427ae41e4649b934ca495991b7852b855,2026-06-26T21:15:06.767Z,0,34,2,0,0,0
00319-phy-212-linked-detail-topic-project-optional-step-find-group-members,2053526,PHY-212,linked_detail,linked_detail,https://canvas.oregonstate.edu/courses/2053526/discussion_topics/11563812,https://canvas.oregonstate.edu/courses/2053526/discussion_topics/11563812,Topic: 🤔 Project | Optional Step: Find Group Members,discussion,11563812,1,,,raw_html/00319-phy-212-linked-detail-topic-project-optional-step-find-group-members.html,text/00319-phy-212-linked-detail-topic-project-optional-step-find-group-members.txt,text/00319-phy-212-linked-detail-topic-project-optional-step-find-group-members.fulltext.txt,markdown/00319-phy-212-linked-detail-topic-project-optional-step-find-group-members.md,,metadata/00319-phy-212-linked-detail-topic-project-optional-step-find-group-members.json,ed1236c621169a2985fd88f41f5388a569692fee33b37c2a0778e934b24d1df1,6f798e950b39fa4493a963cf1f752224610818f5c953dfeab812a9f76bc36448,2026-06-26T21:15:40.261Z,4,35,2,0,0,0
00320-mth-252-linked-detail-mth-252z-400-syllabus-u26-gilliam-pdf-integral-calculus-mth-252z-400-u2026,2080857,MTH-252,linked_detail,linked_detail,https://canvas.oregonstate.edu/courses/2080857/files/119246076?wrap=1,https://canvas.oregonstate.edu/courses/2080857/files/119246076?wrap=1,MTH 252Z-400 Syllabus U26 Gilliam.pdf: INTEGRAL CALCULUS (MTH_252Z_400_U2026),file,119246076,2,,,raw_html/00320-mth-252-linked-detail-mth-252z-400-syllabus-u26-gilliam-pdf-integral-calculus-mth-252z-400-u2026.html,text/00320-mth-252-linked-detail-mth-252z-400-syllabus-u26-gilliam-pdf-integral-calculus-mth-252z-400-u2026.txt,text/00320-mth-252-linked-detail-mth-252z-400-syllabus-u26-gilliam-pdf-integral-calculus-mth-252z-400-u2026.fulltext.txt,markdown/00320-mth-252-linked-detail-mth-252z-400-syllabus-u26-gilliam-pdf-integral-calculus-mth-252z-400-u2026.md,,metadata/00320-mth-252-linked-detail-mth-252z-400-syllabus-u26-gilliam-pdf-integral-calculus-mth-252z-400-u2026.json,feababdaae719679a5faeeef328d416d67dcb294d285e06626cc1a6b372d6a27,ad39ca4929213be020fe75b4234f62a1dea4a68242a5bce7e20ba47b1ce783a6,2026-06-26T21:15:42.562Z,1,29,3,0,0,0
00321-mth-252-linked-detail-mth-252z-401-syllabus-u26-gilliam-pdf-integral-calculus-mth-252z-400-u2026,2080857,MTH-252,linked_detail,linked_detail,https://canvas.oregonstate.edu/courses/2080857/files/119246078?wrap=1,https://canvas.oregonstate.edu/courses/2080857/files/119246078?wrap=1,MTH 252Z-401 Syllabus U26 Gilliam.pdf: INTEGRAL CALCULUS (MTH_252Z_400_U2026),file,119246078,2,,,raw_html/00321-mth-252-linked-detail-mth-252z-401-syllabus-u26-gilliam-pdf-integral-calculus-mth-252z-400-u2026.html,text/00321-mth-252-linked-detail-mth-252z-401-syllabus-u26-gilliam-pdf-integral-calculus-mth-252z-400-u2026.txt,text/00321-mth-252-linked-detail-mth-252z-401-syllabus-u26-gilliam-pdf-integral-calculus-mth-252z-400-u2026.fulltext.txt,markdown/00321-mth-252-linked-detail-mth-252z-401-syllabus-u26-gilliam-pdf-integral-calculus-mth-252z-400-u2026.md,,metadata/00321-mth-252-linked-detail-mth-252z-401-syllabus-u26-gilliam-pdf-integral-calculus-mth-252z-400-u2026.json,7677d66ded39edf1c29297ba10cb2500dde03c0c69b1d6145841814f83a2b229,97a9961de56166591067873e8817d3b4fc51e71ea486de4f2abf1a0b8d917523,2026-06-26T21:15:44.522Z,1,29,3,0,0,0
00322-mth-252-linked-detail-mth-252-online-course-calendar-pdf-integral-calculus-mth-252z-400-u2026,2080857,MTH-252,linked_detail,linked_detail,https://canvas.oregonstate.edu/courses/2080857/files/119246095?wrap=1,https://canvas.oregonstate.edu/courses/2080857/files/119246095?wrap=1,MTH-252-Online-Course-Calendar.pdf: INTEGRAL CALCULUS (MTH_252Z_400_U2026),file,119246095,2,,,raw_html/00322-mth-252-linked-detail-mth-252-online-course-calendar-pdf-integral-calculus-mth-252z-400-u2026.html,text/00322-mth-252-linked-detail-mth-252-online-course-calendar-pdf-integral-calculus-mth-252z-400-u2026.txt,text/00322-mth-252-linked-detail-mth-252-online-course-calendar-pdf-integral-calculus-mth-252z-400-u2026.fulltext.txt,markdown/00322-mth-252-linked-detail-mth-252-online-course-calendar-pdf-integral-calculus-mth-252z-400-u2026.md,,metadata/00322-mth-252-linked-detail-mth-252-online-course-calendar-pdf-integral-calculus-mth-252z-400-u2026.json,099b8a69db9806446fdc3981b5ae74fb2c3c1c10c07f8cbfc690a40a2d3de558,c89a667a253848ce4f6418fe3e52ca631d7b3f7565998c3621a3db945ac0b45e,2026-06-26T21:15:46.511Z,1,29,3,0,0,0
00323-mth-252-linked-detail-achieve-registration-process-v3-pdf-integral-calculus-mth-252z-400-u2026,2080857,MTH-252,linked_detail,linked_detail,https://canvas.oregonstate.edu/courses/2080857/files/119223565?module_item_id=26982524#,https://canvas.oregonstate.edu/courses/2080857/files/119223565?module_item_id=26982524#,Achieve Registration Process_v3.pdf: INTEGRAL CALCULUS (MTH_252Z_400_U2026),file,119223565,2,,,raw_html/00323-mth-252-linked-detail-achieve-registration-process-v3-pdf-integral-calculus-mth-252z-400-u2026.html,text/00323-mth-252-linked-detail-achieve-registration-process-v3-pdf-integral-calculus-mth-252z-400-u2026.txt,text/00323-mth-252-linked-detail-achieve-registration-process-v3-pdf-integral-calculus-mth-252z-400-u2026.fulltext.txt,markdown/00323-mth-252-linked-detail-achieve-registration-process-v3-pdf-integral-calculus-mth-252z-400-u2026.md,,metadata/00323-mth-252-linked-detail-achieve-registration-process-v3-pdf-integral-calculus-mth-252z-400-u2026.json,2d59b4078b136020365b7c7b52d739fe3b7a26e4ef1b92fa9d0128c2e0f190d5,11492b3b6e08c3d4fae1e2119db28ee384b2f522644f4883793ae685c393411d,2026-06-26T21:15:48.624Z,1,31,3,0,0,0
00324-mth-252-linked-detail-openstax-course-online-textbook-pdf-downloadable,2080857,MTH-252,linked_detail,linked_detail,https://canvas.oregonstate.edu/courses/2080857/modules/items/26982526,https://canvas.oregonstate.edu/courses/2080857/modules/items/26982526,OpenStax Course Online Textbook (pdf downloadable),module_item,26982526,2,,,raw_html/00324-mth-252-linked-detail-openstax-course-online-textbook-pdf-downloadable.html,text/00324-mth-252-linked-detail-openstax-course-online-textbook-pdf-downloadable.txt,text/00324-mth-252-linked-detail-openstax-course-online-textbook-pdf-downloadable.fulltext.txt,markdown/00324-mth-252-linked-detail-openstax-course-online-textbook-pdf-downloadable.md,,metadata/00324-mth-252-linked-detail-openstax-course-online-textbook-pdf-downloadable.json,02359c2fdac8e3902027a10db6f6fce865f78dae9cb9ef97f378ffa8310a249e,3451c84714f0558a5a810e00ca0ba2eea41c6944337096276ac9c0a678e79f33,2026-06-26T21:15:50.615Z,1,30,2,0,0,0
00325-mth-252-linked-detail-website-mslc-peer-tutoring,2080857,MTH-252,linked_detail,linked_detail,https://canvas.oregonstate.edu/courses/2080857/modules/items/26982535,https://canvas.oregonstate.edu/courses/2080857/modules/items/26982535,Website: MSLC --> Peer tutoring,module_item,26982535,2,,,raw_html/00325-mth-252-linked-detail-website-mslc-peer-tutoring.html,text/00325-mth-252-linked-detail-website-mslc-peer-tutoring.txt,text/00325-mth-252-linked-detail-website-mslc-peer-tutoring.fulltext.txt,markdown/00325-mth-252-linked-detail-website-mslc-peer-tutoring.md,,metadata/00325-mth-252-linked-detail-website-mslc-peer-tutoring.json,79947f41f7088dcd1fb594ec865cd023485dc3d067044d42c6272316e36f0ebc,fda30879c3f6ac35771eda80a396083a8237439900a0f81b676dcc766ad44176,2026-06-26T21:15:52.669Z,1,30,2,0,0,0
00326-mth-252-linked-detail-mlc-hours-pdf-integral-calculus-mth-252z-400-u2026,2080857,MTH-252,linked_detail,linked_detail,https://canvas.oregonstate.edu/courses/2080857/files/119223484?module_item_id=26982536#,https://canvas.oregonstate.edu/courses/2080857/files/119223484?module_item_id=26982536#,MLC Hours.pdf: INTEGRAL CALCULUS (MTH_252Z_400_U2026),file,119223484,2,,,raw_html/00326-mth-252-linked-detail-mlc-hours-pdf-integral-calculus-mth-252z-400-u2026.html,text/00326-mth-252-linked-detail-mlc-hours-pdf-integral-calculus-mth-252z-400-u2026.txt,text/00326-mth-252-linked-detail-mlc-hours-pdf-integral-calculus-mth-252z-400-u2026.fulltext.txt,markdown/00326-mth-252-linked-detail-mlc-hours-pdf-integral-calculus-mth-252z-400-u2026.md,,metadata/00326-mth-252-linked-detail-mlc-hours-pdf-integral-calculus-mth-252z-400-u2026.json,18d1b7625c93c5c1d94a5fd91bfeb380d4399dc6fd74f61770902069edcc593b,9b92fd7e4ba6e9554634805f924a387d33a791e87e2faaf128e5802d08da80eb,2026-06-26T21:15:55.102Z,1,31,3,0,0,0
00327-mth-252-linked-detail-camscanner-making-one-pdf-with-multiple-pages,2080857,MTH-252,linked_detail,linked_detail,https://canvas.oregonstate.edu/courses/2080857/modules/items/26982538,https://canvas.oregonstate.edu/courses/2080857/modules/items/26982538,CamScanner: Making ONE pdf with multiple pages,module_item,26982538,2,,,raw_html/00327-mth-252-linked-detail-camscanner-making-one-pdf-with-multiple-pages.html,text/00327-mth-252-linked-detail-camscanner-making-one-pdf-with-multiple-pages.txt,text/00327-mth-252-linked-detail-camscanner-making-one-pdf-with-multiple-pages.fulltext.txt,markdown/00327-mth-252-linked-detail-camscanner-making-one-pdf-with-multiple-pages.md,,metadata/00327-mth-252-linked-detail-camscanner-making-one-pdf-with-multiple-pages.json,e76421f91a2a501eea9f34f943cc92434ae491f1de8be34baa0ec5a6548b6926,f09a21ac17df47cbad0e99a14c431bc20465a6a7094c7d46a263c1c1d9624292,2026-06-26T21:15:57.469Z,1,30,2,0,0,0
00328-mth-252-linked-detail-front-page-integral-calculus-mth-252z-400-u2026,2080857,MTH-252,linked_detail,linked_detail,https://canvas.oregonstate.edu/courses/2080857/pages/front-page,https://canvas.oregonstate.edu/courses/2080857/pages/front-page,Front Page: INTEGRAL CALCULUS (MTH_252Z_400_U2026),page,front-page,2,,,raw_html/00328-mth-252-linked-detail-front-page-integral-calculus-mth-252z-400-u2026.html,text/00328-mth-252-linked-detail-front-page-integral-calculus-mth-252z-400-u2026.txt,text/00328-mth-252-linked-detail-front-page-integral-calculus-mth-252z-400-u2026.fulltext.txt,markdown/00328-mth-252-linked-detail-front-page-integral-calculus-mth-252z-400-u2026.md,,metadata/00328-mth-252-linked-detail-front-page-integral-calculus-mth-252z-400-u2026.json,953ba22d57e0f0d51d14f939ccb3846a0742e9463290579a9541cf24ecf8a791,93837a52286c31e7b8fd31daf883362bb7bdd6f1a5cb15c7c76a27e20e5acff0,2026-06-26T21:16:00.121Z,4,40,3,0,0,0
00329-mth-252-linked-detail-252-lecture-1-1-to-me1-pdf-integral-calculus-mth-252z-400-u2026,2080857,MTH-252,linked_detail,linked_detail,https://canvas.oregonstate.edu/courses/2080857/files/119223553?module_item_id=26982546#,https://canvas.oregonstate.edu/courses/2080857/files/119223553?module_item_id=26982546#,252-Lecture-1.1-to-ME1.pdf: INTEGRAL CALCULUS (MTH_252Z_400_U2026),file,119223553,2,,,raw_html/00329-mth-252-linked-detail-252-lecture-1-1-to-me1-pdf-integral-calculus-mth-252z-400-u2026.html,text/00329-mth-252-linked-detail-252-lecture-1-1-to-me1-pdf-integral-calculus-mth-252z-400-u2026.txt,text/00329-mth-252-linked-detail-252-lecture-1-1-to-me1-pdf-integral-calculus-mth-252z-400-u2026.fulltext.txt,markdown/00329-mth-252-linked-detail-252-lecture-1-1-to-me1-pdf-integral-calculus-mth-252z-400-u2026.md,,metadata/00329-mth-252-linked-detail-252-lecture-1-1-to-me1-pdf-integral-calculus-mth-252z-400-u2026.json,b618fc03e27e13befb54efaf525f78cf005cfeb43c5a77454e44a9dc89356021,7e439171016144440bdedb584e0973f26a27a91f0f34254b1cc0fc7f6d45d787,2026-06-26T21:16:02.329Z,1,29,3,0,0,0
00330-mth-252-linked-detail-pre-class-reading-quiz-1-1-rq-1-1-integral-calculus-mth-252z-400-u2026,2080857,MTH-252,linked_detail,linked_detail,https://canvas.oregonstate.edu/courses/2080857/quizzes/3167659/take?user_id=6660414,https://canvas.oregonstate.edu/courses/2080857/quizzes/3167659/take?user_id=6660414,Pre-Class Reading Quiz - 1.1 (RQ-1.1): INTEGRAL CALCULUS (MTH_252Z_400_U2026),quiz,3167659,2,,,raw_html/00330-mth-252-linked-detail-pre-class-reading-quiz-1-1-rq-1-1-integral-calculus-mth-252z-400-u2026.html,text/00330-mth-252-linked-detail-pre-class-reading-quiz-1-1-rq-1-1-integral-calculus-mth-252z-400-u2026.txt,text/00330-mth-252-linked-detail-pre-class-reading-quiz-1-1-rq-1-1-integral-calculus-mth-252z-400-u2026.fulltext.txt,markdown/00330-mth-252-linked-detail-pre-class-reading-quiz-1-1-rq-1-1-integral-calculus-mth-252z-400-u2026.md,,metadata/00330-mth-252-linked-detail-pre-class-reading-quiz-1-1-rq-1-1-integral-calculus-mth-252z-400-u2026.json,bc428abe22a37dd13993fc58b325eb135427414afde7dd476b46acf06f5fdf74,d41c3410b800d93de8090d978098fd1b89e66388f59d56dd9f58b09cf3dde551,2026-06-26T21:16:05.062Z,4,29,2,0,0,0
00331-mth-252-linked-detail-module-1-written-homework-whw-1-2-hours,2080857,MTH-252,linked_detail,linked_detail,https://canvas.oregonstate.edu/courses/2080857/assignments/10586053?module_item_id=26982549#,https://canvas.oregonstate.edu/courses/2080857/assignments/10586053?module_item_id=26982549#,Module 1 — Written Homework (WHW 1) 🕓 2 hours,assignment,10586053,2,,yes,raw_html/00331-mth-252-linked-detail-module-1-written-homework-whw-1-2-hours.html,text/00331-mth-252-linked-detail-module-1-written-homework-whw-1-2-hours.txt,text/00331-mth-252-linked-detail-module-1-written-homework-whw-1-2-hours.fulltext.txt,markdown/00331-mth-252-linked-detail-module-1-written-homework-whw-1-2-hours.md,,metadata/00331-mth-252-linked-detail-module-1-written-homework-whw-1-2-hours.json,624415aac6a5a99216ee4ec63bc3d697f7ebd2ae1b3e641d54b4db1e15108d30,b0c9b660581442eceb81ff6f850bab01741db42b482d295763f88b179c4b7b48,2026-06-26T21:16:07.929Z,7,61,2,0,0,0
00332-mth-252-linked-detail-intro-reflect-1,2080857,MTH-252,linked_detail,linked_detail,https://canvas.oregonstate.edu/courses/2080857/assignments/10586044?module_item_id=26982550#,https://canvas.oregonstate.edu/courses/2080857/assignments/10586044?module_item_id=26982550#,Intro Reflect 1,assignment,10586044,2,,yes,raw_html/00332-mth-252-linked-detail-intro-reflect-1.html,text/00332-mth-252-linked-detail-intro-reflect-1.txt,text/00332-mth-252-linked-detail-intro-reflect-1.fulltext.txt,markdown/00332-mth-252-linked-detail-intro-reflect-1.md,,metadata/00332-mth-252-linked-detail-intro-reflect-1.json,bd54a00c26a0851a5c066737430ac76a45c7a7cbc515dddd36a1b4704d9966b1,dd6b912fd387bec52a3fcb729b1631650b815f7fc338ea40b7a7e2092f487355,2026-06-26T21:16:10.565Z,2,54,2,0,0,0
00333-mth-252-linked-detail-achieve-1-1-approximating-areas,2080857,MTH-252,linked_detail,linked_detail,https://canvas.oregonstate.edu/courses/2080857/assignments/10586025?module_item_id=26982551#,https://canvas.oregonstate.edu/courses/2080857/assignments/10586025?module_item_id=26982551#,Achieve - 1.1 Approximating Areas,assignment,10586025,2,,yes,raw_html/00333-mth-252-linked-detail-achieve-1-1-approximating-areas.html,text/00333-mth-252-linked-detail-achieve-1-1-approximating-areas.txt,text/00333-mth-252-linked-detail-achieve-1-1-approximating-areas.fulltext.txt,markdown/00333-mth-252-linked-detail-achieve-1-1-approximating-areas.md,,metadata/00333-mth-252-linked-detail-achieve-1-1-approximating-areas.json,348efd20da57f8b521c03b794b6e7d2176da606e7525f9ffd331b38b2596c04b,a46a9c9b6c40983d512b9f5ef4e7fd71948384a6f38ddf901840a2b8f86f66cb,2026-06-26T21:16:12.862Z,2,54,2,0,0,0
00334-mth-252-linked-detail-252-lecture-1-1-to-me1-pdf-integral-calculus-mth-252z-400-u2026,2080857,MTH-252,linked_detail,linked_detail,https://canvas.oregonstate.edu/courses/2080857/files/119223553?module_item_id=26982555#,https://canvas.oregonstate.edu/courses/2080857/files/119223553?module_item_id=26982555#,252-Lecture-1.1-to-ME1.pdf: INTEGRAL CALCULUS (MTH_252Z_400_U2026),file,119223553,2,,,raw_html/00334-mth-252-linked-detail-252-lecture-1-1-to-me1-pdf-integral-calculus-mth-252z-400-u2026.html,text/00334-mth-252-linked-detail-252-lecture-1-1-to-me1-pdf-integral-calculus-mth-252z-400-u2026.txt,text/00334-mth-252-linked-detail-252-lecture-1-1-to-me1-pdf-integral-calculus-mth-252z-400-u2026.fulltext.txt,markdown/00334-mth-252-linked-detail-252-lecture-1-1-to-me1-pdf-integral-calculus-mth-252z-400-u2026.md,,metadata/00334-mth-252-linked-detail-252-lecture-1-1-to-me1-pdf-integral-calculus-mth-252z-400-u2026.json,a6254cc9d46fe42b73cdecd22610b3bf61160db00cb93db10ab64fdf7bed61e5,4488cc49b08cec78f218fdd6fb39f2f6f6a6ddb096dde1704c61ec22488c6594,2026-06-26T21:16:14.859Z,1,31,3,0,0,0
00335-mth-252-linked-detail-pre-class-reading-quiz-1-2-rq-1-2-integral-calculus-mth-252z-400-u2026,2080857,MTH-252,linked_detail,linked_detail,https://canvas.oregonstate.edu/courses/2080857/quizzes/3167658/take?user_id=6660414,https://canvas.oregonstate.edu/courses/2080857/quizzes/3167658/take?user_id=6660414,Pre-Class Reading Quiz - 1.2 (RQ-1.2): INTEGRAL CALCULUS (MTH_252Z_400_U2026),quiz,3167658,2,,,raw_html/00335-mth-252-linked-detail-pre-class-reading-quiz-1-2-rq-1-2-integral-calculus-mth-252z-400-u2026.html,text/00335-mth-252-linked-detail-pre-class-reading-quiz-1-2-rq-1-2-integral-calculus-mth-252z-400-u2026.txt,text/00335-mth-252-linked-detail-pre-class-reading-quiz-1-2-rq-1-2-integral-calculus-mth-252z-400-u2026.fulltext.txt,markdown/00335-mth-252-linked-detail-pre-class-reading-quiz-1-2-rq-1-2-integral-calculus-mth-252z-400-u2026.md,,metadata/00335-mth-252-linked-detail-pre-class-reading-quiz-1-2-rq-1-2-integral-calculus-mth-252z-400-u2026.json,c0cd90c9e90dcb79c287470079842489562961fe0a6ba04d11c09c3f49cb9fab,931ecea9326297611fab34b10948f75fde674f2d32290bcc02c889c6e5914c00,2026-06-26T21:16:16.961Z,4,29,2,0,0,0
00336-mth-252-linked-detail-module-2-written-homework-whw-2-3-hours,2080857,MTH-252,linked_detail,linked_detail,https://canvas.oregonstate.edu/courses/2080857/assignments/10586055?module_item_id=26982558#,https://canvas.oregonstate.edu/courses/2080857/assignments/10586055?module_item_id=26982558#,Module 2 — Written Homework (WHW 2) 🕓 3 hours,assignment,10586055,2,,,raw_html/00336-mth-252-linked-detail-module-2-written-homework-whw-2-3-hours.html,text/00336-mth-252-linked-detail-module-2-written-homework-whw-2-3-hours.txt,text/00336-mth-252-linked-detail-module-2-written-homework-whw-2-3-hours.fulltext.txt,markdown/00336-mth-252-linked-detail-module-2-written-homework-whw-2-3-hours.md,,metadata/00336-mth-252-linked-detail-module-2-written-homework-whw-2-3-hours.json,ebc16e7921a01ac856dcb7056f8e4e093bc38535e444291a900812f8d3ce198b,9155cbf6e24be3eac34903528e3f21944ec8c1c665a3e756d8bae872eff21d70,2026-06-26T21:16:19.212Z,2,54,2,0,0,0
00337-mth-252-linked-detail-reflection-2,2080857,MTH-252,linked_detail,linked_detail,https://canvas.oregonstate.edu/courses/2080857/assignments/10586063?module_item_id=26982559#,https://canvas.oregonstate.edu/courses/2080857/assignments/10586063?module_item_id=26982559#,Reflection 2,assignment,10586063,2,,yes,raw_html/00337-mth-252-linked-detail-reflection-2.html,text/00337-mth-252-linked-detail-reflection-2.txt,text/00337-mth-252-linked-detail-reflection-2.fulltext.txt,markdown/00337-mth-252-linked-detail-reflection-2.md,,metadata/00337-mth-252-linked-detail-reflection-2.json,731782a6f84e389aed3c00f083f1d9bf877f325b9dfc988e3f67aa24f1db58bf,aa43837b607daf1d1eb5f803dbb986c360f6f15b319d5163560defd183c7200b,2026-06-26T21:16:21.598Z,2,54,2,0,0,0
00338-mth-252-linked-detail-achieve-1-2-the-definite-integral,2080857,MTH-252,linked_detail,linked_detail,https://canvas.oregonstate.edu/courses/2080857/assignments/10586026?module_item_id=26982560#,https://canvas.oregonstate.edu/courses/2080857/assignments/10586026?module_item_id=26982560#,Achieve - 1.2 The Definite Integral,assignment,10586026,2,,yes,raw_html/00338-mth-252-linked-detail-achieve-1-2-the-definite-integral.html,text/00338-mth-252-linked-detail-achieve-1-2-the-definite-integral.txt,text/00338-mth-252-linked-detail-achieve-1-2-the-definite-integral.fulltext.txt,markdown/00338-mth-252-linked-detail-achieve-1-2-the-definite-integral.md,,metadata/00338-mth-252-linked-detail-achieve-1-2-the-definite-integral.json,ed98ba9b74e922cf2b3ffc7c418b941297098e0314ef20d585bec6a7ae3dd867,16e7b425b3e526eca5b2cf4a06a97ebc025eea18594c7e66fee6dbaf7a419b7b,2026-06-26T21:16:23.965Z,2,54,2,0,0,0
00339-mth-252-linked-detail-mini-exam-1-tues-thur-no-calculators,2080857,MTH-252,linked_detail,linked_detail,https://canvas.oregonstate.edu/courses/2080857/assignments/10586045?module_item_id=26982562#,https://canvas.oregonstate.edu/courses/2080857/assignments/10586045?module_item_id=26982562#,Mini-Exam 1 - Tues - Thur --> No Calculators,assignment,10586045,2,,,raw_html/00339-mth-252-linked-detail-mini-exam-1-tues-thur-no-calculators.html,text/00339-mth-252-linked-detail-mini-exam-1-tues-thur-no-calculators.txt,text/00339-mth-252-linked-detail-mini-exam-1-tues-thur-no-calculators.fulltext.txt,markdown/00339-mth-252-linked-detail-mini-exam-1-tues-thur-no-calculators.md,,metadata/00339-mth-252-linked-detail-mini-exam-1-tues-thur-no-calculators.json,8e4b15ebb7d0248036a6b0aefe57b4ae4313b43c3b7737d4109c2a182ffae005,c2bca54f83538d0168d793f4d89603e9f2a48b0657a74474bc600d3756be6cb2,2026-06-26T21:16:26.417Z,2,54,2,0,0,0
00340-mth-252-linked-detail-252-lecture-1-3-to-me2-pdf-integral-calculus-mth-252z-400-u2026,2080857,MTH-252,linked_detail,linked_detail,https://canvas.oregonstate.edu/courses/2080857/files/119223594?module_item_id=26982565#,https://canvas.oregonstate.edu/courses/2080857/files/119223594?module_item_id=26982565#,252-Lecture-1.3-to-ME2.pdf: INTEGRAL CALCULUS (MTH_252Z_400_U2026),file,119223594,2,,,raw_html/00340-mth-252-linked-detail-252-lecture-1-3-to-me2-pdf-integral-calculus-mth-252z-400-u2026.html,text/00340-mth-252-linked-detail-252-lecture-1-3-to-me2-pdf-integral-calculus-mth-252z-400-u2026.txt,text/00340-mth-252-linked-detail-252-lecture-1-3-to-me2-pdf-integral-calculus-mth-252z-400-u2026.fulltext.txt,markdown/00340-mth-252-linked-detail-252-lecture-1-3-to-me2-pdf-integral-calculus-mth-252z-400-u2026.md,,metadata/00340-mth-252-linked-detail-252-lecture-1-3-to-me2-pdf-integral-calculus-mth-252z-400-u2026.json,7ac3e158e19c8cda8b0a7ba4f4103c18beeb5e42b2405690935724b604833258,f12caf324dcf2101fceca7917452ef796e29799e4eeea1ca1a9b1bc4bad645ab,2026-06-26T21:16:28.521Z,1,31,3,0,0,0
00341-mth-252-linked-detail-module-3-written-homework-whw-3-3-hours,2080857,MTH-252,linked_detail,linked_detail,https://canvas.oregonstate.edu/courses/2080857/assignments/10586056?module_item_id=26982568#,https://canvas.oregonstate.edu/courses/2080857/assignments/10586056?module_item_id=26982568#,Module 3 — Written Homework (WHW 3) 🕓 3 hours,assignment,10586056,2,,,raw_html/00341-mth-252-linked-detail-module-3-written-homework-whw-3-3-hours.html,text/00341-mth-252-linked-detail-module-3-written-homework-whw-3-3-hours.txt,text/00341-mth-252-linked-detail-module-3-written-homework-whw-3-3-hours.fulltext.txt,markdown/00341-mth-252-linked-detail-module-3-written-homework-whw-3-3-hours.md,,metadata/00341-mth-252-linked-detail-module-3-written-homework-whw-3-3-hours.json,79006f5188b54b2ed8317e869b9a6bbe1733a119b6530a493e5dea9b63fb154f,2d52204ef1a383d4d1768a6d1fe4b4be5b6147119ab585d2f8d058b5ea67a771,2026-06-26T21:16:31.104Z,2,54,2,0,0,0
00342-mth-252-linked-detail-achieve-1-3-the-fundamental-theorem-of-calculus,2080857,MTH-252,linked_detail,linked_detail,https://canvas.oregonstate.edu/courses/2080857/assignments/10586027?module_item_id=26982569#,https://canvas.oregonstate.edu/courses/2080857/assignments/10586027?module_item_id=26982569#,Achieve - 1.3 The Fundamental Theorem of Calculus,assignment,10586027,2,,yes,raw_html/00342-mth-252-linked-detail-achieve-1-3-the-fundamental-theorem-of-calculus.html,text/00342-mth-252-linked-detail-achieve-1-3-the-fundamental-theorem-of-calculus.txt,text/00342-mth-252-linked-detail-achieve-1-3-the-fundamental-theorem-of-calculus.fulltext.txt,markdown/00342-mth-252-linked-detail-achieve-1-3-the-fundamental-theorem-of-calculus.md,,metadata/00342-mth-252-linked-detail-achieve-1-3-the-fundamental-theorem-of-calculus.json,3aa594389e6f1f57d2e90376b57cdfb84cc2078c931265ae94ead5b83332f254,129f00c7acbc6b42705a135c3f851caf141277254e44867be406c950d7ef756a,2026-06-26T21:16:33.519Z,2,54,2,0,0,0
00343-mth-252-linked-detail-achieve-4-10-antiderivatives,2080857,MTH-252,linked_detail,linked_detail,https://canvas.oregonstate.edu/courses/2080857/assignments/10586042?module_item_id=26982570#,https://canvas.oregonstate.edu/courses/2080857/assignments/10586042?module_item_id=26982570#,Achieve - 4.10 Antiderivatives,assignment,10586042,2,,yes,raw_html/00343-mth-252-linked-detail-achieve-4-10-antiderivatives.html,text/00343-mth-252-linked-detail-achieve-4-10-antiderivatives.txt,text/00343-mth-252-linked-detail-achieve-4-10-antiderivatives.fulltext.txt,markdown/00343-mth-252-linked-detail-achieve-4-10-antiderivatives.md,,metadata/00343-mth-252-linked-detail-achieve-4-10-antiderivatives.json,2c5a45def46add01323d73f23a8a145e8c9fe4d846d35a93308853e8f81281ff,39ef4bdbbcb0912ce0445bc5734fbf58ce091bd7d206ff3276fabbafb49a0ec3,2026-06-26T21:16:35.991Z,2,54,2,0,0,0
00344-mth-252-linked-detail-page-not-found,2080857,MTH-252,linked_detail,linked_detail,https://canvas.oregonstate.edu/courses/2080857/pages/$CANVAS_COURSE_REFERENCE$/file_ref/ge30297b0748bf4487a1dfbfc596dcc93?wrap=1,https://canvas.oregonstate.edu/courses/2080857/pages/$CANVAS_COURSE_REFERENCE$/file_ref/ge30297b0748bf4487a1dfbfc596dcc93?wrap=1,Page Not Found,page,$CANVAS_COURSE_REFERENCE$,2,,,raw_html/00344-mth-252-linked-detail-page-not-found.html,text/00344-mth-252-linked-detail-page-not-found.txt,text/00344-mth-252-linked-detail-page-not-found.fulltext.txt,markdown/00344-mth-252-linked-detail-page-not-found.md,,metadata/00344-mth-252-linked-detail-page-not-found.json,2f9fe518b7d356392383b7924448270c46e49f69aec9f451b1e3adbcef0d6597,1f3cad7f917aec981713b153906f275d6d7a2e253849ec562fee4847f84aa6ab,2026-06-26T21:16:38.260Z,2,13,2,0,0,0
00345-mth-252-linked-detail-page-not-found,2080857,MTH-252,linked_detail,linked_detail,https://canvas.oregonstate.edu/courses/2080857/pages/$CANVAS_COURSE_REFERENCE$/file_ref/gc3c6b79863a061929a4071806eda7241?wrap=1,https://canvas.oregonstate.edu/courses/2080857/pages/$CANVAS_COURSE_REFERENCE$/file_ref/gc3c6b79863a061929a4071806eda7241?wrap=1,Page Not Found,page,$CANVAS_COURSE_REFERENCE$,2,,,raw_html/00345-mth-252-linked-detail-page-not-found.html,text/00345-mth-252-linked-detail-page-not-found.txt,text/00345-mth-252-linked-detail-page-not-found.fulltext.txt,markdown/00345-mth-252-linked-detail-page-not-found.md,,metadata/00345-mth-252-linked-detail-page-not-found.json,6a295de7800d270d3c6561db4ef2cd7979a9896aec0dd7bbd18104c1df3c74ff,1f3cad7f917aec981713b153906f275d6d7a2e253849ec562fee4847f84aa6ab,2026-06-26T21:16:39.966Z,2,13,2,0,0,0
00346-mth-252-linked-detail-page-not-found,2080857,MTH-252,linked_detail,linked_detail,https://canvas.oregonstate.edu/courses/2080857/pages/$CANVAS_COURSE_REFERENCE$/file_ref/g9ca04ab1991259a305542a037d6078d1?wrap=1,https://canvas.oregonstate.edu/courses/2080857/pages/$CANVAS_COURSE_REFERENCE$/file_ref/g9ca04ab1991259a305542a037d6078d1?wrap=1,Page Not Found,page,$CANVAS_COURSE_REFERENCE$,2,,,raw_html/00346-mth-252-linked-detail-page-not-found.html,text/00346-mth-252-linked-detail-page-not-found.txt,text/00346-mth-252-linked-detail-page-not-found.fulltext.txt,markdown/00346-mth-252-linked-detail-page-not-found.md,,metadata/00346-mth-252-linked-detail-page-not-found.json,55e03eec208e6c6e6c44d78991563cccf7f40fc2cc23c7390eacdb9843a1c365,1f3cad7f917aec981713b153906f275d6d7a2e253849ec562fee4847f84aa6ab,2026-06-26T21:16:41.660Z,2,13,2,0,0,0
00347-mth-252-linked-detail-252-lecture-1-3-to-me2-pdf-integral-calculus-mth-252z-400-u2026,2080857,MTH-252,linked_detail,linked_detail,https://canvas.oregonstate.edu/courses/2080857/files/119223594?module_item_id=26982574#,https://canvas.oregonstate.edu/courses/2080857/files/119223594?module_item_id=26982574#,252-Lecture-1.3-to-ME2.pdf: INTEGRAL CALCULUS (MTH_252Z_400_U2026),file,119223594,2,,,raw_html/00347-mth-252-linked-detail-252-lecture-1-3-to-me2-pdf-integral-calculus-mth-252z-400-u2026.html,text/00347-mth-252-linked-detail-252-lecture-1-3-to-me2-pdf-integral-calculus-mth-252z-400-u2026.txt,text/00347-mth-252-linked-detail-252-lecture-1-3-to-me2-pdf-integral-calculus-mth-252z-400-u2026.fulltext.txt,markdown/00347-mth-252-linked-detail-252-lecture-1-3-to-me2-pdf-integral-calculus-mth-252z-400-u2026.md,,metadata/00347-mth-252-linked-detail-252-lecture-1-3-to-me2-pdf-integral-calculus-mth-252z-400-u2026.json,7c24c7de6a4ae1ed01d29d856d2691fb3632e42cc849d07cdffb4700f185ed0b,f12caf324dcf2101fceca7917452ef796e29799e4eeea1ca1a9b1bc4bad645ab,2026-06-26T21:16:44.025Z,1,31,3,0,0,0
00348-mth-252-linked-detail-page-not-found,2080857,MTH-252,linked_detail,linked_detail,https://canvas.oregonstate.edu/courses/2080857/pages/$CANVAS_COURSE_REFERENCE$/file_ref/g72fb62dff13c8560e7cb15fedd970fa1?wrap=1,https://canvas.oregonstate.edu/courses/2080857/pages/$CANVAS_COURSE_REFERENCE$/file_ref/g72fb62dff13c8560e7cb15fedd970fa1?wrap=1,Page Not Found,page,$CANVAS_COURSE_REFERENCE$,2,,,raw_html/00348-mth-252-linked-detail-page-not-found.html,text/00348-mth-252-linked-detail-page-not-found.txt,text/00348-mth-252-linked-detail-page-not-found.fulltext.txt,markdown/00348-mth-252-linked-detail-page-not-found.md,,metadata/00348-mth-252-linked-detail-page-not-found.json,1e37cb860d123633eb8dc3aae7ddab02c3c7827f4ed0ff93238ec0052f607926,1f3cad7f917aec981713b153906f275d6d7a2e253849ec562fee4847f84aa6ab,2026-06-26T21:16:45.710Z,2,13,2,0,0,0
00349-mth-252-linked-detail-page-not-found,2080857,MTH-252,linked_detail,linked_detail,https://canvas.oregonstate.edu/courses/2080857/pages/$CANVAS_COURSE_REFERENCE$/file_ref/gcbd244ca3d9728ab5a8e3e8c51d198af?wrap=1,https://canvas.oregonstate.edu/courses/2080857/pages/$CANVAS_COURSE_REFERENCE$/file_ref/gcbd244ca3d9728ab5a8e3e8c51d198af?wrap=1,Page Not Found,page,$CANVAS_COURSE_REFERENCE$,2,,,raw_html/00349-mth-252-linked-detail-page-not-found.html,text/00349-mth-252-linked-detail-page-not-found.txt,text/00349-mth-252-linked-detail-page-not-found.fulltext.txt,markdown/00349-mth-252-linked-detail-page-not-found.md,,metadata/00349-mth-252-linked-detail-page-not-found.json,f1e4c7f706a8ba631be36888cd9f162f3463ab942a8ae011e626b311718d8d67,1f3cad7f917aec981713b153906f275d6d7a2e253849ec562fee4847f84aa6ab,2026-06-26T21:16:47.411Z,2,13,2,0,0,0
00350-mth-252-linked-detail-page-not-found,2080857,MTH-252,linked_detail,linked_detail,https://canvas.oregonstate.edu/courses/2080857/pages/$CANVAS_COURSE_REFERENCE$/file_ref/g66dcdc4ebd748c4dc8842ee327f101ba?wrap=1,https://canvas.oregonstate.edu/courses/2080857/pages/$CANVAS_COURSE_REFERENCE$/file_ref/g66dcdc4ebd748c4dc8842ee327f101ba?wrap=1,Page Not Found,page,$CANVAS_COURSE_REFERENCE$,2,,,raw_html/00350-mth-252-linked-detail-page-not-found.html,text/00350-mth-252-linked-detail-page-not-found.txt,text/00350-mth-252-linked-detail-page-not-found.fulltext.txt,markdown/00350-mth-252-linked-detail-page-not-found.md,,metadata/00350-mth-252-linked-detail-page-not-found.json,475daf4c18dae818b26f371dad0205fc3ac1e1bcdfa7944af2b377def20113fa,1f3cad7f917aec981713b153906f275d6d7a2e253849ec562fee4847f84aa6ab,2026-06-26T21:16:49.110Z,2,13,2,0,0,0
00351-mth-252-linked-detail-module-4-written-homework-whw-4-3-hours,2080857,MTH-252,linked_detail,linked_detail,https://canvas.oregonstate.edu/courses/2080857/assignments/10586057?module_item_id=26982580#,https://canvas.oregonstate.edu/courses/2080857/assignments/10586057?module_item_id=26982580#,Module 4 — Written Homework (WHW 4) 🕓 3 hours,assignment,10586057,2,,,raw_html/00351-mth-252-linked-detail-module-4-written-homework-whw-4-3-hours.html,text/00351-mth-252-linked-detail-module-4-written-homework-whw-4-3-hours.txt,text/00351-mth-252-linked-detail-module-4-written-homework-whw-4-3-hours.fulltext.txt,markdown/00351-mth-252-linked-detail-module-4-written-homework-whw-4-3-hours.md,,metadata/00351-mth-252-linked-detail-module-4-written-homework-whw-4-3-hours.json,e6dad372e11646075f06658dbeda3511cdc479d54fa373a9f83229085a39419c,502311750e4acdfc1bcf06f1d7fd5d5a42c8ad23d1f567fbd2feeab847a487d2,2026-06-26T21:16:51.820Z,3,137,2,0,0,0
00352-mth-252-linked-detail-achieve-1-4-integration-formulas-and-the-net-change-theorem,2080857,MTH-252,linked_detail,linked_detail,https://canvas.oregonstate.edu/courses/2080857/assignments/10586028?module_item_id=26982581#,https://canvas.oregonstate.edu/courses/2080857/assignments/10586028?module_item_id=26982581#,Achieve - 1.4 Integration Formulas and the Net Change Theorem,assignment,10586028,2,,yes,raw_html/00352-mth-252-linked-detail-achieve-1-4-integration-formulas-and-the-net-change-theorem.html,text/00352-mth-252-linked-detail-achieve-1-4-integration-formulas-and-the-net-change-theorem.txt,text/00352-mth-252-linked-detail-achieve-1-4-integration-formulas-and-the-net-change-theorem.fulltext.txt,markdown/00352-mth-252-linked-detail-achieve-1-4-integration-formulas-and-the-net-change-theorem.md,,metadata/00352-mth-252-linked-detail-achieve-1-4-integration-formulas-and-the-net-change-theorem.json,e07ff2c85c4c37bb0121b72b845f9a398186bdfd933ee96f723f2df628159f18,9f79cf709254ea9e1ac31d3de88f31eb0ca5a8896b2285f09349cfa856b7bf30,2026-06-26T21:16:54.570Z,2,54,2,0,0,0
00353-mth-252-linked-detail-achieve-1-5-substitution,2080857,MTH-252,linked_detail,linked_detail,https://canvas.oregonstate.edu/courses/2080857/assignments/10586029?module_item_id=26982582#,https://canvas.oregonstate.edu/courses/2080857/assignments/10586029?module_item_id=26982582#,Achieve - 1.5 Substitution,assignment,10586029,2,,yes,raw_html/00353-mth-252-linked-detail-achieve-1-5-substitution.html,text/00353-mth-252-linked-detail-achieve-1-5-substitution.txt,text/00353-mth-252-linked-detail-achieve-1-5-substitution.fulltext.txt,markdown/00353-mth-252-linked-detail-achieve-1-5-substitution.md,,metadata/00353-mth-252-linked-detail-achieve-1-5-substitution.json,e6b241438e1aaa37a3fcc02f1906ab541e22f6f4ff0f363568f0f99f2f0fc212,c7ba02c44e72bb97b476a1b5b4976385bfed7e69e8256fe1eb355b4201eec398,2026-06-26T21:16:56.925Z,2,54,2,0,0,0
00354-mth-252-linked-detail-achieve-1-6-integrals-involving-exponential-and-logarithmic-functions,2080857,MTH-252,linked_detail,linked_detail,https://canvas.oregonstate.edu/courses/2080857/assignments/10586030?module_item_id=26982583#,https://canvas.oregonstate.edu/courses/2080857/assignments/10586030?module_item_id=26982583#,Achieve - 1.6 Integrals Involving Exponential and Logarithmic Functions,assignment,10586030,2,,yes,raw_html/00354-mth-252-linked-detail-achieve-1-6-integrals-involving-exponential-and-logarithmic-functions.html,text/00354-mth-252-linked-detail-achieve-1-6-integrals-involving-exponential-and-logarithmic-functions.txt,text/00354-mth-252-linked-detail-achieve-1-6-integrals-involving-exponential-and-logarithmic-functions.fulltext.txt,markdown/00354-mth-252-linked-detail-achieve-1-6-integrals-involving-exponential-and-logarithmic-functions.md,,metadata/00354-mth-252-linked-detail-achieve-1-6-integrals-involving-exponential-and-logarithmic-functions.json,173b593bc857573a2ba9ceab8dcb2a4a6a87a42384efe08138276f233b773107,d7a1e3867387d04978572407aeca7d993a092d80de3d873b3d8a06732b3cba82,2026-06-26T21:17:00.754Z,2,54,2,0,0,0
00355-mth-252-linked-detail-mini-exam-2-no-calculators-on-this-exam,2080857,MTH-252,linked_detail,linked_detail,https://canvas.oregonstate.edu/courses/2080857/assignments/10586048?module_item_id=26982585#,https://canvas.oregonstate.edu/courses/2080857/assignments/10586048?module_item_id=26982585#,Mini-Exam 2 --> No Calculators on this Exam,assignment,10586048,2,,,raw_html/00355-mth-252-linked-detail-mini-exam-2-no-calculators-on-this-exam.html,text/00355-mth-252-linked-detail-mini-exam-2-no-calculators-on-this-exam.txt,text/00355-mth-252-linked-detail-mini-exam-2-no-calculators-on-this-exam.fulltext.txt,markdown/00355-mth-252-linked-detail-mini-exam-2-no-calculators-on-this-exam.md,,metadata/00355-mth-252-linked-detail-mini-exam-2-no-calculators-on-this-exam.json,704482eadbf6be083daad95c79fa8dfbb9f66be68eeaeb51881dfa53faf8959c,ffd2905c4b2f341ec957b1d6d35a14352aff03305f9e5d92a9fca7697d544976,2026-06-26T21:17:03.056Z,2,54,2,0,0,0
00356-mth-252-linked-detail-page-not-found,2080857,MTH-252,linked_detail,linked_detail,https://canvas.oregonstate.edu/courses/2080857/pages/$CANVAS_COURSE_REFERENCE$/file_ref/g4b6ec71f1aad7e21594c082a51d988f8?wrap=1,https://canvas.oregonstate.edu/courses/2080857/pages/$CANVAS_COURSE_REFERENCE$/file_ref/g4b6ec71f1aad7e21594c082a51d988f8?wrap=1,Page Not Found,page,$CANVAS_COURSE_REFERENCE$,2,,,raw_html/00356-mth-252-linked-detail-page-not-found.html,text/00356-mth-252-linked-detail-page-not-found.txt,text/00356-mth-252-linked-detail-page-not-found.fulltext.txt,markdown/00356-mth-252-linked-detail-page-not-found.md,,metadata/00356-mth-252-linked-detail-page-not-found.json,5c9b07b87dfddc8bc1c7dd7e89db9450bf3e15eacddb86457650181495877b69,1f3cad7f917aec981713b153906f275d6d7a2e253849ec562fee4847f84aa6ab,2026-06-26T21:17:04.663Z,2,13,2,0,0,0
00357-mth-252-linked-detail-252-lecture-3-1-to-me3-pdf-integral-calculus-mth-252z-400-u2026,2080857,MTH-252,linked_detail,linked_detail,https://canvas.oregonstate.edu/courses/2080857/files/119223561?module_item_id=26982588#,https://canvas.oregonstate.edu/courses/2080857/files/119223561?module_item_id=26982588#,252-Lecture-3.1-to-ME3.pdf: INTEGRAL CALCULUS (MTH_252Z_400_U2026),file,119223561,2,,,raw_html/00357-mth-252-linked-detail-252-lecture-3-1-to-me3-pdf-integral-calculus-mth-252z-400-u2026.html,text/00357-mth-252-linked-detail-252-lecture-3-1-to-me3-pdf-integral-calculus-mth-252z-400-u2026.txt,text/00357-mth-252-linked-detail-252-lecture-3-1-to-me3-pdf-integral-calculus-mth-252z-400-u2026.fulltext.txt,markdown/00357-mth-252-linked-detail-252-lecture-3-1-to-me3-pdf-integral-calculus-mth-252z-400-u2026.md,,metadata/00357-mth-252-linked-detail-252-lecture-3-1-to-me3-pdf-integral-calculus-mth-252z-400-u2026.json,a17b08dd5b202810f7c2f0c7e44f961863171dfc8d4774832dcbf1d2e734f7b3,bfd36710ccaf285ce810e57039e426295691cb79f7f262537d7c734ebdd2b685,2026-06-26T21:17:06.769Z,1,31,3,0,0,0
00358-mth-252-linked-detail-page-not-found,2080857,MTH-252,linked_detail,linked_detail,https://canvas.oregonstate.edu/courses/2080857/pages/$CANVAS_COURSE_REFERENCE$/file_ref/g805e3737f28c2c1daf663161584c964d?wrap=1,https://canvas.oregonstate.edu/courses/2080857/pages/$CANVAS_COURSE_REFERENCE$/file_ref/g805e3737f28c2c1daf663161584c964d?wrap=1,Page Not Found,page,$CANVAS_COURSE_REFERENCE$,2,,,raw_html/00358-mth-252-linked-detail-page-not-found.html,text/00358-mth-252-linked-detail-page-not-found.txt,text/00358-mth-252-linked-detail-page-not-found.fulltext.txt,markdown/00358-mth-252-linked-detail-page-not-found.md,,metadata/00358-mth-252-linked-detail-page-not-found.json,e5408fa95bad694717d853655a761b51dfa7c21cc18a37cbb99788d8019065c3,1f3cad7f917aec981713b153906f275d6d7a2e253849ec562fee4847f84aa6ab,2026-06-26T21:17:08.564Z,2,13,2,0,0,0
00359-mth-252-linked-detail-page-not-found,2080857,MTH-252,linked_detail,linked_detail,https://canvas.oregonstate.edu/courses/2080857/pages/$CANVAS_COURSE_REFERENCE$/file_ref/g8151bf98954d7b2d854da5b7b078733d?wrap=1,https://canvas.oregonstate.edu/courses/2080857/pages/$CANVAS_COURSE_REFERENCE$/file_ref/g8151bf98954d7b2d854da5b7b078733d?wrap=1,Page Not Found,page,$CANVAS_COURSE_REFERENCE$,2,,,raw_html/00359-mth-252-linked-detail-page-not-found.html,text/00359-mth-252-linked-detail-page-not-found.txt,text/00359-mth-252-linked-detail-page-not-found.fulltext.txt,markdown/00359-mth-252-linked-detail-page-not-found.md,,metadata/00359-mth-252-linked-detail-page-not-found.json,9dd9a26859101830a2cfd5e1c168bc5b406223c0d5f12d70691add64a5e0580e,1f3cad7f917aec981713b153906f275d6d7a2e253849ec562fee4847f84aa6ab,2026-06-26T21:17:10.360Z,2,13,2,0,0,0
00360-mth-252-linked-detail-page-not-found,2080857,MTH-252,linked_detail,linked_detail,https://canvas.oregonstate.edu/courses/2080857/pages/$CANVAS_COURSE_REFERENCE$/file_ref/gcd831482bfd5272d95fe5f32b17c1c78?wrap=1,https://canvas.oregonstate.edu/courses/2080857/pages/$CANVAS_COURSE_REFERENCE$/file_ref/gcd831482bfd5272d95fe5f32b17c1c78?wrap=1,Page Not Found,page,$CANVAS_COURSE_REFERENCE$,2,,,raw_html/00360-mth-252-linked-detail-page-not-found.html,text/00360-mth-252-linked-detail-page-not-found.txt,text/00360-mth-252-linked-detail-page-not-found.fulltext.txt,markdown/00360-mth-252-linked-detail-page-not-found.md,,metadata/00360-mth-252-linked-detail-page-not-found.json,1dcccd4db4755c9b8424a4e372bfefd6ea967c759f295c8d08a784159edb96df,1f3cad7f917aec981713b153906f275d6d7a2e253849ec562fee4847f84aa6ab,2026-06-26T21:17:12.012Z,2,13,2,0,0,0
00361-mth-252-linked-detail-lecture-3-1-3-2-pdf-integral-calculus-mth-252z-400-u2026,2080857,MTH-252,linked_detail,linked_detail,https://canvas.oregonstate.edu/courses/2080857/files/119223595?module_item_id=26982590#,https://canvas.oregonstate.edu/courses/2080857/files/119223595?module_item_id=26982590#,Lecture-3.1-3.2.pdf: INTEGRAL CALCULUS (MTH_252Z_400_U2026),file,119223595,2,,,raw_html/00361-mth-252-linked-detail-lecture-3-1-3-2-pdf-integral-calculus-mth-252z-400-u2026.html,text/00361-mth-252-linked-detail-lecture-3-1-3-2-pdf-integral-calculus-mth-252z-400-u2026.txt,text/00361-mth-252-linked-detail-lecture-3-1-3-2-pdf-integral-calculus-mth-252z-400-u2026.fulltext.txt,markdown/00361-mth-252-linked-detail-lecture-3-1-3-2-pdf-integral-calculus-mth-252z-400-u2026.md,,metadata/00361-mth-252-linked-detail-lecture-3-1-3-2-pdf-integral-calculus-mth-252z-400-u2026.json,9559f6cad78ac931b88aad49480e717f799761439f23e6db287fcb7db2df0c91,4adb97667e089f12664ae84860f2d165cb242174e0eae252956afaf1ad7688b4,2026-06-26T21:17:14.273Z,1,31,3,0,0,0
00362-mth-252-linked-detail-module-5-written-homework-whw-5-3-hours,2080857,MTH-252,linked_detail,linked_detail,https://canvas.oregonstate.edu/courses/2080857/assignments/10586058?module_item_id=26982594#,https://canvas.oregonstate.edu/courses/2080857/assignments/10586058?module_item_id=26982594#,Module 5 — Written Homework (WHW 5) 🕓 3 hours,assignment,10586058,2,,,raw_html/00362-mth-252-linked-detail-module-5-written-homework-whw-5-3-hours.html,text/00362-mth-252-linked-detail-module-5-written-homework-whw-5-3-hours.txt,text/00362-mth-252-linked-detail-module-5-written-homework-whw-5-3-hours.fulltext.txt,markdown/00362-mth-252-linked-detail-module-5-written-homework-whw-5-3-hours.md,,metadata/00362-mth-252-linked-detail-module-5-written-homework-whw-5-3-hours.json,429d7a70ff31fd9360991bb1ba7123bdea1e3f8a6370417c7bbe690dc2891383,6150c47f94b34cf0aa3c5046b6e588db1495b6c503dc68cd43b0a989b31c99ab,2026-06-26T21:17:17.324Z,3,137,2,0,0,0
00363-mth-252-linked-detail-achieve-3-1-integration-by-parts,2080857,MTH-252,linked_detail,linked_detail,https://canvas.oregonstate.edu/courses/2080857/assignments/10586037?module_item_id=26982595#,https://canvas.oregonstate.edu/courses/2080857/assignments/10586037?module_item_id=26982595#,Achieve - 3.1 Integration by Parts,assignment,10586037,2,,yes,raw_html/00363-mth-252-linked-detail-achieve-3-1-integration-by-parts.html,text/00363-mth-252-linked-detail-achieve-3-1-integration-by-parts.txt,text/00363-mth-252-linked-detail-achieve-3-1-integration-by-parts.fulltext.txt,markdown/00363-mth-252-linked-detail-achieve-3-1-integration-by-parts.md,,metadata/00363-mth-252-linked-detail-achieve-3-1-integration-by-parts.json,594d8f88fd2b5e43483ac4d958e651adbfc2e241d50f408c4116cbdd7a06dc6d,6c66eae79ec0842234b095d2091bba512926503e46d86b23a66b8e8dc2810b20,2026-06-26T21:17:19.621Z,2,54,2,0,0,0
00364-mth-252-linked-detail-achieve-3-2-trigonometric-integrals,2080857,MTH-252,linked_detail,linked_detail,https://canvas.oregonstate.edu/courses/2080857/assignments/10586038?module_item_id=26982596#,https://canvas.oregonstate.edu/courses/2080857/assignments/10586038?module_item_id=26982596#,Achieve - 3.2 Trigonometric Integrals,assignment,10586038,2,,yes,raw_html/00364-mth-252-linked-detail-achieve-3-2-trigonometric-integrals.html,text/00364-mth-252-linked-detail-achieve-3-2-trigonometric-integrals.txt,text/00364-mth-252-linked-detail-achieve-3-2-trigonometric-integrals.fulltext.txt,markdown/00364-mth-252-linked-detail-achieve-3-2-trigonometric-integrals.md,,metadata/00364-mth-252-linked-detail-achieve-3-2-trigonometric-integrals.json,5c3b0939f28328caf0677c15598c2899be6034b1b293fb98bac4368396a249b8,e0b56b155267b705c66a66708af7d1d5ae361e125a0874ac8b655fba0d8e942c,2026-06-26T21:17:21.877Z,2,54,2,0,0,0
00365-mth-252-linked-detail-252-lecture-3-1-to-me3-pdf-integral-calculus-mth-252z-400-u2026,2080857,MTH-252,linked_detail,linked_detail,https://canvas.oregonstate.edu/courses/2080857/files/119223561?module_item_id=26982599#,https://canvas.oregonstate.edu/courses/2080857/files/119223561?module_item_id=26982599#,252-Lecture-3.1-to-ME3.pdf: INTEGRAL CALCULUS (MTH_252Z_400_U2026),file,119223561,2,,,raw_html/00365-mth-252-linked-detail-252-lecture-3-1-to-me3-pdf-integral-calculus-mth-252z-400-u2026.html,text/00365-mth-252-linked-detail-252-lecture-3-1-to-me3-pdf-integral-calculus-mth-252z-400-u2026.txt,text/00365-mth-252-linked-detail-252-lecture-3-1-to-me3-pdf-integral-calculus-mth-252z-400-u2026.fulltext.txt,markdown/00365-mth-252-linked-detail-252-lecture-3-1-to-me3-pdf-integral-calculus-mth-252z-400-u2026.md,,metadata/00365-mth-252-linked-detail-252-lecture-3-1-to-me3-pdf-integral-calculus-mth-252z-400-u2026.json,05e465238c86ad112ca8181855ee7518fb70e4a1eca841814d0dfb2faaea323f,bfd36710ccaf285ce810e57039e426295691cb79f7f262537d7c734ebdd2b685,2026-06-26T21:17:24.165Z,1,31,3,0,0,0
00366-mth-252-linked-detail-page-not-found,2080857,MTH-252,linked_detail,linked_detail,https://canvas.oregonstate.edu/courses/2080857/pages/$CANVAS_COURSE_REFERENCE$/file_ref/g9597b7a3e92abdd20049560c4405a399?wrap=1,https://canvas.oregonstate.edu/courses/2080857/pages/$CANVAS_COURSE_REFERENCE$/file_ref/g9597b7a3e92abdd20049560c4405a399?wrap=1,Page Not Found,page,$CANVAS_COURSE_REFERENCE$,2,,,raw_html/00366-mth-252-linked-detail-page-not-found.html,text/00366-mth-252-linked-detail-page-not-found.txt,text/00366-mth-252-linked-detail-page-not-found.fulltext.txt,markdown/00366-mth-252-linked-detail-page-not-found.md,,metadata/00366-mth-252-linked-detail-page-not-found.json,4fd5be20bbdbdc3bc61cb6d8766c5c8434c275d0745b7a4d82fc1ad300aa0d2b,1f3cad7f917aec981713b153906f275d6d7a2e253849ec562fee4847f84aa6ab,2026-06-26T21:17:25.910Z,2,13,2,0,0,0
00367-mth-252-linked-detail-page-not-found,2080857,MTH-252,linked_detail,linked_detail,https://canvas.oregonstate.edu/courses/2080857/pages/$CANVAS_COURSE_REFERENCE$/file_ref/g4d67a850c0877c247d26c4c95fa2d836?wrap=1,https://canvas.oregonstate.edu/courses/2080857/pages/$CANVAS_COURSE_REFERENCE$/file_ref/g4d67a850c0877c247d26c4c95fa2d836?wrap=1,Page Not Found,page,$CANVAS_COURSE_REFERENCE$,2,,,raw_html/00367-mth-252-linked-detail-page-not-found.html,text/00367-mth-252-linked-detail-page-not-found.txt,text/00367-mth-252-linked-detail-page-not-found.fulltext.txt,markdown/00367-mth-252-linked-detail-page-not-found.md,,metadata/00367-mth-252-linked-detail-page-not-found.json,6dc0b3d9654dddc86fd0d9992bec3f8f28c01971e4589983c203bc01c151f2d1,1f3cad7f917aec981713b153906f275d6d7a2e253849ec562fee4847f84aa6ab,2026-06-26T21:17:27.561Z,2,13,2,0,0,0
00368-mth-252-linked-detail-module-6-written-homework-whw-6-3-hours,2080857,MTH-252,linked_detail,linked_detail,https://canvas.oregonstate.edu/courses/2080857/assignments/10586059?module_item_id=26982603#,https://canvas.oregonstate.edu/courses/2080857/assignments/10586059?module_item_id=26982603#,Module 6 — Written Homework (WHW 6) 🕓 3 hours,assignment,10586059,2,,,raw_html/00368-mth-252-linked-detail-module-6-written-homework-whw-6-3-hours.html,text/00368-mth-252-linked-detail-module-6-written-homework-whw-6-3-hours.txt,text/00368-mth-252-linked-detail-module-6-written-homework-whw-6-3-hours.fulltext.txt,markdown/00368-mth-252-linked-detail-module-6-written-homework-whw-6-3-hours.md,,metadata/00368-mth-252-linked-detail-module-6-written-homework-whw-6-3-hours.json,2fca00ac7b73971c4ccc5fb3c4e1b2aa81013cc28d4a39a2cf9470f11853ca48,20de4d24a0b758f32337c5f0a583e8c00b98072d4ac05e0aa303d1f9ee0292b4,2026-06-26T21:17:29.660Z,2,54,2,0,0,0
00369-mth-252-linked-detail-achieve-3-3-trigonometric-substitution,2080857,MTH-252,linked_detail,linked_detail,https://canvas.oregonstate.edu/courses/2080857/assignments/10586039?module_item_id=26982605#,https://canvas.oregonstate.edu/courses/2080857/assignments/10586039?module_item_id=26982605#,Achieve - 3.3 Trigonometric Substitution,assignment,10586039,2,,yes,raw_html/00369-mth-252-linked-detail-achieve-3-3-trigonometric-substitution.html,text/00369-mth-252-linked-detail-achieve-3-3-trigonometric-substitution.txt,text/00369-mth-252-linked-detail-achieve-3-3-trigonometric-substitution.fulltext.txt,markdown/00369-mth-252-linked-detail-achieve-3-3-trigonometric-substitution.md,,metadata/00369-mth-252-linked-detail-achieve-3-3-trigonometric-substitution.json,c18a09739fd0dcdeb8289d87ce4662c7e6d0c57ae4dee73aa102bf6feede81a4,81a5d8ffd788027cf2c3ee1495d21059dc7eaaedfe59e79dd1bbb33abd4817c9,2026-06-26T21:17:32.262Z,2,54,2,0,0,0
00370-mth-252-linked-detail-achieve-3-4-partial-fractions,2080857,MTH-252,linked_detail,linked_detail,https://canvas.oregonstate.edu/courses/2080857/assignments/10586040?module_item_id=26982606#,https://canvas.oregonstate.edu/courses/2080857/assignments/10586040?module_item_id=26982606#,Achieve - 3.4 Partial Fractions,assignment,10586040,2,,yes,raw_html/00370-mth-252-linked-detail-achieve-3-4-partial-fractions.html,text/00370-mth-252-linked-detail-achieve-3-4-partial-fractions.txt,text/00370-mth-252-linked-detail-achieve-3-4-partial-fractions.fulltext.txt,markdown/00370-mth-252-linked-detail-achieve-3-4-partial-fractions.md,,metadata/00370-mth-252-linked-detail-achieve-3-4-partial-fractions.json,6f26b0a6f5c9584172d4a1eecafeada63c8f8ce5041a75ee4c44355276a24fae,b7c4f753a7acb5b99572cde91fafcd741791c9b0a640e6a963b30702216431a2,2026-06-26T21:17:34.978Z,2,54,2,0,0,0
00371-mth-252-linked-detail-mini-exam-3-tuesday-to-thursday,2080857,MTH-252,linked_detail,linked_detail,https://canvas.oregonstate.edu/courses/2080857/assignments/10586050?module_item_id=26982607#,https://canvas.oregonstate.edu/courses/2080857/assignments/10586050?module_item_id=26982607#,Mini-Exam 3 --> Tuesday to Thursday,assignment,10586050,2,,,raw_html/00371-mth-252-linked-detail-mini-exam-3-tuesday-to-thursday.html,text/00371-mth-252-linked-detail-mini-exam-3-tuesday-to-thursday.txt,text/00371-mth-252-linked-detail-mini-exam-3-tuesday-to-thursday.fulltext.txt,markdown/00371-mth-252-linked-detail-mini-exam-3-tuesday-to-thursday.md,,metadata/00371-mth-252-linked-detail-mini-exam-3-tuesday-to-thursday.json,e814b2b5b00dec6f7f54aaed3985e929e7a42a8fdd61051542cdf54b056f0f54,0ab9601a73a4945d33c844dbe88ce696f71c9b625304578c8e9627d7399ef3bc,2026-06-26T21:17:37.560Z,2,54,2,0,0,0
00372-mth-252-linked-detail-page-not-found,2080857,MTH-252,linked_detail,linked_detail,https://canvas.oregonstate.edu/courses/2080857/pages/$CANVAS_COURSE_REFERENCE$/file_ref/ge66f62d3aefa8262ab8430c7ff8a8243?wrap=1,https://canvas.oregonstate.edu/courses/2080857/pages/$CANVAS_COURSE_REFERENCE$/file_ref/ge66f62d3aefa8262ab8430c7ff8a8243?wrap=1,Page Not Found,page,$CANVAS_COURSE_REFERENCE$,2,,,raw_html/00372-mth-252-linked-detail-page-not-found.html,text/00372-mth-252-linked-detail-page-not-found.txt,text/00372-mth-252-linked-detail-page-not-found.fulltext.txt,markdown/00372-mth-252-linked-detail-page-not-found.md,,metadata/00372-mth-252-linked-detail-page-not-found.json,26b266bbec3f7ea38b4fee80078c42a1d36b84d5d012cf106e4b6d057371f611,1f3cad7f917aec981713b153906f275d6d7a2e253849ec562fee4847f84aa6ab,2026-06-26T21:17:39.216Z,2,13,2,0,0,0
00373-mth-252-linked-detail-252-lecture-2-1-to-me4-pdf-integral-calculus-mth-252z-400-u2026,2080857,MTH-252,linked_detail,linked_detail,https://canvas.oregonstate.edu/courses/2080857/files/119223597?module_item_id=26982610#,https://canvas.oregonstate.edu/courses/2080857/files/119223597?module_item_id=26982610#,252-Lecture-2.1-to-ME4.pdf: INTEGRAL CALCULUS (MTH_252Z_400_U2026),file,119223597,2,,,raw_html/00373-mth-252-linked-detail-252-lecture-2-1-to-me4-pdf-integral-calculus-mth-252z-400-u2026.html,text/00373-mth-252-linked-detail-252-lecture-2-1-to-me4-pdf-integral-calculus-mth-252z-400-u2026.txt,text/00373-mth-252-linked-detail-252-lecture-2-1-to-me4-pdf-integral-calculus-mth-252z-400-u2026.fulltext.txt,markdown/00373-mth-252-linked-detail-252-lecture-2-1-to-me4-pdf-integral-calculus-mth-252z-400-u2026.md,,metadata/00373-mth-252-linked-detail-252-lecture-2-1-to-me4-pdf-integral-calculus-mth-252z-400-u2026.json,dc541ebc46cad7d2f38696f268ebc66860370ceb8f60e9ab0ce9a33a5c400fef,c99395328a003ddb927b4c00ce314162e8a6b34b7434553da74af7dd8339746c,2026-06-26T21:17:41.363Z,1,31,3,0,0,0
00374-mth-252-linked-detail-page-not-found,2080857,MTH-252,linked_detail,linked_detail,https://canvas.oregonstate.edu/courses/2080857/pages/$CANVAS_COURSE_REFERENCE$/file_ref/gb96f8483f0ee1dbe3cd5a7fc6e29a192?wrap=1,https://canvas.oregonstate.edu/courses/2080857/pages/$CANVAS_COURSE_REFERENCE$/file_ref/gb96f8483f0ee1dbe3cd5a7fc6e29a192?wrap=1,Page Not Found,page,$CANVAS_COURSE_REFERENCE$,2,,,raw_html/00374-mth-252-linked-detail-page-not-found.html,text/00374-mth-252-linked-detail-page-not-found.txt,text/00374-mth-252-linked-detail-page-not-found.fulltext.txt,markdown/00374-mth-252-linked-detail-page-not-found.md,,metadata/00374-mth-252-linked-detail-page-not-found.json,e84a65639682f50b852066e38613b97757ddead1884869569135da98b1d4579a,1f3cad7f917aec981713b153906f275d6d7a2e253849ec562fee4847f84aa6ab,2026-06-26T21:17:43.011Z,2,13,2,0,0,0
00375-mth-252-linked-detail-page-not-found,2080857,MTH-252,linked_detail,linked_detail,https://canvas.oregonstate.edu/courses/2080857/pages/$CANVAS_COURSE_REFERENCE$/file_ref/gc6fcafc40b3ad850007aa23c360c3b10?wrap=1,https://canvas.oregonstate.edu/courses/2080857/pages/$CANVAS_COURSE_REFERENCE$/file_ref/gc6fcafc40b3ad850007aa23c360c3b10?wrap=1,Page Not Found,page,$CANVAS_COURSE_REFERENCE$,2,,,raw_html/00375-mth-252-linked-detail-page-not-found.html,text/00375-mth-252-linked-detail-page-not-found.txt,text/00375-mth-252-linked-detail-page-not-found.fulltext.txt,markdown/00375-mth-252-linked-detail-page-not-found.md,,metadata/00375-mth-252-linked-detail-page-not-found.json,0720ae2d3113bc772f10fe6645d2836b5cae5ee432ba0692b1b11d1f8ff8d3d7,1f3cad7f917aec981713b153906f275d6d7a2e253849ec562fee4847f84aa6ab,2026-06-26T21:17:44.760Z,2,13,2,0,0,0
00376-mth-252-linked-detail-page-not-found,2080857,MTH-252,linked_detail,linked_detail,https://canvas.oregonstate.edu/courses/2080857/pages/$CANVAS_COURSE_REFERENCE$/file_ref/gbbf43049a12a8f933a6df5fa00d2187b?wrap=1,https://canvas.oregonstate.edu/courses/2080857/pages/$CANVAS_COURSE_REFERENCE$/file_ref/gbbf43049a12a8f933a6df5fa00d2187b?wrap=1,Page Not Found,page,$CANVAS_COURSE_REFERENCE$,2,,,raw_html/00376-mth-252-linked-detail-page-not-found.html,text/00376-mth-252-linked-detail-page-not-found.txt,text/00376-mth-252-linked-detail-page-not-found.fulltext.txt,markdown/00376-mth-252-linked-detail-page-not-found.md,,metadata/00376-mth-252-linked-detail-page-not-found.json,26d633e3f83a498a9f6d88eff21b62532105a84af0751ec34ca27a7d9932e987,1f3cad7f917aec981713b153906f275d6d7a2e253849ec562fee4847f84aa6ab,2026-06-26T21:17:46.413Z,2,13,2,0,0,0
00377-mth-252-linked-detail-page-not-found,2080857,MTH-252,linked_detail,linked_detail,https://canvas.oregonstate.edu/courses/2080857/pages/$CANVAS_COURSE_REFERENCE$/file_ref/g6058770617b562c0b8540a559293b9f2?wrap=1,https://canvas.oregonstate.edu/courses/2080857/pages/$CANVAS_COURSE_REFERENCE$/file_ref/g6058770617b562c0b8540a559293b9f2?wrap=1,Page Not Found,page,$CANVAS_COURSE_REFERENCE$,2,,,raw_html/00377-mth-252-linked-detail-page-not-found.html,text/00377-mth-252-linked-detail-page-not-found.txt,text/00377-mth-252-linked-detail-page-not-found.fulltext.txt,markdown/00377-mth-252-linked-detail-page-not-found.md,,metadata/00377-mth-252-linked-detail-page-not-found.json,6c4050c3a762cdadfc8e6b7b9dfefba133ef93e1c4b348554991d7fb6e354d6f,1f3cad7f917aec981713b153906f275d6d7a2e253849ec562fee4847f84aa6ab,2026-06-26T21:17:48.112Z,2,13,2,0,0,0
00378-mth-252-linked-detail-achieve-2-1-areas-between-curves,2080857,MTH-252,linked_detail,linked_detail,https://canvas.oregonstate.edu/courses/2080857/assignments/10586031?module_item_id=26982615#,https://canvas.oregonstate.edu/courses/2080857/assignments/10586031?module_item_id=26982615#,Achieve - 2.1 Areas between Curves,assignment,10586031,2,,yes,raw_html/00378-mth-252-linked-detail-achieve-2-1-areas-between-curves.html,text/00378-mth-252-linked-detail-achieve-2-1-areas-between-curves.txt,text/00378-mth-252-linked-detail-achieve-2-1-areas-between-curves.fulltext.txt,markdown/00378-mth-252-linked-detail-achieve-2-1-areas-between-curves.md,,metadata/00378-mth-252-linked-detail-achieve-2-1-areas-between-curves.json,76b160407392e2109f57f74d28f6d9c417342ba7e31c6a6d749d386106a10455,05e96284b2787cc17f722c063b17bfd5d429ac269d201645b0506ea6854882f8,2026-06-26T21:17:50.497Z,2,54,2,0,0,0
00379-mth-252-linked-detail-achieve-2-2-volumes-by-slicing-and-disc-washer-method,2080857,MTH-252,linked_detail,linked_detail,https://canvas.oregonstate.edu/courses/2080857/assignments/10586032?module_item_id=26982616#,https://canvas.oregonstate.edu/courses/2080857/assignments/10586032?module_item_id=26982616#,Achieve - 2.2 Volumes by Slicing and Disc/Washer Method,assignment,10586032,2,,yes,raw_html/00379-mth-252-linked-detail-achieve-2-2-volumes-by-slicing-and-disc-washer-method.html,text/00379-mth-252-linked-detail-achieve-2-2-volumes-by-slicing-and-disc-washer-method.txt,text/00379-mth-252-linked-detail-achieve-2-2-volumes-by-slicing-and-disc-washer-method.fulltext.txt,markdown/00379-mth-252-linked-detail-achieve-2-2-volumes-by-slicing-and-disc-washer-method.md,,metadata/00379-mth-252-linked-detail-achieve-2-2-volumes-by-slicing-and-disc-washer-method.json,f9def6594f02756b0896105920128dfe7cf1013688d2306da636b495f7b2f630,8f54135f850db8fc32b54433d4109f93507656fd38141da521d8089293a0efba,2026-06-26T21:17:53.416Z,2,54,2,0,0,0
00380-mth-252-linked-detail-module-7-written-homework-whw-7-3-hours,2080857,MTH-252,linked_detail,linked_detail,https://canvas.oregonstate.edu/courses/2080857/assignments/10586060?module_item_id=26982617#,https://canvas.oregonstate.edu/courses/2080857/assignments/10586060?module_item_id=26982617#,Module 7 — Written Homework (WHW 7) 🕓 3 hours,assignment,10586060,2,,,raw_html/00380-mth-252-linked-detail-module-7-written-homework-whw-7-3-hours.html,text/00380-mth-252-linked-detail-module-7-written-homework-whw-7-3-hours.txt,text/00380-mth-252-linked-detail-module-7-written-homework-whw-7-3-hours.fulltext.txt,markdown/00380-mth-252-linked-detail-module-7-written-homework-whw-7-3-hours.md,,metadata/00380-mth-252-linked-detail-module-7-written-homework-whw-7-3-hours.json,6d359e627b8d840e321b8049c07b90b4f8fc74592ebef5d590be6f57da278ae4,87ab89168b033f9cec9f361fcdc78dca3c453068856cdabe481c22094c9fcf9f,2026-06-26T21:17:55.861Z,2,52,2,0,0,0
00381-mth-252-linked-detail-252-lecture-2-1-to-me4-pdf-integral-calculus-mth-252z-400-u2026,2080857,MTH-252,linked_detail,linked_detail,https://canvas.oregonstate.edu/courses/2080857/files/119223597?module_item_id=26982621#,https://canvas.oregonstate.edu/courses/2080857/files/119223597?module_item_id=26982621#,252-Lecture-2.1-to-ME4.pdf: INTEGRAL CALCULUS (MTH_252Z_400_U2026),file,119223597,2,,,raw_html/00381-mth-252-linked-detail-252-lecture-2-1-to-me4-pdf-integral-calculus-mth-252z-400-u2026.html,text/00381-mth-252-linked-detail-252-lecture-2-1-to-me4-pdf-integral-calculus-mth-252z-400-u2026.txt,text/00381-mth-252-linked-detail-252-lecture-2-1-to-me4-pdf-integral-calculus-mth-252z-400-u2026.fulltext.txt,markdown/00381-mth-252-linked-detail-252-lecture-2-1-to-me4-pdf-integral-calculus-mth-252z-400-u2026.md,,metadata/00381-mth-252-linked-detail-252-lecture-2-1-to-me4-pdf-integral-calculus-mth-252z-400-u2026.json,a611698fb3b16539e7d0b8b27829a5e5a82ee6322335c40b55b526bd29da20e4,c99395328a003ddb927b4c00ce314162e8a6b34b7434553da74af7dd8339746c,2026-06-26T21:17:57.924Z,1,31,3,0,0,0
00382-mth-252-linked-detail-lecture-2-3-2-4-pdf-integral-calculus-mth-252z-400-u2026,2080857,MTH-252,linked_detail,linked_detail,https://canvas.oregonstate.edu/courses/2080857/files/119223466?module_item_id=26982622#,https://canvas.oregonstate.edu/courses/2080857/files/119223466?module_item_id=26982622#,Lecture-2.3-2.4.pdf: INTEGRAL CALCULUS (MTH_252Z_400_U2026),file,119223466,2,,,raw_html/00382-mth-252-linked-detail-lecture-2-3-2-4-pdf-integral-calculus-mth-252z-400-u2026.html,text/00382-mth-252-linked-detail-lecture-2-3-2-4-pdf-integral-calculus-mth-252z-400-u2026.txt,text/00382-mth-252-linked-detail-lecture-2-3-2-4-pdf-integral-calculus-mth-252z-400-u2026.fulltext.txt,markdown/00382-mth-252-linked-detail-lecture-2-3-2-4-pdf-integral-calculus-mth-252z-400-u2026.md,,metadata/00382-mth-252-linked-detail-lecture-2-3-2-4-pdf-integral-calculus-mth-252z-400-u2026.json,8917eb63cc41969215e1b3de2f551e19e25e03dbea4c84e36e9781a5b62bc368,4dcbc8884de373994918908b3c68cc858c285de15b73775aa09943008521caf3,2026-06-26T21:17:59.973Z,1,31,3,0,0,0
00383-mth-252-linked-detail-page-not-found,2080857,MTH-252,linked_detail,linked_detail,https://canvas.oregonstate.edu/courses/2080857/pages/$CANVAS_COURSE_REFERENCE$/file_ref/g6073b18bbe1c37ac3e81a46c5bcdfaa9?wrap=1,https://canvas.oregonstate.edu/courses/2080857/pages/$CANVAS_COURSE_REFERENCE$/file_ref/g6073b18bbe1c37ac3e81a46c5bcdfaa9?wrap=1,Page Not Found,page,$CANVAS_COURSE_REFERENCE$,2,,,raw_html/00383-mth-252-linked-detail-page-not-found.html,text/00383-mth-252-linked-detail-page-not-found.txt,text/00383-mth-252-linked-detail-page-not-found.fulltext.txt,markdown/00383-mth-252-linked-detail-page-not-found.md,,metadata/00383-mth-252-linked-detail-page-not-found.json,dfd593978d6695a90e92381b3d9d6d3e6b97e0b45ebf63d6ea597bae495f535d,1f3cad7f917aec981713b153906f275d6d7a2e253849ec562fee4847f84aa6ab,2026-06-26T21:18:01.830Z,2,13,2,0,0,0
00384-mth-252-linked-detail-module-8-written-homework-whw-8-3-hours,2080857,MTH-252,linked_detail,linked_detail,https://canvas.oregonstate.edu/courses/2080857/assignments/10586061?module_item_id=26982626#,https://canvas.oregonstate.edu/courses/2080857/assignments/10586061?module_item_id=26982626#,Module 8 — Written Homework (WHW 8) 🕓 3 hours,assignment,10586061,2,,,raw_html/00384-mth-252-linked-detail-module-8-written-homework-whw-8-3-hours.html,text/00384-mth-252-linked-detail-module-8-written-homework-whw-8-3-hours.txt,text/00384-mth-252-linked-detail-module-8-written-homework-whw-8-3-hours.fulltext.txt,markdown/00384-mth-252-linked-detail-module-8-written-homework-whw-8-3-hours.md,,metadata/00384-mth-252-linked-detail-module-8-written-homework-whw-8-3-hours.json,ed84351e4e604af358567a6586d161c623a524fec20092b4a9d802b11237e196,eda062bb036d561ce3cc7e394a55fd7b7f2ec00a1a3ca13a04be8269aa15b6d3,2026-06-26T21:18:04.301Z,2,54,2,0,0,0
00385-mth-252-linked-detail-achieve-2-3-volumes-of-revolution-cylindrical-shells,2080857,MTH-252,linked_detail,linked_detail,https://canvas.oregonstate.edu/courses/2080857/assignments/10586033?module_item_id=26982628#,https://canvas.oregonstate.edu/courses/2080857/assignments/10586033?module_item_id=26982628#,Achieve - 2.3 Volumes of Revolution: Cylindrical Shells,assignment,10586033,2,,yes,raw_html/00385-mth-252-linked-detail-achieve-2-3-volumes-of-revolution-cylindrical-shells.html,text/00385-mth-252-linked-detail-achieve-2-3-volumes-of-revolution-cylindrical-shells.txt,text/00385-mth-252-linked-detail-achieve-2-3-volumes-of-revolution-cylindrical-shells.fulltext.txt,markdown/00385-mth-252-linked-detail-achieve-2-3-volumes-of-revolution-cylindrical-shells.md,,metadata/00385-mth-252-linked-detail-achieve-2-3-volumes-of-revolution-cylindrical-shells.json,4df360ad24575fda94fb185e0c57c36c8a6d6865dd3c2dfb46ebd47cb0d5788c,b97f2a922e01b870f4eee378f49bd81621736437a45b6eb0ab036bd27ad013d7,2026-06-26T21:18:06.961Z,2,54,2,0,0,0
00386-mth-252-linked-detail-acheive-2-4-arc-length-of-a-curve-no-surface-area,2080857,MTH-252,linked_detail,linked_detail,https://canvas.oregonstate.edu/courses/2080857/assignments/10586024?module_item_id=26982629#,https://canvas.oregonstate.edu/courses/2080857/assignments/10586024?module_item_id=26982629#,Acheive - 2.4 Arc Length of a Curve (NO Surface Area),assignment,10586024,2,,yes,raw_html/00386-mth-252-linked-detail-acheive-2-4-arc-length-of-a-curve-no-surface-area.html,text/00386-mth-252-linked-detail-acheive-2-4-arc-length-of-a-curve-no-surface-area.txt,text/00386-mth-252-linked-detail-acheive-2-4-arc-length-of-a-curve-no-surface-area.fulltext.txt,markdown/00386-mth-252-linked-detail-acheive-2-4-arc-length-of-a-curve-no-surface-area.md,,metadata/00386-mth-252-linked-detail-acheive-2-4-arc-length-of-a-curve-no-surface-area.json,9bb634fdd45f6bb7038b5c3d169051a4c90508c94391e5646fdee445b82a4eae,31e891ffb482bbaedd7cbc8dd5962bd48f57615cdd351ef627c3c16584b972f0,2026-06-26T21:18:09.520Z,2,54,2,0,0,0
00387-mth-252-linked-detail-mini-exam-4-tuesday-to-thursday,2080857,MTH-252,linked_detail,linked_detail,https://canvas.oregonstate.edu/courses/2080857/assignments/10586052?module_item_id=26982630#,https://canvas.oregonstate.edu/courses/2080857/assignments/10586052?module_item_id=26982630#,Mini-Exam 4 --> Tuesday to Thursday,assignment,10586052,2,,,raw_html/00387-mth-252-linked-detail-mini-exam-4-tuesday-to-thursday.html,text/00387-mth-252-linked-detail-mini-exam-4-tuesday-to-thursday.txt,text/00387-mth-252-linked-detail-mini-exam-4-tuesday-to-thursday.fulltext.txt,markdown/00387-mth-252-linked-detail-mini-exam-4-tuesday-to-thursday.md,,metadata/00387-mth-252-linked-detail-mini-exam-4-tuesday-to-thursday.json,3134be92e842044892d87a2a2744ffbd0faec7ba6b26218b87cf792e94960c0d,00894aed12dba041317c4c2962293377311193b53180a9a38073c36e0413fedc,2026-06-26T21:18:12.161Z,2,54,2,0,0,0
00388-mth-252-linked-detail-252-lecture-2-5-to-me5-pdf-integral-calculus-mth-252z-400-u2026,2080857,MTH-252,linked_detail,linked_detail,https://canvas.oregonstate.edu/courses/2080857/files/119223598?module_item_id=26982633#,https://canvas.oregonstate.edu/courses/2080857/files/119223598?module_item_id=26982633#,252-Lecture-2.5-to-ME5.pdf: INTEGRAL CALCULUS (MTH_252Z_400_U2026),file,119223598,2,,,raw_html/00388-mth-252-linked-detail-252-lecture-2-5-to-me5-pdf-integral-calculus-mth-252z-400-u2026.html,text/00388-mth-252-linked-detail-252-lecture-2-5-to-me5-pdf-integral-calculus-mth-252z-400-u2026.txt,text/00388-mth-252-linked-detail-252-lecture-2-5-to-me5-pdf-integral-calculus-mth-252z-400-u2026.fulltext.txt,markdown/00388-mth-252-linked-detail-252-lecture-2-5-to-me5-pdf-integral-calculus-mth-252z-400-u2026.md,,metadata/00388-mth-252-linked-detail-252-lecture-2-5-to-me5-pdf-integral-calculus-mth-252z-400-u2026.json,759064410ad1277b7b05952a6a45debcbedcc8e12bbbb756e5cdf7f9d9b22a64,c62964d17183cf6689da656ed208af630c6ea729c335f0278f2ed70e91f4f567,2026-06-26T21:18:14.468Z,1,29,3,0,0,0
00389-mth-252-linked-detail-page-not-found,2080857,MTH-252,linked_detail,linked_detail,https://canvas.oregonstate.edu/courses/2080857/pages/$CANVAS_COURSE_REFERENCE$/file_ref/g4f20502dbd0595caf4451e4ebe8369c1?wrap=1,https://canvas.oregonstate.edu/courses/2080857/pages/$CANVAS_COURSE_REFERENCE$/file_ref/g4f20502dbd0595caf4451e4ebe8369c1?wrap=1,Page Not Found,page,$CANVAS_COURSE_REFERENCE$,2,,,raw_html/00389-mth-252-linked-detail-page-not-found.html,text/00389-mth-252-linked-detail-page-not-found.txt,text/00389-mth-252-linked-detail-page-not-found.fulltext.txt,markdown/00389-mth-252-linked-detail-page-not-found.md,,metadata/00389-mth-252-linked-detail-page-not-found.json,4281c9a0c451659e610cc01b96bf7dc24e5547b39ed743973c86279fce592d26,1f3cad7f917aec981713b153906f275d6d7a2e253849ec562fee4847f84aa6ab,2026-06-26T21:18:16.512Z,2,13,2,0,0,0
00390-mth-252-linked-detail-252-lecture-2-5-to-me5-pages-5-8-13-17-19-20-1-1-pdf-integral-calculus-mth-252z-400-u2026,2080857,MTH-252,linked_detail,linked_detail,https://canvas.oregonstate.edu/courses/2080857/files/119223617?wrap=1,https://canvas.oregonstate.edu/courses/2080857/files/119223617?wrap=1,"252-Lecture-2.5-to-ME5 pages 5 - 8, 13 - 17, 19, 20-1-1.pdf: INTEGRAL CALCULUS (MTH_252Z_400_U2026)",file,119223617,2,,,raw_html/00390-mth-252-linked-detail-252-lecture-2-5-to-me5-pages-5-8-13-17-19-20-1-1-pdf-integral-calculus-mth-252z-400-u2026.html,text/00390-mth-252-linked-detail-252-lecture-2-5-to-me5-pages-5-8-13-17-19-20-1-1-pdf-integral-calculus-mth-252z-400-u2026.txt,text/00390-mth-252-linked-detail-252-lecture-2-5-to-me5-pages-5-8-13-17-19-20-1-1-pdf-integral-calculus-mth-252z-400-u2026.fulltext.txt,markdown/00390-mth-252-linked-detail-252-lecture-2-5-to-me5-pages-5-8-13-17-19-20-1-1-pdf-integral-calculus-mth-252z-400-u2026.md,,metadata/00390-mth-252-linked-detail-252-lecture-2-5-to-me5-pages-5-8-13-17-19-20-1-1-pdf-integral-calculus-mth-252z-400-u2026.json,ad13ac84f0b29399c979a5fc160a6efe4194a64b06e17ce607b23153f16db8b7,20fc1065ee4847765419b62c73f3905ed9035f2226f569fcdc7eaa0e2577eb60,2026-06-26T21:18:18.719Z,1,29,3,0,0,0
00391-mth-252-linked-detail-page-not-found,2080857,MTH-252,linked_detail,linked_detail,https://canvas.oregonstate.edu/courses/2080857/pages/$CANVAS_COURSE_REFERENCE$/file_ref/g42875dc6e7ef2e217410d1eaf8751908?wrap=1,https://canvas.oregonstate.edu/courses/2080857/pages/$CANVAS_COURSE_REFERENCE$/file_ref/g42875dc6e7ef2e217410d1eaf8751908?wrap=1,Page Not Found,page,$CANVAS_COURSE_REFERENCE$,2,,,raw_html/00391-mth-252-linked-detail-page-not-found.html,text/00391-mth-252-linked-detail-page-not-found.txt,text/00391-mth-252-linked-detail-page-not-found.fulltext.txt,markdown/00391-mth-252-linked-detail-page-not-found.md,,metadata/00391-mth-252-linked-detail-page-not-found.json,bc236b7375ee297c8247f689e27631456885b58b34a2af7992b53ce432c00fd3,1f3cad7f917aec981713b153906f275d6d7a2e253849ec562fee4847f84aa6ab,2026-06-26T21:18:20.462Z,2,13,2,0,0,0
00392-mth-252-linked-detail-module-9-written-homework-whw-9-3-hours,2080857,MTH-252,linked_detail,linked_detail,https://canvas.oregonstate.edu/courses/2080857/assignments/10586062?module_item_id=26982636#,https://canvas.oregonstate.edu/courses/2080857/assignments/10586062?module_item_id=26982636#,Module 9 — Written Homework (WHW 9) 🕓 3 hours,assignment,10586062,2,,,raw_html/00392-mth-252-linked-detail-module-9-written-homework-whw-9-3-hours.html,text/00392-mth-252-linked-detail-module-9-written-homework-whw-9-3-hours.txt,text/00392-mth-252-linked-detail-module-9-written-homework-whw-9-3-hours.fulltext.txt,markdown/00392-mth-252-linked-detail-module-9-written-homework-whw-9-3-hours.md,,metadata/00392-mth-252-linked-detail-module-9-written-homework-whw-9-3-hours.json,4b2b84f5275bc4f6b04c27c0567ceeae3fc06100bf23314c590db6a512e7691c,68e2c2f9c25a58054ff5f37bacdf0e12037dd10f0aaa045429f3b3af59ea25b6,2026-06-26T21:18:23.166Z,2,54,2,0,0,0
00393-mth-252-linked-detail-achieve-2-5-1-physical-applications,2080857,MTH-252,linked_detail,linked_detail,https://canvas.oregonstate.edu/courses/2080857/assignments/10586034?module_item_id=26982638#,https://canvas.oregonstate.edu/courses/2080857/assignments/10586034?module_item_id=26982638#,Achieve - 2.5 - 1 Physical Applications,assignment,10586034,2,,yes,raw_html/00393-mth-252-linked-detail-achieve-2-5-1-physical-applications.html,text/00393-mth-252-linked-detail-achieve-2-5-1-physical-applications.txt,text/00393-mth-252-linked-detail-achieve-2-5-1-physical-applications.fulltext.txt,markdown/00393-mth-252-linked-detail-achieve-2-5-1-physical-applications.md,,metadata/00393-mth-252-linked-detail-achieve-2-5-1-physical-applications.json,4b254a18cdda64a66adb64c12f91315409b4df157b3f6e02a47a7d718bdcf771,a8922badaf9dac70497913cf8199968cb73eefdcd560b5e10e8c0d3102cc4e3e,2026-06-26T21:18:25.616Z,2,54,2,0,0,0
00394-mth-252-linked-detail-achieve-2-5-2-physical-applications,2080857,MTH-252,linked_detail,linked_detail,https://canvas.oregonstate.edu/courses/2080857/assignments/10586036?module_item_id=26982639#,https://canvas.oregonstate.edu/courses/2080857/assignments/10586036?module_item_id=26982639#,Achieve - 2.5 - 2 Physical Applications,assignment,10586036,2,,yes,raw_html/00394-mth-252-linked-detail-achieve-2-5-2-physical-applications.html,text/00394-mth-252-linked-detail-achieve-2-5-2-physical-applications.txt,text/00394-mth-252-linked-detail-achieve-2-5-2-physical-applications.fulltext.txt,markdown/00394-mth-252-linked-detail-achieve-2-5-2-physical-applications.md,,metadata/00394-mth-252-linked-detail-achieve-2-5-2-physical-applications.json,8af99dee4b35b47d27556d0c6433e23d6d56e322e4ccc80b7dbe095b03401540,531abcf194860c541d1d858ac418dbe75b28cb680607245c0003f4355ca9f4fc,2026-06-26T21:18:28.145Z,2,54,2,0,0,0
00395-mth-252-linked-detail-252-lecture-2-5-to-me5-pdf-integral-calculus-mth-252z-400-u2026,2080857,MTH-252,linked_detail,linked_detail,https://canvas.oregonstate.edu/courses/2080857/files/119223598?module_item_id=26982644#,https://canvas.oregonstate.edu/courses/2080857/files/119223598?module_item_id=26982644#,252-Lecture-2.5-to-ME5.pdf: INTEGRAL CALCULUS (MTH_252Z_400_U2026),file,119223598,2,,,raw_html/00395-mth-252-linked-detail-252-lecture-2-5-to-me5-pdf-integral-calculus-mth-252z-400-u2026.html,text/00395-mth-252-linked-detail-252-lecture-2-5-to-me5-pdf-integral-calculus-mth-252z-400-u2026.txt,text/00395-mth-252-linked-detail-252-lecture-2-5-to-me5-pdf-integral-calculus-mth-252z-400-u2026.fulltext.txt,markdown/00395-mth-252-linked-detail-252-lecture-2-5-to-me5-pdf-integral-calculus-mth-252z-400-u2026.md,,metadata/00395-mth-252-linked-detail-252-lecture-2-5-to-me5-pdf-integral-calculus-mth-252z-400-u2026.json,d1dfe9a868e66c5ecdb4f98f4009597e41c8d4a98d5a71c6b725a33074199a58,6c35fbced3ee727262015f36306f87e1f66f9cc1c55c23f1d70a61dcb485dac6,2026-06-26T21:18:30.374Z,1,31,3,0,0,0
00396-mth-252-linked-detail-252-lecture-2-5-to-me5-pages-5-8-13-17-19-20-1-2-pdf-integral-calculus-mth-252z-400-u2026,2080857,MTH-252,linked_detail,linked_detail,https://canvas.oregonstate.edu/courses/2080857/files/119223618?wrap=1,https://canvas.oregonstate.edu/courses/2080857/files/119223618?wrap=1,"252-Lecture-2.5-to-ME5 pages 5 - 8, 13 - 17, 19, 20-1-2.pdf: INTEGRAL CALCULUS (MTH_252Z_400_U2026)",file,119223618,2,,,raw_html/00396-mth-252-linked-detail-252-lecture-2-5-to-me5-pages-5-8-13-17-19-20-1-2-pdf-integral-calculus-mth-252z-400-u2026.html,text/00396-mth-252-linked-detail-252-lecture-2-5-to-me5-pages-5-8-13-17-19-20-1-2-pdf-integral-calculus-mth-252z-400-u2026.txt,text/00396-mth-252-linked-detail-252-lecture-2-5-to-me5-pages-5-8-13-17-19-20-1-2-pdf-integral-calculus-mth-252z-400-u2026.fulltext.txt,markdown/00396-mth-252-linked-detail-252-lecture-2-5-to-me5-pages-5-8-13-17-19-20-1-2-pdf-integral-calculus-mth-252z-400-u2026.md,,metadata/00396-mth-252-linked-detail-252-lecture-2-5-to-me5-pages-5-8-13-17-19-20-1-2-pdf-integral-calculus-mth-252z-400-u2026.json,b336458e0cc13582a3a6e71083a34fa1d109a8bed609562cbc5b8a228d6f80fd,9b3b82379a83ec21e483874d785a0f67317f0c602ca3fd1fbe5cdf67d798616b,2026-06-26T21:18:32.772Z,1,29,3,0,0,0
00397-mth-252-linked-detail-dr-g-s-videos-3-7-integral-calculus-mth-252z-400-u2026,2080857,MTH-252,linked_detail,linked_detail,https://canvas.oregonstate.edu/courses/2080857/pages/dr-gs-videos-%3E-3-dot-7?module_item_id=26982645#,https://canvas.oregonstate.edu/courses/2080857/pages/dr-gs-videos-%3E-3-dot-7?module_item_id=26982645#,Dr G's Videos --> 3.7: INTEGRAL CALCULUS (MTH_252Z_400_U2026),page,dr-gs-videos-%3E-3-dot-7,2,,,raw_html/00397-mth-252-linked-detail-dr-g-s-videos-3-7-integral-calculus-mth-252z-400-u2026.html,text/00397-mth-252-linked-detail-dr-g-s-videos-3-7-integral-calculus-mth-252z-400-u2026.txt,text/00397-mth-252-linked-detail-dr-g-s-videos-3-7-integral-calculus-mth-252z-400-u2026.fulltext.txt,markdown/00397-mth-252-linked-detail-dr-g-s-videos-3-7-integral-calculus-mth-252z-400-u2026.md,,metadata/00397-mth-252-linked-detail-dr-g-s-videos-3-7-integral-calculus-mth-252z-400-u2026.json,fe639bba5632475e30d230531d78ced69d44914eb38a771083c8072b4c0aca05,ff0a076ac2129c4b300fcfcaa6f12d17902687e7376f90cb36123c6bde29c235,2026-06-26T21:18:35.650Z,1,33,4,0,0,0
00398-mth-252-linked-detail-reflection-3,2080857,MTH-252,linked_detail,linked_detail,https://canvas.oregonstate.edu/courses/2080857/assignments/10586064?module_item_id=26982647#,https://canvas.oregonstate.edu/courses/2080857/assignments/10586064?module_item_id=26982647#,Reflection 3,assignment,10586064,2,,yes,raw_html/00398-mth-252-linked-detail-reflection-3.html,text/00398-mth-252-linked-detail-reflection-3.txt,text/00398-mth-252-linked-detail-reflection-3.fulltext.txt,markdown/00398-mth-252-linked-detail-reflection-3.md,,metadata/00398-mth-252-linked-detail-reflection-3.json,0d42507c24b6f616b4553c0b9203fdad357a3ae4b24285e6ea019c1e43075a27,d6b7b4d80862b46bb0b9c40ee6175231cababea91b977052bdaca7f8d0f4fde7,2026-06-26T21:18:38.219Z,2,54,2,0,0,0
00399-mth-252-linked-detail-achieve-3-7-improper-integrals,2080857,MTH-252,linked_detail,linked_detail,https://canvas.oregonstate.edu/courses/2080857/assignments/10586041?module_item_id=26982648#,https://canvas.oregonstate.edu/courses/2080857/assignments/10586041?module_item_id=26982648#,Achieve - 3.7 Improper Integrals,assignment,10586041,2,,yes,raw_html/00399-mth-252-linked-detail-achieve-3-7-improper-integrals.html,text/00399-mth-252-linked-detail-achieve-3-7-improper-integrals.txt,text/00399-mth-252-linked-detail-achieve-3-7-improper-integrals.fulltext.txt,markdown/00399-mth-252-linked-detail-achieve-3-7-improper-integrals.md,,metadata/00399-mth-252-linked-detail-achieve-3-7-improper-integrals.json,9a048ef8ff5d8c50fd3cf1112c96c10d6fd85e143928f16f0da87bf3ca88dddc,9b262d84fd3aec64f95476d7d354bc7e709f786238e6deb969bf2577441bf036,2026-06-26T21:18:40.902Z,2,54,2,0,0,0
00400-mth-252-linked-detail-module-10-written-homework-whw-10-3-hours,2080857,MTH-252,linked_detail,linked_detail,https://canvas.oregonstate.edu/courses/2080857/assignments/10586054?module_item_id=26982649#,https://canvas.oregonstate.edu/courses/2080857/assignments/10586054?module_item_id=26982649#,Module 10 — Written Homework (WHW 10) 🕓 3 hours,assignment,10586054,2,,,raw_html/00400-mth-252-linked-detail-module-10-written-homework-whw-10-3-hours.html,text/00400-mth-252-linked-detail-module-10-written-homework-whw-10-3-hours.txt,text/00400-mth-252-linked-detail-module-10-written-homework-whw-10-3-hours.fulltext.txt,markdown/00400-mth-252-linked-detail-module-10-written-homework-whw-10-3-hours.md,,metadata/00400-mth-252-linked-detail-module-10-written-homework-whw-10-3-hours.json,f4da1ecd5b74fbde656012389e3e0b7e4cc1a3d18fd38df82400ebe4b772b985,6dfc122e01e544f3db52b117d162e4c8372bb473d2bc1381cb9f452a3da25f3d,2026-06-26T21:18:43.315Z,2,54,2,0,0,0
00401-mth-252-linked-detail-final-mini-exam-5-monday-to-wednesday,2080857,MTH-252,linked_detail,linked_detail,https://canvas.oregonstate.edu/courses/2080857/assignments/10586043?module_item_id=26982652#,https://canvas.oregonstate.edu/courses/2080857/assignments/10586043?module_item_id=26982652#,Final Mini-Exam 5 --> Monday to Wednesday,assignment,10586043,2,,,raw_html/00401-mth-252-linked-detail-final-mini-exam-5-monday-to-wednesday.html,text/00401-mth-252-linked-detail-final-mini-exam-5-monday-to-wednesday.txt,text/00401-mth-252-linked-detail-final-mini-exam-5-monday-to-wednesday.fulltext.txt,markdown/00401-mth-252-linked-detail-final-mini-exam-5-monday-to-wednesday.md,,metadata/00401-mth-252-linked-detail-final-mini-exam-5-monday-to-wednesday.json,f5b94969b03c2f8efe349ba280dc5df96b9a10008668697081b93ebb123c8a01,be5c5507e3ef76397839642feb759b4091df091ba04003b0b879b24726b15846,2026-06-26T21:18:46.704Z,2,54,2,0,0,0
00402-mth-252-linked-detail-mini-exam-1-retake,2080857,MTH-252,linked_detail,linked_detail,https://canvas.oregonstate.edu/courses/2080857/assignments/10586046?module_item_id=26982653#,https://canvas.oregonstate.edu/courses/2080857/assignments/10586046?module_item_id=26982653#,Mini-Exam 1 - Retake,assignment,10586046,2,,,raw_html/00402-mth-252-linked-detail-mini-exam-1-retake.html,text/00402-mth-252-linked-detail-mini-exam-1-retake.txt,text/00402-mth-252-linked-detail-mini-exam-1-retake.fulltext.txt,markdown/00402-mth-252-linked-detail-mini-exam-1-retake.md,,metadata/00402-mth-252-linked-detail-mini-exam-1-retake.json,a65f9661ddc2a8326004f23d7b7c802f697593c7f0285bf07d6a772351d04d14,44a6b42b19657cad0bc5810eaa96a09585575d85ad18b8564911af68b22b86a0,2026-06-26T21:18:49.312Z,2,54,2,0,0,0
00403-mth-252-linked-detail-me2-retake-template-pdf-integral-calculus-mth-252z-400-u2026,2080857,MTH-252,linked_detail,linked_detail,https://canvas.oregonstate.edu/courses/2080857/files/119223455?wrap=1,https://canvas.oregonstate.edu/courses/2080857/files/119223455?wrap=1,ME2-Retake-Template.pdf: INTEGRAL CALCULUS (MTH_252Z_400_U2026),file,119223455,2,,,raw_html/00403-mth-252-linked-detail-me2-retake-template-pdf-integral-calculus-mth-252z-400-u2026.html,text/00403-mth-252-linked-detail-me2-retake-template-pdf-integral-calculus-mth-252z-400-u2026.txt,text/00403-mth-252-linked-detail-me2-retake-template-pdf-integral-calculus-mth-252z-400-u2026.fulltext.txt,markdown/00403-mth-252-linked-detail-me2-retake-template-pdf-integral-calculus-mth-252z-400-u2026.md,,metadata/00403-mth-252-linked-detail-me2-retake-template-pdf-integral-calculus-mth-252z-400-u2026.json,b8ce423104c0468b329dd6041caa753cf23fd5c0ee5452db453ad00b65fc4ebe,66319d2ef6e145801f2d53dedf74425dfdf1b85d05ea53b1232966cb0ef76886,2026-06-26T21:18:51.211Z,1,29,3,0,0,0
00404-mth-252-linked-detail-mini-exam-2-retake,2080857,MTH-252,linked_detail,linked_detail,https://canvas.oregonstate.edu/courses/2080857/assignments/10586047?module_item_id=26982654#,https://canvas.oregonstate.edu/courses/2080857/assignments/10586047?module_item_id=26982654#,Mini-Exam 2 - Retake,assignment,10586047,2,,yes,raw_html/00404-mth-252-linked-detail-mini-exam-2-retake.html,text/00404-mth-252-linked-detail-mini-exam-2-retake.txt,text/00404-mth-252-linked-detail-mini-exam-2-retake.fulltext.txt,markdown/00404-mth-252-linked-detail-mini-exam-2-retake.md,,metadata/00404-mth-252-linked-detail-mini-exam-2-retake.json,e8466adf26c2bd44abefaf47a20463bd646fa4b81e3158f3a631846397d0c7e1,cfde941c071d48add487dcb063ae2400e53c4fb13a01fbc9307ed130234a9e18,2026-06-26T21:18:55.067Z,9,65,2,0,0,0
00405-mth-252-linked-detail-me3-retake-template-pdf-integral-calculus-mth-252z-400-u2026,2080857,MTH-252,linked_detail,linked_detail,https://canvas.oregonstate.edu/courses/2080857/files/119223623?wrap=1,https://canvas.oregonstate.edu/courses/2080857/files/119223623?wrap=1,ME3-Retake-Template.pdf: INTEGRAL CALCULUS (MTH_252Z_400_U2026),file,119223623,2,,,raw_html/00405-mth-252-linked-detail-me3-retake-template-pdf-integral-calculus-mth-252z-400-u2026.html,text/00405-mth-252-linked-detail-me3-retake-template-pdf-integral-calculus-mth-252z-400-u2026.txt,text/00405-mth-252-linked-detail-me3-retake-template-pdf-integral-calculus-mth-252z-400-u2026.fulltext.txt,markdown/00405-mth-252-linked-detail-me3-retake-template-pdf-integral-calculus-mth-252z-400-u2026.md,,metadata/00405-mth-252-linked-detail-me3-retake-template-pdf-integral-calculus-mth-252z-400-u2026.json,174df83d1c501cc1ee69699f4e5fa34827b0a4172218549e076f246d73f7b3ab,ef1f4c9a776cdc52514a93d5d632fb8bc3968011f500a26431858f4eb131a271,2026-06-26T21:18:57.115Z,1,29,3,0,0,0
00406-mth-252-linked-detail-mini-exam-3-retake,2080857,MTH-252,linked_detail,linked_detail,https://canvas.oregonstate.edu/courses/2080857/assignments/10586049?module_item_id=26982655#,https://canvas.oregonstate.edu/courses/2080857/assignments/10586049?module_item_id=26982655#,Mini-Exam 3 - Retake,assignment,10586049,2,,yes,raw_html/00406-mth-252-linked-detail-mini-exam-3-retake.html,text/00406-mth-252-linked-detail-mini-exam-3-retake.txt,text/00406-mth-252-linked-detail-mini-exam-3-retake.fulltext.txt,markdown/00406-mth-252-linked-detail-mini-exam-3-retake.md,,metadata/00406-mth-252-linked-detail-mini-exam-3-retake.json,5ff90bfbadddb922d2101d2f8a76e5f9d9d6ab1a5aad4dde377747688d812a8f,b1a94b4b81fb75d3a594e5d9ccb1e3052d0b4bd69119dfa3916c19c0bc320d94,2026-06-26T21:19:00.571Z,9,60,2,0,0,0
00407-mth-252-linked-detail-me4-retake-template-pdf-integral-calculus-mth-252z-400-u2026,2080857,MTH-252,linked_detail,linked_detail,https://canvas.oregonstate.edu/courses/2080857/files/119223452?wrap=1,https://canvas.oregonstate.edu/courses/2080857/files/119223452?wrap=1,ME4-Retake-Template.pdf: INTEGRAL CALCULUS (MTH_252Z_400_U2026),file,119223452,2,,,raw_html/00407-mth-252-linked-detail-me4-retake-template-pdf-integral-calculus-mth-252z-400-u2026.html,text/00407-mth-252-linked-detail-me4-retake-template-pdf-integral-calculus-mth-252z-400-u2026.txt,text/00407-mth-252-linked-detail-me4-retake-template-pdf-integral-calculus-mth-252z-400-u2026.fulltext.txt,markdown/00407-mth-252-linked-detail-me4-retake-template-pdf-integral-calculus-mth-252z-400-u2026.md,,metadata/00407-mth-252-linked-detail-me4-retake-template-pdf-integral-calculus-mth-252z-400-u2026.json,0570d041686222de105ba4cdeab4cccecf193b34e448e17aa195e247d06abb73,cfa9eab5f6cd3b620c2dee68a3b58b8cb0c384fcf707db0da150ee939df39eef,2026-06-26T21:19:02.418Z,1,29,3,0,0,0
00408-mth-252-linked-detail-mini-exam-4-retake,2080857,MTH-252,linked_detail,linked_detail,https://canvas.oregonstate.edu/courses/2080857/assignments/10586051?module_item_id=26982656#,https://canvas.oregonstate.edu/courses/2080857/assignments/10586051?module_item_id=26982656#,Mini-Exam 4 - Retake,assignment,10586051,2,,yes,raw_html/00408-mth-252-linked-detail-mini-exam-4-retake.html,text/00408-mth-252-linked-detail-mini-exam-4-retake.txt,text/00408-mth-252-linked-detail-mini-exam-4-retake.fulltext.txt,markdown/00408-mth-252-linked-detail-mini-exam-4-retake.md,,metadata/00408-mth-252-linked-detail-mini-exam-4-retake.json,ebdcd153c8c1e8fce1cc51b97f09443f27d416ecfa990f09b7465dcdc058e53e,044e3202968d6ea154814e4099bdfe58e689c03a3b95b61998bc7185d43fa025,2026-06-26T21:19:04.962Z,9,60,2,0,0,0
00409-mth-252-linked-detail-what-is-calculus,2080857,MTH-252,linked_detail,linked_detail,https://canvas.oregonstate.edu/courses/2080857/modules/items/26982657,https://canvas.oregonstate.edu/courses/2080857/modules/items/26982657,What is Calculus?,module_item,26982657,2,,,raw_html/00409-mth-252-linked-detail-what-is-calculus.html,text/00409-mth-252-linked-detail-what-is-calculus.txt,text/00409-mth-252-linked-detail-what-is-calculus.fulltext.txt,markdown/00409-mth-252-linked-detail-what-is-calculus.md,,metadata/00409-mth-252-linked-detail-what-is-calculus.json,ad5a42773ce254af1a6b700b9aa82fd762903d2e334f63f9ca91e7c35ab90ac0,e4b86ec275b9f81801489acd2801852bee961ebb1d301d0d4f72ad8bbff1aeec,2026-06-26T21:19:07.122Z,1,30,2,0,0,0
00410-mth-252-linked-detail-indefinite-integral-trig-times-linear,2080857,MTH-252,linked_detail,linked_detail,https://canvas.oregonstate.edu/courses/2080857/modules/items/26982729,https://canvas.oregonstate.edu/courses/2080857/modules/items/26982729,Indefinite integral: Trig times linear,module_item,26982729,2,,,raw_html/00410-mth-252-linked-detail-indefinite-integral-trig-times-linear.html,text/00410-mth-252-linked-detail-indefinite-integral-trig-times-linear.txt,text/00410-mth-252-linked-detail-indefinite-integral-trig-times-linear.fulltext.txt,markdown/00410-mth-252-linked-detail-indefinite-integral-trig-times-linear.md,,metadata/00410-mth-252-linked-detail-indefinite-integral-trig-times-linear.json,a20f19c1a5bb5a82a10b6265026d5432ab278ed7aedf63b090e200f00ded5456,3f32a2e5ace2573a4da1c3d7998b438cc314384c11a8a4d207c4bd6e2bcd6cef,2026-06-26T21:19:09.193Z,1,30,2,0,0,0
00411-mth-252-linked-detail-indefinite-integral-exponential-and-trig-ibp-twice-and-solve,2080857,MTH-252,linked_detail,linked_detail,https://canvas.oregonstate.edu/courses/2080857/modules/items/26982731,https://canvas.oregonstate.edu/courses/2080857/modules/items/26982731,"Indefinite integral: Exponential and trig, IBP twice and solve",module_item,26982731,2,,,raw_html/00411-mth-252-linked-detail-indefinite-integral-exponential-and-trig-ibp-twice-and-solve.html,text/00411-mth-252-linked-detail-indefinite-integral-exponential-and-trig-ibp-twice-and-solve.txt,text/00411-mth-252-linked-detail-indefinite-integral-exponential-and-trig-ibp-twice-and-solve.fulltext.txt,markdown/00411-mth-252-linked-detail-indefinite-integral-exponential-and-trig-ibp-twice-and-solve.md,,metadata/00411-mth-252-linked-detail-indefinite-integral-exponential-and-trig-ibp-twice-and-solve.json,47cab0729ea20b16254373aa3e42614c7763fccbbbd50e24cb57e7f627ee8ee2,d587ae626ed4c45200b3e34ef60247e75a38d98d330227f670d372a17f3b9979,2026-06-26T21:19:11.339Z,1,30,2,0,0,0
00412-mth-253-linked-detail-start-here-syllabus-sequences-and-series-mth-253z-400-u2026,2053263,MTH-253,linked_detail,linked_detail,https://canvas.oregonstate.edu/courses/2053263/pages/start-here-syllabus?module_item_id=26885520#,https://canvas.oregonstate.edu/courses/2053263/pages/start-here-syllabus?module_item_id=26885520#,Start Here - Syllabus: SEQUENCES AND SERIES (MTH_253Z_400_U2026),page,start-here-syllabus,2,,,raw_html/00412-mth-253-linked-detail-start-here-syllabus-sequences-and-series-mth-253z-400-u2026.html,text/00412-mth-253-linked-detail-start-here-syllabus-sequences-and-series-mth-253z-400-u2026.txt,text/00412-mth-253-linked-detail-start-here-syllabus-sequences-and-series-mth-253z-400-u2026.fulltext.txt,markdown/00412-mth-253-linked-detail-start-here-syllabus-sequences-and-series-mth-253z-400-u2026.md,,metadata/00412-mth-253-linked-detail-start-here-syllabus-sequences-and-series-mth-253z-400-u2026.json,201bbeb2d111a588c1e0dab2e6dbb24521fb8631c338e1b10be5d7239d7fda8d,a8ea58c51f6fb2aaaa26dfcb85670f4cd87a5d1108728f5a4b5c68f509e1d238,2026-06-26T21:19:13.623Z,1,41,2,0,0,0
00413-mth-253-linked-detail-mth-253-weekly-schedule-docx-sequences-and-series-mth-253z-400-u2026,2053263,MTH-253,linked_detail,linked_detail,https://canvas.oregonstate.edu/courses/2053263/files/118558899?wrap=1,https://canvas.oregonstate.edu/courses/2053263/files/118558899?wrap=1,MTH 253 Weekly Schedule.docx: SEQUENCES AND SERIES (MTH_253Z_400_U2026),file,118558899,2,,,raw_html/00413-mth-253-linked-detail-mth-253-weekly-schedule-docx-sequences-and-series-mth-253z-400-u2026.html,text/00413-mth-253-linked-detail-mth-253-weekly-schedule-docx-sequences-and-series-mth-253z-400-u2026.txt,text/00413-mth-253-linked-detail-mth-253-weekly-schedule-docx-sequences-and-series-mth-253z-400-u2026.fulltext.txt,markdown/00413-mth-253-linked-detail-mth-253-weekly-schedule-docx-sequences-and-series-mth-253z-400-u2026.md,,metadata/00413-mth-253-linked-detail-mth-253-weekly-schedule-docx-sequences-and-series-mth-253z-400-u2026.json,7fb758383080570c4dc946a83026a16d93406d1821c117958cfee57afc68f466,bb941fa6ca5d440a2fd8774ce5d0ebdac43cbc7343c31df066712a19f8547d79,2026-06-26T21:19:15.462Z,1,32,3,0,0,0
00414-mth-253-linked-detail-practice-quiz-take-it-before-attempting-quiz-1-sequences-and-series-mth-253z-400-u2026,2053263,MTH-253,linked_detail,linked_detail,https://canvas.oregonstate.edu/courses/2053263/quizzes/3166971/take?user_id=6660414,https://canvas.oregonstate.edu/courses/2053263/quizzes/3166971/take?user_id=6660414,Practice Quiz (take it before attempting Quiz 1!): SEQUENCES AND SERIES (MTH_253Z_400_U2026),quiz,3166971,2,,,raw_html/00414-mth-253-linked-detail-practice-quiz-take-it-before-attempting-quiz-1-sequences-and-series-mth-253z-400-u2026.html,text/00414-mth-253-linked-detail-practice-quiz-take-it-before-attempting-quiz-1-sequences-and-series-mth-253z-400-u2026.txt,text/00414-mth-253-linked-detail-practice-quiz-take-it-before-attempting-quiz-1-sequences-and-series-mth-253z-400-u2026.fulltext.txt,markdown/00414-mth-253-linked-detail-practice-quiz-take-it-before-attempting-quiz-1-sequences-and-series-mth-253z-400-u2026.md,,metadata/00414-mth-253-linked-detail-practice-quiz-take-it-before-attempting-quiz-1-sequences-and-series-mth-253z-400-u2026.json,9bbd24a21e726c3763ed501aae5444fcd14a5f2a8d620ceb1b0207004df36208,23393a1064d066877d7bbd66f157b521885ad4739b3bef1071d94897c100e2f0,2026-06-26T21:19:17.722Z,5,31,2,0,0,0
00415-mth-253-linked-detail-evaluating-limits-pdf-sequences-and-series-mth-253z-400-u2026,2053263,MTH-253,linked_detail,linked_detail,https://canvas.oregonstate.edu/courses/2053263/files/118558936?wrap=1,https://canvas.oregonstate.edu/courses/2053263/files/118558936?wrap=1,Evaluating Limits.pdf: SEQUENCES AND SERIES (MTH_253Z_400_U2026),file,118558936,2,,,raw_html/00415-mth-253-linked-detail-evaluating-limits-pdf-sequences-and-series-mth-253z-400-u2026.html,text/00415-mth-253-linked-detail-evaluating-limits-pdf-sequences-and-series-mth-253z-400-u2026.txt,text/00415-mth-253-linked-detail-evaluating-limits-pdf-sequences-and-series-mth-253z-400-u2026.fulltext.txt,markdown/00415-mth-253-linked-detail-evaluating-limits-pdf-sequences-and-series-mth-253z-400-u2026.md,,metadata/00415-mth-253-linked-detail-evaluating-limits-pdf-sequences-and-series-mth-253z-400-u2026.json,34858a0ac10556f6b6e81bb3526f850c9265845a85c442032005582e50e42f2e,6cdec3846e668ab38005c588e0d0287f555f365c2a46b4e810457090d564658f,2026-06-26T21:19:20.282Z,1,32,3,0,0,0
00416-mth-253-linked-detail-unit-1-learning-materials-sequences-and-series-mth-253z-400-u2026,2053263,MTH-253,linked_detail,linked_detail,https://canvas.oregonstate.edu/courses/2053263/pages/unit-1-learning-materials?module_item_id=26885530#,https://canvas.oregonstate.edu/courses/2053263/pages/unit-1-learning-materials?module_item_id=26885530#,Unit 1 - Learning Materials: SEQUENCES AND SERIES (MTH_253Z_400_U2026),page,unit-1-learning-materials,2,,yes,raw_html/00416-mth-253-linked-detail-unit-1-learning-materials-sequences-and-series-mth-253z-400-u2026.html,text/00416-mth-253-linked-detail-unit-1-learning-materials-sequences-and-series-mth-253z-400-u2026.txt,text/00416-mth-253-linked-detail-unit-1-learning-materials-sequences-and-series-mth-253z-400-u2026.fulltext.txt,markdown/00416-mth-253-linked-detail-unit-1-learning-materials-sequences-and-series-mth-253z-400-u2026.md,,metadata/00416-mth-253-linked-detail-unit-1-learning-materials-sequences-and-series-mth-253z-400-u2026.json,153fb5763c57cf5ea979498b95892dc60729339ca5ef38729764024a7b8354be,97b93d07b43614366a464b7f39f40f47a1b33f5e9810e83061f721f905e35be3,2026-06-26T21:19:22.565Z,4,58,9,0,0,0
00417-mth-253-linked-detail-infinite-limits-pdf-sequences-and-series-mth-253z-400-u2026,2053263,MTH-253,linked_detail,linked_detail,https://canvas.oregonstate.edu/courses/2053263/files/118558848?wrap=1,https://canvas.oregonstate.edu/courses/2053263/files/118558848?wrap=1,Infinite Limits.pdf: SEQUENCES AND SERIES (MTH_253Z_400_U2026),file,118558848,2,,,raw_html/00417-mth-253-linked-detail-infinite-limits-pdf-sequences-and-series-mth-253z-400-u2026.html,text/00417-mth-253-linked-detail-infinite-limits-pdf-sequences-and-series-mth-253z-400-u2026.txt,text/00417-mth-253-linked-detail-infinite-limits-pdf-sequences-and-series-mth-253z-400-u2026.fulltext.txt,markdown/00417-mth-253-linked-detail-infinite-limits-pdf-sequences-and-series-mth-253z-400-u2026.md,,metadata/00417-mth-253-linked-detail-infinite-limits-pdf-sequences-and-series-mth-253z-400-u2026.json,b5a373990aef41b4528fad0f6d92802250988bd7cf07872eae52e50078091093,d5aea60049e23187d24285243b07fb8dcec75694406d949474e1417edebabb65,2026-06-26T21:19:24.613Z,1,32,3,0,0,0
00418-mth-253-linked-detail-l-hospital-s-rule-pdf-sequences-and-series-mth-253z-400-u2026,2053263,MTH-253,linked_detail,linked_detail,https://canvas.oregonstate.edu/courses/2053263/files/118558879?wrap=1,https://canvas.oregonstate.edu/courses/2053263/files/118558879?wrap=1,L'Hospital's Rule.pdf: SEQUENCES AND SERIES (MTH_253Z_400_U2026),file,118558879,2,,,raw_html/00418-mth-253-linked-detail-l-hospital-s-rule-pdf-sequences-and-series-mth-253z-400-u2026.html,text/00418-mth-253-linked-detail-l-hospital-s-rule-pdf-sequences-and-series-mth-253z-400-u2026.txt,text/00418-mth-253-linked-detail-l-hospital-s-rule-pdf-sequences-and-series-mth-253z-400-u2026.fulltext.txt,markdown/00418-mth-253-linked-detail-l-hospital-s-rule-pdf-sequences-and-series-mth-253z-400-u2026.md,,metadata/00418-mth-253-linked-detail-l-hospital-s-rule-pdf-sequences-and-series-mth-253z-400-u2026.json,cb92c2bd7b339b5637dded577d9016896ae31c5f813a15a351cf7b45ddf2769d,8e11058271cd517bb5833627bddb22c26940a475e8cdf2e632331cf6f1da1025,2026-06-26T21:19:26.661Z,1,32,3,0,0,0
00419-mth-253-linked-detail-improper-integrals-pdf-sequences-and-series-mth-253z-400-u2026,2053263,MTH-253,linked_detail,linked_detail,https://canvas.oregonstate.edu/courses/2053263/files/118558963?wrap=1,https://canvas.oregonstate.edu/courses/2053263/files/118558963?wrap=1,Improper Integrals.pdf: SEQUENCES AND SERIES (MTH_253Z_400_U2026),file,118558963,2,,,raw_html/00419-mth-253-linked-detail-improper-integrals-pdf-sequences-and-series-mth-253z-400-u2026.html,text/00419-mth-253-linked-detail-improper-integrals-pdf-sequences-and-series-mth-253z-400-u2026.txt,text/00419-mth-253-linked-detail-improper-integrals-pdf-sequences-and-series-mth-253z-400-u2026.fulltext.txt,markdown/00419-mth-253-linked-detail-improper-integrals-pdf-sequences-and-series-mth-253z-400-u2026.md,,metadata/00419-mth-253-linked-detail-improper-integrals-pdf-sequences-and-series-mth-253z-400-u2026.json,315da62ad02e0d8424040870be0b86b2ee772753cecd63edc1c616871bd0671f,87c5a94ab68227c2bbd06dc2ae40756486913445f7491510cda4709d4462cf22,2026-06-26T21:19:28.719Z,1,32,3,0,0,0
00420-mth-253-linked-detail-unit-1-written-homework-pdf-sequences-and-series-mth-253z-400-u2026,2053263,MTH-253,linked_detail,linked_detail,https://canvas.oregonstate.edu/courses/2053263/files/118558797?wrap=1,https://canvas.oregonstate.edu/courses/2053263/files/118558797?wrap=1,Unit #1 Written Homework.pdf: SEQUENCES AND SERIES (MTH_253Z_400_U2026),file,118558797,2,,,raw_html/00420-mth-253-linked-detail-unit-1-written-homework-pdf-sequences-and-series-mth-253z-400-u2026.html,text/00420-mth-253-linked-detail-unit-1-written-homework-pdf-sequences-and-series-mth-253z-400-u2026.txt,text/00420-mth-253-linked-detail-unit-1-written-homework-pdf-sequences-and-series-mth-253z-400-u2026.fulltext.txt,markdown/00420-mth-253-linked-detail-unit-1-written-homework-pdf-sequences-and-series-mth-253z-400-u2026.md,,metadata/00420-mth-253-linked-detail-unit-1-written-homework-pdf-sequences-and-series-mth-253z-400-u2026.json,5ae8fde94b3e68ecfc5f85d59fa7651f03a3608d327fc7269fe6c3e0c501bccd,1baf0b20c900fe9a6bf79b553c9c25131be90468e1eb8cdecf1b090517082ddc,2026-06-26T21:19:30.959Z,1,32,3,0,0,0
00421-mth-253-linked-detail-unit-1-written-homework-assignment,2053263,MTH-253,linked_detail,linked_detail,https://canvas.oregonstate.edu/courses/2053263/assignments/10553179?module_item_id=26885537#,https://canvas.oregonstate.edu/courses/2053263/assignments/10553179?module_item_id=26885537#,Unit 1 - Written Homework Assignment,assignment,10553179,2,,yes,raw_html/00421-mth-253-linked-detail-unit-1-written-homework-assignment.html,text/00421-mth-253-linked-detail-unit-1-written-homework-assignment.txt,text/00421-mth-253-linked-detail-unit-1-written-homework-assignment.fulltext.txt,markdown/00421-mth-253-linked-detail-unit-1-written-homework-assignment.md,,metadata/00421-mth-253-linked-detail-unit-1-written-homework-assignment.json,7e0406a656a5da682e97f92ff6fffd44968278af0cc823b45ae3d63a188db218,619fc0cd48cdb714cf432b8c3cc84ed3c7ae25395ebad77b47557344a8ebf545,2026-06-26T21:19:33.564Z,6,62,2,0,0,0
00422-mth-253-linked-detail-week-1-web-homework-infinity-and-limits-indeterminates-improper-integrals,2053263,MTH-253,linked_detail,linked_detail,https://canvas.oregonstate.edu/courses/2053263/assignments/10584258?module_item_id=26977416#,https://canvas.oregonstate.edu/courses/2053263/assignments/10584258?module_item_id=26977416#,"Week 1 Web Homework: Infinity and Limits, Indeterminates, Improper Integrals",assignment,10584258,2,,yes,raw_html/00422-mth-253-linked-detail-week-1-web-homework-infinity-and-limits-indeterminates-improper-integrals.html,text/00422-mth-253-linked-detail-week-1-web-homework-infinity-and-limits-indeterminates-improper-integrals.txt,text/00422-mth-253-linked-detail-week-1-web-homework-infinity-and-limits-indeterminates-improper-integrals.fulltext.txt,markdown/00422-mth-253-linked-detail-week-1-web-homework-infinity-and-limits-indeterminates-improper-integrals.md,,metadata/00422-mth-253-linked-detail-week-1-web-homework-infinity-and-limits-indeterminates-improper-integrals.json,0c4d1904eb3c0a116aace2b6b5251479b46a17a811cecab9c265e8e88a753ce4,a9435a3ea2c42e0db1a12341df96b0876a55a7362cf375472b9b950452df7b08,2026-06-26T21:19:37.216Z,2,57,2,0,0,0
00423-mth-253-linked-detail-week-2-web-homework-sequences,2053263,MTH-253,linked_detail,linked_detail,https://canvas.oregonstate.edu/courses/2053263/assignments/10584372?module_item_id=26977767#,https://canvas.oregonstate.edu/courses/2053263/assignments/10584372?module_item_id=26977767#,Week 2 Web Homework: Sequences,assignment,10584372,2,,yes,raw_html/00423-mth-253-linked-detail-week-2-web-homework-sequences.html,text/00423-mth-253-linked-detail-week-2-web-homework-sequences.txt,text/00423-mth-253-linked-detail-week-2-web-homework-sequences.fulltext.txt,markdown/00423-mth-253-linked-detail-week-2-web-homework-sequences.md,,metadata/00423-mth-253-linked-detail-week-2-web-homework-sequences.json,e4408ff0fd8103b53ae85527c16340f3a8ad623b2a86da28f857dd87c660197b,0930eb885b475c95a79e6d0144bbccbcc777eb332697731ebef165315b334c21,2026-06-26T21:19:39.811Z,2,55,2,0,0,0
00424-mth-253-linked-detail-unit-2-written-homework-assignment,2053263,MTH-253,linked_detail,linked_detail,https://canvas.oregonstate.edu/courses/2053263/assignments/10553180?module_item_id=26885550#,https://canvas.oregonstate.edu/courses/2053263/assignments/10553180?module_item_id=26885550#,Unit 2 - Written Homework Assignment,assignment,10553180,2,,,raw_html/00424-mth-253-linked-detail-unit-2-written-homework-assignment.html,text/00424-mth-253-linked-detail-unit-2-written-homework-assignment.txt,text/00424-mth-253-linked-detail-unit-2-written-homework-assignment.fulltext.txt,markdown/00424-mth-253-linked-detail-unit-2-written-homework-assignment.md,,metadata/00424-mth-253-linked-detail-unit-2-written-homework-assignment.json,5e8b129354b555e753f4146f27d95eef701c90de09736206e8d94409663e87c0,7890cb13d8adf28014398a039bbc1ec8e08e77d85d3f36f096a2e58e17e0244c,2026-06-26T21:19:42.818Z,2,57,2,0,0,0
00425-mth-253-linked-detail-week-3-web-homework-introduction-to-series,2053263,MTH-253,linked_detail,linked_detail,https://canvas.oregonstate.edu/courses/2053263/assignments/10584373?module_item_id=26977769#,https://canvas.oregonstate.edu/courses/2053263/assignments/10584373?module_item_id=26977769#,Week 3 Web Homework: Introduction to Series,assignment,10584373,2,,yes,raw_html/00425-mth-253-linked-detail-week-3-web-homework-introduction-to-series.html,text/00425-mth-253-linked-detail-week-3-web-homework-introduction-to-series.txt,text/00425-mth-253-linked-detail-week-3-web-homework-introduction-to-series.fulltext.txt,markdown/00425-mth-253-linked-detail-week-3-web-homework-introduction-to-series.md,,metadata/00425-mth-253-linked-detail-week-3-web-homework-introduction-to-series.json,2b51cdf830589734eec0400f69a37bdb6a3a38b8e5faee31750520b327fc661f,c162c47243b983a3e6a4b64ab63c758d1088841ecb5ce5c6412cd09972de4a66,2026-06-26T21:19:49.215Z,2,57,2,0,0,0
00426-mth-253-linked-detail-week-4-web-homework-the-divergence-and-integral-tests,2053263,MTH-253,linked_detail,linked_detail,https://canvas.oregonstate.edu/courses/2053263/assignments/10584431?module_item_id=26977967#,https://canvas.oregonstate.edu/courses/2053263/assignments/10584431?module_item_id=26977967#,Week 4 Web Homework: The Divergence and Integral Tests,assignment,10584431,2,,yes,raw_html/00426-mth-253-linked-detail-week-4-web-homework-the-divergence-and-integral-tests.html,text/00426-mth-253-linked-detail-week-4-web-homework-the-divergence-and-integral-tests.txt,text/00426-mth-253-linked-detail-week-4-web-homework-the-divergence-and-integral-tests.fulltext.txt,markdown/00426-mth-253-linked-detail-week-4-web-homework-the-divergence-and-integral-tests.md,,metadata/00426-mth-253-linked-detail-week-4-web-homework-the-divergence-and-integral-tests.json,933db0a22182e4e8d81a4f475e044d2f04e280a58bb8916b2b804737bae8266d,cd218ba9984b3e444eb9fc613c026a108f6ba4880fce67699c6c4c2a1b04dc5c,2026-06-26T21:19:51.812Z,2,57,2,0,0,0
00427-mth-253-linked-detail-week-5-web-homework-comparison-and-alternate-series-tests,2053263,MTH-253,linked_detail,linked_detail,https://canvas.oregonstate.edu/courses/2053263/assignments/10584434?module_item_id=26977977#,https://canvas.oregonstate.edu/courses/2053263/assignments/10584434?module_item_id=26977977#,Week 5 Web Homework: Comparison and Alternate Series Tests,assignment,10584434,2,,yes,raw_html/00427-mth-253-linked-detail-week-5-web-homework-comparison-and-alternate-series-tests.html,text/00427-mth-253-linked-detail-week-5-web-homework-comparison-and-alternate-series-tests.txt,text/00427-mth-253-linked-detail-week-5-web-homework-comparison-and-alternate-series-tests.fulltext.txt,markdown/00427-mth-253-linked-detail-week-5-web-homework-comparison-and-alternate-series-tests.md,,metadata/00427-mth-253-linked-detail-week-5-web-homework-comparison-and-alternate-series-tests.json,5020b343e43c5e23fae85645504105dc8d3589ba3ba9efbaf4417006962eef2c,e3460f4d66df6e715819f8153cce54b7b5a260ff15b14f78e3398e583db8e237,2026-06-26T21:19:54.152Z,2,57,2,0,0,0
00428-mth-253-linked-detail-unit-3-written-homework-assignment,2053263,MTH-253,linked_detail,linked_detail,https://canvas.oregonstate.edu/courses/2053263/assignments/10553181?module_item_id=26885565#,https://canvas.oregonstate.edu/courses/2053263/assignments/10553181?module_item_id=26885565#,Unit 3 - Written Homework Assignment,assignment,10553181,2,,,raw_html/00428-mth-253-linked-detail-unit-3-written-homework-assignment.html,text/00428-mth-253-linked-detail-unit-3-written-homework-assignment.txt,text/00428-mth-253-linked-detail-unit-3-written-homework-assignment.fulltext.txt,markdown/00428-mth-253-linked-detail-unit-3-written-homework-assignment.md,,metadata/00428-mth-253-linked-detail-unit-3-written-homework-assignment.json,e81b67de5073b5c876161bf46b9b07b873581f368959ffe8b2d17577e846753a,bfa8e75000422addc4fde638eb09bab4ae8bdb5163ecc620638ad37aa9993db9,2026-06-26T21:19:57.006Z,2,57,2,0,0,0
00429-mth-253-linked-detail-week-6-web-homework-ratio-and-root-tests,2053263,MTH-253,linked_detail,linked_detail,https://canvas.oregonstate.edu/courses/2053263/assignments/10584435?module_item_id=26977980#,https://canvas.oregonstate.edu/courses/2053263/assignments/10584435?module_item_id=26977980#,Week 6 Web Homework: Ratio and Root Tests,assignment,10584435,2,,yes,raw_html/00429-mth-253-linked-detail-week-6-web-homework-ratio-and-root-tests.html,text/00429-mth-253-linked-detail-week-6-web-homework-ratio-and-root-tests.txt,text/00429-mth-253-linked-detail-week-6-web-homework-ratio-and-root-tests.fulltext.txt,markdown/00429-mth-253-linked-detail-week-6-web-homework-ratio-and-root-tests.md,,metadata/00429-mth-253-linked-detail-week-6-web-homework-ratio-and-root-tests.json,088bec528a9f15df68750f26665898e9356d00d87eb1c6162acb041f0ff8fb1d,f4605376f6c8f953546fab62279d12d40ab5d4fcc76062bfacd82deaa57ce03e,2026-06-26T21:19:59.255Z,2,57,2,0,0,0
00430-mth-253-linked-detail-week-7-web-homework-power-series-and-functions,2053263,MTH-253,linked_detail,linked_detail,https://canvas.oregonstate.edu/courses/2053263/assignments/10584436?module_item_id=26977982#,https://canvas.oregonstate.edu/courses/2053263/assignments/10584436?module_item_id=26977982#,Week 7 Web Homework: Power Series and Functions,assignment,10584436,2,,yes,raw_html/00430-mth-253-linked-detail-week-7-web-homework-power-series-and-functions.html,text/00430-mth-253-linked-detail-week-7-web-homework-power-series-and-functions.txt,text/00430-mth-253-linked-detail-week-7-web-homework-power-series-and-functions.fulltext.txt,markdown/00430-mth-253-linked-detail-week-7-web-homework-power-series-and-functions.md,,metadata/00430-mth-253-linked-detail-week-7-web-homework-power-series-and-functions.json,1c401e360e93d26f90f1d6f415d3d6cd7c230006af9f4e115e49e4c15f7e66d6,a6a59398564b34dbf4b31fda29d796476eb0920fe0fdf751cfe7e537a0db329e,2026-06-26T21:20:01.699Z,2,57,2,0,0,0
00431-mth-253-linked-detail-week-8-web-homework-taylor-and-maclaurin-series,2053263,MTH-253,linked_detail,linked_detail,https://canvas.oregonstate.edu/courses/2053263/assignments/10584437?module_item_id=26977985#,https://canvas.oregonstate.edu/courses/2053263/assignments/10584437?module_item_id=26977985#,Week 8 Web Homework Taylor and Maclaurin Series,assignment,10584437,2,,yes,raw_html/00431-mth-253-linked-detail-week-8-web-homework-taylor-and-maclaurin-series.html,text/00431-mth-253-linked-detail-week-8-web-homework-taylor-and-maclaurin-series.txt,text/00431-mth-253-linked-detail-week-8-web-homework-taylor-and-maclaurin-series.fulltext.txt,markdown/00431-mth-253-linked-detail-week-8-web-homework-taylor-and-maclaurin-series.md,,metadata/00431-mth-253-linked-detail-week-8-web-homework-taylor-and-maclaurin-series.json,05efb9316093b01ace1d9be3757fe4f7faf5b367d2180395bee52e174d770909,d54696cafdb748e1a899edc2b525e3abb9d6e755760516d51dab687b9084330d,2026-06-26T21:20:04.356Z,2,57,2,0,0,0
00432-mth-253-linked-detail-unit-4-written-homework-assignment,2053263,MTH-253,linked_detail,linked_detail,https://canvas.oregonstate.edu/courses/2053263/assignments/10553182?module_item_id=26885580#,https://canvas.oregonstate.edu/courses/2053263/assignments/10553182?module_item_id=26885580#,Unit 4 - Written Homework Assignment,assignment,10553182,2,,,raw_html/00432-mth-253-linked-detail-unit-4-written-homework-assignment.html,text/00432-mth-253-linked-detail-unit-4-written-homework-assignment.txt,text/00432-mth-253-linked-detail-unit-4-written-homework-assignment.fulltext.txt,markdown/00432-mth-253-linked-detail-unit-4-written-homework-assignment.md,,metadata/00432-mth-253-linked-detail-unit-4-written-homework-assignment.json,75697d120d2b387a2d385a62f66a8849ceb5fa2eeba19ae2b17881658b3ef269,6cad000c9a9241281209520da6c270d2a2bc8730b410f9a112f7e29aeec21bf9,2026-06-26T21:20:06.815Z,2,57,2,0,0,0
00433-mth-253-linked-detail-week-9-web-homework-properties-of-power-series,2053263,MTH-253,linked_detail,linked_detail,https://canvas.oregonstate.edu/courses/2053263/assignments/10584438?module_item_id=26977987#,https://canvas.oregonstate.edu/courses/2053263/assignments/10584438?module_item_id=26977987#,Week 9 Web Homework: Properties of Power Series,assignment,10584438,2,,yes,raw_html/00433-mth-253-linked-detail-week-9-web-homework-properties-of-power-series.html,text/00433-mth-253-linked-detail-week-9-web-homework-properties-of-power-series.txt,text/00433-mth-253-linked-detail-week-9-web-homework-properties-of-power-series.fulltext.txt,markdown/00433-mth-253-linked-detail-week-9-web-homework-properties-of-power-series.md,,metadata/00433-mth-253-linked-detail-week-9-web-homework-properties-of-power-series.json,5972a0b31d141071ba30cf00b34ad0250a64d3a26b60b65628bb4b55ba7399f9,848f82b783e1383a690916bde3e78d17719b42d815e4e6ba1bb9af3e78b6bcfe,2026-06-26T21:20:09.307Z,2,57,2,0,0,0
00434-mth-253-linked-detail-unit-5-written-homework-assignment,2053263,MTH-253,linked_detail,linked_detail,https://canvas.oregonstate.edu/courses/2053263/assignments/10553183?module_item_id=26885592#,https://canvas.oregonstate.edu/courses/2053263/assignments/10553183?module_item_id=26885592#,Unit 5 - Written Homework Assignment,assignment,10553183,2,,,raw_html/00434-mth-253-linked-detail-unit-5-written-homework-assignment.html,text/00434-mth-253-linked-detail-unit-5-written-homework-assignment.txt,text/00434-mth-253-linked-detail-unit-5-written-homework-assignment.fulltext.txt,markdown/00434-mth-253-linked-detail-unit-5-written-homework-assignment.md,,metadata/00434-mth-253-linked-detail-unit-5-written-homework-assignment.json,4906d00145aead69d1f24c28902c272a7d16ef8467e4c2b69572a8545c8c08fd,3d19adb063a5fc4b90cca5f76b794b48297cf8639592b725283e93afe62cce69,2026-06-26T21:20:11.562Z,2,57,2,0,0,0
00435-mth-253-linked-detail-week-10-web-homework-working-with-taylor-series,2053263,MTH-253,linked_detail,linked_detail,https://canvas.oregonstate.edu/courses/2053263/assignments/10584439?module_item_id=26977989#,https://canvas.oregonstate.edu/courses/2053263/assignments/10584439?module_item_id=26977989#,Week 10 Web Homework: Working with Taylor Series,assignment,10584439,2,,yes,raw_html/00435-mth-253-linked-detail-week-10-web-homework-working-with-taylor-series.html,text/00435-mth-253-linked-detail-week-10-web-homework-working-with-taylor-series.txt,text/00435-mth-253-linked-detail-week-10-web-homework-working-with-taylor-series.fulltext.txt,markdown/00435-mth-253-linked-detail-week-10-web-homework-working-with-taylor-series.md,,metadata/00435-mth-253-linked-detail-week-10-web-homework-working-with-taylor-series.json,91e45b3b8f3df6dec97ab2553084968bb000b2fbbafd4b7207d4a3a3a7cdeb1b,1655e08a13e8866647bfc50632071a7c14d7d3bcdcc4281737ad3132506fff73,2026-06-26T21:20:13.868Z,2,57,2,0,0,0
00436-mth-253-linked-detail-mth-253-final-exam-practice-problems-pdf-sequences-and-series-mth-253z-400-u2026,2053263,MTH-253,linked_detail,linked_detail,https://canvas.oregonstate.edu/courses/2053263/files/118558956?module_item_id=26885598#,https://canvas.oregonstate.edu/courses/2053263/files/118558956?module_item_id=26885598#,MTH 253 - Final Exam Practice Problems.pdf: SEQUENCES AND SERIES (MTH_253Z_400_U2026),file,118558956,2,,,raw_html/00436-mth-253-linked-detail-mth-253-final-exam-practice-problems-pdf-sequences-and-series-mth-253z-400-u2026.html,text/00436-mth-253-linked-detail-mth-253-final-exam-practice-problems-pdf-sequences-and-series-mth-253z-400-u2026.txt,text/00436-mth-253-linked-detail-mth-253-final-exam-practice-problems-pdf-sequences-and-series-mth-253z-400-u2026.fulltext.txt,markdown/00436-mth-253-linked-detail-mth-253-final-exam-practice-problems-pdf-sequences-and-series-mth-253z-400-u2026.md,,metadata/00436-mth-253-linked-detail-mth-253-final-exam-practice-problems-pdf-sequences-and-series-mth-253z-400-u2026.json,0aef062b5b8a75745cc126fe642b4eae271a7c54f94e3de681fe3d51482f0a51,dd42bb24eb04ee4dbfcd4fb6e10a5a3138f1a0c4896a7c591eb9fa1d993cbd52,2026-06-26T21:20:16.001Z,1,34,3,0,0,0
00437-mth-253-linked-detail-mth-253-final-exam-practice-problems-answers-pdf-sequences-and-series-mth-253z-400-u2026,2053263,MTH-253,linked_detail,linked_detail,https://canvas.oregonstate.edu/courses/2053263/files/118558944?module_item_id=26885599#,https://canvas.oregonstate.edu/courses/2053263/files/118558944?module_item_id=26885599#,MTH 253 - Final Exam Practice Problems - Answers.pdf: SEQUENCES AND SERIES (MTH_253Z_400_U2026),file,118558944,2,,,raw_html/00437-mth-253-linked-detail-mth-253-final-exam-practice-problems-answers-pdf-sequences-and-series-mth-253z-400-u2026.html,text/00437-mth-253-linked-detail-mth-253-final-exam-practice-problems-answers-pdf-sequences-and-series-mth-253z-400-u2026.txt,text/00437-mth-253-linked-detail-mth-253-final-exam-practice-problems-answers-pdf-sequences-and-series-mth-253z-400-u2026.fulltext.txt,markdown/00437-mth-253-linked-detail-mth-253-final-exam-practice-problems-answers-pdf-sequences-and-series-mth-253z-400-u2026.md,,metadata/00437-mth-253-linked-detail-mth-253-final-exam-practice-problems-answers-pdf-sequences-and-series-mth-253z-400-u2026.json,2a42e3e038e04294b84397d9ac80daccc56cd3452b8c254595c0de08eaf0820b,48e15732821b332299264fc6790a4bc372488060a8e8f41de61266c255e86479,2026-06-26T21:20:18.221Z,1,34,3,0,0,0
00438-mth-253-linked-detail-unit-1-learning-materials-sequences-and-series-mth-253z-400-u2026,2053263,MTH-253,linked_detail,linked_detail,https://canvas.oregonstate.edu/courses/2053263/pages/unit-1-learning-materials,https://canvas.oregonstate.edu/courses/2053263/pages/unit-1-learning-materials,Unit 1 - Learning Materials: SEQUENCES AND SERIES (MTH_253Z_400_U2026),page,unit-1-learning-materials,2,,yes,raw_html/00438-mth-253-linked-detail-unit-1-learning-materials-sequences-and-series-mth-253z-400-u2026.html,text/00438-mth-253-linked-detail-unit-1-learning-materials-sequences-and-series-mth-253z-400-u2026.txt,text/00438-mth-253-linked-detail-unit-1-learning-materials-sequences-and-series-mth-253z-400-u2026.fulltext.txt,markdown/00438-mth-253-linked-detail-unit-1-learning-materials-sequences-and-series-mth-253z-400-u2026.md,,metadata/00438-mth-253-linked-detail-unit-1-learning-materials-sequences-and-series-mth-253z-400-u2026.json,89a0b5c3ce8b0732b24e21d7aeeae6ed4ffa269c15bb07c466c31b4862a7a4ec,97b93d07b43614366a464b7f39f40f47a1b33f5e9810e83061f721f905e35be3,2026-06-26T21:20:20.721Z,4,58,9,0,0,0
00439-mth-253-linked-detail-unit-1-overview-sequences-and-series-mth-253z-400-u2026,2053263,MTH-253,linked_detail,linked_detail,https://canvas.oregonstate.edu/courses/2053263/pages/unit-1-overview,https://canvas.oregonstate.edu/courses/2053263/pages/unit-1-overview,Unit 1 - Overview: SEQUENCES AND SERIES (MTH_253Z_400_U2026),page,unit-1-overview,2,,,raw_html/00439-mth-253-linked-detail-unit-1-overview-sequences-and-series-mth-253z-400-u2026.html,text/00439-mth-253-linked-detail-unit-1-overview-sequences-and-series-mth-253z-400-u2026.txt,text/00439-mth-253-linked-detail-unit-1-overview-sequences-and-series-mth-253z-400-u2026.fulltext.txt,markdown/00439-mth-253-linked-detail-unit-1-overview-sequences-and-series-mth-253z-400-u2026.md,,metadata/00439-mth-253-linked-detail-unit-1-overview-sequences-and-series-mth-253z-400-u2026.json,56f9adab9fa6a588df03f5e77a90dcc0be049b84e4763ac30a0a2b89d76537b0,adaf906ddb8020edb88ef861d894b13137e479ae60311f6d64da8ee6aab6e062,2026-06-26T21:20:23.114Z,4,43,2,0,0,0
00440-phy-212-linked-detail-syllabus-u2026-pdf-general-physics-with-calculus-ph-212-400-u2026,2053526,PHY-212,linked_detail,linked_detail,https://canvas.oregonstate.edu/courses/2053526/files/119256264?module_item_id=26992777#,https://canvas.oregonstate.edu/courses/2053526/files/119256264?module_item_id=26992777#,syllabus_U2026.pdf: GENERAL PHYSICS WITH CALCULUS (PH_212_400_U2026),file,119256264,2,,,raw_html/00440-phy-212-linked-detail-syllabus-u2026-pdf-general-physics-with-calculus-ph-212-400-u2026.html,text/00440-phy-212-linked-detail-syllabus-u2026-pdf-general-physics-with-calculus-ph-212-400-u2026.txt,text/00440-phy-212-linked-detail-syllabus-u2026-pdf-general-physics-with-calculus-ph-212-400-u2026.fulltext.txt,markdown/00440-phy-212-linked-detail-syllabus-u2026-pdf-general-physics-with-calculus-ph-212-400-u2026.md,,metadata/00440-phy-212-linked-detail-syllabus-u2026-pdf-general-physics-with-calculus-ph-212-400-u2026.json,2decd22f944461c6699c7e22d7d0544a504119199484f74420018e429e246fab,38036ebcf48c53768fd2bc36cdc9a72e6f70f172f3e9fa388e945beaa76d5443,2026-06-26T21:20:25.618Z,1,38,3,0,0,0
00441-phy-212-linked-detail-proctorio-guide-pdf-general-physics-with-calculus-ph-212-400-u2026,2053526,PHY-212,linked_detail,linked_detail,https://canvas.oregonstate.edu/courses/2053526/files/118705575?wrap=1,https://canvas.oregonstate.edu/courses/2053526/files/118705575?wrap=1,Proctorio Guide.pdf: GENERAL PHYSICS WITH CALCULUS (PH_212_400_U2026),file,118705575,2,,,raw_html/00441-phy-212-linked-detail-proctorio-guide-pdf-general-physics-with-calculus-ph-212-400-u2026.html,text/00441-phy-212-linked-detail-proctorio-guide-pdf-general-physics-with-calculus-ph-212-400-u2026.txt,text/00441-phy-212-linked-detail-proctorio-guide-pdf-general-physics-with-calculus-ph-212-400-u2026.fulltext.txt,markdown/00441-phy-212-linked-detail-proctorio-guide-pdf-general-physics-with-calculus-ph-212-400-u2026.md,,metadata/00441-phy-212-linked-detail-proctorio-guide-pdf-general-physics-with-calculus-ph-212-400-u2026.json,c65aa405f7c50dd55548f08e2c44d21707c99638cd6d9ab3366d18c1a22282f9,37edcd1467001e2751f6f1734eb7d209b4b3285e96d6ab276baba36ed956a292,2026-06-26T21:20:27.518Z,1,36,3,0,0,0
00442-phy-212-linked-detail-proctorio-setup-and-troubleshooting-general-physics-with-calculus-ph-212-400-u2026,2053526,PHY-212,linked_detail,linked_detail,https://canvas.oregonstate.edu/courses/2053526/pages/proctorio-setup-and-troubleshooting?module_item_id=26896947#,https://canvas.oregonstate.edu/courses/2053526/pages/proctorio-setup-and-troubleshooting?module_item_id=26896947#,Proctorio setup and troubleshooting: GENERAL PHYSICS WITH CALCULUS (PH_212_400_U2026),page,proctorio-setup-and-troubleshooting,2,,,raw_html/00442-phy-212-linked-detail-proctorio-setup-and-troubleshooting-general-physics-with-calculus-ph-212-400-u2026.html,text/00442-phy-212-linked-detail-proctorio-setup-and-troubleshooting-general-physics-with-calculus-ph-212-400-u2026.txt,text/00442-phy-212-linked-detail-proctorio-setup-and-troubleshooting-general-physics-with-calculus-ph-212-400-u2026.fulltext.txt,markdown/00442-phy-212-linked-detail-proctorio-setup-and-troubleshooting-general-physics-with-calculus-ph-212-400-u2026.md,,metadata/00442-phy-212-linked-detail-proctorio-setup-and-troubleshooting-general-physics-with-calculus-ph-212-400-u2026.json,a6e7a47ab5e8eb5c76e9fd40c3c25d55c2ff4eea15deaac4c868020a259436af,7ddc1eac6d871e5eaaed8447facb9fe73a8b0dced100d0f5a22e3fc1215f3259,2026-06-26T21:20:29.725Z,1,40,2,0,0,0
00443-phy-212-linked-detail-first-day-overview-pdf-general-physics-with-calculus-ph-212-400-u2026,2053526,PHY-212,linked_detail,linked_detail,https://canvas.oregonstate.edu/courses/2053526/files/119256249?module_item_id=26997777#,https://canvas.oregonstate.edu/courses/2053526/files/119256249?module_item_id=26997777#,first day overview.pdf: GENERAL PHYSICS WITH CALCULUS (PH_212_400_U2026),file,119256249,2,,,raw_html/00443-phy-212-linked-detail-first-day-overview-pdf-general-physics-with-calculus-ph-212-400-u2026.html,text/00443-phy-212-linked-detail-first-day-overview-pdf-general-physics-with-calculus-ph-212-400-u2026.txt,text/00443-phy-212-linked-detail-first-day-overview-pdf-general-physics-with-calculus-ph-212-400-u2026.fulltext.txt,markdown/00443-phy-212-linked-detail-first-day-overview-pdf-general-physics-with-calculus-ph-212-400-u2026.md,,metadata/00443-phy-212-linked-detail-first-day-overview-pdf-general-physics-with-calculus-ph-212-400-u2026.json,c6c9a36508c0db6281665c45e75fa77608880952451c7623615724643ab72c8c,521eef8ecf3fb2cbf5dc30c213182e819915f9eb4ac7a9975f14499f17f20928,2026-06-26T21:20:31.767Z,1,38,3,0,0,0
00444-phy-212-linked-detail-academic-misconduct-scenarios-general-physics-with-calculus-ph-212-400-u2026,2053526,PHY-212,linked_detail,linked_detail,https://canvas.oregonstate.edu/courses/2053526/pages/academic-misconduct-scenarios?module_item_id=26896953#,https://canvas.oregonstate.edu/courses/2053526/pages/academic-misconduct-scenarios?module_item_id=26896953#,Academic Misconduct Scenarios: GENERAL PHYSICS WITH CALCULUS (PH_212_400_U2026),page,academic-misconduct-scenarios,2,,,raw_html/00444-phy-212-linked-detail-academic-misconduct-scenarios-general-physics-with-calculus-ph-212-400-u2026.html,text/00444-phy-212-linked-detail-academic-misconduct-scenarios-general-physics-with-calculus-ph-212-400-u2026.txt,text/00444-phy-212-linked-detail-academic-misconduct-scenarios-general-physics-with-calculus-ph-212-400-u2026.fulltext.txt,markdown/00444-phy-212-linked-detail-academic-misconduct-scenarios-general-physics-with-calculus-ph-212-400-u2026.md,,metadata/00444-phy-212-linked-detail-academic-misconduct-scenarios-general-physics-with-calculus-ph-212-400-u2026.json,2ff2b08cf73cc774cfd58a2bf45cb549685295adc8b4a81a19f1043f0822697b,4572cf7cf32898e8e687bf1cc14d65d623984e39f700913cc6fc88c4c6d8c855,2026-06-26T21:20:34.317Z,5,44,2,0,0,0
00445-phy-212-linked-detail-module-1-circular-motion-learning-materials-general-physics-with-calculus-ph-212-400-u2026,2053526,PHY-212,linked_detail,linked_detail,https://canvas.oregonstate.edu/courses/2053526/pages/module-1-%7C-circular-motion-%7C-learning-materials,https://canvas.oregonstate.edu/courses/2053526/pages/module-1-%7C-circular-motion-%7C-learning-materials,Module 1 | Circular Motion | Learning Materials: GENERAL PHYSICS WITH CALCULUS (PH_212_400_U2026),page,module-1-%7C-circular-motion-%7C-learning-materials,2,,,raw_html/00445-phy-212-linked-detail-module-1-circular-motion-learning-materials-general-physics-with-calculus-ph-212-400-u2026.html,text/00445-phy-212-linked-detail-module-1-circular-motion-learning-materials-general-physics-with-calculus-ph-212-400-u2026.txt,text/00445-phy-212-linked-detail-module-1-circular-motion-learning-materials-general-physics-with-calculus-ph-212-400-u2026.fulltext.txt,markdown/00445-phy-212-linked-detail-module-1-circular-motion-learning-materials-general-physics-with-calculus-ph-212-400-u2026.md,,metadata/00445-phy-212-linked-detail-module-1-circular-motion-learning-materials-general-physics-with-calculus-ph-212-400-u2026.json,d6f04f704e924ae2b8338b7cc64669ac8d963ecc7cbb1c3f68258dcedb933bcc,7dc2a6b3a3ee5b9f34e0a85c29892472a6eb41d8eaffce0fc146bba3997d130d,2026-06-26T21:20:37.016Z,5,38,8,0,0,0
00446-phy-212-linked-detail-module-1-circular-motion-required-activities-general-physics-with-calculus-ph-212-400-u2026,2053526,PHY-212,linked_detail,linked_detail,https://canvas.oregonstate.edu/courses/2053526/pages/module-1-%7C-circular-motion-%7C-required-activities,https://canvas.oregonstate.edu/courses/2053526/pages/module-1-%7C-circular-motion-%7C-required-activities,Module 1 | Circular Motion | Required Activities: GENERAL PHYSICS WITH CALCULUS (PH_212_400_U2026),page,module-1-%7C-circular-motion-%7C-required-activities,2,,,raw_html/00446-phy-212-linked-detail-module-1-circular-motion-required-activities-general-physics-with-calculus-ph-212-400-u2026.html,text/00446-phy-212-linked-detail-module-1-circular-motion-required-activities-general-physics-with-calculus-ph-212-400-u2026.txt,text/00446-phy-212-linked-detail-module-1-circular-motion-required-activities-general-physics-with-calculus-ph-212-400-u2026.fulltext.txt,markdown/00446-phy-212-linked-detail-module-1-circular-motion-required-activities-general-physics-with-calculus-ph-212-400-u2026.md,,metadata/00446-phy-212-linked-detail-module-1-circular-motion-required-activities-general-physics-with-calculus-ph-212-400-u2026.json,e6ae85a57531f7f20fd83d55f62e3660a6638d0af2911eb6f98c63248032eea9,95d5e33ddb1dc3f7e231e6544e87acb75060b440cd3cb0b55a16c211fb943067,2026-06-26T21:20:39.813Z,4,66,2,0,0,0
00447-phy-212-linked-detail-project-consequences-implications-of-science-general-physics-with-calculus-ph-212-400-u2026,2053526,PHY-212,linked_detail,linked_detail,https://canvas.oregonstate.edu/courses/2053526/pages/project-%7C-consequences-and-implications-of-science,https://canvas.oregonstate.edu/courses/2053526/pages/project-%7C-consequences-and-implications-of-science,🤔 Project | Consequences & Implications of Science: GENERAL PHYSICS WITH CALCULUS (PH_212_400_U2026),page,project-%7C-consequences-and-implications-of-science,2,,,raw_html/00447-phy-212-linked-detail-project-consequences-implications-of-science-general-physics-with-calculus-ph-212-400-u2026.html,text/00447-phy-212-linked-detail-project-consequences-implications-of-science-general-physics-with-calculus-ph-212-400-u2026.txt,text/00447-phy-212-linked-detail-project-consequences-implications-of-science-general-physics-with-calculus-ph-212-400-u2026.fulltext.txt,markdown/00447-phy-212-linked-detail-project-consequences-implications-of-science-general-physics-with-calculus-ph-212-400-u2026.md,,metadata/00447-phy-212-linked-detail-project-consequences-implications-of-science-general-physics-with-calculus-ph-212-400-u2026.json,f870f274ad8eaae08af628760248ba557f823984c36bbef50a3c32921d1f9400,1f7e794098c8e9536f77aa6eeeed324686fc7311dbc309860328a50785fcf4bd,2026-06-26T21:20:41.916Z,7,35,2,0,0,0
00448-phy-212-linked-detail-unauthorized,2053526,PHY-212,linked_detail,linked_detail,https://canvas.oregonstate.edu/courses/2053526/quizzes/3160444,https://canvas.oregonstate.edu/courses/2053526/quizzes/3160444,Unauthorized,quiz,3160444,2,,,raw_html/00448-phy-212-linked-detail-unauthorized.html,text/00448-phy-212-linked-detail-unauthorized.txt,text/00448-phy-212-linked-detail-unauthorized.fulltext.txt,markdown/00448-phy-212-linked-detail-unauthorized.md,,metadata/00448-phy-212-linked-detail-unauthorized.json,d1ec7a05b53b354c9399568294df2578f401117869ba281560fa6ba9986fa173,2b62e20d47d477eacda81c2beef0dbb06e7f4e1a1021b68e5f70be2917f36f5b,2026-06-26T21:20:43.761Z,1,13,2,0,0,0
00449-phy-212-linked-detail-m1-3pre-general-physics-with-calculus-ph-212-400-u2026,2053526,PHY-212,linked_detail,linked_detail,https://canvas.oregonstate.edu/courses/2053526/quizzes/3160475,https://canvas.oregonstate.edu/courses/2053526/quizzes/3160475,M1-3pre: GENERAL PHYSICS WITH CALCULUS (PH_212_400_U2026),quiz,3160475,2,,,raw_html/00449-phy-212-linked-detail-m1-3pre-general-physics-with-calculus-ph-212-400-u2026.html,text/00449-phy-212-linked-detail-m1-3pre-general-physics-with-calculus-ph-212-400-u2026.txt,text/00449-phy-212-linked-detail-m1-3pre-general-physics-with-calculus-ph-212-400-u2026.fulltext.txt,markdown/00449-phy-212-linked-detail-m1-3pre-general-physics-with-calculus-ph-212-400-u2026.md,,metadata/00449-phy-212-linked-detail-m1-3pre-general-physics-with-calculus-ph-212-400-u2026.json,e253e4547163ca28964d04c10c5ae8b0d0a4d29daad09249b9ce142202bc0131,eba455ad82ced80175b1e2baa5a22ea47be884ed33ac3ece98cd627740b87bdc,2026-06-26T21:20:45.671Z,1,34,2,0,0,0
00450-phy-212-linked-detail-m1-4pre-general-physics-with-calculus-ph-212-400-u2026,2053526,PHY-212,linked_detail,linked_detail,https://canvas.oregonstate.edu/courses/2053526/quizzes/3160500,https://canvas.oregonstate.edu/courses/2053526/quizzes/3160500,M1-4pre: GENERAL PHYSICS WITH CALCULUS (PH_212_400_U2026),quiz,3160500,2,,,raw_html/00450-phy-212-linked-detail-m1-4pre-general-physics-with-calculus-ph-212-400-u2026.html,text/00450-phy-212-linked-detail-m1-4pre-general-physics-with-calculus-ph-212-400-u2026.txt,text/00450-phy-212-linked-detail-m1-4pre-general-physics-with-calculus-ph-212-400-u2026.fulltext.txt,markdown/00450-phy-212-linked-detail-m1-4pre-general-physics-with-calculus-ph-212-400-u2026.md,,metadata/00450-phy-212-linked-detail-m1-4pre-general-physics-with-calculus-ph-212-400-u2026.json,7407e39b99df42031d6c67432a9de67658632fb15e1734037fa3a68f7c7f4e0e,55ba9f73e62e3d5226e110c8ac3b7d5f8538b16a9a2284c9178d19fc477856d8,2026-06-26T21:20:47.820Z,1,34,2,0,0,0
00451-phy-212-linked-detail-m1-5pre-general-physics-with-calculus-ph-212-400-u2026,2053526,PHY-212,linked_detail,linked_detail,https://canvas.oregonstate.edu/courses/2053526/quizzes/3160476,https://canvas.oregonstate.edu/courses/2053526/quizzes/3160476,M1-5pre: GENERAL PHYSICS WITH CALCULUS (PH_212_400_U2026),quiz,3160476,2,,,raw_html/00451-phy-212-linked-detail-m1-5pre-general-physics-with-calculus-ph-212-400-u2026.html,text/00451-phy-212-linked-detail-m1-5pre-general-physics-with-calculus-ph-212-400-u2026.txt,text/00451-phy-212-linked-detail-m1-5pre-general-physics-with-calculus-ph-212-400-u2026.fulltext.txt,markdown/00451-phy-212-linked-detail-m1-5pre-general-physics-with-calculus-ph-212-400-u2026.md,,metadata/00451-phy-212-linked-detail-m1-5pre-general-physics-with-calculus-ph-212-400-u2026.json,7cda457dc572709db7b7abda6d8e275c0d8fdf4a1fa3fd1ac8d04288434ff346,ceba0e479c3984a4f3f02533c3439d548685c50e0162d35a787fd6b9dd677c38,2026-06-26T21:20:50.063Z,1,34,2,0,0,0
00452-phy-212-linked-detail-m1-1asy-general-physics-with-calculus-ph-212-400-u2026,2053526,PHY-212,linked_detail,linked_detail,https://canvas.oregonstate.edu/courses/2053526/quizzes/3160454,https://canvas.oregonstate.edu/courses/2053526/quizzes/3160454,M1-1asy: GENERAL PHYSICS WITH CALCULUS (PH_212_400_U2026),quiz,3160454,2,,,raw_html/00452-phy-212-linked-detail-m1-1asy-general-physics-with-calculus-ph-212-400-u2026.html,text/00452-phy-212-linked-detail-m1-1asy-general-physics-with-calculus-ph-212-400-u2026.txt,text/00452-phy-212-linked-detail-m1-1asy-general-physics-with-calculus-ph-212-400-u2026.fulltext.txt,markdown/00452-phy-212-linked-detail-m1-1asy-general-physics-with-calculus-ph-212-400-u2026.md,,metadata/00452-phy-212-linked-detail-m1-1asy-general-physics-with-calculus-ph-212-400-u2026.json,ab023af3b4a97681603cd9fc5e1c1cb6aa9339b53a0e8b265d5020a1125da83c,589bb2722b67428d38cb572c75b983daef9344db959828c6f4f6104057c181ba,2026-06-26T21:20:52.876Z,5,61,2,0,0,0
00453-phy-212-linked-detail-m1-2asy-general-physics-with-calculus-ph-212-400-u2026,2053526,PHY-212,linked_detail,linked_detail,https://canvas.oregonstate.edu/courses/2053526/quizzes/3160491,https://canvas.oregonstate.edu/courses/2053526/quizzes/3160491,M1-2asy: GENERAL PHYSICS WITH CALCULUS (PH_212_400_U2026),quiz,3160491,2,,,raw_html/00453-phy-212-linked-detail-m1-2asy-general-physics-with-calculus-ph-212-400-u2026.html,text/00453-phy-212-linked-detail-m1-2asy-general-physics-with-calculus-ph-212-400-u2026.txt,text/00453-phy-212-linked-detail-m1-2asy-general-physics-with-calculus-ph-212-400-u2026.fulltext.txt,markdown/00453-phy-212-linked-detail-m1-2asy-general-physics-with-calculus-ph-212-400-u2026.md,,metadata/00453-phy-212-linked-detail-m1-2asy-general-physics-with-calculus-ph-212-400-u2026.json,977644e7f82dc7e2d27b7277ab639fa68877dea7dea291e8113092a6140868bc,161e70b27e646ec9e39af040a5bcf3518f253c0b212053286ccd45b160d54b70,2026-06-26T21:20:55.763Z,4,36,2,0,0,0
00454-phy-212-linked-detail-unauthorized,2053526,PHY-212,linked_detail,linked_detail,https://canvas.oregonstate.edu/courses/2053526/quizzes/3160508,https://canvas.oregonstate.edu/courses/2053526/quizzes/3160508,Unauthorized,quiz,3160508,2,,,raw_html/00454-phy-212-linked-detail-unauthorized.html,text/00454-phy-212-linked-detail-unauthorized.txt,text/00454-phy-212-linked-detail-unauthorized.fulltext.txt,markdown/00454-phy-212-linked-detail-unauthorized.md,,metadata/00454-phy-212-linked-detail-unauthorized.json,437da17005a24ca01a99060a8f3d4c8c082e58d9df2b03be7a297b77ccfc7b70,2b62e20d47d477eacda81c2beef0dbb06e7f4e1a1021b68e5f70be2917f36f5b,2026-06-26T21:20:57.611Z,1,13,2,0,0,0
00455-phy-212-linked-detail-unauthorized,2053526,PHY-212,linked_detail,linked_detail,https://canvas.oregonstate.edu/courses/2053526/quizzes/3160457,https://canvas.oregonstate.edu/courses/2053526/quizzes/3160457,Unauthorized,quiz,3160457,2,,,raw_html/00455-phy-212-linked-detail-unauthorized.html,text/00455-phy-212-linked-detail-unauthorized.txt,text/00455-phy-212-linked-detail-unauthorized.fulltext.txt,markdown/00455-phy-212-linked-detail-unauthorized.md,,metadata/00455-phy-212-linked-detail-unauthorized.json,c173f94f9275b3ea179d63fbb06284e08e5faf6069234723620ceb3f3485e390,2b62e20d47d477eacda81c2beef0dbb06e7f4e1a1021b68e5f70be2917f36f5b,2026-06-26T21:20:59.361Z,1,13,2,0,0,0
00456-phy-212-linked-detail-unauthorized,2053526,PHY-212,linked_detail,linked_detail,https://canvas.oregonstate.edu/courses/2053526/quizzes/3160440,https://canvas.oregonstate.edu/courses/2053526/quizzes/3160440,Unauthorized,quiz,3160440,2,,,raw_html/00456-phy-212-linked-detail-unauthorized.html,text/00456-phy-212-linked-detail-unauthorized.txt,text/00456-phy-212-linked-detail-unauthorized.fulltext.txt,markdown/00456-phy-212-linked-detail-unauthorized.md,,metadata/00456-phy-212-linked-detail-unauthorized.json,17de1239ad2f4e4ed94e609c703f6cae115dfc24f4d765ed78727bb4db975c09,2b62e20d47d477eacda81c2beef0dbb06e7f4e1a1021b68e5f70be2917f36f5b,2026-06-26T21:21:01.161Z,1,13,2,0,0,0
00457-phy-212-linked-detail-unauthorized,2053526,PHY-212,linked_detail,linked_detail,https://canvas.oregonstate.edu/courses/2053526/assignments/10557021,https://canvas.oregonstate.edu/courses/2053526/assignments/10557021,Unauthorized,assignment,10557021,2,,,raw_html/00457-phy-212-linked-detail-unauthorized.html,text/00457-phy-212-linked-detail-unauthorized.txt,text/00457-phy-212-linked-detail-unauthorized.fulltext.txt,markdown/00457-phy-212-linked-detail-unauthorized.md,,metadata/00457-phy-212-linked-detail-unauthorized.json,f36bb5d89319cb9115bcece8284c169df3649f8424de73ec649da657673f9344,2b62e20d47d477eacda81c2beef0dbb06e7f4e1a1021b68e5f70be2917f36f5b,2026-06-26T21:21:02.761Z,1,13,2,0,0,0
00458-phy-212-linked-detail-unauthorized,2053526,PHY-212,linked_detail,linked_detail,https://canvas.oregonstate.edu/courses/2053526/assignments/10557097,https://canvas.oregonstate.edu/courses/2053526/assignments/10557097,Unauthorized,assignment,10557097,2,,,raw_html/00458-phy-212-linked-detail-unauthorized.html,text/00458-phy-212-linked-detail-unauthorized.txt,text/00458-phy-212-linked-detail-unauthorized.fulltext.txt,markdown/00458-phy-212-linked-detail-unauthorized.md,,metadata/00458-phy-212-linked-detail-unauthorized.json,effbfbd3f54a9a81e22aeb79d91f85462a3029646b2bd62bc0ad818e606b38e0,2b62e20d47d477eacda81c2beef0dbb06e7f4e1a1021b68e5f70be2917f36f5b,2026-06-26T21:21:04.515Z,1,13,2,0,0,0
00459-phy-212-linked-detail-unauthorized,2053526,PHY-212,linked_detail,linked_detail,https://canvas.oregonstate.edu/courses/2053526/quizzes/3160453,https://canvas.oregonstate.edu/courses/2053526/quizzes/3160453,Unauthorized,quiz,3160453,2,,,raw_html/00459-phy-212-linked-detail-unauthorized.html,text/00459-phy-212-linked-detail-unauthorized.txt,text/00459-phy-212-linked-detail-unauthorized.fulltext.txt,markdown/00459-phy-212-linked-detail-unauthorized.md,,metadata/00459-phy-212-linked-detail-unauthorized.json,19bf830150c18f07d892f6823cf68ab75b0d85d3a9b8106004f5b575dad21dc8,2b62e20d47d477eacda81c2beef0dbb06e7f4e1a1021b68e5f70be2917f36f5b,2026-06-26T21:21:06.214Z,1,13,2,0,0,0
00460-phy-212-linked-detail-unauthorized,2053526,PHY-212,linked_detail,linked_detail,https://canvas.oregonstate.edu/courses/2053526/assignments/10557100,https://canvas.oregonstate.edu/courses/2053526/assignments/10557100,Unauthorized,assignment,10557100,2,,,raw_html/00460-phy-212-linked-detail-unauthorized.html,text/00460-phy-212-linked-detail-unauthorized.txt,text/00460-phy-212-linked-detail-unauthorized.fulltext.txt,markdown/00460-phy-212-linked-detail-unauthorized.md,,metadata/00460-phy-212-linked-detail-unauthorized.json,225d589f89121901829f0c7baa84fab46a06f7c88d8f6648c1ccd6a6c58d2a30,2b62e20d47d477eacda81c2beef0dbb06e7f4e1a1021b68e5f70be2917f36f5b,2026-06-26T21:21:07.967Z,1,13,2,0,0,0
00461-phy-212-linked-detail-unauthorized,2053526,PHY-212,linked_detail,linked_detail,https://canvas.oregonstate.edu/courses/2053526/assignments/10556989,https://canvas.oregonstate.edu/courses/2053526/assignments/10556989,Unauthorized,assignment,10556989,2,,,raw_html/00461-phy-212-linked-detail-unauthorized.html,text/00461-phy-212-linked-detail-unauthorized.txt,text/00461-phy-212-linked-detail-unauthorized.fulltext.txt,markdown/00461-phy-212-linked-detail-unauthorized.md,,metadata/00461-phy-212-linked-detail-unauthorized.json,f8d608dc6687c352293d050c38d682913d44e3890cfa4d8a6c980bff5c38ade4,2b62e20d47d477eacda81c2beef0dbb06e7f4e1a1021b68e5f70be2917f36f5b,2026-06-26T21:21:09.862Z,1,13,2,0,0,0
00462-phy-212-linked-detail-unauthorized,2053526,PHY-212,linked_detail,linked_detail,https://canvas.oregonstate.edu/courses/2053526/assignments/10557103,https://canvas.oregonstate.edu/courses/2053526/assignments/10557103,Unauthorized,assignment,10557103,2,,,raw_html/00462-phy-212-linked-detail-unauthorized.html,text/00462-phy-212-linked-detail-unauthorized.txt,text/00462-phy-212-linked-detail-unauthorized.fulltext.txt,markdown/00462-phy-212-linked-detail-unauthorized.md,,metadata/00462-phy-212-linked-detail-unauthorized.json,31c5e3e24daff7174b12c3d992af1d700fa83abf8916c0856c7d59523d06733c,2b62e20d47d477eacda81c2beef0dbb06e7f4e1a1021b68e5f70be2917f36f5b,2026-06-26T21:21:11.661Z,1,13,2,0,0,0
00463-phy-212-linked-detail-unauthorized,2053526,PHY-212,linked_detail,linked_detail,https://canvas.oregonstate.edu/courses/2053526/assignments/10557098,https://canvas.oregonstate.edu/courses/2053526/assignments/10557098,Unauthorized,assignment,10557098,2,,,raw_html/00463-phy-212-linked-detail-unauthorized.html,text/00463-phy-212-linked-detail-unauthorized.txt,text/00463-phy-212-linked-detail-unauthorized.fulltext.txt,markdown/00463-phy-212-linked-detail-unauthorized.md,,metadata/00463-phy-212-linked-detail-unauthorized.json,bdb9bd5db28757d4cc259a55a6d948ae5d3ff7985eb900f295869a2333087cc8,2b62e20d47d477eacda81c2beef0dbb06e7f4e1a1021b68e5f70be2917f36f5b,2026-06-26T21:21:13.561Z,1,13,2,0,0,0
00464-phy-212-linked-detail-unauthorized,2053526,PHY-212,linked_detail,linked_detail,https://canvas.oregonstate.edu/courses/2053526/assignments/10557099,https://canvas.oregonstate.edu/courses/2053526/assignments/10557099,Unauthorized,assignment,10557099,2,,,raw_html/00464-phy-212-linked-detail-unauthorized.html,text/00464-phy-212-linked-detail-unauthorized.txt,text/00464-phy-212-linked-detail-unauthorized.fulltext.txt,markdown/00464-phy-212-linked-detail-unauthorized.md,,metadata/00464-phy-212-linked-detail-unauthorized.json,ff300af4dc24fb859a652917fd2e5a91fb2d052b3e4202433344b25904b3a4cc,2b62e20d47d477eacda81c2beef0dbb06e7f4e1a1021b68e5f70be2917f36f5b,2026-06-26T21:21:15.367Z,1,13,2,0,0,0
00465-phy-212-linked-detail-unauthorized,2053526,PHY-212,linked_detail,linked_detail,https://canvas.oregonstate.edu/courses/2053526/assignments/10557101,https://canvas.oregonstate.edu/courses/2053526/assignments/10557101,Unauthorized,assignment,10557101,2,,,raw_html/00465-phy-212-linked-detail-unauthorized.html,text/00465-phy-212-linked-detail-unauthorized.txt,text/00465-phy-212-linked-detail-unauthorized.fulltext.txt,markdown/00465-phy-212-linked-detail-unauthorized.md,,metadata/00465-phy-212-linked-detail-unauthorized.json,79f684271b1367dfa2d820d1791708cd43abfefa7c04e876da346afe17b33d0a,2b62e20d47d477eacda81c2beef0dbb06e7f4e1a1021b68e5f70be2917f36f5b,2026-06-26T21:21:16.964Z,1,13,2,0,0,0
00466-phy-212-linked-detail-unauthorized,2053526,PHY-212,linked_detail,linked_detail,https://canvas.oregonstate.edu/courses/2053526/assignments/10557102,https://canvas.oregonstate.edu/courses/2053526/assignments/10557102,Unauthorized,assignment,10557102,2,,,raw_html/00466-phy-212-linked-detail-unauthorized.html,text/00466-phy-212-linked-detail-unauthorized.txt,text/00466-phy-212-linked-detail-unauthorized.fulltext.txt,markdown/00466-phy-212-linked-detail-unauthorized.md,,metadata/00466-phy-212-linked-detail-unauthorized.json,b451713176ede8427212737019be6a9b0b6a200e297a28a682cabe80eae514db,2b62e20d47d477eacda81c2beef0dbb06e7f4e1a1021b68e5f70be2917f36f5b,2026-06-26T21:21:18.761Z,1,13,2,0,0,0
00467-phy-212-linked-detail-unauthorized,2053526,PHY-212,linked_detail,linked_detail,https://canvas.oregonstate.edu/courses/2053526/assignments/10557104,https://canvas.oregonstate.edu/courses/2053526/assignments/10557104,Unauthorized,assignment,10557104,2,,,raw_html/00467-phy-212-linked-detail-unauthorized.html,text/00467-phy-212-linked-detail-unauthorized.txt,text/00467-phy-212-linked-detail-unauthorized.fulltext.txt,markdown/00467-phy-212-linked-detail-unauthorized.md,,metadata/00467-phy-212-linked-detail-unauthorized.json,86fa5ec7f4707f33c0c77474848e2b177c13a9085c5a08732c7d2eb21ed37a28,2b62e20d47d477eacda81c2beef0dbb06e7f4e1a1021b68e5f70be2917f36f5b,2026-06-26T21:21:20.561Z,1,13,2,0,0,0
00468-phy-212-linked-detail-proctorio-practice-quiz-remotely-proctored-general-physics-with-calculus-ph-212-400-u2026,2053526,PHY-212,linked_detail,linked_detail,https://canvas.oregonstate.edu/courses/2053526/quizzes/3160506/take?user_id=6660414,https://canvas.oregonstate.edu/courses/2053526/quizzes/3160506/take?user_id=6660414,Proctorio practice quiz (Remotely Proctored): GENERAL PHYSICS WITH CALCULUS (PH_212_400_U2026),quiz,3160506,2,,,raw_html/00468-phy-212-linked-detail-proctorio-practice-quiz-remotely-proctored-general-physics-with-calculus-ph-212-400-u2026.html,text/00468-phy-212-linked-detail-proctorio-practice-quiz-remotely-proctored-general-physics-with-calculus-ph-212-400-u2026.txt,text/00468-phy-212-linked-detail-proctorio-practice-quiz-remotely-proctored-general-physics-with-calculus-ph-212-400-u2026.fulltext.txt,markdown/00468-phy-212-linked-detail-proctorio-practice-quiz-remotely-proctored-general-physics-with-calculus-ph-212-400-u2026.md,,metadata/00468-phy-212-linked-detail-proctorio-practice-quiz-remotely-proctored-general-physics-with-calculus-ph-212-400-u2026.json,e36dcf6f4b830725e732240a25eb071999a66f8eb06e412f86fadf4c4da50c0e,5921d4117babcf82920fa4ba96cbe25ea1ecadb10d8ee68dffda770cffd49f26,2026-06-26T21:21:22.564Z,1,35,2,0,0,0
00469-phy-212-linked-detail-lab-1-team-building-and-uncertainty-refresher-general-physics-with-calculus-ph-212-400-u2026,2053526,PHY-212,linked_detail,linked_detail,https://canvas.oregonstate.edu/courses/2053526/pages/lab-1-team-building-and-uncertainty-refresher,https://canvas.oregonstate.edu/courses/2053526/pages/lab-1-team-building-and-uncertainty-refresher,Lab 1: Team Building and Uncertainty Refresher: GENERAL PHYSICS WITH CALCULUS (PH_212_400_U2026),page,lab-1-team-building-and-uncertainty-refresher,2,,,raw_html/00469-phy-212-linked-detail-lab-1-team-building-and-uncertainty-refresher-general-physics-with-calculus-ph-212-400-u2026.html,text/00469-phy-212-linked-detail-lab-1-team-building-and-uncertainty-refresher-general-physics-with-calculus-ph-212-400-u2026.txt,text/00469-phy-212-linked-detail-lab-1-team-building-and-uncertainty-refresher-general-physics-with-calculus-ph-212-400-u2026.fulltext.txt,markdown/00469-phy-212-linked-detail-lab-1-team-building-and-uncertainty-refresher-general-physics-with-calculus-ph-212-400-u2026.md,,metadata/00469-phy-212-linked-detail-lab-1-team-building-and-uncertainty-refresher-general-physics-with-calculus-ph-212-400-u2026.json,551e58e67613b62a09c72aadacb445cc7cec43edc6ef41ad8ee3d84f495bf7b2,4efec65e2d8438aa323674eeb153fe954250663c088db9afbac8c515496fd3f6,2026-06-26T21:21:25.058Z,9,40,2,0,0,0
00470-phy-212-linked-detail-lab-partner-values-survey-general-physics-with-calculus-ph-212-400-u2026,2053526,PHY-212,linked_detail,linked_detail,https://canvas.oregonstate.edu/courses/2053526/quizzes/3160536?module_item_id=26896963#,https://canvas.oregonstate.edu/courses/2053526/quizzes/3160536?module_item_id=26896963#,Lab Partner Values Survey: GENERAL PHYSICS WITH CALCULUS (PH_212_400_U2026),quiz,3160536,2,,,raw_html/00470-phy-212-linked-detail-lab-partner-values-survey-general-physics-with-calculus-ph-212-400-u2026.html,text/00470-phy-212-linked-detail-lab-partner-values-survey-general-physics-with-calculus-ph-212-400-u2026.txt,text/00470-phy-212-linked-detail-lab-partner-values-survey-general-physics-with-calculus-ph-212-400-u2026.fulltext.txt,markdown/00470-phy-212-linked-detail-lab-partner-values-survey-general-physics-with-calculus-ph-212-400-u2026.md,,metadata/00470-phy-212-linked-detail-lab-partner-values-survey-general-physics-with-calculus-ph-212-400-u2026.json,57f4e2089ebe3d4e5ecc7375790325b00e8bd5a70a357675ee7c1ec6e1080760,da31bdc7ada2f6a4f5736bd1d2073d00a4b74664b438cdcf59736fe2fbb7a758,2026-06-26T21:21:27.466Z,2,54,2,0,0,0
00471-phy-212-linked-detail-unauthorized,2053526,PHY-212,linked_detail,linked_detail,https://canvas.oregonstate.edu/courses/2053526/quizzes/3160536/questions/59026451,https://canvas.oregonstate.edu/courses/2053526/quizzes/3160536/questions/59026451,Unauthorized,quiz,3160536,2,,,raw_html/00471-phy-212-linked-detail-unauthorized.html,text/00471-phy-212-linked-detail-unauthorized.txt,text/00471-phy-212-linked-detail-unauthorized.fulltext.txt,markdown/00471-phy-212-linked-detail-unauthorized.md,,metadata/00471-phy-212-linked-detail-unauthorized.json,6018ce1e6d20d84bc694a1de84e39236431a6979b77f561f374e6c63339b92ed,2b62e20d47d477eacda81c2beef0dbb06e7f4e1a1021b68e5f70be2917f36f5b,2026-06-26T21:21:29.161Z,1,13,2,0,0,0
00472-phy-212-linked-detail-unauthorized,2053526,PHY-212,linked_detail,linked_detail,https://canvas.oregonstate.edu/courses/2053526/quizzes/3160536/questions/59026452,https://canvas.oregonstate.edu/courses/2053526/quizzes/3160536/questions/59026452,Unauthorized,quiz,3160536,2,,,raw_html/00472-phy-212-linked-detail-unauthorized.html,text/00472-phy-212-linked-detail-unauthorized.txt,text/00472-phy-212-linked-detail-unauthorized.fulltext.txt,markdown/00472-phy-212-linked-detail-unauthorized.md,,metadata/00472-phy-212-linked-detail-unauthorized.json,452ad4439a49dc16143eea4ab1dfaa2c97a745c07218d94e5766d5cf052683a7,2b62e20d47d477eacda81c2beef0dbb06e7f4e1a1021b68e5f70be2917f36f5b,2026-06-26T21:21:30.962Z,1,13,2,0,0,0
00473-phy-212-linked-detail-unauthorized,2053526,PHY-212,linked_detail,linked_detail,https://canvas.oregonstate.edu/courses/2053526/quizzes/3160536/questions/59026453,https://canvas.oregonstate.edu/courses/2053526/quizzes/3160536/questions/59026453,Unauthorized,quiz,3160536,2,,,raw_html/00473-phy-212-linked-detail-unauthorized.html,text/00473-phy-212-linked-detail-unauthorized.txt,text/00473-phy-212-linked-detail-unauthorized.fulltext.txt,markdown/00473-phy-212-linked-detail-unauthorized.md,,metadata/00473-phy-212-linked-detail-unauthorized.json,940c1a8883bd3f5ab0320617fefe29d61f43cdd842da4cccdb0d31f7a5c5da2f,2b62e20d47d477eacda81c2beef0dbb06e7f4e1a1021b68e5f70be2917f36f5b,2026-06-26T21:21:32.711Z,1,13,2,0,0,0
00474-phy-212-linked-detail-unauthorized,2053526,PHY-212,linked_detail,linked_detail,https://canvas.oregonstate.edu/courses/2053526/quizzes/3160536/questions/59026454,https://canvas.oregonstate.edu/courses/2053526/quizzes/3160536/questions/59026454,Unauthorized,quiz,3160536,2,,,raw_html/00474-phy-212-linked-detail-unauthorized.html,text/00474-phy-212-linked-detail-unauthorized.txt,text/00474-phy-212-linked-detail-unauthorized.fulltext.txt,markdown/00474-phy-212-linked-detail-unauthorized.md,,metadata/00474-phy-212-linked-detail-unauthorized.json,225f0ed907789c0d854d92a37c8329c041482e3694e80a7c9fbf32314ac7e1ae,2b62e20d47d477eacda81c2beef0dbb06e7f4e1a1021b68e5f70be2917f36f5b,2026-06-26T21:21:34.462Z,1,13,2,0,0,0
00475-phy-212-linked-detail-unauthorized,2053526,PHY-212,linked_detail,linked_detail,https://canvas.oregonstate.edu/courses/2053526/quizzes/3160536/questions/59026455,https://canvas.oregonstate.edu/courses/2053526/quizzes/3160536/questions/59026455,Unauthorized,quiz,3160536,2,,,raw_html/00475-phy-212-linked-detail-unauthorized.html,text/00475-phy-212-linked-detail-unauthorized.txt,text/00475-phy-212-linked-detail-unauthorized.fulltext.txt,markdown/00475-phy-212-linked-detail-unauthorized.md,,metadata/00475-phy-212-linked-detail-unauthorized.json,37aa49c01dd2c49386dda57196209ead3bb4499cfd49970a8fd1f52c91ddf09b,2b62e20d47d477eacda81c2beef0dbb06e7f4e1a1021b68e5f70be2917f36f5b,2026-06-26T21:21:36.212Z,1,13,2,0,0,0
00476-phy-212-linked-detail-unauthorized,2053526,PHY-212,linked_detail,linked_detail,https://canvas.oregonstate.edu/courses/2053526/quizzes/3160536/questions/59026456,https://canvas.oregonstate.edu/courses/2053526/quizzes/3160536/questions/59026456,Unauthorized,quiz,3160536,2,,,raw_html/00476-phy-212-linked-detail-unauthorized.html,text/00476-phy-212-linked-detail-unauthorized.txt,text/00476-phy-212-linked-detail-unauthorized.fulltext.txt,markdown/00476-phy-212-linked-detail-unauthorized.md,,metadata/00476-phy-212-linked-detail-unauthorized.json,9347c8afa3a076aff9ed9c1796c8888791aff6aefd6b55806f96881cc7825052,2b62e20d47d477eacda81c2beef0dbb06e7f4e1a1021b68e5f70be2917f36f5b,2026-06-26T21:21:38.012Z,1,13,2,0,0,0
00477-phy-212-linked-detail-discussions-lab-group-22,2053526,PHY-212,linked_detail,linked_detail,https://canvas.oregonstate.edu/courses/2053526/discussion_topics/11563806,https://canvas.oregonstate.edu/groups/733396/discussion_topics,Discussions: Lab Group 22,discussions,,2,yes,,raw_html/00477-phy-212-linked-detail-discussions-lab-group-22.html,text/00477-phy-212-linked-detail-discussions-lab-group-22.txt,text/00477-phy-212-linked-detail-discussions-lab-group-22.fulltext.txt,markdown/00477-phy-212-linked-detail-discussions-lab-group-22.md,,metadata/00477-phy-212-linked-detail-discussions-lab-group-22.json,ef99e1971ba53f09cb7054b90ce252fdfee7e6c8ab0826c3481f662eac3a2e50,1a5669efff0899461563d786cb47175c05d2de972e8eda239c3941ee2576f2da,2026-06-26T21:21:41.563Z,4,26,2,0,0,0
00478-phy-212-linked-detail-lab-2-uncertainty-propagation-general-physics-with-calculus-ph-212-400-u2026,2053526,PHY-212,linked_detail,linked_detail,https://canvas.oregonstate.edu/courses/2053526/pages/lab-1-uncertainty-propagation,https://canvas.oregonstate.edu/courses/2053526/pages/lab-2-uncertainty-propagation,Lab 2: Uncertainty Propagation: GENERAL PHYSICS WITH CALCULUS (PH_212_400_U2026),page,lab-2-uncertainty-propagation,2,yes,,raw_html/00478-phy-212-linked-detail-lab-2-uncertainty-propagation-general-physics-with-calculus-ph-212-400-u2026.html,text/00478-phy-212-linked-detail-lab-2-uncertainty-propagation-general-physics-with-calculus-ph-212-400-u2026.txt,text/00478-phy-212-linked-detail-lab-2-uncertainty-propagation-general-physics-with-calculus-ph-212-400-u2026.fulltext.txt,markdown/00478-phy-212-linked-detail-lab-2-uncertainty-propagation-general-physics-with-calculus-ph-212-400-u2026.md,,metadata/00478-phy-212-linked-detail-lab-2-uncertainty-propagation-general-physics-with-calculus-ph-212-400-u2026.json,476b4c34da2d36648b38c7c7e5c4ff51b91a07476cc3c270060b353ad0de4dce,0566b7e101331c637eee7de2799128b12cd33adbed678bff5e319e057678516b,2026-06-26T21:21:44.668Z,10,39,2,0,0,0
00479-phy-212-linked-detail-unauthorized,2053526,PHY-212,linked_detail,linked_detail,https://canvas.oregonstate.edu/courses/2053526/assignments/10557058,https://canvas.oregonstate.edu/courses/2053526/assignments/10557058,Unauthorized,assignment,10557058,2,,,raw_html/00479-phy-212-linked-detail-unauthorized.html,text/00479-phy-212-linked-detail-unauthorized.txt,text/00479-phy-212-linked-detail-unauthorized.fulltext.txt,markdown/00479-phy-212-linked-detail-unauthorized.md,,metadata/00479-phy-212-linked-detail-unauthorized.json,d952bb0c9acb84b94698de26b79ea5ceee72de0cf9d0fdb61aac8f74c6d84586,2b62e20d47d477eacda81c2beef0dbb06e7f4e1a1021b68e5f70be2917f36f5b,2026-06-26T21:21:46.468Z,1,13,2,0,0,0
00480-phy-212-linked-detail-m1-0asy-general-physics-with-calculus-ph-212-400-u2026,2053526,PHY-212,linked_detail,linked_detail,https://canvas.oregonstate.edu/courses/2053526/quizzes/3169000/take?user_id=6660414,https://canvas.oregonstate.edu/courses/2053526/quizzes/3169000/take?user_id=6660414,M1-0asy: GENERAL PHYSICS WITH CALCULUS (PH_212_400_U2026),quiz,3169000,2,,,raw_html/00480-phy-212-linked-detail-m1-0asy-general-physics-with-calculus-ph-212-400-u2026.html,text/00480-phy-212-linked-detail-m1-0asy-general-physics-with-calculus-ph-212-400-u2026.txt,text/00480-phy-212-linked-detail-m1-0asy-general-physics-with-calculus-ph-212-400-u2026.fulltext.txt,markdown/00480-phy-212-linked-detail-m1-0asy-general-physics-with-calculus-ph-212-400-u2026.md,,metadata/00480-phy-212-linked-detail-m1-0asy-general-physics-with-calculus-ph-212-400-u2026.json,06ba99715ae66e615c448e1650b1866b3ca5386d1dcfa93d06a3d34add3b174a,55a0960f82cb06351bd28c164e8c32aeaff2f3cd2a3035d2537ab11d03e77455,2026-06-26T21:21:48.663Z,2,42,2,0,0,0
00481-phy-212-linked-detail-jacob-peterson-s-quiz-history-m1-0asy,2053526,PHY-212,linked_detail,linked_detail,https://canvas.oregonstate.edu/courses/2053526/quizzes/3169000/history?version=1,https://canvas.oregonstate.edu/courses/2053526/quizzes/3169000/history?version=1,Jacob Peterson's Quiz History: M1-0asy,quiz,3169000,2,,,raw_html/00481-phy-212-linked-detail-jacob-peterson-s-quiz-history-m1-0asy.html,text/00481-phy-212-linked-detail-jacob-peterson-s-quiz-history-m1-0asy.txt,text/00481-phy-212-linked-detail-jacob-peterson-s-quiz-history-m1-0asy.fulltext.txt,markdown/00481-phy-212-linked-detail-jacob-peterson-s-quiz-history-m1-0asy.md,,metadata/00481-phy-212-linked-detail-jacob-peterson-s-quiz-history-m1-0asy.json,761d93f549f67df5ff581753d71e8eed41b52861990c441fcaace4c16e1e6b97,dfc188be912944247e18ed0b4a413cf0307606e1be1cf42fa7a4405eb062dadc,2026-06-26T21:21:50.711Z,1,42,2,0,0,0
00482-phy-212-linked-detail-m1-0asy-general-physics-with-calculus-ph-212-400-u2026,2053526,PHY-212,linked_detail,linked_detail,https://canvas.oregonstate.edu/courses/2053526/quizzes/3169000#,https://canvas.oregonstate.edu/courses/2053526/quizzes/3169000#,M1-0asy: GENERAL PHYSICS WITH CALCULUS (PH_212_400_U2026),quiz,3169000,2,,,raw_html/00482-phy-212-linked-detail-m1-0asy-general-physics-with-calculus-ph-212-400-u2026.html,text/00482-phy-212-linked-detail-m1-0asy-general-physics-with-calculus-ph-212-400-u2026.txt,text/00482-phy-212-linked-detail-m1-0asy-general-physics-with-calculus-ph-212-400-u2026.fulltext.txt,markdown/00482-phy-212-linked-detail-m1-0asy-general-physics-with-calculus-ph-212-400-u2026.md,,metadata/00482-phy-212-linked-detail-m1-0asy-general-physics-with-calculus-ph-212-400-u2026.json,a332ec35e0d972dbeea8f81b381f4c8ac553ec8f9490471d7ee06b28138c1103,00d9a62922de707bd95b60b5a5cc1ca0a06ba3055cb62d7fb36a106e83df80f7,2026-06-26T21:21:53.163Z,3,43,2,0,0,0
00483-phy-212-linked-detail-unauthorized,2053526,PHY-212,linked_detail,linked_detail,https://canvas.oregonstate.edu/courses/2053526/quizzes/3169000/questions/59169876,https://canvas.oregonstate.edu/courses/2053526/quizzes/3169000/questions/59169876,Unauthorized,quiz,3169000,2,,,raw_html/00483-phy-212-linked-detail-unauthorized.html,text/00483-phy-212-linked-detail-unauthorized.txt,text/00483-phy-212-linked-detail-unauthorized.fulltext.txt,markdown/00483-phy-212-linked-detail-unauthorized.md,,metadata/00483-phy-212-linked-detail-unauthorized.json,e8863ac37540653f0d0fdcd69f59ecadead4346bc39095e8b33aa19f20d24e82,2b62e20d47d477eacda81c2beef0dbb06e7f4e1a1021b68e5f70be2917f36f5b,2026-06-26T21:21:54.812Z,1,13,2,0,0,0
00484-phy-212-linked-detail-unauthorized,2053526,PHY-212,linked_detail,linked_detail,https://canvas.oregonstate.edu/courses/2053526/quizzes/3169000/questions/59169879,https://canvas.oregonstate.edu/courses/2053526/quizzes/3169000/questions/59169879,Unauthorized,quiz,3169000,2,,,raw_html/00484-phy-212-linked-detail-unauthorized.html,text/00484-phy-212-linked-detail-unauthorized.txt,text/00484-phy-212-linked-detail-unauthorized.fulltext.txt,markdown/00484-phy-212-linked-detail-unauthorized.md,,metadata/00484-phy-212-linked-detail-unauthorized.json,a93581992046113110e54003fd0f7a507a6192cbe0f303be1a9dcea2ff881ffa,2b62e20d47d477eacda81c2beef0dbb06e7f4e1a1021b68e5f70be2917f36f5b,2026-06-26T21:21:56.462Z,1,13,2,0,0,0
00485-phy-212-linked-detail-m1-00asy-general-physics-with-calculus-ph-212-400-u2026,2053526,PHY-212,linked_detail,linked_detail,https://canvas.oregonstate.edu/courses/2053526/quizzes/3169001/take?user_id=6660414,https://canvas.oregonstate.edu/courses/2053526/quizzes/3169001/take?user_id=6660414,M1-00asy: GENERAL PHYSICS WITH CALCULUS (PH_212_400_U2026),quiz,3169001,2,,,raw_html/00485-phy-212-linked-detail-m1-00asy-general-physics-with-calculus-ph-212-400-u2026.html,text/00485-phy-212-linked-detail-m1-00asy-general-physics-with-calculus-ph-212-400-u2026.txt,text/00485-phy-212-linked-detail-m1-00asy-general-physics-with-calculus-ph-212-400-u2026.fulltext.txt,markdown/00485-phy-212-linked-detail-m1-00asy-general-physics-with-calculus-ph-212-400-u2026.md,,metadata/00485-phy-212-linked-detail-m1-00asy-general-physics-with-calculus-ph-212-400-u2026.json,edb14dd04a95f84a924f60669abd3e23c86e8d3053ebd7a69fd22c9732b09ac9,e992452786b8c34858a8180a08ba46137236509530d84c6ddd46ae21608f2e99,2026-06-26T21:21:58.617Z,4,57,2,0,0,0
00486-phy-212-linked-detail-jacob-peterson-s-quiz-history-m1-00asy,2053526,PHY-212,linked_detail,linked_detail,https://canvas.oregonstate.edu/courses/2053526/quizzes/3169001/history?version=1,https://canvas.oregonstate.edu/courses/2053526/quizzes/3169001/history?version=1,Jacob Peterson's Quiz History: M1-00asy,quiz,3169001,2,,,raw_html/00486-phy-212-linked-detail-jacob-peterson-s-quiz-history-m1-00asy.html,text/00486-phy-212-linked-detail-jacob-peterson-s-quiz-history-m1-00asy.txt,text/00486-phy-212-linked-detail-jacob-peterson-s-quiz-history-m1-00asy.fulltext.txt,markdown/00486-phy-212-linked-detail-jacob-peterson-s-quiz-history-m1-00asy.md,,metadata/00486-phy-212-linked-detail-jacob-peterson-s-quiz-history-m1-00asy.json,11d6d9f4b80fd1b2eb3d0b066214b04b13f8038090bc88a42428b1822b98240d,4d700e4ee22d8c7b102df0a40730028fdaf5e073e943aed9a3225acb7730a427,2026-06-26T21:22:00.566Z,1,51,2,0,0,0
00487-phy-212-linked-detail-m1-00asy-general-physics-with-calculus-ph-212-400-u2026,2053526,PHY-212,linked_detail,linked_detail,https://canvas.oregonstate.edu/courses/2053526/quizzes/3169001#,https://canvas.oregonstate.edu/courses/2053526/quizzes/3169001#,M1-00asy: GENERAL PHYSICS WITH CALCULUS (PH_212_400_U2026),quiz,3169001,2,,,raw_html/00487-phy-212-linked-detail-m1-00asy-general-physics-with-calculus-ph-212-400-u2026.html,text/00487-phy-212-linked-detail-m1-00asy-general-physics-with-calculus-ph-212-400-u2026.txt,text/00487-phy-212-linked-detail-m1-00asy-general-physics-with-calculus-ph-212-400-u2026.fulltext.txt,markdown/00487-phy-212-linked-detail-m1-00asy-general-physics-with-calculus-ph-212-400-u2026.md,,metadata/00487-phy-212-linked-detail-m1-00asy-general-physics-with-calculus-ph-212-400-u2026.json,e7fa81abbdd66a5fcd0a80a4a9e03792dd6b39e6ba60ca101635b6876d0c63a4,4b3e919aab3bb9a40a4edca521be99af1006fb651afcb2e36d2e3a68fe3c2bbf,2026-06-26T21:22:02.815Z,5,58,2,0,0,0
00488-phy-212-linked-detail-unauthorized,2053526,PHY-212,linked_detail,linked_detail,https://canvas.oregonstate.edu/courses/2053526/quizzes/3169001/questions/59169187,https://canvas.oregonstate.edu/courses/2053526/quizzes/3169001/questions/59169187,Unauthorized,quiz,3169001,2,,,raw_html/00488-phy-212-linked-detail-unauthorized.html,text/00488-phy-212-linked-detail-unauthorized.txt,text/00488-phy-212-linked-detail-unauthorized.fulltext.txt,markdown/00488-phy-212-linked-detail-unauthorized.md,,metadata/00488-phy-212-linked-detail-unauthorized.json,0fa0b6c4973f6c9915051f46c297f066f128dcaf933f86ae736d526143353e65,2b62e20d47d477eacda81c2beef0dbb06e7f4e1a1021b68e5f70be2917f36f5b,2026-06-26T21:22:04.561Z,1,13,2,0,0,0
00489-phy-212-linked-detail-unauthorized,2053526,PHY-212,linked_detail,linked_detail,https://canvas.oregonstate.edu/courses/2053526/quizzes/3169001/questions/59174672,https://canvas.oregonstate.edu/courses/2053526/quizzes/3169001/questions/59174672,Unauthorized,quiz,3169001,2,,,raw_html/00489-phy-212-linked-detail-unauthorized.html,text/00489-phy-212-linked-detail-unauthorized.txt,text/00489-phy-212-linked-detail-unauthorized.fulltext.txt,markdown/00489-phy-212-linked-detail-unauthorized.md,,metadata/00489-phy-212-linked-detail-unauthorized.json,7dba6ec3b3614c595301e9f864fed5773fe9341ea8f30358f39aac16d152a873,2b62e20d47d477eacda81c2beef0dbb06e7f4e1a1021b68e5f70be2917f36f5b,2026-06-26T21:22:06.311Z,1,13,2,0,0,0
00490-phy-212-linked-detail-unauthorized,2053526,PHY-212,linked_detail,linked_detail,https://canvas.oregonstate.edu/courses/2053526/quizzes/3169001/questions/59174670,https://canvas.oregonstate.edu/courses/2053526/quizzes/3169001/questions/59174670,Unauthorized,quiz,3169001,2,,,raw_html/00490-phy-212-linked-detail-unauthorized.html,text/00490-phy-212-linked-detail-unauthorized.txt,text/00490-phy-212-linked-detail-unauthorized.fulltext.txt,markdown/00490-phy-212-linked-detail-unauthorized.md,,metadata/00490-phy-212-linked-detail-unauthorized.json,2b84dab5a41779c4b646dd8b007e689587eb9132016b3c472e3319aa9bc3fb17,2b62e20d47d477eacda81c2beef0dbb06e7f4e1a1021b68e5f70be2917f36f5b,2026-06-26T21:22:07.911Z,1,13,2,0,0,0
00491-phy-212-linked-detail-unauthorized,2053526,PHY-212,linked_detail,linked_detail,https://canvas.oregonstate.edu/courses/2053526/quizzes/3169001/questions/59174671,https://canvas.oregonstate.edu/courses/2053526/quizzes/3169001/questions/59174671,Unauthorized,quiz,3169001,2,,,raw_html/00491-phy-212-linked-detail-unauthorized.html,text/00491-phy-212-linked-detail-unauthorized.txt,text/00491-phy-212-linked-detail-unauthorized.fulltext.txt,markdown/00491-phy-212-linked-detail-unauthorized.md,,metadata/00491-phy-212-linked-detail-unauthorized.json,7a5ac797d2c22d4ea56d3ffd2d9f781c5601be82ab07df4d1e064f2e885300cb,2b62e20d47d477eacda81c2beef0dbb06e7f4e1a1021b68e5f70be2917f36f5b,2026-06-26T21:22:09.569Z,1,13,2,0,0,0
00492-phy-212-linked-detail-scanning-resources-general-physics-with-calculus-ph-212-400-u2026,2053526,PHY-212,linked_detail,linked_detail,https://canvas.oregonstate.edu/courses/2053526/pages/scanning-resources,https://canvas.oregonstate.edu/courses/2053526/pages/scanning-resources,Scanning Resources: GENERAL PHYSICS WITH CALCULUS (PH_212_400_U2026),page,scanning-resources,2,,,raw_html/00492-phy-212-linked-detail-scanning-resources-general-physics-with-calculus-ph-212-400-u2026.html,text/00492-phy-212-linked-detail-scanning-resources-general-physics-with-calculus-ph-212-400-u2026.txt,text/00492-phy-212-linked-detail-scanning-resources-general-physics-with-calculus-ph-212-400-u2026.fulltext.txt,markdown/00492-phy-212-linked-detail-scanning-resources-general-physics-with-calculus-ph-212-400-u2026.md,,metadata/00492-phy-212-linked-detail-scanning-resources-general-physics-with-calculus-ph-212-400-u2026.json,6f70303b641eeed57f70018c7025afc58857cd873afb97c0ea32748cb0412ed6,b41b170750e3754ecc64dfad239e2bf5075ebd058b6948bc54e2313ed6eadbab,2026-06-26T21:22:11.514Z,2,39,2,0,0,0
00493-phy-212-linked-detail-m1-1asy-general-physics-with-calculus-ph-212-400-u2026,2053526,PHY-212,linked_detail,linked_detail,https://canvas.oregonstate.edu/courses/2053526/quizzes/3160454/take?user_id=6660414,https://canvas.oregonstate.edu/courses/2053526/quizzes/3160454/take?user_id=6660414,M1-1asy: GENERAL PHYSICS WITH CALCULUS (PH_212_400_U2026),quiz,3160454,2,,,raw_html/00493-phy-212-linked-detail-m1-1asy-general-physics-with-calculus-ph-212-400-u2026.html,text/00493-phy-212-linked-detail-m1-1asy-general-physics-with-calculus-ph-212-400-u2026.txt,text/00493-phy-212-linked-detail-m1-1asy-general-physics-with-calculus-ph-212-400-u2026.fulltext.txt,markdown/00493-phy-212-linked-detail-m1-1asy-general-physics-with-calculus-ph-212-400-u2026.md,,metadata/00493-phy-212-linked-detail-m1-1asy-general-physics-with-calculus-ph-212-400-u2026.json,f29df30d1b37bbc65195d0cf6a6dd5cbc75f5589a4829fc807fcf9ef8a81d8d4,525813750941aa2a94412c877f325e6fba877e589b6b744a69050c95c6991f04,2026-06-26T21:22:13.765Z,4,60,2,0,0,0
00494-phy-212-linked-detail-jacob-peterson-s-quiz-history-m1-1asy,2053526,PHY-212,linked_detail,linked_detail,https://canvas.oregonstate.edu/courses/2053526/quizzes/3160454/history?version=1,https://canvas.oregonstate.edu/courses/2053526/quizzes/3160454/history?version=1,Jacob Peterson's Quiz History: M1-1asy,quiz,3160454,2,,,raw_html/00494-phy-212-linked-detail-jacob-peterson-s-quiz-history-m1-1asy.html,text/00494-phy-212-linked-detail-jacob-peterson-s-quiz-history-m1-1asy.txt,text/00494-phy-212-linked-detail-jacob-peterson-s-quiz-history-m1-1asy.fulltext.txt,markdown/00494-phy-212-linked-detail-jacob-peterson-s-quiz-history-m1-1asy.md,,metadata/00494-phy-212-linked-detail-jacob-peterson-s-quiz-history-m1-1asy.json,a96d50746ddadf46a68f8a6e89bac8af4e3beec0ca2b848e2b0ad5a5549ab1fd,05e8ad26dc8e2b21c9c6bf4b4c4350f87ad10a032dc770aaecee8b0822536885,2026-06-26T21:22:16.166Z,1,54,2,0,0,0
00495-phy-212-linked-detail-unauthorized,2053526,PHY-212,linked_detail,linked_detail,https://canvas.oregonstate.edu/courses/2053526/quizzes/3160454/questions/59026073,https://canvas.oregonstate.edu/courses/2053526/quizzes/3160454/questions/59026073,Unauthorized,quiz,3160454,2,,,raw_html/00495-phy-212-linked-detail-unauthorized.html,text/00495-phy-212-linked-detail-unauthorized.txt,text/00495-phy-212-linked-detail-unauthorized.fulltext.txt,markdown/00495-phy-212-linked-detail-unauthorized.md,,metadata/00495-phy-212-linked-detail-unauthorized.json,a38967db8e7689efcdc7c0c2437a5f210eb29ea30a144edf77bc781b24ab82df,2b62e20d47d477eacda81c2beef0dbb06e7f4e1a1021b68e5f70be2917f36f5b,2026-06-26T21:22:18.064Z,1,13,2,0,0,0
00496-phy-212-linked-detail-unauthorized,2053526,PHY-212,linked_detail,linked_detail,https://canvas.oregonstate.edu/courses/2053526/quizzes/3160454/questions/59176462,https://canvas.oregonstate.edu/courses/2053526/quizzes/3160454/questions/59176462,Unauthorized,quiz,3160454,2,,,raw_html/00496-phy-212-linked-detail-unauthorized.html,text/00496-phy-212-linked-detail-unauthorized.txt,text/00496-phy-212-linked-detail-unauthorized.fulltext.txt,markdown/00496-phy-212-linked-detail-unauthorized.md,,metadata/00496-phy-212-linked-detail-unauthorized.json,0d47cc5144d528b3517227d25949bc805de2e45e8ad5caf230e982624ceb1636,2b62e20d47d477eacda81c2beef0dbb06e7f4e1a1021b68e5f70be2917f36f5b,2026-06-26T21:22:20.070Z,1,13,2,0,0,0
00497-phy-212-linked-detail-unauthorized,2053526,PHY-212,linked_detail,linked_detail,https://canvas.oregonstate.edu/courses/2053526/quizzes/3160454/questions/59176463,https://canvas.oregonstate.edu/courses/2053526/quizzes/3160454/questions/59176463,Unauthorized,quiz,3160454,2,,,raw_html/00497-phy-212-linked-detail-unauthorized.html,text/00497-phy-212-linked-detail-unauthorized.txt,text/00497-phy-212-linked-detail-unauthorized.fulltext.txt,markdown/00497-phy-212-linked-detail-unauthorized.md,,metadata/00497-phy-212-linked-detail-unauthorized.json,a47d3e5a6e8b34dfa4c3644543590b5c5fb0690f3274ac0b08ca265a226bd769,2b62e20d47d477eacda81c2beef0dbb06e7f4e1a1021b68e5f70be2917f36f5b,2026-06-26T21:22:22.462Z,1,13,2,0,0,0
00498-phy-212-linked-detail-unauthorized,2053526,PHY-212,linked_detail,linked_detail,https://canvas.oregonstate.edu/courses/2053526/quizzes/3160454/questions/59026074,https://canvas.oregonstate.edu/courses/2053526/quizzes/3160454/questions/59026074,Unauthorized,quiz,3160454,2,,,raw_html/00498-phy-212-linked-detail-unauthorized.html,text/00498-phy-212-linked-detail-unauthorized.txt,text/00498-phy-212-linked-detail-unauthorized.fulltext.txt,markdown/00498-phy-212-linked-detail-unauthorized.md,,metadata/00498-phy-212-linked-detail-unauthorized.json,2f912907c7df0fece86a26bee31bfa363569c9e8bf209289ed9b489beaff6685,2b62e20d47d477eacda81c2beef0dbb06e7f4e1a1021b68e5f70be2917f36f5b,2026-06-26T21:22:24.311Z,1,13,2,0,0,0
00499-phy-212-linked-detail-unauthorized,2053526,PHY-212,linked_detail,linked_detail,https://canvas.oregonstate.edu/courses/2053526/quizzes/3160454/questions/59026075,https://canvas.oregonstate.edu/courses/2053526/quizzes/3160454/questions/59026075,Unauthorized,quiz,3160454,2,,,raw_html/00499-phy-212-linked-detail-unauthorized.html,text/00499-phy-212-linked-detail-unauthorized.txt,text/00499-phy-212-linked-detail-unauthorized.fulltext.txt,markdown/00499-phy-212-linked-detail-unauthorized.md,,metadata/00499-phy-212-linked-detail-unauthorized.json,13de4c69fa4ba04d29a369ea44b6b47b475dbce5addc0e3ef53c26c54eeb332c,2b62e20d47d477eacda81c2beef0dbb06e7f4e1a1021b68e5f70be2917f36f5b,2026-06-26T21:22:26.161Z,1,13,2,0,0,0
00500-phy-212-linked-detail-m1-2asy-general-physics-with-calculus-ph-212-400-u2026,2053526,PHY-212,linked_detail,linked_detail,https://canvas.oregonstate.edu/courses/2053526/quizzes/3160491/take?user_id=6660414,https://canvas.oregonstate.edu/courses/2053526/quizzes/3160491/take?user_id=6660414,M1-2asy: GENERAL PHYSICS WITH CALCULUS (PH_212_400_U2026),quiz,3160491,2,,,raw_html/00500-phy-212-linked-detail-m1-2asy-general-physics-with-calculus-ph-212-400-u2026.html,text/00500-phy-212-linked-detail-m1-2asy-general-physics-with-calculus-ph-212-400-u2026.txt,text/00500-phy-212-linked-detail-m1-2asy-general-physics-with-calculus-ph-212-400-u2026.fulltext.txt,markdown/00500-phy-212-linked-detail-m1-2asy-general-physics-with-calculus-ph-212-400-u2026.md,,metadata/00500-phy-212-linked-detail-m1-2asy-general-physics-with-calculus-ph-212-400-u2026.json,260d986bf473eb1f1fdf790461d5d57db5b385df8256f025fc2881beda456565,5d0dee399ef2ccb97aa4c68e2162f34d32f1a9f1e5461aa366883de025931a8a,2026-06-26T21:22:28.424Z,4,36,2,0,0,0
00501-phy-212-linked-detail-m1-1pre-general-physics-with-calculus-ph-212-400-u2026,2053526,PHY-212,linked_detail,linked_detail,https://canvas.oregonstate.edu/courses/2053526/quizzes/3160514/take?user_id=6660414,https://canvas.oregonstate.edu/courses/2053526/quizzes/3160514/take?user_id=6660414,M1-1pre: GENERAL PHYSICS WITH CALCULUS (PH_212_400_U2026),quiz,3160514,2,,,raw_html/00501-phy-212-linked-detail-m1-1pre-general-physics-with-calculus-ph-212-400-u2026.html,text/00501-phy-212-linked-detail-m1-1pre-general-physics-with-calculus-ph-212-400-u2026.txt,text/00501-phy-212-linked-detail-m1-1pre-general-physics-with-calculus-ph-212-400-u2026.fulltext.txt,markdown/00501-phy-212-linked-detail-m1-1pre-general-physics-with-calculus-ph-212-400-u2026.md,,metadata/00501-phy-212-linked-detail-m1-1pre-general-physics-with-calculus-ph-212-400-u2026.json,c45cc831384557d3444baffc911771eaed67ce7683314ded9a13c2d7acebe8a4,82498bc6acdfc558494a79b176bae5c8716aea0fc375c22babe79b0a56d87ce4,2026-06-26T21:22:30.713Z,2,40,2,0,0,0
00502-phy-212-linked-detail-jacob-peterson-s-quiz-history-m1-1pre,2053526,PHY-212,linked_detail,linked_detail,https://canvas.oregonstate.edu/courses/2053526/quizzes/3160514/history?version=1,https://canvas.oregonstate.edu/courses/2053526/quizzes/3160514/history?version=1,Jacob Peterson's Quiz History: M1-1pre,quiz,3160514,2,,,raw_html/00502-phy-212-linked-detail-jacob-peterson-s-quiz-history-m1-1pre.html,text/00502-phy-212-linked-detail-jacob-peterson-s-quiz-history-m1-1pre.txt,text/00502-phy-212-linked-detail-jacob-peterson-s-quiz-history-m1-1pre.fulltext.txt,markdown/00502-phy-212-linked-detail-jacob-peterson-s-quiz-history-m1-1pre.md,,metadata/00502-phy-212-linked-detail-jacob-peterson-s-quiz-history-m1-1pre.json,891100e10dcdcf9a40093f7cb185ea39b1fbc7b71a971a57a91c7f8ba8e19fef,9ac8821860d66e69ed175532c185228699c4d622852f26ae68a2ceaa0aee5edb,2026-06-26T21:22:32.917Z,1,40,2,0,0,0
00503-phy-212-linked-detail-m1-1pre-general-physics-with-calculus-ph-212-400-u2026,2053526,PHY-212,linked_detail,linked_detail,https://canvas.oregonstate.edu/courses/2053526/quizzes/3160514#,https://canvas.oregonstate.edu/courses/2053526/quizzes/3160514#,M1-1pre: GENERAL PHYSICS WITH CALCULUS (PH_212_400_U2026),quiz,3160514,2,,,raw_html/00503-phy-212-linked-detail-m1-1pre-general-physics-with-calculus-ph-212-400-u2026.html,text/00503-phy-212-linked-detail-m1-1pre-general-physics-with-calculus-ph-212-400-u2026.txt,text/00503-phy-212-linked-detail-m1-1pre-general-physics-with-calculus-ph-212-400-u2026.fulltext.txt,markdown/00503-phy-212-linked-detail-m1-1pre-general-physics-with-calculus-ph-212-400-u2026.md,,metadata/00503-phy-212-linked-detail-m1-1pre-general-physics-with-calculus-ph-212-400-u2026.json,f24235ca24719f07df44d30eddaf33f51226ed8da0726c3acbb715db5c4bc0b1,720af7d9695ca0210783d2ab792b02a45975306ef6521ad1491f5d59f7a6a114,2026-06-26T21:22:35.223Z,3,41,2,0,0,0
00504-phy-212-linked-detail-unauthorized,2053526,PHY-212,linked_detail,linked_detail,https://canvas.oregonstate.edu/courses/2053526/quizzes/3160514/questions/59026348,https://canvas.oregonstate.edu/courses/2053526/quizzes/3160514/questions/59026348,Unauthorized,quiz,3160514,2,,,raw_html/00504-phy-212-linked-detail-unauthorized.html,text/00504-phy-212-linked-detail-unauthorized.txt,text/00504-phy-212-linked-detail-unauthorized.fulltext.txt,markdown/00504-phy-212-linked-detail-unauthorized.md,,metadata/00504-phy-212-linked-detail-unauthorized.json,bd9f12a2b77f0acbc85ed12daed22145bc4207d397939b97e0aac645e6cf9256,2b62e20d47d477eacda81c2beef0dbb06e7f4e1a1021b68e5f70be2917f36f5b,2026-06-26T21:22:37.062Z,1,13,2,0,0,0
00505-phy-212-linked-detail-m1-2pre-general-physics-with-calculus-ph-212-400-u2026,2053526,PHY-212,linked_detail,linked_detail,https://canvas.oregonstate.edu/courses/2053526/quizzes/3160464/take?user_id=6660414,https://canvas.oregonstate.edu/courses/2053526/quizzes/3160464/take?user_id=6660414,M1-2pre: GENERAL PHYSICS WITH CALCULUS (PH_212_400_U2026),quiz,3160464,2,,,raw_html/00505-phy-212-linked-detail-m1-2pre-general-physics-with-calculus-ph-212-400-u2026.html,text/00505-phy-212-linked-detail-m1-2pre-general-physics-with-calculus-ph-212-400-u2026.txt,text/00505-phy-212-linked-detail-m1-2pre-general-physics-with-calculus-ph-212-400-u2026.fulltext.txt,markdown/00505-phy-212-linked-detail-m1-2pre-general-physics-with-calculus-ph-212-400-u2026.md,,metadata/00505-phy-212-linked-detail-m1-2pre-general-physics-with-calculus-ph-212-400-u2026.json,b7c5e5f6e704affca53b30d151c81423f220c1f7c8bf88e08e5eef41f6a74663,a83f0d1281467950d3400ce887a649aeb77254a45de3369fb02618d3bcd7feb4,2026-06-26T21:22:39.764Z,2,39,2,0,0,0
00506-phy-212-linked-detail-jacob-peterson-s-quiz-history-m1-2pre,2053526,PHY-212,linked_detail,linked_detail,https://canvas.oregonstate.edu/courses/2053526/quizzes/3160464/history?version=1,https://canvas.oregonstate.edu/courses/2053526/quizzes/3160464/history?version=1,Jacob Peterson's Quiz History: M1-2pre,quiz,3160464,2,,,raw_html/00506-phy-212-linked-detail-jacob-peterson-s-quiz-history-m1-2pre.html,text/00506-phy-212-linked-detail-jacob-peterson-s-quiz-history-m1-2pre.txt,text/00506-phy-212-linked-detail-jacob-peterson-s-quiz-history-m1-2pre.fulltext.txt,markdown/00506-phy-212-linked-detail-jacob-peterson-s-quiz-history-m1-2pre.md,,metadata/00506-phy-212-linked-detail-jacob-peterson-s-quiz-history-m1-2pre.json,7009d5310cc65f0fbda60bacb048eb1a1b98560e5b19016557048393a99402ac,d9b637d42abf419b968c7922d1660cdd013959832d6b4e6893a87888c4068efb,2026-06-26T21:22:42.065Z,1,39,2,0,0,0
00507-phy-212-linked-detail-m1-2pre-general-physics-with-calculus-ph-212-400-u2026,2053526,PHY-212,linked_detail,linked_detail,https://canvas.oregonstate.edu/courses/2053526/quizzes/3160464#,https://canvas.oregonstate.edu/courses/2053526/quizzes/3160464#,M1-2pre: GENERAL PHYSICS WITH CALCULUS (PH_212_400_U2026),quiz,3160464,2,,,raw_html/00507-phy-212-linked-detail-m1-2pre-general-physics-with-calculus-ph-212-400-u2026.html,text/00507-phy-212-linked-detail-m1-2pre-general-physics-with-calculus-ph-212-400-u2026.txt,text/00507-phy-212-linked-detail-m1-2pre-general-physics-with-calculus-ph-212-400-u2026.fulltext.txt,markdown/00507-phy-212-linked-detail-m1-2pre-general-physics-with-calculus-ph-212-400-u2026.md,,metadata/00507-phy-212-linked-detail-m1-2pre-general-physics-with-calculus-ph-212-400-u2026.json,9d62493819baf767650605b2d4ca95ad118e310811844e94561913946e69cd41,42df59110d6b68595abaf80f1c888af7185227a9aff00e1f35341fb79fc8a3e6,2026-06-26T21:22:44.614Z,3,40,2,0,0,0
00508-phy-212-linked-detail-unauthorized,2053526,PHY-212,linked_detail,linked_detail,https://canvas.oregonstate.edu/courses/2053526/quizzes/3160464/questions/59026118,https://canvas.oregonstate.edu/courses/2053526/quizzes/3160464/questions/59026118,Unauthorized,quiz,3160464,2,,,raw_html/00508-phy-212-linked-detail-unauthorized.html,text/00508-phy-212-linked-detail-unauthorized.txt,text/00508-phy-212-linked-detail-unauthorized.fulltext.txt,markdown/00508-phy-212-linked-detail-unauthorized.md,,metadata/00508-phy-212-linked-detail-unauthorized.json,ca24f25d2a7f881db3d3e01e898802e7b217838141e8b78f112ba51bf47feadc,2b62e20d47d477eacda81c2beef0dbb06e7f4e1a1021b68e5f70be2917f36f5b,2026-06-26T21:22:46.672Z,1,13,2,0,0,0
00509-phy-212-linked-detail-lab-partner-values-survey-general-physics-with-calculus-ph-212-400-u2026,2053526,PHY-212,linked_detail,linked_detail,https://canvas.oregonstate.edu/courses/2053526/quizzes/3160536#,https://canvas.oregonstate.edu/courses/2053526/quizzes/3160536#,Lab Partner Values Survey: GENERAL PHYSICS WITH CALCULUS (PH_212_400_U2026),quiz,3160536,2,,,raw_html/00509-phy-212-linked-detail-lab-partner-values-survey-general-physics-with-calculus-ph-212-400-u2026.html,text/00509-phy-212-linked-detail-lab-partner-values-survey-general-physics-with-calculus-ph-212-400-u2026.txt,text/00509-phy-212-linked-detail-lab-partner-values-survey-general-physics-with-calculus-ph-212-400-u2026.fulltext.txt,markdown/00509-phy-212-linked-detail-lab-partner-values-survey-general-physics-with-calculus-ph-212-400-u2026.md,,metadata/00509-phy-212-linked-detail-lab-partner-values-survey-general-physics-with-calculus-ph-212-400-u2026.json,97a58532cbf22711466dc39f27cb61209291f29e6a96532e93aad28897d7ef67,da31bdc7ada2f6a4f5736bd1d2073d00a4b74664b438cdcf59736fe2fbb7a758,2026-06-26T21:22:49.018Z,2,54,2,0,0,0
00510-phy-212-linked-detail-hw-1-rotational-motion-general-physics-with-calculus-ph-212-400-u2026,2053526,PHY-212,linked_detail,linked_detail,https://canvas.oregonstate.edu/courses/2053526/quizzes/3160489/take?user_id=6660414,https://canvas.oregonstate.edu/courses/2053526/quizzes/3160489/take?user_id=6660414,Hw 1 - Rotational Motion: GENERAL PHYSICS WITH CALCULUS (PH_212_400_U2026),quiz,3160489,2,,,raw_html/00510-phy-212-linked-detail-hw-1-rotational-motion-general-physics-with-calculus-ph-212-400-u2026.html,text/00510-phy-212-linked-detail-hw-1-rotational-motion-general-physics-with-calculus-ph-212-400-u2026.txt,text/00510-phy-212-linked-detail-hw-1-rotational-motion-general-physics-with-calculus-ph-212-400-u2026.fulltext.txt,markdown/00510-phy-212-linked-detail-hw-1-rotational-motion-general-physics-with-calculus-ph-212-400-u2026.md,,metadata/00510-phy-212-linked-detail-hw-1-rotational-motion-general-physics-with-calculus-ph-212-400-u2026.json,c32b3cf46f4f032d884ee41b4433297d0454a01f3cf6711bcbe4394b2c617499,2b951f192d1ee10baf57c92252d177834a816f4cdb821cdf86d58139426faab9,2026-06-26T21:22:51.265Z,2,35,2,0,0,0
00511-mth-252-linked-detail-upper-lower-left-and-right-sums,2080857,MTH-252,linked_detail,linked_detail,https://canvas.oregonstate.edu/courses/2080857/modules/items/26982658,https://canvas.oregonstate.edu/courses/2080857/modules/items/26982658,"Upper, Lower, Left, and Right Sums",module_item,26982658,3,,,raw_html/00511-mth-252-linked-detail-upper-lower-left-and-right-sums.html,text/00511-mth-252-linked-detail-upper-lower-left-and-right-sums.txt,text/00511-mth-252-linked-detail-upper-lower-left-and-right-sums.fulltext.txt,markdown/00511-mth-252-linked-detail-upper-lower-left-and-right-sums.md,,metadata/00511-mth-252-linked-detail-upper-lower-left-and-right-sums.json,02ae369aec99e40d5ecba85f5de3b33f1ca2720c587f21600c5aa85fa3cceb12,6d539ec0964f1f8375011addfb7797e6df9ccb87e7bea89b342bf7aca54863f0,2026-06-26T21:22:53.571Z,1,30,2,0,0,0
00512-mth-252-linked-detail-indefinite-integral-log,2080857,MTH-252,linked_detail,linked_detail,https://canvas.oregonstate.edu/courses/2080857/modules/items/26982728,https://canvas.oregonstate.edu/courses/2080857/modules/items/26982728,Indefinite integral: log,module_item,26982728,3,,,raw_html/00512-mth-252-linked-detail-indefinite-integral-log.html,text/00512-mth-252-linked-detail-indefinite-integral-log.txt,text/00512-mth-252-linked-detail-indefinite-integral-log.fulltext.txt,markdown/00512-mth-252-linked-detail-indefinite-integral-log.md,,metadata/00512-mth-252-linked-detail-indefinite-integral-log.json,411c52db291f1bf327aa3a1c7524ff4be8eba5cb93af91f3e36aa74f7376e8b5,b64242aab9933262d90ecba155e661c0f31d9c45d87a44994798cb891d293b06,2026-06-26T21:22:55.712Z,1,30,2,0,0,0
00513-mth-252-linked-detail-intro-trigonometric-integrals-with-an-odd-power,2080857,MTH-252,linked_detail,linked_detail,https://canvas.oregonstate.edu/courses/2080857/modules/items/26982732,https://canvas.oregonstate.edu/courses/2080857/modules/items/26982732,Intro. Trigonometric integrals with an ODD power,module_item,26982732,3,,,raw_html/00513-mth-252-linked-detail-intro-trigonometric-integrals-with-an-odd-power.html,text/00513-mth-252-linked-detail-intro-trigonometric-integrals-with-an-odd-power.txt,text/00513-mth-252-linked-detail-intro-trigonometric-integrals-with-an-odd-power.fulltext.txt,markdown/00513-mth-252-linked-detail-intro-trigonometric-integrals-with-an-odd-power.md,,metadata/00513-mth-252-linked-detail-intro-trigonometric-integrals-with-an-odd-power.json,2bf2c7c5307a0f9aa72fd23e85436e6172402001e01a05a13811e89310600ae6,7c22978eae967ec07baeb0d231b8589c3d2be1b8e40d23d9fb3cceb2741876a9,2026-06-26T21:22:57.624Z,1,30,2,0,0,0
00514-phy-212-linked-detail-lab-supplies-general-physics-with-calculus-ph-212-400-u2026,2053526,PHY-212,linked_detail,linked_detail,https://canvas.oregonstate.edu/courses/2053526/pages/lab-supplies,https://canvas.oregonstate.edu/courses/2053526/pages/lab-supplies,Lab Supplies: GENERAL PHYSICS WITH CALCULUS (PH_212_400_U2026),page,lab-supplies,3,,,raw_html/00514-phy-212-linked-detail-lab-supplies-general-physics-with-calculus-ph-212-400-u2026.html,text/00514-phy-212-linked-detail-lab-supplies-general-physics-with-calculus-ph-212-400-u2026.txt,text/00514-phy-212-linked-detail-lab-supplies-general-physics-with-calculus-ph-212-400-u2026.fulltext.txt,markdown/00514-phy-212-linked-detail-lab-supplies-general-physics-with-calculus-ph-212-400-u2026.md,,metadata/00514-phy-212-linked-detail-lab-supplies-general-physics-with-calculus-ph-212-400-u2026.json,b755dc2852ba9ed51ee096306a617f714f91f35479412fe2ccbab51825d0c501,484fdaac0ac323124c050d0b5b6f9d1fc914e461f2033453758461c08a56b65b,2026-06-26T21:22:59.814Z,3,35,2,0,0,0
00515-phy-212-linked-detail-lab-collaboration-contract-general-physics-with-calculus-ph-212-400-u2026,2053526,PHY-212,linked_detail,linked_detail,https://canvas.oregonstate.edu/courses/2053526/quizzes/3160479,https://canvas.oregonstate.edu/courses/2053526/quizzes/3160479,Lab Collaboration Contract: GENERAL PHYSICS WITH CALCULUS (PH_212_400_U2026),quiz,3160479,3,,,raw_html/00515-phy-212-linked-detail-lab-collaboration-contract-general-physics-with-calculus-ph-212-400-u2026.html,text/00515-phy-212-linked-detail-lab-collaboration-contract-general-physics-with-calculus-ph-212-400-u2026.txt,text/00515-phy-212-linked-detail-lab-collaboration-contract-general-physics-with-calculus-ph-212-400-u2026.fulltext.txt,markdown/00515-phy-212-linked-detail-lab-collaboration-contract-general-physics-with-calculus-ph-212-400-u2026.md,,metadata/00515-phy-212-linked-detail-lab-collaboration-contract-general-physics-with-calculus-ph-212-400-u2026.json,755596f0c112dfc23fb41980153fcfbf82ab8e67344e77f798640d05f2b32096,6e23334b8d51772d3776e0831b4cfae6c3619293eab717f5b986abf00ca41e1a,2026-06-26T21:23:02.214Z,1,36,2,0,0,0
00516-mth-252-linked-detail-area-under-curve-rectangles,2080857,MTH-252,linked_detail,linked_detail,https://canvas.oregonstate.edu/courses/2080857/modules/items/26982659,https://canvas.oregonstate.edu/courses/2080857/modules/items/26982659,Area under curve: Rectangles,module_item,26982659,4,,,raw_html/00516-mth-252-linked-detail-area-under-curve-rectangles.html,text/00516-mth-252-linked-detail-area-under-curve-rectangles.txt,text/00516-mth-252-linked-detail-area-under-curve-rectangles.fulltext.txt,markdown/00516-mth-252-linked-detail-area-under-curve-rectangles.md,,metadata/00516-mth-252-linked-detail-area-under-curve-rectangles.json,7fa2c948490fdad2f8a8be8d28baeb5796718f0180e3edb3ab8334bc89de2db8,e53dee997b9f1d4342bc6567e4a1b68223fe73ca509e330118b6a2ea06729ce5,2026-06-26T21:23:04.416Z,1,28,2,0,0,0
00517-mth-252-linked-detail-indefinite-integral-example-4-exponential,2080857,MTH-252,linked_detail,linked_detail,https://canvas.oregonstate.edu/courses/2080857/modules/items/26982727,https://canvas.oregonstate.edu/courses/2080857/modules/items/26982727,"Indefinite integral: Example 4, exponential",module_item,26982727,4,,,raw_html/00517-mth-252-linked-detail-indefinite-integral-example-4-exponential.html,text/00517-mth-252-linked-detail-indefinite-integral-example-4-exponential.txt,text/00517-mth-252-linked-detail-indefinite-integral-example-4-exponential.fulltext.txt,markdown/00517-mth-252-linked-detail-indefinite-integral-example-4-exponential.md,,metadata/00517-mth-252-linked-detail-indefinite-integral-example-4-exponential.json,b632326b25c08e576f95cca8228fe5e7de1db9c517811c684cc9eb208834dd47,b08cf4076778c40eccbfd4e4561b616839e9d9c10ec2069b69a134b4c631a289,2026-06-26T21:23:06.466Z,1,30,2,0,0,0
00518-mth-252-linked-detail-trig-integrals-example-2-with-odd-power,2080857,MTH-252,linked_detail,linked_detail,https://canvas.oregonstate.edu/courses/2080857/modules/items/26982733,https://canvas.oregonstate.edu/courses/2080857/modules/items/26982733,Trig Integrals: Example 2 with ODD power,module_item,26982733,4,,,raw_html/00518-mth-252-linked-detail-trig-integrals-example-2-with-odd-power.html,text/00518-mth-252-linked-detail-trig-integrals-example-2-with-odd-power.txt,text/00518-mth-252-linked-detail-trig-integrals-example-2-with-odd-power.fulltext.txt,markdown/00518-mth-252-linked-detail-trig-integrals-example-2-with-odd-power.md,,metadata/00518-mth-252-linked-detail-trig-integrals-example-2-with-odd-power.json,09f360b2e7ff4fb2fb1b9019cb96b3636ec8ba8ee00ce973045291d430546c5e,7b795a03b659e3a0a7ecfbfc500146711919b5c21a79e89fe5e9c4d966d1d8e4,2026-06-26T21:23:08.729Z,1,30,2,0,0,0
00519-mth-252-linked-detail-indefinite-integral-example-3,2080857,MTH-252,linked_detail,linked_detail,https://canvas.oregonstate.edu/courses/2080857/modules/items/26982726,https://canvas.oregonstate.edu/courses/2080857/modules/items/26982726,Indefinite integral: Example 3,module_item,26982726,5,,,raw_html/00519-mth-252-linked-detail-indefinite-integral-example-3.html,text/00519-mth-252-linked-detail-indefinite-integral-example-3.txt,text/00519-mth-252-linked-detail-indefinite-integral-example-3.fulltext.txt,markdown/00519-mth-252-linked-detail-indefinite-integral-example-3.md,,metadata/00519-mth-252-linked-detail-indefinite-integral-example-3.json,1f08666aaad82b9f6b31567fbcadc20747af0cd286e41816026a873f8383abe7,f811ffa1fe4cd262b094b5f71f8b0e0356f4788d5b14b26029146679a430ce24,2026-06-26T21:23:11.516Z,1,30,2,0,0,0
00520-mth-252-linked-detail-trig-integrals-example-3-with-odd-power,2080857,MTH-252,linked_detail,linked_detail,https://canvas.oregonstate.edu/courses/2080857/modules/items/26982734,https://canvas.oregonstate.edu/courses/2080857/modules/items/26982734,Trig Integrals: Example 3 with ODD power,module_item,26982734,5,,,raw_html/00520-mth-252-linked-detail-trig-integrals-example-3-with-odd-power.html,text/00520-mth-252-linked-detail-trig-integrals-example-3-with-odd-power.txt,text/00520-mth-252-linked-detail-trig-integrals-example-3-with-odd-power.fulltext.txt,markdown/00520-mth-252-linked-detail-trig-integrals-example-3-with-odd-power.md,,metadata/00520-mth-252-linked-detail-trig-integrals-example-3-with-odd-power.json,64a8fd1b58db14cfab8b4e5e3ddb5c445407b5601ec064ad8eb059e524b4fdac,2bc14dc46c745893fa6ada4baee2aeab05df4735728a34fbaa208b5ef1fe323d,2026-06-26T21:23:13.467Z,1,30,2,0,0,0
00521-mth-252-linked-detail-indefinite-integral-example-2,2080857,MTH-252,linked_detail,linked_detail,https://canvas.oregonstate.edu/courses/2080857/modules/items/26982725,https://canvas.oregonstate.edu/courses/2080857/modules/items/26982725,Indefinite integral: Example 2,module_item,26982725,6,,,raw_html/00521-mth-252-linked-detail-indefinite-integral-example-2.html,text/00521-mth-252-linked-detail-indefinite-integral-example-2.txt,text/00521-mth-252-linked-detail-indefinite-integral-example-2.fulltext.txt,markdown/00521-mth-252-linked-detail-indefinite-integral-example-2.md,,metadata/00521-mth-252-linked-detail-indefinite-integral-example-2.json,d7d8a12999be833d0e3880aaddbcad61c53f7c62bc6f345b8791e2c53a4f22bb,823a8d21f2bccff2c81b2bca529f74c1bb863b81afbc3cfe60428d72d239f91d,2026-06-26T21:23:15.474Z,1,30,2,0,0,0
00522-mth-252-linked-detail-trig-integral-involving-secant,2080857,MTH-252,linked_detail,linked_detail,https://canvas.oregonstate.edu/courses/2080857/modules/items/26982735,https://canvas.oregonstate.edu/courses/2080857/modules/items/26982735,Trig integral involving secant,module_item,26982735,6,,,raw_html/00522-mth-252-linked-detail-trig-integral-involving-secant.html,text/00522-mth-252-linked-detail-trig-integral-involving-secant.txt,text/00522-mth-252-linked-detail-trig-integral-involving-secant.fulltext.txt,markdown/00522-mth-252-linked-detail-trig-integral-involving-secant.md,,metadata/00522-mth-252-linked-detail-trig-integral-involving-secant.json,0c103d2c8857a3ca74dc38884adcc5106b8a930f369899d5a6035eafd90ba5dd,e3feced0c263950c2f06d18b2ca9aec754ebf2a0ea0eb408ccbb93e1985bcf9b,2026-06-26T21:23:17.569Z,1,30,2,0,0,0
00523-mth-252-linked-detail-intro-integration-by-parts-example-1,2080857,MTH-252,linked_detail,linked_detail,https://canvas.oregonstate.edu/courses/2080857/modules/items/26982724,https://canvas.oregonstate.edu/courses/2080857/modules/items/26982724,Intro. Integration by Parts example 1,module_item,26982724,7,,,raw_html/00523-mth-252-linked-detail-intro-integration-by-parts-example-1.html,text/00523-mth-252-linked-detail-intro-integration-by-parts-example-1.txt,text/00523-mth-252-linked-detail-intro-integration-by-parts-example-1.fulltext.txt,markdown/00523-mth-252-linked-detail-intro-integration-by-parts-example-1.md,,metadata/00523-mth-252-linked-detail-intro-integration-by-parts-example-1.json,2afe85a1ca98346202b68c65832ef0acd6aebd71e5c89ccc11e8b443ef347e99,2226638a30ecfd5ebb7afcdbab7f6fd07c93ecfdab27f6ff7b4cfcbf67386e53,2026-06-26T21:23:19.474Z,1,30,2,0,0,0
00524-mth-252-linked-detail-trig-integrals-odd-power-of-tangent,2080857,MTH-252,linked_detail,linked_detail,https://canvas.oregonstate.edu/courses/2080857/modules/items/26982736,https://canvas.oregonstate.edu/courses/2080857/modules/items/26982736,Trig Integrals: ODD power of tangent,module_item,26982736,7,,,raw_html/00524-mth-252-linked-detail-trig-integrals-odd-power-of-tangent.html,text/00524-mth-252-linked-detail-trig-integrals-odd-power-of-tangent.txt,text/00524-mth-252-linked-detail-trig-integrals-odd-power-of-tangent.fulltext.txt,markdown/00524-mth-252-linked-detail-trig-integrals-odd-power-of-tangent.md,,metadata/00524-mth-252-linked-detail-trig-integrals-odd-power-of-tangent.json,0fb842ab36b244321313702bfe1caeadb8738a3715fc6ece9ef8c1168f4114cd,0cc531abff554c732451c4d872e143f6260ccd73da1d2cf6678ba1443eb4e225,2026-06-26T21:23:21.627Z,1,30,2,0,0,0
00525-mth-252-linked-detail-intro-indefinite-integral-continued,2080857,MTH-252,linked_detail,linked_detail,https://canvas.oregonstate.edu/courses/2080857/modules/items/26982723,https://canvas.oregonstate.edu/courses/2080857/modules/items/26982723,Intro. indefinite integral continued,module_item,26982723,8,,,raw_html/00525-mth-252-linked-detail-intro-indefinite-integral-continued.html,text/00525-mth-252-linked-detail-intro-indefinite-integral-continued.txt,text/00525-mth-252-linked-detail-intro-indefinite-integral-continued.fulltext.txt,markdown/00525-mth-252-linked-detail-intro-indefinite-integral-continued.md,,metadata/00525-mth-252-linked-detail-intro-indefinite-integral-continued.json,4cefddb2effaff8cfc11faf67b7fe85a7ba5b06fd39d619e07863e9af032ac25,1cd7cbb72fd495adc79b1b655323f548835cce62d9de0cc4d842e75a17d66480,2026-06-26T21:23:23.761Z,1,28,2,0,0,0
00526-mth-252-linked-detail-trig-integrals-power-reducing-example-1,2080857,MTH-252,linked_detail,linked_detail,https://canvas.oregonstate.edu/courses/2080857/modules/items/26982737,https://canvas.oregonstate.edu/courses/2080857/modules/items/26982737,Trig Integrals: Power reducing example 1,module_item,26982737,8,,,raw_html/00526-mth-252-linked-detail-trig-integrals-power-reducing-example-1.html,text/00526-mth-252-linked-detail-trig-integrals-power-reducing-example-1.txt,text/00526-mth-252-linked-detail-trig-integrals-power-reducing-example-1.fulltext.txt,markdown/00526-mth-252-linked-detail-trig-integrals-power-reducing-example-1.md,,metadata/00526-mth-252-linked-detail-trig-integrals-power-reducing-example-1.json,6109b35fbd413970e52b982c2e918c68c026266548d8ffcb40554c657a31d3f2,9a9920aa40afb4ba9da3e85b39e37ad2035090a7e4397a17b320b4708ede5246,2026-06-26T21:23:25.769Z,1,30,2,0,0,0
00527-mth-252-linked-detail-trig-integrals-all-even-exponents,2080857,MTH-252,linked_detail,linked_detail,https://canvas.oregonstate.edu/courses/2080857/modules/items/26982738,https://canvas.oregonstate.edu/courses/2080857/modules/items/26982738,Trig Integrals: All EVEN exponents,module_item,26982738,9,,,raw_html/00527-mth-252-linked-detail-trig-integrals-all-even-exponents.html,text/00527-mth-252-linked-detail-trig-integrals-all-even-exponents.txt,text/00527-mth-252-linked-detail-trig-integrals-all-even-exponents.fulltext.txt,markdown/00527-mth-252-linked-detail-trig-integrals-all-even-exponents.md,,metadata/00527-mth-252-linked-detail-trig-integrals-all-even-exponents.json,d78a68d7fc4ebb7c448513b6c9776ddc217355aaf61220424bec1fa7334eeb32,be1ad897e7f34fd429a4f514358e1a5b95032e7aaebcf32d81cae25faef33729,2026-06-26T21:23:28.014Z,1,30,2,0,0,0
00528-mth-252-linked-detail-intro-trig-substitution-1,2080857,MTH-252,linked_detail,linked_detail,https://canvas.oregonstate.edu/courses/2080857/modules/items/26982739,https://canvas.oregonstate.edu/courses/2080857/modules/items/26982739,Intro. Trig substitution 1,module_item,26982739,10,,,raw_html/00528-mth-252-linked-detail-intro-trig-substitution-1.html,text/00528-mth-252-linked-detail-intro-trig-substitution-1.txt,text/00528-mth-252-linked-detail-intro-trig-substitution-1.fulltext.txt,markdown/00528-mth-252-linked-detail-intro-trig-substitution-1.md,,metadata/00528-mth-252-linked-detail-intro-trig-substitution-1.json,71bb87d8fdc61fe4d62279d6724388189fb55facc9414d958b3fadcae4fa53f1,9b60748957ad0cf87d262d68883eae06e28992b917b4faf61d8dd86273818bb3,2026-06-26T21:23:30.265Z,1,30,2,0,0,0
00529-mth-252-linked-detail-intro-trigonometric-substitution-continued,2080857,MTH-252,linked_detail,linked_detail,https://canvas.oregonstate.edu/courses/2080857/modules/items/26982740,https://canvas.oregonstate.edu/courses/2080857/modules/items/26982740,Intro. Trigonometric Substitution continued,module_item,26982740,11,,,raw_html/00529-mth-252-linked-detail-intro-trigonometric-substitution-continued.html,text/00529-mth-252-linked-detail-intro-trigonometric-substitution-continued.txt,text/00529-mth-252-linked-detail-intro-trigonometric-substitution-continued.fulltext.txt,markdown/00529-mth-252-linked-detail-intro-trigonometric-substitution-continued.md,,metadata/00529-mth-252-linked-detail-intro-trigonometric-substitution-continued.json,15e488e8c8b9c7a5fd17904dd4fd5b94175f054161e9e605b49356a20e31318c,df2ca9c1b1a243d46cd9aa5264f0b50e16591461f0756dc00d7120f00afdea22,2026-06-26T21:23:32.270Z,1,30,2,0,0,0
00530-mth-252-linked-detail-intro-trig-substitution-2,2080857,MTH-252,linked_detail,linked_detail,https://canvas.oregonstate.edu/courses/2080857/modules/items/26982741,https://canvas.oregonstate.edu/courses/2080857/modules/items/26982741,Intro. Trig substitution 2,module_item,26982741,12,,,raw_html/00530-mth-252-linked-detail-intro-trig-substitution-2.html,text/00530-mth-252-linked-detail-intro-trig-substitution-2.txt,text/00530-mth-252-linked-detail-intro-trig-substitution-2.fulltext.txt,markdown/00530-mth-252-linked-detail-intro-trig-substitution-2.md,,metadata/00530-mth-252-linked-detail-intro-trig-substitution-2.json,7ffc138f846bb6fb458da30d4f3f9e92b1babd8479b582d772fa16ac8c3993fb,168ab698ef0892c06c12780426f168f2aca5601159ce1429eb61d1eb6fe70356,2026-06-26T21:23:34.214Z,1,30,2,0,0,0
00531-mth-252-linked-detail-trig-substitution-example-3,2080857,MTH-252,linked_detail,linked_detail,https://canvas.oregonstate.edu/courses/2080857/modules/items/26982742,https://canvas.oregonstate.edu/courses/2080857/modules/items/26982742,Trig substitution example 3,module_item,26982742,13,,,raw_html/00531-mth-252-linked-detail-trig-substitution-example-3.html,text/00531-mth-252-linked-detail-trig-substitution-example-3.txt,text/00531-mth-252-linked-detail-trig-substitution-example-3.fulltext.txt,markdown/00531-mth-252-linked-detail-trig-substitution-example-3.md,,metadata/00531-mth-252-linked-detail-trig-substitution-example-3.json,d2a9bb6ea52bba097a9f75ed6c77278af3145e7b57cc8a605c4f46b3c4fb564e,48f2faa28bd40c08f153d52dec591b98a9379ea792233015a37406cd6d4124e2,2026-06-26T21:23:36.167Z,1,30,2,0,0,0
00532-mth-252-linked-detail-trig-substitution-example-4,2080857,MTH-252,linked_detail,linked_detail,https://canvas.oregonstate.edu/courses/2080857/modules/items/26982743,https://canvas.oregonstate.edu/courses/2080857/modules/items/26982743,Trig substitution example 4,module_item,26982743,14,,,raw_html/00532-mth-252-linked-detail-trig-substitution-example-4.html,text/00532-mth-252-linked-detail-trig-substitution-example-4.txt,text/00532-mth-252-linked-detail-trig-substitution-example-4.fulltext.txt,markdown/00532-mth-252-linked-detail-trig-substitution-example-4.md,,metadata/00532-mth-252-linked-detail-trig-substitution-example-4.json,b345ee99e7265c832ec7a9c98988c97b07f6afb89464c9444d5a06d4a1392558,868f6277f20c05256cd1e74d0fcb02e57d8198106dcbdc98f1511e704392a360,2026-06-26T21:23:38.118Z,1,30,2,0,0,0
00533-mth-252-linked-detail-trig-substitution-example-5,2080857,MTH-252,linked_detail,linked_detail,https://canvas.oregonstate.edu/courses/2080857/modules/items/26982744,https://canvas.oregonstate.edu/courses/2080857/modules/items/26982744,Trig substitution example 5,module_item,26982744,15,,,raw_html/00533-mth-252-linked-detail-trig-substitution-example-5.html,text/00533-mth-252-linked-detail-trig-substitution-example-5.txt,text/00533-mth-252-linked-detail-trig-substitution-example-5.fulltext.txt,markdown/00533-mth-252-linked-detail-trig-substitution-example-5.md,,metadata/00533-mth-252-linked-detail-trig-substitution-example-5.json,da247fdebcddf5a61b8df9ea1b5099fd22fcf7ebaac6adfed269df06d2d2f90a,04e6e37ed6850d66a569d420399b79aa734a854b40fa1f306194be15c26cb278,2026-06-26T21:23:40.016Z,1,30,2,0,0,0
00534-mth-252-linked-detail-trig-substitution-with-secant,2080857,MTH-252,linked_detail,linked_detail,https://canvas.oregonstate.edu/courses/2080857/modules/items/26982745,https://canvas.oregonstate.edu/courses/2080857/modules/items/26982745,Trig substitution with secant,module_item,26982745,16,,,raw_html/00534-mth-252-linked-detail-trig-substitution-with-secant.html,text/00534-mth-252-linked-detail-trig-substitution-with-secant.txt,text/00534-mth-252-linked-detail-trig-substitution-with-secant.fulltext.txt,markdown/00534-mth-252-linked-detail-trig-substitution-with-secant.md,,metadata/00534-mth-252-linked-detail-trig-substitution-with-secant.json,fdbe053b8d589e8bb93448a12ee7dd217a65e7c86b7c4d9c0f7202979745698a,014cb6e0dda3218f4380a6d15ae3340597523c76422f9a0c5f9ca1544c363c66,2026-06-26T21:23:41.916Z,1,30,2,0,0,0
00535-mth-252-linked-detail-trig-substitution-with-definite-integral,2080857,MTH-252,linked_detail,linked_detail,https://canvas.oregonstate.edu/courses/2080857/modules/items/26982746,https://canvas.oregonstate.edu/courses/2080857/modules/items/26982746,Trig substitution with definite integral,module_item,26982746,17,,,raw_html/00535-mth-252-linked-detail-trig-substitution-with-definite-integral.html,text/00535-mth-252-linked-detail-trig-substitution-with-definite-integral.txt,text/00535-mth-252-linked-detail-trig-substitution-with-definite-integral.fulltext.txt,markdown/00535-mth-252-linked-detail-trig-substitution-with-definite-integral.md,,metadata/00535-mth-252-linked-detail-trig-substitution-with-definite-integral.json,2043bd46c87ec0ac77808355b2a8c5398adc809455dd646ea2d4f7c21d6a8a8d,37976ef9fc8b6acbc66854046d75861713516cfdd076d25164ead4badac1be35,2026-06-26T21:23:43.764Z,1,30,2,0,0,0
00536-mth-252-linked-detail-integration-using-long-division,2080857,MTH-252,linked_detail,linked_detail,https://canvas.oregonstate.edu/courses/2080857/modules/items/26982747,https://canvas.oregonstate.edu/courses/2080857/modules/items/26982747,Integration using long division,module_item,26982747,18,,,raw_html/00536-mth-252-linked-detail-integration-using-long-division.html,text/00536-mth-252-linked-detail-integration-using-long-division.txt,text/00536-mth-252-linked-detail-integration-using-long-division.fulltext.txt,markdown/00536-mth-252-linked-detail-integration-using-long-division.md,,metadata/00536-mth-252-linked-detail-integration-using-long-division.json,b9afcc42fb1f5380ccc6fc1888b85372c87104e5666091aa1e22551d44d58515,2c5324f80097f1f627540cc4fe976f26deadfb1fd8ff16d4fdb0c9492742cbfc,2026-06-26T21:23:45.622Z,1,30,2,0,0,0
00537-mth-252-linked-detail-intro-partial-fraction-decomposition-pfd,2080857,MTH-252,linked_detail,linked_detail,https://canvas.oregonstate.edu/courses/2080857/modules/items/26982748,https://canvas.oregonstate.edu/courses/2080857/modules/items/26982748,Intro. Partial fraction decomposition (PFD),module_item,26982748,19,,,raw_html/00537-mth-252-linked-detail-intro-partial-fraction-decomposition-pfd.html,text/00537-mth-252-linked-detail-intro-partial-fraction-decomposition-pfd.txt,text/00537-mth-252-linked-detail-intro-partial-fraction-decomposition-pfd.fulltext.txt,markdown/00537-mth-252-linked-detail-intro-partial-fraction-decomposition-pfd.md,,metadata/00537-mth-252-linked-detail-intro-partial-fraction-decomposition-pfd.json,30eb6fbf843e66e39a5d0591bf5249c9ed28949784b7a6440131429240309448,95551845a91c68c12e638f4d8a952b0243ba4418239e3f054d957d5a1925e8b8,2026-06-26T21:23:47.471Z,1,30,2,0,0,0
00538-mth-252-linked-detail-pfd-example-2,2080857,MTH-252,linked_detail,linked_detail,https://canvas.oregonstate.edu/courses/2080857/modules/items/26982749,https://canvas.oregonstate.edu/courses/2080857/modules/items/26982749,PFD example 2,module_item,26982749,20,,,raw_html/00538-mth-252-linked-detail-pfd-example-2.html,text/00538-mth-252-linked-detail-pfd-example-2.txt,text/00538-mth-252-linked-detail-pfd-example-2.fulltext.txt,markdown/00538-mth-252-linked-detail-pfd-example-2.md,,metadata/00538-mth-252-linked-detail-pfd-example-2.json,46ba580da50e3560292c917771a4bbb7d2cb9ab9b31107ffc085e72eeaa1b222,be00fe3c6176fadcaeeacebd44d02aa039fcffb192336da96f140f0a61eed583,2026-06-26T21:23:49.464Z,1,30,2,0,0,0
00539-mth-252-linked-detail-pfd-degree-2-3,2080857,MTH-252,linked_detail,linked_detail,https://canvas.oregonstate.edu/courses/2080857/modules/items/26982750,https://canvas.oregonstate.edu/courses/2080857/modules/items/26982750,PFD degree 2/3,module_item,26982750,21,,,raw_html/00539-mth-252-linked-detail-pfd-degree-2-3.html,text/00539-mth-252-linked-detail-pfd-degree-2-3.txt,text/00539-mth-252-linked-detail-pfd-degree-2-3.fulltext.txt,markdown/00539-mth-252-linked-detail-pfd-degree-2-3.md,,metadata/00539-mth-252-linked-detail-pfd-degree-2-3.json,8585ef82e116f95821c3d3ba8cf4c0e6ad5682180f67d6a92caf1fc6b64c9aa1,520aea4f901bcdca7ddc723504ba08572c0f2b8e916fcc777fef2372dfc8aa40,2026-06-26T21:23:51.319Z,1,30,2,0,0,0
00540-mth-252-linked-detail-intro-integration-with-pfd,2080857,MTH-252,linked_detail,linked_detail,https://canvas.oregonstate.edu/courses/2080857/modules/items/26982751,https://canvas.oregonstate.edu/courses/2080857/modules/items/26982751,Intro. Integration with PFD,module_item,26982751,22,,,raw_html/00540-mth-252-linked-detail-intro-integration-with-pfd.html,text/00540-mth-252-linked-detail-intro-integration-with-pfd.txt,text/00540-mth-252-linked-detail-intro-integration-with-pfd.fulltext.txt,markdown/00540-mth-252-linked-detail-intro-integration-with-pfd.md,,metadata/00540-mth-252-linked-detail-intro-integration-with-pfd.json,0e1ba2a4270423fdc22dc74256c4bc15b47bef297032e14dcd54dec35ac234f4,fa7b914d8115928ae71db6ea687be41af52371fadf6d72898fe2cb22c8893761,2026-06-26T21:23:53.312Z,1,30,2,0,0,0
00541-mth-252-linked-detail-integration-with-pfd,2080857,MTH-252,linked_detail,linked_detail,https://canvas.oregonstate.edu/courses/2080857/modules/items/26982752,https://canvas.oregonstate.edu/courses/2080857/modules/items/26982752,Integration with PFD,module_item,26982752,23,,,raw_html/00541-mth-252-linked-detail-integration-with-pfd.html,text/00541-mth-252-linked-detail-integration-with-pfd.txt,text/00541-mth-252-linked-detail-integration-with-pfd.fulltext.txt,markdown/00541-mth-252-linked-detail-integration-with-pfd.md,,metadata/00541-mth-252-linked-detail-integration-with-pfd.json,e41abf928a8093d41f40e1814b7be55eda3df27a625b998bf7afafb23d28bb38,ad1cbf4e739104a0e6f7eb57b3bd02427530bca9f8d8eb12d712992a853b9af6,2026-06-26T21:23:55.122Z,1,30,2,0,0,0
00542-mth-252-linked-detail-integration-with-long-division,2080857,MTH-252,linked_detail,linked_detail,https://canvas.oregonstate.edu/courses/2080857/modules/items/26982753,https://canvas.oregonstate.edu/courses/2080857/modules/items/26982753,Integration with long division,module_item,26982753,24,,,raw_html/00542-mth-252-linked-detail-integration-with-long-division.html,text/00542-mth-252-linked-detail-integration-with-long-division.txt,text/00542-mth-252-linked-detail-integration-with-long-division.fulltext.txt,markdown/00542-mth-252-linked-detail-integration-with-long-division.md,,metadata/00542-mth-252-linked-detail-integration-with-long-division.json,5439aee4040228bb3e43bc357c58fa3cac669eaf9586bd80b608f2465c9e7ad0,645dfb55c1d1ab14dddfdff74ecb35f6688886222917fab9992ee1508f4d481c,2026-06-26T21:23:56.957Z,1,30,2,0,0,0
00543-mth-252-linked-detail-intro-area-between-curves,2080857,MTH-252,linked_detail,linked_detail,https://canvas.oregonstate.edu/courses/2080857/modules/items/26982754,https://canvas.oregonstate.edu/courses/2080857/modules/items/26982754,Intro. Area between curves,module_item,26982754,25,,,raw_html/00543-mth-252-linked-detail-intro-area-between-curves.html,text/00543-mth-252-linked-detail-intro-area-between-curves.txt,text/00543-mth-252-linked-detail-intro-area-between-curves.fulltext.txt,markdown/00543-mth-252-linked-detail-intro-area-between-curves.md,,metadata/00543-mth-252-linked-detail-intro-area-between-curves.json,311df05a4401abad32468c7b30e637e23973fcfaca30b8cbdf1ab26769829576,3add2fef955ebd87dc70edc75bb1459980ba511123661e4c419aa1ce48854916,2026-06-26T21:23:58.865Z,1,30,2,0,0,0
00544-mth-252-linked-detail-area-between-curves-2,2080857,MTH-252,linked_detail,linked_detail,https://canvas.oregonstate.edu/courses/2080857/modules/items/26982755,https://canvas.oregonstate.edu/courses/2080857/modules/items/26982755,Area between curves 2,module_item,26982755,26,,,raw_html/00544-mth-252-linked-detail-area-between-curves-2.html,text/00544-mth-252-linked-detail-area-between-curves-2.txt,text/00544-mth-252-linked-detail-area-between-curves-2.fulltext.txt,markdown/00544-mth-252-linked-detail-area-between-curves-2.md,,metadata/00544-mth-252-linked-detail-area-between-curves-2.json,a53481b6405a68ee3f10514d86db71330cdc610a457e21d84a6537343b238bac,3dccf714a5f533e9740836ee9a86c189090e18c622222730926ee7ce190c79d6,2026-06-26T21:24:00.815Z,1,30,2,0,0,0
00545-mth-252-linked-detail-area-between-curves-3,2080857,MTH-252,linked_detail,linked_detail,https://canvas.oregonstate.edu/courses/2080857/modules/items/26982756,https://canvas.oregonstate.edu/courses/2080857/modules/items/26982756,Area between curves 3,module_item,26982756,27,,,raw_html/00545-mth-252-linked-detail-area-between-curves-3.html,text/00545-mth-252-linked-detail-area-between-curves-3.txt,text/00545-mth-252-linked-detail-area-between-curves-3.fulltext.txt,markdown/00545-mth-252-linked-detail-area-between-curves-3.md,,metadata/00545-mth-252-linked-detail-area-between-curves-3.json,ff37c096c198410310a74b524bb7d0fd070cf08831b0c306dd47460382cac840,aa4641b83e26963c6acf4f8ec293466ee20110ba39488ea2a4cdcafd7aa81b58,2026-06-26T21:24:02.613Z,1,30,2,0,0,0
00546-mth-252-linked-detail-area-between-curves-4,2080857,MTH-252,linked_detail,linked_detail,https://canvas.oregonstate.edu/courses/2080857/modules/items/26982757,https://canvas.oregonstate.edu/courses/2080857/modules/items/26982757,Area between curves 4,module_item,26982757,28,,,raw_html/00546-mth-252-linked-detail-area-between-curves-4.html,text/00546-mth-252-linked-detail-area-between-curves-4.txt,text/00546-mth-252-linked-detail-area-between-curves-4.fulltext.txt,markdown/00546-mth-252-linked-detail-area-between-curves-4.md,,metadata/00546-mth-252-linked-detail-area-between-curves-4.json,1a346315d8e3544904dea7a36a6ff6357c7bd594b3c43949caf32e25f73ce110,3e9d158ca991d4cd94a9e0dadebcc655d0dd7174065b9453b23f5568c449908e,2026-06-26T21:24:04.568Z,1,30,2,0,0,0
00547-mth-252-linked-detail-area-between-curves-respect-to-y,2080857,MTH-252,linked_detail,linked_detail,https://canvas.oregonstate.edu/courses/2080857/modules/items/26982758,https://canvas.oregonstate.edu/courses/2080857/modules/items/26982758,"Area between curves , respect to y",module_item,26982758,29,,,raw_html/00547-mth-252-linked-detail-area-between-curves-respect-to-y.html,text/00547-mth-252-linked-detail-area-between-curves-respect-to-y.txt,text/00547-mth-252-linked-detail-area-between-curves-respect-to-y.fulltext.txt,markdown/00547-mth-252-linked-detail-area-between-curves-respect-to-y.md,,metadata/00547-mth-252-linked-detail-area-between-curves-respect-to-y.json,7acf77436401677a6facc5d984e5afe7d64c406ee1549e97b8e47bd7009de20b,9596c13323198fa3fae8e28f42747a10a8d5db851260b88dc47fd68bdeb028d6,2026-06-26T21:24:06.458Z,1,30,2,0,0,0
00548-mth-252-linked-detail-intro-volume-by-slicing,2080857,MTH-252,linked_detail,linked_detail,https://canvas.oregonstate.edu/courses/2080857/modules/items/26982759,https://canvas.oregonstate.edu/courses/2080857/modules/items/26982759,Intro. volume by slicing,module_item,26982759,30,,,raw_html/00548-mth-252-linked-detail-intro-volume-by-slicing.html,text/00548-mth-252-linked-detail-intro-volume-by-slicing.txt,text/00548-mth-252-linked-detail-intro-volume-by-slicing.fulltext.txt,markdown/00548-mth-252-linked-detail-intro-volume-by-slicing.md,,metadata/00548-mth-252-linked-detail-intro-volume-by-slicing.json,d941deb327f847d6053b7e705bb734f2541c3975cf9a3197a5cc970046a29364,40c61fc43195c2105c03dcddb0cfcb8f0b5fad8c5390a387efdb2e3ca37f4903,2026-06-26T21:24:08.368Z,1,30,2,0,0,0
00549-mth-252-linked-detail-volume-by-slicing-2,2080857,MTH-252,linked_detail,linked_detail,https://canvas.oregonstate.edu/courses/2080857/modules/items/26982760,https://canvas.oregonstate.edu/courses/2080857/modules/items/26982760,Volume by slicing 2,module_item,26982760,31,,,raw_html/00549-mth-252-linked-detail-volume-by-slicing-2.html,text/00549-mth-252-linked-detail-volume-by-slicing-2.txt,text/00549-mth-252-linked-detail-volume-by-slicing-2.fulltext.txt,markdown/00549-mth-252-linked-detail-volume-by-slicing-2.md,,metadata/00549-mth-252-linked-detail-volume-by-slicing-2.json,3c892f3f7bade3d59606aef8e8c9919bc02275424d3ff1c97d0f6cae14b221fa,05106dc0c4d207d50627b9674c8a16d27738aa7222a904ca34f3775e3ec7d546,2026-06-26T21:24:10.270Z,1,30,2,0,0,0
00550-mth-252-linked-detail-disk-method-1,2080857,MTH-252,linked_detail,linked_detail,https://canvas.oregonstate.edu/courses/2080857/modules/items/26982761,https://canvas.oregonstate.edu/courses/2080857/modules/items/26982761,Disk method 1,module_item,26982761,32,,,raw_html/00550-mth-252-linked-detail-disk-method-1.html,text/00550-mth-252-linked-detail-disk-method-1.txt,text/00550-mth-252-linked-detail-disk-method-1.fulltext.txt,markdown/00550-mth-252-linked-detail-disk-method-1.md,,metadata/00550-mth-252-linked-detail-disk-method-1.json,09dfca5583c709a6cc3bc84cd7994dcd0581323908416a82d73cec98be811a69,14e71e090ba7d9bde3dc561ce1997d92d18dffe1654a566dec72c7c63b5a568b,2026-06-26T21:24:12.119Z,1,30,2,0,0,0
00551-mth-252-linked-detail-disk-method-2,2080857,MTH-252,linked_detail,linked_detail,https://canvas.oregonstate.edu/courses/2080857/modules/items/26982762,https://canvas.oregonstate.edu/courses/2080857/modules/items/26982762,Disk method 2,module_item,26982762,33,,,raw_html/00551-mth-252-linked-detail-disk-method-2.html,text/00551-mth-252-linked-detail-disk-method-2.txt,text/00551-mth-252-linked-detail-disk-method-2.fulltext.txt,markdown/00551-mth-252-linked-detail-disk-method-2.md,,metadata/00551-mth-252-linked-detail-disk-method-2.json,b45f460a74752314cbaa44e751be8c776711955bea143dc8324a8984b4e07fa1,2b395f6da4806758b22383e58e5fb343a8b7c4967d65b67d5a04b6b5c619e353,2026-06-26T21:24:14.012Z,1,30,2,0,0,0
00552-mth-252-linked-detail-disk-method-3,2080857,MTH-252,linked_detail,linked_detail,https://canvas.oregonstate.edu/courses/2080857/modules/items/26982763,https://canvas.oregonstate.edu/courses/2080857/modules/items/26982763,Disk method 3,module_item,26982763,34,,,raw_html/00552-mth-252-linked-detail-disk-method-3.html,text/00552-mth-252-linked-detail-disk-method-3.txt,text/00552-mth-252-linked-detail-disk-method-3.fulltext.txt,markdown/00552-mth-252-linked-detail-disk-method-3.md,,metadata/00552-mth-252-linked-detail-disk-method-3.json,39de985b3170cbb7286378d0a10c881122b2fee875f617e32125ace2ef9a9f36,608620337038a1421bcaf4534038d3a7451b255a471b20d587eef5b75fb9d06d,2026-06-26T21:24:15.917Z,1,30,2,0,0,0
00553-mth-252-linked-detail-disc-method-around-y-1,2080857,MTH-252,linked_detail,linked_detail,https://canvas.oregonstate.edu/courses/2080857/modules/items/26982764,https://canvas.oregonstate.edu/courses/2080857/modules/items/26982764,Disc method around y=1,module_item,26982764,35,,,raw_html/00553-mth-252-linked-detail-disc-method-around-y-1.html,text/00553-mth-252-linked-detail-disc-method-around-y-1.txt,text/00553-mth-252-linked-detail-disc-method-around-y-1.fulltext.txt,markdown/00553-mth-252-linked-detail-disc-method-around-y-1.md,,metadata/00553-mth-252-linked-detail-disc-method-around-y-1.json,d1d1ac0cd8afa13ba496876612946e7c76a0f2b0e41fcaee5622518edd700b60,102b589206a204dcd78a8d8c76d6fb93584230f0a06110b7b13152982148704d,2026-06-26T21:24:17.999Z,1,30,2,0,0,0
00554-mth-252-linked-detail-washer-method-1,2080857,MTH-252,linked_detail,linked_detail,https://canvas.oregonstate.edu/courses/2080857/modules/items/26982765,https://canvas.oregonstate.edu/courses/2080857/modules/items/26982765,Washer method 1,module_item,26982765,36,,,raw_html/00554-mth-252-linked-detail-washer-method-1.html,text/00554-mth-252-linked-detail-washer-method-1.txt,text/00554-mth-252-linked-detail-washer-method-1.fulltext.txt,markdown/00554-mth-252-linked-detail-washer-method-1.md,,metadata/00554-mth-252-linked-detail-washer-method-1.json,4d1539289967216ebbcd89a8a5d90a7a1248c6776043fab592446529ffad2474,55845fba6316c107b66ce0fb9eaf0cab07d8e2de68b7de1367d55c327785c476,2026-06-26T21:24:19.924Z,1,30,2,0,0,0
00555-mth-252-linked-detail-washer-method-2-around-y-3,2080857,MTH-252,linked_detail,linked_detail,https://canvas.oregonstate.edu/courses/2080857/modules/items/26982766,https://canvas.oregonstate.edu/courses/2080857/modules/items/26982766,"Washer method 2, around y=3",module_item,26982766,37,,,raw_html/00555-mth-252-linked-detail-washer-method-2-around-y-3.html,text/00555-mth-252-linked-detail-washer-method-2-around-y-3.txt,text/00555-mth-252-linked-detail-washer-method-2-around-y-3.fulltext.txt,markdown/00555-mth-252-linked-detail-washer-method-2-around-y-3.md,,metadata/00555-mth-252-linked-detail-washer-method-2-around-y-3.json,cf86088e38c89996c0eb5a8be62af511d82d37701e11525ee7ec5594e15ff63c,64178e1ad4d5505aa52c4daf9354403ae0f401661c954952961bbd9141d603ce,2026-06-26T21:24:21.923Z,1,30,2,0,0,0
00556-mth-252-linked-detail-washer-method-3-around-x-5,2080857,MTH-252,linked_detail,linked_detail,https://canvas.oregonstate.edu/courses/2080857/modules/items/26982767,https://canvas.oregonstate.edu/courses/2080857/modules/items/26982767,"Washer method 3, around x=5",module_item,26982767,38,,,raw_html/00556-mth-252-linked-detail-washer-method-3-around-x-5.html,text/00556-mth-252-linked-detail-washer-method-3-around-x-5.txt,text/00556-mth-252-linked-detail-washer-method-3-around-x-5.fulltext.txt,markdown/00556-mth-252-linked-detail-washer-method-3-around-x-5.md,,metadata/00556-mth-252-linked-detail-washer-method-3-around-x-5.json,b75b6d70c15ff849a8406204e2fb3e405738192e5c33d6ed4104f151606a9883,0c1ae0e4451c91ff12dca3b2d094a14cb6ede670d74ed5110ca7cc718ec475fa,2026-06-26T21:24:23.864Z,1,30,2,0,0,0
00557-mth-252-linked-detail-intro-shell-method,2080857,MTH-252,linked_detail,linked_detail,https://canvas.oregonstate.edu/courses/2080857/modules/items/26982768,https://canvas.oregonstate.edu/courses/2080857/modules/items/26982768,Intro. shell method,module_item,26982768,39,,,raw_html/00557-mth-252-linked-detail-intro-shell-method.html,text/00557-mth-252-linked-detail-intro-shell-method.txt,text/00557-mth-252-linked-detail-intro-shell-method.fulltext.txt,markdown/00557-mth-252-linked-detail-intro-shell-method.md,,metadata/00557-mth-252-linked-detail-intro-shell-method.json,cdd49554d1fd96a2ddd41a31d5962be9fba0bdfdff5f5bb89c666e81211660b3,53a0ea3d048bb5b614951620006e7a09ce760656396d5b2f0cb912091ffef892,2026-06-26T21:24:25.615Z,1,30,2,0,0,0
00558-mth-252-linked-detail-shell-method-2,2080857,MTH-252,linked_detail,linked_detail,https://canvas.oregonstate.edu/courses/2080857/modules/items/26982769,https://canvas.oregonstate.edu/courses/2080857/modules/items/26982769,Shell method 2,module_item,26982769,40,,,raw_html/00558-mth-252-linked-detail-shell-method-2.html,text/00558-mth-252-linked-detail-shell-method-2.txt,text/00558-mth-252-linked-detail-shell-method-2.fulltext.txt,markdown/00558-mth-252-linked-detail-shell-method-2.md,,metadata/00558-mth-252-linked-detail-shell-method-2.json,4637a17d16b1248e36da2bd790f86967d067cf7b40f65cc8bae6d4fe2d0baaca,2e365ef94b69bf5cc2fe6d9c577274766a45bdc007a6a5368c2cb1cd49d0fed6,2026-06-26T21:24:27.518Z,1,30,2,0,0,0
00559-mth-252-linked-detail-shell-method-3,2080857,MTH-252,linked_detail,linked_detail,https://canvas.oregonstate.edu/courses/2080857/modules/items/26982770,https://canvas.oregonstate.edu/courses/2080857/modules/items/26982770,Shell method 3,module_item,26982770,41,,,raw_html/00559-mth-252-linked-detail-shell-method-3.html,text/00559-mth-252-linked-detail-shell-method-3.txt,text/00559-mth-252-linked-detail-shell-method-3.fulltext.txt,markdown/00559-mth-252-linked-detail-shell-method-3.md,,metadata/00559-mth-252-linked-detail-shell-method-3.json,867af5235e121fc09975823264b85beca89036d3d07eea9d25e3fc39d8e68b5a,bd261a0ac7bfef80e29da4cd33338bdbd3db01d8f4cb363eba0e5e228a8864b5,2026-06-26T21:24:29.350Z,1,30,2,0,0,0
00560-mth-252-linked-detail-shell-method-4-around-y-axis,2080857,MTH-252,linked_detail,linked_detail,https://canvas.oregonstate.edu/courses/2080857/modules/items/26982771,https://canvas.oregonstate.edu/courses/2080857/modules/items/26982771,Shell method 4 around y-axis,module_item,26982771,42,,,raw_html/00560-mth-252-linked-detail-shell-method-4-around-y-axis.html,text/00560-mth-252-linked-detail-shell-method-4-around-y-axis.txt,text/00560-mth-252-linked-detail-shell-method-4-around-y-axis.fulltext.txt,markdown/00560-mth-252-linked-detail-shell-method-4-around-y-axis.md,,metadata/00560-mth-252-linked-detail-shell-method-4-around-y-axis.json,25b6d973625b65ab862145411a8b6aa2348d7e8a21048490a0e52be029af3253,acf77a27b7066310577ba26d5b61c5db8d6b8d956043a0105b4b96d8068309ae,2026-06-26T21:24:31.149Z,1,30,2,0,0,0
00561-mth-252-linked-detail-shell-method-around-x-4,2080857,MTH-252,linked_detail,linked_detail,https://canvas.oregonstate.edu/courses/2080857/modules/items/26982772,https://canvas.oregonstate.edu/courses/2080857/modules/items/26982772,Shell method around x=4,module_item,26982772,43,,,raw_html/00561-mth-252-linked-detail-shell-method-around-x-4.html,text/00561-mth-252-linked-detail-shell-method-around-x-4.txt,text/00561-mth-252-linked-detail-shell-method-around-x-4.fulltext.txt,markdown/00561-mth-252-linked-detail-shell-method-around-x-4.md,,metadata/00561-mth-252-linked-detail-shell-method-around-x-4.json,59ef64f3b83973345d8c1871736db0abf98ad8bb6111b0111236a4f8b341d6cf,9d69bbffd69d030960bb848cb967c9bfe514aa88c088cd3b9dc01382879c18b6,2026-06-26T21:24:33.063Z,1,30,2,0,0,0
00562-mth-252-linked-detail-arc-length-1,2080857,MTH-252,linked_detail,linked_detail,https://canvas.oregonstate.edu/courses/2080857/modules/items/26982773,https://canvas.oregonstate.edu/courses/2080857/modules/items/26982773,Arc length 1,module_item,26982773,44,,,raw_html/00562-mth-252-linked-detail-arc-length-1.html,text/00562-mth-252-linked-detail-arc-length-1.txt,text/00562-mth-252-linked-detail-arc-length-1.fulltext.txt,markdown/00562-mth-252-linked-detail-arc-length-1.md,,metadata/00562-mth-252-linked-detail-arc-length-1.json,bfab9313df302ccfa16ca4795c4fa7d8059a09d455e872f40287c1ecfbb9e5bf,5bd481841e0e278cb7cc48056432d794185d2c443dce72224c39b1f8d03571eb,2026-06-26T21:24:34.921Z,1,30,2,0,0,0
00563-mth-252-linked-detail-arc-length-1-continued,2080857,MTH-252,linked_detail,linked_detail,https://canvas.oregonstate.edu/courses/2080857/modules/items/26982774,https://canvas.oregonstate.edu/courses/2080857/modules/items/26982774,Arc length 1 continued,module_item,26982774,45,,,raw_html/00563-mth-252-linked-detail-arc-length-1-continued.html,text/00563-mth-252-linked-detail-arc-length-1-continued.txt,text/00563-mth-252-linked-detail-arc-length-1-continued.fulltext.txt,markdown/00563-mth-252-linked-detail-arc-length-1-continued.md,,metadata/00563-mth-252-linked-detail-arc-length-1-continued.json,ae7519c7ed7b6af0f2e741bdb3b5b13f1a7adb0ff5f541271d09ccd99ed1a8b2,a8fb9a63a032380ceecaf34798a5cce60bbc5d6b497deaee8d4c50628e321a7d,2026-06-26T21:24:36.818Z,1,30,2,0,0,0
00564-mth-252-linked-detail-arc-length-2,2080857,MTH-252,linked_detail,linked_detail,https://canvas.oregonstate.edu/courses/2080857/modules/items/26982775,https://canvas.oregonstate.edu/courses/2080857/modules/items/26982775,Arc length 2,module_item,26982775,46,,,raw_html/00564-mth-252-linked-detail-arc-length-2.html,text/00564-mth-252-linked-detail-arc-length-2.txt,text/00564-mth-252-linked-detail-arc-length-2.fulltext.txt,markdown/00564-mth-252-linked-detail-arc-length-2.md,,metadata/00564-mth-252-linked-detail-arc-length-2.json,9a2e145c680bbaa8c5810d530d6b9cfa87a718e837e25f836d03b2663d23d04c,66aeff2d54a5776bccfaf2b2fa40eab31d3ccb6e4deadf0cbad535a64453e4bf,2026-06-26T21:24:38.762Z,1,30,2,0,0,0
00565-mth-252-linked-detail-arc-length-3,2080857,MTH-252,linked_detail,linked_detail,https://canvas.oregonstate.edu/courses/2080857/modules/items/26982776,https://canvas.oregonstate.edu/courses/2080857/modules/items/26982776,Arc length 3,module_item,26982776,47,,,raw_html/00565-mth-252-linked-detail-arc-length-3.html,text/00565-mth-252-linked-detail-arc-length-3.txt,text/00565-mth-252-linked-detail-arc-length-3.fulltext.txt,markdown/00565-mth-252-linked-detail-arc-length-3.md,,metadata/00565-mth-252-linked-detail-arc-length-3.json,d1f49c239168df5cdc4502a1441ddf7f944185d1cbaa1fffa744852b78fde48c,fa6c90c4eb2895e9f30770e81179d1ca7e52ee4687e4304e56a7b370173e4d62,2026-06-26T21:24:40.566Z,1,30,2,0,0,0
00566-mth-252-linked-detail-arc-length-4,2080857,MTH-252,linked_detail,linked_detail,https://canvas.oregonstate.edu/courses/2080857/modules/items/26982777,https://canvas.oregonstate.edu/courses/2080857/modules/items/26982777,Arc length 4,module_item,26982777,48,,,raw_html/00566-mth-252-linked-detail-arc-length-4.html,text/00566-mth-252-linked-detail-arc-length-4.txt,text/00566-mth-252-linked-detail-arc-length-4.fulltext.txt,markdown/00566-mth-252-linked-detail-arc-length-4.md,,metadata/00566-mth-252-linked-detail-arc-length-4.json,aaa0c4f7bb1ddf99def20397e9c21b8c9359c18c4380a4fe545c91b586baed42,8ab49e4318d65059dcf51620cf4b433d027cedc55e6076b486b2d2872fb059e2,2026-06-26T21:24:42.415Z,1,30,2,0,0,0
00567-mth-252-linked-detail-work-spring-stretch-1,2080857,MTH-252,linked_detail,linked_detail,https://canvas.oregonstate.edu/courses/2080857/modules/items/26982778,https://canvas.oregonstate.edu/courses/2080857/modules/items/26982778,Work: Spring stretch 1,module_item,26982778,49,,,raw_html/00567-mth-252-linked-detail-work-spring-stretch-1.html,text/00567-mth-252-linked-detail-work-spring-stretch-1.txt,text/00567-mth-252-linked-detail-work-spring-stretch-1.fulltext.txt,markdown/00567-mth-252-linked-detail-work-spring-stretch-1.md,,metadata/00567-mth-252-linked-detail-work-spring-stretch-1.json,21088f639f3fca861e14a2a3789670be3f1a688c1331de43a44b5502b3b2dcca,0e5cf19e1a2fefbac10c3fbea008af1c5e0d759976b04fd46d92491ec2c4ac7f,2026-06-26T21:24:44.512Z,1,30,2,0,0,0
00568-mth-252-linked-detail-work-spring-stretch-2,2080857,MTH-252,linked_detail,linked_detail,https://canvas.oregonstate.edu/courses/2080857/modules/items/26982779,https://canvas.oregonstate.edu/courses/2080857/modules/items/26982779,Work: Spring stretch 2,module_item,26982779,50,,,raw_html/00568-mth-252-linked-detail-work-spring-stretch-2.html,text/00568-mth-252-linked-detail-work-spring-stretch-2.txt,text/00568-mth-252-linked-detail-work-spring-stretch-2.fulltext.txt,markdown/00568-mth-252-linked-detail-work-spring-stretch-2.md,,metadata/00568-mth-252-linked-detail-work-spring-stretch-2.json,b695e8507b5113fd5dd3cc8c8cc40805ee2d1c44a3f272dc67cf196cba648f0d,0039661ff9e6ace6f7f265c5460f65a7cfb0d9566d160caaa03e121b942ee303,2026-06-26T21:24:46.615Z,1,30,2,0,0,0
00569-mth-252-linked-detail-work-lifting-leaking-bucket,2080857,MTH-252,linked_detail,linked_detail,https://canvas.oregonstate.edu/courses/2080857/modules/items/26982780,https://canvas.oregonstate.edu/courses/2080857/modules/items/26982780,Work: lifting leaking bucket,module_item,26982780,51,,,raw_html/00569-mth-252-linked-detail-work-lifting-leaking-bucket.html,text/00569-mth-252-linked-detail-work-lifting-leaking-bucket.txt,text/00569-mth-252-linked-detail-work-lifting-leaking-bucket.fulltext.txt,markdown/00569-mth-252-linked-detail-work-lifting-leaking-bucket.md,,metadata/00569-mth-252-linked-detail-work-lifting-leaking-bucket.json,5c92a9dcc3345113bd868c6cb967b08cc0248ea6f6a4d2c9e82f8b621b9e035b,5794f3d140c7b4f0bdd2431d0e4a31cde067a042726a7f159f2b1048e9253cbd,2026-06-26T21:24:53.514Z,1,30,2,0,0,0
00570-mth-252-linked-detail-work-lifting-bucket-with-cable-mass,2080857,MTH-252,linked_detail,linked_detail,https://canvas.oregonstate.edu/courses/2080857/modules/items/26982781,https://canvas.oregonstate.edu/courses/2080857/modules/items/26982781,Work: Lifting bucket with cable mass,module_item,26982781,52,,,raw_html/00570-mth-252-linked-detail-work-lifting-bucket-with-cable-mass.html,text/00570-mth-252-linked-detail-work-lifting-bucket-with-cable-mass.txt,text/00570-mth-252-linked-detail-work-lifting-bucket-with-cable-mass.fulltext.txt,markdown/00570-mth-252-linked-detail-work-lifting-bucket-with-cable-mass.md,,metadata/00570-mth-252-linked-detail-work-lifting-bucket-with-cable-mass.json,eeaaf1d8925b75c22bb6ed22fcf5ff4c61c02931d774fec81d8b0f7587e452bb,ff6dd1341384f04816578c2a0f3dcbaf8963298f5ad449796ba9bd512b474d31,2026-06-26T21:24:55.763Z,1,30,2,0,0,0
00571-mth-252-linked-detail-work-vertical-pumping,2080857,MTH-252,linked_detail,linked_detail,https://canvas.oregonstate.edu/courses/2080857/modules/items/26982782,https://canvas.oregonstate.edu/courses/2080857/modules/items/26982782,Work: Vertical pumping,module_item,26982782,53,,,raw_html/00571-mth-252-linked-detail-work-vertical-pumping.html,text/00571-mth-252-linked-detail-work-vertical-pumping.txt,text/00571-mth-252-linked-detail-work-vertical-pumping.fulltext.txt,markdown/00571-mth-252-linked-detail-work-vertical-pumping.md,,metadata/00571-mth-252-linked-detail-work-vertical-pumping.json,c9d207378a2c2d9eb922524b68ba38e32651dad88b27a187c6e490dee7caf1c6,d02d2f6a2a90a16cd44a6dd3d86d705ac22f299eccfe650f2e8f44a934f68370,2026-06-26T21:24:58.058Z,1,30,2,0,0,0
00572-mth-252-linked-detail-work-vertical-pumping-isosceles-triangle,2080857,MTH-252,linked_detail,linked_detail,https://canvas.oregonstate.edu/courses/2080857/modules/items/26982783,https://canvas.oregonstate.edu/courses/2080857/modules/items/26982783,"Work: Vertical pumping, isosceles triangle",module_item,26982783,54,,,raw_html/00572-mth-252-linked-detail-work-vertical-pumping-isosceles-triangle.html,text/00572-mth-252-linked-detail-work-vertical-pumping-isosceles-triangle.txt,text/00572-mth-252-linked-detail-work-vertical-pumping-isosceles-triangle.fulltext.txt,markdown/00572-mth-252-linked-detail-work-vertical-pumping-isosceles-triangle.md,,metadata/00572-mth-252-linked-detail-work-vertical-pumping-isosceles-triangle.json,5664419f9e4bfd0f9cc638e73871a9d28f0e7aefde35ab612b239093573b79bc,716a46a755ca4f3ff788fc22759834b93ad3c990686b891b6e9341969a55458c,2026-06-26T21:25:00.213Z,1,30,2,0,0,0
00573-mth-252-linked-detail-work-vertical-pumping-quadratic-cross-sections,2080857,MTH-252,linked_detail,linked_detail,https://canvas.oregonstate.edu/courses/2080857/modules/items/26982784,https://canvas.oregonstate.edu/courses/2080857/modules/items/26982784,"Work: Vertical pumping, quadratic cross sections",module_item,26982784,55,,,raw_html/00573-mth-252-linked-detail-work-vertical-pumping-quadratic-cross-sections.html,text/00573-mth-252-linked-detail-work-vertical-pumping-quadratic-cross-sections.txt,text/00573-mth-252-linked-detail-work-vertical-pumping-quadratic-cross-sections.fulltext.txt,markdown/00573-mth-252-linked-detail-work-vertical-pumping-quadratic-cross-sections.md,,metadata/00573-mth-252-linked-detail-work-vertical-pumping-quadratic-cross-sections.json,65a2f6fb1f9382cd612a5d1899b1dd3415a020f50b67be6f875ee0c646de67a7,3940f3460094432d27cda0a74be2efe5ab8d7c4cb472abcb21beff8e112f82e2,2026-06-26T21:25:02.131Z,1,30,2,0,0,0
00574-mth-252-linked-detail-hydrostatic-force-horizontal-plate,2080857,MTH-252,linked_detail,linked_detail,https://canvas.oregonstate.edu/courses/2080857/modules/items/26982785,https://canvas.oregonstate.edu/courses/2080857/modules/items/26982785,Hydrostatic force: Horizontal plate,module_item,26982785,56,,,raw_html/00574-mth-252-linked-detail-hydrostatic-force-horizontal-plate.html,text/00574-mth-252-linked-detail-hydrostatic-force-horizontal-plate.txt,text/00574-mth-252-linked-detail-hydrostatic-force-horizontal-plate.fulltext.txt,markdown/00574-mth-252-linked-detail-hydrostatic-force-horizontal-plate.md,,metadata/00574-mth-252-linked-detail-hydrostatic-force-horizontal-plate.json,d877e95824443c21fc4fb23443890736c86c07546cc21287e0d6c89ddfe29f57,5afe3a91978d3f8edf2bad2ced0c474b8aa1c87833376c0e4a6d8a5e06805771,2026-06-26T21:25:04.069Z,1,30,2,0,0,0
00575-mth-252-linked-detail-hydrostatic-force-vertical-isosceles-triangle,2080857,MTH-252,linked_detail,linked_detail,https://canvas.oregonstate.edu/courses/2080857/modules/items/26982786,https://canvas.oregonstate.edu/courses/2080857/modules/items/26982786,Hydrostatic force: Vertical isosceles triangle,module_item,26982786,57,,,raw_html/00575-mth-252-linked-detail-hydrostatic-force-vertical-isosceles-triangle.html,text/00575-mth-252-linked-detail-hydrostatic-force-vertical-isosceles-triangle.txt,text/00575-mth-252-linked-detail-hydrostatic-force-vertical-isosceles-triangle.fulltext.txt,markdown/00575-mth-252-linked-detail-hydrostatic-force-vertical-isosceles-triangle.md,,metadata/00575-mth-252-linked-detail-hydrostatic-force-vertical-isosceles-triangle.json,687b0831b7cc5a520f3f2ac184d4ed80822704567be957524a315f7179f0211f,6c177af54fa5d153c0a4f9721acbcff6bd15000b83cf3f60b42f678ba3e9fdbe,2026-06-26T21:25:06.068Z,1,30,2,0,0,0
00576-mth-252-linked-detail-hydrostatic-force-semicircle-window,2080857,MTH-252,linked_detail,linked_detail,https://canvas.oregonstate.edu/courses/2080857/modules/items/26982787,https://canvas.oregonstate.edu/courses/2080857/modules/items/26982787,Hydrostatic force: Semicircle window,module_item,26982787,58,,,raw_html/00576-mth-252-linked-detail-hydrostatic-force-semicircle-window.html,text/00576-mth-252-linked-detail-hydrostatic-force-semicircle-window.txt,text/00576-mth-252-linked-detail-hydrostatic-force-semicircle-window.fulltext.txt,markdown/00576-mth-252-linked-detail-hydrostatic-force-semicircle-window.md,,metadata/00576-mth-252-linked-detail-hydrostatic-force-semicircle-window.json,553847ed9479de475b7682967e17109632c63cdf9105d0b32c72ebd2f9343f82,64d1224a5cb7fba7f4fed4b01c2d65bfdfde03691e62efe6a75431bd3eb387cd,2026-06-26T21:25:08.063Z,1,30,2,0,0,0
00577-mth-252-linked-detail-intro-improper-integrals,2080857,MTH-252,linked_detail,linked_detail,https://canvas.oregonstate.edu/courses/2080857/modules/items/26982788,https://canvas.oregonstate.edu/courses/2080857/modules/items/26982788,Intro. Improper integrals,module_item,26982788,59,,,raw_html/00577-mth-252-linked-detail-intro-improper-integrals.html,text/00577-mth-252-linked-detail-intro-improper-integrals.txt,text/00577-mth-252-linked-detail-intro-improper-integrals.fulltext.txt,markdown/00577-mth-252-linked-detail-intro-improper-integrals.md,,metadata/00577-mth-252-linked-detail-intro-improper-integrals.json,5159777ea108b943a77a4c754846fd8f78bbe1926004879a588cecdbbd6e4d54,9d0a28df5d3f148a773fef20f58f4b678981072756beffe7081a525130f590ee,2026-06-26T21:25:10.063Z,1,30,2,0,0,0
00578-mth-252-linked-detail-improper-integrals-2-exponential-integrand,2080857,MTH-252,linked_detail,linked_detail,https://canvas.oregonstate.edu/courses/2080857/modules/items/26982789,https://canvas.oregonstate.edu/courses/2080857/modules/items/26982789,"Improper integrals 2, exponential integrand",module_item,26982789,60,,,raw_html/00578-mth-252-linked-detail-improper-integrals-2-exponential-integrand.html,text/00578-mth-252-linked-detail-improper-integrals-2-exponential-integrand.txt,text/00578-mth-252-linked-detail-improper-integrals-2-exponential-integrand.fulltext.txt,markdown/00578-mth-252-linked-detail-improper-integrals-2-exponential-integrand.md,,metadata/00578-mth-252-linked-detail-improper-integrals-2-exponential-integrand.json,a13e222d96fe0c2f6ecfdf965bf52c657ea7c7fdfe3cd0876964b51c52a36869,97bc3a91bb3a7c88eb875b9e926beba50048398619918c07688602d7c077a132,2026-06-26T21:25:12.070Z,1,30,2,0,0,0
00579-mth-252-linked-detail-improper-integral-3-exponential-integrand,2080857,MTH-252,linked_detail,linked_detail,https://canvas.oregonstate.edu/courses/2080857/modules/items/26982790,https://canvas.oregonstate.edu/courses/2080857/modules/items/26982790,"Improper integral 3, exponential integrand",module_item,26982790,61,,,raw_html/00579-mth-252-linked-detail-improper-integral-3-exponential-integrand.html,text/00579-mth-252-linked-detail-improper-integral-3-exponential-integrand.txt,text/00579-mth-252-linked-detail-improper-integral-3-exponential-integrand.fulltext.txt,markdown/00579-mth-252-linked-detail-improper-integral-3-exponential-integrand.md,,metadata/00579-mth-252-linked-detail-improper-integral-3-exponential-integrand.json,937293ea14e5b0f0c77fc527aa6844eaf39b398a05ab577cd56a3ab338f109ba,bc48f9d37479d09d3c5348ae0e13f60953fe22c46579574382a29ce1718d88db,2026-06-26T21:25:13.964Z,1,30,2,0,0,0
00580-mth-252-linked-detail-improper-integral-4-rational-integrand,2080857,MTH-252,linked_detail,linked_detail,https://canvas.oregonstate.edu/courses/2080857/modules/items/26982791,https://canvas.oregonstate.edu/courses/2080857/modules/items/26982791,"Improper integral 4, rational integrand",module_item,26982791,62,,,raw_html/00580-mth-252-linked-detail-improper-integral-4-rational-integrand.html,text/00580-mth-252-linked-detail-improper-integral-4-rational-integrand.txt,text/00580-mth-252-linked-detail-improper-integral-4-rational-integrand.fulltext.txt,markdown/00580-mth-252-linked-detail-improper-integral-4-rational-integrand.md,,metadata/00580-mth-252-linked-detail-improper-integral-4-rational-integrand.json,9a9408aab6b2d4fc1de8f3baf07d16813d9ac691708502b47ba2d8e20fe9291c,89e06c967e75909b71935598a67d90a1e3deac7bead5cc328542197e7df6d3c2,2026-06-26T21:25:16.059Z,1,30,2,0,0,0
00581-mth-252-linked-detail-improper-integral-5-rational-integrand,2080857,MTH-252,linked_detail,linked_detail,https://canvas.oregonstate.edu/courses/2080857/modules/items/26982792,https://canvas.oregonstate.edu/courses/2080857/modules/items/26982792,"Improper integral 5, rational integrand",module_item,26982792,63,,,raw_html/00581-mth-252-linked-detail-improper-integral-5-rational-integrand.html,text/00581-mth-252-linked-detail-improper-integral-5-rational-integrand.txt,text/00581-mth-252-linked-detail-improper-integral-5-rational-integrand.fulltext.txt,markdown/00581-mth-252-linked-detail-improper-integral-5-rational-integrand.md,,metadata/00581-mth-252-linked-detail-improper-integral-5-rational-integrand.json,5b4fd08a2f6e02e0c5636d7d0033d00e2056a747f2c759c4a62b097e45ad7bc7,200c68a5a801fb745ec55ce76114a5e8058ac541dcb811fefc7972e23e2debd5,2026-06-26T21:25:18.109Z,1,30,2,0,0,0
00582-mth-252-linked-detail-improper-integral-infinity-to-infinity,2080857,MTH-252,linked_detail,linked_detail,https://canvas.oregonstate.edu/courses/2080857/modules/items/26982793,https://canvas.oregonstate.edu/courses/2080857/modules/items/26982793,Improper integral: +infinity to -infinity,module_item,26982793,64,,,raw_html/00582-mth-252-linked-detail-improper-integral-infinity-to-infinity.html,text/00582-mth-252-linked-detail-improper-integral-infinity-to-infinity.txt,text/00582-mth-252-linked-detail-improper-integral-infinity-to-infinity.fulltext.txt,markdown/00582-mth-252-linked-detail-improper-integral-infinity-to-infinity.md,,metadata/00582-mth-252-linked-detail-improper-integral-infinity-to-infinity.json,a03cd385ce861cbd4be53e80ab41ad32f3240f1cefe5877eff4451dadada17d6,797e7a2f75c86bd838c054f48b97f19e196adb21162481bbfe1d9a664e960a2f,2026-06-26T21:25:20.064Z,1,30,2,0,0,0
00583-mth-252-linked-detail-improper-integral-discontinuous-integrand-1,2080857,MTH-252,linked_detail,linked_detail,https://canvas.oregonstate.edu/courses/2080857/modules/items/26982794,https://canvas.oregonstate.edu/courses/2080857/modules/items/26982794,Improper integral: Discontinuous integrand 1,module_item,26982794,65,,,raw_html/00583-mth-252-linked-detail-improper-integral-discontinuous-integrand-1.html,text/00583-mth-252-linked-detail-improper-integral-discontinuous-integrand-1.txt,text/00583-mth-252-linked-detail-improper-integral-discontinuous-integrand-1.fulltext.txt,markdown/00583-mth-252-linked-detail-improper-integral-discontinuous-integrand-1.md,,metadata/00583-mth-252-linked-detail-improper-integral-discontinuous-integrand-1.json,d9d25d03ff822ea538e6a2c81098fc55dfb8b6697370bb9f60fecc7c13d3b2ed,40fda0d9fc13ff50f214761371e25dd3e1fdd6297fe84304d9b91ef53e9b4963,2026-06-26T21:25:22.066Z,1,30,2,0,0,0
00584-mth-252-linked-detail-improper-integral-discontinuous-integrand-2,2080857,MTH-252,linked_detail,linked_detail,https://canvas.oregonstate.edu/courses/2080857/modules/items/26982795,https://canvas.oregonstate.edu/courses/2080857/modules/items/26982795,Improper integral: Discontinuous integrand 2,module_item,26982795,66,,,raw_html/00584-mth-252-linked-detail-improper-integral-discontinuous-integrand-2.html,text/00584-mth-252-linked-detail-improper-integral-discontinuous-integrand-2.txt,text/00584-mth-252-linked-detail-improper-integral-discontinuous-integrand-2.fulltext.txt,markdown/00584-mth-252-linked-detail-improper-integral-discontinuous-integrand-2.md,,metadata/00584-mth-252-linked-detail-improper-integral-discontinuous-integrand-2.json,34c2a836f92591ca85a4ce12d523d62396ce94787d707552041c1ee2baa350e0,bc58f287a2416c644bd44dbd19ad42055e5cb93b580bb6538879c3bf9d795ddf,2026-06-26T21:25:24.413Z,1,29,2,0,0,0
