page_id,course_id,course_code,source_surface,source_kind,requested_url,resolved_url,title,canvas_object_type,canvas_object_id,depth,redirected,requires_external_handler,html_path,text_path,full_text_path,markdown_path,screenshot_path,metadata_path,html_sha256,text_sha256,captured_at,heading_count,link_count,iframe_count,module_item_count,assignment_row_count,grade_row_count
00001-mth-252-home-integral-calculus-mth-252z-400-u2026,2080857,MTH-252,home,surface,https://canvas.oregonstate.edu/courses/2080857,https://canvas.oregonstate.edu/courses/2080857,INTEGRAL CALCULUS (MTH_252Z_400_U2026),course_page,,0,,,raw_html/00001-mth-252-home-integral-calculus-mth-252z-400-u2026.html,text/00001-mth-252-home-integral-calculus-mth-252z-400-u2026.txt,text/00001-mth-252-home-integral-calculus-mth-252z-400-u2026.fulltext.txt,markdown/00001-mth-252-home-integral-calculus-mth-252z-400-u2026.md,screenshots/00001-mth-252-home-integral-calculus-mth-252z-400-u2026.png,metadata/00001-mth-252-home-integral-calculus-mth-252z-400-u2026.json,e98ecaf363530122ecd235f02949969c55118aeef540bca0db8ede85719912a4,cfcd385351fa98ba82d3b7d317097775dde0c5286d429812b17f17bce28a9590,2026-07-30T20:22:25.266Z,5,49,3,0,0,0
00002-mth-252-modules-course-modules-integral-calculus-mth-252z-400-u2026,2080857,MTH-252,modules,surface,https://canvas.oregonstate.edu/courses/2080857/modules,https://canvas.oregonstate.edu/courses/2080857/modules,Course Modules: INTEGRAL CALCULUS (MTH_252Z_400_U2026),modules,,0,,,raw_html/00002-mth-252-modules-course-modules-integral-calculus-mth-252z-400-u2026.html,text/00002-mth-252-modules-course-modules-integral-calculus-mth-252z-400-u2026.txt,text/00002-mth-252-modules-course-modules-integral-calculus-mth-252z-400-u2026.fulltext.txt,markdown/00002-mth-252-modules-course-modules-integral-calculus-mth-252z-400-u2026.md,screenshots/00002-mth-252-modules-course-modules-integral-calculus-mth-252z-400-u2026.png,metadata/00002-mth-252-modules-course-modules-integral-calculus-mth-252z-400-u2026.json,06655e6558a7317225a8f669764439fcf5144719f84798ddc748cb7042357262,255fbcd28ee9db71c691d3f242cf71df92f1e48d7fbd50c67b995842ccf3e24f,2026-07-30T20:22:31.576Z,48,362,2,280,0,0
00003-mth-252-assignments-integral-calculus-mth-252z-400-u2026,2080857,MTH-252,assignments,surface,https://canvas.oregonstate.edu/courses/2080857/assignments,https://canvas.oregonstate.edu/courses/2080857,INTEGRAL CALCULUS (MTH_252Z_400_U2026),course_page,,0,yes,,raw_html/00003-mth-252-assignments-integral-calculus-mth-252z-400-u2026.html,text/00003-mth-252-assignments-integral-calculus-mth-252z-400-u2026.txt,text/00003-mth-252-assignments-integral-calculus-mth-252z-400-u2026.fulltext.txt,markdown/00003-mth-252-assignments-integral-calculus-mth-252z-400-u2026.md,screenshots/00003-mth-252-assignments-integral-calculus-mth-252z-400-u2026.png,metadata/00003-mth-252-assignments-integral-calculus-mth-252z-400-u2026.json,c548232009dc79663c136d1ad84a556852ac748edf8e0b78d4139e1cf99fd392,cfcd385351fa98ba82d3b7d317097775dde0c5286d429812b17f17bce28a9590,2026-07-30T20:22:36.080Z,5,49,3,0,0,0
00004-mth-252-grades-grades-for-jacob-peterson-integral-calculus-mth-252z-400-u2026,2080857,MTH-252,grades,surface,https://canvas.oregonstate.edu/courses/2080857/grades,https://canvas.oregonstate.edu/courses/2080857/grades,Grades for Jacob Peterson: INTEGRAL CALCULUS (MTH_252Z_400_U2026),grades,,0,,,raw_html/00004-mth-252-grades-grades-for-jacob-peterson-integral-calculus-mth-252z-400-u2026.html,text/00004-mth-252-grades-grades-for-jacob-peterson-integral-calculus-mth-252z-400-u2026.txt,text/00004-mth-252-grades-grades-for-jacob-peterson-integral-calculus-mth-252z-400-u2026.fulltext.txt,markdown/00004-mth-252-grades-grades-for-jacob-peterson-integral-calculus-mth-252z-400-u2026.md,screenshots/00004-mth-252-grades-grades-for-jacob-peterson-integral-calculus-mth-252z-400-u2026.png,metadata/00004-mth-252-grades-grades-for-jacob-peterson-integral-calculus-mth-252z-400-u2026.json,1bf38e50ef46a097eda7c8dff78f9ed9ab77f8c6fe5af3fd2970aeac9c81c948,e04451a3688a1830925888d163d14c9e2fdebf0c68b01cb96c098c6ed28b5e88,2026-07-30T20:22:39.913Z,1,372,2,0,0,140
00005-mth-252-announcements-announcements-integral-calculus-mth-252z-400-u2026,2080857,MTH-252,announcements,surface,https://canvas.oregonstate.edu/courses/2080857/announcements,https://canvas.oregonstate.edu/courses/2080857/announcements,Announcements: INTEGRAL CALCULUS (MTH_252Z_400_U2026),course_page,,0,,,raw_html/00005-mth-252-announcements-announcements-integral-calculus-mth-252z-400-u2026.html,text/00005-mth-252-announcements-announcements-integral-calculus-mth-252z-400-u2026.txt,text/00005-mth-252-announcements-announcements-integral-calculus-mth-252z-400-u2026.fulltext.txt,markdown/00005-mth-252-announcements-announcements-integral-calculus-mth-252z-400-u2026.md,screenshots/00005-mth-252-announcements-announcements-integral-calculus-mth-252z-400-u2026.png,metadata/00005-mth-252-announcements-announcements-integral-calculus-mth-252z-400-u2026.json,07add65b17d70143e3f0e9775a2acb64923870310994a139a81728aee64c40ed,8f3c52bc93595cfa42b3682de430224218c77a4149343f4bede110571d98f6f2,2026-07-30T20:22:42.056Z,1,25,2,0,0,0
00006-mth-252-syllabus-syllabus-for-integral-calculus-mth-252z-400-u2026,2080857,MTH-252,syllabus,surface,https://canvas.oregonstate.edu/courses/2080857/assignments/syllabus,https://canvas.oregonstate.edu/courses/2080857/assignments/syllabus,Syllabus for INTEGRAL CALCULUS (MTH_252Z_400_U2026),assignment,syllabus,0,,,raw_html/00006-mth-252-syllabus-syllabus-for-integral-calculus-mth-252z-400-u2026.html,text/00006-mth-252-syllabus-syllabus-for-integral-calculus-mth-252z-400-u2026.txt,text/00006-mth-252-syllabus-syllabus-for-integral-calculus-mth-252z-400-u2026.fulltext.txt,markdown/00006-mth-252-syllabus-syllabus-for-integral-calculus-mth-252z-400-u2026.md,screenshots/00006-mth-252-syllabus-syllabus-for-integral-calculus-mth-252z-400-u2026.png,metadata/00006-mth-252-syllabus-syllabus-for-integral-calculus-mth-252z-400-u2026.json,3ff1ac77802063b0a81660700b96d9d44273b2d518829b81c318d24c4247b492,038e1bfd31d7e1cf99c332c373d83d54ca3faa7191ee11dabf02b8e8f2473c81,2026-07-30T20:22:43.989Z,2,27,2,0,0,0
00007-mth-252-discussions-discussions-integral-calculus-mth-252z-400-u2026,2080857,MTH-252,discussions,surface,https://canvas.oregonstate.edu/courses/2080857/discussion_topics,https://canvas.oregonstate.edu/courses/2080857/discussion_topics,Discussions: INTEGRAL CALCULUS (MTH_252Z_400_U2026),discussions,,0,,,raw_html/00007-mth-252-discussions-discussions-integral-calculus-mth-252z-400-u2026.html,text/00007-mth-252-discussions-discussions-integral-calculus-mth-252z-400-u2026.txt,text/00007-mth-252-discussions-discussions-integral-calculus-mth-252z-400-u2026.fulltext.txt,markdown/00007-mth-252-discussions-discussions-integral-calculus-mth-252z-400-u2026.md,screenshots/00007-mth-252-discussions-discussions-integral-calculus-mth-252z-400-u2026.png,metadata/00007-mth-252-discussions-discussions-integral-calculus-mth-252z-400-u2026.json,3dd844fc911e9880728af90a0c7eac66782225ccb1ca5f421f5ceb5be63b60aa,3020ec6d610dcb74fbe273de5a6ffe41258f4d36da68c35c8349ee0620c92c4e,2026-07-30T20:22:45.892Z,1,26,2,0,0,0
00008-mth-252-quizzes-integral-calculus-mth-252z-400-u2026,2080857,MTH-252,quizzes,surface,https://canvas.oregonstate.edu/courses/2080857/quizzes,https://canvas.oregonstate.edu/courses/2080857,INTEGRAL CALCULUS (MTH_252Z_400_U2026),course_page,,0,yes,,raw_html/00008-mth-252-quizzes-integral-calculus-mth-252z-400-u2026.html,text/00008-mth-252-quizzes-integral-calculus-mth-252z-400-u2026.txt,text/00008-mth-252-quizzes-integral-calculus-mth-252z-400-u2026.fulltext.txt,markdown/00008-mth-252-quizzes-integral-calculus-mth-252z-400-u2026.md,screenshots/00008-mth-252-quizzes-integral-calculus-mth-252z-400-u2026.png,metadata/00008-mth-252-quizzes-integral-calculus-mth-252z-400-u2026.json,9ea36830214c023ac6729593d39e3b47768dbf3fdfda0aa54108fa0d387c1f49,f9d0f5e1495870f147ae9553c89ee648757ee06f39174b019c6dbdaf5ac3d363,2026-07-30T20:22:48.568Z,7,50,3,0,0,0
00009-mth-253-home-sequences-and-series-mth-253z-400-u2026,2053263,MTH-253,home,surface,https://canvas.oregonstate.edu/courses/2053263,https://canvas.oregonstate.edu/courses/2053263,SEQUENCES AND SERIES (MTH_253Z_400_U2026),course_page,,0,,,raw_html/00009-mth-253-home-sequences-and-series-mth-253z-400-u2026.html,text/00009-mth-253-home-sequences-and-series-mth-253z-400-u2026.txt,text/00009-mth-253-home-sequences-and-series-mth-253z-400-u2026.fulltext.txt,markdown/00009-mth-253-home-sequences-and-series-mth-253z-400-u2026.md,screenshots/00009-mth-253-home-sequences-and-series-mth-253z-400-u2026.png,metadata/00009-mth-253-home-sequences-and-series-mth-253z-400-u2026.json,62b02c10f4bca6cfad46cb70232e0a04c9e8bce9b9cbd8a1e6bab9af3a1a6354,a25815ccfada7b00d99b95478d2a6595fa56eb7e88ee26ab26fe0055b62134dc,2026-07-30T20:22:52.515Z,5,45,3,0,0,0
00010-mth-253-modules-course-modules-sequences-and-series-mth-253z-400-u2026,2053263,MTH-253,modules,surface,https://canvas.oregonstate.edu/courses/2053263/modules,https://canvas.oregonstate.edu/courses/2053263/modules,Course Modules: SEQUENCES AND SERIES (MTH_253Z_400_U2026),modules,,0,,,raw_html/00010-mth-253-modules-course-modules-sequences-and-series-mth-253z-400-u2026.html,text/00010-mth-253-modules-course-modules-sequences-and-series-mth-253z-400-u2026.txt,text/00010-mth-253-modules-course-modules-sequences-and-series-mth-253z-400-u2026.fulltext.txt,markdown/00010-mth-253-modules-course-modules-sequences-and-series-mth-253z-400-u2026.md,screenshots/00010-mth-253-modules-course-modules-sequences-and-series-mth-253z-400-u2026.png,metadata/00010-mth-253-modules-course-modules-sequences-and-series-mth-253z-400-u2026.json,464e48ff16fa257dc1b2032e4c28fb44c49846202ace09a86f2cc64026c948c6,8f864e862af5f262341154e520c2f34bbccd39ab703a9809db0f768e710cac90,2026-07-30T20:22:55.091Z,23,105,2,67,0,0
00011-mth-253-assignments-sequences-and-series-mth-253z-400-u2026,2053263,MTH-253,assignments,surface,https://canvas.oregonstate.edu/courses/2053263/assignments,https://canvas.oregonstate.edu/courses/2053263,SEQUENCES AND SERIES (MTH_253Z_400_U2026),course_page,,0,yes,,raw_html/00011-mth-253-assignments-sequences-and-series-mth-253z-400-u2026.html,text/00011-mth-253-assignments-sequences-and-series-mth-253z-400-u2026.txt,text/00011-mth-253-assignments-sequences-and-series-mth-253z-400-u2026.fulltext.txt,markdown/00011-mth-253-assignments-sequences-and-series-mth-253z-400-u2026.md,screenshots/00011-mth-253-assignments-sequences-and-series-mth-253z-400-u2026.png,metadata/00011-mth-253-assignments-sequences-and-series-mth-253z-400-u2026.json,2a6720083346492c332efc9feda7b8d6de9fc6435907562c4517eb25aeee859d,a25815ccfada7b00d99b95478d2a6595fa56eb7e88ee26ab26fe0055b62134dc,2026-07-30T20:22:57.563Z,5,45,3,0,0,0
00012-mth-253-grades-grades-for-jacob-peterson-sequences-and-series-mth-253z-400-u2026,2053263,MTH-253,grades,surface,https://canvas.oregonstate.edu/courses/2053263/grades,https://canvas.oregonstate.edu/courses/2053263/grades,Grades for Jacob Peterson: SEQUENCES AND SERIES (MTH_253Z_400_U2026),grades,,0,,,raw_html/00012-mth-253-grades-grades-for-jacob-peterson-sequences-and-series-mth-253z-400-u2026.html,text/00012-mth-253-grades-grades-for-jacob-peterson-sequences-and-series-mth-253z-400-u2026.txt,text/00012-mth-253-grades-grades-for-jacob-peterson-sequences-and-series-mth-253z-400-u2026.fulltext.txt,markdown/00012-mth-253-grades-grades-for-jacob-peterson-sequences-and-series-mth-253z-400-u2026.md,screenshots/00012-mth-253-grades-grades-for-jacob-peterson-sequences-and-series-mth-253z-400-u2026.png,metadata/00012-mth-253-grades-grades-for-jacob-peterson-sequences-and-series-mth-253z-400-u2026.json,8cc0228b6184ffc2c690a3f65bc80be80edfc7447550d0cc587b56abcd1de5db,015b4bc6e95b5649813d9bd72da7ba0afd6b0ad5238b4397464e80271c60b67c,2026-07-30T20:23:00.294Z,1,149,2,0,0,39
00013-mth-253-announcements-announcements-sequences-and-series-mth-253z-400-u2026,2053263,MTH-253,announcements,surface,https://canvas.oregonstate.edu/courses/2053263/announcements,https://canvas.oregonstate.edu/courses/2053263/announcements,Announcements: SEQUENCES AND SERIES (MTH_253Z_400_U2026),course_page,,0,,,raw_html/00013-mth-253-announcements-announcements-sequences-and-series-mth-253z-400-u2026.html,text/00013-mth-253-announcements-announcements-sequences-and-series-mth-253z-400-u2026.txt,text/00013-mth-253-announcements-announcements-sequences-and-series-mth-253z-400-u2026.fulltext.txt,markdown/00013-mth-253-announcements-announcements-sequences-and-series-mth-253z-400-u2026.md,screenshots/00013-mth-253-announcements-announcements-sequences-and-series-mth-253z-400-u2026.png,metadata/00013-mth-253-announcements-announcements-sequences-and-series-mth-253z-400-u2026.json,b37c5d4dc574655ee74953637d3c402b176744ef9750212d567e99cc1f9613b6,8f3c52bc93595cfa42b3682de430224218c77a4149343f4bede110571d98f6f2,2026-07-30T20:23:02.198Z,1,28,2,0,0,0
00014-mth-253-syllabus-syllabus-for-sequences-and-series-mth-253z-400-u2026,2053263,MTH-253,syllabus,surface,https://canvas.oregonstate.edu/courses/2053263/assignments/syllabus,https://canvas.oregonstate.edu/courses/2053263/assignments/syllabus,Syllabus for SEQUENCES AND SERIES (MTH_253Z_400_U2026),assignment,syllabus,0,,,raw_html/00014-mth-253-syllabus-syllabus-for-sequences-and-series-mth-253z-400-u2026.html,text/00014-mth-253-syllabus-syllabus-for-sequences-and-series-mth-253z-400-u2026.txt,text/00014-mth-253-syllabus-syllabus-for-sequences-and-series-mth-253z-400-u2026.fulltext.txt,markdown/00014-mth-253-syllabus-syllabus-for-sequences-and-series-mth-253z-400-u2026.md,screenshots/00014-mth-253-syllabus-syllabus-for-sequences-and-series-mth-253z-400-u2026.png,metadata/00014-mth-253-syllabus-syllabus-for-sequences-and-series-mth-253z-400-u2026.json,80451a886f1125006a9da005f3c0f11e478c1ad149ca3295d76b2b91889eb3e7,06b4d3c2e9f4a537d3949b797ca900cb9f142519aa485ebdde85e5bd86475a41,2026-07-30T20:23:04.617Z,2,58,2,0,0,0
00015-mth-253-discussions-discussions-sequences-and-series-mth-253z-400-u2026,2053263,MTH-253,discussions,surface,https://canvas.oregonstate.edu/courses/2053263/discussion_topics,https://canvas.oregonstate.edu/courses/2053263/discussion_topics,Discussions: SEQUENCES AND SERIES (MTH_253Z_400_U2026),discussions,,0,,,raw_html/00015-mth-253-discussions-discussions-sequences-and-series-mth-253z-400-u2026.html,text/00015-mth-253-discussions-discussions-sequences-and-series-mth-253z-400-u2026.txt,text/00015-mth-253-discussions-discussions-sequences-and-series-mth-253z-400-u2026.fulltext.txt,markdown/00015-mth-253-discussions-discussions-sequences-and-series-mth-253z-400-u2026.md,screenshots/00015-mth-253-discussions-discussions-sequences-and-series-mth-253z-400-u2026.png,metadata/00015-mth-253-discussions-discussions-sequences-and-series-mth-253z-400-u2026.json,618aaabda6bebc1dc9c23c74689124f538556de5eef15663b1bcc2ca8dae1f3b,8f41f15274c148ffec2adee2a0d4f38135ea503598ae664d48dba67fa79161cc,2026-07-30T20:23:07.037Z,14,39,2,0,0,0
00016-mth-253-quizzes-quizzes-sequences-and-series-mth-253z-400-u2026,2053263,MTH-253,quizzes,surface,https://canvas.oregonstate.edu/courses/2053263/quizzes,https://canvas.oregonstate.edu/courses/2053263/quizzes,Quizzes: SEQUENCES AND SERIES (MTH_253Z_400_U2026),quizzes,,0,,,raw_html/00016-mth-253-quizzes-quizzes-sequences-and-series-mth-253z-400-u2026.html,text/00016-mth-253-quizzes-quizzes-sequences-and-series-mth-253z-400-u2026.txt,text/00016-mth-253-quizzes-quizzes-sequences-and-series-mth-253z-400-u2026.fulltext.txt,markdown/00016-mth-253-quizzes-quizzes-sequences-and-series-mth-253z-400-u2026.md,screenshots/00016-mth-253-quizzes-quizzes-sequences-and-series-mth-253z-400-u2026.png,metadata/00016-mth-253-quizzes-quizzes-sequences-and-series-mth-253z-400-u2026.json,4012db37a4d771124d3c110d1ec706dd437958f666f6bbe654637d07f62028c4,134f5b18fcb0217ec29efd35b342ce0e567d021b1bdbc17c7e253d8a1afe1d96,2026-07-30T20:23:11.285Z,3,35,2,0,0,0
00017-phy-212-home-general-physics-with-calculus-ph-212-400-u2026,2053526,PHY-212,home,surface,https://canvas.oregonstate.edu/courses/2053526,https://canvas.oregonstate.edu/courses/2053526,GENERAL PHYSICS WITH CALCULUS (PH_212_400_U2026),course_page,,0,,,raw_html/00017-phy-212-home-general-physics-with-calculus-ph-212-400-u2026.html,text/00017-phy-212-home-general-physics-with-calculus-ph-212-400-u2026.txt,text/00017-phy-212-home-general-physics-with-calculus-ph-212-400-u2026.fulltext.txt,markdown/00017-phy-212-home-general-physics-with-calculus-ph-212-400-u2026.md,screenshots/00017-phy-212-home-general-physics-with-calculus-ph-212-400-u2026.png,metadata/00017-phy-212-home-general-physics-with-calculus-ph-212-400-u2026.json,1e4120dd3c3f31efb33d67c8f7225d33d3fbaa88df731559cabbe1b1b2c10154,84f53f7bf58db7c9030a0988da66770fd13c44036b1b71f74a7bd195c4f30cb5,2026-07-30T20:23:13.941Z,5,62,2,0,0,0
00018-phy-212-modules-course-modules-general-physics-with-calculus-ph-212-400-u2026,2053526,PHY-212,modules,surface,https://canvas.oregonstate.edu/courses/2053526/modules,https://canvas.oregonstate.edu/courses/2053526/modules,Course Modules: GENERAL PHYSICS WITH CALCULUS (PH_212_400_U2026),modules,,0,,,raw_html/00018-phy-212-modules-course-modules-general-physics-with-calculus-ph-212-400-u2026.html,text/00018-phy-212-modules-course-modules-general-physics-with-calculus-ph-212-400-u2026.txt,text/00018-phy-212-modules-course-modules-general-physics-with-calculus-ph-212-400-u2026.fulltext.txt,markdown/00018-phy-212-modules-course-modules-general-physics-with-calculus-ph-212-400-u2026.md,screenshots/00018-phy-212-modules-course-modules-general-physics-with-calculus-ph-212-400-u2026.png,metadata/00018-phy-212-modules-course-modules-general-physics-with-calculus-ph-212-400-u2026.json,7948d46c353e552ee213fda7b7e8bc920e5a3e6d4fded5919d48a90f2be749b9,6ec2774e897018aed15b130d990389dd119ab3cb6806eff7ab90bc81a119f95f,2026-07-30T20:23:20.908Z,10,118,2,61,0,0
00019-phy-212-assignments-assignments-general-physics-with-calculus-ph-212-400-u2026,2053526,PHY-212,assignments,surface,https://canvas.oregonstate.edu/courses/2053526/assignments,https://canvas.oregonstate.edu/courses/2053526/assignments,Assignments: GENERAL PHYSICS WITH CALCULUS (PH_212_400_U2026),assignments,,0,,,raw_html/00019-phy-212-assignments-assignments-general-physics-with-calculus-ph-212-400-u2026.html,text/00019-phy-212-assignments-assignments-general-physics-with-calculus-ph-212-400-u2026.txt,text/00019-phy-212-assignments-assignments-general-physics-with-calculus-ph-212-400-u2026.fulltext.txt,markdown/00019-phy-212-assignments-assignments-general-physics-with-calculus-ph-212-400-u2026.md,screenshots/00019-phy-212-assignments-assignments-general-physics-with-calculus-ph-212-400-u2026.png,metadata/00019-phy-212-assignments-assignments-general-physics-with-calculus-ph-212-400-u2026.json,9ddf11be8251f7d4a3ba74f7dc7f7518d45893c3346a2c012710c58c9413c9a7,22e0c92ec81fc9400e35c233998fb566c6f39f4fea2b1dea074282917179c3a0,2026-07-30T20:23:24.589Z,1,33,2,0,0,0
00020-phy-212-grades-grades-for-jacob-peterson-general-physics-with-calculus-ph-212-400-u2026,2053526,PHY-212,grades,surface,https://canvas.oregonstate.edu/courses/2053526/grades,https://canvas.oregonstate.edu/courses/2053526/grades,Grades for Jacob Peterson: GENERAL PHYSICS WITH CALCULUS (PH_212_400_U2026),grades,,0,,,raw_html/00020-phy-212-grades-grades-for-jacob-peterson-general-physics-with-calculus-ph-212-400-u2026.html,text/00020-phy-212-grades-grades-for-jacob-peterson-general-physics-with-calculus-ph-212-400-u2026.txt,text/00020-phy-212-grades-grades-for-jacob-peterson-general-physics-with-calculus-ph-212-400-u2026.fulltext.txt,markdown/00020-phy-212-grades-grades-for-jacob-peterson-general-physics-with-calculus-ph-212-400-u2026.md,screenshots/00020-phy-212-grades-grades-for-jacob-peterson-general-physics-with-calculus-ph-212-400-u2026.png,metadata/00020-phy-212-grades-grades-for-jacob-peterson-general-physics-with-calculus-ph-212-400-u2026.json,fbe7a146da2e7f6da152b7d5eb64660bb59308110e4315419dc2a1251475fac4,91a00050fc5c33ab9fcb6c18f04ebf6261ff9880e86830d7a622c57ec6ee2203,2026-07-30T20:23:29.636Z,1,797,2,0,0,413
00021-phy-212-announcements-announcements-general-physics-with-calculus-ph-212-400-u2026,2053526,PHY-212,announcements,surface,https://canvas.oregonstate.edu/courses/2053526/announcements,https://canvas.oregonstate.edu/courses/2053526/announcements,Announcements: GENERAL PHYSICS WITH CALCULUS (PH_212_400_U2026),course_page,,0,,,raw_html/00021-phy-212-announcements-announcements-general-physics-with-calculus-ph-212-400-u2026.html,text/00021-phy-212-announcements-announcements-general-physics-with-calculus-ph-212-400-u2026.txt,text/00021-phy-212-announcements-announcements-general-physics-with-calculus-ph-212-400-u2026.fulltext.txt,markdown/00021-phy-212-announcements-announcements-general-physics-with-calculus-ph-212-400-u2026.md,screenshots/00021-phy-212-announcements-announcements-general-physics-with-calculus-ph-212-400-u2026.png,metadata/00021-phy-212-announcements-announcements-general-physics-with-calculus-ph-212-400-u2026.json,6175cc6907898c25f6fbb3851c30414c09571aa32a9dc2ea1228b9b20ef33f34,a503bd31b7e19b09e548fa8c30129e637afc4e96bcfb8764554446494341d194,2026-07-30T20:23:33.293Z,10,40,2,0,0,0
00022-phy-212-syllabus-syllabus-for-general-physics-with-calculus-ph-212-400-u2026,2053526,PHY-212,syllabus,surface,https://canvas.oregonstate.edu/courses/2053526/assignments/syllabus,https://canvas.oregonstate.edu/courses/2053526/assignments/syllabus,Syllabus for GENERAL PHYSICS WITH CALCULUS (PH_212_400_U2026),assignment,syllabus,0,,,raw_html/00022-phy-212-syllabus-syllabus-for-general-physics-with-calculus-ph-212-400-u2026.html,text/00022-phy-212-syllabus-syllabus-for-general-physics-with-calculus-ph-212-400-u2026.txt,text/00022-phy-212-syllabus-syllabus-for-general-physics-with-calculus-ph-212-400-u2026.fulltext.txt,markdown/00022-phy-212-syllabus-syllabus-for-general-physics-with-calculus-ph-212-400-u2026.md,screenshots/00022-phy-212-syllabus-syllabus-for-general-physics-with-calculus-ph-212-400-u2026.png,metadata/00022-phy-212-syllabus-syllabus-for-general-physics-with-calculus-ph-212-400-u2026.json,fb89e9e7a9d328e25c25baf6bee9f99abbede00acda942134ce457ae56e5f6b0,0df383563515371e39ede3d3237800272294a41099235ac0c83e41d828eeb012,2026-07-30T20:23:35.697Z,2,33,2,0,0,0
00023-phy-212-discussions-discussions-general-physics-with-calculus-ph-212-400-u2026,2053526,PHY-212,discussions,surface,https://canvas.oregonstate.edu/courses/2053526/discussion_topics,https://canvas.oregonstate.edu/courses/2053526/discussion_topics,Discussions: GENERAL PHYSICS WITH CALCULUS (PH_212_400_U2026),discussions,,0,,,raw_html/00023-phy-212-discussions-discussions-general-physics-with-calculus-ph-212-400-u2026.html,text/00023-phy-212-discussions-discussions-general-physics-with-calculus-ph-212-400-u2026.txt,text/00023-phy-212-discussions-discussions-general-physics-with-calculus-ph-212-400-u2026.fulltext.txt,markdown/00023-phy-212-discussions-discussions-general-physics-with-calculus-ph-212-400-u2026.md,screenshots/00023-phy-212-discussions-discussions-general-physics-with-calculus-ph-212-400-u2026.png,metadata/00023-phy-212-discussions-discussions-general-physics-with-calculus-ph-212-400-u2026.json,dec09abcb47a72a2b5d0df0dada892d96ae5a322131a7774db0cfe330097dd05,3020ec6d610dcb74fbe273de5a6ffe41258f4d36da68c35c8349ee0620c92c4e,2026-07-30T20:23:38.489Z,1,33,2,0,0,0
00024-phy-212-quizzes-general-physics-with-calculus-ph-212-400-u2026,2053526,PHY-212,quizzes,surface,https://canvas.oregonstate.edu/courses/2053526/quizzes,https://canvas.oregonstate.edu/courses/2053526,GENERAL PHYSICS WITH CALCULUS (PH_212_400_U2026),course_page,,0,yes,,raw_html/00024-phy-212-quizzes-general-physics-with-calculus-ph-212-400-u2026.html,text/00024-phy-212-quizzes-general-physics-with-calculus-ph-212-400-u2026.txt,text/00024-phy-212-quizzes-general-physics-with-calculus-ph-212-400-u2026.fulltext.txt,markdown/00024-phy-212-quizzes-general-physics-with-calculus-ph-212-400-u2026.md,screenshots/00024-phy-212-quizzes-general-physics-with-calculus-ph-212-400-u2026.png,metadata/00024-phy-212-quizzes-general-physics-with-calculus-ph-212-400-u2026.json,77454d808298bbc606a88a973c38db160be6c0b3100fa34a9c063586cb6badb7,84f53f7bf58db7c9030a0988da66770fd13c44036b1b71f74a7bd195c4f30cb5,2026-07-30T20:23:41.588Z,5,62,2,0,0,0
00025-mth-252-module-item-whw1-key-pdf-integral-calculus-mth-252z-400-u2026,2080857,MTH-252,module_item,module_item,https://canvas.oregonstate.edu/courses/2080857/modules/items/26982502,https://canvas.oregonstate.edu/courses/2080857/files/119223581?module_item_id=26982502,WHW1-Key.pdf: INTEGRAL CALCULUS (MTH_252Z_400_U2026),file,119223581,1,yes,,raw_html/00025-mth-252-module-item-whw1-key-pdf-integral-calculus-mth-252z-400-u2026.html,text/00025-mth-252-module-item-whw1-key-pdf-integral-calculus-mth-252z-400-u2026.txt,text/00025-mth-252-module-item-whw1-key-pdf-integral-calculus-mth-252z-400-u2026.fulltext.txt,markdown/00025-mth-252-module-item-whw1-key-pdf-integral-calculus-mth-252z-400-u2026.md,,metadata/00025-mth-252-module-item-whw1-key-pdf-integral-calculus-mth-252z-400-u2026.json,f01a881b8bdd846e303b29a08b0cba4fe52c2389c3f71bfb133fe8e213ce4706,2b22b18844d90f0857aca70cb41ee709d3935fce74ff6d176060cfbddbfa67f7,2026-07-30T20:23:43.935Z,1,30,3,0,0,0
00026-mth-252-module-item-whw2-key-pdf-integral-calculus-mth-252z-400-u2026,2080857,MTH-252,module_item,module_item,https://canvas.oregonstate.edu/courses/2080857/modules/items/26982503,https://canvas.oregonstate.edu/courses/2080857/files/119223582?module_item_id=26982503,WHW2-Key.pdf: INTEGRAL CALCULUS (MTH_252Z_400_U2026),file,119223582,1,yes,,raw_html/00026-mth-252-module-item-whw2-key-pdf-integral-calculus-mth-252z-400-u2026.html,text/00026-mth-252-module-item-whw2-key-pdf-integral-calculus-mth-252z-400-u2026.txt,text/00026-mth-252-module-item-whw2-key-pdf-integral-calculus-mth-252z-400-u2026.fulltext.txt,markdown/00026-mth-252-module-item-whw2-key-pdf-integral-calculus-mth-252z-400-u2026.md,,metadata/00026-mth-252-module-item-whw2-key-pdf-integral-calculus-mth-252z-400-u2026.json,f98b3a15211fbfb2f6fd9336f99deb419ad4da693514359226764f40c6354ec5,c8cb12ecd02f0a18d291438b94b6cd64a5d8561b5689cb742862dffe0becab08,2026-07-30T20:23:46.538Z,1,31,3,0,0,0
00027-mth-252-module-item-whw3-key-pdf-integral-calculus-mth-252z-400-u2026,2080857,MTH-252,module_item,module_item,https://canvas.oregonstate.edu/courses/2080857/modules/items/26982504,https://canvas.oregonstate.edu/courses/2080857/files/119223584?module_item_id=26982504,WHW3-Key.pdf: INTEGRAL CALCULUS (MTH_252Z_400_U2026),file,119223584,1,yes,,raw_html/00027-mth-252-module-item-whw3-key-pdf-integral-calculus-mth-252z-400-u2026.html,text/00027-mth-252-module-item-whw3-key-pdf-integral-calculus-mth-252z-400-u2026.txt,text/00027-mth-252-module-item-whw3-key-pdf-integral-calculus-mth-252z-400-u2026.fulltext.txt,markdown/00027-mth-252-module-item-whw3-key-pdf-integral-calculus-mth-252z-400-u2026.md,,metadata/00027-mth-252-module-item-whw3-key-pdf-integral-calculus-mth-252z-400-u2026.json,3506a33369d5547c4a67d53ded402b1daaaf4c8ffe149707e27889c95416c80c,0498a730a4b0eade98c09fad99b1640b2230f63331887a473eb4e4b2a1769d80,2026-07-30T20:23:48.519Z,1,31,3,0,0,0
00028-mth-252-module-item-whw4-key-pdf-integral-calculus-mth-252z-400-u2026,2080857,MTH-252,module_item,module_item,https://canvas.oregonstate.edu/courses/2080857/modules/items/26982505,https://canvas.oregonstate.edu/courses/2080857/files/119223460?module_item_id=26982505,WHW4-Key.pdf: INTEGRAL CALCULUS (MTH_252Z_400_U2026),file,119223460,1,yes,,raw_html/00028-mth-252-module-item-whw4-key-pdf-integral-calculus-mth-252z-400-u2026.html,text/00028-mth-252-module-item-whw4-key-pdf-integral-calculus-mth-252z-400-u2026.txt,text/00028-mth-252-module-item-whw4-key-pdf-integral-calculus-mth-252z-400-u2026.fulltext.txt,markdown/00028-mth-252-module-item-whw4-key-pdf-integral-calculus-mth-252z-400-u2026.md,,metadata/00028-mth-252-module-item-whw4-key-pdf-integral-calculus-mth-252z-400-u2026.json,831b2dba09c108b9cdcf6d82482252852156934487c957413560a6ba6399c85b,8918ec810022109fc0ffa5ad66df726950a4c844a6995b58ff60d18365c36cc5,2026-07-30T20:23:50.735Z,1,31,3,0,0,0
00029-mth-252-module-item-whw5-key-pdf-integral-calculus-mth-252z-400-u2026,2080857,MTH-252,module_item,module_item,https://canvas.oregonstate.edu/courses/2080857/modules/items/26982506,https://canvas.oregonstate.edu/courses/2080857/files/119223569?module_item_id=26982506,WHW5-Key.pdf: INTEGRAL CALCULUS (MTH_252Z_400_U2026),file,119223569,1,yes,,raw_html/00029-mth-252-module-item-whw5-key-pdf-integral-calculus-mth-252z-400-u2026.html,text/00029-mth-252-module-item-whw5-key-pdf-integral-calculus-mth-252z-400-u2026.txt,text/00029-mth-252-module-item-whw5-key-pdf-integral-calculus-mth-252z-400-u2026.fulltext.txt,markdown/00029-mth-252-module-item-whw5-key-pdf-integral-calculus-mth-252z-400-u2026.md,,metadata/00029-mth-252-module-item-whw5-key-pdf-integral-calculus-mth-252z-400-u2026.json,afe20756dec8cc8f5eee3a86e13452f14fba2cceb72be1c01b4dab87a2e88412,8e80d457711eefef47031b6d5e4412cfc5a461891f04646ad0bc246500a882f3,2026-07-30T20:23:52.684Z,1,31,3,0,0,0
00030-mth-252-module-item-start-here-overview-integral-calculus-mth-252z-400-u2026,2080857,MTH-252,module_item,module_item,https://canvas.oregonstate.edu/courses/2080857/modules/items/26982519,https://canvas.oregonstate.edu/courses/2080857/pages/start-here-overview?module_item_id=26982519,Start Here — Overview: INTEGRAL CALCULUS (MTH_252Z_400_U2026),page,start-here-overview,1,yes,,raw_html/00030-mth-252-module-item-start-here-overview-integral-calculus-mth-252z-400-u2026.html,text/00030-mth-252-module-item-start-here-overview-integral-calculus-mth-252z-400-u2026.txt,text/00030-mth-252-module-item-start-here-overview-integral-calculus-mth-252z-400-u2026.fulltext.txt,markdown/00030-mth-252-module-item-start-here-overview-integral-calculus-mth-252z-400-u2026.md,,metadata/00030-mth-252-module-item-start-here-overview-integral-calculus-mth-252z-400-u2026.json,d546f0901b7579fdad73470b9cd1ee61432a067f2377bb72d8a5030c09991f01,2deb7647c96b71949885c3e108911101cdfa60ff64acc93fbab7d04854edce65,2026-07-30T20:23:54.741Z,1,28,2,0,0,0
00031-mth-252-module-item-start-here-instructor-information-communication-policy-integral-calculus-mth-252z-400-u2026,2080857,MTH-252,module_item,module_item,https://canvas.oregonstate.edu/courses/2080857/modules/items/26982520,https://canvas.oregonstate.edu/courses/2080857/pages/start-here-instructor-information-and-communication-policy?module_item_id=26982520,Start Here — Instructor Information & Communication Policy: INTEGRAL CALCULUS (MTH_252Z_400_U2026),page,start-here-instructor-information-and-communication-policy,1,yes,,raw_html/00031-mth-252-module-item-start-here-instructor-information-communication-policy-integral-calculus-mth-252z-400-u2026.html,text/00031-mth-252-module-item-start-here-instructor-information-communication-policy-integral-calculus-mth-252z-400-u2026.txt,text/00031-mth-252-module-item-start-here-instructor-information-communication-policy-integral-calculus-mth-252z-400-u2026.fulltext.txt,markdown/00031-mth-252-module-item-start-here-instructor-information-communication-policy-integral-calculus-mth-252z-400-u2026.md,,metadata/00031-mth-252-module-item-start-here-instructor-information-communication-policy-integral-calculus-mth-252z-400-u2026.json,0705e58cd55c513535c9f80f0d5ffb0b3edf909cf25aa2b1692a7e38b56ab588,38254742d0c56dcb9376025c5138fe5df1f387e96a1f888e4f45e9127f963e06,2026-07-30T20:23:56.922Z,4,28,2,0,0,0
00032-mth-252-module-item-syllabus-and-calendar-as-of-7-05-both-sections-400-and-401-integral-calculus-mth-252z-400-u2026,2080857,MTH-252,module_item,module_item,https://canvas.oregonstate.edu/courses/2080857/modules/items/26982522,https://canvas.oregonstate.edu/courses/2080857/pages/syllabus-and-calendar-as-of-7-slash-05-%3E-both-sections-400-and-401?module_item_id=26982522,Syllabus and Calendar (as of 7/05) --> Both Sections 400 and 401: INTEGRAL CALCULUS (MTH_252Z_400_U2026),page,syllabus-and-calendar-as-of-7-slash-05-%3E-both-sections-400-and-401,1,yes,,raw_html/00032-mth-252-module-item-syllabus-and-calendar-as-of-7-05-both-sections-400-and-401-integral-calculus-mth-252z-400-u2026.html,text/00032-mth-252-module-item-syllabus-and-calendar-as-of-7-05-both-sections-400-and-401-integral-calculus-mth-252z-400-u2026.txt,text/00032-mth-252-module-item-syllabus-and-calendar-as-of-7-05-both-sections-400-and-401-integral-calculus-mth-252z-400-u2026.fulltext.txt,markdown/00032-mth-252-module-item-syllabus-and-calendar-as-of-7-05-both-sections-400-and-401-integral-calculus-mth-252z-400-u2026.md,,metadata/00032-mth-252-module-item-syllabus-and-calendar-as-of-7-05-both-sections-400-and-401-integral-calculus-mth-252z-400-u2026.json,36ebf507c7339d0e9ea35d8bf15f5a5560b48d553466e975fad58129978aba35,5a30777d4476250b5ea04f495f3c3a14c29ef5e1ea89f1b101aa6f9d538da047,2026-07-30T20:23:59.136Z,1,43,2,0,0,0
00033-mth-252-module-item-get-your-mth-252z-course-materials-access-code-ebook-integral-calculus-mth-252z-400-u2026,2080857,MTH-252,module_item,module_item,https://canvas.oregonstate.edu/courses/2080857/modules/items/26990499,https://canvas.oregonstate.edu/courses/2080857/pages/get-your-mth-252z-course-materials-access-code-+-ebook?module_item_id=26990499,Get your MTH 252Z Course Materials! (Access Code + Ebook) : INTEGRAL CALCULUS (MTH_252Z_400_U2026),page,get-your-mth-252z-course-materials-access-code-+-ebook,1,yes,,raw_html/00033-mth-252-module-item-get-your-mth-252z-course-materials-access-code-ebook-integral-calculus-mth-252z-400-u2026.html,text/00033-mth-252-module-item-get-your-mth-252z-course-materials-access-code-ebook-integral-calculus-mth-252z-400-u2026.txt,text/00033-mth-252-module-item-get-your-mth-252z-course-materials-access-code-ebook-integral-calculus-mth-252z-400-u2026.fulltext.txt,markdown/00033-mth-252-module-item-get-your-mth-252z-course-materials-access-code-ebook-integral-calculus-mth-252z-400-u2026.md,,metadata/00033-mth-252-module-item-get-your-mth-252z-course-materials-access-code-ebook-integral-calculus-mth-252z-400-u2026.json,922dcccd9d83befef347c7fd2cc01ecaa250c1d70573bf4c32b73e27fff98b88,24a3e961a07becb3617d37d47665dff1831425ccc8f1503e6e161bbee4a54cb5,2026-07-30T20:24:01.635Z,1,30,2,0,0,0
00034-mth-252-module-item-achieve-registration-process-v3-pdf-integral-calculus-mth-252z-400-u2026,2080857,MTH-252,module_item,module_item,https://canvas.oregonstate.edu/courses/2080857/modules/items/26982524,https://canvas.oregonstate.edu/courses/2080857/files/119223565?module_item_id=26982524,Achieve Registration Process_v3.pdf: INTEGRAL CALCULUS (MTH_252Z_400_U2026),file,119223565,1,yes,,raw_html/00034-mth-252-module-item-achieve-registration-process-v3-pdf-integral-calculus-mth-252z-400-u2026.html,text/00034-mth-252-module-item-achieve-registration-process-v3-pdf-integral-calculus-mth-252z-400-u2026.txt,text/00034-mth-252-module-item-achieve-registration-process-v3-pdf-integral-calculus-mth-252z-400-u2026.fulltext.txt,markdown/00034-mth-252-module-item-achieve-registration-process-v3-pdf-integral-calculus-mth-252z-400-u2026.md,,metadata/00034-mth-252-module-item-achieve-registration-process-v3-pdf-integral-calculus-mth-252z-400-u2026.json,29280f241cd040b4f7d580903aabb07041a921ef1cd6e645b5ba47a217cf29e7,11492b3b6e08c3d4fae1e2119db28ee384b2f522644f4883793ae685c393411d,2026-07-30T20:24:03.886Z,1,31,3,0,0,0
00035-mth-252-module-item-free-trial-grace-period-in-achieve-2-weeks-integral-calculus-mth-252z-400-u2026,2080857,MTH-252,module_item,module_item,https://canvas.oregonstate.edu/courses/2080857/modules/items/26982525,https://canvas.oregonstate.edu/courses/2080857/pages/free-trial-slash-grace-period-in-achieve-2-weeks?module_item_id=26982525,Free Trial/Grace Period in Achieve (2 weeks): INTEGRAL CALCULUS (MTH_252Z_400_U2026),page,free-trial-slash-grace-period-in-achieve-2-weeks,1,yes,,raw_html/00035-mth-252-module-item-free-trial-grace-period-in-achieve-2-weeks-integral-calculus-mth-252z-400-u2026.html,text/00035-mth-252-module-item-free-trial-grace-period-in-achieve-2-weeks-integral-calculus-mth-252z-400-u2026.txt,text/00035-mth-252-module-item-free-trial-grace-period-in-achieve-2-weeks-integral-calculus-mth-252z-400-u2026.fulltext.txt,markdown/00035-mth-252-module-item-free-trial-grace-period-in-achieve-2-weeks-integral-calculus-mth-252z-400-u2026.md,,metadata/00035-mth-252-module-item-free-trial-grace-period-in-achieve-2-weeks-integral-calculus-mth-252z-400-u2026.json,6441b66181b3c2bd012fce354f2c15ee00ec624ef4ee6e7d7208aef928a4176b,2d4af4d00da5e611a9bac0bf1c76cd5b688f9f4d0c0e34fd5aad948f043e01fd,2026-07-30T20:24:06.235Z,1,28,2,0,0,0
00036-mth-252-module-item-gradescope-submission-using-phone-no-audio,2080857,MTH-252,module_item,module_item,https://canvas.oregonstate.edu/courses/2080857/modules/items/26982529,https://canvas.oregonstate.edu/courses/2080857/modules/items/26982529,Gradescope Submission Using Phone (no audio),module_item,26982529,1,,yes,raw_html/00036-mth-252-module-item-gradescope-submission-using-phone-no-audio.html,text/00036-mth-252-module-item-gradescope-submission-using-phone-no-audio.txt,text/00036-mth-252-module-item-gradescope-submission-using-phone-no-audio.fulltext.txt,markdown/00036-mth-252-module-item-gradescope-submission-using-phone-no-audio.md,,metadata/00036-mth-252-module-item-gradescope-submission-using-phone-no-audio.json,041d468fd75610cb0f516dfd5a1da39d1d88ff9c1672803e2241b3d4aa426794,10c2137a3678a6e7c690ddf3a806a40f80a9a4a7caf6d16b8a951f3490ec4aa2,2026-07-30T20:24:09.085Z,0,29,2,0,0,0
00037-mth-252-module-item-gradescope-submission-using-computer-no-audio,2080857,MTH-252,module_item,module_item,https://canvas.oregonstate.edu/courses/2080857/modules/items/26982530,https://canvas.oregonstate.edu/courses/2080857/modules/items/26982530,Gradescope Submission Using Computer (no audio),module_item,26982530,1,,yes,raw_html/00037-mth-252-module-item-gradescope-submission-using-computer-no-audio.html,text/00037-mth-252-module-item-gradescope-submission-using-computer-no-audio.txt,text/00037-mth-252-module-item-gradescope-submission-using-computer-no-audio.fulltext.txt,markdown/00037-mth-252-module-item-gradescope-submission-using-computer-no-audio.md,,metadata/00037-mth-252-module-item-gradescope-submission-using-computer-no-audio.json,28b0f0b06f034c803aa6a65d9cf579dbf25fbe5134b00f7def577f1dfea10242,cdc2eb8ea2a0ff57090d2c34d0b067b096fabf4a54a1a27ef2e0cbbbf504da5f,2026-07-30T20:24:11.187Z,0,29,2,0,0,0
00038-mth-252-module-item-start-here-where-to-go-for-help-integral-calculus-mth-252z-400-u2026,2080857,MTH-252,module_item,module_item,https://canvas.oregonstate.edu/courses/2080857/modules/items/26982531,https://canvas.oregonstate.edu/courses/2080857/pages/start-here-where-to-go-for-help?module_item_id=26982531,Start Here — Where to go for help?: INTEGRAL CALCULUS (MTH_252Z_400_U2026),page,start-here-where-to-go-for-help,1,yes,,raw_html/00038-mth-252-module-item-start-here-where-to-go-for-help-integral-calculus-mth-252z-400-u2026.html,text/00038-mth-252-module-item-start-here-where-to-go-for-help-integral-calculus-mth-252z-400-u2026.txt,text/00038-mth-252-module-item-start-here-where-to-go-for-help-integral-calculus-mth-252z-400-u2026.fulltext.txt,markdown/00038-mth-252-module-item-start-here-where-to-go-for-help-integral-calculus-mth-252z-400-u2026.md,,metadata/00038-mth-252-module-item-start-here-where-to-go-for-help-integral-calculus-mth-252z-400-u2026.json,1fc59fefc47298ce66aca8502c948ff8b804d46e9177317d3e041a109d956d94,bedfaf21f290ca3019461f0fa2bc1d84f8bc82009429e576f277725368198347,2026-07-30T20:24:13.336Z,3,31,2,0,0,0
00039-mth-252-module-item-start-here-accessibility-statements-privacy-policies-integral-calculus-mth-252z-400-u2026,2080857,MTH-252,module_item,module_item,https://canvas.oregonstate.edu/courses/2080857/modules/items/26982532,https://canvas.oregonstate.edu/courses/2080857/pages/start-here-accessibility-statements-and-privacy-policies?module_item_id=26982532,Start Here — Accessibility Statements & Privacy Policies: INTEGRAL CALCULUS (MTH_252Z_400_U2026),page,start-here-accessibility-statements-and-privacy-policies,1,yes,,raw_html/00039-mth-252-module-item-start-here-accessibility-statements-privacy-policies-integral-calculus-mth-252z-400-u2026.html,text/00039-mth-252-module-item-start-here-accessibility-statements-privacy-policies-integral-calculus-mth-252z-400-u2026.txt,text/00039-mth-252-module-item-start-here-accessibility-statements-privacy-policies-integral-calculus-mth-252z-400-u2026.fulltext.txt,markdown/00039-mth-252-module-item-start-here-accessibility-statements-privacy-policies-integral-calculus-mth-252z-400-u2026.md,,metadata/00039-mth-252-module-item-start-here-accessibility-statements-privacy-policies-integral-calculus-mth-252z-400-u2026.json,73014a459bf471ac8da509ecb7813dbdd1ba58be67b7fe5a1abe2dddf2fd23a2,836b47d4e42f9e4d83da06241f6441b89a7abd360f63bbd348b62ec358f7c006,2026-07-30T20:24:15.588Z,3,30,2,0,0,0
00040-mth-252-module-item-start-here-sources-cited-integral-calculus-mth-252z-400-u2026,2080857,MTH-252,module_item,module_item,https://canvas.oregonstate.edu/courses/2080857/modules/items/26982533,https://canvas.oregonstate.edu/courses/2080857/pages/start-here-sources-cited?module_item_id=26982533,Start Here — Sources Cited: INTEGRAL CALCULUS (MTH_252Z_400_U2026),page,start-here-sources-cited,1,yes,,raw_html/00040-mth-252-module-item-start-here-sources-cited-integral-calculus-mth-252z-400-u2026.html,text/00040-mth-252-module-item-start-here-sources-cited-integral-calculus-mth-252z-400-u2026.txt,text/00040-mth-252-module-item-start-here-sources-cited-integral-calculus-mth-252z-400-u2026.fulltext.txt,markdown/00040-mth-252-module-item-start-here-sources-cited-integral-calculus-mth-252z-400-u2026.md,,metadata/00040-mth-252-module-item-start-here-sources-cited-integral-calculus-mth-252z-400-u2026.json,54bc357de565661600a310982762f9439c5653028d39acc83b37c0249519ea27,470154db96069066046ac86a4ee147f4747456b82c30118453ecf2ba7cce7e3f,2026-07-30T20:24:17.636Z,2,28,2,0,0,0
00041-mth-252-module-item-start-here-conclusion-integral-calculus-mth-252z-400-u2026,2080857,MTH-252,module_item,module_item,https://canvas.oregonstate.edu/courses/2080857/modules/items/26982534,https://canvas.oregonstate.edu/courses/2080857/pages/start-here-conclusion?module_item_id=26982534,Start Here — Conclusion: INTEGRAL CALCULUS (MTH_252Z_400_U2026),page,start-here-conclusion,1,yes,,raw_html/00041-mth-252-module-item-start-here-conclusion-integral-calculus-mth-252z-400-u2026.html,text/00041-mth-252-module-item-start-here-conclusion-integral-calculus-mth-252z-400-u2026.txt,text/00041-mth-252-module-item-start-here-conclusion-integral-calculus-mth-252z-400-u2026.fulltext.txt,markdown/00041-mth-252-module-item-start-here-conclusion-integral-calculus-mth-252z-400-u2026.md,,metadata/00041-mth-252-module-item-start-here-conclusion-integral-calculus-mth-252z-400-u2026.json,50228128690328c80516ffe7556ba505b43ee1e3a985740a569bfb4b8b1c5259,fcfb17b3638b5325c7c6fbc6dc22a06261bd95773b894adff31964be81483bf4,2026-07-30T20:24:19.987Z,1,29,2,0,0,0
00042-mth-252-module-item-topic-q-a-discussion,2080857,MTH-252,module_item,module_item,https://canvas.oregonstate.edu/courses/2080857/modules/items/26982539,https://canvas.oregonstate.edu/courses/2080857/discussion_topics/11593476?module_item_id=26982539,Topic: Q&A Discussion,discussion,11593476,1,yes,,raw_html/00042-mth-252-module-item-topic-q-a-discussion.html,text/00042-mth-252-module-item-topic-q-a-discussion.txt,text/00042-mth-252-module-item-topic-q-a-discussion.fulltext.txt,markdown/00042-mth-252-module-item-topic-q-a-discussion.md,,metadata/00042-mth-252-module-item-topic-q-a-discussion.json,65040e8fd5a91e5e18dc47cb47466f2961b04ddd68db8046e064ccd7bd144eac,e3b0c44298fc1c149afbf4c8996fb92427ae41e4649b934ca495991b7852b855,2026-07-30T20:24:22.086Z,0,27,2,0,0,0
00043-mth-252-module-item-mlc-hours-pdf-integral-calculus-mth-252z-400-u2026,2080857,MTH-252,module_item,module_item,https://canvas.oregonstate.edu/courses/2080857/modules/items/26982536,https://canvas.oregonstate.edu/courses/2080857/files/119223484?module_item_id=26982536,MLC Hours.pdf: INTEGRAL CALCULUS (MTH_252Z_400_U2026),file,119223484,1,yes,,raw_html/00043-mth-252-module-item-mlc-hours-pdf-integral-calculus-mth-252z-400-u2026.html,text/00043-mth-252-module-item-mlc-hours-pdf-integral-calculus-mth-252z-400-u2026.txt,text/00043-mth-252-module-item-mlc-hours-pdf-integral-calculus-mth-252z-400-u2026.fulltext.txt,markdown/00043-mth-252-module-item-mlc-hours-pdf-integral-calculus-mth-252z-400-u2026.md,,metadata/00043-mth-252-module-item-mlc-hours-pdf-integral-calculus-mth-252z-400-u2026.json,2cb92b5d02b4756db2ee1165f9b74f70afc92c85fa13dccb3f34a299b5cb41e5,9b92fd7e4ba6e9554634805f924a387d33a791e87e2faaf128e5802d08da80eb,2026-07-30T20:24:24.276Z,1,31,3,0,0,0
00044-mth-252-module-item-how-to-videos-integral-calculus-mth-252z-400-u2026,2080857,MTH-252,module_item,module_item,https://canvas.oregonstate.edu/courses/2080857/modules/items/26982537,https://canvas.oregonstate.edu/courses/2080857/pages/how-to-videos?module_item_id=26982537,How-To Videos: INTEGRAL CALCULUS (MTH_252Z_400_U2026),page,how-to-videos,1,yes,,raw_html/00044-mth-252-module-item-how-to-videos-integral-calculus-mth-252z-400-u2026.html,text/00044-mth-252-module-item-how-to-videos-integral-calculus-mth-252z-400-u2026.txt,text/00044-mth-252-module-item-how-to-videos-integral-calculus-mth-252z-400-u2026.fulltext.txt,markdown/00044-mth-252-module-item-how-to-videos-integral-calculus-mth-252z-400-u2026.md,,metadata/00044-mth-252-module-item-how-to-videos-integral-calculus-mth-252z-400-u2026.json,814b8d3e8204d5b6379f3f2fc930083a2dc1724cc32dfa85a046937b2a8c8a3a,a51d7afcc6638a5a3b9f2c68d6bb857f83459623d7e00aa7c9573eb829046842,2026-07-30T20:24:27.141Z,4,28,5,0,0,0
00045-mth-252-module-item-review-optional-3-3-differentiation-rules,2080857,MTH-252,module_item,module_item,https://canvas.oregonstate.edu/courses/2080857/modules/items/26982540,https://canvas.oregonstate.edu/courses/2080857/modules/items/26982540,Review (Optional) - 3.3 Differentiation Rules,module_item,26982540,1,,yes,raw_html/00045-mth-252-module-item-review-optional-3-3-differentiation-rules.html,text/00045-mth-252-module-item-review-optional-3-3-differentiation-rules.txt,text/00045-mth-252-module-item-review-optional-3-3-differentiation-rules.fulltext.txt,markdown/00045-mth-252-module-item-review-optional-3-3-differentiation-rules.md,,metadata/00045-mth-252-module-item-review-optional-3-3-differentiation-rules.json,f6d18d5ccec4b5d5fae22ac9b26de2ac08e6d043467ed3ea4133dfce131ecaee,5caaad755e47b5f6d145788bcff46c602426e52b2af089f1f1d3cf037dd6ca1b,2026-07-30T20:24:29.135Z,0,29,2,0,0,0
00046-mth-252-module-item-review-optional-3-5-derivatives-of-trigonometric-functions,2080857,MTH-252,module_item,module_item,https://canvas.oregonstate.edu/courses/2080857/modules/items/26982541,https://canvas.oregonstate.edu/courses/2080857/modules/items/26982541,Review (Optional) - 3.5 Derivatives of Trigonometric Functions,module_item,26982541,1,,yes,raw_html/00046-mth-252-module-item-review-optional-3-5-derivatives-of-trigonometric-functions.html,text/00046-mth-252-module-item-review-optional-3-5-derivatives-of-trigonometric-functions.txt,text/00046-mth-252-module-item-review-optional-3-5-derivatives-of-trigonometric-functions.fulltext.txt,markdown/00046-mth-252-module-item-review-optional-3-5-derivatives-of-trigonometric-functions.md,,metadata/00046-mth-252-module-item-review-optional-3-5-derivatives-of-trigonometric-functions.json,f2e09fb5b4861cc4f71bc736f569045cd1b0f73944f9a5802a06bc985eb45235,a641fb04a92fd504fe4148d5613cbae9635ece1b38187b6a3fb6ca6f5af90e8a,2026-07-30T20:24:31.138Z,0,29,2,0,0,0
00047-mth-252-module-item-review-optional-3-6-the-chain-rule,2080857,MTH-252,module_item,module_item,https://canvas.oregonstate.edu/courses/2080857/modules/items/26982542,https://canvas.oregonstate.edu/courses/2080857/modules/items/26982542,Review (Optional) - 3.6 The Chain Rule,module_item,26982542,1,,yes,raw_html/00047-mth-252-module-item-review-optional-3-6-the-chain-rule.html,text/00047-mth-252-module-item-review-optional-3-6-the-chain-rule.txt,text/00047-mth-252-module-item-review-optional-3-6-the-chain-rule.fulltext.txt,markdown/00047-mth-252-module-item-review-optional-3-6-the-chain-rule.md,,metadata/00047-mth-252-module-item-review-optional-3-6-the-chain-rule.json,bb47e1ab81a2b748a2e724e424e40058f465992b1a0169b4be57eed3e40b65b9,91d473ad6d5f5c43808598321d60ff5d76333eb93ed486491be4395f06212f1e,2026-07-30T20:24:33.243Z,0,29,2,0,0,0
00048-mth-252-module-item-review-optional-3-9-derivatives-of-exponential-and-logarithmic-functions,2080857,MTH-252,module_item,module_item,https://canvas.oregonstate.edu/courses/2080857/modules/items/26982543,https://canvas.oregonstate.edu/courses/2080857/modules/items/26982543,Review (Optional) - 3.9 Derivatives of Exponential and Logarithmic Functions,module_item,26982543,1,,yes,raw_html/00048-mth-252-module-item-review-optional-3-9-derivatives-of-exponential-and-logarithmic-functions.html,text/00048-mth-252-module-item-review-optional-3-9-derivatives-of-exponential-and-logarithmic-functions.txt,text/00048-mth-252-module-item-review-optional-3-9-derivatives-of-exponential-and-logarithmic-functions.fulltext.txt,markdown/00048-mth-252-module-item-review-optional-3-9-derivatives-of-exponential-and-logarithmic-functions.md,,metadata/00048-mth-252-module-item-review-optional-3-9-derivatives-of-exponential-and-logarithmic-functions.json,e5e8d7e852430666565b2304ea2305fa4004cf899215729ca263d51d4897922c,55b98c91038e9ca9f6e96bd306f8080f1d63e6634e576c9320cbc47fe0b3d564,2026-07-30T20:24:35.235Z,0,29,2,0,0,0
00049-mth-252-module-item-module-1-overview-integral-calculus-mth-252z-400-u2026,2080857,MTH-252,module_item,module_item,https://canvas.oregonstate.edu/courses/2080857/modules/items/26982544,https://canvas.oregonstate.edu/courses/2080857/pages/module-1-overview?module_item_id=26982544,Module 1 — Overview: INTEGRAL CALCULUS (MTH_252Z_400_U2026),page,module-1-overview,1,yes,,raw_html/00049-mth-252-module-item-module-1-overview-integral-calculus-mth-252z-400-u2026.html,text/00049-mth-252-module-item-module-1-overview-integral-calculus-mth-252z-400-u2026.txt,text/00049-mth-252-module-item-module-1-overview-integral-calculus-mth-252z-400-u2026.fulltext.txt,markdown/00049-mth-252-module-item-module-1-overview-integral-calculus-mth-252z-400-u2026.md,,metadata/00049-mth-252-module-item-module-1-overview-integral-calculus-mth-252z-400-u2026.json,c1bb8743294d76f82040633be9d58611bec011bb4e95948b4fc90f5a4a4cc327,778cdde2aa3a6675e7a7f4baf1a5db23a2032f6e249ce374d422f6f757d992e3,2026-07-30T20:24:37.836Z,4,30,2,0,0,0
00050-mth-252-module-item-module-1-learning-materials-and-practice-activities-3-5-hours-integral-calculus-mth-252z-400-u20,2080857,MTH-252,module_item,module_item,https://canvas.oregonstate.edu/courses/2080857/modules/items/26982545,https://canvas.oregonstate.edu/courses/2080857/pages/module-1-learning-materials-and-practice-activities-3-5-hours-2?module_item_id=26982545,Module 1 — Learning Materials and Practice Activities 🕓 3 - 5 hours: INTEGRAL CALCULUS (MTH_252Z_400_U2026),page,module-1-learning-materials-and-practice-activities-3-5-hours-2,1,yes,,raw_html/00050-mth-252-module-item-module-1-learning-materials-and-practice-activities-3-5-hours-integral-calculus-mth-252z-400-u20.html,text/00050-mth-252-module-item-module-1-learning-materials-and-practice-activities-3-5-hours-integral-calculus-mth-252z-400-u20.txt,text/00050-mth-252-module-item-module-1-learning-materials-and-practice-activities-3-5-hours-integral-calculus-mth-252z-400-u20.fulltext.txt,markdown/00050-mth-252-module-item-module-1-learning-materials-and-practice-activities-3-5-hours-integral-calculus-mth-252z-400-u20.md,,metadata/00050-mth-252-module-item-module-1-learning-materials-and-practice-activities-3-5-hours-integral-calculus-mth-252z-400-u20.json,6b36e647e28ec3bc58e12fe38571c5b0f9eed427ccc99d7461ea0c1f84ced4f2,ad009c700a564b39e4d15f42ef5490233ca43273146cb301df11c69e76d51b15,2026-07-30T20:24:40.386Z,7,41,2,0,0,0
00051-mth-252-module-item-252-lecture-1-1-to-me1-pdf-integral-calculus-mth-252z-400-u2026,2080857,MTH-252,module_item,module_item,https://canvas.oregonstate.edu/courses/2080857/modules/items/26982546,https://canvas.oregonstate.edu/courses/2080857/files/119223553?module_item_id=26982546,252-Lecture-1.1-to-ME1.pdf: INTEGRAL CALCULUS (MTH_252Z_400_U2026),file,119223553,1,yes,,raw_html/00051-mth-252-module-item-252-lecture-1-1-to-me1-pdf-integral-calculus-mth-252z-400-u2026.html,text/00051-mth-252-module-item-252-lecture-1-1-to-me1-pdf-integral-calculus-mth-252z-400-u2026.txt,text/00051-mth-252-module-item-252-lecture-1-1-to-me1-pdf-integral-calculus-mth-252z-400-u2026.fulltext.txt,markdown/00051-mth-252-module-item-252-lecture-1-1-to-me1-pdf-integral-calculus-mth-252z-400-u2026.md,,metadata/00051-mth-252-module-item-252-lecture-1-1-to-me1-pdf-integral-calculus-mth-252z-400-u2026.json,56622735ca6a29ab3de8007a6dc5796357e22a3350a364aa3405f010139cb652,4488cc49b08cec78f218fdd6fb39f2f6f6a6ddb096dde1704c61ec22488c6594,2026-07-30T20:24:42.538Z,1,31,3,0,0,0
00052-mth-252-module-item-dr-g-s-videos-1-1-integral-calculus-mth-252z-400-u2026,2080857,MTH-252,module_item,module_item,https://canvas.oregonstate.edu/courses/2080857/modules/items/26982547,https://canvas.oregonstate.edu/courses/2080857/pages/dr-gs-videos-%3E-1-dot-1?module_item_id=26982547,Dr. G's Videos --> 1.1: INTEGRAL CALCULUS (MTH_252Z_400_U2026),page,dr-gs-videos-%3E-1-dot-1,1,yes,,raw_html/00052-mth-252-module-item-dr-g-s-videos-1-1-integral-calculus-mth-252z-400-u2026.html,text/00052-mth-252-module-item-dr-g-s-videos-1-1-integral-calculus-mth-252z-400-u2026.txt,text/00052-mth-252-module-item-dr-g-s-videos-1-1-integral-calculus-mth-252z-400-u2026.fulltext.txt,markdown/00052-mth-252-module-item-dr-g-s-videos-1-1-integral-calculus-mth-252z-400-u2026.md,,metadata/00052-mth-252-module-item-dr-g-s-videos-1-1-integral-calculus-mth-252z-400-u2026.json,8ca88b36f74f005424d17ec40fea1fbff556b13a460de572736368921df1a086,3ecba537b057fd8ad442e9d913c6c4b04c86424be41ce686cb52270ac9c34a2d,2026-07-30T20:24:45.185Z,1,26,5,0,0,0
00053-mth-252-module-item-pre-class-reading-quiz-1-1-rq-1-1-integral-calculus-mth-252z-400-u2026,2080857,MTH-252,module_item,module_item,https://canvas.oregonstate.edu/courses/2080857/modules/items/26982548,https://canvas.oregonstate.edu/courses/2080857/quizzes/3167659?module_item_id=26982548,Pre-Class Reading Quiz - 1.1 (RQ-1.1): INTEGRAL CALCULUS (MTH_252Z_400_U2026),quiz,3167659,1,yes,,raw_html/00053-mth-252-module-item-pre-class-reading-quiz-1-1-rq-1-1-integral-calculus-mth-252z-400-u2026.html,text/00053-mth-252-module-item-pre-class-reading-quiz-1-1-rq-1-1-integral-calculus-mth-252z-400-u2026.txt,text/00053-mth-252-module-item-pre-class-reading-quiz-1-1-rq-1-1-integral-calculus-mth-252z-400-u2026.fulltext.txt,markdown/00053-mth-252-module-item-pre-class-reading-quiz-1-1-rq-1-1-integral-calculus-mth-252z-400-u2026.md,,metadata/00053-mth-252-module-item-pre-class-reading-quiz-1-1-rq-1-1-integral-calculus-mth-252z-400-u2026.json,6be4d3c29261f7d8627804b247300cf5f47ad3b4faed83ad837ba7c913e8066f,60db69d1e800db61511cb8cec11528ed9a8aca4e9b4b679de16ea7abdab981ce,2026-07-30T20:24:47.839Z,5,49,2,0,0,0
00054-mth-252-module-item-module-1-written-homework-whw-1-2-hours,2080857,MTH-252,module_item,module_item,https://canvas.oregonstate.edu/courses/2080857/modules/items/26982549,https://canvas.oregonstate.edu/courses/2080857/assignments/10586053?module_item_id=26982549,Module 1 — Written Homework (WHW 1) 🕓 2 hours,assignment,10586053,1,yes,yes,raw_html/00054-mth-252-module-item-module-1-written-homework-whw-1-2-hours.html,text/00054-mth-252-module-item-module-1-written-homework-whw-1-2-hours.txt,text/00054-mth-252-module-item-module-1-written-homework-whw-1-2-hours.fulltext.txt,markdown/00054-mth-252-module-item-module-1-written-homework-whw-1-2-hours.md,,metadata/00054-mth-252-module-item-module-1-written-homework-whw-1-2-hours.json,5444cbeffa7e0e3180de725659f1401127f8debf7566ea8eadff7773a0d086dd,1ef2bc08acf042a98f5d30bedca6ef97c7e2b8a60cbbdad7f320b5083ffae7b2,2026-07-30T20:24:50.737Z,7,61,2,0,0,0
00055-mth-252-module-item-intro-reflect-1,2080857,MTH-252,module_item,module_item,https://canvas.oregonstate.edu/courses/2080857/modules/items/26982550,https://canvas.oregonstate.edu/courses/2080857/assignments/10586044?module_item_id=26982550,Intro Reflect 1,assignment,10586044,1,yes,yes,raw_html/00055-mth-252-module-item-intro-reflect-1.html,text/00055-mth-252-module-item-intro-reflect-1.txt,text/00055-mth-252-module-item-intro-reflect-1.fulltext.txt,markdown/00055-mth-252-module-item-intro-reflect-1.md,,metadata/00055-mth-252-module-item-intro-reflect-1.json,f3bc041b53c2ac4d410baed6c479692d8c8a333af1b25260cf88746c6fcdff9b,728f2968ffc671eb79441c8dc5466174cb9f1ffc01b1df7b76933ed0000c982a,2026-07-30T20:24:53.236Z,2,55,2,0,0,0
00056-mth-252-module-item-achieve-1-1-approximating-areas,2080857,MTH-252,module_item,module_item,https://canvas.oregonstate.edu/courses/2080857/modules/items/26982551,https://canvas.oregonstate.edu/courses/2080857/assignments/10586025?module_item_id=26982551,Achieve - 1.1 Approximating Areas,assignment,10586025,1,yes,yes,raw_html/00056-mth-252-module-item-achieve-1-1-approximating-areas.html,text/00056-mth-252-module-item-achieve-1-1-approximating-areas.txt,text/00056-mth-252-module-item-achieve-1-1-approximating-areas.fulltext.txt,markdown/00056-mth-252-module-item-achieve-1-1-approximating-areas.md,,metadata/00056-mth-252-module-item-achieve-1-1-approximating-areas.json,372a46fff53878b39de8b80516469e497005bf4367842ee2c383bf3f6acc26a2,e3818404286b360d3ad698df39877e57da7b4a9431214251afda31b99050513c,2026-07-30T20:24:55.750Z,2,55,2,0,0,0
00057-mth-252-module-item-topic-module-1-discussion-reflection-whw-1-0-25-hour,2080857,MTH-252,module_item,module_item,https://canvas.oregonstate.edu/courses/2080857/modules/items/26982552,https://canvas.oregonstate.edu/courses/2080857/discussion_topics/11593475?module_item_id=26982552,Topic: Module 1 — Discussion Reflection: WHW 1 🕓 0.25 hour,discussion,11593475,1,yes,,raw_html/00057-mth-252-module-item-topic-module-1-discussion-reflection-whw-1-0-25-hour.html,text/00057-mth-252-module-item-topic-module-1-discussion-reflection-whw-1-0-25-hour.txt,text/00057-mth-252-module-item-topic-module-1-discussion-reflection-whw-1-0-25-hour.fulltext.txt,markdown/00057-mth-252-module-item-topic-module-1-discussion-reflection-whw-1-0-25-hour.md,,metadata/00057-mth-252-module-item-topic-module-1-discussion-reflection-whw-1-0-25-hour.json,6f41846d9ce3dc49499bd75b73d6276a410a23a6601614dc0bb3af0577fc3ee7,e3b0c44298fc1c149afbf4c8996fb92427ae41e4649b934ca495991b7852b855,2026-07-30T20:24:58.037Z,0,27,2,0,0,0
00058-mth-252-module-item-module-2-overview-integral-calculus-mth-252z-400-u2026,2080857,MTH-252,module_item,module_item,https://canvas.oregonstate.edu/courses/2080857/modules/items/26982553,https://canvas.oregonstate.edu/courses/2080857/pages/module-2-overview?module_item_id=26982553,Module 2 — Overview: INTEGRAL CALCULUS (MTH_252Z_400_U2026),page,module-2-overview,1,yes,,raw_html/00058-mth-252-module-item-module-2-overview-integral-calculus-mth-252z-400-u2026.html,text/00058-mth-252-module-item-module-2-overview-integral-calculus-mth-252z-400-u2026.txt,text/00058-mth-252-module-item-module-2-overview-integral-calculus-mth-252z-400-u2026.fulltext.txt,markdown/00058-mth-252-module-item-module-2-overview-integral-calculus-mth-252z-400-u2026.md,,metadata/00058-mth-252-module-item-module-2-overview-integral-calculus-mth-252z-400-u2026.json,3a496e330b69725a10b5a6aa14e87e4b4c47c36a9764f423e0f6401dbb9de70f,d81770e7671478f8e55bb579602eafef5825890477b0211807a8b5bd6143cb50,2026-07-30T20:25:00.386Z,4,30,2,0,0,0
00059-mth-252-module-item-module-2-learning-materials-and-practice-activities-3-5-hours-integral-calculus-mth-252z-400-u20,2080857,MTH-252,module_item,module_item,https://canvas.oregonstate.edu/courses/2080857/modules/items/26982554,https://canvas.oregonstate.edu/courses/2080857/pages/module-2-learning-materials-and-practice-activities-3-5-hours-2?module_item_id=26982554,Module 2 — Learning Materials and Practice Activities 🕓 3 - 5 hours: INTEGRAL CALCULUS (MTH_252Z_400_U2026),page,module-2-learning-materials-and-practice-activities-3-5-hours-2,1,yes,,raw_html/00059-mth-252-module-item-module-2-learning-materials-and-practice-activities-3-5-hours-integral-calculus-mth-252z-400-u20.html,text/00059-mth-252-module-item-module-2-learning-materials-and-practice-activities-3-5-hours-integral-calculus-mth-252z-400-u20.txt,text/00059-mth-252-module-item-module-2-learning-materials-and-practice-activities-3-5-hours-integral-calculus-mth-252z-400-u20.fulltext.txt,markdown/00059-mth-252-module-item-module-2-learning-materials-and-practice-activities-3-5-hours-integral-calculus-mth-252z-400-u20.md,,metadata/00059-mth-252-module-item-module-2-learning-materials-and-practice-activities-3-5-hours-integral-calculus-mth-252z-400-u20.json,294ae85e6905c08c870cd24534a138deced9e2b022b736444edaa84064fa4496,7eef3460863e2c4fc7a549d7ed9517d03fae9499f54b8e86bc29b75f89907e75,2026-07-30T20:25:02.539Z,7,41,2,0,0,0
00060-mth-252-module-item-252-lecture-1-1-to-me1-pdf-integral-calculus-mth-252z-400-u2026,2080857,MTH-252,module_item,module_item,https://canvas.oregonstate.edu/courses/2080857/modules/items/26982555,https://canvas.oregonstate.edu/courses/2080857/files/119223553?module_item_id=26982555,252-Lecture-1.1-to-ME1.pdf: INTEGRAL CALCULUS (MTH_252Z_400_U2026),file,119223553,1,yes,,raw_html/00060-mth-252-module-item-252-lecture-1-1-to-me1-pdf-integral-calculus-mth-252z-400-u2026.html,text/00060-mth-252-module-item-252-lecture-1-1-to-me1-pdf-integral-calculus-mth-252z-400-u2026.txt,text/00060-mth-252-module-item-252-lecture-1-1-to-me1-pdf-integral-calculus-mth-252z-400-u2026.fulltext.txt,markdown/00060-mth-252-module-item-252-lecture-1-1-to-me1-pdf-integral-calculus-mth-252z-400-u2026.md,,metadata/00060-mth-252-module-item-252-lecture-1-1-to-me1-pdf-integral-calculus-mth-252z-400-u2026.json,e1a9b8287d9c42841f44fd8e3b55e51aa96f17094df6bb0b19391f583b6f1b1a,4488cc49b08cec78f218fdd6fb39f2f6f6a6ddb096dde1704c61ec22488c6594,2026-07-30T20:25:04.837Z,1,31,3,0,0,0
00061-mth-252-module-item-dr-g-s-videos-1-2-integral-calculus-mth-252z-400-u2026,2080857,MTH-252,module_item,module_item,https://canvas.oregonstate.edu/courses/2080857/modules/items/26982556,https://canvas.oregonstate.edu/courses/2080857/pages/dr-gs-videos-%3E-1-dot-2?module_item_id=26982556,Dr. G's Videos --> 1.2: INTEGRAL CALCULUS (MTH_252Z_400_U2026),page,dr-gs-videos-%3E-1-dot-2,1,yes,,raw_html/00061-mth-252-module-item-dr-g-s-videos-1-2-integral-calculus-mth-252z-400-u2026.html,text/00061-mth-252-module-item-dr-g-s-videos-1-2-integral-calculus-mth-252z-400-u2026.txt,text/00061-mth-252-module-item-dr-g-s-videos-1-2-integral-calculus-mth-252z-400-u2026.fulltext.txt,markdown/00061-mth-252-module-item-dr-g-s-videos-1-2-integral-calculus-mth-252z-400-u2026.md,,metadata/00061-mth-252-module-item-dr-g-s-videos-1-2-integral-calculus-mth-252z-400-u2026.json,44b46de0977be4ddd6f406201706df2b28dd771c0e69fcb99e9d33eb91225546,179db5f1ee1d3a2784ad04689b0d14d89e25e02bf33a19de5d21a1b0f653cf88,2026-07-30T20:25:07.087Z,1,28,6,0,0,0
00062-mth-252-module-item-pre-class-reading-quiz-1-2-rq-1-2-integral-calculus-mth-252z-400-u2026,2080857,MTH-252,module_item,module_item,https://canvas.oregonstate.edu/courses/2080857/modules/items/26982557,https://canvas.oregonstate.edu/courses/2080857/quizzes/3167658?module_item_id=26982557,Pre-Class Reading Quiz - 1.2 (RQ-1.2): INTEGRAL CALCULUS (MTH_252Z_400_U2026),quiz,3167658,1,yes,,raw_html/00062-mth-252-module-item-pre-class-reading-quiz-1-2-rq-1-2-integral-calculus-mth-252z-400-u2026.html,text/00062-mth-252-module-item-pre-class-reading-quiz-1-2-rq-1-2-integral-calculus-mth-252z-400-u2026.txt,text/00062-mth-252-module-item-pre-class-reading-quiz-1-2-rq-1-2-integral-calculus-mth-252z-400-u2026.fulltext.txt,markdown/00062-mth-252-module-item-pre-class-reading-quiz-1-2-rq-1-2-integral-calculus-mth-252z-400-u2026.md,,metadata/00062-mth-252-module-item-pre-class-reading-quiz-1-2-rq-1-2-integral-calculus-mth-252z-400-u2026.json,9402046aa79a8b05482893e32816efcc6fa77961ed465acfc36995aeabe05878,9d270c5fc8679b54ebd31b14a8b2f2e1c9efdec29abbc9e9e09bc73cfa30cceb,2026-07-30T20:25:10.785Z,4,28,2,0,0,0
00063-mth-252-module-item-module-2-written-homework-whw-2-3-hours,2080857,MTH-252,module_item,module_item,https://canvas.oregonstate.edu/courses/2080857/modules/items/26982558,https://canvas.oregonstate.edu/courses/2080857/assignments/10586055?module_item_id=26982558,Module 2 — Written Homework (WHW 2) 🕓 3 hours,assignment,10586055,1,yes,,raw_html/00063-mth-252-module-item-module-2-written-homework-whw-2-3-hours.html,text/00063-mth-252-module-item-module-2-written-homework-whw-2-3-hours.txt,text/00063-mth-252-module-item-module-2-written-homework-whw-2-3-hours.fulltext.txt,markdown/00063-mth-252-module-item-module-2-written-homework-whw-2-3-hours.md,,metadata/00063-mth-252-module-item-module-2-written-homework-whw-2-3-hours.json,4b920f0159039f3ec2e772d7a7433a6e02e951c9fbea26b5d5be2923e0bfa1ee,3d880dd73157c897779e71ddf276761467fd57b159719cb20cef4d1b7adb4bd7,2026-07-30T20:25:13.438Z,7,58,2,0,0,0
00064-mth-252-module-item-reflection-2,2080857,MTH-252,module_item,module_item,https://canvas.oregonstate.edu/courses/2080857/modules/items/26982559,https://canvas.oregonstate.edu/courses/2080857/assignments/10586063?module_item_id=26982559,Reflection 2,assignment,10586063,1,yes,yes,raw_html/00064-mth-252-module-item-reflection-2.html,text/00064-mth-252-module-item-reflection-2.txt,text/00064-mth-252-module-item-reflection-2.fulltext.txt,markdown/00064-mth-252-module-item-reflection-2.md,,metadata/00064-mth-252-module-item-reflection-2.json,f20a3ba217a24cc62695cd0918ead0ba1eb87b2280e9fc679b345327d3808c9b,05ea482554f10d51e09c310a8febb790b13a2001cc17ebb52608dc0e805f2a27,2026-07-30T20:25:15.886Z,2,55,2,0,0,0
00065-mth-252-module-item-achieve-1-2-the-definite-integral,2080857,MTH-252,module_item,module_item,https://canvas.oregonstate.edu/courses/2080857/modules/items/26982560,https://canvas.oregonstate.edu/courses/2080857/assignments/10586026?module_item_id=26982560,Achieve - 1.2 The Definite Integral,assignment,10586026,1,yes,yes,raw_html/00065-mth-252-module-item-achieve-1-2-the-definite-integral.html,text/00065-mth-252-module-item-achieve-1-2-the-definite-integral.txt,text/00065-mth-252-module-item-achieve-1-2-the-definite-integral.fulltext.txt,markdown/00065-mth-252-module-item-achieve-1-2-the-definite-integral.md,,metadata/00065-mth-252-module-item-achieve-1-2-the-definite-integral.json,46dfe16ab454e7fa567454a5eb04823633242009f68dd395aa712c65fe490323,16e7b425b3e526eca5b2cf4a06a97ebc025eea18594c7e66fee6dbaf7a419b7b,2026-07-30T20:25:18.840Z,2,55,2,0,0,0
00066-mth-252-module-item-topic-module-2-discussion-reflection-0-5-hour,2080857,MTH-252,module_item,module_item,https://canvas.oregonstate.edu/courses/2080857/modules/items/26982561,https://canvas.oregonstate.edu/courses/2080857/discussion_topics/11593474?module_item_id=26982561,Topic: Module 2 — Discussion Reflection 🕓 0.5 hour,discussion,11593474,1,yes,,raw_html/00066-mth-252-module-item-topic-module-2-discussion-reflection-0-5-hour.html,text/00066-mth-252-module-item-topic-module-2-discussion-reflection-0-5-hour.txt,text/00066-mth-252-module-item-topic-module-2-discussion-reflection-0-5-hour.fulltext.txt,markdown/00066-mth-252-module-item-topic-module-2-discussion-reflection-0-5-hour.md,,metadata/00066-mth-252-module-item-topic-module-2-discussion-reflection-0-5-hour.json,1ef3b3b86a7bae6371c2dc5c48aa156bd7f43920aa23886626a7b03f3f8ab63f,e3b0c44298fc1c149afbf4c8996fb92427ae41e4649b934ca495991b7852b855,2026-07-30T20:25:21.388Z,0,27,2,0,0,0
00067-mth-252-module-item-mini-exam-1-tues-thur-no-late-submissions,2080857,MTH-252,module_item,module_item,https://canvas.oregonstate.edu/courses/2080857/modules/items/26982562,https://canvas.oregonstate.edu/courses/2080857/assignments/10586045?module_item_id=26982562,Mini-Exam 1 - Tues - Thur (No late submissions),assignment,10586045,1,yes,yes,raw_html/00067-mth-252-module-item-mini-exam-1-tues-thur-no-late-submissions.html,text/00067-mth-252-module-item-mini-exam-1-tues-thur-no-late-submissions.txt,text/00067-mth-252-module-item-mini-exam-1-tues-thur-no-late-submissions.fulltext.txt,markdown/00067-mth-252-module-item-mini-exam-1-tues-thur-no-late-submissions.md,,metadata/00067-mth-252-module-item-mini-exam-1-tues-thur-no-late-submissions.json,9b902e2880dd5ea7715b3abc14693d9915c4fd223b32608eaa364741435cbd07,58e8e707bb69ec73b0de537368f022349606e14ebe6aebf3770d53688b62d669,2026-07-30T20:25:26.489Z,8,75,2,0,0,0
00068-mth-252-module-item-module-3-overview-integral-calculus-mth-252z-400-u2026,2080857,MTH-252,module_item,module_item,https://canvas.oregonstate.edu/courses/2080857/modules/items/26982563,https://canvas.oregonstate.edu/courses/2080857/pages/module-3-overview?module_item_id=26982563,Module 3 — Overview: INTEGRAL CALCULUS (MTH_252Z_400_U2026),page,module-3-overview,1,yes,,raw_html/00068-mth-252-module-item-module-3-overview-integral-calculus-mth-252z-400-u2026.html,text/00068-mth-252-module-item-module-3-overview-integral-calculus-mth-252z-400-u2026.txt,text/00068-mth-252-module-item-module-3-overview-integral-calculus-mth-252z-400-u2026.fulltext.txt,markdown/00068-mth-252-module-item-module-3-overview-integral-calculus-mth-252z-400-u2026.md,,metadata/00068-mth-252-module-item-module-3-overview-integral-calculus-mth-252z-400-u2026.json,b0e426d3126286780f6839323e64a19b6038d5ee5f588ba05d3a10e6e099a341,77191e1266438ef0852140a10733fa938dbe057290545b0f2f7b815f5721afce,2026-07-30T20:25:29.140Z,4,30,2,0,0,0
00069-mth-252-module-item-module-3-learning-materials-and-practice-activities-3-5-hours-integral-calculus-mth-252z-400-u20,2080857,MTH-252,module_item,module_item,https://canvas.oregonstate.edu/courses/2080857/modules/items/26982564,https://canvas.oregonstate.edu/courses/2080857/pages/module-3-learning-materials-and-practice-activities-3-5-hours-2?module_item_id=26982564,Module 3 — Learning Materials and Practice Activities 🕓 3 - 5 hours: INTEGRAL CALCULUS (MTH_252Z_400_U2026),page,module-3-learning-materials-and-practice-activities-3-5-hours-2,1,yes,,raw_html/00069-mth-252-module-item-module-3-learning-materials-and-practice-activities-3-5-hours-integral-calculus-mth-252z-400-u20.html,text/00069-mth-252-module-item-module-3-learning-materials-and-practice-activities-3-5-hours-integral-calculus-mth-252z-400-u20.txt,text/00069-mth-252-module-item-module-3-learning-materials-and-practice-activities-3-5-hours-integral-calculus-mth-252z-400-u20.fulltext.txt,markdown/00069-mth-252-module-item-module-3-learning-materials-and-practice-activities-3-5-hours-integral-calculus-mth-252z-400-u20.md,,metadata/00069-mth-252-module-item-module-3-learning-materials-and-practice-activities-3-5-hours-integral-calculus-mth-252z-400-u20.json,0a740dfa3907c602f20aaf1d2d5c559469ccc12f29fcb217522f759ed4999d76,7eb9f20fc089503255fcc292071922cb88a272d14375e1e5962c528a7101c1ff,2026-07-30T20:25:32.036Z,7,53,2,0,0,0
00070-mth-252-module-item-252-lecture-1-3-to-me2-pdf-integral-calculus-mth-252z-400-u2026,2080857,MTH-252,module_item,module_item,https://canvas.oregonstate.edu/courses/2080857/modules/items/26982565,https://canvas.oregonstate.edu/courses/2080857/files/119223594?module_item_id=26982565,252-Lecture-1.3-to-ME2.pdf: INTEGRAL CALCULUS (MTH_252Z_400_U2026),file,119223594,1,yes,,raw_html/00070-mth-252-module-item-252-lecture-1-3-to-me2-pdf-integral-calculus-mth-252z-400-u2026.html,text/00070-mth-252-module-item-252-lecture-1-3-to-me2-pdf-integral-calculus-mth-252z-400-u2026.txt,text/00070-mth-252-module-item-252-lecture-1-3-to-me2-pdf-integral-calculus-mth-252z-400-u2026.fulltext.txt,markdown/00070-mth-252-module-item-252-lecture-1-3-to-me2-pdf-integral-calculus-mth-252z-400-u2026.md,,metadata/00070-mth-252-module-item-252-lecture-1-3-to-me2-pdf-integral-calculus-mth-252z-400-u2026.json,9dc40255163425e0e2eaa42f19b256db38232c1f5518f7c801fbba0670f3469b,f12caf324dcf2101fceca7917452ef796e29799e4eeea1ca1a9b1bc4bad645ab,2026-07-30T20:25:34.513Z,1,31,3,0,0,0
00071-mth-252-module-item-dr-g-s-videos-1-3-4-10-integral-calculus-mth-252z-400-u2026,2080857,MTH-252,module_item,module_item,https://canvas.oregonstate.edu/courses/2080857/modules/items/26982566,https://canvas.oregonstate.edu/courses/2080857/pages/dr-gs-videos-%3E-1-dot-3-4-dot-10?module_item_id=26982566,"Dr G's Videos --> 1.3, 4.10: INTEGRAL CALCULUS (MTH_252Z_400_U2026)",page,dr-gs-videos-%3E-1-dot-3-4-dot-10,1,yes,,raw_html/00071-mth-252-module-item-dr-g-s-videos-1-3-4-10-integral-calculus-mth-252z-400-u2026.html,text/00071-mth-252-module-item-dr-g-s-videos-1-3-4-10-integral-calculus-mth-252z-400-u2026.txt,text/00071-mth-252-module-item-dr-g-s-videos-1-3-4-10-integral-calculus-mth-252z-400-u2026.fulltext.txt,markdown/00071-mth-252-module-item-dr-g-s-videos-1-3-4-10-integral-calculus-mth-252z-400-u2026.md,,metadata/00071-mth-252-module-item-dr-g-s-videos-1-3-4-10-integral-calculus-mth-252z-400-u2026.json,2ff0e762fd36f292d43537e028403caf94e667f075dab883197f4e4a2161e623,7cd971ecd5221d60344443192b8d1df3706b2bd01cea2e14a0a928499f94c95a,2026-07-30T20:25:37.135Z,1,28,6,0,0,0
00072-mth-252-module-item-pre-class-reading-quiz-1-3-rq-1-3-integral-calculus-mth-252z-400-u2026,2080857,MTH-252,module_item,module_item,https://canvas.oregonstate.edu/courses/2080857/modules/items/26982567,https://canvas.oregonstate.edu/courses/2080857/quizzes/3167655?module_item_id=26982567,Pre-Class Reading Quiz - 1.3 (RQ-1.3) : INTEGRAL CALCULUS (MTH_252Z_400_U2026),quiz,3167655,1,yes,,raw_html/00072-mth-252-module-item-pre-class-reading-quiz-1-3-rq-1-3-integral-calculus-mth-252z-400-u2026.html,text/00072-mth-252-module-item-pre-class-reading-quiz-1-3-rq-1-3-integral-calculus-mth-252z-400-u2026.txt,text/00072-mth-252-module-item-pre-class-reading-quiz-1-3-rq-1-3-integral-calculus-mth-252z-400-u2026.fulltext.txt,markdown/00072-mth-252-module-item-pre-class-reading-quiz-1-3-rq-1-3-integral-calculus-mth-252z-400-u2026.md,,metadata/00072-mth-252-module-item-pre-class-reading-quiz-1-3-rq-1-3-integral-calculus-mth-252z-400-u2026.json,590dbad062f5eb2386bcb8e23ea4f1e10fe6607924f1c83499ca044ad2af3e47,fe58bdf273892efcbcc4054c1d4bf7e2fc5995b9a5ab76ec639a1f4b87964609,2026-07-30T20:25:40.097Z,4,42,2,0,0,0
00073-mth-252-module-item-module-3-written-homework-whw-3-3-hours,2080857,MTH-252,module_item,module_item,https://canvas.oregonstate.edu/courses/2080857/modules/items/26982568,https://canvas.oregonstate.edu/courses/2080857/assignments/10586056?module_item_id=26982568,Module 3 — Written Homework (WHW 3) 🕓 3 hours,assignment,10586056,1,yes,,raw_html/00073-mth-252-module-item-module-3-written-homework-whw-3-3-hours.html,text/00073-mth-252-module-item-module-3-written-homework-whw-3-3-hours.txt,text/00073-mth-252-module-item-module-3-written-homework-whw-3-3-hours.fulltext.txt,markdown/00073-mth-252-module-item-module-3-written-homework-whw-3-3-hours.md,,metadata/00073-mth-252-module-item-module-3-written-homework-whw-3-3-hours.json,4d39b673f2333e91dc666397063967d43e7c45e396ab45f3079b76f93bd2e23d,e287c0419ec5c573362d1f82bb3cc926d767a8b18febc2448878587aec866e15,2026-07-30T20:25:42.587Z,7,65,2,0,0,0
00074-mth-252-module-item-achieve-1-3-the-fundamental-theorem-of-calculus,2080857,MTH-252,module_item,module_item,https://canvas.oregonstate.edu/courses/2080857/modules/items/26982569,https://canvas.oregonstate.edu/courses/2080857/assignments/10586027?module_item_id=26982569,Achieve - 1.3 The Fundamental Theorem of Calculus,assignment,10586027,1,yes,yes,raw_html/00074-mth-252-module-item-achieve-1-3-the-fundamental-theorem-of-calculus.html,text/00074-mth-252-module-item-achieve-1-3-the-fundamental-theorem-of-calculus.txt,text/00074-mth-252-module-item-achieve-1-3-the-fundamental-theorem-of-calculus.fulltext.txt,markdown/00074-mth-252-module-item-achieve-1-3-the-fundamental-theorem-of-calculus.md,,metadata/00074-mth-252-module-item-achieve-1-3-the-fundamental-theorem-of-calculus.json,2867bcfbdfe6ec24d6c5a72019adf30c7a0910d39bbde442672fad709ff79096,129f00c7acbc6b42705a135c3f851caf141277254e44867be406c950d7ef756a,2026-07-30T20:25:45.136Z,2,55,2,0,0,0
00075-mth-252-module-item-achieve-4-10-antiderivatives,2080857,MTH-252,module_item,module_item,https://canvas.oregonstate.edu/courses/2080857/modules/items/26982570,https://canvas.oregonstate.edu/courses/2080857/assignments/10586042?module_item_id=26982570,Achieve - 4.10 Antiderivatives,assignment,10586042,1,yes,yes,raw_html/00075-mth-252-module-item-achieve-4-10-antiderivatives.html,text/00075-mth-252-module-item-achieve-4-10-antiderivatives.txt,text/00075-mth-252-module-item-achieve-4-10-antiderivatives.fulltext.txt,markdown/00075-mth-252-module-item-achieve-4-10-antiderivatives.md,,metadata/00075-mth-252-module-item-achieve-4-10-antiderivatives.json,57d82aa5802f97da57b08c82f47d739c5c810f60d451d051a87e76bbcfc7b198,39ef4bdbbcb0912ce0445bc5734fbf58ce091bd7d206ff3276fabbafb49a0ec3,2026-07-30T20:25:47.390Z,2,55,2,0,0,0
00076-mth-252-module-item-topic-module-3-discussion-reflection-mini-exam-1-0-5-hour,2080857,MTH-252,module_item,module_item,https://canvas.oregonstate.edu/courses/2080857/modules/items/26982571,https://canvas.oregonstate.edu/courses/2080857/discussion_topics/11593473?module_item_id=26982571,Topic: Module 3 — Discussion Reflection: Mini-Exam 1 🕓 0.5 hour,discussion,11593473,1,yes,,raw_html/00076-mth-252-module-item-topic-module-3-discussion-reflection-mini-exam-1-0-5-hour.html,text/00076-mth-252-module-item-topic-module-3-discussion-reflection-mini-exam-1-0-5-hour.txt,text/00076-mth-252-module-item-topic-module-3-discussion-reflection-mini-exam-1-0-5-hour.fulltext.txt,markdown/00076-mth-252-module-item-topic-module-3-discussion-reflection-mini-exam-1-0-5-hour.md,,metadata/00076-mth-252-module-item-topic-module-3-discussion-reflection-mini-exam-1-0-5-hour.json,4db3bd209fba43933f1ed29aed8499a6947b24b33e1e54d7801c96a769d21862,e3b0c44298fc1c149afbf4c8996fb92427ae41e4649b934ca495991b7852b855,2026-07-30T20:25:50.035Z,0,27,2,0,0,0
00077-mth-252-module-item-module-4-overview-integral-calculus-mth-252z-400-u2026,2080857,MTH-252,module_item,module_item,https://canvas.oregonstate.edu/courses/2080857/modules/items/26982572,https://canvas.oregonstate.edu/courses/2080857/pages/module-4-overview?module_item_id=26982572,Module 4 — Overview: INTEGRAL CALCULUS (MTH_252Z_400_U2026),page,module-4-overview,1,yes,,raw_html/00077-mth-252-module-item-module-4-overview-integral-calculus-mth-252z-400-u2026.html,text/00077-mth-252-module-item-module-4-overview-integral-calculus-mth-252z-400-u2026.txt,text/00077-mth-252-module-item-module-4-overview-integral-calculus-mth-252z-400-u2026.fulltext.txt,markdown/00077-mth-252-module-item-module-4-overview-integral-calculus-mth-252z-400-u2026.md,,metadata/00077-mth-252-module-item-module-4-overview-integral-calculus-mth-252z-400-u2026.json,4c30a224860d629be095791d11ffc3ce619d72892b9f615a6678955c752ce32b,816fbefffca67450bae5a90b8e41eafef4895c0c0d5027d9c8de7fcd2e4f3ec8,2026-07-30T20:25:54.568Z,4,30,2,0,0,0
00078-mth-252-module-item-module-4-learning-materials-and-practice-activities-3-5-hours-integral-calculus-mth-252z-400-u20,2080857,MTH-252,module_item,module_item,https://canvas.oregonstate.edu/courses/2080857/modules/items/26982573,https://canvas.oregonstate.edu/courses/2080857/pages/module-4-learning-materials-and-practice-activities-3-5-hours-2?module_item_id=26982573,Module 4 — Learning Materials and Practice Activities 🕓 3 - 5 hours: INTEGRAL CALCULUS (MTH_252Z_400_U2026),page,module-4-learning-materials-and-practice-activities-3-5-hours-2,1,yes,,raw_html/00078-mth-252-module-item-module-4-learning-materials-and-practice-activities-3-5-hours-integral-calculus-mth-252z-400-u20.html,text/00078-mth-252-module-item-module-4-learning-materials-and-practice-activities-3-5-hours-integral-calculus-mth-252z-400-u20.txt,text/00078-mth-252-module-item-module-4-learning-materials-and-practice-activities-3-5-hours-integral-calculus-mth-252z-400-u20.fulltext.txt,markdown/00078-mth-252-module-item-module-4-learning-materials-and-practice-activities-3-5-hours-integral-calculus-mth-252z-400-u20.md,,metadata/00078-mth-252-module-item-module-4-learning-materials-and-practice-activities-3-5-hours-integral-calculus-mth-252z-400-u20.json,87339d4deaccd293a314aa2f6d04bfc188c0c42fd4176bf34e982f754dafeb63,3b844be737d5681323da223b776725682e18a36fac5f90bdee676dae0165dd4f,2026-07-30T20:25:56.944Z,6,53,2,0,0,0
00079-mth-252-module-item-252-lecture-1-3-to-me2-pdf-integral-calculus-mth-252z-400-u2026,2080857,MTH-252,module_item,module_item,https://canvas.oregonstate.edu/courses/2080857/modules/items/26982574,https://canvas.oregonstate.edu/courses/2080857/files/119223594?module_item_id=26982574,252-Lecture-1.3-to-ME2.pdf: INTEGRAL CALCULUS (MTH_252Z_400_U2026),file,119223594,1,yes,,raw_html/00079-mth-252-module-item-252-lecture-1-3-to-me2-pdf-integral-calculus-mth-252z-400-u2026.html,text/00079-mth-252-module-item-252-lecture-1-3-to-me2-pdf-integral-calculus-mth-252z-400-u2026.txt,text/00079-mth-252-module-item-252-lecture-1-3-to-me2-pdf-integral-calculus-mth-252z-400-u2026.fulltext.txt,markdown/00079-mth-252-module-item-252-lecture-1-3-to-me2-pdf-integral-calculus-mth-252z-400-u2026.md,,metadata/00079-mth-252-module-item-252-lecture-1-3-to-me2-pdf-integral-calculus-mth-252z-400-u2026.json,093bd32ac5a9a6a7f19a4a5dd226b0b1f6c4db2ae210ed12f8ae2b1a711a9cb3,f12caf324dcf2101fceca7917452ef796e29799e4eeea1ca1a9b1bc4bad645ab,2026-07-30T20:25:59.336Z,1,31,3,0,0,0
00080-mth-252-module-item-dr-g-s-videos-sect-1-3-1-4-integral-calculus-mth-252z-400-u2026,2080857,MTH-252,module_item,module_item,https://canvas.oregonstate.edu/courses/2080857/modules/items/26982575,https://canvas.oregonstate.edu/courses/2080857/pages/dr-gs-videos-%3E-sect-1-dot-3-1-dot-4?module_item_id=26982575,"Dr G's Videos --> Sect 1.3, 1.4: INTEGRAL CALCULUS (MTH_252Z_400_U2026)",page,dr-gs-videos-%3E-sect-1-dot-3-1-dot-4,1,yes,,raw_html/00080-mth-252-module-item-dr-g-s-videos-sect-1-3-1-4-integral-calculus-mth-252z-400-u2026.html,text/00080-mth-252-module-item-dr-g-s-videos-sect-1-3-1-4-integral-calculus-mth-252z-400-u2026.txt,text/00080-mth-252-module-item-dr-g-s-videos-sect-1-3-1-4-integral-calculus-mth-252z-400-u2026.fulltext.txt,markdown/00080-mth-252-module-item-dr-g-s-videos-sect-1-3-1-4-integral-calculus-mth-252z-400-u2026.md,,metadata/00080-mth-252-module-item-dr-g-s-videos-sect-1-3-1-4-integral-calculus-mth-252z-400-u2026.json,8729b94ffe3e4e880abeacf488441ac60d6808f9d7c180e0ff3c69adf04926df,26fd063c3632cbfddcab4c2e5f1feaba9c17f0282625e07dd5278adcd9a98010,2026-07-30T20:26:02.035Z,1,27,3,0,0,0
00081-mth-252-module-item-dr-g-s-videos-sect-1-4-1-5-1-6-integral-calculus-mth-252z-400-u2026,2080857,MTH-252,module_item,module_item,https://canvas.oregonstate.edu/courses/2080857/modules/items/26982576,https://canvas.oregonstate.edu/courses/2080857/pages/dr-gs-videos-%3E-sect-1-dot-4-1-dot-5-1-dot-6?module_item_id=26982576,"Dr G's Videos --> Sect 1.4, 1.5, 1.6: INTEGRAL CALCULUS (MTH_252Z_400_U2026)",page,dr-gs-videos-%3E-sect-1-dot-4-1-dot-5-1-dot-6,1,yes,,raw_html/00081-mth-252-module-item-dr-g-s-videos-sect-1-4-1-5-1-6-integral-calculus-mth-252z-400-u2026.html,text/00081-mth-252-module-item-dr-g-s-videos-sect-1-4-1-5-1-6-integral-calculus-mth-252z-400-u2026.txt,text/00081-mth-252-module-item-dr-g-s-videos-sect-1-4-1-5-1-6-integral-calculus-mth-252z-400-u2026.fulltext.txt,markdown/00081-mth-252-module-item-dr-g-s-videos-sect-1-4-1-5-1-6-integral-calculus-mth-252z-400-u2026.md,,metadata/00081-mth-252-module-item-dr-g-s-videos-sect-1-4-1-5-1-6-integral-calculus-mth-252z-400-u2026.json,b84b71bd51b7a592e8c4ac30a79af7840e3718a0c45ded8bbcbb32f0a09fd121,c5801b03b29ba2a1c02e00ec52c577a31bebf3ceffbd41e942aeb5b23e5c66c8,2026-07-30T20:26:04.635Z,1,30,5,0,0,0
00082-mth-252-module-item-rq-1-4-integral-calculus-mth-252z-400-u2026,2080857,MTH-252,module_item,module_item,https://canvas.oregonstate.edu/courses/2080857/modules/items/26982577,https://canvas.oregonstate.edu/courses/2080857/quizzes/3167664?module_item_id=26982577,RQ-1.4 : INTEGRAL CALCULUS (MTH_252Z_400_U2026),quiz,3167664,1,yes,,raw_html/00082-mth-252-module-item-rq-1-4-integral-calculus-mth-252z-400-u2026.html,text/00082-mth-252-module-item-rq-1-4-integral-calculus-mth-252z-400-u2026.txt,text/00082-mth-252-module-item-rq-1-4-integral-calculus-mth-252z-400-u2026.fulltext.txt,markdown/00082-mth-252-module-item-rq-1-4-integral-calculus-mth-252z-400-u2026.md,,metadata/00082-mth-252-module-item-rq-1-4-integral-calculus-mth-252z-400-u2026.json,b8abe1d1732f73cad1c3c6d125fc8f7bfd5e57b2b78f3f4903c62f7d33e873e9,c44839e01971bcd102c174f589e9fcb29be1210a1fbd565ec81f3332d675aca1,2026-07-30T20:26:07.090Z,5,30,2,0,0,0
00083-mth-252-module-item-rq-1-5-integral-calculus-mth-252z-400-u2026,2080857,MTH-252,module_item,module_item,https://canvas.oregonstate.edu/courses/2080857/modules/items/26982578,https://canvas.oregonstate.edu/courses/2080857/quizzes/3167662?module_item_id=26982578,RQ-1.5: INTEGRAL CALCULUS (MTH_252Z_400_U2026),quiz,3167662,1,yes,,raw_html/00083-mth-252-module-item-rq-1-5-integral-calculus-mth-252z-400-u2026.html,text/00083-mth-252-module-item-rq-1-5-integral-calculus-mth-252z-400-u2026.txt,text/00083-mth-252-module-item-rq-1-5-integral-calculus-mth-252z-400-u2026.fulltext.txt,markdown/00083-mth-252-module-item-rq-1-5-integral-calculus-mth-252z-400-u2026.md,,metadata/00083-mth-252-module-item-rq-1-5-integral-calculus-mth-252z-400-u2026.json,046c18f2f6f015803a0d13db1b4a14c9ce63fb7020f0fe3e67af7a30d5a87c32,1e1ee426bca74ead8150f8e5becdfae038a29f3264839175a52ebcf049a8e37d,2026-07-30T20:26:09.887Z,5,45,2,0,0,0
00084-mth-252-module-item-rq-1-6-integral-calculus-mth-252z-400-u2026,2080857,MTH-252,module_item,module_item,https://canvas.oregonstate.edu/courses/2080857/modules/items/26982579,https://canvas.oregonstate.edu/courses/2080857/quizzes/3167654?module_item_id=26982579,RQ-1.6 : INTEGRAL CALCULUS (MTH_252Z_400_U2026),quiz,3167654,1,yes,,raw_html/00084-mth-252-module-item-rq-1-6-integral-calculus-mth-252z-400-u2026.html,text/00084-mth-252-module-item-rq-1-6-integral-calculus-mth-252z-400-u2026.txt,text/00084-mth-252-module-item-rq-1-6-integral-calculus-mth-252z-400-u2026.fulltext.txt,markdown/00084-mth-252-module-item-rq-1-6-integral-calculus-mth-252z-400-u2026.md,,metadata/00084-mth-252-module-item-rq-1-6-integral-calculus-mth-252z-400-u2026.json,235662dc2fdbde64900d787616a8b741faa10b436802759c8c15bcb9904473f4,c68ef64c030bb3de45b180ab848d3b5d51f212404312baa2051813989a23fa1c,2026-07-30T20:26:13.389Z,5,45,2,0,0,0
00085-mth-252-module-item-module-4-written-homework-whw-4-3-hours,2080857,MTH-252,module_item,module_item,https://canvas.oregonstate.edu/courses/2080857/modules/items/26982580,https://canvas.oregonstate.edu/courses/2080857/assignments/10586057?module_item_id=26982580,Module 4 — Written Homework (WHW 4) 🕓 3 hours,assignment,10586057,1,yes,,raw_html/00085-mth-252-module-item-module-4-written-homework-whw-4-3-hours.html,text/00085-mth-252-module-item-module-4-written-homework-whw-4-3-hours.txt,text/00085-mth-252-module-item-module-4-written-homework-whw-4-3-hours.fulltext.txt,markdown/00085-mth-252-module-item-module-4-written-homework-whw-4-3-hours.md,,metadata/00085-mth-252-module-item-module-4-written-homework-whw-4-3-hours.json,7bdcf7c6ac6f9b8e092b94b7bfbd38336d4885c55d719479a91f462c7daed5e0,eb0e776fac87e8a23ead708bcc6a8290c1bd06e85de63223f909218db26a8302,2026-07-30T20:26:47.641Z,8,148,2,0,0,0
00086-mth-252-module-item-achieve-1-4-integration-formulas-and-the-net-change-theorem,2080857,MTH-252,module_item,module_item,https://canvas.oregonstate.edu/courses/2080857/modules/items/26982581,https://canvas.oregonstate.edu/courses/2080857/assignments/10586028?module_item_id=26982581,Achieve - 1.4 Integration Formulas and the Net Change Theorem,assignment,10586028,1,yes,yes,raw_html/00086-mth-252-module-item-achieve-1-4-integration-formulas-and-the-net-change-theorem.html,text/00086-mth-252-module-item-achieve-1-4-integration-formulas-and-the-net-change-theorem.txt,text/00086-mth-252-module-item-achieve-1-4-integration-formulas-and-the-net-change-theorem.fulltext.txt,markdown/00086-mth-252-module-item-achieve-1-4-integration-formulas-and-the-net-change-theorem.md,,metadata/00086-mth-252-module-item-achieve-1-4-integration-formulas-and-the-net-change-theorem.json,1a455f9dbf444f71bf9288e81739d09f8c48356bba983623ed32da3e29de7e41,9f79cf709254ea9e1ac31d3de88f31eb0ca5a8896b2285f09349cfa856b7bf30,2026-07-30T20:26:50.486Z,2,55,2,0,0,0
00087-mth-252-module-item-achieve-1-5-substitution,2080857,MTH-252,module_item,module_item,https://canvas.oregonstate.edu/courses/2080857/modules/items/26982582,https://canvas.oregonstate.edu/courses/2080857/assignments/10586029?module_item_id=26982582,Achieve - 1.5 Substitution,assignment,10586029,1,yes,yes,raw_html/00087-mth-252-module-item-achieve-1-5-substitution.html,text/00087-mth-252-module-item-achieve-1-5-substitution.txt,text/00087-mth-252-module-item-achieve-1-5-substitution.fulltext.txt,markdown/00087-mth-252-module-item-achieve-1-5-substitution.md,,metadata/00087-mth-252-module-item-achieve-1-5-substitution.json,958711b9db780bc5efcaf5e50518348f22686a338dc97b91128fed1d445381a0,c7ba02c44e72bb97b476a1b5b4976385bfed7e69e8256fe1eb355b4201eec398,2026-07-30T20:26:53.035Z,2,55,2,0,0,0
00088-mth-252-module-item-achieve-1-6-integrals-involving-exponential-and-logarithmic-functions,2080857,MTH-252,module_item,module_item,https://canvas.oregonstate.edu/courses/2080857/modules/items/26982583,https://canvas.oregonstate.edu/courses/2080857/assignments/10586030?module_item_id=26982583,Achieve - 1.6 Integrals Involving Exponential and Logarithmic Functions,assignment,10586030,1,yes,yes,raw_html/00088-mth-252-module-item-achieve-1-6-integrals-involving-exponential-and-logarithmic-functions.html,text/00088-mth-252-module-item-achieve-1-6-integrals-involving-exponential-and-logarithmic-functions.txt,text/00088-mth-252-module-item-achieve-1-6-integrals-involving-exponential-and-logarithmic-functions.fulltext.txt,markdown/00088-mth-252-module-item-achieve-1-6-integrals-involving-exponential-and-logarithmic-functions.md,,metadata/00088-mth-252-module-item-achieve-1-6-integrals-involving-exponential-and-logarithmic-functions.json,83d860af2c58584213b183093801458eea5107d206921ffc8f95e45317c02c4a,d7a1e3867387d04978572407aeca7d993a092d80de3d873b3d8a06732b3cba82,2026-07-30T20:26:55.585Z,2,55,2,0,0,0
00089-mth-252-module-item-topic-module-4-discussion-reflection-whw-4-0-5-hour,2080857,MTH-252,module_item,module_item,https://canvas.oregonstate.edu/courses/2080857/modules/items/26982584,https://canvas.oregonstate.edu/courses/2080857/discussion_topics/11593472?module_item_id=26982584,Topic: Module 4 — Discussion Reflection: WHW 4 🕓 0.5 hour,discussion,11593472,1,yes,,raw_html/00089-mth-252-module-item-topic-module-4-discussion-reflection-whw-4-0-5-hour.html,text/00089-mth-252-module-item-topic-module-4-discussion-reflection-whw-4-0-5-hour.txt,text/00089-mth-252-module-item-topic-module-4-discussion-reflection-whw-4-0-5-hour.fulltext.txt,markdown/00089-mth-252-module-item-topic-module-4-discussion-reflection-whw-4-0-5-hour.md,,metadata/00089-mth-252-module-item-topic-module-4-discussion-reflection-whw-4-0-5-hour.json,1ae596a4f9aa6542a7c23759e08c933c3142123dab4f7e75373099b21a54f065,e3b0c44298fc1c149afbf4c8996fb92427ae41e4649b934ca495991b7852b855,2026-07-30T20:26:58.186Z,0,27,2,0,0,0
00090-mth-252-module-item-mini-exam-2-no-calculators-no-gradescope-app-for-this,2080857,MTH-252,module_item,module_item,https://canvas.oregonstate.edu/courses/2080857/modules/items/26982585,https://canvas.oregonstate.edu/courses/2080857/assignments/10586048?module_item_id=26982585,Mini-Exam 2 --> No Calculators --> NO Gradescope App for this!,assignment,10586048,1,yes,yes,raw_html/00090-mth-252-module-item-mini-exam-2-no-calculators-no-gradescope-app-for-this.html,text/00090-mth-252-module-item-mini-exam-2-no-calculators-no-gradescope-app-for-this.txt,text/00090-mth-252-module-item-mini-exam-2-no-calculators-no-gradescope-app-for-this.fulltext.txt,markdown/00090-mth-252-module-item-mini-exam-2-no-calculators-no-gradescope-app-for-this.md,,metadata/00090-mth-252-module-item-mini-exam-2-no-calculators-no-gradescope-app-for-this.json,74ed7898e107adf1738a98c98a5edda8f9a005204c8888d001c0c0c031cdb67d,7229985f19c51c38893f5bdc9692af18604fdead1861ac4de507fb2d0186708b,2026-07-30T20:27:03.594Z,10,85,2,0,0,0
00091-mth-252-module-item-module-5-overview-integral-calculus-mth-252z-400-u2026,2080857,MTH-252,module_item,module_item,https://canvas.oregonstate.edu/courses/2080857/modules/items/26982586,https://canvas.oregonstate.edu/courses/2080857/pages/module-5-overview?module_item_id=26982586,Module 5 — Overview: INTEGRAL CALCULUS (MTH_252Z_400_U2026),page,module-5-overview,1,yes,,raw_html/00091-mth-252-module-item-module-5-overview-integral-calculus-mth-252z-400-u2026.html,text/00091-mth-252-module-item-module-5-overview-integral-calculus-mth-252z-400-u2026.txt,text/00091-mth-252-module-item-module-5-overview-integral-calculus-mth-252z-400-u2026.fulltext.txt,markdown/00091-mth-252-module-item-module-5-overview-integral-calculus-mth-252z-400-u2026.md,,metadata/00091-mth-252-module-item-module-5-overview-integral-calculus-mth-252z-400-u2026.json,6d967b702d134530de10071985db2fc15664d31f6baff4c558f9e29e53edfff5,cb1e5d271f5fdeaeb4fe21a03b5e5e098a0c8e8bff3f958fbf08f33d1278f9d5,2026-07-30T20:27:05.938Z,4,30,2,0,0,0
00092-mth-252-module-item-module-5-learning-materials-and-practice-activities-3-5-hours-integral-calculus-mth-252z-400-u20,2080857,MTH-252,module_item,module_item,https://canvas.oregonstate.edu/courses/2080857/modules/items/26982587,https://canvas.oregonstate.edu/courses/2080857/pages/module-5-learning-materials-and-practice-activities-3-5-hours-2?module_item_id=26982587,Module 5 — Learning Materials and Practice Activities 🕓 3 - 5 hours: INTEGRAL CALCULUS (MTH_252Z_400_U2026),page,module-5-learning-materials-and-practice-activities-3-5-hours-2,1,yes,,raw_html/00092-mth-252-module-item-module-5-learning-materials-and-practice-activities-3-5-hours-integral-calculus-mth-252z-400-u20.html,text/00092-mth-252-module-item-module-5-learning-materials-and-practice-activities-3-5-hours-integral-calculus-mth-252z-400-u20.txt,text/00092-mth-252-module-item-module-5-learning-materials-and-practice-activities-3-5-hours-integral-calculus-mth-252z-400-u20.fulltext.txt,markdown/00092-mth-252-module-item-module-5-learning-materials-and-practice-activities-3-5-hours-integral-calculus-mth-252z-400-u20.md,,metadata/00092-mth-252-module-item-module-5-learning-materials-and-practice-activities-3-5-hours-integral-calculus-mth-252z-400-u20.json,999dfb0dfb03f87670d06bb4ec8dc9118992e8c2139e843d86635d800b4cddca,e827fd6ca0808313c7cacb5881c4269d850ac0210ffc3a07d5309be963812edf,2026-07-30T20:27:08.422Z,6,45,2,0,0,0
00093-mth-252-module-item-252-lecture-3-1-to-me3-pdf-integral-calculus-mth-252z-400-u2026,2080857,MTH-252,module_item,module_item,https://canvas.oregonstate.edu/courses/2080857/modules/items/26982588,https://canvas.oregonstate.edu/courses/2080857/files/119223561?module_item_id=26982588,252-Lecture-3.1-to-ME3.pdf: INTEGRAL CALCULUS (MTH_252Z_400_U2026),file,119223561,1,yes,,raw_html/00093-mth-252-module-item-252-lecture-3-1-to-me3-pdf-integral-calculus-mth-252z-400-u2026.html,text/00093-mth-252-module-item-252-lecture-3-1-to-me3-pdf-integral-calculus-mth-252z-400-u2026.txt,text/00093-mth-252-module-item-252-lecture-3-1-to-me3-pdf-integral-calculus-mth-252z-400-u2026.fulltext.txt,markdown/00093-mth-252-module-item-252-lecture-3-1-to-me3-pdf-integral-calculus-mth-252z-400-u2026.md,,metadata/00093-mth-252-module-item-252-lecture-3-1-to-me3-pdf-integral-calculus-mth-252z-400-u2026.json,9ed7b76b6cc7187880feb9c8ef6c0b85126b69cc308b7fbe57695986f3dd3863,bfd36710ccaf285ce810e57039e426295691cb79f7f262537d7c734ebdd2b685,2026-07-30T20:27:10.886Z,1,31,3,0,0,0
00094-mth-252-module-item-dr-g-s-videos-3-1-3-2-integral-calculus-mth-252z-400-u2026,2080857,MTH-252,module_item,module_item,https://canvas.oregonstate.edu/courses/2080857/modules/items/26982589,https://canvas.oregonstate.edu/courses/2080857/pages/dr-gs-videos-%3E-3-dot-1-3-dot-2?module_item_id=26982589,"Dr G's Videos --> 3.1, 3.2: INTEGRAL CALCULUS (MTH_252Z_400_U2026)",page,dr-gs-videos-%3E-3-dot-1-3-dot-2,1,yes,,raw_html/00094-mth-252-module-item-dr-g-s-videos-3-1-3-2-integral-calculus-mth-252z-400-u2026.html,text/00094-mth-252-module-item-dr-g-s-videos-3-1-3-2-integral-calculus-mth-252z-400-u2026.txt,text/00094-mth-252-module-item-dr-g-s-videos-3-1-3-2-integral-calculus-mth-252z-400-u2026.fulltext.txt,markdown/00094-mth-252-module-item-dr-g-s-videos-3-1-3-2-integral-calculus-mth-252z-400-u2026.md,,metadata/00094-mth-252-module-item-dr-g-s-videos-3-1-3-2-integral-calculus-mth-252z-400-u2026.json,622b50c53c9c775dd9c2f7aba1542fe1abb93efba1ad5ca4a3853e6ccece9026,9c45af107f981feabc2f7f1bd67cfbb678b728b9ee90f1f747a97595744bf246,2026-07-30T20:27:13.337Z,1,31,5,0,0,0
00095-mth-252-module-item-lecture-3-1-3-2-pdf-integral-calculus-mth-252z-400-u2026,2080857,MTH-252,module_item,module_item,https://canvas.oregonstate.edu/courses/2080857/modules/items/26982590,https://canvas.oregonstate.edu/courses/2080857/files/119223595?module_item_id=26982590,Lecture-3.1-3.2.pdf: INTEGRAL CALCULUS (MTH_252Z_400_U2026),file,119223595,1,yes,,raw_html/00095-mth-252-module-item-lecture-3-1-3-2-pdf-integral-calculus-mth-252z-400-u2026.html,text/00095-mth-252-module-item-lecture-3-1-3-2-pdf-integral-calculus-mth-252z-400-u2026.txt,text/00095-mth-252-module-item-lecture-3-1-3-2-pdf-integral-calculus-mth-252z-400-u2026.fulltext.txt,markdown/00095-mth-252-module-item-lecture-3-1-3-2-pdf-integral-calculus-mth-252z-400-u2026.md,,metadata/00095-mth-252-module-item-lecture-3-1-3-2-pdf-integral-calculus-mth-252z-400-u2026.json,eb011a2a8f4b969bd4f76cc84f80768f56ad31e0494d0a06159441bd881d1a2a,4adb97667e089f12664ae84860f2d165cb242174e0eae252956afaf1ad7688b4,2026-07-30T20:27:15.935Z,1,31,3,0,0,0
00096-mth-252-module-item-rq-3-1-integral-calculus-mth-252z-400-u2026,2080857,MTH-252,module_item,module_item,https://canvas.oregonstate.edu/courses/2080857/modules/items/26982591,https://canvas.oregonstate.edu/courses/2080857/quizzes/3167660?module_item_id=26982591,RQ-3.1: INTEGRAL CALCULUS (MTH_252Z_400_U2026),quiz,3167660,1,yes,,raw_html/00096-mth-252-module-item-rq-3-1-integral-calculus-mth-252z-400-u2026.html,text/00096-mth-252-module-item-rq-3-1-integral-calculus-mth-252z-400-u2026.txt,text/00096-mth-252-module-item-rq-3-1-integral-calculus-mth-252z-400-u2026.fulltext.txt,markdown/00096-mth-252-module-item-rq-3-1-integral-calculus-mth-252z-400-u2026.md,,metadata/00096-mth-252-module-item-rq-3-1-integral-calculus-mth-252z-400-u2026.json,8d65a140374baf3e142978b1de1fb2dd6152da9e1267d3c4905792a6cf7c900d,44ba74a26b74a7634c75718eb15f81d22becf97814d83450e567488905dfb5c2,2026-07-30T20:27:18.734Z,6,31,2,0,0,0
00097-mth-252-module-item-rq-3-2-integral-calculus-mth-252z-400-u2026,2080857,MTH-252,module_item,module_item,https://canvas.oregonstate.edu/courses/2080857/modules/items/26982592,https://canvas.oregonstate.edu/courses/2080857/quizzes/3167667?module_item_id=26982592,RQ-3.2 : INTEGRAL CALCULUS (MTH_252Z_400_U2026),quiz,3167667,1,yes,,raw_html/00097-mth-252-module-item-rq-3-2-integral-calculus-mth-252z-400-u2026.html,text/00097-mth-252-module-item-rq-3-2-integral-calculus-mth-252z-400-u2026.txt,text/00097-mth-252-module-item-rq-3-2-integral-calculus-mth-252z-400-u2026.fulltext.txt,markdown/00097-mth-252-module-item-rq-3-2-integral-calculus-mth-252z-400-u2026.md,,metadata/00097-mth-252-module-item-rq-3-2-integral-calculus-mth-252z-400-u2026.json,8b7bab4bee3fa632d2acfa7ffb89ec4fa34fe2d59f4bf20f3c938747d61b9078,7e349115b689eb6da6e4a01f452bfd76d32030a09b0dcd509ffffee240f77127,2026-07-30T20:27:21.186Z,4,28,2,0,0,0
00098-mth-252-module-item-topic-module-5-discussion-reflection-mini-exam-2-0-5-hour,2080857,MTH-252,module_item,module_item,https://canvas.oregonstate.edu/courses/2080857/modules/items/26982593,https://canvas.oregonstate.edu/courses/2080857/discussion_topics/11593471?module_item_id=26982593,Topic: Module 5 — Discussion Reflection: Mini-Exam 2 🕓 0.5 hour,discussion,11593471,1,yes,,raw_html/00098-mth-252-module-item-topic-module-5-discussion-reflection-mini-exam-2-0-5-hour.html,text/00098-mth-252-module-item-topic-module-5-discussion-reflection-mini-exam-2-0-5-hour.txt,text/00098-mth-252-module-item-topic-module-5-discussion-reflection-mini-exam-2-0-5-hour.fulltext.txt,markdown/00098-mth-252-module-item-topic-module-5-discussion-reflection-mini-exam-2-0-5-hour.md,,metadata/00098-mth-252-module-item-topic-module-5-discussion-reflection-mini-exam-2-0-5-hour.json,8cd78605387baeb4d79e88dd10ec5e149e4067ceda553dc5754263131f660882,e3b0c44298fc1c149afbf4c8996fb92427ae41e4649b934ca495991b7852b855,2026-07-30T20:27:23.618Z,0,27,2,0,0,0
00099-mth-252-module-item-module-5-written-homework-whw-5-3-hours,2080857,MTH-252,module_item,module_item,https://canvas.oregonstate.edu/courses/2080857/modules/items/26982594,https://canvas.oregonstate.edu/courses/2080857/assignments/10586058?module_item_id=26982594,Module 5 — Written Homework (WHW 5) 🕓 3 hours,assignment,10586058,1,yes,,raw_html/00099-mth-252-module-item-module-5-written-homework-whw-5-3-hours.html,text/00099-mth-252-module-item-module-5-written-homework-whw-5-3-hours.txt,text/00099-mth-252-module-item-module-5-written-homework-whw-5-3-hours.fulltext.txt,markdown/00099-mth-252-module-item-module-5-written-homework-whw-5-3-hours.md,,metadata/00099-mth-252-module-item-module-5-written-homework-whw-5-3-hours.json,5cbabb73709ef9b0bfa8e7873e8f7d303adac08bdf806a55bf2cf3984a3e433d,5cd42db442080b03452beae0cae738f3523e3e9de85a4b66d467ddd3ee249e13,2026-07-30T20:27:27.997Z,8,150,2,0,0,0
00100-mth-252-module-item-achieve-3-1-integration-by-parts,2080857,MTH-252,module_item,module_item,https://canvas.oregonstate.edu/courses/2080857/modules/items/26982595,https://canvas.oregonstate.edu/courses/2080857/assignments/10586037?module_item_id=26982595,Achieve - 3.1 Integration by Parts,assignment,10586037,1,yes,yes,raw_html/00100-mth-252-module-item-achieve-3-1-integration-by-parts.html,text/00100-mth-252-module-item-achieve-3-1-integration-by-parts.txt,text/00100-mth-252-module-item-achieve-3-1-integration-by-parts.fulltext.txt,markdown/00100-mth-252-module-item-achieve-3-1-integration-by-parts.md,,metadata/00100-mth-252-module-item-achieve-3-1-integration-by-parts.json,6632118199402acb7078ae83152159ae5d7b1b53f6146981fe891c09e67aa7e8,6c66eae79ec0842234b095d2091bba512926503e46d86b23a66b8e8dc2810b20,2026-07-30T20:27:30.636Z,2,55,2,0,0,0
00101-mth-252-module-item-achieve-3-2-trigonometric-integrals,2080857,MTH-252,module_item,module_item,https://canvas.oregonstate.edu/courses/2080857/modules/items/26982596,https://canvas.oregonstate.edu/courses/2080857/assignments/10586038?module_item_id=26982596,Achieve - 3.2 Trigonometric Integrals,assignment,10586038,1,yes,yes,raw_html/00101-mth-252-module-item-achieve-3-2-trigonometric-integrals.html,text/00101-mth-252-module-item-achieve-3-2-trigonometric-integrals.txt,text/00101-mth-252-module-item-achieve-3-2-trigonometric-integrals.fulltext.txt,markdown/00101-mth-252-module-item-achieve-3-2-trigonometric-integrals.md,,metadata/00101-mth-252-module-item-achieve-3-2-trigonometric-integrals.json,836a054de5b6c85e9f3a75cf0a90bcc706c841ba911ac09962bcffec963cf5da,e0b56b155267b705c66a66708af7d1d5ae361e125a0874ac8b655fba0d8e942c,2026-07-30T20:27:33.035Z,2,55,2,0,0,0
00102-mth-252-module-item-module-6-overview-integral-calculus-mth-252z-400-u2026,2080857,MTH-252,module_item,module_item,https://canvas.oregonstate.edu/courses/2080857/modules/items/26982597,https://canvas.oregonstate.edu/courses/2080857/pages/module-6-overview?module_item_id=26982597,Module 6 — Overview: INTEGRAL CALCULUS (MTH_252Z_400_U2026),page,module-6-overview,1,yes,,raw_html/00102-mth-252-module-item-module-6-overview-integral-calculus-mth-252z-400-u2026.html,text/00102-mth-252-module-item-module-6-overview-integral-calculus-mth-252z-400-u2026.txt,text/00102-mth-252-module-item-module-6-overview-integral-calculus-mth-252z-400-u2026.fulltext.txt,markdown/00102-mth-252-module-item-module-6-overview-integral-calculus-mth-252z-400-u2026.md,,metadata/00102-mth-252-module-item-module-6-overview-integral-calculus-mth-252z-400-u2026.json,85cbd83856d06c3d5f536e0050c66a76faf11ac4d58d578474763bb39c0d905d,6e6b958313cf46ced88dfd304af54b7709f3f801f7df6e12799a178444d18630,2026-07-30T20:27:35.484Z,4,30,2,0,0,0
00103-mth-252-module-item-module-6-learning-materials-and-practice-activities-3-5-hours-integral-calculus-mth-252z-400-u20,2080857,MTH-252,module_item,module_item,https://canvas.oregonstate.edu/courses/2080857/modules/items/26982598,https://canvas.oregonstate.edu/courses/2080857/pages/module-6-learning-materials-and-practice-activities-3-5-hours-2?module_item_id=26982598,Module 6 — Learning Materials and Practice Activities 🕓 3 - 5 hours: INTEGRAL CALCULUS (MTH_252Z_400_U2026),page,module-6-learning-materials-and-practice-activities-3-5-hours-2,1,yes,,raw_html/00103-mth-252-module-item-module-6-learning-materials-and-practice-activities-3-5-hours-integral-calculus-mth-252z-400-u20.html,text/00103-mth-252-module-item-module-6-learning-materials-and-practice-activities-3-5-hours-integral-calculus-mth-252z-400-u20.txt,text/00103-mth-252-module-item-module-6-learning-materials-and-practice-activities-3-5-hours-integral-calculus-mth-252z-400-u20.fulltext.txt,markdown/00103-mth-252-module-item-module-6-learning-materials-and-practice-activities-3-5-hours-integral-calculus-mth-252z-400-u20.md,,metadata/00103-mth-252-module-item-module-6-learning-materials-and-practice-activities-3-5-hours-integral-calculus-mth-252z-400-u20.json,646eac269d331d2f1e134988df8433ef07111bb890e7c859f0b335e26f51b0db,e2469fc192dfa8f4cc47f4f7819f0307c130af11c20905e1caa2c3d4391332a3,2026-07-30T20:27:37.786Z,6,46,2,0,0,0
00104-mth-252-module-item-252-lecture-3-1-to-me3-pdf-integral-calculus-mth-252z-400-u2026,2080857,MTH-252,module_item,module_item,https://canvas.oregonstate.edu/courses/2080857/modules/items/26982599,https://canvas.oregonstate.edu/courses/2080857/files/119223561?module_item_id=26982599,252-Lecture-3.1-to-ME3.pdf: INTEGRAL CALCULUS (MTH_252Z_400_U2026),file,119223561,1,yes,,raw_html/00104-mth-252-module-item-252-lecture-3-1-to-me3-pdf-integral-calculus-mth-252z-400-u2026.html,text/00104-mth-252-module-item-252-lecture-3-1-to-me3-pdf-integral-calculus-mth-252z-400-u2026.txt,text/00104-mth-252-module-item-252-lecture-3-1-to-me3-pdf-integral-calculus-mth-252z-400-u2026.fulltext.txt,markdown/00104-mth-252-module-item-252-lecture-3-1-to-me3-pdf-integral-calculus-mth-252z-400-u2026.md,,metadata/00104-mth-252-module-item-252-lecture-3-1-to-me3-pdf-integral-calculus-mth-252z-400-u2026.json,fbdea0e79d6a02d6dd25ac4f4b38e453d825b86da873f9fc606296f98a7bec07,bfd36710ccaf285ce810e57039e426295691cb79f7f262537d7c734ebdd2b685,2026-07-30T20:27:40.187Z,1,31,3,0,0,0
00105-mth-252-module-item-dr-g-videos-3-3-integral-calculus-mth-252z-400-u2026,2080857,MTH-252,module_item,module_item,https://canvas.oregonstate.edu/courses/2080857/modules/items/26982600,https://canvas.oregonstate.edu/courses/2080857/pages/dr-g-videos-%3E-3-dot-3?module_item_id=26982600,Dr. G Videos --> 3.3: INTEGRAL CALCULUS (MTH_252Z_400_U2026),page,dr-g-videos-%3E-3-dot-3,1,yes,,raw_html/00105-mth-252-module-item-dr-g-videos-3-3-integral-calculus-mth-252z-400-u2026.html,text/00105-mth-252-module-item-dr-g-videos-3-3-integral-calculus-mth-252z-400-u2026.txt,text/00105-mth-252-module-item-dr-g-videos-3-3-integral-calculus-mth-252z-400-u2026.fulltext.txt,markdown/00105-mth-252-module-item-dr-g-videos-3-3-integral-calculus-mth-252z-400-u2026.md,,metadata/00105-mth-252-module-item-dr-g-videos-3-3-integral-calculus-mth-252z-400-u2026.json,32fc361823fc10e68bd177efdaa325f1912e7db2c480e8490f444160c48cf86f,3ad13124081d997bb8e5205ba5436f84bf1e983a23b4de3618e044ebeceffe0a,2026-07-30T20:27:42.785Z,1,29,3,0,0,0
00106-mth-252-module-item-dr-g-s-videos-3-3-continued-3-4-integral-calculus-mth-252z-400-u2026,2080857,MTH-252,module_item,module_item,https://canvas.oregonstate.edu/courses/2080857/modules/items/26982601,https://canvas.oregonstate.edu/courses/2080857/pages/dr-gs-videos-%3E-3-dot-3-continued-3-dot-4?module_item_id=26982601,"Dr G's Videos --> 3.3 continued, 3.4: INTEGRAL CALCULUS (MTH_252Z_400_U2026)",page,dr-gs-videos-%3E-3-dot-3-continued-3-dot-4,1,yes,,raw_html/00106-mth-252-module-item-dr-g-s-videos-3-3-continued-3-4-integral-calculus-mth-252z-400-u2026.html,text/00106-mth-252-module-item-dr-g-s-videos-3-3-continued-3-4-integral-calculus-mth-252z-400-u2026.txt,text/00106-mth-252-module-item-dr-g-s-videos-3-3-continued-3-4-integral-calculus-mth-252z-400-u2026.fulltext.txt,markdown/00106-mth-252-module-item-dr-g-s-videos-3-3-continued-3-4-integral-calculus-mth-252z-400-u2026.md,,metadata/00106-mth-252-module-item-dr-g-s-videos-3-3-continued-3-4-integral-calculus-mth-252z-400-u2026.json,b30473c16cdc95a26dd6f1af6a93dee385cc60bca304f800dbcdcb2768df0635,3a8fad482333a1cf1297d543d3b4618f4014c233e090fcaa67d50b36c02c43fa,2026-07-30T20:27:45.481Z,1,30,4,0,0,0
00107-mth-252-module-item-rq-3-3-integral-calculus-mth-252z-400-u2026,2080857,MTH-252,module_item,module_item,https://canvas.oregonstate.edu/courses/2080857/modules/items/26982602,https://canvas.oregonstate.edu/courses/2080857/quizzes/3167656?module_item_id=26982602,RQ-3.3 : INTEGRAL CALCULUS (MTH_252Z_400_U2026),quiz,3167656,1,yes,,raw_html/00107-mth-252-module-item-rq-3-3-integral-calculus-mth-252z-400-u2026.html,text/00107-mth-252-module-item-rq-3-3-integral-calculus-mth-252z-400-u2026.txt,text/00107-mth-252-module-item-rq-3-3-integral-calculus-mth-252z-400-u2026.fulltext.txt,markdown/00107-mth-252-module-item-rq-3-3-integral-calculus-mth-252z-400-u2026.md,,metadata/00107-mth-252-module-item-rq-3-3-integral-calculus-mth-252z-400-u2026.json,117f1e0f01baf2d6d397f57c7fa40c71901b03d91d67a384b36309a9da89b512,9283c1b9c630bff50b1de700106d3acd73d76d7cd0af9beabf123518ecb41ceb,2026-07-30T20:27:48.035Z,4,29,2,0,0,0
00108-mth-252-module-item-module-6-written-homework-whw-6-3-hours,2080857,MTH-252,module_item,module_item,https://canvas.oregonstate.edu/courses/2080857/modules/items/26982603,https://canvas.oregonstate.edu/courses/2080857/assignments/10586059?module_item_id=26982603,Module 6 — Written Homework (WHW 6) 🕓 3 hours,assignment,10586059,1,yes,yes,raw_html/00108-mth-252-module-item-module-6-written-homework-whw-6-3-hours.html,text/00108-mth-252-module-item-module-6-written-homework-whw-6-3-hours.txt,text/00108-mth-252-module-item-module-6-written-homework-whw-6-3-hours.fulltext.txt,markdown/00108-mth-252-module-item-module-6-written-homework-whw-6-3-hours.md,,metadata/00108-mth-252-module-item-module-6-written-homework-whw-6-3-hours.json,c666e8b213680ca59f5d46d7e7ef834b911447679c861ae4d9b8c05ed8397f0c,48bd17ab96e63de33558482f16a9c895c479fb716f0896bf01e40fdff0f08b9a,2026-07-30T20:27:50.488Z,7,66,2,0,0,0
00109-mth-252-module-item-topic-module-6-discussion-reflection-whw-6-0-5-hour,2080857,MTH-252,module_item,module_item,https://canvas.oregonstate.edu/courses/2080857/modules/items/26982604,https://canvas.oregonstate.edu/courses/2080857/discussion_topics/11593470?module_item_id=26982604,Topic: Module 6 — Discussion Reflection: WHW 6 🕓 0.5 hour,discussion,11593470,1,yes,,raw_html/00109-mth-252-module-item-topic-module-6-discussion-reflection-whw-6-0-5-hour.html,text/00109-mth-252-module-item-topic-module-6-discussion-reflection-whw-6-0-5-hour.txt,text/00109-mth-252-module-item-topic-module-6-discussion-reflection-whw-6-0-5-hour.fulltext.txt,markdown/00109-mth-252-module-item-topic-module-6-discussion-reflection-whw-6-0-5-hour.md,,metadata/00109-mth-252-module-item-topic-module-6-discussion-reflection-whw-6-0-5-hour.json,c60a23879d79b17ce6cc0e6cbd3531b0bd0ec5c73a78389c7000f040f2e53818,e3b0c44298fc1c149afbf4c8996fb92427ae41e4649b934ca495991b7852b855,2026-07-30T20:27:53.070Z,0,27,2,0,0,0
00110-mth-252-module-item-achieve-3-3-trigonometric-substitution,2080857,MTH-252,module_item,module_item,https://canvas.oregonstate.edu/courses/2080857/modules/items/26982605,https://canvas.oregonstate.edu/courses/2080857/assignments/10586039?module_item_id=26982605,Achieve - 3.3 Trigonometric Substitution,assignment,10586039,1,yes,yes,raw_html/00110-mth-252-module-item-achieve-3-3-trigonometric-substitution.html,text/00110-mth-252-module-item-achieve-3-3-trigonometric-substitution.txt,text/00110-mth-252-module-item-achieve-3-3-trigonometric-substitution.fulltext.txt,markdown/00110-mth-252-module-item-achieve-3-3-trigonometric-substitution.md,,metadata/00110-mth-252-module-item-achieve-3-3-trigonometric-substitution.json,6a65e1ea88650ee068c2834a37e2bd5ce4e62050025af859c537e7588278feea,61ee4d3bd05c52d32ce3820b6a12e8d5b9065d969f436a22e2e531f95436adcb,2026-07-30T20:27:56.387Z,2,55,2,0,0,0
00111-mth-252-module-item-achieve-3-4-partial-fractions,2080857,MTH-252,module_item,module_item,https://canvas.oregonstate.edu/courses/2080857/modules/items/26982606,https://canvas.oregonstate.edu/courses/2080857/assignments/10586040?module_item_id=26982606,Achieve - 3.4 Partial Fractions,assignment,10586040,1,yes,yes,raw_html/00111-mth-252-module-item-achieve-3-4-partial-fractions.html,text/00111-mth-252-module-item-achieve-3-4-partial-fractions.txt,text/00111-mth-252-module-item-achieve-3-4-partial-fractions.fulltext.txt,markdown/00111-mth-252-module-item-achieve-3-4-partial-fractions.md,,metadata/00111-mth-252-module-item-achieve-3-4-partial-fractions.json,7a98b71afbe1abbbba1dd6c27f8b3e5fa6bc44c52273a046d006db33123fcbfa,80b443895f255231521336415ca74154e9896024f23f68e937d1d946de79170f,2026-07-30T20:27:58.888Z,2,55,2,0,0,0
00112-mth-252-module-item-mini-exam-3-tuesday-to-thursday-no-gradscope-app,2080857,MTH-252,module_item,module_item,https://canvas.oregonstate.edu/courses/2080857/modules/items/26982607,https://canvas.oregonstate.edu/courses/2080857/assignments/10586050?module_item_id=26982607,Mini-Exam 3 --> Tuesday to Thursday --> No Gradscope APP,assignment,10586050,1,yes,yes,raw_html/00112-mth-252-module-item-mini-exam-3-tuesday-to-thursday-no-gradscope-app.html,text/00112-mth-252-module-item-mini-exam-3-tuesday-to-thursday-no-gradscope-app.txt,text/00112-mth-252-module-item-mini-exam-3-tuesday-to-thursday-no-gradscope-app.fulltext.txt,markdown/00112-mth-252-module-item-mini-exam-3-tuesday-to-thursday-no-gradscope-app.md,,metadata/00112-mth-252-module-item-mini-exam-3-tuesday-to-thursday-no-gradscope-app.json,f8c626c56150055740ab580d36f9f89f210592d7f2841ae982d0988d8385a23f,e0b2feeced29858fe4ea240911be04c09dd4b1af17219335888c86c3aff9ad2c,2026-07-30T20:28:01.538Z,9,67,2,0,0,0
00113-mth-252-module-item-module-7-overview-integral-calculus-mth-252z-400-u2026,2080857,MTH-252,module_item,module_item,https://canvas.oregonstate.edu/courses/2080857/modules/items/26982608,https://canvas.oregonstate.edu/courses/2080857/pages/module-7-overview?module_item_id=26982608,Module 7 — Overview: INTEGRAL CALCULUS (MTH_252Z_400_U2026),page,module-7-overview,1,yes,,raw_html/00113-mth-252-module-item-module-7-overview-integral-calculus-mth-252z-400-u2026.html,text/00113-mth-252-module-item-module-7-overview-integral-calculus-mth-252z-400-u2026.txt,text/00113-mth-252-module-item-module-7-overview-integral-calculus-mth-252z-400-u2026.fulltext.txt,markdown/00113-mth-252-module-item-module-7-overview-integral-calculus-mth-252z-400-u2026.md,,metadata/00113-mth-252-module-item-module-7-overview-integral-calculus-mth-252z-400-u2026.json,b994759a1751404e4af1f0417ac3df6a239a57b101b62107f17e88c361a42fc9,b66711e271309426fcf8c8fb40c66f5a066669ff5b1780a5d4dfc4e73c1d821d,2026-07-30T20:28:03.783Z,4,30,2,0,0,0
00114-mth-252-module-item-module-7-learning-materials-and-practice-activities-3-5-hours-integral-calculus-mth-252z-400-u20,2080857,MTH-252,module_item,module_item,https://canvas.oregonstate.edu/courses/2080857/modules/items/26982609,https://canvas.oregonstate.edu/courses/2080857/pages/module-7-learning-materials-and-practice-activities-3-5-hours-2?module_item_id=26982609,Module 7 — Learning Materials and Practice Activities 🕓 3 - 5 hours: INTEGRAL CALCULUS (MTH_252Z_400_U2026),page,module-7-learning-materials-and-practice-activities-3-5-hours-2,1,yes,,raw_html/00114-mth-252-module-item-module-7-learning-materials-and-practice-activities-3-5-hours-integral-calculus-mth-252z-400-u20.html,text/00114-mth-252-module-item-module-7-learning-materials-and-practice-activities-3-5-hours-integral-calculus-mth-252z-400-u20.txt,text/00114-mth-252-module-item-module-7-learning-materials-and-practice-activities-3-5-hours-integral-calculus-mth-252z-400-u20.fulltext.txt,markdown/00114-mth-252-module-item-module-7-learning-materials-and-practice-activities-3-5-hours-integral-calculus-mth-252z-400-u20.md,,metadata/00114-mth-252-module-item-module-7-learning-materials-and-practice-activities-3-5-hours-integral-calculus-mth-252z-400-u20.json,72338d4b2f943072db1fdd19dd7a046cc2f2bb2fd96dc461d59273922cff285a,f260b769fb10754a8b4b13d98eb308b8ffe619a76259540a4953edca52845da0,2026-07-30T20:28:06.036Z,6,51,2,0,0,0
00115-mth-252-module-item-252-lecture-2-1-to-me4-pdf-integral-calculus-mth-252z-400-u2026,2080857,MTH-252,module_item,module_item,https://canvas.oregonstate.edu/courses/2080857/modules/items/26982610,https://canvas.oregonstate.edu/courses/2080857/files/119223597?module_item_id=26982610,252-Lecture-2.1-to-ME4.pdf: INTEGRAL CALCULUS (MTH_252Z_400_U2026),file,119223597,1,yes,,raw_html/00115-mth-252-module-item-252-lecture-2-1-to-me4-pdf-integral-calculus-mth-252z-400-u2026.html,text/00115-mth-252-module-item-252-lecture-2-1-to-me4-pdf-integral-calculus-mth-252z-400-u2026.txt,text/00115-mth-252-module-item-252-lecture-2-1-to-me4-pdf-integral-calculus-mth-252z-400-u2026.fulltext.txt,markdown/00115-mth-252-module-item-252-lecture-2-1-to-me4-pdf-integral-calculus-mth-252z-400-u2026.md,,metadata/00115-mth-252-module-item-252-lecture-2-1-to-me4-pdf-integral-calculus-mth-252z-400-u2026.json,ea06f3be99cb285abd0bd069627ef182d6d82094d2bfbca50be462e7f794df53,c99395328a003ddb927b4c00ce314162e8a6b34b7434553da74af7dd8339746c,2026-07-30T20:28:08.902Z,1,31,3,0,0,0
00116-mth-252-module-item-dr-gs-videos-2-1-2-2-integral-calculus-mth-252z-400-u2026,2080857,MTH-252,module_item,module_item,https://canvas.oregonstate.edu/courses/2080857/modules/items/26982611,https://canvas.oregonstate.edu/courses/2080857/pages/dr-gs-videos-%3E-2-dot-1-2-dot-2?module_item_id=26982611,"Dr Gs Videos --> 2.1, 2.2: INTEGRAL CALCULUS (MTH_252Z_400_U2026)",page,dr-gs-videos-%3E-2-dot-1-2-dot-2,1,yes,,raw_html/00116-mth-252-module-item-dr-gs-videos-2-1-2-2-integral-calculus-mth-252z-400-u2026.html,text/00116-mth-252-module-item-dr-gs-videos-2-1-2-2-integral-calculus-mth-252z-400-u2026.txt,text/00116-mth-252-module-item-dr-gs-videos-2-1-2-2-integral-calculus-mth-252z-400-u2026.fulltext.txt,markdown/00116-mth-252-module-item-dr-gs-videos-2-1-2-2-integral-calculus-mth-252z-400-u2026.md,,metadata/00116-mth-252-module-item-dr-gs-videos-2-1-2-2-integral-calculus-mth-252z-400-u2026.json,0216eec5a46a41aee543477e83d2dbac047e15870da69da9d1571d7e3acc3c30,3e762fb8047a1fed49613822b7dca1d6262cba866064716bdcef84121c7d6522,2026-07-30T20:28:11.287Z,1,31,5,0,0,0
00117-mth-252-module-item-dr-g-s-videos-2-2-integral-calculus-mth-252z-400-u2026,2080857,MTH-252,module_item,module_item,https://canvas.oregonstate.edu/courses/2080857/modules/items/26982612,https://canvas.oregonstate.edu/courses/2080857/pages/dr-gs-videos-%3E-2-dot-2?module_item_id=26982612,Dr G's Videos --> 2.2 : INTEGRAL CALCULUS (MTH_252Z_400_U2026),page,dr-gs-videos-%3E-2-dot-2,1,yes,,raw_html/00117-mth-252-module-item-dr-g-s-videos-2-2-integral-calculus-mth-252z-400-u2026.html,text/00117-mth-252-module-item-dr-g-s-videos-2-2-integral-calculus-mth-252z-400-u2026.txt,text/00117-mth-252-module-item-dr-g-s-videos-2-2-integral-calculus-mth-252z-400-u2026.fulltext.txt,markdown/00117-mth-252-module-item-dr-g-s-videos-2-2-integral-calculus-mth-252z-400-u2026.md,,metadata/00117-mth-252-module-item-dr-g-s-videos-2-2-integral-calculus-mth-252z-400-u2026.json,83a2b05b4e638edbc8b5a7da6596e035fd66196474fd0c70064a842d1bd0fa14,c08c5f642d7af223b11427660feee9fa295877f049ab1c0af476c70717a41d48,2026-07-30T20:28:13.605Z,1,29,3,0,0,0
00118-mth-252-module-item-rq-2-1-integral-calculus-mth-252z-400-u2026,2080857,MTH-252,module_item,module_item,https://canvas.oregonstate.edu/courses/2080857/modules/items/26982613,https://canvas.oregonstate.edu/courses/2080857/quizzes/3167666?module_item_id=26982613,RQ-2.1 : INTEGRAL CALCULUS (MTH_252Z_400_U2026),quiz,3167666,1,yes,,raw_html/00118-mth-252-module-item-rq-2-1-integral-calculus-mth-252z-400-u2026.html,text/00118-mth-252-module-item-rq-2-1-integral-calculus-mth-252z-400-u2026.txt,text/00118-mth-252-module-item-rq-2-1-integral-calculus-mth-252z-400-u2026.fulltext.txt,markdown/00118-mth-252-module-item-rq-2-1-integral-calculus-mth-252z-400-u2026.md,,metadata/00118-mth-252-module-item-rq-2-1-integral-calculus-mth-252z-400-u2026.json,4801d8785efbab5054e02be53cf2afce45c5cb4b30c1a5789db32147bebccb0f,9b7bc39b5b14f95646c28b02bd664809bd48111b3ba569e01753f847a5f70034,2026-07-30T20:28:15.883Z,1,27,2,0,0,0
00119-mth-252-module-item-rq-2-2-integral-calculus-mth-252z-400-u2026,2080857,MTH-252,module_item,module_item,https://canvas.oregonstate.edu/courses/2080857/modules/items/26982614,https://canvas.oregonstate.edu/courses/2080857/quizzes/3167653?module_item_id=26982614,RQ-2.2 : INTEGRAL CALCULUS (MTH_252Z_400_U2026),quiz,3167653,1,yes,,raw_html/00119-mth-252-module-item-rq-2-2-integral-calculus-mth-252z-400-u2026.html,text/00119-mth-252-module-item-rq-2-2-integral-calculus-mth-252z-400-u2026.txt,text/00119-mth-252-module-item-rq-2-2-integral-calculus-mth-252z-400-u2026.fulltext.txt,markdown/00119-mth-252-module-item-rq-2-2-integral-calculus-mth-252z-400-u2026.md,,metadata/00119-mth-252-module-item-rq-2-2-integral-calculus-mth-252z-400-u2026.json,9f1b1b7cef6ac9b8fb6996ab3e4220c92fba5e56a673cc8e88e8fdace992baef,2f991ba98d300c72b1f29b8e0ac49cce355f1104fdd5c884e200ea0e9bf53dce,2026-07-30T20:28:18.089Z,1,29,2,0,0,0
00120-mth-252-module-item-achieve-2-1-areas-between-curves,2080857,MTH-252,module_item,module_item,https://canvas.oregonstate.edu/courses/2080857/modules/items/26982615,https://canvas.oregonstate.edu/courses/2080857/assignments/10586031?module_item_id=26982615,Achieve - 2.1 Areas between Curves,assignment,10586031,1,yes,yes,raw_html/00120-mth-252-module-item-achieve-2-1-areas-between-curves.html,text/00120-mth-252-module-item-achieve-2-1-areas-between-curves.txt,text/00120-mth-252-module-item-achieve-2-1-areas-between-curves.fulltext.txt,markdown/00120-mth-252-module-item-achieve-2-1-areas-between-curves.md,,metadata/00120-mth-252-module-item-achieve-2-1-areas-between-curves.json,2041bf8996c373df92c14bdff3a1887c528bc7f41b3d9981e8cc8339e3066b03,05e96284b2787cc17f722c063b17bfd5d429ac269d201645b0506ea6854882f8,2026-07-30T20:28:20.986Z,2,54,2,0,0,0
00121-mth-252-module-item-achieve-2-2-volumes-by-slicing-and-disc-washer-method,2080857,MTH-252,module_item,module_item,https://canvas.oregonstate.edu/courses/2080857/modules/items/26982616,https://canvas.oregonstate.edu/courses/2080857/assignments/10586032?module_item_id=26982616,Achieve - 2.2 Volumes by Slicing and Disc/Washer Method,assignment,10586032,1,yes,yes,raw_html/00121-mth-252-module-item-achieve-2-2-volumes-by-slicing-and-disc-washer-method.html,text/00121-mth-252-module-item-achieve-2-2-volumes-by-slicing-and-disc-washer-method.txt,text/00121-mth-252-module-item-achieve-2-2-volumes-by-slicing-and-disc-washer-method.fulltext.txt,markdown/00121-mth-252-module-item-achieve-2-2-volumes-by-slicing-and-disc-washer-method.md,,metadata/00121-mth-252-module-item-achieve-2-2-volumes-by-slicing-and-disc-washer-method.json,579a318179166c1c70746fea8f23b96085b01e5167a7c7c214624167ff5b3f8b,8f54135f850db8fc32b54433d4109f93507656fd38141da521d8089293a0efba,2026-07-30T20:28:23.537Z,2,54,2,0,0,0
00122-mth-252-module-item-module-7-written-homework-whw-7-3-hours,2080857,MTH-252,module_item,module_item,https://canvas.oregonstate.edu/courses/2080857/modules/items/26982617,https://canvas.oregonstate.edu/courses/2080857/assignments/10586060?module_item_id=26982617,Module 7 — Written Homework (WHW 7) 🕓 3 hours,assignment,10586060,1,yes,,raw_html/00122-mth-252-module-item-module-7-written-homework-whw-7-3-hours.html,text/00122-mth-252-module-item-module-7-written-homework-whw-7-3-hours.txt,text/00122-mth-252-module-item-module-7-written-homework-whw-7-3-hours.fulltext.txt,markdown/00122-mth-252-module-item-module-7-written-homework-whw-7-3-hours.md,,metadata/00122-mth-252-module-item-module-7-written-homework-whw-7-3-hours.json,0fa9e86f99249b7e14714155d8d3d060cfbdde2ea187147d38fc7a03eb3419ea,0aa18a1ca4fca91c563eafea327697b9408d8ca05dd032332784ee49cfe2246a,2026-07-30T20:28:27.034Z,2,54,2,0,0,0
00123-mth-252-module-item-topic-module-7-discussion-reflection-mini-exam-3-0-5-hour,2080857,MTH-252,module_item,module_item,https://canvas.oregonstate.edu/courses/2080857/modules/items/26982618,https://canvas.oregonstate.edu/courses/2080857/discussion_topics/11593469?module_item_id=26982618,Topic: Module 7 — Discussion Reflection: Mini-Exam 3 🕓 0.5 hour,discussion,11593469,1,yes,,raw_html/00123-mth-252-module-item-topic-module-7-discussion-reflection-mini-exam-3-0-5-hour.html,text/00123-mth-252-module-item-topic-module-7-discussion-reflection-mini-exam-3-0-5-hour.txt,text/00123-mth-252-module-item-topic-module-7-discussion-reflection-mini-exam-3-0-5-hour.fulltext.txt,markdown/00123-mth-252-module-item-topic-module-7-discussion-reflection-mini-exam-3-0-5-hour.md,,metadata/00123-mth-252-module-item-topic-module-7-discussion-reflection-mini-exam-3-0-5-hour.json,386a78f1b071cbd95e3b7185282c1eb05220a4d822647fa34afc77a663f2f371,e3b0c44298fc1c149afbf4c8996fb92427ae41e4649b934ca495991b7852b855,2026-07-30T20:28:29.434Z,0,27,2,0,0,0
00124-mth-252-module-item-module-8-overview-integral-calculus-mth-252z-400-u2026,2080857,MTH-252,module_item,module_item,https://canvas.oregonstate.edu/courses/2080857/modules/items/26982619,https://canvas.oregonstate.edu/courses/2080857/pages/module-8-overview?module_item_id=26982619,Module 8 — Overview: INTEGRAL CALCULUS (MTH_252Z_400_U2026),page,module-8-overview,1,yes,,raw_html/00124-mth-252-module-item-module-8-overview-integral-calculus-mth-252z-400-u2026.html,text/00124-mth-252-module-item-module-8-overview-integral-calculus-mth-252z-400-u2026.txt,text/00124-mth-252-module-item-module-8-overview-integral-calculus-mth-252z-400-u2026.fulltext.txt,markdown/00124-mth-252-module-item-module-8-overview-integral-calculus-mth-252z-400-u2026.md,,metadata/00124-mth-252-module-item-module-8-overview-integral-calculus-mth-252z-400-u2026.json,593e0dfb8977b166ed05437913b460ddea695a995ecdaa1c70b602502439426c,e017fe67976eeeadfc5140ad671af89ba06142eedfffe7f9a4bdc046f2f36926,2026-07-30T20:28:31.886Z,4,30,2,0,0,0
00125-mth-252-module-item-module-8-learning-materials-and-practice-activities-3-5-hours-integral-calculus-mth-252z-400-u20,2080857,MTH-252,module_item,module_item,https://canvas.oregonstate.edu/courses/2080857/modules/items/26982620,https://canvas.oregonstate.edu/courses/2080857/pages/module-8-learning-materials-and-practice-activities-3-5-hours-2?module_item_id=26982620,Module 8 — Learning Materials and Practice Activities 🕓 3 - 5 hours: INTEGRAL CALCULUS (MTH_252Z_400_U2026),page,module-8-learning-materials-and-practice-activities-3-5-hours-2,1,yes,,raw_html/00125-mth-252-module-item-module-8-learning-materials-and-practice-activities-3-5-hours-integral-calculus-mth-252z-400-u20.html,text/00125-mth-252-module-item-module-8-learning-materials-and-practice-activities-3-5-hours-integral-calculus-mth-252z-400-u20.txt,text/00125-mth-252-module-item-module-8-learning-materials-and-practice-activities-3-5-hours-integral-calculus-mth-252z-400-u20.fulltext.txt,markdown/00125-mth-252-module-item-module-8-learning-materials-and-practice-activities-3-5-hours-integral-calculus-mth-252z-400-u20.md,,metadata/00125-mth-252-module-item-module-8-learning-materials-and-practice-activities-3-5-hours-integral-calculus-mth-252z-400-u20.json,a2a7da6ee5cdbed00799d0020397d18d962c18253e38cbd58fa9dea80b030699,7e600b1f2d3e29f1ce3e0ca090864e4bfd6d6df330a1de265bd505e8b19f9f43,2026-07-30T20:28:34.136Z,6,44,2,0,0,0
00126-mth-252-module-item-252-lecture-2-1-to-me4-pdf-integral-calculus-mth-252z-400-u2026,2080857,MTH-252,module_item,module_item,https://canvas.oregonstate.edu/courses/2080857/modules/items/26982621,https://canvas.oregonstate.edu/courses/2080857/files/119223597?module_item_id=26982621,252-Lecture-2.1-to-ME4.pdf: INTEGRAL CALCULUS (MTH_252Z_400_U2026),file,119223597,1,yes,,raw_html/00126-mth-252-module-item-252-lecture-2-1-to-me4-pdf-integral-calculus-mth-252z-400-u2026.html,text/00126-mth-252-module-item-252-lecture-2-1-to-me4-pdf-integral-calculus-mth-252z-400-u2026.txt,text/00126-mth-252-module-item-252-lecture-2-1-to-me4-pdf-integral-calculus-mth-252z-400-u2026.fulltext.txt,markdown/00126-mth-252-module-item-252-lecture-2-1-to-me4-pdf-integral-calculus-mth-252z-400-u2026.md,,metadata/00126-mth-252-module-item-252-lecture-2-1-to-me4-pdf-integral-calculus-mth-252z-400-u2026.json,55de3d859b27f34d2b4649544d784271e04d2f6e5bebfc08155cf0e2526672d8,c99395328a003ddb927b4c00ce314162e8a6b34b7434553da74af7dd8339746c,2026-07-30T20:28:36.514Z,1,31,3,0,0,0
00127-mth-252-module-item-lecture-2-3-2-4-pdf-integral-calculus-mth-252z-400-u2026,2080857,MTH-252,module_item,module_item,https://canvas.oregonstate.edu/courses/2080857/modules/items/26982622,https://canvas.oregonstate.edu/courses/2080857/files/119223466?module_item_id=26982622,Lecture-2.3-2.4.pdf: INTEGRAL CALCULUS (MTH_252Z_400_U2026),file,119223466,1,yes,,raw_html/00127-mth-252-module-item-lecture-2-3-2-4-pdf-integral-calculus-mth-252z-400-u2026.html,text/00127-mth-252-module-item-lecture-2-3-2-4-pdf-integral-calculus-mth-252z-400-u2026.txt,text/00127-mth-252-module-item-lecture-2-3-2-4-pdf-integral-calculus-mth-252z-400-u2026.fulltext.txt,markdown/00127-mth-252-module-item-lecture-2-3-2-4-pdf-integral-calculus-mth-252z-400-u2026.md,,metadata/00127-mth-252-module-item-lecture-2-3-2-4-pdf-integral-calculus-mth-252z-400-u2026.json,b7d3885669f22ae19a2a65d738616033444f02591ffe1914ac859b1aaa8fe51d,4dcbc8884de373994918908b3c68cc858c285de15b73775aa09943008521caf3,2026-07-30T20:28:39.138Z,1,31,3,0,0,0
00128-mth-252-module-item-dr-g-s-videos-2-3-2-4-integral-calculus-mth-252z-400-u2026,2080857,MTH-252,module_item,module_item,https://canvas.oregonstate.edu/courses/2080857/modules/items/26982623,https://canvas.oregonstate.edu/courses/2080857/pages/dr-gs-videos-%3E-2-dot-3-2-dot-4?module_item_id=26982623,"Dr G's Videos --> 2.3, 2.4: INTEGRAL CALCULUS (MTH_252Z_400_U2026)",page,dr-gs-videos-%3E-2-dot-3-2-dot-4,1,yes,,raw_html/00128-mth-252-module-item-dr-g-s-videos-2-3-2-4-integral-calculus-mth-252z-400-u2026.html,text/00128-mth-252-module-item-dr-g-s-videos-2-3-2-4-integral-calculus-mth-252z-400-u2026.txt,text/00128-mth-252-module-item-dr-g-s-videos-2-3-2-4-integral-calculus-mth-252z-400-u2026.fulltext.txt,markdown/00128-mth-252-module-item-dr-g-s-videos-2-3-2-4-integral-calculus-mth-252z-400-u2026.md,,metadata/00128-mth-252-module-item-dr-g-s-videos-2-3-2-4-integral-calculus-mth-252z-400-u2026.json,64673319c750f108e413f3689b747a6ff3a8aaa616b8e1cc325256edb0310c23,c509593e18ac9c217f1588038ded7986b52d99e64bac46ff834ec33994c9cdec,2026-07-30T20:28:41.462Z,1,30,4,0,0,0
00129-mth-252-module-item-rq-2-3-integral-calculus-mth-252z-400-u2026,2080857,MTH-252,module_item,module_item,https://canvas.oregonstate.edu/courses/2080857/modules/items/26982624,https://canvas.oregonstate.edu/courses/2080857/quizzes/3167665?module_item_id=26982624,RQ-2.3 : INTEGRAL CALCULUS (MTH_252Z_400_U2026),quiz,3167665,1,yes,,raw_html/00129-mth-252-module-item-rq-2-3-integral-calculus-mth-252z-400-u2026.html,text/00129-mth-252-module-item-rq-2-3-integral-calculus-mth-252z-400-u2026.txt,text/00129-mth-252-module-item-rq-2-3-integral-calculus-mth-252z-400-u2026.fulltext.txt,markdown/00129-mth-252-module-item-rq-2-3-integral-calculus-mth-252z-400-u2026.md,,metadata/00129-mth-252-module-item-rq-2-3-integral-calculus-mth-252z-400-u2026.json,29c4a0eb6ba8f9a54c3b7f3618979e96de488199218d9793516ce84b014bb311,64a0948f8ce1d96ca1bd4ad6fa47b1430d3d682ff2c117e4849d1d627fa642ef,2026-07-30T20:28:44.286Z,1,27,2,0,0,0
00130-mth-252-module-item-rq-2-4-integral-calculus-mth-252z-400-u2026,2080857,MTH-252,module_item,module_item,https://canvas.oregonstate.edu/courses/2080857/modules/items/26982625,https://canvas.oregonstate.edu/courses/2080857/quizzes/3167663?module_item_id=26982625,RQ-2.4: INTEGRAL CALCULUS (MTH_252Z_400_U2026),quiz,3167663,1,yes,,raw_html/00130-mth-252-module-item-rq-2-4-integral-calculus-mth-252z-400-u2026.html,text/00130-mth-252-module-item-rq-2-4-integral-calculus-mth-252z-400-u2026.txt,text/00130-mth-252-module-item-rq-2-4-integral-calculus-mth-252z-400-u2026.fulltext.txt,markdown/00130-mth-252-module-item-rq-2-4-integral-calculus-mth-252z-400-u2026.md,,metadata/00130-mth-252-module-item-rq-2-4-integral-calculus-mth-252z-400-u2026.json,e47fdf012a8d83864ed30f45ff8c974cc917cbb77b62c2543e498cfad6031bdd,c77d58bbda663b94a7f92fc8bb270b127c61d4d8ea3ccecaec394b0b8056e9a3,2026-07-30T20:28:46.533Z,1,27,2,0,0,0
00131-mth-252-module-item-module-8-written-homework-whw-8-3-hours,2080857,MTH-252,module_item,module_item,https://canvas.oregonstate.edu/courses/2080857/modules/items/26982626,https://canvas.oregonstate.edu/courses/2080857/assignments/10586061?module_item_id=26982626,Module 8 — Written Homework (WHW 8) 🕓 3 hours,assignment,10586061,1,yes,,raw_html/00131-mth-252-module-item-module-8-written-homework-whw-8-3-hours.html,text/00131-mth-252-module-item-module-8-written-homework-whw-8-3-hours.txt,text/00131-mth-252-module-item-module-8-written-homework-whw-8-3-hours.fulltext.txt,markdown/00131-mth-252-module-item-module-8-written-homework-whw-8-3-hours.md,,metadata/00131-mth-252-module-item-module-8-written-homework-whw-8-3-hours.json,8bb2958c29240cb71da1d7b5b07e4256cd7d1827d89ecb72f4c5dc638fa3998e,eda062bb036d561ce3cc7e394a55fd7b7f2ec00a1a3ca13a04be8269aa15b6d3,2026-07-30T20:28:49.135Z,2,54,2,0,0,0
00132-mth-252-module-item-topic-module-8-discussion-reflection-whw-8-0-5-hour,2080857,MTH-252,module_item,module_item,https://canvas.oregonstate.edu/courses/2080857/modules/items/26982627,https://canvas.oregonstate.edu/courses/2080857/discussion_topics/11593468?module_item_id=26982627,Topic: Module 8 — Discussion Reflection: WHW 8 🕓 0.5 hour,discussion,11593468,1,yes,,raw_html/00132-mth-252-module-item-topic-module-8-discussion-reflection-whw-8-0-5-hour.html,text/00132-mth-252-module-item-topic-module-8-discussion-reflection-whw-8-0-5-hour.txt,text/00132-mth-252-module-item-topic-module-8-discussion-reflection-whw-8-0-5-hour.fulltext.txt,markdown/00132-mth-252-module-item-topic-module-8-discussion-reflection-whw-8-0-5-hour.md,,metadata/00132-mth-252-module-item-topic-module-8-discussion-reflection-whw-8-0-5-hour.json,19b95aae27d0a818d90e45d618b1bf7641491b06037a7032784e48c2ee7c9be8,e3b0c44298fc1c149afbf4c8996fb92427ae41e4649b934ca495991b7852b855,2026-07-30T20:28:52.035Z,0,27,2,0,0,0
00133-mth-252-module-item-achieve-2-3-volumes-of-revolution-cylindrical-shells,2080857,MTH-252,module_item,module_item,https://canvas.oregonstate.edu/courses/2080857/modules/items/26982628,https://canvas.oregonstate.edu/courses/2080857/assignments/10586033?module_item_id=26982628,Achieve - 2.3 Volumes of Revolution: Cylindrical Shells,assignment,10586033,1,yes,yes,raw_html/00133-mth-252-module-item-achieve-2-3-volumes-of-revolution-cylindrical-shells.html,text/00133-mth-252-module-item-achieve-2-3-volumes-of-revolution-cylindrical-shells.txt,text/00133-mth-252-module-item-achieve-2-3-volumes-of-revolution-cylindrical-shells.fulltext.txt,markdown/00133-mth-252-module-item-achieve-2-3-volumes-of-revolution-cylindrical-shells.md,,metadata/00133-mth-252-module-item-achieve-2-3-volumes-of-revolution-cylindrical-shells.json,0c43a535de5ad4faf6313414986f71cd1ea74e856a81517bc856d5098b23feed,b97f2a922e01b870f4eee378f49bd81621736437a45b6eb0ab036bd27ad013d7,2026-07-30T20:28:54.491Z,2,54,2,0,0,0
00134-mth-252-module-item-acheive-2-4-arc-length-of-a-curve-no-surface-area,2080857,MTH-252,module_item,module_item,https://canvas.oregonstate.edu/courses/2080857/modules/items/26982629,https://canvas.oregonstate.edu/courses/2080857/assignments/10586024?module_item_id=26982629,Acheive - 2.4 Arc Length of a Curve (NO Surface Area),assignment,10586024,1,yes,yes,raw_html/00134-mth-252-module-item-acheive-2-4-arc-length-of-a-curve-no-surface-area.html,text/00134-mth-252-module-item-acheive-2-4-arc-length-of-a-curve-no-surface-area.txt,text/00134-mth-252-module-item-acheive-2-4-arc-length-of-a-curve-no-surface-area.fulltext.txt,markdown/00134-mth-252-module-item-acheive-2-4-arc-length-of-a-curve-no-surface-area.md,,metadata/00134-mth-252-module-item-acheive-2-4-arc-length-of-a-curve-no-surface-area.json,03b0db1ec1b722495b8fe4c1e59a2a0a42ce6d3961944d687d43629872c6e507,31e891ffb482bbaedd7cbc8dd5962bd48f57615cdd351ef627c3c16584b972f0,2026-07-30T20:28:56.790Z,2,54,2,0,0,0
00135-mth-252-module-item-mini-exam-4-tuesday-to-thursday,2080857,MTH-252,module_item,module_item,https://canvas.oregonstate.edu/courses/2080857/modules/items/26982630,https://canvas.oregonstate.edu/courses/2080857/assignments/10586052?module_item_id=26982630,Mini-Exam 4 --> Tuesday to Thursday,assignment,10586052,1,yes,,raw_html/00135-mth-252-module-item-mini-exam-4-tuesday-to-thursday.html,text/00135-mth-252-module-item-mini-exam-4-tuesday-to-thursday.txt,text/00135-mth-252-module-item-mini-exam-4-tuesday-to-thursday.fulltext.txt,markdown/00135-mth-252-module-item-mini-exam-4-tuesday-to-thursday.md,,metadata/00135-mth-252-module-item-mini-exam-4-tuesday-to-thursday.json,055312f3ae35e3f6baf72bdacfedbb749bf1902421a69841f0c3cbcae53af7c6,00894aed12dba041317c4c2962293377311193b53180a9a38073c36e0413fedc,2026-07-30T20:29:00.387Z,2,54,2,0,0,0
00136-mth-252-module-item-module-9-overview-integral-calculus-mth-252z-400-u2026,2080857,MTH-252,module_item,module_item,https://canvas.oregonstate.edu/courses/2080857/modules/items/26982631,https://canvas.oregonstate.edu/courses/2080857/pages/module-9-overview?module_item_id=26982631,Module 9 — Overview: INTEGRAL CALCULUS (MTH_252Z_400_U2026),page,module-9-overview,1,yes,,raw_html/00136-mth-252-module-item-module-9-overview-integral-calculus-mth-252z-400-u2026.html,text/00136-mth-252-module-item-module-9-overview-integral-calculus-mth-252z-400-u2026.txt,text/00136-mth-252-module-item-module-9-overview-integral-calculus-mth-252z-400-u2026.fulltext.txt,markdown/00136-mth-252-module-item-module-9-overview-integral-calculus-mth-252z-400-u2026.md,,metadata/00136-mth-252-module-item-module-9-overview-integral-calculus-mth-252z-400-u2026.json,f80c85c30028bf7acfba0944c144435390f2bdc6c586dbf3b07441680d2c5068,5ed7d91b353d596e6905949cece36d711454e7290d516a7efd03d567e7d8209f,2026-07-30T20:29:02.583Z,4,30,2,0,0,0
00137-mth-252-module-item-module-9-learning-materials-and-practice-activities-3-5-hours-integral-calculus-mth-252z-400-u20,2080857,MTH-252,module_item,module_item,https://canvas.oregonstate.edu/courses/2080857/modules/items/26982632,https://canvas.oregonstate.edu/courses/2080857/pages/module-9-learning-materials-and-practice-activities-3-5-hours-2?module_item_id=26982632,Module 9 — Learning Materials and Practice Activities 🕓 3 - 5 hours: INTEGRAL CALCULUS (MTH_252Z_400_U2026),page,module-9-learning-materials-and-practice-activities-3-5-hours-2,1,yes,,raw_html/00137-mth-252-module-item-module-9-learning-materials-and-practice-activities-3-5-hours-integral-calculus-mth-252z-400-u20.html,text/00137-mth-252-module-item-module-9-learning-materials-and-practice-activities-3-5-hours-integral-calculus-mth-252z-400-u20.txt,text/00137-mth-252-module-item-module-9-learning-materials-and-practice-activities-3-5-hours-integral-calculus-mth-252z-400-u20.fulltext.txt,markdown/00137-mth-252-module-item-module-9-learning-materials-and-practice-activities-3-5-hours-integral-calculus-mth-252z-400-u20.md,,metadata/00137-mth-252-module-item-module-9-learning-materials-and-practice-activities-3-5-hours-integral-calculus-mth-252z-400-u20.json,2ffe7e39c4b079afedb5afa64f8b54e489acf6cb92793905532d303ae1d71af7,449dca5dd21adbb01690786ccd11e49261d88a55ba208056bc675cbc3257fce5,2026-07-30T20:29:05.234Z,6,47,2,0,0,0
00138-mth-252-module-item-252-lecture-2-5-to-me5-pdf-integral-calculus-mth-252z-400-u2026,2080857,MTH-252,module_item,module_item,https://canvas.oregonstate.edu/courses/2080857/modules/items/26982633,https://canvas.oregonstate.edu/courses/2080857/files/119223598?module_item_id=26982633,252-Lecture-2.5-to-ME5.pdf: INTEGRAL CALCULUS (MTH_252Z_400_U2026),file,119223598,1,yes,,raw_html/00138-mth-252-module-item-252-lecture-2-5-to-me5-pdf-integral-calculus-mth-252z-400-u2026.html,text/00138-mth-252-module-item-252-lecture-2-5-to-me5-pdf-integral-calculus-mth-252z-400-u2026.txt,text/00138-mth-252-module-item-252-lecture-2-5-to-me5-pdf-integral-calculus-mth-252z-400-u2026.fulltext.txt,markdown/00138-mth-252-module-item-252-lecture-2-5-to-me5-pdf-integral-calculus-mth-252z-400-u2026.md,,metadata/00138-mth-252-module-item-252-lecture-2-5-to-me5-pdf-integral-calculus-mth-252z-400-u2026.json,4dd16f74cc14c446b6a90a46ec40cc50ed48daa314008af7ce312c5f01916106,6c35fbced3ee727262015f36306f87e1f66f9cc1c55c23f1d70a61dcb485dac6,2026-07-30T20:29:07.637Z,1,31,3,0,0,0
00139-mth-252-module-item-dr-g-s-videos-2-5-integral-calculus-mth-252z-400-u2026,2080857,MTH-252,module_item,module_item,https://canvas.oregonstate.edu/courses/2080857/modules/items/26982634,https://canvas.oregonstate.edu/courses/2080857/pages/dr-gs-videos-%3E-2-dot-5?module_item_id=26982634,Dr. G's Videos --> 2.5: INTEGRAL CALCULUS (MTH_252Z_400_U2026),page,dr-gs-videos-%3E-2-dot-5,1,yes,,raw_html/00139-mth-252-module-item-dr-g-s-videos-2-5-integral-calculus-mth-252z-400-u2026.html,text/00139-mth-252-module-item-dr-g-s-videos-2-5-integral-calculus-mth-252z-400-u2026.txt,text/00139-mth-252-module-item-dr-g-s-videos-2-5-integral-calculus-mth-252z-400-u2026.fulltext.txt,markdown/00139-mth-252-module-item-dr-g-s-videos-2-5-integral-calculus-mth-252z-400-u2026.md,,metadata/00139-mth-252-module-item-dr-g-s-videos-2-5-integral-calculus-mth-252z-400-u2026.json,7fbae4e2aad369ae5a2da4913ead2ec3d3c8fb2cbcad0ee2b99b3b1f36e2108d,236c3d9658e93935e2836aad5c5f187fb317f83871ec3f609d0f926224da2e9a,2026-07-30T20:29:10.287Z,1,31,5,0,0,0
00140-mth-252-module-item-rq-2-5-integral-calculus-mth-252z-400-u2026,2080857,MTH-252,module_item,module_item,https://canvas.oregonstate.edu/courses/2080857/modules/items/26982635,https://canvas.oregonstate.edu/courses/2080857/quizzes/3167668?module_item_id=26982635,RQ-2.5 : INTEGRAL CALCULUS (MTH_252Z_400_U2026),quiz,3167668,1,yes,,raw_html/00140-mth-252-module-item-rq-2-5-integral-calculus-mth-252z-400-u2026.html,text/00140-mth-252-module-item-rq-2-5-integral-calculus-mth-252z-400-u2026.txt,text/00140-mth-252-module-item-rq-2-5-integral-calculus-mth-252z-400-u2026.fulltext.txt,markdown/00140-mth-252-module-item-rq-2-5-integral-calculus-mth-252z-400-u2026.md,,metadata/00140-mth-252-module-item-rq-2-5-integral-calculus-mth-252z-400-u2026.json,3a6fd3e05e996fab9a8b0e54a3f5fbebdcbf5e2a64db73e4cb78337e6e0d6a6b,102cbacd3e8c1679c9cf2bf9678e07f729809876c00177614dbb9e4ecd8ee650,2026-07-30T20:29:12.983Z,1,29,2,0,0,0
00141-mth-252-module-item-module-9-written-homework-whw-9-3-hours,2080857,MTH-252,module_item,module_item,https://canvas.oregonstate.edu/courses/2080857/modules/items/26982636,https://canvas.oregonstate.edu/courses/2080857/assignments/10586062?module_item_id=26982636,Module 9 — Written Homework (WHW 9) 🕓 3 hours,assignment,10586062,1,yes,,raw_html/00141-mth-252-module-item-module-9-written-homework-whw-9-3-hours.html,text/00141-mth-252-module-item-module-9-written-homework-whw-9-3-hours.txt,text/00141-mth-252-module-item-module-9-written-homework-whw-9-3-hours.fulltext.txt,markdown/00141-mth-252-module-item-module-9-written-homework-whw-9-3-hours.md,,metadata/00141-mth-252-module-item-module-9-written-homework-whw-9-3-hours.json,504af0f68b3ee993e6cfb14956552b1a202b20ace832012779c753baecdf2754,68e2c2f9c25a58054ff5f37bacdf0e12037dd10f0aaa045429f3b3af59ea25b6,2026-07-30T20:29:15.684Z,2,54,2,0,0,0
00142-mth-252-module-item-topic-module-9-discussion-reflection-final-and-exam-prep-0-5-hour,2080857,MTH-252,module_item,module_item,https://canvas.oregonstate.edu/courses/2080857/modules/items/26982637,https://canvas.oregonstate.edu/courses/2080857/discussion_topics/11593467?module_item_id=26982637,Topic: Module 9 — Discussion Reflection: Final and Exam Prep 🕓 0.5 hour,discussion,11593467,1,yes,,raw_html/00142-mth-252-module-item-topic-module-9-discussion-reflection-final-and-exam-prep-0-5-hour.html,text/00142-mth-252-module-item-topic-module-9-discussion-reflection-final-and-exam-prep-0-5-hour.txt,text/00142-mth-252-module-item-topic-module-9-discussion-reflection-final-and-exam-prep-0-5-hour.fulltext.txt,markdown/00142-mth-252-module-item-topic-module-9-discussion-reflection-final-and-exam-prep-0-5-hour.md,,metadata/00142-mth-252-module-item-topic-module-9-discussion-reflection-final-and-exam-prep-0-5-hour.json,2b7b57abeb79a04d627b13f5032dd2259c4664fb145a59e3cb7da41eb9d9b68d,e3b0c44298fc1c149afbf4c8996fb92427ae41e4649b934ca495991b7852b855,2026-07-30T20:29:18.184Z,0,27,2,0,0,0
00143-mth-252-module-item-achieve-2-5-1-physical-applications,2080857,MTH-252,module_item,module_item,https://canvas.oregonstate.edu/courses/2080857/modules/items/26982638,https://canvas.oregonstate.edu/courses/2080857/assignments/10586034?module_item_id=26982638,Achieve - 2.5 - 1 Physical Applications,assignment,10586034,1,yes,yes,raw_html/00143-mth-252-module-item-achieve-2-5-1-physical-applications.html,text/00143-mth-252-module-item-achieve-2-5-1-physical-applications.txt,text/00143-mth-252-module-item-achieve-2-5-1-physical-applications.fulltext.txt,markdown/00143-mth-252-module-item-achieve-2-5-1-physical-applications.md,,metadata/00143-mth-252-module-item-achieve-2-5-1-physical-applications.json,b4ff89fc493671d229084f827d093dbd17a5a1a75a69642acc66f6185651bf24,a8922badaf9dac70497913cf8199968cb73eefdcd560b5e10e8c0d3102cc4e3e,2026-07-30T20:29:21.767Z,2,54,2,0,0,0
00144-mth-252-module-item-achieve-2-5-2-physical-applications,2080857,MTH-252,module_item,module_item,https://canvas.oregonstate.edu/courses/2080857/modules/items/26982639,https://canvas.oregonstate.edu/courses/2080857/assignments/10586036?module_item_id=26982639,Achieve - 2.5 - 2 Physical Applications,assignment,10586036,1,yes,yes,raw_html/00144-mth-252-module-item-achieve-2-5-2-physical-applications.html,text/00144-mth-252-module-item-achieve-2-5-2-physical-applications.txt,text/00144-mth-252-module-item-achieve-2-5-2-physical-applications.fulltext.txt,markdown/00144-mth-252-module-item-achieve-2-5-2-physical-applications.md,,metadata/00144-mth-252-module-item-achieve-2-5-2-physical-applications.json,284f76e1e5ecd4d4ec7e30819cbe1e794839bee79aeaeea5e84b09a56d4c1800,531abcf194860c541d1d858ac418dbe75b28cb680607245c0003f4355ca9f4fc,2026-07-30T20:29:24.335Z,2,54,2,0,0,0
00145-mth-252-module-item-mini-exam-retake-sign-up-integral-calculus-mth-252z-400-u2026,2080857,MTH-252,module_item,module_item,https://canvas.oregonstate.edu/courses/2080857/modules/items/26982640,https://canvas.oregonstate.edu/courses/2080857/quizzes/3167661?module_item_id=26982640,Mini-Exam Retake Sign Up: INTEGRAL CALCULUS (MTH_252Z_400_U2026),quiz,3167661,1,yes,,raw_html/00145-mth-252-module-item-mini-exam-retake-sign-up-integral-calculus-mth-252z-400-u2026.html,text/00145-mth-252-module-item-mini-exam-retake-sign-up-integral-calculus-mth-252z-400-u2026.txt,text/00145-mth-252-module-item-mini-exam-retake-sign-up-integral-calculus-mth-252z-400-u2026.fulltext.txt,markdown/00145-mth-252-module-item-mini-exam-retake-sign-up-integral-calculus-mth-252z-400-u2026.md,,metadata/00145-mth-252-module-item-mini-exam-retake-sign-up-integral-calculus-mth-252z-400-u2026.json,45877215e01d83bfc9a5f14a6fbe7d76bbb21183b17105f03728bcf26ebcc5d1,17be4aec2e3372ac4330ee99a4c9b4a45f3335c3b136b34915852746de54e59b,2026-07-30T20:29:26.685Z,1,29,2,0,0,0
00146-mth-252-module-item-module-10-overview-integral-calculus-mth-252z-400-u2026,2080857,MTH-252,module_item,module_item,https://canvas.oregonstate.edu/courses/2080857/modules/items/26982641,https://canvas.oregonstate.edu/courses/2080857/pages/module-10-overview?module_item_id=26982641,Module 10 - Overview: INTEGRAL CALCULUS (MTH_252Z_400_U2026),page,module-10-overview,1,yes,,raw_html/00146-mth-252-module-item-module-10-overview-integral-calculus-mth-252z-400-u2026.html,text/00146-mth-252-module-item-module-10-overview-integral-calculus-mth-252z-400-u2026.txt,text/00146-mth-252-module-item-module-10-overview-integral-calculus-mth-252z-400-u2026.fulltext.txt,markdown/00146-mth-252-module-item-module-10-overview-integral-calculus-mth-252z-400-u2026.md,,metadata/00146-mth-252-module-item-module-10-overview-integral-calculus-mth-252z-400-u2026.json,dcfc047a3d2d2adf964c23dd79dd03c1e948d6a49a4579857bccd959321cf7d2,815d1173c7347f850e661cb5bccacb80afd020fbfe1f2dcf3c2224782391fad9,2026-07-30T20:29:28.882Z,4,30,2,0,0,0
00147-mth-252-module-item-module-10-learning-materials-and-practice-activities-3-5-hours-integral-calculus-mth-252z-400-u2,2080857,MTH-252,module_item,module_item,https://canvas.oregonstate.edu/courses/2080857/modules/items/26982643,https://canvas.oregonstate.edu/courses/2080857/pages/module-10-learning-materials-and-practice-activities-3-5-hours-2?module_item_id=26982643,Module 10 — Learning Materials and Practice Activities 🕓 3 - 5 hours: INTEGRAL CALCULUS (MTH_252Z_400_U2026),page,module-10-learning-materials-and-practice-activities-3-5-hours-2,1,yes,,raw_html/00147-mth-252-module-item-module-10-learning-materials-and-practice-activities-3-5-hours-integral-calculus-mth-252z-400-u2.html,text/00147-mth-252-module-item-module-10-learning-materials-and-practice-activities-3-5-hours-integral-calculus-mth-252z-400-u2.txt,text/00147-mth-252-module-item-module-10-learning-materials-and-practice-activities-3-5-hours-integral-calculus-mth-252z-400-u2.fulltext.txt,markdown/00147-mth-252-module-item-module-10-learning-materials-and-practice-activities-3-5-hours-integral-calculus-mth-252z-400-u2.md,,metadata/00147-mth-252-module-item-module-10-learning-materials-and-practice-activities-3-5-hours-integral-calculus-mth-252z-400-u2.json,2b22d9a8013d9226412115af5a521865351bc26df4365fa22e03d9ea6e790db8,9fdf48a79d0e62acf312ea95713a591999eb7b903abbcf22b078cd0d8e5a8c39,2026-07-30T20:29:31.185Z,6,43,2,0,0,0
00148-mth-252-module-item-252-lecture-2-5-to-me5-pdf-integral-calculus-mth-252z-400-u2026,2080857,MTH-252,module_item,module_item,https://canvas.oregonstate.edu/courses/2080857/modules/items/26982644,https://canvas.oregonstate.edu/courses/2080857/files/119223598?module_item_id=26982644,252-Lecture-2.5-to-ME5.pdf: INTEGRAL CALCULUS (MTH_252Z_400_U2026),file,119223598,1,yes,,raw_html/00148-mth-252-module-item-252-lecture-2-5-to-me5-pdf-integral-calculus-mth-252z-400-u2026.html,text/00148-mth-252-module-item-252-lecture-2-5-to-me5-pdf-integral-calculus-mth-252z-400-u2026.txt,text/00148-mth-252-module-item-252-lecture-2-5-to-me5-pdf-integral-calculus-mth-252z-400-u2026.fulltext.txt,markdown/00148-mth-252-module-item-252-lecture-2-5-to-me5-pdf-integral-calculus-mth-252z-400-u2026.md,,metadata/00148-mth-252-module-item-252-lecture-2-5-to-me5-pdf-integral-calculus-mth-252z-400-u2026.json,b2c686128b21c4f00852cbdb1b499136950ab6ddde28d197e69116d592eeb9e4,6c35fbced3ee727262015f36306f87e1f66f9cc1c55c23f1d70a61dcb485dac6,2026-07-30T20:29:33.632Z,1,31,3,0,0,0
00149-mth-252-module-item-dr-g-s-videos-3-7-integral-calculus-mth-252z-400-u2026,2080857,MTH-252,module_item,module_item,https://canvas.oregonstate.edu/courses/2080857/modules/items/26982645,https://canvas.oregonstate.edu/courses/2080857/pages/dr-gs-videos-%3E-3-dot-7?module_item_id=26982645,Dr G's Videos --> 3.7: INTEGRAL CALCULUS (MTH_252Z_400_U2026),page,dr-gs-videos-%3E-3-dot-7,1,yes,,raw_html/00149-mth-252-module-item-dr-g-s-videos-3-7-integral-calculus-mth-252z-400-u2026.html,text/00149-mth-252-module-item-dr-g-s-videos-3-7-integral-calculus-mth-252z-400-u2026.txt,text/00149-mth-252-module-item-dr-g-s-videos-3-7-integral-calculus-mth-252z-400-u2026.fulltext.txt,markdown/00149-mth-252-module-item-dr-g-s-videos-3-7-integral-calculus-mth-252z-400-u2026.md,,metadata/00149-mth-252-module-item-dr-g-s-videos-3-7-integral-calculus-mth-252z-400-u2026.json,f30e5e08e8e10a1ada330a05d55dc06ae2743892aea2de90ca4f9df6e5d4edfe,6ac7f4f150f728d4ca0a199710f220a192b2bb1895ec885dbe23a357dd9cf9d6,2026-07-30T20:29:37.087Z,1,30,4,0,0,0
00150-mth-252-module-item-rq-3-7-integral-calculus-mth-252z-400-u2026,2080857,MTH-252,module_item,module_item,https://canvas.oregonstate.edu/courses/2080857/modules/items/26982646,https://canvas.oregonstate.edu/courses/2080857/quizzes/3167657?module_item_id=26982646,RQ-3.7: INTEGRAL CALCULUS (MTH_252Z_400_U2026),quiz,3167657,1,yes,,raw_html/00150-mth-252-module-item-rq-3-7-integral-calculus-mth-252z-400-u2026.html,text/00150-mth-252-module-item-rq-3-7-integral-calculus-mth-252z-400-u2026.txt,text/00150-mth-252-module-item-rq-3-7-integral-calculus-mth-252z-400-u2026.fulltext.txt,markdown/00150-mth-252-module-item-rq-3-7-integral-calculus-mth-252z-400-u2026.md,,metadata/00150-mth-252-module-item-rq-3-7-integral-calculus-mth-252z-400-u2026.json,ba995cee59dd6b115c0768dc97897591dffe266018f0de3507635b4554515faf,996b336dd67cb7d2c794447cbd601d70f249f380af42c9d561ff212cf75ab819,2026-07-30T20:29:39.491Z,1,27,2,0,0,0
00151-mth-252-module-item-reflection-3,2080857,MTH-252,module_item,module_item,https://canvas.oregonstate.edu/courses/2080857/modules/items/26982647,https://canvas.oregonstate.edu/courses/2080857/assignments/10586064?module_item_id=26982647,Reflection 3,assignment,10586064,1,yes,yes,raw_html/00151-mth-252-module-item-reflection-3.html,text/00151-mth-252-module-item-reflection-3.txt,text/00151-mth-252-module-item-reflection-3.fulltext.txt,markdown/00151-mth-252-module-item-reflection-3.md,,metadata/00151-mth-252-module-item-reflection-3.json,eba4f96827c2e1732a1b6a58ce1d820506fff3a18d40bd96e97e41318e796063,d6b7b4d80862b46bb0b9c40ee6175231cababea91b977052bdaca7f8d0f4fde7,2026-07-30T20:29:42.106Z,2,54,2,0,0,0
00152-mth-252-module-item-achieve-3-7-improper-integrals,2080857,MTH-252,module_item,module_item,https://canvas.oregonstate.edu/courses/2080857/modules/items/26982648,https://canvas.oregonstate.edu/courses/2080857/assignments/10586041?module_item_id=26982648,Achieve - 3.7 Improper Integrals,assignment,10586041,1,yes,yes,raw_html/00152-mth-252-module-item-achieve-3-7-improper-integrals.html,text/00152-mth-252-module-item-achieve-3-7-improper-integrals.txt,text/00152-mth-252-module-item-achieve-3-7-improper-integrals.fulltext.txt,markdown/00152-mth-252-module-item-achieve-3-7-improper-integrals.md,,metadata/00152-mth-252-module-item-achieve-3-7-improper-integrals.json,7d50886363b67ced1391169067c4f75bd6f6f0c6155eb8e91b8de68c2e5a6344,9b262d84fd3aec64f95476d7d354bc7e709f786238e6deb969bf2577441bf036,2026-07-30T20:29:44.601Z,2,54,2,0,0,0
00153-mth-252-module-item-module-10-written-homework-whw-10-3-hours,2080857,MTH-252,module_item,module_item,https://canvas.oregonstate.edu/courses/2080857/modules/items/26982649,https://canvas.oregonstate.edu/courses/2080857/assignments/10586054?module_item_id=26982649,Module 10 — Written Homework (WHW 10) 🕓 3 hours,assignment,10586054,1,yes,,raw_html/00153-mth-252-module-item-module-10-written-homework-whw-10-3-hours.html,text/00153-mth-252-module-item-module-10-written-homework-whw-10-3-hours.txt,text/00153-mth-252-module-item-module-10-written-homework-whw-10-3-hours.fulltext.txt,markdown/00153-mth-252-module-item-module-10-written-homework-whw-10-3-hours.md,,metadata/00153-mth-252-module-item-module-10-written-homework-whw-10-3-hours.json,b48276c73c566a00441281bd57023c66b9033c454892b3e315c8c3be416de223,6dfc122e01e544f3db52b117d162e4c8372bb473d2bc1381cb9f452a3da25f3d,2026-07-30T20:29:47.502Z,2,54,2,0,0,0
00154-mth-252-module-item-final-mini-exam-5-monday-to-wednesday,2080857,MTH-252,module_item,module_item,https://canvas.oregonstate.edu/courses/2080857/modules/items/26982652,https://canvas.oregonstate.edu/courses/2080857/assignments/10586043?module_item_id=26982652,Final Mini-Exam 5 --> Monday to Wednesday,assignment,10586043,1,yes,,raw_html/00154-mth-252-module-item-final-mini-exam-5-monday-to-wednesday.html,text/00154-mth-252-module-item-final-mini-exam-5-monday-to-wednesday.txt,text/00154-mth-252-module-item-final-mini-exam-5-monday-to-wednesday.fulltext.txt,markdown/00154-mth-252-module-item-final-mini-exam-5-monday-to-wednesday.md,,metadata/00154-mth-252-module-item-final-mini-exam-5-monday-to-wednesday.json,a4954c9ca4f0d37ea134e6339538f325241d8404fcc286f6a1f89d12b1032e89,be5c5507e3ef76397839642feb759b4091df091ba04003b0b879b24726b15846,2026-07-30T20:29:50.351Z,2,54,2,0,0,0
00155-mth-252-module-item-mini-exam-1-retake,2080857,MTH-252,module_item,module_item,https://canvas.oregonstate.edu/courses/2080857/modules/items/26982653,https://canvas.oregonstate.edu/courses/2080857/assignments/10586046?module_item_id=26982653,Mini-Exam 1 - Retake,assignment,10586046,1,yes,,raw_html/00155-mth-252-module-item-mini-exam-1-retake.html,text/00155-mth-252-module-item-mini-exam-1-retake.txt,text/00155-mth-252-module-item-mini-exam-1-retake.fulltext.txt,markdown/00155-mth-252-module-item-mini-exam-1-retake.md,,metadata/00155-mth-252-module-item-mini-exam-1-retake.json,f12da6a05b101570063f96f3d25e9ce8645185a7c7b02d6a1b5e7d3a7c5411c5,44a6b42b19657cad0bc5810eaa96a09585575d85ad18b8564911af68b22b86a0,2026-07-30T20:29:53.303Z,2,54,2,0,0,0
00156-mth-252-module-item-mini-exam-2-retake,2080857,MTH-252,module_item,module_item,https://canvas.oregonstate.edu/courses/2080857/modules/items/26982654,https://canvas.oregonstate.edu/courses/2080857/assignments/10586047?module_item_id=26982654,Mini-Exam 2 - Retake,assignment,10586047,1,yes,yes,raw_html/00156-mth-252-module-item-mini-exam-2-retake.html,text/00156-mth-252-module-item-mini-exam-2-retake.txt,text/00156-mth-252-module-item-mini-exam-2-retake.fulltext.txt,markdown/00156-mth-252-module-item-mini-exam-2-retake.md,,metadata/00156-mth-252-module-item-mini-exam-2-retake.json,dcb849fe45967d0ca8908f9b502a5b4f99f4bbec4b0d43afcf02fbddd870102b,fa4aa9d3468c94bd5d7bca308f26c6c1bbce26e2281f14782700ccc04944395c,2026-07-30T20:29:55.911Z,9,62,2,0,0,0
00157-mth-252-module-item-mini-exam-3-retake,2080857,MTH-252,module_item,module_item,https://canvas.oregonstate.edu/courses/2080857/modules/items/26982655,https://canvas.oregonstate.edu/courses/2080857/assignments/10586049?module_item_id=26982655,Mini-Exam 3 - Retake,assignment,10586049,1,yes,yes,raw_html/00157-mth-252-module-item-mini-exam-3-retake.html,text/00157-mth-252-module-item-mini-exam-3-retake.txt,text/00157-mth-252-module-item-mini-exam-3-retake.fulltext.txt,markdown/00157-mth-252-module-item-mini-exam-3-retake.md,,metadata/00157-mth-252-module-item-mini-exam-3-retake.json,dabc6c06f02b4ab3bf06595d18c78712808ffbad126ae8f4b37ea950d55143f5,662795517c610e91ce50cf244c7554cbfd8d5dfca74d4af89d11ffc94f8e2299,2026-07-30T20:29:58.452Z,9,57,2,0,0,0
00158-mth-252-module-item-mini-exam-4-retake,2080857,MTH-252,module_item,module_item,https://canvas.oregonstate.edu/courses/2080857/modules/items/26982656,https://canvas.oregonstate.edu/courses/2080857/assignments/10586051?module_item_id=26982656,Mini-Exam 4 - Retake,assignment,10586051,1,yes,yes,raw_html/00158-mth-252-module-item-mini-exam-4-retake.html,text/00158-mth-252-module-item-mini-exam-4-retake.txt,text/00158-mth-252-module-item-mini-exam-4-retake.fulltext.txt,markdown/00158-mth-252-module-item-mini-exam-4-retake.md,,metadata/00158-mth-252-module-item-mini-exam-4-retake.json,6c9db97170afdcb8b9a6d3c54d25f6b024b8c6d199d8764f63fe9d8c9e53881a,044e3202968d6ea154814e4099bdfe58e689c03a3b95b61998bc7185d43fa025,2026-07-30T20:30:00.954Z,9,60,2,0,0,0
00159-mth-252-module-item-indefinite-integral-exponential-ibp-twice,2080857,MTH-252,module_item,module_item,https://canvas.oregonstate.edu/courses/2080857/modules/items/26982730,https://canvas.oregonstate.edu/courses/2080857/modules/items/26982730,"Indefinite integral: Exponential, IBP twice",module_item,26982730,1,,yes,raw_html/00159-mth-252-module-item-indefinite-integral-exponential-ibp-twice.html,text/00159-mth-252-module-item-indefinite-integral-exponential-ibp-twice.txt,text/00159-mth-252-module-item-indefinite-integral-exponential-ibp-twice.fulltext.txt,markdown/00159-mth-252-module-item-indefinite-integral-exponential-ibp-twice.md,,metadata/00159-mth-252-module-item-indefinite-integral-exponential-ibp-twice.json,66691d4ee25e9c0eb411cf242ceacb8428081cec885cf8ea3c12b9cee6c86a9f,fdbdc21182a39cdc119bd9dde6b0a15235e9142df09a1ad6776dd66887732e06,2026-07-30T20:30:02.901Z,1,30,3,0,0,0
00160-mth-252-linked-detail-topic-update-mini-exam-3-reminders-no-gradescope-app-practice-submission-in-gradescope-etc,2080857,MTH-252,linked_detail,linked_detail,https://canvas.oregonstate.edu/courses/2080857/discussion_topics/11617072,https://canvas.oregonstate.edu/courses/2080857/discussion_topics/11617072,"Topic: Update: Mini-Exam 3 Reminders --> No gradescope App, practice submission in gradescope, etc.",discussion,11617072,1,,,raw_html/00160-mth-252-linked-detail-topic-update-mini-exam-3-reminders-no-gradescope-app-practice-submission-in-gradescope-etc.html,text/00160-mth-252-linked-detail-topic-update-mini-exam-3-reminders-no-gradescope-app-practice-submission-in-gradescope-etc.txt,text/00160-mth-252-linked-detail-topic-update-mini-exam-3-reminders-no-gradescope-app-practice-submission-in-gradescope-etc.fulltext.txt,markdown/00160-mth-252-linked-detail-topic-update-mini-exam-3-reminders-no-gradescope-app-practice-submission-in-gradescope-etc.md,,metadata/00160-mth-252-linked-detail-topic-update-mini-exam-3-reminders-no-gradescope-app-practice-submission-in-gradescope-etc.json,d82949085ea5d3c215f4c8c2125f4682e50902bdba06c01acd1954fbbd4dfa2b,e3b0c44298fc1c149afbf4c8996fb92427ae41e4649b934ca495991b7852b855,2026-07-30T20:30:05.003Z,0,27,2,0,0,0
00161-mth-253-module-item-start-here-overview-sequences-and-series-mth-253z-400-u2026,2053263,MTH-253,module_item,module_item,https://canvas.oregonstate.edu/courses/2053263/modules/items/26885519,https://canvas.oregonstate.edu/courses/2053263/pages/start-here-overview?module_item_id=26885519,Start Here - Overview: SEQUENCES AND SERIES (MTH_253Z_400_U2026),page,start-here-overview,1,yes,,raw_html/00161-mth-253-module-item-start-here-overview-sequences-and-series-mth-253z-400-u2026.html,text/00161-mth-253-module-item-start-here-overview-sequences-and-series-mth-253z-400-u2026.txt,text/00161-mth-253-module-item-start-here-overview-sequences-and-series-mth-253z-400-u2026.fulltext.txt,markdown/00161-mth-253-module-item-start-here-overview-sequences-and-series-mth-253z-400-u2026.md,,metadata/00161-mth-253-module-item-start-here-overview-sequences-and-series-mth-253z-400-u2026.json,46f801d5135b9b215bf413ddc3932d3eeb98539fa03637534997882609c534df,685bacfc9cd627443fbc37ed1e3f68c68b0036cf41d08f6a2c80a80d257611be,2026-07-30T20:30:07.533Z,1,29,2,0,0,0
00162-mth-253-module-item-start-here-syllabus-sequences-and-series-mth-253z-400-u2026,2053263,MTH-253,module_item,module_item,https://canvas.oregonstate.edu/courses/2053263/modules/items/26885520,https://canvas.oregonstate.edu/courses/2053263/pages/start-here-syllabus?module_item_id=26885520,Start Here - Syllabus: SEQUENCES AND SERIES (MTH_253Z_400_U2026),page,start-here-syllabus,1,yes,,raw_html/00162-mth-253-module-item-start-here-syllabus-sequences-and-series-mth-253z-400-u2026.html,text/00162-mth-253-module-item-start-here-syllabus-sequences-and-series-mth-253z-400-u2026.txt,text/00162-mth-253-module-item-start-here-syllabus-sequences-and-series-mth-253z-400-u2026.fulltext.txt,markdown/00162-mth-253-module-item-start-here-syllabus-sequences-and-series-mth-253z-400-u2026.md,,metadata/00162-mth-253-module-item-start-here-syllabus-sequences-and-series-mth-253z-400-u2026.json,83fd629aafab090a94c12a6ba1752ada527e4c98c51014cfb683e5a75015abd0,5554423d045e7a7b0e50ddb0a9d79146744baec9389627aa0babf3622a0a9554,2026-07-30T20:30:09.849Z,1,35,2,0,0,0
00163-mth-253-module-item-get-your-mth-253z-course-materials-access-code-ebook-sequences-and-series-mth-253z-400-u2026,2053263,MTH-253,module_item,module_item,https://canvas.oregonstate.edu/courses/2053263/modules/items/26885521,https://canvas.oregonstate.edu/courses/2053263/pages/get-your-mth-253z-course-materials-access-code-+-ebook-2?module_item_id=26885521,Get your MTH 253Z Course Materials! (Access Code + Ebook) : SEQUENCES AND SERIES (MTH_253Z_400_U2026),page,get-your-mth-253z-course-materials-access-code-+-ebook-2,1,yes,,raw_html/00163-mth-253-module-item-get-your-mth-253z-course-materials-access-code-ebook-sequences-and-series-mth-253z-400-u2026.html,text/00163-mth-253-module-item-get-your-mth-253z-course-materials-access-code-ebook-sequences-and-series-mth-253z-400-u2026.txt,text/00163-mth-253-module-item-get-your-mth-253z-course-materials-access-code-ebook-sequences-and-series-mth-253z-400-u2026.fulltext.txt,markdown/00163-mth-253-module-item-get-your-mth-253z-course-materials-access-code-ebook-sequences-and-series-mth-253z-400-u2026.md,,metadata/00163-mth-253-module-item-get-your-mth-253z-course-materials-access-code-ebook-sequences-and-series-mth-253z-400-u2026.json,060c5c2fab531f7e4b2cd4b1ace985ab161645bec91405faccf49cae2febb864,31dba0f41236de74bd2ae6ab8677a5ab1c998d4876f45b0bfc85312006e11e5d,2026-07-30T20:30:13.852Z,1,32,2,0,0,0
00164-mth-253-module-item-start-here-instructor-information-communication-policy-sequences-and-series-mth-253z-400-u2026,2053263,MTH-253,module_item,module_item,https://canvas.oregonstate.edu/courses/2053263/modules/items/26885522,https://canvas.oregonstate.edu/courses/2053263/pages/start-here-instructor-information-and-communication-policy?module_item_id=26885522,Start Here - Instructor Information & Communication Policy: SEQUENCES AND SERIES (MTH_253Z_400_U2026),page,start-here-instructor-information-and-communication-policy,1,yes,,raw_html/00164-mth-253-module-item-start-here-instructor-information-communication-policy-sequences-and-series-mth-253z-400-u2026.html,text/00164-mth-253-module-item-start-here-instructor-information-communication-policy-sequences-and-series-mth-253z-400-u2026.txt,text/00164-mth-253-module-item-start-here-instructor-information-communication-policy-sequences-and-series-mth-253z-400-u2026.fulltext.txt,markdown/00164-mth-253-module-item-start-here-instructor-information-communication-policy-sequences-and-series-mth-253z-400-u2026.md,,metadata/00164-mth-253-module-item-start-here-instructor-information-communication-policy-sequences-and-series-mth-253z-400-u2026.json,c0f00b3ddbb0ae818ad95941a7a1ce7774bf5a8df569ca9859f23a4aab201f04,e3f9487bcb038480cb7c16269d66ad993ae1c3aa5bf87d7119523de5ef8011ce,2026-07-30T20:30:16.103Z,3,34,2,0,0,0
00165-mth-253-module-item-start-here-on-the-use-of-ai-and-academic-honesty-sequences-and-series-mth-253z-400-u2026,2053263,MTH-253,module_item,module_item,https://canvas.oregonstate.edu/courses/2053263/modules/items/26977675,https://canvas.oregonstate.edu/courses/2053263/pages/start-here-on-the-use-of-ai-and-academic-honesty?module_item_id=26977675,Start Here: On the use of AI and academic honesty: SEQUENCES AND SERIES (MTH_253Z_400_U2026),page,start-here-on-the-use-of-ai-and-academic-honesty,1,yes,,raw_html/00165-mth-253-module-item-start-here-on-the-use-of-ai-and-academic-honesty-sequences-and-series-mth-253z-400-u2026.html,text/00165-mth-253-module-item-start-here-on-the-use-of-ai-and-academic-honesty-sequences-and-series-mth-253z-400-u2026.txt,text/00165-mth-253-module-item-start-here-on-the-use-of-ai-and-academic-honesty-sequences-and-series-mth-253z-400-u2026.fulltext.txt,markdown/00165-mth-253-module-item-start-here-on-the-use-of-ai-and-academic-honesty-sequences-and-series-mth-253z-400-u2026.md,,metadata/00165-mth-253-module-item-start-here-on-the-use-of-ai-and-academic-honesty-sequences-and-series-mth-253z-400-u2026.json,506bb6f390ab003eef9eee5c6cb15a6c03f3e7c881c86cb23b806d95c5b2dc3c,67cfb3837252bd8daae70c90a596dcb8837a4db47376bd62bcf97d097c1eb7bc,2026-07-30T20:30:18.303Z,7,33,2,0,0,0
00166-mth-253-module-item-start-here-where-to-go-for-help-sequences-and-series-mth-253z-400-u2026,2053263,MTH-253,module_item,module_item,https://canvas.oregonstate.edu/courses/2053263/modules/items/26885523,https://canvas.oregonstate.edu/courses/2053263/pages/start-here-where-to-go-for-help?module_item_id=26885523,Start Here - Where to go for help?: SEQUENCES AND SERIES (MTH_253Z_400_U2026),page,start-here-where-to-go-for-help,1,yes,,raw_html/00166-mth-253-module-item-start-here-where-to-go-for-help-sequences-and-series-mth-253z-400-u2026.html,text/00166-mth-253-module-item-start-here-where-to-go-for-help-sequences-and-series-mth-253z-400-u2026.txt,text/00166-mth-253-module-item-start-here-where-to-go-for-help-sequences-and-series-mth-253z-400-u2026.fulltext.txt,markdown/00166-mth-253-module-item-start-here-where-to-go-for-help-sequences-and-series-mth-253z-400-u2026.md,,metadata/00166-mth-253-module-item-start-here-where-to-go-for-help-sequences-and-series-mth-253z-400-u2026.json,99c81c29f3a38811fb05f50e6f8382bd88743f3b6ed327fcef306697e2eb9c1f,6c97050affd8c9a9f7eef3e107e9e94042cbf8211913f52130dcffc41af83ed0,2026-07-30T20:30:20.603Z,2,33,2,0,0,0
00167-mth-253-module-item-topic-general-q-a-discussion,2053263,MTH-253,module_item,module_item,https://canvas.oregonstate.edu/courses/2053263/modules/items/26885524,https://canvas.oregonstate.edu/courses/2053263/discussion_topics/11558499?module_item_id=26885524,Topic: General Q&A Discussion,discussion,11558499,1,yes,,raw_html/00167-mth-253-module-item-topic-general-q-a-discussion.html,text/00167-mth-253-module-item-topic-general-q-a-discussion.txt,text/00167-mth-253-module-item-topic-general-q-a-discussion.fulltext.txt,markdown/00167-mth-253-module-item-topic-general-q-a-discussion.md,,metadata/00167-mth-253-module-item-topic-general-q-a-discussion.json,56c2f67b05246931028ec9b25f6d052c62a3712d3b6a8d6499118352e387b34b,e3b0c44298fc1c149afbf4c8996fb92427ae41e4649b934ca495991b7852b855,2026-07-30T20:30:23.201Z,0,30,2,0,0,0
00168-mth-253-module-item-start-here-accessibility-statements-privacy-policies-sequences-and-series-mth-253z-400-u2026,2053263,MTH-253,module_item,module_item,https://canvas.oregonstate.edu/courses/2053263/modules/items/26885525,https://canvas.oregonstate.edu/courses/2053263/pages/start-here-accessibility-statements-and-privacy-policies?module_item_id=26885525,Start Here - Accessibility Statements & Privacy Policies: SEQUENCES AND SERIES (MTH_253Z_400_U2026),page,start-here-accessibility-statements-and-privacy-policies,1,yes,,raw_html/00168-mth-253-module-item-start-here-accessibility-statements-privacy-policies-sequences-and-series-mth-253z-400-u2026.html,text/00168-mth-253-module-item-start-here-accessibility-statements-privacy-policies-sequences-and-series-mth-253z-400-u2026.txt,text/00168-mth-253-module-item-start-here-accessibility-statements-privacy-policies-sequences-and-series-mth-253z-400-u2026.fulltext.txt,markdown/00168-mth-253-module-item-start-here-accessibility-statements-privacy-policies-sequences-and-series-mth-253z-400-u2026.md,,metadata/00168-mth-253-module-item-start-here-accessibility-statements-privacy-policies-sequences-and-series-mth-253z-400-u2026.json,5707d2cbdd4700ccdb090c0db7f83d0f0bea7eae9741421d8a1d7964579750e9,aa84cf9b69cb06f2663476125771229e8b9f8ec4aafa22fc01fd4cb9df9ba881,2026-07-30T20:30:25.399Z,3,34,2,0,0,0
00169-mth-253-module-item-start-here-sources-cited-sequences-and-series-mth-253z-400-u2026,2053263,MTH-253,module_item,module_item,https://canvas.oregonstate.edu/courses/2053263/modules/items/26885526,https://canvas.oregonstate.edu/courses/2053263/pages/start-here-sources-cited?module_item_id=26885526,Start Here - Sources Cited: SEQUENCES AND SERIES (MTH_253Z_400_U2026),page,start-here-sources-cited,1,yes,,raw_html/00169-mth-253-module-item-start-here-sources-cited-sequences-and-series-mth-253z-400-u2026.html,text/00169-mth-253-module-item-start-here-sources-cited-sequences-and-series-mth-253z-400-u2026.txt,text/00169-mth-253-module-item-start-here-sources-cited-sequences-and-series-mth-253z-400-u2026.fulltext.txt,markdown/00169-mth-253-module-item-start-here-sources-cited-sequences-and-series-mth-253z-400-u2026.md,,metadata/00169-mth-253-module-item-start-here-sources-cited-sequences-and-series-mth-253z-400-u2026.json,cdcaac0bb08a928bce76b7970ffc4a8169a5f17efb93b1e4989462215d5b57bc,2ba77737cd35a0bef6bd94297de6650a935c804f27b7593f812681d5b4326893,2026-07-30T20:30:27.749Z,2,31,2,0,0,0
00170-mth-253-module-item-practice-quiz-take-it-before-attempting-quiz-1-sequences-and-series-mth-253z-400-u2026,2053263,MTH-253,module_item,module_item,https://canvas.oregonstate.edu/courses/2053263/modules/items/26982050,https://canvas.oregonstate.edu/courses/2053263/quizzes/3166971?module_item_id=26982050,Practice Quiz (take it before attempting Quiz 1!): SEQUENCES AND SERIES (MTH_253Z_400_U2026),quiz,3166971,1,yes,,raw_html/00170-mth-253-module-item-practice-quiz-take-it-before-attempting-quiz-1-sequences-and-series-mth-253z-400-u2026.html,text/00170-mth-253-module-item-practice-quiz-take-it-before-attempting-quiz-1-sequences-and-series-mth-253z-400-u2026.txt,text/00170-mth-253-module-item-practice-quiz-take-it-before-attempting-quiz-1-sequences-and-series-mth-253z-400-u2026.fulltext.txt,markdown/00170-mth-253-module-item-practice-quiz-take-it-before-attempting-quiz-1-sequences-and-series-mth-253z-400-u2026.md,,metadata/00170-mth-253-module-item-practice-quiz-take-it-before-attempting-quiz-1-sequences-and-series-mth-253z-400-u2026.json,39af4bc5bf0a69c8e03141a4308545d48be1e2dc41398b167580b6689c9ee42f,26dd1fbbb1f41978afd4f9061288d0f41aefea3b6eacd6d5f02a00d1a9b2fcd2,2026-07-30T20:30:30.407Z,6,46,2,0,0,0
00171-mth-253-module-item-start-here-conclusion-sequences-and-series-mth-253z-400-u2026,2053263,MTH-253,module_item,module_item,https://canvas.oregonstate.edu/courses/2053263/modules/items/26885527,https://canvas.oregonstate.edu/courses/2053263/pages/start-here-conclusion?module_item_id=26885527,Start Here - Conclusion: SEQUENCES AND SERIES (MTH_253Z_400_U2026),page,start-here-conclusion,1,yes,,raw_html/00171-mth-253-module-item-start-here-conclusion-sequences-and-series-mth-253z-400-u2026.html,text/00171-mth-253-module-item-start-here-conclusion-sequences-and-series-mth-253z-400-u2026.txt,text/00171-mth-253-module-item-start-here-conclusion-sequences-and-series-mth-253z-400-u2026.fulltext.txt,markdown/00171-mth-253-module-item-start-here-conclusion-sequences-and-series-mth-253z-400-u2026.md,,metadata/00171-mth-253-module-item-start-here-conclusion-sequences-and-series-mth-253z-400-u2026.json,faa41532a4b179f9cc659a8004df0b865d943da2a9731e1fb722b22e491b8def,1f0c64b35d324441d200a14ec7f6314d75683ee9caad853066527ab9e9de85c4,2026-07-30T20:30:32.807Z,1,33,2,0,0,0
00172-mth-253-module-item-unit-1-overview-sequences-and-series-mth-253z-400-u2026,2053263,MTH-253,module_item,module_item,https://canvas.oregonstate.edu/courses/2053263/modules/items/26885529,https://canvas.oregonstate.edu/courses/2053263/pages/unit-1-overview?module_item_id=26885529,Unit 1 - Overview: SEQUENCES AND SERIES (MTH_253Z_400_U2026),page,unit-1-overview,1,yes,,raw_html/00172-mth-253-module-item-unit-1-overview-sequences-and-series-mth-253z-400-u2026.html,text/00172-mth-253-module-item-unit-1-overview-sequences-and-series-mth-253z-400-u2026.txt,text/00172-mth-253-module-item-unit-1-overview-sequences-and-series-mth-253z-400-u2026.fulltext.txt,markdown/00172-mth-253-module-item-unit-1-overview-sequences-and-series-mth-253z-400-u2026.md,,metadata/00172-mth-253-module-item-unit-1-overview-sequences-and-series-mth-253z-400-u2026.json,b134f74c9c96d5687661b54f581e3d9512d6fb6a718c0f979a125161b9dd32bf,adaf906ddb8020edb88ef861d894b13137e479ae60311f6d64da8ee6aab6e062,2026-07-30T20:30:35.404Z,4,43,2,0,0,0
00173-mth-253-module-item-unit-1-learning-materials-sequences-and-series-mth-253z-400-u2026,2053263,MTH-253,module_item,module_item,https://canvas.oregonstate.edu/courses/2053263/modules/items/26885530,https://canvas.oregonstate.edu/courses/2053263/pages/unit-1-learning-materials?module_item_id=26885530,Unit 1 - Learning Materials: SEQUENCES AND SERIES (MTH_253Z_400_U2026),page,unit-1-learning-materials,1,yes,yes,raw_html/00173-mth-253-module-item-unit-1-learning-materials-sequences-and-series-mth-253z-400-u2026.html,text/00173-mth-253-module-item-unit-1-learning-materials-sequences-and-series-mth-253z-400-u2026.txt,text/00173-mth-253-module-item-unit-1-learning-materials-sequences-and-series-mth-253z-400-u2026.fulltext.txt,markdown/00173-mth-253-module-item-unit-1-learning-materials-sequences-and-series-mth-253z-400-u2026.md,,metadata/00173-mth-253-module-item-unit-1-learning-materials-sequences-and-series-mth-253z-400-u2026.json,c27f244254f44b849e9dbf1bca44ec5033ed8f1ceb380ace81d27ef9122659e4,4c806e1943f794d67108c91eb054a58c611135dc9cce089bc00829a1f156ae13,2026-07-30T20:30:47.201Z,4,44,9,0,0,0
00174-mth-253-module-item-topic-unit-1-q-a-discussion-board-optional,2053263,MTH-253,module_item,module_item,https://canvas.oregonstate.edu/courses/2053263/modules/items/26885531,https://canvas.oregonstate.edu/courses/2053263/discussion_topics/11558490?module_item_id=26885531,Topic: Unit 1 - Q&A Discussion Board (Optional),discussion,11558490,1,yes,,raw_html/00174-mth-253-module-item-topic-unit-1-q-a-discussion-board-optional.html,text/00174-mth-253-module-item-topic-unit-1-q-a-discussion-board-optional.txt,text/00174-mth-253-module-item-topic-unit-1-q-a-discussion-board-optional.fulltext.txt,markdown/00174-mth-253-module-item-topic-unit-1-q-a-discussion-board-optional.md,,metadata/00174-mth-253-module-item-topic-unit-1-q-a-discussion-board-optional.json,17e692e94eae8fd757c3da7d3670eb8fa9aa24e40b4053241c7f0b06eac1c767,e3b0c44298fc1c149afbf4c8996fb92427ae41e4649b934ca495991b7852b855,2026-07-30T20:30:50.203Z,0,30,2,0,0,0
00175-mth-253-module-item-topic-unit-1-discussion-board-submitted-in-week-1-required,2053263,MTH-253,module_item,module_item,https://canvas.oregonstate.edu/courses/2053263/modules/items/26885532,https://canvas.oregonstate.edu/courses/2053263/discussion_topics/11558498?module_item_id=26885532,Topic: Unit 1 Discussion Board - Submitted in Week 1 (Required),discussion,11558498,1,yes,,raw_html/00175-mth-253-module-item-topic-unit-1-discussion-board-submitted-in-week-1-required.html,text/00175-mth-253-module-item-topic-unit-1-discussion-board-submitted-in-week-1-required.txt,text/00175-mth-253-module-item-topic-unit-1-discussion-board-submitted-in-week-1-required.fulltext.txt,markdown/00175-mth-253-module-item-topic-unit-1-discussion-board-submitted-in-week-1-required.md,,metadata/00175-mth-253-module-item-topic-unit-1-discussion-board-submitted-in-week-1-required.json,ffe55a01b79e1c04ccc6796767bfced324c5e35fd1228ad08957c1726af74ccb,e3b0c44298fc1c149afbf4c8996fb92427ae41e4649b934ca495991b7852b855,2026-07-30T20:30:52.441Z,0,30,2,0,0,0
00176-mth-253-module-item-unit-1-written-homework-assignment,2053263,MTH-253,module_item,module_item,https://canvas.oregonstate.edu/courses/2053263/modules/items/26885537,https://canvas.oregonstate.edu/courses/2053263/assignments/10553179?module_item_id=26885537,Unit 1 - Written Homework Assignment,assignment,10553179,1,yes,,raw_html/00176-mth-253-module-item-unit-1-written-homework-assignment.html,text/00176-mth-253-module-item-unit-1-written-homework-assignment.txt,text/00176-mth-253-module-item-unit-1-written-homework-assignment.fulltext.txt,markdown/00176-mth-253-module-item-unit-1-written-homework-assignment.md,,metadata/00176-mth-253-module-item-unit-1-written-homework-assignment.json,6b4e049d5e8558b08e61e9ab587d7e85ce9eeecc638a1c9b733ad5f6cf015db8,eb378b23385f3656f48daf46ef81ec71e98f5e579a5fabefd705f4713033111c,2026-07-30T20:30:57.206Z,6,58,2,0,0,0
00177-mth-253-module-item-week-1-web-homework-infinity-and-limits-indeterminates-improper-integrals,2053263,MTH-253,module_item,module_item,https://canvas.oregonstate.edu/courses/2053263/modules/items/26977416,https://canvas.oregonstate.edu/courses/2053263/assignments/10584258?module_item_id=26977416,"Week 1 Web Homework: Infinity and Limits, Indeterminates, Improper Integrals",assignment,10584258,1,yes,yes,raw_html/00177-mth-253-module-item-week-1-web-homework-infinity-and-limits-indeterminates-improper-integrals.html,text/00177-mth-253-module-item-week-1-web-homework-infinity-and-limits-indeterminates-improper-integrals.txt,text/00177-mth-253-module-item-week-1-web-homework-infinity-and-limits-indeterminates-improper-integrals.fulltext.txt,markdown/00177-mth-253-module-item-week-1-web-homework-infinity-and-limits-indeterminates-improper-integrals.md,,metadata/00177-mth-253-module-item-week-1-web-homework-infinity-and-limits-indeterminates-improper-integrals.json,30ad43d56899afe2cbdb18c3be2622ab35b236919f4a10c06ad8a1f4aa4a6610,4125a170fe14c6b523e29b7d97b5920dec732ae906799511ee909b3a34cdd625,2026-07-30T20:30:59.955Z,2,58,2,0,0,0
00178-mth-253-module-item-unit-1-quiz-sequences-and-series-mth-253z-400-u2026,2053263,MTH-253,module_item,module_item,https://canvas.oregonstate.edu/courses/2053263/modules/items/26885539,https://canvas.oregonstate.edu/courses/2053263/quizzes/3159593?module_item_id=26885539,Unit 1 Quiz: SEQUENCES AND SERIES (MTH_253Z_400_U2026),quiz,3159593,1,yes,,raw_html/00178-mth-253-module-item-unit-1-quiz-sequences-and-series-mth-253z-400-u2026.html,text/00178-mth-253-module-item-unit-1-quiz-sequences-and-series-mth-253z-400-u2026.txt,text/00178-mth-253-module-item-unit-1-quiz-sequences-and-series-mth-253z-400-u2026.fulltext.txt,markdown/00178-mth-253-module-item-unit-1-quiz-sequences-and-series-mth-253z-400-u2026.md,,metadata/00178-mth-253-module-item-unit-1-quiz-sequences-and-series-mth-253z-400-u2026.json,d0452317eb940ad7e8c494f28ed8f6c7ba3082197089bcdc62e4e072d863dcb8,0a49d2a62e09649259d35ffb08274f1a65057cf2a39361d65cd1992cd7fe58be,2026-07-30T20:31:02.478Z,5,30,2,0,0,0
00179-mth-253-module-item-unit-1-conclusion-sequences-and-series-mth-253z-400-u2026,2053263,MTH-253,module_item,module_item,https://canvas.oregonstate.edu/courses/2053263/modules/items/26885541,https://canvas.oregonstate.edu/courses/2053263/pages/unit-1-conclusion?module_item_id=26885541,Unit 1 - Conclusion: SEQUENCES AND SERIES (MTH_253Z_400_U2026),page,unit-1-conclusion,1,yes,,raw_html/00179-mth-253-module-item-unit-1-conclusion-sequences-and-series-mth-253z-400-u2026.html,text/00179-mth-253-module-item-unit-1-conclusion-sequences-and-series-mth-253z-400-u2026.txt,text/00179-mth-253-module-item-unit-1-conclusion-sequences-and-series-mth-253z-400-u2026.fulltext.txt,markdown/00179-mth-253-module-item-unit-1-conclusion-sequences-and-series-mth-253z-400-u2026.md,,metadata/00179-mth-253-module-item-unit-1-conclusion-sequences-and-series-mth-253z-400-u2026.json,c5f9d07f04cc3eaacea061b50988c8d60991dc3fb21a6fd6a2a438d4aad505c7,d637856b915dfa40953709c770562ed467ce08805333d9d84e21339980ddd2c7,2026-07-30T20:31:04.686Z,1,33,2,0,0,0
00180-mth-253-module-item-unit-2-overview-sequences-and-series-mth-253z-400-u2026,2053263,MTH-253,module_item,module_item,https://canvas.oregonstate.edu/courses/2053263/modules/items/26885542,https://canvas.oregonstate.edu/courses/2053263/pages/unit-2-overview?module_item_id=26885542,Unit 2 - Overview: SEQUENCES AND SERIES (MTH_253Z_400_U2026),page,unit-2-overview,1,yes,,raw_html/00180-mth-253-module-item-unit-2-overview-sequences-and-series-mth-253z-400-u2026.html,text/00180-mth-253-module-item-unit-2-overview-sequences-and-series-mth-253z-400-u2026.txt,text/00180-mth-253-module-item-unit-2-overview-sequences-and-series-mth-253z-400-u2026.fulltext.txt,markdown/00180-mth-253-module-item-unit-2-overview-sequences-and-series-mth-253z-400-u2026.md,,metadata/00180-mth-253-module-item-unit-2-overview-sequences-and-series-mth-253z-400-u2026.json,d11eff459e84eb2cae8d707a9d8514a3f6ed1605cd5cea32967dcce89a10b600,78a9f79754de00004a848d6c907b18cb41afe6c98e3a27ecb0239070a8ad37e5,2026-07-30T20:31:06.805Z,4,39,2,0,0,0
00181-mth-253-module-item-unit-2-learning-materials-sequences-and-series-mth-253z-400-u2026,2053263,MTH-253,module_item,module_item,https://canvas.oregonstate.edu/courses/2053263/modules/items/26885543,https://canvas.oregonstate.edu/courses/2053263/pages/unit-2-learning-materials?module_item_id=26885543,Unit 2 - Learning Materials: SEQUENCES AND SERIES (MTH_253Z_400_U2026),page,unit-2-learning-materials,1,yes,yes,raw_html/00181-mth-253-module-item-unit-2-learning-materials-sequences-and-series-mth-253z-400-u2026.html,text/00181-mth-253-module-item-unit-2-learning-materials-sequences-and-series-mth-253z-400-u2026.txt,text/00181-mth-253-module-item-unit-2-learning-materials-sequences-and-series-mth-253z-400-u2026.fulltext.txt,markdown/00181-mth-253-module-item-unit-2-learning-materials-sequences-and-series-mth-253z-400-u2026.md,,metadata/00181-mth-253-module-item-unit-2-learning-materials-sequences-and-series-mth-253z-400-u2026.json,51d2c447e0538c16b0e2ee5d37064b28cce6520f48086b250907056ae91259cd,5c57e2d16e959691cd44b80f2dac0023839ea87d216333be476c0b8ad96c31dd,2026-07-30T20:31:09.271Z,4,54,13,0,0,0
00182-mth-253-module-item-topic-unit-2-q-a-discussion-board-optional,2053263,MTH-253,module_item,module_item,https://canvas.oregonstate.edu/courses/2053263/modules/items/26885544,https://canvas.oregonstate.edu/courses/2053263/discussion_topics/11558491?module_item_id=26885544,Topic: Unit 2 - Q&A Discussion Board (Optional),discussion,11558491,1,yes,,raw_html/00182-mth-253-module-item-topic-unit-2-q-a-discussion-board-optional.html,text/00182-mth-253-module-item-topic-unit-2-q-a-discussion-board-optional.txt,text/00182-mth-253-module-item-topic-unit-2-q-a-discussion-board-optional.fulltext.txt,markdown/00182-mth-253-module-item-topic-unit-2-q-a-discussion-board-optional.md,,metadata/00182-mth-253-module-item-topic-unit-2-q-a-discussion-board-optional.json,c83ebbcf2f1612d86e688a17b2631a1e2af5c182e6ab8d9824ebbefe04ae1b87,e3b0c44298fc1c149afbf4c8996fb92427ae41e4649b934ca495991b7852b855,2026-07-30T20:31:13.636Z,0,30,2,0,0,0
00183-mth-253-module-item-week-2-web-homework-sequences,2053263,MTH-253,module_item,module_item,https://canvas.oregonstate.edu/courses/2053263/modules/items/26977767,https://canvas.oregonstate.edu/courses/2053263/assignments/10584372?module_item_id=26977767,Week 2 Web Homework: Sequences,assignment,10584372,1,yes,yes,raw_html/00183-mth-253-module-item-week-2-web-homework-sequences.html,text/00183-mth-253-module-item-week-2-web-homework-sequences.txt,text/00183-mth-253-module-item-week-2-web-homework-sequences.fulltext.txt,markdown/00183-mth-253-module-item-week-2-web-homework-sequences.md,,metadata/00183-mth-253-module-item-week-2-web-homework-sequences.json,670efef2c9033fbc96d6dfbde9c6a05378ea4913fa41f4d7d5f3660809927624,1ad7e1fd68936ef28509045c5230cb9f6e0122c3791ebf35db4d4e60be8b94e6,2026-07-30T20:31:16.751Z,2,58,2,0,0,0
00184-mth-253-module-item-unit-2-written-homework-assignment,2053263,MTH-253,module_item,module_item,https://canvas.oregonstate.edu/courses/2053263/modules/items/26885550,https://canvas.oregonstate.edu/courses/2053263/assignments/10553180?module_item_id=26885550,Unit 2 - Written Homework Assignment,assignment,10553180,1,yes,,raw_html/00184-mth-253-module-item-unit-2-written-homework-assignment.html,text/00184-mth-253-module-item-unit-2-written-homework-assignment.txt,text/00184-mth-253-module-item-unit-2-written-homework-assignment.fulltext.txt,markdown/00184-mth-253-module-item-unit-2-written-homework-assignment.md,,metadata/00184-mth-253-module-item-unit-2-written-homework-assignment.json,17b5ccf4e6406b67e4e9fe043c23e24f54bbb7df8cc49082a1d45874abafcc72,e6059200777e366745237eb66b355cd8a874860888a8e5db99724eb91261c0fd,2026-07-30T20:31:19.552Z,6,57,2,0,0,0
00185-mth-253-module-item-week-3-web-homework-introduction-to-series,2053263,MTH-253,module_item,module_item,https://canvas.oregonstate.edu/courses/2053263/modules/items/26977769,https://canvas.oregonstate.edu/courses/2053263/assignments/10584373?module_item_id=26977769,Week 3 Web Homework: Introduction to Series,assignment,10584373,1,yes,yes,raw_html/00185-mth-253-module-item-week-3-web-homework-introduction-to-series.html,text/00185-mth-253-module-item-week-3-web-homework-introduction-to-series.txt,text/00185-mth-253-module-item-week-3-web-homework-introduction-to-series.fulltext.txt,markdown/00185-mth-253-module-item-week-3-web-homework-introduction-to-series.md,,metadata/00185-mth-253-module-item-week-3-web-homework-introduction-to-series.json,516774d5a5c816b1ab3ba31ff177fc5c8de9497a7baad45d8e0365183b6149b1,e03fa7f302bd6184cb6ac0e695bbc45c0a3e1a8fa00be3604322c4cb16067824,2026-07-30T20:31:22.051Z,2,58,2,0,0,0
00186-mth-253-module-item-unit-2-quiz-sequences-and-series-mth-253z-400-u2026,2053263,MTH-253,module_item,module_item,https://canvas.oregonstate.edu/courses/2053263/modules/items/26885552,https://canvas.oregonstate.edu/courses/2053263/quizzes/3159592?module_item_id=26885552,Unit 2 Quiz: SEQUENCES AND SERIES (MTH_253Z_400_U2026),quiz,3159592,1,yes,,raw_html/00186-mth-253-module-item-unit-2-quiz-sequences-and-series-mth-253z-400-u2026.html,text/00186-mth-253-module-item-unit-2-quiz-sequences-and-series-mth-253z-400-u2026.txt,text/00186-mth-253-module-item-unit-2-quiz-sequences-and-series-mth-253z-400-u2026.fulltext.txt,markdown/00186-mth-253-module-item-unit-2-quiz-sequences-and-series-mth-253z-400-u2026.md,,metadata/00186-mth-253-module-item-unit-2-quiz-sequences-and-series-mth-253z-400-u2026.json,a1088285549b27515acedfdf2dc1a22032e1ad6aa3ce2a72a22315e939767c8e,fc5a93174c51e2116e0cfc575c0e80da707bf92bac80b1a2b7e260e7d8e7c6f1,2026-07-30T20:31:25.005Z,5,30,2,0,0,0
00187-mth-253-module-item-unit-2-conclusion-sequences-and-series-mth-253z-400-u2026,2053263,MTH-253,module_item,module_item,https://canvas.oregonstate.edu/courses/2053263/modules/items/26885554,https://canvas.oregonstate.edu/courses/2053263/pages/unit-2-conclusion?module_item_id=26885554,Unit 2 - Conclusion: SEQUENCES AND SERIES (MTH_253Z_400_U2026),page,unit-2-conclusion,1,yes,,raw_html/00187-mth-253-module-item-unit-2-conclusion-sequences-and-series-mth-253z-400-u2026.html,text/00187-mth-253-module-item-unit-2-conclusion-sequences-and-series-mth-253z-400-u2026.txt,text/00187-mth-253-module-item-unit-2-conclusion-sequences-and-series-mth-253z-400-u2026.fulltext.txt,markdown/00187-mth-253-module-item-unit-2-conclusion-sequences-and-series-mth-253z-400-u2026.md,,metadata/00187-mth-253-module-item-unit-2-conclusion-sequences-and-series-mth-253z-400-u2026.json,c10971361ea51e00ab93c8958855dcff4c6823216c40885093eafd960b0def80,8b12914b8be8d8f9825d12205a861cba183386f99bc86155590ab5f2ec3e1757,2026-07-30T20:31:27.503Z,1,33,2,0,0,0
00188-mth-253-module-item-unit-3-overview-sequences-and-series-mth-253z-400-u2026,2053263,MTH-253,module_item,module_item,https://canvas.oregonstate.edu/courses/2053263/modules/items/26885555,https://canvas.oregonstate.edu/courses/2053263/pages/unit-3-overview?module_item_id=26885555,Unit 3 - Overview: SEQUENCES AND SERIES (MTH_253Z_400_U2026),page,unit-3-overview,1,yes,,raw_html/00188-mth-253-module-item-unit-3-overview-sequences-and-series-mth-253z-400-u2026.html,text/00188-mth-253-module-item-unit-3-overview-sequences-and-series-mth-253z-400-u2026.txt,text/00188-mth-253-module-item-unit-3-overview-sequences-and-series-mth-253z-400-u2026.fulltext.txt,markdown/00188-mth-253-module-item-unit-3-overview-sequences-and-series-mth-253z-400-u2026.md,,metadata/00188-mth-253-module-item-unit-3-overview-sequences-and-series-mth-253z-400-u2026.json,8f2b099c39cd7fa047f8d518a01c85523edae89f2d1ba259262fa647aa3285c8,7658f051d28c66d588f030332be5b77f7ae98a83691f1e1979a211100b231557,2026-07-30T20:31:29.751Z,4,43,2,0,0,0
00189-mth-253-module-item-unit-3-learning-materials-sequences-and-series-mth-253z-400-u2026,2053263,MTH-253,module_item,module_item,https://canvas.oregonstate.edu/courses/2053263/modules/items/26885556,https://canvas.oregonstate.edu/courses/2053263/pages/unit-3-learning-materials?module_item_id=26885556,Unit 3 - Learning Materials: SEQUENCES AND SERIES (MTH_253Z_400_U2026),page,unit-3-learning-materials,1,yes,yes,raw_html/00189-mth-253-module-item-unit-3-learning-materials-sequences-and-series-mth-253z-400-u2026.html,text/00189-mth-253-module-item-unit-3-learning-materials-sequences-and-series-mth-253z-400-u2026.txt,text/00189-mth-253-module-item-unit-3-learning-materials-sequences-and-series-mth-253z-400-u2026.fulltext.txt,markdown/00189-mth-253-module-item-unit-3-learning-materials-sequences-and-series-mth-253z-400-u2026.md,,metadata/00189-mth-253-module-item-unit-3-learning-materials-sequences-and-series-mth-253z-400-u2026.json,11ec4aeafcc5189a4bb508f30badbe6b2665783d54331aa41cd91f204c52f950,bae671e90893d0deaaf648095b0a080a8d19a462bfc7029e6cd387798487162c,2026-07-30T20:31:32.104Z,4,54,12,0,0,0
00190-mth-253-module-item-topic-unit-3-q-a-discussion-board-optional,2053263,MTH-253,module_item,module_item,https://canvas.oregonstate.edu/courses/2053263/modules/items/26885557,https://canvas.oregonstate.edu/courses/2053263/discussion_topics/11558492?module_item_id=26885557,Topic: Unit 3 - Q&A Discussion Board (Optional),discussion,11558492,1,yes,,raw_html/00190-mth-253-module-item-topic-unit-3-q-a-discussion-board-optional.html,text/00190-mth-253-module-item-topic-unit-3-q-a-discussion-board-optional.txt,text/00190-mth-253-module-item-topic-unit-3-q-a-discussion-board-optional.fulltext.txt,markdown/00190-mth-253-module-item-topic-unit-3-q-a-discussion-board-optional.md,,metadata/00190-mth-253-module-item-topic-unit-3-q-a-discussion-board-optional.json,161433d031bf77c4e8e04a15a5d21e6b5a89b1db32b912e4097f1d3885d57375,51b41beba1840c8a8fa25eb5d2daf74dcf1565d4a23848348fe35a0fbd91133c,2026-07-30T20:31:34.909Z,3,30,2,0,0,0
00191-mth-253-module-item-week-4-web-homework-the-divergence-and-integral-tests,2053263,MTH-253,module_item,module_item,https://canvas.oregonstate.edu/courses/2053263/modules/items/26977967,https://canvas.oregonstate.edu/courses/2053263/assignments/10584431?module_item_id=26977967,Week 4 Web Homework: The Divergence and Integral Tests,assignment,10584431,1,yes,yes,raw_html/00191-mth-253-module-item-week-4-web-homework-the-divergence-and-integral-tests.html,text/00191-mth-253-module-item-week-4-web-homework-the-divergence-and-integral-tests.txt,text/00191-mth-253-module-item-week-4-web-homework-the-divergence-and-integral-tests.fulltext.txt,markdown/00191-mth-253-module-item-week-4-web-homework-the-divergence-and-integral-tests.md,,metadata/00191-mth-253-module-item-week-4-web-homework-the-divergence-and-integral-tests.json,9849280b1f21a742f7bb45355e831de434998e5be2c9b04d624b88aa21a71d63,7a632c23abffd3b1e499bb8909958a6701524d28b0d779b9de0dcfe71f4fad22,2026-07-30T20:31:38.204Z,2,58,2,0,0,0
00192-mth-253-module-item-week-5-web-homework-comparison-and-alternate-series-tests,2053263,MTH-253,module_item,module_item,https://canvas.oregonstate.edu/courses/2053263/modules/items/26977977,https://canvas.oregonstate.edu/courses/2053263/assignments/10584434?module_item_id=26977977,Week 5 Web Homework: Comparison and Alternate Series Tests,assignment,10584434,1,yes,yes,raw_html/00192-mth-253-module-item-week-5-web-homework-comparison-and-alternate-series-tests.html,text/00192-mth-253-module-item-week-5-web-homework-comparison-and-alternate-series-tests.txt,text/00192-mth-253-module-item-week-5-web-homework-comparison-and-alternate-series-tests.fulltext.txt,markdown/00192-mth-253-module-item-week-5-web-homework-comparison-and-alternate-series-tests.md,,metadata/00192-mth-253-module-item-week-5-web-homework-comparison-and-alternate-series-tests.json,a1d3a8b0ea0974d637da97716fac29e54fc6e25017fc49d6ed95c994842d018e,b99e656937a60276f3e54457e13f933aeb3bfaf04d96a76183196dc1b01aa24a,2026-07-30T20:31:41.104Z,2,58,2,0,0,0
00193-mth-253-module-item-topic-unit-3-discussion-board-submitted-in-week-6-required,2053263,MTH-253,module_item,module_item,https://canvas.oregonstate.edu/courses/2053263/modules/items/26885558,https://canvas.oregonstate.edu/courses/2053263/discussion_topics/11558497?module_item_id=26885558,Topic: Unit 3 Discussion Board - Submitted in Week 6 (Required),discussion,11558497,1,yes,,raw_html/00193-mth-253-module-item-topic-unit-3-discussion-board-submitted-in-week-6-required.html,text/00193-mth-253-module-item-topic-unit-3-discussion-board-submitted-in-week-6-required.txt,text/00193-mth-253-module-item-topic-unit-3-discussion-board-submitted-in-week-6-required.fulltext.txt,markdown/00193-mth-253-module-item-topic-unit-3-discussion-board-submitted-in-week-6-required.md,,metadata/00193-mth-253-module-item-topic-unit-3-discussion-board-submitted-in-week-6-required.json,4406b7ff8cebd8019709ba519f3e75f031afe5cfa365766de4e3b48a6ae64cb3,e3b0c44298fc1c149afbf4c8996fb92427ae41e4649b934ca495991b7852b855,2026-07-30T20:31:43.545Z,0,30,2,0,0,0
00194-mth-253-module-item-unit-3-written-homework-assignment,2053263,MTH-253,module_item,module_item,https://canvas.oregonstate.edu/courses/2053263/modules/items/26885565,https://canvas.oregonstate.edu/courses/2053263/assignments/10553181?module_item_id=26885565,Unit 3 - Written Homework Assignment,assignment,10553181,1,yes,yes,raw_html/00194-mth-253-module-item-unit-3-written-homework-assignment.html,text/00194-mth-253-module-item-unit-3-written-homework-assignment.txt,text/00194-mth-253-module-item-unit-3-written-homework-assignment.fulltext.txt,markdown/00194-mth-253-module-item-unit-3-written-homework-assignment.md,,metadata/00194-mth-253-module-item-unit-3-written-homework-assignment.json,cda9ffc837c135d929b28244e0d2f07fe65d9ed2f3a7c095c30c3919ffb0257c,d88b900566fa2f8d5661e9f52ebd0c28f069fddf70911793dd46802c86e79c30,2026-07-30T20:31:46.402Z,6,62,2,0,0,0
00195-mth-253-module-item-week-6-web-homework-ratio-and-root-tests,2053263,MTH-253,module_item,module_item,https://canvas.oregonstate.edu/courses/2053263/modules/items/26977980,https://canvas.oregonstate.edu/courses/2053263/assignments/10584435?module_item_id=26977980,Week 6 Web Homework: Ratio and Root Tests,assignment,10584435,1,yes,yes,raw_html/00195-mth-253-module-item-week-6-web-homework-ratio-and-root-tests.html,text/00195-mth-253-module-item-week-6-web-homework-ratio-and-root-tests.txt,text/00195-mth-253-module-item-week-6-web-homework-ratio-and-root-tests.fulltext.txt,markdown/00195-mth-253-module-item-week-6-web-homework-ratio-and-root-tests.md,,metadata/00195-mth-253-module-item-week-6-web-homework-ratio-and-root-tests.json,52326865f42e48245325e513867ff6f259bd5bcf7a9359b06b582d4ba6a8e922,764bc012dc23d176011a6ce2c0bf9479d81bc849b86b24945cdb449d12849d86,2026-07-30T20:31:49.322Z,2,58,2,0,0,0
00196-mth-253-module-item-unit-3-quiz-sequences-and-series-mth-253z-400-u2026,2053263,MTH-253,module_item,module_item,https://canvas.oregonstate.edu/courses/2053263/modules/items/26885567,https://canvas.oregonstate.edu/courses/2053263/quizzes/3159589?module_item_id=26885567,Unit 3 Quiz: SEQUENCES AND SERIES (MTH_253Z_400_U2026),quiz,3159589,1,yes,,raw_html/00196-mth-253-module-item-unit-3-quiz-sequences-and-series-mth-253z-400-u2026.html,text/00196-mth-253-module-item-unit-3-quiz-sequences-and-series-mth-253z-400-u2026.txt,text/00196-mth-253-module-item-unit-3-quiz-sequences-and-series-mth-253z-400-u2026.fulltext.txt,markdown/00196-mth-253-module-item-unit-3-quiz-sequences-and-series-mth-253z-400-u2026.md,,metadata/00196-mth-253-module-item-unit-3-quiz-sequences-and-series-mth-253z-400-u2026.json,41fb48f359528462e2297e9d583e2c99dc6c78579b6468b1660c1669cf88d0f0,042eca4d0dec49d461899a7fbdf178ebd725b2929f8b2a0e4a4cd0ef920a7ee0,2026-07-30T20:31:51.607Z,1,32,2,0,0,0
00197-mth-253-module-item-unit-4-overview-sequences-and-series-mth-253z-400-u2026,2053263,MTH-253,module_item,module_item,https://canvas.oregonstate.edu/courses/2053263/modules/items/26885570,https://canvas.oregonstate.edu/courses/2053263/pages/unit-4-overview?module_item_id=26885570,Unit 4 - Overview: SEQUENCES AND SERIES (MTH_253Z_400_U2026),page,unit-4-overview,1,yes,,raw_html/00197-mth-253-module-item-unit-4-overview-sequences-and-series-mth-253z-400-u2026.html,text/00197-mth-253-module-item-unit-4-overview-sequences-and-series-mth-253z-400-u2026.txt,text/00197-mth-253-module-item-unit-4-overview-sequences-and-series-mth-253z-400-u2026.fulltext.txt,markdown/00197-mth-253-module-item-unit-4-overview-sequences-and-series-mth-253z-400-u2026.md,,metadata/00197-mth-253-module-item-unit-4-overview-sequences-and-series-mth-253z-400-u2026.json,ecaad8c6bb2126ae23e63eb546896e4abc5f4849d4479085eeec080ee91edd3f,eaea4b984f4ed0cd0a64b24eb9be781970119e0bdc270eb66870039030abebe7,2026-07-30T20:31:53.948Z,4,43,2,0,0,0
00198-mth-253-module-item-topic-unit-4-q-a-discussion-board-optional,2053263,MTH-253,module_item,module_item,https://canvas.oregonstate.edu/courses/2053263/modules/items/26885572,https://canvas.oregonstate.edu/courses/2053263/discussion_topics/11558493?module_item_id=26885572,Topic: Unit 4 - Q&A Discussion Board (Optional),discussion,11558493,1,yes,,raw_html/00198-mth-253-module-item-topic-unit-4-q-a-discussion-board-optional.html,text/00198-mth-253-module-item-topic-unit-4-q-a-discussion-board-optional.txt,text/00198-mth-253-module-item-topic-unit-4-q-a-discussion-board-optional.fulltext.txt,markdown/00198-mth-253-module-item-topic-unit-4-q-a-discussion-board-optional.md,,metadata/00198-mth-253-module-item-topic-unit-4-q-a-discussion-board-optional.json,1da8ec2c8e0614f24ee72042d51ed605641afe9ba06801e6d05819c97d853719,e3b0c44298fc1c149afbf4c8996fb92427ae41e4649b934ca495991b7852b855,2026-07-30T20:31:56.185Z,0,30,2,0,0,0
00199-mth-253-module-item-week-7-web-homework-power-series-and-functions,2053263,MTH-253,module_item,module_item,https://canvas.oregonstate.edu/courses/2053263/modules/items/26977982,https://canvas.oregonstate.edu/courses/2053263/assignments/10584436?module_item_id=26977982,Week 7 Web Homework: Power Series and Functions,assignment,10584436,1,yes,yes,raw_html/00199-mth-253-module-item-week-7-web-homework-power-series-and-functions.html,text/00199-mth-253-module-item-week-7-web-homework-power-series-and-functions.txt,text/00199-mth-253-module-item-week-7-web-homework-power-series-and-functions.fulltext.txt,markdown/00199-mth-253-module-item-week-7-web-homework-power-series-and-functions.md,,metadata/00199-mth-253-module-item-week-7-web-homework-power-series-and-functions.json,33e3ce68de2ad40edc386eebfa124ead8c6a83854601178ada0cf1579b570d9a,0a0b50469cbc98a897dbdcde97ccf9aa6befc98c2f2711291c26f0912137c2f0,2026-07-30T20:31:59.050Z,2,57,2,0,0,0
00200-mth-253-module-item-week-8-web-homework-taylor-and-maclaurin-series,2053263,MTH-253,module_item,module_item,https://canvas.oregonstate.edu/courses/2053263/modules/items/26977985,https://canvas.oregonstate.edu/courses/2053263/assignments/10584437?module_item_id=26977985,Week 8 Web Homework Taylor and Maclaurin Series,assignment,10584437,1,yes,yes,raw_html/00200-mth-253-module-item-week-8-web-homework-taylor-and-maclaurin-series.html,text/00200-mth-253-module-item-week-8-web-homework-taylor-and-maclaurin-series.txt,text/00200-mth-253-module-item-week-8-web-homework-taylor-and-maclaurin-series.fulltext.txt,markdown/00200-mth-253-module-item-week-8-web-homework-taylor-and-maclaurin-series.md,,metadata/00200-mth-253-module-item-week-8-web-homework-taylor-and-maclaurin-series.json,5cf38cac31cb7897d6f0293007d3b1a409b8183ca229a85b056ed2d7dadd373c,78ea89deae1b34a3dbfadce38b37fe0bb507a9bb5e77dde90a8f24aa90d9bfe2,2026-07-30T20:32:02.654Z,2,57,2,0,0,0
00201-mth-253-module-item-topic-unit-4-discussion-board-submitted-in-week-9-required,2053263,MTH-253,module_item,module_item,https://canvas.oregonstate.edu/courses/2053263/modules/items/26885573,https://canvas.oregonstate.edu/courses/2053263/discussion_topics/11558496?module_item_id=26885573,Topic: Unit 4 Discussion Board - Submitted in Week 9 (Required),discussion,11558496,1,yes,,raw_html/00201-mth-253-module-item-topic-unit-4-discussion-board-submitted-in-week-9-required.html,text/00201-mth-253-module-item-topic-unit-4-discussion-board-submitted-in-week-9-required.txt,text/00201-mth-253-module-item-topic-unit-4-discussion-board-submitted-in-week-9-required.fulltext.txt,markdown/00201-mth-253-module-item-topic-unit-4-discussion-board-submitted-in-week-9-required.md,,metadata/00201-mth-253-module-item-topic-unit-4-discussion-board-submitted-in-week-9-required.json,e832de2a8735b07315dc15f6b220d77ec192d1e37dac8f87b3d8f8557ce37be4,da25a94b8192aafaf9a9dc198b67e7d031fab41f196b5b0f99b4794a0f250309,2026-07-30T20:32:08.552Z,1,32,2,0,0,0
00202-mth-253-module-item-unit-4-quiz-sequences-and-series-mth-253z-400-u2026,2053263,MTH-253,module_item,module_item,https://canvas.oregonstate.edu/courses/2053263/modules/items/26885582,https://canvas.oregonstate.edu/courses/2053263/quizzes/3159590?module_item_id=26885582,Unit 4 Quiz: SEQUENCES AND SERIES (MTH_253Z_400_U2026),quiz,3159590,1,yes,,raw_html/00202-mth-253-module-item-unit-4-quiz-sequences-and-series-mth-253z-400-u2026.html,text/00202-mth-253-module-item-unit-4-quiz-sequences-and-series-mth-253z-400-u2026.txt,text/00202-mth-253-module-item-unit-4-quiz-sequences-and-series-mth-253z-400-u2026.fulltext.txt,markdown/00202-mth-253-module-item-unit-4-quiz-sequences-and-series-mth-253z-400-u2026.md,,metadata/00202-mth-253-module-item-unit-4-quiz-sequences-and-series-mth-253z-400-u2026.json,8f0f7675cb7bd0e5692cb457eb790cc66678d5f2a020c09e42af251762726b8c,19048c96171c461b88afa9ebc2ab71aac0ff98c7f73a35a3de946c29422043df,2026-07-30T20:32:10.853Z,1,30,2,0,0,0
00203-mth-253-module-item-unit-4-written-homework-assignment,2053263,MTH-253,module_item,module_item,https://canvas.oregonstate.edu/courses/2053263/modules/items/26885580,https://canvas.oregonstate.edu/courses/2053263/assignments/10553182?module_item_id=26885580,Unit 4 - Written Homework Assignment,assignment,10553182,1,yes,,raw_html/00203-mth-253-module-item-unit-4-written-homework-assignment.html,text/00203-mth-253-module-item-unit-4-written-homework-assignment.txt,text/00203-mth-253-module-item-unit-4-written-homework-assignment.fulltext.txt,markdown/00203-mth-253-module-item-unit-4-written-homework-assignment.md,,metadata/00203-mth-253-module-item-unit-4-written-homework-assignment.json,54bf942bb2b477669bb298855967af384d981a4f42db4bf0796742e8461355cd,6cad000c9a9241281209520da6c270d2a2bc8730b410f9a112f7e29aeec21bf9,2026-07-30T20:32:13.508Z,2,57,2,0,0,0
00204-mth-253-module-item-week-9-web-homework-properties-of-power-series,2053263,MTH-253,module_item,module_item,https://canvas.oregonstate.edu/courses/2053263/modules/items/26977987,https://canvas.oregonstate.edu/courses/2053263/assignments/10584438?module_item_id=26977987,Week 9 Web Homework: Properties of Power Series,assignment,10584438,1,yes,yes,raw_html/00204-mth-253-module-item-week-9-web-homework-properties-of-power-series.html,text/00204-mth-253-module-item-week-9-web-homework-properties-of-power-series.txt,text/00204-mth-253-module-item-week-9-web-homework-properties-of-power-series.fulltext.txt,markdown/00204-mth-253-module-item-week-9-web-homework-properties-of-power-series.md,,metadata/00204-mth-253-module-item-week-9-web-homework-properties-of-power-series.json,a728547161d583550698f4330059d002f96cdfa87a6d666f6b82e17459d1af35,da4162d07f3825bb421a376ce53b307a4f9a6c744adab6514b95e68f1be94067,2026-07-30T20:32:15.905Z,2,57,2,0,0,0
00205-mth-253-module-item-unit-5-overview-sequences-and-series-mth-253z-400-u2026,2053263,MTH-253,module_item,module_item,https://canvas.oregonstate.edu/courses/2053263/modules/items/26885585,https://canvas.oregonstate.edu/courses/2053263/pages/unit-5-overview?module_item_id=26885585,Unit 5 - Overview: SEQUENCES AND SERIES (MTH_253Z_400_U2026),page,unit-5-overview,1,yes,,raw_html/00205-mth-253-module-item-unit-5-overview-sequences-and-series-mth-253z-400-u2026.html,text/00205-mth-253-module-item-unit-5-overview-sequences-and-series-mth-253z-400-u2026.txt,text/00205-mth-253-module-item-unit-5-overview-sequences-and-series-mth-253z-400-u2026.fulltext.txt,markdown/00205-mth-253-module-item-unit-5-overview-sequences-and-series-mth-253z-400-u2026.md,,metadata/00205-mth-253-module-item-unit-5-overview-sequences-and-series-mth-253z-400-u2026.json,f50d32c436d83e758ad7f21ba9a7e99c0645a4ec9ec446cc67e48ab15ec1b851,10864f9cfdaf32d130f3a904fc2f06475313c333ddf991c3559e806961901d06,2026-07-30T20:32:18.354Z,4,36,2,0,0,0
00206-mth-253-module-item-topic-unit-5-q-a-discussion-board-optional,2053263,MTH-253,module_item,module_item,https://canvas.oregonstate.edu/courses/2053263/modules/items/26885587,https://canvas.oregonstate.edu/courses/2053263/discussion_topics/11558494?module_item_id=26885587,Topic: Unit 5 - Q&A Discussion Board (Optional),discussion,11558494,1,yes,,raw_html/00206-mth-253-module-item-topic-unit-5-q-a-discussion-board-optional.html,text/00206-mth-253-module-item-topic-unit-5-q-a-discussion-board-optional.txt,text/00206-mth-253-module-item-topic-unit-5-q-a-discussion-board-optional.fulltext.txt,markdown/00206-mth-253-module-item-topic-unit-5-q-a-discussion-board-optional.md,,metadata/00206-mth-253-module-item-topic-unit-5-q-a-discussion-board-optional.json,6b05a0a7f855bd370f340b57922d0f18f9b089673e9709d87d5a87f3df85537e,e3b0c44298fc1c149afbf4c8996fb92427ae41e4649b934ca495991b7852b855,2026-07-30T20:32:21.091Z,0,30,2,0,0,0
00207-mth-253-module-item-unit-5-written-homework-assignment,2053263,MTH-253,module_item,module_item,https://canvas.oregonstate.edu/courses/2053263/modules/items/26885592,https://canvas.oregonstate.edu/courses/2053263/assignments/10553183?module_item_id=26885592,Unit 5 - Written Homework Assignment,assignment,10553183,1,yes,,raw_html/00207-mth-253-module-item-unit-5-written-homework-assignment.html,text/00207-mth-253-module-item-unit-5-written-homework-assignment.txt,text/00207-mth-253-module-item-unit-5-written-homework-assignment.fulltext.txt,markdown/00207-mth-253-module-item-unit-5-written-homework-assignment.md,,metadata/00207-mth-253-module-item-unit-5-written-homework-assignment.json,f7143150097311092362a5ed3ffdbc690bc7db194b50525ab4507f62f7c00d46,3d19adb063a5fc4b90cca5f76b794b48297cf8639592b725283e93afe62cce69,2026-07-30T20:32:24.003Z,2,57,2,0,0,0
00208-mth-253-module-item-week-10-web-homework-working-with-taylor-series,2053263,MTH-253,module_item,module_item,https://canvas.oregonstate.edu/courses/2053263/modules/items/26977989,https://canvas.oregonstate.edu/courses/2053263/assignments/10584439?module_item_id=26977989,Week 10 Web Homework: Working with Taylor Series,assignment,10584439,1,yes,yes,raw_html/00208-mth-253-module-item-week-10-web-homework-working-with-taylor-series.html,text/00208-mth-253-module-item-week-10-web-homework-working-with-taylor-series.txt,text/00208-mth-253-module-item-week-10-web-homework-working-with-taylor-series.fulltext.txt,markdown/00208-mth-253-module-item-week-10-web-homework-working-with-taylor-series.md,,metadata/00208-mth-253-module-item-week-10-web-homework-working-with-taylor-series.json,2b4aa5baea84e7432e23ea5ea85991a2ce239cff5f06cfedc0ecbc03ba65c190,1655e08a13e8866647bfc50632071a7c14d7d3bcdcc4281737ad3132506fff73,2026-07-30T20:32:26.524Z,2,57,2,0,0,0
00209-mth-253-module-item-week-11-overview-sequences-and-series-mth-253z-400-u2026,2053263,MTH-253,module_item,module_item,https://canvas.oregonstate.edu/courses/2053263/modules/items/26885596,https://canvas.oregonstate.edu/courses/2053263/pages/week-11-overview?module_item_id=26885596,Week 11 - Overview: SEQUENCES AND SERIES (MTH_253Z_400_U2026),page,week-11-overview,1,yes,,raw_html/00209-mth-253-module-item-week-11-overview-sequences-and-series-mth-253z-400-u2026.html,text/00209-mth-253-module-item-week-11-overview-sequences-and-series-mth-253z-400-u2026.txt,text/00209-mth-253-module-item-week-11-overview-sequences-and-series-mth-253z-400-u2026.fulltext.txt,markdown/00209-mth-253-module-item-week-11-overview-sequences-and-series-mth-253z-400-u2026.md,,metadata/00209-mth-253-module-item-week-11-overview-sequences-and-series-mth-253z-400-u2026.json,d777dd5dc2ed1bf57672397aac30a2139d6823da7ac89fe1483b7a9796d34ed9,392eb2c24251345b11112525b6ef49174504f665fb422f1f123ab9f04e20cc1d,2026-07-30T20:32:29.154Z,3,30,2,0,0,0
00210-mth-253-module-item-topic-preparing-for-your-final-exam-q-a-discussion-board-optional,2053263,MTH-253,module_item,module_item,https://canvas.oregonstate.edu/courses/2053263/modules/items/26885597,https://canvas.oregonstate.edu/courses/2053263/discussion_topics/11558495?module_item_id=26885597,Topic: Preparing for your Final Exam - Q&A Discussion Board (Optional),discussion,11558495,1,yes,,raw_html/00210-mth-253-module-item-topic-preparing-for-your-final-exam-q-a-discussion-board-optional.html,text/00210-mth-253-module-item-topic-preparing-for-your-final-exam-q-a-discussion-board-optional.txt,text/00210-mth-253-module-item-topic-preparing-for-your-final-exam-q-a-discussion-board-optional.fulltext.txt,markdown/00210-mth-253-module-item-topic-preparing-for-your-final-exam-q-a-discussion-board-optional.md,,metadata/00210-mth-253-module-item-topic-preparing-for-your-final-exam-q-a-discussion-board-optional.json,fc376d4109d19df85b80ca5c4ddbac9f3e881c0cacd69f5304d53b408378e20f,e3b0c44298fc1c149afbf4c8996fb92427ae41e4649b934ca495991b7852b855,2026-07-30T20:32:31.503Z,0,30,2,0,0,0
00211-mth-253-module-item-mth-253-final-exam-practice-problems-pdf-sequences-and-series-mth-253z-400-u2026,2053263,MTH-253,module_item,module_item,https://canvas.oregonstate.edu/courses/2053263/modules/items/26885598,https://canvas.oregonstate.edu/courses/2053263/files/118558956?module_item_id=26885598,MTH 253 - Final Exam Practice Problems.pdf: SEQUENCES AND SERIES (MTH_253Z_400_U2026),file,118558956,1,yes,,raw_html/00211-mth-253-module-item-mth-253-final-exam-practice-problems-pdf-sequences-and-series-mth-253z-400-u2026.html,text/00211-mth-253-module-item-mth-253-final-exam-practice-problems-pdf-sequences-and-series-mth-253z-400-u2026.txt,text/00211-mth-253-module-item-mth-253-final-exam-practice-problems-pdf-sequences-and-series-mth-253z-400-u2026.fulltext.txt,markdown/00211-mth-253-module-item-mth-253-final-exam-practice-problems-pdf-sequences-and-series-mth-253z-400-u2026.md,,metadata/00211-mth-253-module-item-mth-253-final-exam-practice-problems-pdf-sequences-and-series-mth-253z-400-u2026.json,78e838aee0f1d7bdfa0f283e917c0af90b96252c2c1e9731dfddfbced7fedc8e,dd42bb24eb04ee4dbfcd4fb6e10a5a3138f1a0c4896a7c591eb9fa1d993cbd52,2026-07-30T20:32:33.900Z,1,34,3,0,0,0
00212-mth-253-module-item-mth-253-final-exam-practice-problems-answers-pdf-sequences-and-series-mth-253z-400-u2026,2053263,MTH-253,module_item,module_item,https://canvas.oregonstate.edu/courses/2053263/modules/items/26885599,https://canvas.oregonstate.edu/courses/2053263/files/118558944?module_item_id=26885599,MTH 253 - Final Exam Practice Problems - Answers.pdf: SEQUENCES AND SERIES (MTH_253Z_400_U2026),file,118558944,1,yes,,raw_html/00212-mth-253-module-item-mth-253-final-exam-practice-problems-answers-pdf-sequences-and-series-mth-253z-400-u2026.html,text/00212-mth-253-module-item-mth-253-final-exam-practice-problems-answers-pdf-sequences-and-series-mth-253z-400-u2026.txt,text/00212-mth-253-module-item-mth-253-final-exam-practice-problems-answers-pdf-sequences-and-series-mth-253z-400-u2026.fulltext.txt,markdown/00212-mth-253-module-item-mth-253-final-exam-practice-problems-answers-pdf-sequences-and-series-mth-253z-400-u2026.md,,metadata/00212-mth-253-module-item-mth-253-final-exam-practice-problems-answers-pdf-sequences-and-series-mth-253z-400-u2026.json,037e8aa1d2da3df9917832ba4f5cb93d876c1c4e427ebff40db9534806aa9653,48e15732821b332299264fc6790a4bc372488060a8e8f41de61266c255e86479,2026-07-30T20:32:36.305Z,1,34,3,0,0,0
00213-mth-253-module-item-final-exam-sequences-and-series-mth-253z-400-u2026,2053263,MTH-253,module_item,module_item,https://canvas.oregonstate.edu/courses/2053263/modules/items/26885601,https://canvas.oregonstate.edu/courses/2053263/quizzes/3159588?module_item_id=26885601,Final Exam: SEQUENCES AND SERIES (MTH_253Z_400_U2026),quiz,3159588,1,yes,,raw_html/00213-mth-253-module-item-final-exam-sequences-and-series-mth-253z-400-u2026.html,text/00213-mth-253-module-item-final-exam-sequences-and-series-mth-253z-400-u2026.txt,text/00213-mth-253-module-item-final-exam-sequences-and-series-mth-253z-400-u2026.fulltext.txt,markdown/00213-mth-253-module-item-final-exam-sequences-and-series-mth-253z-400-u2026.md,,metadata/00213-mth-253-module-item-final-exam-sequences-and-series-mth-253z-400-u2026.json,9f7e7d7bae9f8d252d04649374bbcf363016adfea71cd61f988c8da16d1254cd,5a6b8b4f924f58a5cdb54e5890109eb0c65accd6aaac50c2c142714612176343,2026-07-30T20:32:38.652Z,1,31,2,0,0,0
00214-mth-253-linked-detail-mth-253-course-syllabus-summer-2026-pdf-sequences-and-series-mth-253z-400-u2026,2053263,MTH-253,linked_detail,linked_detail,https://canvas.oregonstate.edu/courses/2053263/files/119228487?location=course_syllabus_2053263&wrap=1,https://canvas.oregonstate.edu/courses/2053263/files/119228487?location=course_syllabus_2053263&wrap=1,MTH_253_Course_Syllabus_Summer_2026.pdf: SEQUENCES AND SERIES (MTH_253Z_400_U2026),file,119228487,1,,,raw_html/00214-mth-253-linked-detail-mth-253-course-syllabus-summer-2026-pdf-sequences-and-series-mth-253z-400-u2026.html,text/00214-mth-253-linked-detail-mth-253-course-syllabus-summer-2026-pdf-sequences-and-series-mth-253z-400-u2026.txt,text/00214-mth-253-linked-detail-mth-253-course-syllabus-summer-2026-pdf-sequences-and-series-mth-253z-400-u2026.fulltext.txt,markdown/00214-mth-253-linked-detail-mth-253-course-syllabus-summer-2026-pdf-sequences-and-series-mth-253z-400-u2026.md,,metadata/00214-mth-253-linked-detail-mth-253-course-syllabus-summer-2026-pdf-sequences-and-series-mth-253z-400-u2026.json,e9e4e0f86927d3dff17d87fe65dac4c20a9e1dc46348e338b2366869402e61e9,6c390cf066476314aaa53e50b7be4323344f2301f426c499b5b5e6538df85104,2026-07-30T20:32:40.460Z,1,32,3,0,0,0
00215-mth-253-linked-detail-unit-1-written-homework-assignment,2053263,MTH-253,linked_detail,linked_detail,https://canvas.oregonstate.edu/courses/2053263/assignments/10553179,https://canvas.oregonstate.edu/courses/2053263/assignments/10553179,Unit 1 - Written Homework Assignment,assignment,10553179,1,,,raw_html/00215-mth-253-linked-detail-unit-1-written-homework-assignment.html,text/00215-mth-253-linked-detail-unit-1-written-homework-assignment.txt,text/00215-mth-253-linked-detail-unit-1-written-homework-assignment.fulltext.txt,markdown/00215-mth-253-linked-detail-unit-1-written-homework-assignment.md,,metadata/00215-mth-253-linked-detail-unit-1-written-homework-assignment.json,293713b41d77b36be77a8312b11893d308ff68f638d0e87b8f840630fb5ba40f,c72d2a9f1dd941d7e6e7a2a46f581b018a140db556efa4da23b34a3f711a1bd8,2026-07-30T20:32:42.805Z,6,63,2,0,0,0
00216-mth-253-linked-detail-topic-unit-1-discussion-board-submitted-in-week-1-required,2053263,MTH-253,linked_detail,linked_detail,https://canvas.oregonstate.edu/courses/2053263/assignments/10553178,https://canvas.oregonstate.edu/courses/2053263/discussion_topics/11558498,Topic: Unit 1 Discussion Board - Submitted in Week 1 (Required),discussion,11558498,1,yes,,raw_html/00216-mth-253-linked-detail-topic-unit-1-discussion-board-submitted-in-week-1-required.html,text/00216-mth-253-linked-detail-topic-unit-1-discussion-board-submitted-in-week-1-required.txt,text/00216-mth-253-linked-detail-topic-unit-1-discussion-board-submitted-in-week-1-required.fulltext.txt,markdown/00216-mth-253-linked-detail-topic-unit-1-discussion-board-submitted-in-week-1-required.md,,metadata/00216-mth-253-linked-detail-topic-unit-1-discussion-board-submitted-in-week-1-required.json,ae4aab4a759135331ead6be731588afae7d5f525e0d641cc7770352e9e447fd4,e3b0c44298fc1c149afbf4c8996fb92427ae41e4649b934ca495991b7852b855,2026-07-30T20:32:45.316Z,0,30,2,0,0,0
00217-mth-253-linked-detail-week-1-web-homework-infinity-and-limits-indeterminates-improper-integrals,2053263,MTH-253,linked_detail,linked_detail,https://canvas.oregonstate.edu/courses/2053263/assignments/10584258,https://canvas.oregonstate.edu/courses/2053263/assignments/10584258,"Week 1 Web Homework: Infinity and Limits, Indeterminates, Improper Integrals",assignment,10584258,1,,yes,raw_html/00217-mth-253-linked-detail-week-1-web-homework-infinity-and-limits-indeterminates-improper-integrals.html,text/00217-mth-253-linked-detail-week-1-web-homework-infinity-and-limits-indeterminates-improper-integrals.txt,text/00217-mth-253-linked-detail-week-1-web-homework-infinity-and-limits-indeterminates-improper-integrals.fulltext.txt,markdown/00217-mth-253-linked-detail-week-1-web-homework-infinity-and-limits-indeterminates-improper-integrals.md,,metadata/00217-mth-253-linked-detail-week-1-web-homework-infinity-and-limits-indeterminates-improper-integrals.json,fbc69068fe3c9d6eb26ecbf28f6fc0ec0cb625caf9187dada122d6b82d764ad2,b54137f771eaf47c35f070b53cd6fbc379144cd3ba90e27bc0f9bf16a3d84d47,2026-07-30T20:32:50.305Z,2,58,2,0,0,0
00218-mth-253-linked-detail-unit-1-quiz-sequences-and-series-mth-253z-400-u2026,2053263,MTH-253,linked_detail,linked_detail,https://canvas.oregonstate.edu/courses/2053263/assignments/10553174,https://canvas.oregonstate.edu/courses/2053263/quizzes/3159593,Unit 1 Quiz: SEQUENCES AND SERIES (MTH_253Z_400_U2026),quiz,3159593,1,yes,,raw_html/00218-mth-253-linked-detail-unit-1-quiz-sequences-and-series-mth-253z-400-u2026.html,text/00218-mth-253-linked-detail-unit-1-quiz-sequences-and-series-mth-253z-400-u2026.txt,text/00218-mth-253-linked-detail-unit-1-quiz-sequences-and-series-mth-253z-400-u2026.fulltext.txt,markdown/00218-mth-253-linked-detail-unit-1-quiz-sequences-and-series-mth-253z-400-u2026.md,,metadata/00218-mth-253-linked-detail-unit-1-quiz-sequences-and-series-mth-253z-400-u2026.json,57bc34a65f5b51ef77c7bb6bcb028ffaf72e401d1fe921a9e7b5c52bc6268c43,b7b2e5867998022c892cf31336ecb81ff1ad43ffeace8f256a2d1b1823f3428b,2026-07-30T20:32:53.202Z,5,32,2,0,0,0
00219-mth-253-linked-detail-week-2-web-homework-sequences,2053263,MTH-253,linked_detail,linked_detail,https://canvas.oregonstate.edu/courses/2053263/assignments/10584372,https://canvas.oregonstate.edu/courses/2053263/assignments/10584372,Week 2 Web Homework: Sequences,assignment,10584372,1,,yes,raw_html/00219-mth-253-linked-detail-week-2-web-homework-sequences.html,text/00219-mth-253-linked-detail-week-2-web-homework-sequences.txt,text/00219-mth-253-linked-detail-week-2-web-homework-sequences.fulltext.txt,markdown/00219-mth-253-linked-detail-week-2-web-homework-sequences.md,,metadata/00219-mth-253-linked-detail-week-2-web-homework-sequences.json,586c56d8f7deb5baff19e2debf44cd7c6a98f3fb28e800677e8b1c3cab15d376,1ad7e1fd68936ef28509045c5230cb9f6e0122c3791ebf35db4d4e60be8b94e6,2026-07-30T20:32:56.205Z,2,58,2,0,0,0
00220-mth-253-linked-detail-unit-2-written-homework-assignment,2053263,MTH-253,linked_detail,linked_detail,https://canvas.oregonstate.edu/courses/2053263/assignments/10553180,https://canvas.oregonstate.edu/courses/2053263/assignments/10553180,Unit 2 - Written Homework Assignment,assignment,10553180,1,,,raw_html/00220-mth-253-linked-detail-unit-2-written-homework-assignment.html,text/00220-mth-253-linked-detail-unit-2-written-homework-assignment.txt,text/00220-mth-253-linked-detail-unit-2-written-homework-assignment.fulltext.txt,markdown/00220-mth-253-linked-detail-unit-2-written-homework-assignment.md,,metadata/00220-mth-253-linked-detail-unit-2-written-homework-assignment.json,d5db932f0980ac7fb7b615e68f2bdee549eefc5b2e3142f3bd2dcae926e5a02f,e71795982ff7d42b9b2e3d0e1ba269263218c6bbfbc3ff7523d52ab6d71ac2ed,2026-07-30T20:32:58.460Z,6,62,2,0,0,0
00221-mth-253-linked-detail-week-3-web-homework-introduction-to-series,2053263,MTH-253,linked_detail,linked_detail,https://canvas.oregonstate.edu/courses/2053263/assignments/10584373,https://canvas.oregonstate.edu/courses/2053263/assignments/10584373,Week 3 Web Homework: Introduction to Series,assignment,10584373,1,,yes,raw_html/00221-mth-253-linked-detail-week-3-web-homework-introduction-to-series.html,text/00221-mth-253-linked-detail-week-3-web-homework-introduction-to-series.txt,text/00221-mth-253-linked-detail-week-3-web-homework-introduction-to-series.fulltext.txt,markdown/00221-mth-253-linked-detail-week-3-web-homework-introduction-to-series.md,,metadata/00221-mth-253-linked-detail-week-3-web-homework-introduction-to-series.json,072d1410f6f79ab60863a2f7b979c581626dc944fc3d1bee5b88a5deaa69499c,e03fa7f302bd6184cb6ac0e695bbc45c0a3e1a8fa00be3604322c4cb16067824,2026-07-30T20:33:00.705Z,2,58,2,0,0,0
00222-mth-253-linked-detail-unit-2-quiz-sequences-and-series-mth-253z-400-u2026,2053263,MTH-253,linked_detail,linked_detail,https://canvas.oregonstate.edu/courses/2053263/assignments/10553173,https://canvas.oregonstate.edu/courses/2053263/quizzes/3159592,Unit 2 Quiz: SEQUENCES AND SERIES (MTH_253Z_400_U2026),quiz,3159592,1,yes,,raw_html/00222-mth-253-linked-detail-unit-2-quiz-sequences-and-series-mth-253z-400-u2026.html,text/00222-mth-253-linked-detail-unit-2-quiz-sequences-and-series-mth-253z-400-u2026.txt,text/00222-mth-253-linked-detail-unit-2-quiz-sequences-and-series-mth-253z-400-u2026.fulltext.txt,markdown/00222-mth-253-linked-detail-unit-2-quiz-sequences-and-series-mth-253z-400-u2026.md,,metadata/00222-mth-253-linked-detail-unit-2-quiz-sequences-and-series-mth-253z-400-u2026.json,37529b9b1e70d3da6eb55556ad15b66be09268494609fdba06d1e3806acd6699,b34857074d1eeeba547cd5becb3c481f1da05d07eaa640b94357e01d5811ec67,2026-07-30T20:33:03.874Z,5,32,2,0,0,0
00223-mth-253-linked-detail-week-4-web-homework-the-divergence-and-integral-tests,2053263,MTH-253,linked_detail,linked_detail,https://canvas.oregonstate.edu/courses/2053263/assignments/10584431,https://canvas.oregonstate.edu/courses/2053263/assignments/10584431,Week 4 Web Homework: The Divergence and Integral Tests,assignment,10584431,1,,yes,raw_html/00223-mth-253-linked-detail-week-4-web-homework-the-divergence-and-integral-tests.html,text/00223-mth-253-linked-detail-week-4-web-homework-the-divergence-and-integral-tests.txt,text/00223-mth-253-linked-detail-week-4-web-homework-the-divergence-and-integral-tests.fulltext.txt,markdown/00223-mth-253-linked-detail-week-4-web-homework-the-divergence-and-integral-tests.md,,metadata/00223-mth-253-linked-detail-week-4-web-homework-the-divergence-and-integral-tests.json,c57fd1769834036b357f7a7b32972408b79ff377c8151c7e2c2225c89ded24d1,b1bd710e5930a5ef8069964ed1563527fd833487cf037ba636b619f6cfab87a9,2026-07-30T20:33:07.006Z,2,58,2,0,0,0
00224-mth-253-linked-detail-week-5-web-homework-comparison-and-alternate-series-tests,2053263,MTH-253,linked_detail,linked_detail,https://canvas.oregonstate.edu/courses/2053263/assignments/10584434,https://canvas.oregonstate.edu/courses/2053263/assignments/10584434,Week 5 Web Homework: Comparison and Alternate Series Tests,assignment,10584434,1,,yes,raw_html/00224-mth-253-linked-detail-week-5-web-homework-comparison-and-alternate-series-tests.html,text/00224-mth-253-linked-detail-week-5-web-homework-comparison-and-alternate-series-tests.txt,text/00224-mth-253-linked-detail-week-5-web-homework-comparison-and-alternate-series-tests.fulltext.txt,markdown/00224-mth-253-linked-detail-week-5-web-homework-comparison-and-alternate-series-tests.md,,metadata/00224-mth-253-linked-detail-week-5-web-homework-comparison-and-alternate-series-tests.json,82076f4cd9bdadf67da11c9f5d55822b39a50c8fb9dc873d7f6a8a7cd798fd3f,b99e656937a60276f3e54457e13f933aeb3bfaf04d96a76183196dc1b01aa24a,2026-07-30T20:33:09.454Z,2,58,2,0,0,0
00225-mth-253-linked-detail-topic-unit-3-discussion-board-submitted-in-week-6-required,2053263,MTH-253,linked_detail,linked_detail,https://canvas.oregonstate.edu/courses/2053263/assignments/10553177,https://canvas.oregonstate.edu/courses/2053263/discussion_topics/11558497,Topic: Unit 3 Discussion Board - Submitted in Week 6 (Required),discussion,11558497,1,yes,,raw_html/00225-mth-253-linked-detail-topic-unit-3-discussion-board-submitted-in-week-6-required.html,text/00225-mth-253-linked-detail-topic-unit-3-discussion-board-submitted-in-week-6-required.txt,text/00225-mth-253-linked-detail-topic-unit-3-discussion-board-submitted-in-week-6-required.fulltext.txt,markdown/00225-mth-253-linked-detail-topic-unit-3-discussion-board-submitted-in-week-6-required.md,,metadata/00225-mth-253-linked-detail-topic-unit-3-discussion-board-submitted-in-week-6-required.json,ee804c5ebc2dc954370f68a9fd633ed6d1e448c1aca5a97731be1ba36ca81403,e3b0c44298fc1c149afbf4c8996fb92427ae41e4649b934ca495991b7852b855,2026-07-30T20:33:12.303Z,0,30,2,0,0,0
00226-mth-253-linked-detail-unit-3-written-homework-assignment,2053263,MTH-253,linked_detail,linked_detail,https://canvas.oregonstate.edu/courses/2053263/assignments/10553181,https://canvas.oregonstate.edu/courses/2053263/assignments/10553181,Unit 3 - Written Homework Assignment,assignment,10553181,1,,yes,raw_html/00226-mth-253-linked-detail-unit-3-written-homework-assignment.html,text/00226-mth-253-linked-detail-unit-3-written-homework-assignment.txt,text/00226-mth-253-linked-detail-unit-3-written-homework-assignment.fulltext.txt,markdown/00226-mth-253-linked-detail-unit-3-written-homework-assignment.md,,metadata/00226-mth-253-linked-detail-unit-3-written-homework-assignment.json,84a6a61d34e9c1c5de450f47ca0839846f5491e2ac912b3d6b0408279921bef4,d88b900566fa2f8d5661e9f52ebd0c28f069fddf70911793dd46802c86e79c30,2026-07-30T20:33:14.755Z,6,62,2,0,0,0
00227-mth-253-linked-detail-week-6-web-homework-ratio-and-root-tests,2053263,MTH-253,linked_detail,linked_detail,https://canvas.oregonstate.edu/courses/2053263/assignments/10584435,https://canvas.oregonstate.edu/courses/2053263/assignments/10584435,Week 6 Web Homework: Ratio and Root Tests,assignment,10584435,1,,yes,raw_html/00227-mth-253-linked-detail-week-6-web-homework-ratio-and-root-tests.html,text/00227-mth-253-linked-detail-week-6-web-homework-ratio-and-root-tests.txt,text/00227-mth-253-linked-detail-week-6-web-homework-ratio-and-root-tests.fulltext.txt,markdown/00227-mth-253-linked-detail-week-6-web-homework-ratio-and-root-tests.md,,metadata/00227-mth-253-linked-detail-week-6-web-homework-ratio-and-root-tests.json,248251b73c8482e845d54c7f51b49bb55eb82d75af1befcdcf24c5442a1e4cce,764bc012dc23d176011a6ce2c0bf9479d81bc849b86b24945cdb449d12849d86,2026-07-30T20:33:17.354Z,2,58,2,0,0,0
00228-mth-253-linked-detail-unit-3-quiz-sequences-and-series-mth-253z-400-u2026,2053263,MTH-253,linked_detail,linked_detail,https://canvas.oregonstate.edu/courses/2053263/assignments/10553170,https://canvas.oregonstate.edu/courses/2053263/quizzes/3159589,Unit 3 Quiz: SEQUENCES AND SERIES (MTH_253Z_400_U2026),quiz,3159589,1,yes,,raw_html/00228-mth-253-linked-detail-unit-3-quiz-sequences-and-series-mth-253z-400-u2026.html,text/00228-mth-253-linked-detail-unit-3-quiz-sequences-and-series-mth-253z-400-u2026.txt,text/00228-mth-253-linked-detail-unit-3-quiz-sequences-and-series-mth-253z-400-u2026.fulltext.txt,markdown/00228-mth-253-linked-detail-unit-3-quiz-sequences-and-series-mth-253z-400-u2026.md,,metadata/00228-mth-253-linked-detail-unit-3-quiz-sequences-and-series-mth-253z-400-u2026.json,2060c6a1bd9d18e4bbe2c15dfb851c58fc6b609d464ef91dd606f8875fdd352d,90875b413ba2f1ffec1d23f479e6d7bf3a5e8d415ec2fecbb4d264c9fbf309c3,2026-07-30T20:33:20.002Z,1,30,2,0,0,0
00229-mth-253-linked-detail-week-7-web-homework-power-series-and-functions,2053263,MTH-253,linked_detail,linked_detail,https://canvas.oregonstate.edu/courses/2053263/assignments/10584436,https://canvas.oregonstate.edu/courses/2053263/assignments/10584436,Week 7 Web Homework: Power Series and Functions,assignment,10584436,1,,yes,raw_html/00229-mth-253-linked-detail-week-7-web-homework-power-series-and-functions.html,text/00229-mth-253-linked-detail-week-7-web-homework-power-series-and-functions.txt,text/00229-mth-253-linked-detail-week-7-web-homework-power-series-and-functions.fulltext.txt,markdown/00229-mth-253-linked-detail-week-7-web-homework-power-series-and-functions.md,,metadata/00229-mth-253-linked-detail-week-7-web-homework-power-series-and-functions.json,ab2108de21abf5208d219ff946ed8220a9af1c02b229a5a9d78f3e12e7665389,dbf6f6aafe683b581f0401dd17012b607da653160ac8f0423457aaddebdba5d8,2026-07-30T20:33:22.957Z,2,57,2,0,0,0
00230-mth-253-linked-detail-week-8-web-homework-taylor-and-maclaurin-series,2053263,MTH-253,linked_detail,linked_detail,https://canvas.oregonstate.edu/courses/2053263/assignments/10584437,https://canvas.oregonstate.edu/courses/2053263/assignments/10584437,Week 8 Web Homework Taylor and Maclaurin Series,assignment,10584437,1,,yes,raw_html/00230-mth-253-linked-detail-week-8-web-homework-taylor-and-maclaurin-series.html,text/00230-mth-253-linked-detail-week-8-web-homework-taylor-and-maclaurin-series.txt,text/00230-mth-253-linked-detail-week-8-web-homework-taylor-and-maclaurin-series.fulltext.txt,markdown/00230-mth-253-linked-detail-week-8-web-homework-taylor-and-maclaurin-series.md,,metadata/00230-mth-253-linked-detail-week-8-web-homework-taylor-and-maclaurin-series.json,b1aebb67d95adab1f3a35d23c3c13784ac2384bf236cc270f0847e7124b01a2c,78ea89deae1b34a3dbfadce38b37fe0bb507a9bb5e77dde90a8f24aa90d9bfe2,2026-07-30T20:33:25.252Z,2,57,2,0,0,0
00231-mth-253-linked-detail-topic-unit-4-discussion-board-submitted-in-week-9-required,2053263,MTH-253,linked_detail,linked_detail,https://canvas.oregonstate.edu/courses/2053263/assignments/10553176,https://canvas.oregonstate.edu/courses/2053263/discussion_topics/11558496,Topic: Unit 4 Discussion Board - Submitted in Week 9 (Required),discussion,11558496,1,yes,,raw_html/00231-mth-253-linked-detail-topic-unit-4-discussion-board-submitted-in-week-9-required.html,text/00231-mth-253-linked-detail-topic-unit-4-discussion-board-submitted-in-week-9-required.txt,text/00231-mth-253-linked-detail-topic-unit-4-discussion-board-submitted-in-week-9-required.fulltext.txt,markdown/00231-mth-253-linked-detail-topic-unit-4-discussion-board-submitted-in-week-9-required.md,,metadata/00231-mth-253-linked-detail-topic-unit-4-discussion-board-submitted-in-week-9-required.json,4da375a827afb312e8ab3c26b4d580365a64eb300bda1c06c8cda4cf9493dae9,e3b0c44298fc1c149afbf4c8996fb92427ae41e4649b934ca495991b7852b855,2026-07-30T20:33:27.705Z,0,30,2,0,0,0
00232-mth-253-linked-detail-unit-4-written-homework-assignment,2053263,MTH-253,linked_detail,linked_detail,https://canvas.oregonstate.edu/courses/2053263/assignments/10553182,https://canvas.oregonstate.edu/courses/2053263/assignments/10553182,Unit 4 - Written Homework Assignment,assignment,10553182,1,,,raw_html/00232-mth-253-linked-detail-unit-4-written-homework-assignment.html,text/00232-mth-253-linked-detail-unit-4-written-homework-assignment.txt,text/00232-mth-253-linked-detail-unit-4-written-homework-assignment.fulltext.txt,markdown/00232-mth-253-linked-detail-unit-4-written-homework-assignment.md,,metadata/00232-mth-253-linked-detail-unit-4-written-homework-assignment.json,4de9b2ce3563b304e8bfee38169c1ed141aa635c1b34ad50128da4837936d64f,0912f569dcdbb08f538b38827fbdfcb7e27795e948e307e86ae1fe7e239779a6,2026-07-30T20:33:30.552Z,2,55,2,0,0,0
00233-mth-253-linked-detail-week-9-web-homework-properties-of-power-series,2053263,MTH-253,linked_detail,linked_detail,https://canvas.oregonstate.edu/courses/2053263/assignments/10584438,https://canvas.oregonstate.edu/courses/2053263/assignments/10584438,Week 9 Web Homework: Properties of Power Series,assignment,10584438,1,,yes,raw_html/00233-mth-253-linked-detail-week-9-web-homework-properties-of-power-series.html,text/00233-mth-253-linked-detail-week-9-web-homework-properties-of-power-series.txt,text/00233-mth-253-linked-detail-week-9-web-homework-properties-of-power-series.fulltext.txt,markdown/00233-mth-253-linked-detail-week-9-web-homework-properties-of-power-series.md,,metadata/00233-mth-253-linked-detail-week-9-web-homework-properties-of-power-series.json,0659fcf2c1613b218a2ad42ed0a036df97964f9e9c15e4fe81739a83416da7a8,da4162d07f3825bb421a376ce53b307a4f9a6c744adab6514b95e68f1be94067,2026-07-30T20:33:33.052Z,2,57,2,0,0,0
00234-mth-253-linked-detail-unit-4-quiz-sequences-and-series-mth-253z-400-u2026,2053263,MTH-253,linked_detail,linked_detail,https://canvas.oregonstate.edu/courses/2053263/assignments/10553171,https://canvas.oregonstate.edu/courses/2053263/quizzes/3159590,Unit 4 Quiz: SEQUENCES AND SERIES (MTH_253Z_400_U2026),quiz,3159590,1,yes,,raw_html/00234-mth-253-linked-detail-unit-4-quiz-sequences-and-series-mth-253z-400-u2026.html,text/00234-mth-253-linked-detail-unit-4-quiz-sequences-and-series-mth-253z-400-u2026.txt,text/00234-mth-253-linked-detail-unit-4-quiz-sequences-and-series-mth-253z-400-u2026.fulltext.txt,markdown/00234-mth-253-linked-detail-unit-4-quiz-sequences-and-series-mth-253z-400-u2026.md,,metadata/00234-mth-253-linked-detail-unit-4-quiz-sequences-and-series-mth-253z-400-u2026.json,f48787864ae7dd17ce06ba1c6cd0ee71e8fea48025d6721f39d45b19eae40ef7,86263bbfa83ed4cd2d58b9badbc14a4b179b6649152943703329e11a67cdfda6,2026-07-30T20:33:35.652Z,1,32,2,0,0,0
00235-mth-253-linked-detail-unit-5-written-homework-assignment,2053263,MTH-253,linked_detail,linked_detail,https://canvas.oregonstate.edu/courses/2053263/assignments/10553183,https://canvas.oregonstate.edu/courses/2053263/assignments/10553183,Unit 5 - Written Homework Assignment,assignment,10553183,1,,,raw_html/00235-mth-253-linked-detail-unit-5-written-homework-assignment.html,text/00235-mth-253-linked-detail-unit-5-written-homework-assignment.txt,text/00235-mth-253-linked-detail-unit-5-written-homework-assignment.fulltext.txt,markdown/00235-mth-253-linked-detail-unit-5-written-homework-assignment.md,,metadata/00235-mth-253-linked-detail-unit-5-written-homework-assignment.json,47202396de9f67d0e7562215b6d5abdd90374114afff4154c50fb29561d86a26,3d19adb063a5fc4b90cca5f76b794b48297cf8639592b725283e93afe62cce69,2026-07-30T20:33:37.906Z,2,57,2,0,0,0
00236-mth-253-linked-detail-week-10-web-homework-working-with-taylor-series,2053263,MTH-253,linked_detail,linked_detail,https://canvas.oregonstate.edu/courses/2053263/assignments/10584439,https://canvas.oregonstate.edu/courses/2053263/assignments/10584439,Week 10 Web Homework: Working with Taylor Series,assignment,10584439,1,,yes,raw_html/00236-mth-253-linked-detail-week-10-web-homework-working-with-taylor-series.html,text/00236-mth-253-linked-detail-week-10-web-homework-working-with-taylor-series.txt,text/00236-mth-253-linked-detail-week-10-web-homework-working-with-taylor-series.fulltext.txt,markdown/00236-mth-253-linked-detail-week-10-web-homework-working-with-taylor-series.md,,metadata/00236-mth-253-linked-detail-week-10-web-homework-working-with-taylor-series.json,fb022faff111859085cbe41f1d4945756214b236d8ca6ab45b024e23243946cd,1655e08a13e8866647bfc50632071a7c14d7d3bcdcc4281737ad3132506fff73,2026-07-30T20:33:40.353Z,2,57,2,0,0,0
00237-mth-253-linked-detail-final-exam-sequences-and-series-mth-253z-400-u2026,2053263,MTH-253,linked_detail,linked_detail,https://canvas.oregonstate.edu/courses/2053263/assignments/10553169,https://canvas.oregonstate.edu/courses/2053263/quizzes/3159588,Final Exam: SEQUENCES AND SERIES (MTH_253Z_400_U2026),quiz,3159588,1,yes,,raw_html/00237-mth-253-linked-detail-final-exam-sequences-and-series-mth-253z-400-u2026.html,text/00237-mth-253-linked-detail-final-exam-sequences-and-series-mth-253z-400-u2026.txt,text/00237-mth-253-linked-detail-final-exam-sequences-and-series-mth-253z-400-u2026.fulltext.txt,markdown/00237-mth-253-linked-detail-final-exam-sequences-and-series-mth-253z-400-u2026.md,,metadata/00237-mth-253-linked-detail-final-exam-sequences-and-series-mth-253z-400-u2026.json,523cb190b26e6f459c0534fade1fd350cd28dc67c1a04adf6a78ad1b6da15f85,ddbd7e0d9dd29f75ceaebe4f087f57abd85b3fce391efc8a8934456f3625a945,2026-07-30T20:33:43.511Z,1,30,2,0,0,0
00238-mth-253-linked-detail-topic-general-q-a-discussion,2053263,MTH-253,linked_detail,linked_detail,https://canvas.oregonstate.edu/courses/2053263/discussion_topics/11558499,https://canvas.oregonstate.edu/courses/2053263/discussion_topics/11558499,Topic: General Q&A Discussion,discussion,11558499,1,,,raw_html/00238-mth-253-linked-detail-topic-general-q-a-discussion.html,text/00238-mth-253-linked-detail-topic-general-q-a-discussion.txt,text/00238-mth-253-linked-detail-topic-general-q-a-discussion.fulltext.txt,markdown/00238-mth-253-linked-detail-topic-general-q-a-discussion.md,,metadata/00238-mth-253-linked-detail-topic-general-q-a-discussion.json,a80a320189c3f806a4bfeb7445fb3245e6b2532414e1a762f7d53e3123ae79e7,e3b0c44298fc1c149afbf4c8996fb92427ae41e4649b934ca495991b7852b855,2026-07-30T20:33:46.695Z,0,30,2,0,0,0
00239-mth-253-linked-detail-topic-unit-1-discussion-board-submitted-in-week-1-required,2053263,MTH-253,linked_detail,linked_detail,https://canvas.oregonstate.edu/courses/2053263/discussion_topics/11558498,https://canvas.oregonstate.edu/courses/2053263/discussion_topics/11558498,Topic: Unit 1 Discussion Board - Submitted in Week 1 (Required),discussion,11558498,1,,,raw_html/00239-mth-253-linked-detail-topic-unit-1-discussion-board-submitted-in-week-1-required.html,text/00239-mth-253-linked-detail-topic-unit-1-discussion-board-submitted-in-week-1-required.txt,text/00239-mth-253-linked-detail-topic-unit-1-discussion-board-submitted-in-week-1-required.fulltext.txt,markdown/00239-mth-253-linked-detail-topic-unit-1-discussion-board-submitted-in-week-1-required.md,,metadata/00239-mth-253-linked-detail-topic-unit-1-discussion-board-submitted-in-week-1-required.json,50399ad3c034b71da6ba4c3dd99761208e57683aa38b018aa5e14fe7510f3737,e3b0c44298fc1c149afbf4c8996fb92427ae41e4649b934ca495991b7852b855,2026-07-30T20:33:49.087Z,0,30,2,0,0,0
00240-mth-253-linked-detail-topic-unit-3-discussion-board-submitted-in-week-6-required,2053263,MTH-253,linked_detail,linked_detail,https://canvas.oregonstate.edu/courses/2053263/discussion_topics/11558497,https://canvas.oregonstate.edu/courses/2053263/discussion_topics/11558497,Topic: Unit 3 Discussion Board - Submitted in Week 6 (Required),discussion,11558497,1,,,raw_html/00240-mth-253-linked-detail-topic-unit-3-discussion-board-submitted-in-week-6-required.html,text/00240-mth-253-linked-detail-topic-unit-3-discussion-board-submitted-in-week-6-required.txt,text/00240-mth-253-linked-detail-topic-unit-3-discussion-board-submitted-in-week-6-required.fulltext.txt,markdown/00240-mth-253-linked-detail-topic-unit-3-discussion-board-submitted-in-week-6-required.md,,metadata/00240-mth-253-linked-detail-topic-unit-3-discussion-board-submitted-in-week-6-required.json,9286dc1861f9aea978672d497c24f0c8e13cd3ec338802d9752a43383a131854,e3b0c44298fc1c149afbf4c8996fb92427ae41e4649b934ca495991b7852b855,2026-07-30T20:33:54.252Z,0,30,2,0,0,0
00241-mth-253-linked-detail-topic-unit-4-discussion-board-submitted-in-week-9-required,2053263,MTH-253,linked_detail,linked_detail,https://canvas.oregonstate.edu/courses/2053263/discussion_topics/11558496,https://canvas.oregonstate.edu/courses/2053263/discussion_topics/11558496,Topic: Unit 4 Discussion Board - Submitted in Week 9 (Required),discussion,11558496,1,,,raw_html/00241-mth-253-linked-detail-topic-unit-4-discussion-board-submitted-in-week-9-required.html,text/00241-mth-253-linked-detail-topic-unit-4-discussion-board-submitted-in-week-9-required.txt,text/00241-mth-253-linked-detail-topic-unit-4-discussion-board-submitted-in-week-9-required.fulltext.txt,markdown/00241-mth-253-linked-detail-topic-unit-4-discussion-board-submitted-in-week-9-required.md,,metadata/00241-mth-253-linked-detail-topic-unit-4-discussion-board-submitted-in-week-9-required.json,4ba08bb71da9f7a644ecb8a8a0a80ce84fc98779835d0d3c00ce2d8368c808bf,e3b0c44298fc1c149afbf4c8996fb92427ae41e4649b934ca495991b7852b855,2026-07-30T20:33:56.493Z,0,30,2,0,0,0
00242-mth-253-linked-detail-topic-unit-3-q-a-discussion-board-optional,2053263,MTH-253,linked_detail,linked_detail,https://canvas.oregonstate.edu/courses/2053263/discussion_topics/11558492,https://canvas.oregonstate.edu/courses/2053263/discussion_topics/11558492,Topic: Unit 3 - Q&A Discussion Board (Optional),discussion,11558492,1,,,raw_html/00242-mth-253-linked-detail-topic-unit-3-q-a-discussion-board-optional.html,text/00242-mth-253-linked-detail-topic-unit-3-q-a-discussion-board-optional.txt,text/00242-mth-253-linked-detail-topic-unit-3-q-a-discussion-board-optional.fulltext.txt,markdown/00242-mth-253-linked-detail-topic-unit-3-q-a-discussion-board-optional.md,,metadata/00242-mth-253-linked-detail-topic-unit-3-q-a-discussion-board-optional.json,3b78b09de20433c02214a86b33a72b72d2a1d542ce31ea0155d2b0776c2d0d4a,e3b0c44298fc1c149afbf4c8996fb92427ae41e4649b934ca495991b7852b855,2026-07-30T20:33:59.156Z,0,30,2,0,0,0
00243-mth-253-linked-detail-topic-unit-2-q-a-discussion-board-optional,2053263,MTH-253,linked_detail,linked_detail,https://canvas.oregonstate.edu/courses/2053263/discussion_topics/11558491,https://canvas.oregonstate.edu/courses/2053263/discussion_topics/11558491,Topic: Unit 2 - Q&A Discussion Board (Optional),discussion,11558491,1,,,raw_html/00243-mth-253-linked-detail-topic-unit-2-q-a-discussion-board-optional.html,text/00243-mth-253-linked-detail-topic-unit-2-q-a-discussion-board-optional.txt,text/00243-mth-253-linked-detail-topic-unit-2-q-a-discussion-board-optional.fulltext.txt,markdown/00243-mth-253-linked-detail-topic-unit-2-q-a-discussion-board-optional.md,,metadata/00243-mth-253-linked-detail-topic-unit-2-q-a-discussion-board-optional.json,40d9a4afb8dbc0c30201079533b90978e9d01dadad1d34527a2e81eceaaecb7b,e3b0c44298fc1c149afbf4c8996fb92427ae41e4649b934ca495991b7852b855,2026-07-30T20:34:01.901Z,0,30,2,0,0,0
00244-mth-253-linked-detail-topic-unit-1-q-a-discussion-board-optional,2053263,MTH-253,linked_detail,linked_detail,https://canvas.oregonstate.edu/courses/2053263/discussion_topics/11558490,https://canvas.oregonstate.edu/courses/2053263/discussion_topics/11558490,Topic: Unit 1 - Q&A Discussion Board (Optional),discussion,11558490,1,,,raw_html/00244-mth-253-linked-detail-topic-unit-1-q-a-discussion-board-optional.html,text/00244-mth-253-linked-detail-topic-unit-1-q-a-discussion-board-optional.txt,text/00244-mth-253-linked-detail-topic-unit-1-q-a-discussion-board-optional.fulltext.txt,markdown/00244-mth-253-linked-detail-topic-unit-1-q-a-discussion-board-optional.md,,metadata/00244-mth-253-linked-detail-topic-unit-1-q-a-discussion-board-optional.json,2802dccd19d5142ed361ce1474e1eeca2e022d5b5af46dce7d598c953df60661,e3b0c44298fc1c149afbf4c8996fb92427ae41e4649b934ca495991b7852b855,2026-07-30T20:34:04.088Z,0,30,2,0,0,0
00245-mth-253-linked-detail-topic-preparing-for-your-final-exam-q-a-discussion-board-optional,2053263,MTH-253,linked_detail,linked_detail,https://canvas.oregonstate.edu/courses/2053263/discussion_topics/11558495,https://canvas.oregonstate.edu/courses/2053263/discussion_topics/11558495,Topic: Preparing for your Final Exam - Q&A Discussion Board (Optional),discussion,11558495,1,,,raw_html/00245-mth-253-linked-detail-topic-preparing-for-your-final-exam-q-a-discussion-board-optional.html,text/00245-mth-253-linked-detail-topic-preparing-for-your-final-exam-q-a-discussion-board-optional.txt,text/00245-mth-253-linked-detail-topic-preparing-for-your-final-exam-q-a-discussion-board-optional.fulltext.txt,markdown/00245-mth-253-linked-detail-topic-preparing-for-your-final-exam-q-a-discussion-board-optional.md,,metadata/00245-mth-253-linked-detail-topic-preparing-for-your-final-exam-q-a-discussion-board-optional.json,75fdd5cc19a17be8884c80491ca582af567e02822d8c1654d8c1e78bef0160a4,e3b0c44298fc1c149afbf4c8996fb92427ae41e4649b934ca495991b7852b855,2026-07-30T20:34:06.842Z,0,30,2,0,0,0
00246-mth-253-linked-detail-topic-unit-5-q-a-discussion-board-optional,2053263,MTH-253,linked_detail,linked_detail,https://canvas.oregonstate.edu/courses/2053263/discussion_topics/11558494,https://canvas.oregonstate.edu/courses/2053263/discussion_topics/11558494,Topic: Unit 5 - Q&A Discussion Board (Optional),discussion,11558494,1,,,raw_html/00246-mth-253-linked-detail-topic-unit-5-q-a-discussion-board-optional.html,text/00246-mth-253-linked-detail-topic-unit-5-q-a-discussion-board-optional.txt,text/00246-mth-253-linked-detail-topic-unit-5-q-a-discussion-board-optional.fulltext.txt,markdown/00246-mth-253-linked-detail-topic-unit-5-q-a-discussion-board-optional.md,,metadata/00246-mth-253-linked-detail-topic-unit-5-q-a-discussion-board-optional.json,cd483d88e3bac01efe0d02ad3e40000ad4d6905e117006d4e36a4107e578c5f2,e3b0c44298fc1c149afbf4c8996fb92427ae41e4649b934ca495991b7852b855,2026-07-30T20:34:09.002Z,0,30,2,0,0,0
00247-mth-253-linked-detail-topic-unit-4-q-a-discussion-board-optional,2053263,MTH-253,linked_detail,linked_detail,https://canvas.oregonstate.edu/courses/2053263/discussion_topics/11558493,https://canvas.oregonstate.edu/courses/2053263/discussion_topics/11558493,Topic: Unit 4 - Q&A Discussion Board (Optional),discussion,11558493,1,,,raw_html/00247-mth-253-linked-detail-topic-unit-4-q-a-discussion-board-optional.html,text/00247-mth-253-linked-detail-topic-unit-4-q-a-discussion-board-optional.txt,text/00247-mth-253-linked-detail-topic-unit-4-q-a-discussion-board-optional.fulltext.txt,markdown/00247-mth-253-linked-detail-topic-unit-4-q-a-discussion-board-optional.md,,metadata/00247-mth-253-linked-detail-topic-unit-4-q-a-discussion-board-optional.json,1b6a0d2f712fb8adf90345ce13d1a695ab641af5fcf59d3014ab47bb30c1867e,e3b0c44298fc1c149afbf4c8996fb92427ae41e4649b934ca495991b7852b855,2026-07-30T20:34:11.342Z,0,30,2,0,0,0
00248-mth-253-linked-detail-unit-1-quiz-sequences-and-series-mth-253z-400-u2026,2053263,MTH-253,linked_detail,linked_detail,https://canvas.oregonstate.edu/courses/2053263/quizzes/3159593,https://canvas.oregonstate.edu/courses/2053263/quizzes/3159593,Unit 1 Quiz: SEQUENCES AND SERIES (MTH_253Z_400_U2026),quiz,3159593,1,,,raw_html/00248-mth-253-linked-detail-unit-1-quiz-sequences-and-series-mth-253z-400-u2026.html,text/00248-mth-253-linked-detail-unit-1-quiz-sequences-and-series-mth-253z-400-u2026.txt,text/00248-mth-253-linked-detail-unit-1-quiz-sequences-and-series-mth-253z-400-u2026.fulltext.txt,markdown/00248-mth-253-linked-detail-unit-1-quiz-sequences-and-series-mth-253z-400-u2026.md,,metadata/00248-mth-253-linked-detail-unit-1-quiz-sequences-and-series-mth-253z-400-u2026.json,6e85a5fb5f840d2ace0ce015f2a43b886247e4520e551e565a0fd2044dca8141,85b05267553f640d8afaed9e07407a91a2287d4cd13c134dd4fbaa8d95f3f76e,2026-07-30T20:34:13.705Z,5,30,2,0,0,0
00249-mth-253-linked-detail-unit-2-quiz-sequences-and-series-mth-253z-400-u2026,2053263,MTH-253,linked_detail,linked_detail,https://canvas.oregonstate.edu/courses/2053263/quizzes/3159592,https://canvas.oregonstate.edu/courses/2053263/quizzes/3159592,Unit 2 Quiz: SEQUENCES AND SERIES (MTH_253Z_400_U2026),quiz,3159592,1,,,raw_html/00249-mth-253-linked-detail-unit-2-quiz-sequences-and-series-mth-253z-400-u2026.html,text/00249-mth-253-linked-detail-unit-2-quiz-sequences-and-series-mth-253z-400-u2026.txt,text/00249-mth-253-linked-detail-unit-2-quiz-sequences-and-series-mth-253z-400-u2026.fulltext.txt,markdown/00249-mth-253-linked-detail-unit-2-quiz-sequences-and-series-mth-253z-400-u2026.md,,metadata/00249-mth-253-linked-detail-unit-2-quiz-sequences-and-series-mth-253z-400-u2026.json,88045a9a0ac8916cda121a25bee9db6dddb52aefb1701b41d4ecbcb5e754f1d6,b34857074d1eeeba547cd5becb3c481f1da05d07eaa640b94357e01d5811ec67,2026-07-30T20:34:15.853Z,5,32,2,0,0,0
00250-mth-253-linked-detail-unit-3-quiz-sequences-and-series-mth-253z-400-u2026,2053263,MTH-253,linked_detail,linked_detail,https://canvas.oregonstate.edu/courses/2053263/quizzes/3159589,https://canvas.oregonstate.edu/courses/2053263/quizzes/3159589,Unit 3 Quiz: SEQUENCES AND SERIES (MTH_253Z_400_U2026),quiz,3159589,1,,,raw_html/00250-mth-253-linked-detail-unit-3-quiz-sequences-and-series-mth-253z-400-u2026.html,text/00250-mth-253-linked-detail-unit-3-quiz-sequences-and-series-mth-253z-400-u2026.txt,text/00250-mth-253-linked-detail-unit-3-quiz-sequences-and-series-mth-253z-400-u2026.fulltext.txt,markdown/00250-mth-253-linked-detail-unit-3-quiz-sequences-and-series-mth-253z-400-u2026.md,,metadata/00250-mth-253-linked-detail-unit-3-quiz-sequences-and-series-mth-253z-400-u2026.json,966eb0cb5a831fc26acec7d7a3519ecaa47081b9c28d76988a5d72cee161e94c,90875b413ba2f1ffec1d23f479e6d7bf3a5e8d415ec2fecbb4d264c9fbf309c3,2026-07-30T20:34:18.025Z,1,30,2,0,0,0
00251-mth-253-linked-detail-unit-4-quiz-sequences-and-series-mth-253z-400-u2026,2053263,MTH-253,linked_detail,linked_detail,https://canvas.oregonstate.edu/courses/2053263/quizzes/3159590,https://canvas.oregonstate.edu/courses/2053263/quizzes/3159590,Unit 4 Quiz: SEQUENCES AND SERIES (MTH_253Z_400_U2026),quiz,3159590,1,,,raw_html/00251-mth-253-linked-detail-unit-4-quiz-sequences-and-series-mth-253z-400-u2026.html,text/00251-mth-253-linked-detail-unit-4-quiz-sequences-and-series-mth-253z-400-u2026.txt,text/00251-mth-253-linked-detail-unit-4-quiz-sequences-and-series-mth-253z-400-u2026.fulltext.txt,markdown/00251-mth-253-linked-detail-unit-4-quiz-sequences-and-series-mth-253z-400-u2026.md,,metadata/00251-mth-253-linked-detail-unit-4-quiz-sequences-and-series-mth-253z-400-u2026.json,e8d55edfe8959b6a77be265f9521672a7c73600953349ff0f3cd06a9af3af93f,86263bbfa83ed4cd2d58b9badbc14a4b179b6649152943703329e11a67cdfda6,2026-07-30T20:34:20.204Z,1,32,2,0,0,0
00252-mth-253-linked-detail-final-exam-sequences-and-series-mth-253z-400-u2026,2053263,MTH-253,linked_detail,linked_detail,https://canvas.oregonstate.edu/courses/2053263/quizzes/3159588,https://canvas.oregonstate.edu/courses/2053263/quizzes/3159588,Final Exam: SEQUENCES AND SERIES (MTH_253Z_400_U2026),quiz,3159588,1,,,raw_html/00252-mth-253-linked-detail-final-exam-sequences-and-series-mth-253z-400-u2026.html,text/00252-mth-253-linked-detail-final-exam-sequences-and-series-mth-253z-400-u2026.txt,text/00252-mth-253-linked-detail-final-exam-sequences-and-series-mth-253z-400-u2026.fulltext.txt,markdown/00252-mth-253-linked-detail-final-exam-sequences-and-series-mth-253z-400-u2026.md,,metadata/00252-mth-253-linked-detail-final-exam-sequences-and-series-mth-253z-400-u2026.json,887bca382d0d4b5b81bc02256c1a049f2135d6b9c43310d3dda559123818b2bb,5a6b8b4f924f58a5cdb54e5890109eb0c65accd6aaac50c2c142714612176343,2026-07-30T20:34:22.208Z,1,31,2,0,0,0
00253-mth-253-linked-detail-practice-quiz-take-it-before-attempting-quiz-1-sequences-and-series-mth-253z-400-u2026,2053263,MTH-253,linked_detail,linked_detail,https://canvas.oregonstate.edu/courses/2053263/quizzes/3166971,https://canvas.oregonstate.edu/courses/2053263/quizzes/3166971,Practice Quiz (take it before attempting Quiz 1!): SEQUENCES AND SERIES (MTH_253Z_400_U2026),quiz,3166971,1,,,raw_html/00253-mth-253-linked-detail-practice-quiz-take-it-before-attempting-quiz-1-sequences-and-series-mth-253z-400-u2026.html,text/00253-mth-253-linked-detail-practice-quiz-take-it-before-attempting-quiz-1-sequences-and-series-mth-253z-400-u2026.txt,text/00253-mth-253-linked-detail-practice-quiz-take-it-before-attempting-quiz-1-sequences-and-series-mth-253z-400-u2026.fulltext.txt,markdown/00253-mth-253-linked-detail-practice-quiz-take-it-before-attempting-quiz-1-sequences-and-series-mth-253z-400-u2026.md,,metadata/00253-mth-253-linked-detail-practice-quiz-take-it-before-attempting-quiz-1-sequences-and-series-mth-253z-400-u2026.json,f88391d694d5eca0af0ff27e9adf66327d78fcdfaf7e1bb2eaabdfebd5281bac,0895d832ea73c3baa34c8f7b00c91fb7665e112c8265d1c1145b5553ca73ba42,2026-07-30T20:34:24.958Z,6,46,2,0,0,0
00254-phy-212-module-item-start-here-overview-general-physics-with-calculus-ph-212-400-u2026,2053526,PHY-212,module_item,module_item,https://canvas.oregonstate.edu/courses/2053526/modules/items/26896930,https://canvas.oregonstate.edu/courses/2053526/pages/start-here-overview?module_item_id=26896930,Start Here - Overview: GENERAL PHYSICS WITH CALCULUS (PH_212_400_U2026),page,start-here-overview,1,yes,yes,raw_html/00254-phy-212-module-item-start-here-overview-general-physics-with-calculus-ph-212-400-u2026.html,text/00254-phy-212-module-item-start-here-overview-general-physics-with-calculus-ph-212-400-u2026.txt,text/00254-phy-212-module-item-start-here-overview-general-physics-with-calculus-ph-212-400-u2026.fulltext.txt,markdown/00254-phy-212-module-item-start-here-overview-general-physics-with-calculus-ph-212-400-u2026.md,,metadata/00254-phy-212-module-item-start-here-overview-general-physics-with-calculus-ph-212-400-u2026.json,b1290aece224fda0b6bab22c053272d7f7c5b907150ca910905aee27183bac97,5017b02abb61898cd5ac3b0b289e4b0823bfe4e3cfbfbbd9141da298d8fad6da,2026-07-30T20:34:27.703Z,1,34,3,0,0,0
00255-phy-212-module-item-instructor-information-communication-policy-general-physics-with-calculus-ph-212-400-u2026,2053526,PHY-212,module_item,module_item,https://canvas.oregonstate.edu/courses/2053526/modules/items/26896931,https://canvas.oregonstate.edu/courses/2053526/pages/instructor-information-and-communication-policy?module_item_id=26896931,Instructor Information & Communication Policy: GENERAL PHYSICS WITH CALCULUS (PH_212_400_U2026),page,instructor-information-and-communication-policy,1,yes,,raw_html/00255-phy-212-module-item-instructor-information-communication-policy-general-physics-with-calculus-ph-212-400-u2026.html,text/00255-phy-212-module-item-instructor-information-communication-policy-general-physics-with-calculus-ph-212-400-u2026.txt,text/00255-phy-212-module-item-instructor-information-communication-policy-general-physics-with-calculus-ph-212-400-u2026.fulltext.txt,markdown/00255-phy-212-module-item-instructor-information-communication-policy-general-physics-with-calculus-ph-212-400-u2026.md,,metadata/00255-phy-212-module-item-instructor-information-communication-policy-general-physics-with-calculus-ph-212-400-u2026.json,7bc35b719dcfdb8a65cd38600275f3f808f933a12978aaa936b627c0deff8f05,5fc41a4de05d30d671bc6518d8d6c5b03b9b45cf2fef551a75db441dc0f09f0f,2026-07-30T20:34:30.454Z,3,37,2,0,0,0
00256-phy-212-module-item-where-to-go-for-help-general-physics-with-calculus-ph-212-400-u2026,2053526,PHY-212,module_item,module_item,https://canvas.oregonstate.edu/courses/2053526/modules/items/26896932,https://canvas.oregonstate.edu/courses/2053526/pages/where-to-go-for-help?module_item_id=26896932,Where to go for help?: GENERAL PHYSICS WITH CALCULUS (PH_212_400_U2026),page,where-to-go-for-help,1,yes,,raw_html/00256-phy-212-module-item-where-to-go-for-help-general-physics-with-calculus-ph-212-400-u2026.html,text/00256-phy-212-module-item-where-to-go-for-help-general-physics-with-calculus-ph-212-400-u2026.txt,text/00256-phy-212-module-item-where-to-go-for-help-general-physics-with-calculus-ph-212-400-u2026.fulltext.txt,markdown/00256-phy-212-module-item-where-to-go-for-help-general-physics-with-calculus-ph-212-400-u2026.md,,metadata/00256-phy-212-module-item-where-to-go-for-help-general-physics-with-calculus-ph-212-400-u2026.json,9174cef48f12a18b107db2477e8233b9962588bbfb868d9e412f2f028de9dcbb,32a0e4d1b9f00e401280a29c6c231ff4cfd9d53888777408c7571d0dee111f1c,2026-07-30T20:34:33.055Z,4,38,2,0,0,0
00257-phy-212-module-item-accessibility-statements-privacy-policies-general-physics-with-calculus-ph-212-400-u2026,2053526,PHY-212,module_item,module_item,https://canvas.oregonstate.edu/courses/2053526/modules/items/26896933,https://canvas.oregonstate.edu/courses/2053526/pages/accessibility-statements-and-privacy-policies?module_item_id=26896933,Accessibility Statements & Privacy Policies: GENERAL PHYSICS WITH CALCULUS (PH_212_400_U2026),page,accessibility-statements-and-privacy-policies,1,yes,,raw_html/00257-phy-212-module-item-accessibility-statements-privacy-policies-general-physics-with-calculus-ph-212-400-u2026.html,text/00257-phy-212-module-item-accessibility-statements-privacy-policies-general-physics-with-calculus-ph-212-400-u2026.txt,text/00257-phy-212-module-item-accessibility-statements-privacy-policies-general-physics-with-calculus-ph-212-400-u2026.fulltext.txt,markdown/00257-phy-212-module-item-accessibility-statements-privacy-policies-general-physics-with-calculus-ph-212-400-u2026.md,,metadata/00257-phy-212-module-item-accessibility-statements-privacy-policies-general-physics-with-calculus-ph-212-400-u2026.json,d3a7a2926b16c8b2bbcbf9243f525d6bfad86413179eea3c3daa10bf810c4e33,da6e84cf8a26780d615fb0c54271d74bf27b93f038e751d3dc682970827e87a2,2026-07-30T20:34:35.252Z,3,37,2,0,0,0
00258-phy-212-module-item-sources-cited-general-physics-with-calculus-ph-212-400-u2026,2053526,PHY-212,module_item,module_item,https://canvas.oregonstate.edu/courses/2053526/modules/items/26896934,https://canvas.oregonstate.edu/courses/2053526/pages/sources-cited?module_item_id=26896934,Sources Cited: GENERAL PHYSICS WITH CALCULUS (PH_212_400_U2026),page,sources-cited,1,yes,,raw_html/00258-phy-212-module-item-sources-cited-general-physics-with-calculus-ph-212-400-u2026.html,text/00258-phy-212-module-item-sources-cited-general-physics-with-calculus-ph-212-400-u2026.txt,text/00258-phy-212-module-item-sources-cited-general-physics-with-calculus-ph-212-400-u2026.fulltext.txt,markdown/00258-phy-212-module-item-sources-cited-general-physics-with-calculus-ph-212-400-u2026.md,,metadata/00258-phy-212-module-item-sources-cited-general-physics-with-calculus-ph-212-400-u2026.json,648fce0c234cbc8761200a4cb1765c814cbcf68eb5747350761ccb411bd87fd4,a8a376eefe5cae07b5ffbbd928cc4db94306fce72158334e4c9d191e92084080,2026-07-30T20:34:43.603Z,2,33,2,0,0,0
00259-phy-212-module-item-start-here-conclusion-general-physics-with-calculus-ph-212-400-u2026,2053526,PHY-212,module_item,module_item,https://canvas.oregonstate.edu/courses/2053526/modules/items/26896935,https://canvas.oregonstate.edu/courses/2053526/pages/start-here-conclusion?module_item_id=26896935,Start Here - Conclusion: GENERAL PHYSICS WITH CALCULUS (PH_212_400_U2026),page,start-here-conclusion,1,yes,,raw_html/00259-phy-212-module-item-start-here-conclusion-general-physics-with-calculus-ph-212-400-u2026.html,text/00259-phy-212-module-item-start-here-conclusion-general-physics-with-calculus-ph-212-400-u2026.txt,text/00259-phy-212-module-item-start-here-conclusion-general-physics-with-calculus-ph-212-400-u2026.fulltext.txt,markdown/00259-phy-212-module-item-start-here-conclusion-general-physics-with-calculus-ph-212-400-u2026.md,,metadata/00259-phy-212-module-item-start-here-conclusion-general-physics-with-calculus-ph-212-400-u2026.json,e9ecce91ee633b9eafd1427c0a5d1491ae6fb259b023424fa6ed7bd399c28847,9b5eb4c41f1af028c31680051fbfb8c494d7dc7ed9f88d05a9d4f9c7e180c5d6,2026-07-30T20:34:46.352Z,1,35,2,0,0,0
00260-phy-212-module-item-general-information-general-physics-with-calculus-ph-212-400-u2026,2053526,PHY-212,module_item,module_item,https://canvas.oregonstate.edu/courses/2053526/modules/items/26896936,https://canvas.oregonstate.edu/courses/2053526/pages/general-information?module_item_id=26896936,General information: GENERAL PHYSICS WITH CALCULUS (PH_212_400_U2026),page,general-information,1,yes,,raw_html/00260-phy-212-module-item-general-information-general-physics-with-calculus-ph-212-400-u2026.html,text/00260-phy-212-module-item-general-information-general-physics-with-calculus-ph-212-400-u2026.txt,text/00260-phy-212-module-item-general-information-general-physics-with-calculus-ph-212-400-u2026.fulltext.txt,markdown/00260-phy-212-module-item-general-information-general-physics-with-calculus-ph-212-400-u2026.md,,metadata/00260-phy-212-module-item-general-information-general-physics-with-calculus-ph-212-400-u2026.json,0ebfc02537e07d008414e44361575461460c46747998e08d65b0cc755acb307a,160cfd1bfc60349e09de60fcbac674484471660a8f62a8519a51fb8d8b007ce3,2026-07-30T20:34:48.657Z,1,38,2,0,0,0
00261-phy-212-module-item-syllabus-u2026-pdf-general-physics-with-calculus-ph-212-400-u2026,2053526,PHY-212,module_item,module_item,https://canvas.oregonstate.edu/courses/2053526/modules/items/26992777,https://canvas.oregonstate.edu/courses/2053526/files/119369072?module_item_id=26992777,syllabus_U2026.pdf: GENERAL PHYSICS WITH CALCULUS (PH_212_400_U2026),file,119369072,1,yes,,raw_html/00261-phy-212-module-item-syllabus-u2026-pdf-general-physics-with-calculus-ph-212-400-u2026.html,text/00261-phy-212-module-item-syllabus-u2026-pdf-general-physics-with-calculus-ph-212-400-u2026.txt,text/00261-phy-212-module-item-syllabus-u2026-pdf-general-physics-with-calculus-ph-212-400-u2026.fulltext.txt,markdown/00261-phy-212-module-item-syllabus-u2026-pdf-general-physics-with-calculus-ph-212-400-u2026.md,,metadata/00261-phy-212-module-item-syllabus-u2026-pdf-general-physics-with-calculus-ph-212-400-u2026.json,b4bf28b7246798a45104d83c0292ae8e42f01e46d436b5af7fa92be18d15b000,38036ebcf48c53768fd2bc36cdc9a72e6f70f172f3e9fa388e945beaa76d5443,2026-07-30T20:34:50.951Z,1,38,3,0,0,0
00262-phy-212-module-item-zoom-info-general-physics-with-calculus-ph-212-400-u2026,2053526,PHY-212,module_item,module_item,https://canvas.oregonstate.edu/courses/2053526/modules/items/26896938,https://canvas.oregonstate.edu/courses/2053526/pages/zoom-info?module_item_id=26896938,Zoom info: GENERAL PHYSICS WITH CALCULUS (PH_212_400_U2026),page,zoom-info,1,yes,,raw_html/00262-phy-212-module-item-zoom-info-general-physics-with-calculus-ph-212-400-u2026.html,text/00262-phy-212-module-item-zoom-info-general-physics-with-calculus-ph-212-400-u2026.txt,text/00262-phy-212-module-item-zoom-info-general-physics-with-calculus-ph-212-400-u2026.fulltext.txt,markdown/00262-phy-212-module-item-zoom-info-general-physics-with-calculus-ph-212-400-u2026.md,,metadata/00262-phy-212-module-item-zoom-info-general-physics-with-calculus-ph-212-400-u2026.json,9364efa8aac7ddd0fe5da3b816d7271df14adb411e3f706f99f5925e6bc77e68,b0f5065a7446a4d05f3459b563d2aff30cbe7c7500bf7a7460e4cdc7f06356c6,2026-07-30T20:34:54.804Z,1,37,2,0,0,0
00263-phy-212-module-item-announcements-general-physics-with-calculus-ph-212-400-u2026,2053526,PHY-212,module_item,module_item,https://canvas.oregonstate.edu/courses/2053526/modules/items/26896939,https://canvas.oregonstate.edu/courses/2053526/pages/announcements?module_item_id=26896939,Announcements: GENERAL PHYSICS WITH CALCULUS (PH_212_400_U2026),page,announcements,1,yes,,raw_html/00263-phy-212-module-item-announcements-general-physics-with-calculus-ph-212-400-u2026.html,text/00263-phy-212-module-item-announcements-general-physics-with-calculus-ph-212-400-u2026.txt,text/00263-phy-212-module-item-announcements-general-physics-with-calculus-ph-212-400-u2026.fulltext.txt,markdown/00263-phy-212-module-item-announcements-general-physics-with-calculus-ph-212-400-u2026.md,,metadata/00263-phy-212-module-item-announcements-general-physics-with-calculus-ph-212-400-u2026.json,74f089918872dedbbca0cc739b1723016085569effadd4cd1fe2cd5eb70142d4,89461e4e8538a0cd72432539e8f5c7ee0062ff77d74a7bacbfe315336afb5024,2026-07-30T20:34:57.014Z,1,35,2,0,0,0
00264-phy-212-module-item-ta-info-scheduler-general-physics-with-calculus-ph-212-400-u2026,2053526,PHY-212,module_item,module_item,https://canvas.oregonstate.edu/courses/2053526/modules/items/26896940,https://canvas.oregonstate.edu/courses/2053526/pages/ta-info-and-scheduler?module_item_id=26896940,TA Info & Scheduler: GENERAL PHYSICS WITH CALCULUS (PH_212_400_U2026),page,ta-info-and-scheduler,1,yes,,raw_html/00264-phy-212-module-item-ta-info-scheduler-general-physics-with-calculus-ph-212-400-u2026.html,text/00264-phy-212-module-item-ta-info-scheduler-general-physics-with-calculus-ph-212-400-u2026.txt,text/00264-phy-212-module-item-ta-info-scheduler-general-physics-with-calculus-ph-212-400-u2026.fulltext.txt,markdown/00264-phy-212-module-item-ta-info-scheduler-general-physics-with-calculus-ph-212-400-u2026.md,,metadata/00264-phy-212-module-item-ta-info-scheduler-general-physics-with-calculus-ph-212-400-u2026.json,45e432ed9cfd9e9dab65a1ce87a01e8ffc8aa80f179b170db55399757299a06b,bda180ca5640311a55d69c37b63b76f9919fcd10bcdc7d5ac73fdcc3762c3707,2026-07-30T20:34:59.455Z,3,47,2,0,0,0
00265-phy-212-module-item-lab-structure-and-ta-meetings-pdf-general-physics-with-calculus-ph-212-400-u2026,2053526,PHY-212,module_item,module_item,https://canvas.oregonstate.edu/courses/2053526/modules/items/27007746,https://canvas.oregonstate.edu/courses/2053526/files/119307451?module_item_id=27007746,Lab Structure and TA Meetings.pdf: GENERAL PHYSICS WITH CALCULUS (PH_212_400_U2026),file,119307451,1,yes,,raw_html/00265-phy-212-module-item-lab-structure-and-ta-meetings-pdf-general-physics-with-calculus-ph-212-400-u2026.html,text/00265-phy-212-module-item-lab-structure-and-ta-meetings-pdf-general-physics-with-calculus-ph-212-400-u2026.txt,text/00265-phy-212-module-item-lab-structure-and-ta-meetings-pdf-general-physics-with-calculus-ph-212-400-u2026.fulltext.txt,markdown/00265-phy-212-module-item-lab-structure-and-ta-meetings-pdf-general-physics-with-calculus-ph-212-400-u2026.md,,metadata/00265-phy-212-module-item-lab-structure-and-ta-meetings-pdf-general-physics-with-calculus-ph-212-400-u2026.json,22d3c341b89a7be44fc9b91d6fea6a9a2795aa7ece034a00f46d4a3a8fbe96e9,42cb00dafd27343bf01f1de79b24893faca4a49ffecbad126d2553e735a20778,2026-07-30T20:35:01.760Z,1,38,3,0,0,0
00266-phy-212-module-item-course-webpages-general-physics-with-calculus-ph-212-400-u2026,2053526,PHY-212,module_item,module_item,https://canvas.oregonstate.edu/courses/2053526/modules/items/26896941,https://canvas.oregonstate.edu/courses/2053526/pages/course-webpages?module_item_id=26896941,Course webpages: GENERAL PHYSICS WITH CALCULUS (PH_212_400_U2026),page,course-webpages,1,yes,,raw_html/00266-phy-212-module-item-course-webpages-general-physics-with-calculus-ph-212-400-u2026.html,text/00266-phy-212-module-item-course-webpages-general-physics-with-calculus-ph-212-400-u2026.txt,text/00266-phy-212-module-item-course-webpages-general-physics-with-calculus-ph-212-400-u2026.fulltext.txt,markdown/00266-phy-212-module-item-course-webpages-general-physics-with-calculus-ph-212-400-u2026.md,,metadata/00266-phy-212-module-item-course-webpages-general-physics-with-calculus-ph-212-400-u2026.json,7ac9b6fee46c1dac2c9c0acb5419c5dccb3730bb93d9e1a3e1d8d09ed4d07e91,bca4e81e9875c1a7d75e3e0741a08c05358104443d87c6507a0fcd7f6ae37e4b,2026-07-30T20:35:04.653Z,1,36,2,0,0,0
00267-phy-212-module-item-get-your-ph-211-course-materials-general-physics-with-calculus-ph-212-400-u2026,2053526,PHY-212,module_item,module_item,https://canvas.oregonstate.edu/courses/2053526/modules/items/26992779,https://canvas.oregonstate.edu/courses/2053526/pages/get-your-ph-211-course-materials-2?module_item_id=26992779,Get your PH 211 Course Materials! : GENERAL PHYSICS WITH CALCULUS (PH_212_400_U2026),page,get-your-ph-211-course-materials-2,1,yes,,raw_html/00267-phy-212-module-item-get-your-ph-211-course-materials-general-physics-with-calculus-ph-212-400-u2026.html,text/00267-phy-212-module-item-get-your-ph-211-course-materials-general-physics-with-calculus-ph-212-400-u2026.txt,text/00267-phy-212-module-item-get-your-ph-211-course-materials-general-physics-with-calculus-ph-212-400-u2026.fulltext.txt,markdown/00267-phy-212-module-item-get-your-ph-211-course-materials-general-physics-with-calculus-ph-212-400-u2026.md,,metadata/00267-phy-212-module-item-get-your-ph-211-course-materials-general-physics-with-calculus-ph-212-400-u2026.json,f3c7735714d836d93839c734fee69706ac2a8a0c718c97f281995513712c810e,288e1bc0030fc8a8e2808b58939984118d55148f410275583d283b8c235d5cb5,2026-07-30T20:35:06.952Z,1,36,2,0,0,0
00268-phy-212-module-item-pre-lecture-partial-credit-general-physics-with-calculus-ph-212-400-u2026,2053526,PHY-212,module_item,module_item,https://canvas.oregonstate.edu/courses/2053526/modules/items/26896942,https://canvas.oregonstate.edu/courses/2053526/pages/pre-lecture-partial-credit?module_item_id=26896942,Pre-lecture partial credit: GENERAL PHYSICS WITH CALCULUS (PH_212_400_U2026),page,pre-lecture-partial-credit,1,yes,,raw_html/00268-phy-212-module-item-pre-lecture-partial-credit-general-physics-with-calculus-ph-212-400-u2026.html,text/00268-phy-212-module-item-pre-lecture-partial-credit-general-physics-with-calculus-ph-212-400-u2026.txt,text/00268-phy-212-module-item-pre-lecture-partial-credit-general-physics-with-calculus-ph-212-400-u2026.fulltext.txt,markdown/00268-phy-212-module-item-pre-lecture-partial-credit-general-physics-with-calculus-ph-212-400-u2026.md,,metadata/00268-phy-212-module-item-pre-lecture-partial-credit-general-physics-with-calculus-ph-212-400-u2026.json,1d65b5a4ec4fd7a161ef5b2ff4b402aec9ddc9fd8c227c3b1f805801e5e49012,724837f6f87a8c8918cd39c74c681e4554221165a13f004917f1560267d83713,2026-07-30T20:35:09.251Z,1,34,2,0,0,0
00269-phy-212-module-item-virtual-wormhole-getting-assistance-general-physics-with-calculus-ph-212-400-u2026,2053526,PHY-212,module_item,module_item,https://canvas.oregonstate.edu/courses/2053526/modules/items/26896944,https://canvas.oregonstate.edu/courses/2053526/pages/virtual-wormhole-getting-assistance?module_item_id=26896944,Virtual Wormhole - Getting assistance: GENERAL PHYSICS WITH CALCULUS (PH_212_400_U2026),page,virtual-wormhole-getting-assistance,1,yes,,raw_html/00269-phy-212-module-item-virtual-wormhole-getting-assistance-general-physics-with-calculus-ph-212-400-u2026.html,text/00269-phy-212-module-item-virtual-wormhole-getting-assistance-general-physics-with-calculus-ph-212-400-u2026.txt,text/00269-phy-212-module-item-virtual-wormhole-getting-assistance-general-physics-with-calculus-ph-212-400-u2026.fulltext.txt,markdown/00269-phy-212-module-item-virtual-wormhole-getting-assistance-general-physics-with-calculus-ph-212-400-u2026.md,,metadata/00269-phy-212-module-item-virtual-wormhole-getting-assistance-general-physics-with-calculus-ph-212-400-u2026.json,5378a9e7d9f718c90860298524a4a43e3b795302ae349f0c00eca9c35b36e9cc,c3f69592378b5a0265bc04ec31fd91cc62676f55389a05022f299a531204e8a5,2026-07-30T20:35:11.903Z,1,36,2,0,0,0
00270-phy-212-module-item-scanned-text-on-reserve-at-library-general-physics-with-calculus-ph-212-400-u2026,2053526,PHY-212,module_item,module_item,https://canvas.oregonstate.edu/courses/2053526/modules/items/26896945,https://canvas.oregonstate.edu/courses/2053526/pages/scanned-text-on-reserve-at-library?module_item_id=26896945,Scanned text on reserve at library: GENERAL PHYSICS WITH CALCULUS (PH_212_400_U2026),page,scanned-text-on-reserve-at-library,1,yes,,raw_html/00270-phy-212-module-item-scanned-text-on-reserve-at-library-general-physics-with-calculus-ph-212-400-u2026.html,text/00270-phy-212-module-item-scanned-text-on-reserve-at-library-general-physics-with-calculus-ph-212-400-u2026.txt,text/00270-phy-212-module-item-scanned-text-on-reserve-at-library-general-physics-with-calculus-ph-212-400-u2026.fulltext.txt,markdown/00270-phy-212-module-item-scanned-text-on-reserve-at-library-general-physics-with-calculus-ph-212-400-u2026.md,,metadata/00270-phy-212-module-item-scanned-text-on-reserve-at-library-general-physics-with-calculus-ph-212-400-u2026.json,cdcbc6bf1f52d2a0749b41c2ad5080aedf2a050e837f1f69973de58cd814ddf5,ce00f9835e8256bb27fc073aefda11b70ab22a73f9ce771fb8cfe1dadf19563f,2026-07-30T20:35:14.204Z,1,36,2,0,0,0
00271-phy-212-module-item-gradescope-general-physics-with-calculus-ph-212-400-u2026,2053526,PHY-212,module_item,module_item,https://canvas.oregonstate.edu/courses/2053526/modules/items/26896946,https://canvas.oregonstate.edu/courses/2053526/pages/gradescope?module_item_id=26896946,Gradescope: GENERAL PHYSICS WITH CALCULUS (PH_212_400_U2026),page,gradescope,1,yes,,raw_html/00271-phy-212-module-item-gradescope-general-physics-with-calculus-ph-212-400-u2026.html,text/00271-phy-212-module-item-gradescope-general-physics-with-calculus-ph-212-400-u2026.txt,text/00271-phy-212-module-item-gradescope-general-physics-with-calculus-ph-212-400-u2026.fulltext.txt,markdown/00271-phy-212-module-item-gradescope-general-physics-with-calculus-ph-212-400-u2026.md,,metadata/00271-phy-212-module-item-gradescope-general-physics-with-calculus-ph-212-400-u2026.json,d1631a0382910c9ed66ca9f8e3d4fb10ac6a71aa556987ac0670a6611674c346,ffcad977a636fc741924c46a7402df32c38c69b208f0f543de02ca7c955c819d,2026-07-30T20:35:16.653Z,1,51,2,0,0,0
00272-phy-212-module-item-proctorio-setup-and-troubleshooting-general-physics-with-calculus-ph-212-400-u2026,2053526,PHY-212,module_item,module_item,https://canvas.oregonstate.edu/courses/2053526/modules/items/26896947,https://canvas.oregonstate.edu/courses/2053526/pages/proctorio-setup-and-troubleshooting?module_item_id=26896947,Proctorio setup and troubleshooting: GENERAL PHYSICS WITH CALCULUS (PH_212_400_U2026),page,proctorio-setup-and-troubleshooting,1,yes,,raw_html/00272-phy-212-module-item-proctorio-setup-and-troubleshooting-general-physics-with-calculus-ph-212-400-u2026.html,text/00272-phy-212-module-item-proctorio-setup-and-troubleshooting-general-physics-with-calculus-ph-212-400-u2026.txt,text/00272-phy-212-module-item-proctorio-setup-and-troubleshooting-general-physics-with-calculus-ph-212-400-u2026.fulltext.txt,markdown/00272-phy-212-module-item-proctorio-setup-and-troubleshooting-general-physics-with-calculus-ph-212-400-u2026.md,,metadata/00272-phy-212-module-item-proctorio-setup-and-troubleshooting-general-physics-with-calculus-ph-212-400-u2026.json,b70c85df57a27da3c1b1e22839bd442ee5164b4c4e3c54302f2e583f082e9db4,3dbc1d9d82b2fd0b2b08c544b4c047dbfe73402b1050840dd36197c2522eafcf,2026-07-30T20:35:19.302Z,1,43,2,0,0,0
00273-phy-212-module-item-opt-out-of-lab-general-physics-with-calculus-ph-212-400-u2026,2053526,PHY-212,module_item,module_item,https://canvas.oregonstate.edu/courses/2053526/modules/items/26896948,https://canvas.oregonstate.edu/courses/2053526/pages/opt-out-of-lab?module_item_id=26896948,Opt-out of lab: GENERAL PHYSICS WITH CALCULUS (PH_212_400_U2026),page,opt-out-of-lab,1,yes,,raw_html/00273-phy-212-module-item-opt-out-of-lab-general-physics-with-calculus-ph-212-400-u2026.html,text/00273-phy-212-module-item-opt-out-of-lab-general-physics-with-calculus-ph-212-400-u2026.txt,text/00273-phy-212-module-item-opt-out-of-lab-general-physics-with-calculus-ph-212-400-u2026.fulltext.txt,markdown/00273-phy-212-module-item-opt-out-of-lab-general-physics-with-calculus-ph-212-400-u2026.md,,metadata/00273-phy-212-module-item-opt-out-of-lab-general-physics-with-calculus-ph-212-400-u2026.json,5c2824309f422c1aeb3188fd2cecad15e082994a721249f9688b819eaaf48d83,ba680a633f6c3d0b3f611b521737a0f384aad23e63aa81fda8c4940c1b61d1f0,2026-07-30T20:35:21.655Z,1,35,2,0,0,0
00274-phy-212-module-item-oer-physics-textbook-general-physics-with-calculus-ph-212-400-u2026,2053526,PHY-212,module_item,module_item,https://canvas.oregonstate.edu/courses/2053526/modules/items/26896949,https://canvas.oregonstate.edu/courses/2053526/pages/oer-physics-textbook?module_item_id=26896949,OER Physics textbook: GENERAL PHYSICS WITH CALCULUS (PH_212_400_U2026),page,oer-physics-textbook,1,yes,,raw_html/00274-phy-212-module-item-oer-physics-textbook-general-physics-with-calculus-ph-212-400-u2026.html,text/00274-phy-212-module-item-oer-physics-textbook-general-physics-with-calculus-ph-212-400-u2026.txt,text/00274-phy-212-module-item-oer-physics-textbook-general-physics-with-calculus-ph-212-400-u2026.fulltext.txt,markdown/00274-phy-212-module-item-oer-physics-textbook-general-physics-with-calculus-ph-212-400-u2026.md,,metadata/00274-phy-212-module-item-oer-physics-textbook-general-physics-with-calculus-ph-212-400-u2026.json,9a87a940a2787b653c7c2b2db867c8fb26505ea0f3b4593c54cdbde1f5a0df50,a5516444b9c07c93c6de9e5ef93482e8f3d34e277367fe46e003e4779a8bd8d4,2026-07-30T20:35:24.004Z,1,36,2,0,0,0
00275-phy-212-module-item-first-day-overview-pdf-general-physics-with-calculus-ph-212-400-u2026,2053526,PHY-212,module_item,module_item,https://canvas.oregonstate.edu/courses/2053526/modules/items/26997777,https://canvas.oregonstate.edu/courses/2053526/files/119256249?module_item_id=26997777,first day overview.pdf: GENERAL PHYSICS WITH CALCULUS (PH_212_400_U2026),file,119256249,1,yes,,raw_html/00275-phy-212-module-item-first-day-overview-pdf-general-physics-with-calculus-ph-212-400-u2026.html,text/00275-phy-212-module-item-first-day-overview-pdf-general-physics-with-calculus-ph-212-400-u2026.txt,text/00275-phy-212-module-item-first-day-overview-pdf-general-physics-with-calculus-ph-212-400-u2026.fulltext.txt,markdown/00275-phy-212-module-item-first-day-overview-pdf-general-physics-with-calculus-ph-212-400-u2026.md,,metadata/00275-phy-212-module-item-first-day-overview-pdf-general-physics-with-calculus-ph-212-400-u2026.json,d6aae2cf1078448e529a8478f240d944f5be05954473f7d1cd1c2c8e57f6189f,521eef8ecf3fb2cbf5dc30c213182e819915f9eb4ac7a9975f14499f17f20928,2026-07-30T20:35:26.582Z,1,38,3,0,0,0
00276-phy-212-module-item-topic-general-discussion-faqs,2053526,PHY-212,module_item,module_item,https://canvas.oregonstate.edu/courses/2053526/modules/items/26896950,https://canvas.oregonstate.edu/courses/2053526/discussion_topics/11563815?module_item_id=26896950,Topic: General Discussion & FAQs,discussion,11563815,1,yes,,raw_html/00276-phy-212-module-item-topic-general-discussion-faqs.html,text/00276-phy-212-module-item-topic-general-discussion-faqs.txt,text/00276-phy-212-module-item-topic-general-discussion-faqs.fulltext.txt,markdown/00276-phy-212-module-item-topic-general-discussion-faqs.md,,metadata/00276-phy-212-module-item-topic-general-discussion-faqs.json,ee9fc0c3d5b0ff770a6396f1d752e62953bbce71f85809cfadcc02741a7b7e04,e3b0c44298fc1c149afbf4c8996fb92427ae41e4649b934ca495991b7852b855,2026-07-30T20:35:29.633Z,0,34,2,0,0,0
00277-phy-212-module-item-ph-211-instructional-videos-general-physics-with-calculus-ph-212-400-u2026,2053526,PHY-212,module_item,module_item,https://canvas.oregonstate.edu/courses/2053526/modules/items/26896951,https://canvas.oregonstate.edu/courses/2053526/pages/ph-211-instructional-videos?module_item_id=26896951,PH 211 Instructional videos: GENERAL PHYSICS WITH CALCULUS (PH_212_400_U2026),page,ph-211-instructional-videos,1,yes,,raw_html/00277-phy-212-module-item-ph-211-instructional-videos-general-physics-with-calculus-ph-212-400-u2026.html,text/00277-phy-212-module-item-ph-211-instructional-videos-general-physics-with-calculus-ph-212-400-u2026.txt,text/00277-phy-212-module-item-ph-211-instructional-videos-general-physics-with-calculus-ph-212-400-u2026.fulltext.txt,markdown/00277-phy-212-module-item-ph-211-instructional-videos-general-physics-with-calculus-ph-212-400-u2026.md,,metadata/00277-phy-212-module-item-ph-211-instructional-videos-general-physics-with-calculus-ph-212-400-u2026.json,89775eec94b4e5b2a85ad6a46c214bb7d9e53e19101fa09ecb1ef5ef7a3242bf,d981099b2f3b1fbccf70c037df054963dc85fc73a385ae2bd587b23b457da55f,2026-07-30T20:35:32.604Z,2,35,18,0,0,0
00278-phy-212-module-item-financial-resources-and-more-general-physics-with-calculus-ph-212-400-u2026,2053526,PHY-212,module_item,module_item,https://canvas.oregonstate.edu/courses/2053526/modules/items/26896952,https://canvas.oregonstate.edu/courses/2053526/pages/financial-resources-and-more?module_item_id=26896952,Financial resources and more: GENERAL PHYSICS WITH CALCULUS (PH_212_400_U2026),page,financial-resources-and-more,1,yes,,raw_html/00278-phy-212-module-item-financial-resources-and-more-general-physics-with-calculus-ph-212-400-u2026.html,text/00278-phy-212-module-item-financial-resources-and-more-general-physics-with-calculus-ph-212-400-u2026.txt,text/00278-phy-212-module-item-financial-resources-and-more-general-physics-with-calculus-ph-212-400-u2026.fulltext.txt,markdown/00278-phy-212-module-item-financial-resources-and-more-general-physics-with-calculus-ph-212-400-u2026.md,,metadata/00278-phy-212-module-item-financial-resources-and-more-general-physics-with-calculus-ph-212-400-u2026.json,41caa9bd1e5422d450ed0d548b07df77d55f24c732ed8480d6fdd32b14db2551,052e131a7bb8fd88a9b7e98a53387cb0d2f9d2dbc2a512206b35e9a2743575c9,2026-07-30T20:35:36.261Z,4,64,2,0,0,0
00279-phy-212-module-item-academic-misconduct-scenarios-general-physics-with-calculus-ph-212-400-u2026,2053526,PHY-212,module_item,module_item,https://canvas.oregonstate.edu/courses/2053526/modules/items/26896953,https://canvas.oregonstate.edu/courses/2053526/pages/academic-misconduct-scenarios?module_item_id=26896953,Academic Misconduct Scenarios: GENERAL PHYSICS WITH CALCULUS (PH_212_400_U2026),page,academic-misconduct-scenarios,1,yes,,raw_html/00279-phy-212-module-item-academic-misconduct-scenarios-general-physics-with-calculus-ph-212-400-u2026.html,text/00279-phy-212-module-item-academic-misconduct-scenarios-general-physics-with-calculus-ph-212-400-u2026.txt,text/00279-phy-212-module-item-academic-misconduct-scenarios-general-physics-with-calculus-ph-212-400-u2026.fulltext.txt,markdown/00279-phy-212-module-item-academic-misconduct-scenarios-general-physics-with-calculus-ph-212-400-u2026.md,,metadata/00279-phy-212-module-item-academic-misconduct-scenarios-general-physics-with-calculus-ph-212-400-u2026.json,37070b96295eeb187603247941f5caa766453982cb9615676ecbd73c3f759a60,4572cf7cf32898e8e687bf1cc14d65d623984e39f700913cc6fc88c4c6d8c855,2026-07-30T20:35:38.456Z,5,44,2,0,0,0
00280-phy-212-module-item-scanned-text-on-reserve-at-the-library-general-physics-with-calculus-ph-212-400-u2026,2053526,PHY-212,module_item,module_item,https://canvas.oregonstate.edu/courses/2053526/modules/items/26896954,https://canvas.oregonstate.edu/courses/2053526/pages/scanned-text-on-reserve-at-the-library?module_item_id=26896954,Scanned text on reserve at the library: GENERAL PHYSICS WITH CALCULUS (PH_212_400_U2026),page,scanned-text-on-reserve-at-the-library,1,yes,,raw_html/00280-phy-212-module-item-scanned-text-on-reserve-at-the-library-general-physics-with-calculus-ph-212-400-u2026.html,text/00280-phy-212-module-item-scanned-text-on-reserve-at-the-library-general-physics-with-calculus-ph-212-400-u2026.txt,text/00280-phy-212-module-item-scanned-text-on-reserve-at-the-library-general-physics-with-calculus-ph-212-400-u2026.fulltext.txt,markdown/00280-phy-212-module-item-scanned-text-on-reserve-at-the-library-general-physics-with-calculus-ph-212-400-u2026.md,,metadata/00280-phy-212-module-item-scanned-text-on-reserve-at-the-library-general-physics-with-calculus-ph-212-400-u2026.json,5d30241f74727fc08fcd142397b7c43f49a68c64745ae416cc04195b5590db6d,d364c7306722187703206df897cc0dd62ffd201bd0655c149203d222a0312b22,2026-07-30T20:35:40.704Z,1,36,2,0,0,0
00281-phy-212-module-item-scanning-resources-general-physics-with-calculus-ph-212-400-u2026,2053526,PHY-212,module_item,module_item,https://canvas.oregonstate.edu/courses/2053526/modules/items/26896956,https://canvas.oregonstate.edu/courses/2053526/pages/scanning-resources-2?module_item_id=26896956,Scanning Resources: GENERAL PHYSICS WITH CALCULUS (PH_212_400_U2026),page,scanning-resources-2,1,yes,,raw_html/00281-phy-212-module-item-scanning-resources-general-physics-with-calculus-ph-212-400-u2026.html,text/00281-phy-212-module-item-scanning-resources-general-physics-with-calculus-ph-212-400-u2026.txt,text/00281-phy-212-module-item-scanning-resources-general-physics-with-calculus-ph-212-400-u2026.fulltext.txt,markdown/00281-phy-212-module-item-scanning-resources-general-physics-with-calculus-ph-212-400-u2026.md,,metadata/00281-phy-212-module-item-scanning-resources-general-physics-with-calculus-ph-212-400-u2026.json,5e32345f239e927ddf2bd92fe8c3a2ef0a7170971081528915542b7891093d6e,a2d94a8427f94e0964e97bf6ee1292f7e9d21b2b73c3772894571dff0e6a86e0,2026-07-30T20:35:43.058Z,2,41,2,0,0,0
00282-phy-212-module-item-module-1-overview-of-circular-motion-general-physics-with-calculus-ph-212-400-u2026,2053526,PHY-212,module_item,module_item,https://canvas.oregonstate.edu/courses/2053526/modules/items/26896958,https://canvas.oregonstate.edu/courses/2053526/pages/module-1-%7C-overview-of-circular-motion?module_item_id=26896958,Module 1 | Overview of Circular Motion: GENERAL PHYSICS WITH CALCULUS (PH_212_400_U2026),page,module-1-%7C-overview-of-circular-motion,1,yes,,raw_html/00282-phy-212-module-item-module-1-overview-of-circular-motion-general-physics-with-calculus-ph-212-400-u2026.html,text/00282-phy-212-module-item-module-1-overview-of-circular-motion-general-physics-with-calculus-ph-212-400-u2026.txt,text/00282-phy-212-module-item-module-1-overview-of-circular-motion-general-physics-with-calculus-ph-212-400-u2026.fulltext.txt,markdown/00282-phy-212-module-item-module-1-overview-of-circular-motion-general-physics-with-calculus-ph-212-400-u2026.md,,metadata/00282-phy-212-module-item-module-1-overview-of-circular-motion-general-physics-with-calculus-ph-212-400-u2026.json,7874dd77e0c8686b52a88fb150601601f5ccc5a612033906a1941d30aa80a3ae,143af96aa0e649c7832d0257c348244ccb998d07c395e0717fcb708827761e37,2026-07-30T20:35:45.804Z,4,38,2,0,0,0
00283-phy-212-module-item-module-1-circular-motion-learning-materials-general-physics-with-calculus-ph-212-400-u2026,2053526,PHY-212,module_item,module_item,https://canvas.oregonstate.edu/courses/2053526/modules/items/26896959,https://canvas.oregonstate.edu/courses/2053526/pages/module-1-%7C-circular-motion-%7C-learning-materials?module_item_id=26896959,Module 1 | Circular Motion | Learning Materials: GENERAL PHYSICS WITH CALCULUS (PH_212_400_U2026),page,module-1-%7C-circular-motion-%7C-learning-materials,1,yes,,raw_html/00283-phy-212-module-item-module-1-circular-motion-learning-materials-general-physics-with-calculus-ph-212-400-u2026.html,text/00283-phy-212-module-item-module-1-circular-motion-learning-materials-general-physics-with-calculus-ph-212-400-u2026.txt,text/00283-phy-212-module-item-module-1-circular-motion-learning-materials-general-physics-with-calculus-ph-212-400-u2026.fulltext.txt,markdown/00283-phy-212-module-item-module-1-circular-motion-learning-materials-general-physics-with-calculus-ph-212-400-u2026.md,,metadata/00283-phy-212-module-item-module-1-circular-motion-learning-materials-general-physics-with-calculus-ph-212-400-u2026.json,47ce0e2cc98f451594434157bcb55354486334789b077f92a6bd646509da03fc,b41103b169fd2e507049d4ea93a5a9f63176eeab1087f17457d520b61a1ee1be,2026-07-30T20:35:48.204Z,5,48,11,0,0,0
00284-phy-212-module-item-module-1-circular-motion-required-activities-general-physics-with-calculus-ph-212-400-u2026,2053526,PHY-212,module_item,module_item,https://canvas.oregonstate.edu/courses/2053526/modules/items/26896960,https://canvas.oregonstate.edu/courses/2053526/pages/module-1-%7C-circular-motion-%7C-required-activities?module_item_id=26896960,Module 1 | Circular Motion | Required Activities: GENERAL PHYSICS WITH CALCULUS (PH_212_400_U2026),page,module-1-%7C-circular-motion-%7C-required-activities,1,yes,,raw_html/00284-phy-212-module-item-module-1-circular-motion-required-activities-general-physics-with-calculus-ph-212-400-u2026.html,text/00284-phy-212-module-item-module-1-circular-motion-required-activities-general-physics-with-calculus-ph-212-400-u2026.txt,text/00284-phy-212-module-item-module-1-circular-motion-required-activities-general-physics-with-calculus-ph-212-400-u2026.fulltext.txt,markdown/00284-phy-212-module-item-module-1-circular-motion-required-activities-general-physics-with-calculus-ph-212-400-u2026.md,,metadata/00284-phy-212-module-item-module-1-circular-motion-required-activities-general-physics-with-calculus-ph-212-400-u2026.json,4c950e9d9b183bc9ee5922bd414fc1130d9b3bdcfd43bb6fc480092f38416606,f56a9260f0c467756503483371a5125fc5b4c892241d8808c47227d66f45fe20,2026-07-30T20:35:52.307Z,4,62,2,0,0,0
00285-phy-212-module-item-proctorio-practice-quiz-remotely-proctored-general-physics-with-calculus-ph-212-400-u2026,2053526,PHY-212,module_item,module_item,https://canvas.oregonstate.edu/courses/2053526/modules/items/26896961,https://canvas.oregonstate.edu/courses/2053526/quizzes/3160506?module_item_id=26896961,Proctorio practice quiz (Remotely Proctored): GENERAL PHYSICS WITH CALCULUS (PH_212_400_U2026),quiz,3160506,1,yes,,raw_html/00285-phy-212-module-item-proctorio-practice-quiz-remotely-proctored-general-physics-with-calculus-ph-212-400-u2026.html,text/00285-phy-212-module-item-proctorio-practice-quiz-remotely-proctored-general-physics-with-calculus-ph-212-400-u2026.txt,text/00285-phy-212-module-item-proctorio-practice-quiz-remotely-proctored-general-physics-with-calculus-ph-212-400-u2026.fulltext.txt,markdown/00285-phy-212-module-item-proctorio-practice-quiz-remotely-proctored-general-physics-with-calculus-ph-212-400-u2026.md,,metadata/00285-phy-212-module-item-proctorio-practice-quiz-remotely-proctored-general-physics-with-calculus-ph-212-400-u2026.json,7772e835bcab6be41903d08dee0af9d046dce6ac50bb1778c7f9164abc6b6510,131a3547203c4c573ff5ad10182d9d682c1b73947202a48cbee58c154745bd31,2026-07-30T20:35:54.754Z,4,40,2,0,0,0
00286-phy-212-module-item-lab-1-instructions-general-physics-with-calculus-ph-212-400-u2026,2053526,PHY-212,module_item,module_item,https://canvas.oregonstate.edu/courses/2053526/modules/items/26896962,https://canvas.oregonstate.edu/courses/2053526/pages/lab-1-instructions-2?module_item_id=26896962,Lab 1 Instructions: GENERAL PHYSICS WITH CALCULUS (PH_212_400_U2026),page,lab-1-instructions-2,1,yes,,raw_html/00286-phy-212-module-item-lab-1-instructions-general-physics-with-calculus-ph-212-400-u2026.html,text/00286-phy-212-module-item-lab-1-instructions-general-physics-with-calculus-ph-212-400-u2026.txt,text/00286-phy-212-module-item-lab-1-instructions-general-physics-with-calculus-ph-212-400-u2026.fulltext.txt,markdown/00286-phy-212-module-item-lab-1-instructions-general-physics-with-calculus-ph-212-400-u2026.md,,metadata/00286-phy-212-module-item-lab-1-instructions-general-physics-with-calculus-ph-212-400-u2026.json,f0ab1146ba9d1198167b29f6c94ed13b5a0b59ba26db9f531e148b0846729e42,83846b01afac3ad5f2b7e382d63197189a2a5aeefddf8742ca53dbc1a2af9a1c,2026-07-30T20:35:57.055Z,6,41,2,0,0,0
00287-phy-212-module-item-lab-partner-values-survey-general-physics-with-calculus-ph-212-400-u2026,2053526,PHY-212,module_item,module_item,https://canvas.oregonstate.edu/courses/2053526/modules/items/26896963,https://canvas.oregonstate.edu/courses/2053526/quizzes/3160536?module_item_id=26896963,Lab Partner Values Survey: GENERAL PHYSICS WITH CALCULUS (PH_212_400_U2026),quiz,3160536,1,yes,,raw_html/00287-phy-212-module-item-lab-partner-values-survey-general-physics-with-calculus-ph-212-400-u2026.html,text/00287-phy-212-module-item-lab-partner-values-survey-general-physics-with-calculus-ph-212-400-u2026.txt,text/00287-phy-212-module-item-lab-partner-values-survey-general-physics-with-calculus-ph-212-400-u2026.fulltext.txt,markdown/00287-phy-212-module-item-lab-partner-values-survey-general-physics-with-calculus-ph-212-400-u2026.md,,metadata/00287-phy-212-module-item-lab-partner-values-survey-general-physics-with-calculus-ph-212-400-u2026.json,a5fffb5ff1587e5835335bc30292402d3eaead0a80e23abf626da69c0b40fe01,04685042e9b9cada2ae0b703965c30c5247acc4595ae3365b1b6ac6d05d5ee9a,2026-07-30T20:35:59.561Z,2,54,2,0,0,0
00288-phy-212-module-item-lab-supplies-general-physics-with-calculus-ph-212-400-u2026,2053526,PHY-212,module_item,module_item,https://canvas.oregonstate.edu/courses/2053526/modules/items/26896964,https://canvas.oregonstate.edu/courses/2053526/pages/lab-supplies?module_item_id=26896964,Lab Supplies: GENERAL PHYSICS WITH CALCULUS (PH_212_400_U2026),page,lab-supplies,1,yes,,raw_html/00288-phy-212-module-item-lab-supplies-general-physics-with-calculus-ph-212-400-u2026.html,text/00288-phy-212-module-item-lab-supplies-general-physics-with-calculus-ph-212-400-u2026.txt,text/00288-phy-212-module-item-lab-supplies-general-physics-with-calculus-ph-212-400-u2026.fulltext.txt,markdown/00288-phy-212-module-item-lab-supplies-general-physics-with-calculus-ph-212-400-u2026.md,,metadata/00288-phy-212-module-item-lab-supplies-general-physics-with-calculus-ph-212-400-u2026.json,5652fceacd32eb6649546f35f5fa8a0dc08ee3086dae18fb2df5fcc90b43c56b,484fdaac0ac323124c050d0b5b6f9d1fc914e461f2033453758461c08a56b65b,2026-07-30T20:36:02.003Z,3,35,2,0,0,0
00289-phy-212-module-item-lab-2-instructions-general-physics-with-calculus-ph-212-400-u2026,2053526,PHY-212,module_item,module_item,https://canvas.oregonstate.edu/courses/2053526/modules/items/26896965,https://canvas.oregonstate.edu/courses/2053526/pages/lab-2-instructions-2?module_item_id=26896965,Lab 2 Instructions: GENERAL PHYSICS WITH CALCULUS (PH_212_400_U2026),page,lab-2-instructions-2,1,yes,,raw_html/00289-phy-212-module-item-lab-2-instructions-general-physics-with-calculus-ph-212-400-u2026.html,text/00289-phy-212-module-item-lab-2-instructions-general-physics-with-calculus-ph-212-400-u2026.txt,text/00289-phy-212-module-item-lab-2-instructions-general-physics-with-calculus-ph-212-400-u2026.fulltext.txt,markdown/00289-phy-212-module-item-lab-2-instructions-general-physics-with-calculus-ph-212-400-u2026.md,,metadata/00289-phy-212-module-item-lab-2-instructions-general-physics-with-calculus-ph-212-400-u2026.json,4f58538883f137a63edab9b50e5178d6197aad0fd5adaa94b03d50a1b3463b26,de9dc0eef75ad0941034582ce02e73e1b5c99c0928d2f770126d57c75619a047,2026-07-30T20:36:04.404Z,5,40,2,0,0,0
00290-phy-212-module-item-lab-collaboration-contract-general-physics-with-calculus-ph-212-400-u2026,2053526,PHY-212,module_item,module_item,https://canvas.oregonstate.edu/courses/2053526/modules/items/26942495,https://canvas.oregonstate.edu/courses/2053526/quizzes/3160479?module_item_id=26942495,Lab Collaboration Contract: GENERAL PHYSICS WITH CALCULUS (PH_212_400_U2026),quiz,3160479,1,yes,,raw_html/00290-phy-212-module-item-lab-collaboration-contract-general-physics-with-calculus-ph-212-400-u2026.html,text/00290-phy-212-module-item-lab-collaboration-contract-general-physics-with-calculus-ph-212-400-u2026.txt,text/00290-phy-212-module-item-lab-collaboration-contract-general-physics-with-calculus-ph-212-400-u2026.fulltext.txt,markdown/00290-phy-212-module-item-lab-collaboration-contract-general-physics-with-calculus-ph-212-400-u2026.md,,metadata/00290-phy-212-module-item-lab-collaboration-contract-general-physics-with-calculus-ph-212-400-u2026.json,f77cf6c1d7df0fbc417543737e78c923ed8c6a3263c50642fff2908abf6344e4,b8daea72a09c9cab707a25878c6462adf1f6c2aea3c0352fe4e0036258028711,2026-07-30T20:36:06.806Z,3,36,2,0,0,0
00291-phy-212-module-item-module-1-motion-conclusion-general-physics-with-calculus-ph-212-400-u2026,2053526,PHY-212,module_item,module_item,https://canvas.oregonstate.edu/courses/2053526/modules/items/26896968,https://canvas.oregonstate.edu/courses/2053526/pages/module-1-%7C-motion-%7C-conclusion?module_item_id=26896968,Module 1 | Motion | Conclusion: GENERAL PHYSICS WITH CALCULUS (PH_212_400_U2026),page,module-1-%7C-motion-%7C-conclusion,1,yes,,raw_html/00291-phy-212-module-item-module-1-motion-conclusion-general-physics-with-calculus-ph-212-400-u2026.html,text/00291-phy-212-module-item-module-1-motion-conclusion-general-physics-with-calculus-ph-212-400-u2026.txt,text/00291-phy-212-module-item-module-1-motion-conclusion-general-physics-with-calculus-ph-212-400-u2026.fulltext.txt,markdown/00291-phy-212-module-item-module-1-motion-conclusion-general-physics-with-calculus-ph-212-400-u2026.md,,metadata/00291-phy-212-module-item-module-1-motion-conclusion-general-physics-with-calculus-ph-212-400-u2026.json,239c728cb0f3df24a583d9562d086d595906b817fba5d2c61741b774a45ffd9b,e87c60107491ba98a87062ab156c5a2c5ab556c6e2fd443b6c1c6e8afb85c992,2026-07-30T20:36:09.102Z,1,36,2,0,0,0
00292-phy-212-module-item-module-2-overview-of-rotation-general-physics-with-calculus-ph-212-400-u2026,2053526,PHY-212,module_item,module_item,https://canvas.oregonstate.edu/courses/2053526/modules/items/26896969,https://canvas.oregonstate.edu/courses/2053526/pages/module-2-%7C-overview-of-rotation?module_item_id=26896969,Module 2 | Overview of Rotation: GENERAL PHYSICS WITH CALCULUS (PH_212_400_U2026),page,module-2-%7C-overview-of-rotation,1,yes,,raw_html/00292-phy-212-module-item-module-2-overview-of-rotation-general-physics-with-calculus-ph-212-400-u2026.html,text/00292-phy-212-module-item-module-2-overview-of-rotation-general-physics-with-calculus-ph-212-400-u2026.txt,text/00292-phy-212-module-item-module-2-overview-of-rotation-general-physics-with-calculus-ph-212-400-u2026.fulltext.txt,markdown/00292-phy-212-module-item-module-2-overview-of-rotation-general-physics-with-calculus-ph-212-400-u2026.md,,metadata/00292-phy-212-module-item-module-2-overview-of-rotation-general-physics-with-calculus-ph-212-400-u2026.json,faeff7f25f0a93988fce5076509348900aa8b43c79b41f53b53050c3423752d0,d239f9a48c3b856cdc7be1823898d23c976092263af110efbe6d33cc9e028ab0,2026-07-30T20:36:11.652Z,4,35,2,0,0,0
00293-phy-212-module-item-module-2-rotation-learning-materials-general-physics-with-calculus-ph-212-400-u2026,2053526,PHY-212,module_item,module_item,https://canvas.oregonstate.edu/courses/2053526/modules/items/26896970,https://canvas.oregonstate.edu/courses/2053526/pages/module-2-%7C-rotation-%7C-learning-materials?module_item_id=26896970,Module 2 | Rotation | Learning Materials: GENERAL PHYSICS WITH CALCULUS (PH_212_400_U2026),page,module-2-%7C-rotation-%7C-learning-materials,1,yes,,raw_html/00293-phy-212-module-item-module-2-rotation-learning-materials-general-physics-with-calculus-ph-212-400-u2026.html,text/00293-phy-212-module-item-module-2-rotation-learning-materials-general-physics-with-calculus-ph-212-400-u2026.txt,text/00293-phy-212-module-item-module-2-rotation-learning-materials-general-physics-with-calculus-ph-212-400-u2026.fulltext.txt,markdown/00293-phy-212-module-item-module-2-rotation-learning-materials-general-physics-with-calculus-ph-212-400-u2026.md,,metadata/00293-phy-212-module-item-module-2-rotation-learning-materials-general-physics-with-calculus-ph-212-400-u2026.json,23d05ae546a1540659f2323e2b51b6957afd021a6aa1f05f7f6fa3598e892367,3cda00e607c791d620e9b6295d772566a2f5eb16618570870ec59417e1dc89d8,2026-07-30T20:36:13.952Z,4,36,10,0,0,0
00294-phy-212-module-item-module-2-rotation-required-activities-general-physics-with-calculus-ph-212-400-u2026,2053526,PHY-212,module_item,module_item,https://canvas.oregonstate.edu/courses/2053526/modules/items/26896971,https://canvas.oregonstate.edu/courses/2053526/pages/module-2-%7C-rotation-%7C-required-activities?module_item_id=26896971,Module 2 | Rotation | Required Activities: GENERAL PHYSICS WITH CALCULUS (PH_212_400_U2026),page,module-2-%7C-rotation-%7C-required-activities,1,yes,,raw_html/00294-phy-212-module-item-module-2-rotation-required-activities-general-physics-with-calculus-ph-212-400-u2026.html,text/00294-phy-212-module-item-module-2-rotation-required-activities-general-physics-with-calculus-ph-212-400-u2026.txt,text/00294-phy-212-module-item-module-2-rotation-required-activities-general-physics-with-calculus-ph-212-400-u2026.fulltext.txt,markdown/00294-phy-212-module-item-module-2-rotation-required-activities-general-physics-with-calculus-ph-212-400-u2026.md,,metadata/00294-phy-212-module-item-module-2-rotation-required-activities-general-physics-with-calculus-ph-212-400-u2026.json,e45a810ee35f18994af3bba24158035621e6255d8a61890bc2eb240fe4de3f46,ea8d0f728ee9a38fe9f29ab5ec853a5dec578048cee9b785ede933e2ea16c64e,2026-07-30T20:36:16.903Z,4,57,2,0,0,0
00295-phy-212-module-item-lab-3-instructions-general-physics-with-calculus-ph-212-400-u2026,2053526,PHY-212,module_item,module_item,https://canvas.oregonstate.edu/courses/2053526/modules/items/26896972,https://canvas.oregonstate.edu/courses/2053526/pages/lab-3-instructions-2?module_item_id=26896972,Lab 3 Instructions: GENERAL PHYSICS WITH CALCULUS (PH_212_400_U2026),page,lab-3-instructions-2,1,yes,,raw_html/00295-phy-212-module-item-lab-3-instructions-general-physics-with-calculus-ph-212-400-u2026.html,text/00295-phy-212-module-item-lab-3-instructions-general-physics-with-calculus-ph-212-400-u2026.txt,text/00295-phy-212-module-item-lab-3-instructions-general-physics-with-calculus-ph-212-400-u2026.fulltext.txt,markdown/00295-phy-212-module-item-lab-3-instructions-general-physics-with-calculus-ph-212-400-u2026.md,,metadata/00295-phy-212-module-item-lab-3-instructions-general-physics-with-calculus-ph-212-400-u2026.json,80d3119c0da229e087c212407cc3683e9fcf73904887a2ae0c65a38a3b66efcb,9fd0de607d4d1b7762af2bf9ae00b02a7a61f6efcef75f5be3309f823598777b,2026-07-30T20:36:19.554Z,5,38,2,0,0,0
00296-phy-212-module-item-lab-group-check-in-survey-lab-3-general-physics-with-calculus-ph-212-400-u2026,2053526,PHY-212,module_item,module_item,https://canvas.oregonstate.edu/courses/2053526/modules/items/26896973,https://canvas.oregonstate.edu/courses/2053526/quizzes/3160510?module_item_id=26896973,Lab Group Check-In Survey (Lab 3): GENERAL PHYSICS WITH CALCULUS (PH_212_400_U2026),quiz,3160510,1,yes,,raw_html/00296-phy-212-module-item-lab-group-check-in-survey-lab-3-general-physics-with-calculus-ph-212-400-u2026.html,text/00296-phy-212-module-item-lab-group-check-in-survey-lab-3-general-physics-with-calculus-ph-212-400-u2026.txt,text/00296-phy-212-module-item-lab-group-check-in-survey-lab-3-general-physics-with-calculus-ph-212-400-u2026.fulltext.txt,markdown/00296-phy-212-module-item-lab-group-check-in-survey-lab-3-general-physics-with-calculus-ph-212-400-u2026.md,,metadata/00296-phy-212-module-item-lab-group-check-in-survey-lab-3-general-physics-with-calculus-ph-212-400-u2026.json,2ec12be83e8f637427c379978414cf8304feb747241c5512f5ae19086f1ad07b,d0e239fe1aeaa5764a275c7e89283ae175608c0f2739a790232aef70d90b91cd,2026-07-30T20:36:22.255Z,3,36,2,0,0,0
00297-phy-212-module-item-module-2-rotation-conclusion-general-physics-with-calculus-ph-212-400-u2026,2053526,PHY-212,module_item,module_item,https://canvas.oregonstate.edu/courses/2053526/modules/items/26896975,https://canvas.oregonstate.edu/courses/2053526/pages/module-2-%7C-rotation-%7C-conclusion?module_item_id=26896975,Module 2 | Rotation | Conclusion: GENERAL PHYSICS WITH CALCULUS (PH_212_400_U2026),page,module-2-%7C-rotation-%7C-conclusion,1,yes,,raw_html/00297-phy-212-module-item-module-2-rotation-conclusion-general-physics-with-calculus-ph-212-400-u2026.html,text/00297-phy-212-module-item-module-2-rotation-conclusion-general-physics-with-calculus-ph-212-400-u2026.txt,text/00297-phy-212-module-item-module-2-rotation-conclusion-general-physics-with-calculus-ph-212-400-u2026.fulltext.txt,markdown/00297-phy-212-module-item-module-2-rotation-conclusion-general-physics-with-calculus-ph-212-400-u2026.md,,metadata/00297-phy-212-module-item-module-2-rotation-conclusion-general-physics-with-calculus-ph-212-400-u2026.json,662894a76ec9bad50a57c048c833fb576a075bf752a82d180f137fb6a2db173d,9951e572387068c537465b446064b401c76c5e2a96c4c7c22c27dafae563922a,2026-07-30T20:36:24.604Z,1,36,2,0,0,0
00298-phy-212-module-item-excel-skills-handout-general-physics-with-calculus-ph-212-400-u2026,2053526,PHY-212,module_item,module_item,https://canvas.oregonstate.edu/courses/2053526/modules/items/26896976,https://canvas.oregonstate.edu/courses/2053526/pages/excel-skills-handout-2?module_item_id=26896976,Excel Skills Handout: GENERAL PHYSICS WITH CALCULUS (PH_212_400_U2026),page,excel-skills-handout-2,1,yes,yes,raw_html/00298-phy-212-module-item-excel-skills-handout-general-physics-with-calculus-ph-212-400-u2026.html,text/00298-phy-212-module-item-excel-skills-handout-general-physics-with-calculus-ph-212-400-u2026.txt,text/00298-phy-212-module-item-excel-skills-handout-general-physics-with-calculus-ph-212-400-u2026.fulltext.txt,markdown/00298-phy-212-module-item-excel-skills-handout-general-physics-with-calculus-ph-212-400-u2026.md,,metadata/00298-phy-212-module-item-excel-skills-handout-general-physics-with-calculus-ph-212-400-u2026.json,4a188d8327aff615aede6eb1d234f23db21d4fdeb07a155f172dd9ba3b2c470e,70e7297a10a184e8e41e3d8d8412877ed4c79e884a65529532e3c99d7ef39df0,2026-07-30T20:36:28.617Z,7,68,8,0,0,0
00299-phy-212-module-item-module-3-overview-of-gravity-general-physics-with-calculus-ph-212-400-u2026,2053526,PHY-212,module_item,module_item,https://canvas.oregonstate.edu/courses/2053526/modules/items/26897001,https://canvas.oregonstate.edu/courses/2053526/pages/module-3-%7C-overview-of-gravity?module_item_id=26897001,Module 3 | Overview of Gravity: GENERAL PHYSICS WITH CALCULUS (PH_212_400_U2026),page,module-3-%7C-overview-of-gravity,1,yes,,raw_html/00299-phy-212-module-item-module-3-overview-of-gravity-general-physics-with-calculus-ph-212-400-u2026.html,text/00299-phy-212-module-item-module-3-overview-of-gravity-general-physics-with-calculus-ph-212-400-u2026.txt,text/00299-phy-212-module-item-module-3-overview-of-gravity-general-physics-with-calculus-ph-212-400-u2026.fulltext.txt,markdown/00299-phy-212-module-item-module-3-overview-of-gravity-general-physics-with-calculus-ph-212-400-u2026.md,,metadata/00299-phy-212-module-item-module-3-overview-of-gravity-general-physics-with-calculus-ph-212-400-u2026.json,e36d3aa8eb5280cc4a954edb5a9d1cc72e9cb3147aeeaaf8b02c484a4b15a938,8b0596292529d808be0f4ea0bbdee9bca9f2f9ef1d4ccedd42e825a9ac7c622b,2026-07-30T20:36:31.405Z,4,40,2,0,0,0
00300-phy-212-module-item-module-3-gravity-learning-materials-general-physics-with-calculus-ph-212-400-u2026,2053526,PHY-212,module_item,module_item,https://canvas.oregonstate.edu/courses/2053526/modules/items/26897002,https://canvas.oregonstate.edu/courses/2053526/pages/module-3-%7C-gravity-%7C-learning-materials?module_item_id=26897002,Module 3 | Gravity | Learning Materials: GENERAL PHYSICS WITH CALCULUS (PH_212_400_U2026),page,module-3-%7C-gravity-%7C-learning-materials,1,yes,,raw_html/00300-phy-212-module-item-module-3-gravity-learning-materials-general-physics-with-calculus-ph-212-400-u2026.html,text/00300-phy-212-module-item-module-3-gravity-learning-materials-general-physics-with-calculus-ph-212-400-u2026.txt,text/00300-phy-212-module-item-module-3-gravity-learning-materials-general-physics-with-calculus-ph-212-400-u2026.fulltext.txt,markdown/00300-phy-212-module-item-module-3-gravity-learning-materials-general-physics-with-calculus-ph-212-400-u2026.md,,metadata/00300-phy-212-module-item-module-3-gravity-learning-materials-general-physics-with-calculus-ph-212-400-u2026.json,d532fbd227efbbd33b9874600b23468dbb7141aeaffbcd38dd95ed8ce6ef97d8,8b85f3596677e5386f6eae8d6a3e42cd253ea835237d85f4ef0af86feea151b0,2026-07-30T20:36:33.805Z,4,47,4,0,0,0
00301-phy-212-module-item-module-3-gravity-required-activities-general-physics-with-calculus-ph-212-400-u2026,2053526,PHY-212,module_item,module_item,https://canvas.oregonstate.edu/courses/2053526/modules/items/26897003,https://canvas.oregonstate.edu/courses/2053526/pages/module-3-%7C-gravity-%7C-required-activities?module_item_id=26897003,Module 3 | Gravity | Required Activities: GENERAL PHYSICS WITH CALCULUS (PH_212_400_U2026),page,module-3-%7C-gravity-%7C-required-activities,1,yes,,raw_html/00301-phy-212-module-item-module-3-gravity-required-activities-general-physics-with-calculus-ph-212-400-u2026.html,text/00301-phy-212-module-item-module-3-gravity-required-activities-general-physics-with-calculus-ph-212-400-u2026.txt,text/00301-phy-212-module-item-module-3-gravity-required-activities-general-physics-with-calculus-ph-212-400-u2026.fulltext.txt,markdown/00301-phy-212-module-item-module-3-gravity-required-activities-general-physics-with-calculus-ph-212-400-u2026.md,,metadata/00301-phy-212-module-item-module-3-gravity-required-activities-general-physics-with-calculus-ph-212-400-u2026.json,6953ea5e4e3103cdddd57b70741d9eead72451400b5bb4e3f34fe20854ba9f39,aef4595d7ec6b0084153dd408240924100f330214cd917fb2f1e1380005b94c4,2026-07-30T20:36:36.762Z,4,41,2,0,0,0
00302-phy-212-module-item-module-3-gravity-conclusion-general-physics-with-calculus-ph-212-400-u2026,2053526,PHY-212,module_item,module_item,https://canvas.oregonstate.edu/courses/2053526/modules/items/26897006,https://canvas.oregonstate.edu/courses/2053526/pages/module-3-%7C-gravity-%7C-conclusion?module_item_id=26897006,Module 3 | Gravity | Conclusion: GENERAL PHYSICS WITH CALCULUS (PH_212_400_U2026),page,module-3-%7C-gravity-%7C-conclusion,1,yes,,raw_html/00302-phy-212-module-item-module-3-gravity-conclusion-general-physics-with-calculus-ph-212-400-u2026.html,text/00302-phy-212-module-item-module-3-gravity-conclusion-general-physics-with-calculus-ph-212-400-u2026.txt,text/00302-phy-212-module-item-module-3-gravity-conclusion-general-physics-with-calculus-ph-212-400-u2026.fulltext.txt,markdown/00302-phy-212-module-item-module-3-gravity-conclusion-general-physics-with-calculus-ph-212-400-u2026.md,,metadata/00302-phy-212-module-item-module-3-gravity-conclusion-general-physics-with-calculus-ph-212-400-u2026.json,40e364b5f32a5ef3adcf0cc2223dba567f5b532d06574a69b5ad1d9e92e07c9d,c904b3326988bba3581a152ff5b37d14db5d96834c66d1aa85617a0a8620c303,2026-07-30T20:36:39.005Z,1,36,2,0,0,0
00303-phy-212-module-item-lab-4-instructions-general-physics-with-calculus-ph-212-400-u2026,2053526,PHY-212,module_item,module_item,https://canvas.oregonstate.edu/courses/2053526/modules/items/26896980,https://canvas.oregonstate.edu/courses/2053526/pages/lab-4-instructions-2?module_item_id=26896980,Lab 4 Instructions: GENERAL PHYSICS WITH CALCULUS (PH_212_400_U2026),page,lab-4-instructions-2,1,yes,,raw_html/00303-phy-212-module-item-lab-4-instructions-general-physics-with-calculus-ph-212-400-u2026.html,text/00303-phy-212-module-item-lab-4-instructions-general-physics-with-calculus-ph-212-400-u2026.txt,text/00303-phy-212-module-item-lab-4-instructions-general-physics-with-calculus-ph-212-400-u2026.fulltext.txt,markdown/00303-phy-212-module-item-lab-4-instructions-general-physics-with-calculus-ph-212-400-u2026.md,,metadata/00303-phy-212-module-item-lab-4-instructions-general-physics-with-calculus-ph-212-400-u2026.json,9a0acda994e846c703784b2916e8b6df874662d812c2cd4700ffe7f34618eab3,2eb4ad9c066df37ae837ddd69cb30e4c0aca1107fc7677943f6701bad30a70e4,2026-07-30T20:36:41.406Z,5,38,2,0,0,0
00304-phy-212-module-item-module-4-overview-of-oscillations-general-physics-with-calculus-ph-212-400-u2026,2053526,PHY-212,module_item,module_item,https://canvas.oregonstate.edu/courses/2053526/modules/items/26896977,https://canvas.oregonstate.edu/courses/2053526/pages/module-4-%7C-overview-of-oscillations?module_item_id=26896977,Module 4 | Overview of Oscillations: GENERAL PHYSICS WITH CALCULUS (PH_212_400_U2026),page,module-4-%7C-overview-of-oscillations,1,yes,,raw_html/00304-phy-212-module-item-module-4-overview-of-oscillations-general-physics-with-calculus-ph-212-400-u2026.html,text/00304-phy-212-module-item-module-4-overview-of-oscillations-general-physics-with-calculus-ph-212-400-u2026.txt,text/00304-phy-212-module-item-module-4-overview-of-oscillations-general-physics-with-calculus-ph-212-400-u2026.fulltext.txt,markdown/00304-phy-212-module-item-module-4-overview-of-oscillations-general-physics-with-calculus-ph-212-400-u2026.md,,metadata/00304-phy-212-module-item-module-4-overview-of-oscillations-general-physics-with-calculus-ph-212-400-u2026.json,5bc0d42d32623bd1b9e3d6e2e46c165bd2561c29ec2d6b30855f41b07229e07e,2cc20a982be1224097a8bf2447c46984acd41769b9c98cea1bd308c86f26456e,2026-07-30T20:36:43.758Z,4,37,2,0,0,0
00305-phy-212-module-item-module-4-oscillations-learning-materials-general-physics-with-calculus-ph-212-400-u2026,2053526,PHY-212,module_item,module_item,https://canvas.oregonstate.edu/courses/2053526/modules/items/26896978,https://canvas.oregonstate.edu/courses/2053526/pages/module-4-%7C-oscillations-%7C-learning-materials?module_item_id=26896978,Module 4 | Oscillations | Learning Materials: GENERAL PHYSICS WITH CALCULUS (PH_212_400_U2026),page,module-4-%7C-oscillations-%7C-learning-materials,1,yes,,raw_html/00305-phy-212-module-item-module-4-oscillations-learning-materials-general-physics-with-calculus-ph-212-400-u2026.html,text/00305-phy-212-module-item-module-4-oscillations-learning-materials-general-physics-with-calculus-ph-212-400-u2026.txt,text/00305-phy-212-module-item-module-4-oscillations-learning-materials-general-physics-with-calculus-ph-212-400-u2026.fulltext.txt,markdown/00305-phy-212-module-item-module-4-oscillations-learning-materials-general-physics-with-calculus-ph-212-400-u2026.md,,metadata/00305-phy-212-module-item-module-4-oscillations-learning-materials-general-physics-with-calculus-ph-212-400-u2026.json,71c389965522576be8bac5326350aafb62a7e815fcccb2888da5d4e9b95c106b,e3d8bb97fa236347f74847a4f758a254566eba82169f50de32471ce8312139ab,2026-07-30T20:36:46.355Z,4,37,5,0,0,0
00306-phy-212-module-item-module-4-oscillations-required-activities-general-physics-with-calculus-ph-212-400-u2026,2053526,PHY-212,module_item,module_item,https://canvas.oregonstate.edu/courses/2053526/modules/items/26896979,https://canvas.oregonstate.edu/courses/2053526/pages/module-4-%7C-oscillations-%7C-required-activities?module_item_id=26896979,Module 4 | Oscillations | Required Activities: GENERAL PHYSICS WITH CALCULUS (PH_212_400_U2026),page,module-4-%7C-oscillations-%7C-required-activities,1,yes,,raw_html/00306-phy-212-module-item-module-4-oscillations-required-activities-general-physics-with-calculus-ph-212-400-u2026.html,text/00306-phy-212-module-item-module-4-oscillations-required-activities-general-physics-with-calculus-ph-212-400-u2026.txt,text/00306-phy-212-module-item-module-4-oscillations-required-activities-general-physics-with-calculus-ph-212-400-u2026.fulltext.txt,markdown/00306-phy-212-module-item-module-4-oscillations-required-activities-general-physics-with-calculus-ph-212-400-u2026.md,,metadata/00306-phy-212-module-item-module-4-oscillations-required-activities-general-physics-with-calculus-ph-212-400-u2026.json,38695babdab6acaf1c873c45682db3322a60c7d3b5cc155f436e29c27f3ccaa4,4881cf518618282271886caf62b868da38376b7ca55b3d37226b72848bb751e4,2026-07-30T20:36:48.755Z,4,41,2,0,0,0
00307-phy-212-module-item-module-4-oscillations-conclusion-general-physics-with-calculus-ph-212-400-u2026,2053526,PHY-212,module_item,module_item,https://canvas.oregonstate.edu/courses/2053526/modules/items/26896982,https://canvas.oregonstate.edu/courses/2053526/pages/module-4-%7C-oscillations-%7C-conclusion?module_item_id=26896982,Module 4 | Oscillations | Conclusion: GENERAL PHYSICS WITH CALCULUS (PH_212_400_U2026),page,module-4-%7C-oscillations-%7C-conclusion,1,yes,,raw_html/00307-phy-212-module-item-module-4-oscillations-conclusion-general-physics-with-calculus-ph-212-400-u2026.html,text/00307-phy-212-module-item-module-4-oscillations-conclusion-general-physics-with-calculus-ph-212-400-u2026.txt,text/00307-phy-212-module-item-module-4-oscillations-conclusion-general-physics-with-calculus-ph-212-400-u2026.fulltext.txt,markdown/00307-phy-212-module-item-module-4-oscillations-conclusion-general-physics-with-calculus-ph-212-400-u2026.md,,metadata/00307-phy-212-module-item-module-4-oscillations-conclusion-general-physics-with-calculus-ph-212-400-u2026.json,da6407007ec0293a8cf78f7144d51e77c96694b54b04369f1101ff5d27607d94,9c40ba59561cb411699fec362fcf56722e1ba20b189bc8fbea332913db9a7c38,2026-07-30T20:36:50.966Z,1,36,2,0,0,0
00308-phy-212-module-item-module-5-overview-of-waves-general-physics-with-calculus-ph-212-400-u2026,2053526,PHY-212,module_item,module_item,https://canvas.oregonstate.edu/courses/2053526/modules/items/26896983,https://canvas.oregonstate.edu/courses/2053526/pages/module-5-%7C-overview-of-waves?module_item_id=26896983,Module 5 | Overview of Waves: GENERAL PHYSICS WITH CALCULUS (PH_212_400_U2026),page,module-5-%7C-overview-of-waves,1,yes,,raw_html/00308-phy-212-module-item-module-5-overview-of-waves-general-physics-with-calculus-ph-212-400-u2026.html,text/00308-phy-212-module-item-module-5-overview-of-waves-general-physics-with-calculus-ph-212-400-u2026.txt,text/00308-phy-212-module-item-module-5-overview-of-waves-general-physics-with-calculus-ph-212-400-u2026.fulltext.txt,markdown/00308-phy-212-module-item-module-5-overview-of-waves-general-physics-with-calculus-ph-212-400-u2026.md,,metadata/00308-phy-212-module-item-module-5-overview-of-waves-general-physics-with-calculus-ph-212-400-u2026.json,fe8f11a5503eae8f88921f026207d2e2ed4545ad0c944285bc722edc0eb16249,dffbbcc52ba6af82e3f289d3b9076f5469a6561ffc6613fc67417cdcfe70d7e0,2026-07-30T20:36:53.257Z,4,37,2,0,0,0
00309-phy-212-module-item-module-5-waves-learning-materials-general-physics-with-calculus-ph-212-400-u2026,2053526,PHY-212,module_item,module_item,https://canvas.oregonstate.edu/courses/2053526/modules/items/26896984,https://canvas.oregonstate.edu/courses/2053526/pages/module-5-%7C-waves-%7C-learning-materials?module_item_id=26896984,Module 5 | Waves | Learning Materials: GENERAL PHYSICS WITH CALCULUS (PH_212_400_U2026),page,module-5-%7C-waves-%7C-learning-materials,1,yes,,raw_html/00309-phy-212-module-item-module-5-waves-learning-materials-general-physics-with-calculus-ph-212-400-u2026.html,text/00309-phy-212-module-item-module-5-waves-learning-materials-general-physics-with-calculus-ph-212-400-u2026.txt,text/00309-phy-212-module-item-module-5-waves-learning-materials-general-physics-with-calculus-ph-212-400-u2026.fulltext.txt,markdown/00309-phy-212-module-item-module-5-waves-learning-materials-general-physics-with-calculus-ph-212-400-u2026.md,,metadata/00309-phy-212-module-item-module-5-waves-learning-materials-general-physics-with-calculus-ph-212-400-u2026.json,bd9f06c09d059cfa6ea35c9b0380e8c71f780ffc9a7ed35f9020e287f74686b6,eb61bfd99d2e26f6575614a19db922ed5a410882880078920db5ee52759ce053,2026-07-30T20:36:55.703Z,5,38,7,0,0,0
00310-phy-212-module-item-module-5-waves-required-activities-general-physics-with-calculus-ph-212-400-u2026,2053526,PHY-212,module_item,module_item,https://canvas.oregonstate.edu/courses/2053526/modules/items/26896985,https://canvas.oregonstate.edu/courses/2053526/pages/module-5-%7C-waves-%7C-required-activities?module_item_id=26896985,Module 5 | Waves | Required Activities: GENERAL PHYSICS WITH CALCULUS (PH_212_400_U2026),page,module-5-%7C-waves-%7C-required-activities,1,yes,,raw_html/00310-phy-212-module-item-module-5-waves-required-activities-general-physics-with-calculus-ph-212-400-u2026.html,text/00310-phy-212-module-item-module-5-waves-required-activities-general-physics-with-calculus-ph-212-400-u2026.txt,text/00310-phy-212-module-item-module-5-waves-required-activities-general-physics-with-calculus-ph-212-400-u2026.fulltext.txt,markdown/00310-phy-212-module-item-module-5-waves-required-activities-general-physics-with-calculus-ph-212-400-u2026.md,,metadata/00310-phy-212-module-item-module-5-waves-required-activities-general-physics-with-calculus-ph-212-400-u2026.json,5e06e87c528d341832d75cb4a0a42073b9087218ec23c23b58dd5ebc9e5b04e6,32ea7ac5ad2a528a30dc800f7cab934348d4f6f45c2269d41e5b2835b65cd4bb,2026-07-30T20:36:59.605Z,4,55,2,0,0,0
00311-phy-212-module-item-lab-5-instructions-general-physics-with-calculus-ph-212-400-u2026,2053526,PHY-212,module_item,module_item,https://canvas.oregonstate.edu/courses/2053526/modules/items/26896986,https://canvas.oregonstate.edu/courses/2053526/pages/lab-5-instructions-2?module_item_id=26896986,Lab 5 Instructions: GENERAL PHYSICS WITH CALCULUS (PH_212_400_U2026),page,lab-5-instructions-2,1,yes,,raw_html/00311-phy-212-module-item-lab-5-instructions-general-physics-with-calculus-ph-212-400-u2026.html,text/00311-phy-212-module-item-lab-5-instructions-general-physics-with-calculus-ph-212-400-u2026.txt,text/00311-phy-212-module-item-lab-5-instructions-general-physics-with-calculus-ph-212-400-u2026.fulltext.txt,markdown/00311-phy-212-module-item-lab-5-instructions-general-physics-with-calculus-ph-212-400-u2026.md,,metadata/00311-phy-212-module-item-lab-5-instructions-general-physics-with-calculus-ph-212-400-u2026.json,ba77a48da4ab9ce5384be20d351673313a059ee69aa59d0b71d00520d9b4b6a6,61fff2a7409c765e4c06f19e9506a03e3f75ba19b2fb09cc0bc7372b57b351d1,2026-07-30T20:37:02.043Z,5,36,2,0,0,0
00312-phy-212-module-item-lab-group-check-in-survey-lab-5-general-physics-with-calculus-ph-212-400-u2026,2053526,PHY-212,module_item,module_item,https://canvas.oregonstate.edu/courses/2053526/modules/items/26896987,https://canvas.oregonstate.edu/courses/2053526/quizzes/3160466?module_item_id=26896987,Lab Group Check-In Survey (Lab 5): GENERAL PHYSICS WITH CALCULUS (PH_212_400_U2026),quiz,3160466,1,yes,,raw_html/00312-phy-212-module-item-lab-group-check-in-survey-lab-5-general-physics-with-calculus-ph-212-400-u2026.html,text/00312-phy-212-module-item-lab-group-check-in-survey-lab-5-general-physics-with-calculus-ph-212-400-u2026.txt,text/00312-phy-212-module-item-lab-group-check-in-survey-lab-5-general-physics-with-calculus-ph-212-400-u2026.fulltext.txt,markdown/00312-phy-212-module-item-lab-group-check-in-survey-lab-5-general-physics-with-calculus-ph-212-400-u2026.md,,metadata/00312-phy-212-module-item-lab-group-check-in-survey-lab-5-general-physics-with-calculus-ph-212-400-u2026.json,ef311791ffd07a69b18cc64c19b6a65663aba3b1d265e44739f7fadbf5f06673,6a00f2aa6864a2c514644c2683e826d5fd116740735520978a8308324e5d13de,2026-07-30T20:37:04.453Z,2,37,2,0,0,0
00313-phy-212-module-item-capstone-lab-week-1-general-physics-with-calculus-ph-212-400-u2026,2053526,PHY-212,module_item,module_item,https://canvas.oregonstate.edu/courses/2053526/modules/items/26896988,https://canvas.oregonstate.edu/courses/2053526/pages/capstone-lab-week-1?module_item_id=26896988,Capstone Lab Week 1: GENERAL PHYSICS WITH CALCULUS (PH_212_400_U2026),page,capstone-lab-week-1,1,yes,,raw_html/00313-phy-212-module-item-capstone-lab-week-1-general-physics-with-calculus-ph-212-400-u2026.html,text/00313-phy-212-module-item-capstone-lab-week-1-general-physics-with-calculus-ph-212-400-u2026.txt,text/00313-phy-212-module-item-capstone-lab-week-1-general-physics-with-calculus-ph-212-400-u2026.fulltext.txt,markdown/00313-phy-212-module-item-capstone-lab-week-1-general-physics-with-calculus-ph-212-400-u2026.md,,metadata/00313-phy-212-module-item-capstone-lab-week-1-general-physics-with-calculus-ph-212-400-u2026.json,b8ca0eb2f04305e7f2ca81d7b6441a0652aef00157df0e5b531580d9519a6620,4c2eb83e936c4cda5d55009f27fa08c9a33d69803a06a1bce591ae0b87df1b13,2026-07-30T20:37:06.867Z,10,43,2,0,0,0
00314-phy-212-module-item-module-5-waves-conclusion-general-physics-with-calculus-ph-212-400-u2026,2053526,PHY-212,module_item,module_item,https://canvas.oregonstate.edu/courses/2053526/modules/items/26896989,https://canvas.oregonstate.edu/courses/2053526/pages/module-5-%7C-waves-%7C-conclusion?module_item_id=26896989,Module 5 | Waves | Conclusion: GENERAL PHYSICS WITH CALCULUS (PH_212_400_U2026),page,module-5-%7C-waves-%7C-conclusion,1,yes,,raw_html/00314-phy-212-module-item-module-5-waves-conclusion-general-physics-with-calculus-ph-212-400-u2026.html,text/00314-phy-212-module-item-module-5-waves-conclusion-general-physics-with-calculus-ph-212-400-u2026.txt,text/00314-phy-212-module-item-module-5-waves-conclusion-general-physics-with-calculus-ph-212-400-u2026.fulltext.txt,markdown/00314-phy-212-module-item-module-5-waves-conclusion-general-physics-with-calculus-ph-212-400-u2026.md,,metadata/00314-phy-212-module-item-module-5-waves-conclusion-general-physics-with-calculus-ph-212-400-u2026.json,72603de0db1a03dda67ca39d9117557976f359325fded18423af6b6cfbee79d4,0e0aceb797c4780e5f5bce95698b5cb454a99b20d3b605538807ed6a562e8bea,2026-07-30T20:37:12.407Z,1,35,2,0,0,0
00315-phy-212-linked-detail-topic-canvas-quiz-timer,2053526,PHY-212,linked_detail,linked_detail,https://canvas.oregonstate.edu/courses/2053526/discussion_topics/11612529,https://canvas.oregonstate.edu/courses/2053526/discussion_topics/11612529,Topic: Canvas quiz timer,discussion,11612529,1,,,raw_html/00315-phy-212-linked-detail-topic-canvas-quiz-timer.html,text/00315-phy-212-linked-detail-topic-canvas-quiz-timer.txt,text/00315-phy-212-linked-detail-topic-canvas-quiz-timer.fulltext.txt,markdown/00315-phy-212-linked-detail-topic-canvas-quiz-timer.md,,metadata/00315-phy-212-linked-detail-topic-canvas-quiz-timer.json,1d25e31c5fd043ddc7ea344890ac1b366665f4c4569e50a41fb937e3415011f5,e3b0c44298fc1c149afbf4c8996fb92427ae41e4649b934ca495991b7852b855,2026-07-30T20:37:14.803Z,0,34,2,0,0,0
00316-phy-212-linked-detail-topic-quiz-2-july-18-20,2053526,PHY-212,linked_detail,linked_detail,https://canvas.oregonstate.edu/courses/2053526/discussion_topics/11611707,https://canvas.oregonstate.edu/courses/2053526/discussion_topics/11611707,Topic: Quiz 2 July 18 - 20,discussion,11611707,1,,,raw_html/00316-phy-212-linked-detail-topic-quiz-2-july-18-20.html,text/00316-phy-212-linked-detail-topic-quiz-2-july-18-20.txt,text/00316-phy-212-linked-detail-topic-quiz-2-july-18-20.fulltext.txt,markdown/00316-phy-212-linked-detail-topic-quiz-2-july-18-20.md,,metadata/00316-phy-212-linked-detail-topic-quiz-2-july-18-20.json,e9375a40615b2b4992b09dfa6fbedaaae77b3a4e9eae5da6a4a1071b215bf4f9,e3b0c44298fc1c149afbf4c8996fb92427ae41e4649b934ca495991b7852b855,2026-07-30T20:37:17.502Z,0,34,2,0,0,0
00317-phy-212-linked-detail-topic-quiz-1-july-4-6,2053526,PHY-212,linked_detail,linked_detail,https://canvas.oregonstate.edu/courses/2053526/discussion_topics/11605879,https://canvas.oregonstate.edu/courses/2053526/discussion_topics/11605879,Topic: Quiz 1 July 4-6,discussion,11605879,1,,,raw_html/00317-phy-212-linked-detail-topic-quiz-1-july-4-6.html,text/00317-phy-212-linked-detail-topic-quiz-1-july-4-6.txt,text/00317-phy-212-linked-detail-topic-quiz-1-july-4-6.fulltext.txt,markdown/00317-phy-212-linked-detail-topic-quiz-1-july-4-6.md,,metadata/00317-phy-212-linked-detail-topic-quiz-1-july-4-6.json,3d0a26d1a6708c58ce9771f9519e6ccb2c763217faf354ab2a5d8e53ba48d62d,e3b0c44298fc1c149afbf4c8996fb92427ae41e4649b934ca495991b7852b855,2026-07-30T20:37:19.904Z,0,34,2,0,0,0
00318-phy-212-linked-detail-topic-m2-1pre-upload,2053526,PHY-212,linked_detail,linked_detail,https://canvas.oregonstate.edu/courses/2053526/discussion_topics/11605102,https://canvas.oregonstate.edu/courses/2053526/discussion_topics/11605102,Topic: M2-1pre upload,discussion,11605102,1,,,raw_html/00318-phy-212-linked-detail-topic-m2-1pre-upload.html,text/00318-phy-212-linked-detail-topic-m2-1pre-upload.txt,text/00318-phy-212-linked-detail-topic-m2-1pre-upload.fulltext.txt,markdown/00318-phy-212-linked-detail-topic-m2-1pre-upload.md,,metadata/00318-phy-212-linked-detail-topic-m2-1pre-upload.json,22616e99636341be921a1f7307f063b4738049f64915b898f4b108e4047e3f25,e3b0c44298fc1c149afbf4c8996fb92427ae41e4649b934ca495991b7852b855,2026-07-30T20:37:22.302Z,0,34,2,0,0,0
00319-phy-212-linked-detail-topic-7-1-lecture-canceled,2053526,PHY-212,linked_detail,linked_detail,https://canvas.oregonstate.edu/courses/2053526/discussion_topics/11604493,https://canvas.oregonstate.edu/courses/2053526/discussion_topics/11604493,Topic: 7/1 Lecture canceled,discussion,11604493,1,,,raw_html/00319-phy-212-linked-detail-topic-7-1-lecture-canceled.html,text/00319-phy-212-linked-detail-topic-7-1-lecture-canceled.txt,text/00319-phy-212-linked-detail-topic-7-1-lecture-canceled.fulltext.txt,markdown/00319-phy-212-linked-detail-topic-7-1-lecture-canceled.md,,metadata/00319-phy-212-linked-detail-topic-7-1-lecture-canceled.json,dd1f42fe259c73028ea20891a3f3705a00dc8bb7460682693a6ed2e9b6fd1c0d,e3b0c44298fc1c149afbf4c8996fb92427ae41e4649b934ca495991b7852b855,2026-07-30T20:37:24.647Z,0,34,2,0,0,0
00320-phy-212-linked-detail-topic-please-email-your-lab-ta-to-confirm-your-meeting-time,2053526,PHY-212,linked_detail,linked_detail,https://canvas.oregonstate.edu/courses/2053526/discussion_topics/11601297,https://canvas.oregonstate.edu/courses/2053526/discussion_topics/11601297,Topic: Please email your Lab TA to confirm your meeting time,discussion,11601297,1,,,raw_html/00320-phy-212-linked-detail-topic-please-email-your-lab-ta-to-confirm-your-meeting-time.html,text/00320-phy-212-linked-detail-topic-please-email-your-lab-ta-to-confirm-your-meeting-time.txt,text/00320-phy-212-linked-detail-topic-please-email-your-lab-ta-to-confirm-your-meeting-time.fulltext.txt,markdown/00320-phy-212-linked-detail-topic-please-email-your-lab-ta-to-confirm-your-meeting-time.md,,metadata/00320-phy-212-linked-detail-topic-please-email-your-lab-ta-to-confirm-your-meeting-time.json,2a473553681bd211c82f2f030643232daf3c71e84165d21eaa468e84b3748a15,e3b0c44298fc1c149afbf4c8996fb92427ae41e4649b934ca495991b7852b855,2026-07-30T20:37:27.553Z,0,34,2,0,0,0
00321-phy-212-linked-detail-topic-first-day-lecture-and-participation,2053526,PHY-212,linked_detail,linked_detail,https://canvas.oregonstate.edu/courses/2053526/discussion_topics/11597788,https://canvas.oregonstate.edu/courses/2053526/discussion_topics/11597788,Topic: First day lecture and participation,discussion,11597788,1,,,raw_html/00321-phy-212-linked-detail-topic-first-day-lecture-and-participation.html,text/00321-phy-212-linked-detail-topic-first-day-lecture-and-participation.txt,text/00321-phy-212-linked-detail-topic-first-day-lecture-and-participation.fulltext.txt,markdown/00321-phy-212-linked-detail-topic-first-day-lecture-and-participation.md,,metadata/00321-phy-212-linked-detail-topic-first-day-lecture-and-participation.json,7ead7f990c5b4ceac45ca1765168660c6a408805ab7d81e43529bb34879b8f60,e3b0c44298fc1c149afbf4c8996fb92427ae41e4649b934ca495991b7852b855,2026-07-30T20:37:30.665Z,0,34,2,0,0,0
00322-phy-212-linked-detail-topic-welcome,2053526,PHY-212,linked_detail,linked_detail,https://canvas.oregonstate.edu/courses/2053526/discussion_topics/11563801,https://canvas.oregonstate.edu/courses/2053526/discussion_topics/11563801,Topic: Welcome!,discussion,11563801,1,,,raw_html/00322-phy-212-linked-detail-topic-welcome.html,text/00322-phy-212-linked-detail-topic-welcome.txt,text/00322-phy-212-linked-detail-topic-welcome.fulltext.txt,markdown/00322-phy-212-linked-detail-topic-welcome.md,,metadata/00322-phy-212-linked-detail-topic-welcome.json,88f0b4fef5857cc1ff43587988f5b8978f92405055e7e92cafc2ef4ba7c69446,e3b0c44298fc1c149afbf4c8996fb92427ae41e4649b934ca495991b7852b855,2026-07-30T20:37:33.356Z,0,34,2,0,0,0
00323-mth-252-linked-detail-whw1-key-pdf-integral-calculus-mth-252z-400-u2026,2080857,MTH-252,linked_detail,linked_detail,https://canvas.oregonstate.edu/courses/2080857/files/119223581?module_item_id=26982502#,https://canvas.oregonstate.edu/courses/2080857/files/119223581?module_item_id=26982502#,WHW1-Key.pdf: INTEGRAL CALCULUS (MTH_252Z_400_U2026),file,119223581,2,,,raw_html/00323-mth-252-linked-detail-whw1-key-pdf-integral-calculus-mth-252z-400-u2026.html,text/00323-mth-252-linked-detail-whw1-key-pdf-integral-calculus-mth-252z-400-u2026.txt,text/00323-mth-252-linked-detail-whw1-key-pdf-integral-calculus-mth-252z-400-u2026.fulltext.txt,markdown/00323-mth-252-linked-detail-whw1-key-pdf-integral-calculus-mth-252z-400-u2026.md,,metadata/00323-mth-252-linked-detail-whw1-key-pdf-integral-calculus-mth-252z-400-u2026.json,b6d9fe5ff295c6b169586eeed87c5d921980982379afa25344d1e915073060d8,8fc7756a2f17ada73d02401cfe1d56647722c09c097d5d5ff8ca03cb6b7ff77e,2026-07-30T20:37:35.652Z,1,28,3,0,0,0
00324-mth-252-linked-detail-whw2-key-pdf-integral-calculus-mth-252z-400-u2026,2080857,MTH-252,linked_detail,linked_detail,https://canvas.oregonstate.edu/courses/2080857/files/119223582?module_item_id=26982503#,https://canvas.oregonstate.edu/courses/2080857/files/119223582?module_item_id=26982503#,WHW2-Key.pdf: INTEGRAL CALCULUS (MTH_252Z_400_U2026),file,119223582,2,,,raw_html/00324-mth-252-linked-detail-whw2-key-pdf-integral-calculus-mth-252z-400-u2026.html,text/00324-mth-252-linked-detail-whw2-key-pdf-integral-calculus-mth-252z-400-u2026.txt,text/00324-mth-252-linked-detail-whw2-key-pdf-integral-calculus-mth-252z-400-u2026.fulltext.txt,markdown/00324-mth-252-linked-detail-whw2-key-pdf-integral-calculus-mth-252z-400-u2026.md,,metadata/00324-mth-252-linked-detail-whw2-key-pdf-integral-calculus-mth-252z-400-u2026.json,4549d941236ab26f0a28edb6e7eef7a0cdf741c2d8822b7ab187450eca8c8cb5,c8cb12ecd02f0a18d291438b94b6cd64a5d8561b5689cb742862dffe0becab08,2026-07-30T20:37:38.320Z,1,31,3,0,0,0
00325-mth-252-linked-detail-whw3-key-pdf-integral-calculus-mth-252z-400-u2026,2080857,MTH-252,linked_detail,linked_detail,https://canvas.oregonstate.edu/courses/2080857/files/119223584?module_item_id=26982504#,https://canvas.oregonstate.edu/courses/2080857/files/119223584?module_item_id=26982504#,WHW3-Key.pdf: INTEGRAL CALCULUS (MTH_252Z_400_U2026),file,119223584,2,,,raw_html/00325-mth-252-linked-detail-whw3-key-pdf-integral-calculus-mth-252z-400-u2026.html,text/00325-mth-252-linked-detail-whw3-key-pdf-integral-calculus-mth-252z-400-u2026.txt,text/00325-mth-252-linked-detail-whw3-key-pdf-integral-calculus-mth-252z-400-u2026.fulltext.txt,markdown/00325-mth-252-linked-detail-whw3-key-pdf-integral-calculus-mth-252z-400-u2026.md,,metadata/00325-mth-252-linked-detail-whw3-key-pdf-integral-calculus-mth-252z-400-u2026.json,0888210538c2c6d796c887322559d62c1b8a72dd7333dbeaefa9e1d1937b26ca,0498a730a4b0eade98c09fad99b1640b2230f63331887a473eb4e4b2a1769d80,2026-07-30T20:37:40.912Z,1,31,3,0,0,0
00326-mth-252-linked-detail-whw4-key-pdf-integral-calculus-mth-252z-400-u2026,2080857,MTH-252,linked_detail,linked_detail,https://canvas.oregonstate.edu/courses/2080857/files/119223460?module_item_id=26982505#,https://canvas.oregonstate.edu/courses/2080857/files/119223460?module_item_id=26982505#,WHW4-Key.pdf: INTEGRAL CALCULUS (MTH_252Z_400_U2026),file,119223460,2,,,raw_html/00326-mth-252-linked-detail-whw4-key-pdf-integral-calculus-mth-252z-400-u2026.html,text/00326-mth-252-linked-detail-whw4-key-pdf-integral-calculus-mth-252z-400-u2026.txt,text/00326-mth-252-linked-detail-whw4-key-pdf-integral-calculus-mth-252z-400-u2026.fulltext.txt,markdown/00326-mth-252-linked-detail-whw4-key-pdf-integral-calculus-mth-252z-400-u2026.md,,metadata/00326-mth-252-linked-detail-whw4-key-pdf-integral-calculus-mth-252z-400-u2026.json,5bf068528e24ee22c03f3ce3ea7eb0c5374639648239eb6a70bc4e678d852c50,8918ec810022109fc0ffa5ad66df726950a4c844a6995b58ff60d18365c36cc5,2026-07-30T20:37:43.014Z,1,31,3,0,0,0
00327-mth-252-linked-detail-whw5-key-pdf-integral-calculus-mth-252z-400-u2026,2080857,MTH-252,linked_detail,linked_detail,https://canvas.oregonstate.edu/courses/2080857/files/119223569?module_item_id=26982506#,https://canvas.oregonstate.edu/courses/2080857/files/119223569?module_item_id=26982506#,WHW5-Key.pdf: INTEGRAL CALCULUS (MTH_252Z_400_U2026),file,119223569,2,,,raw_html/00327-mth-252-linked-detail-whw5-key-pdf-integral-calculus-mth-252z-400-u2026.html,text/00327-mth-252-linked-detail-whw5-key-pdf-integral-calculus-mth-252z-400-u2026.txt,text/00327-mth-252-linked-detail-whw5-key-pdf-integral-calculus-mth-252z-400-u2026.fulltext.txt,markdown/00327-mth-252-linked-detail-whw5-key-pdf-integral-calculus-mth-252z-400-u2026.md,,metadata/00327-mth-252-linked-detail-whw5-key-pdf-integral-calculus-mth-252z-400-u2026.json,5d96df068e8e322fe853063f7b224526f2af0a3ea3c85164011238c525bf025e,f93c4e941faae3cd4874c9bd35b39ea52437280dd21290c798a33add66255dd5,2026-07-30T20:37:45.537Z,1,30,3,0,0,0
00328-mth-252-linked-detail-mth-252z-400-syllabus-u26-gilliam-1-pdf-integral-calculus-mth-252z-400-u2026,2080857,MTH-252,linked_detail,linked_detail,https://canvas.oregonstate.edu/courses/2080857/files/119353385?wrap=1,https://canvas.oregonstate.edu/courses/2080857/files/119353385?wrap=1,MTH 252Z-400 Syllabus U26 Gilliam-1.pdf: INTEGRAL CALCULUS (MTH_252Z_400_U2026),file,119353385,2,,,raw_html/00328-mth-252-linked-detail-mth-252z-400-syllabus-u26-gilliam-1-pdf-integral-calculus-mth-252z-400-u2026.html,text/00328-mth-252-linked-detail-mth-252z-400-syllabus-u26-gilliam-1-pdf-integral-calculus-mth-252z-400-u2026.txt,text/00328-mth-252-linked-detail-mth-252z-400-syllabus-u26-gilliam-1-pdf-integral-calculus-mth-252z-400-u2026.fulltext.txt,markdown/00328-mth-252-linked-detail-mth-252z-400-syllabus-u26-gilliam-1-pdf-integral-calculus-mth-252z-400-u2026.md,,metadata/00328-mth-252-linked-detail-mth-252z-400-syllabus-u26-gilliam-1-pdf-integral-calculus-mth-252z-400-u2026.json,079eb516912de1315fa5296b55da1f98c6bc954b8946eedf9e66e7fe5ac21f99,070b1db9e62a77d900d18710408a55c3a5a4afee946ebb61ae32c5922e40c748,2026-07-30T20:37:48.365Z,1,29,3,0,0,0
00329-mth-252-linked-detail-syllabus-and-calendar-as-of-7-05-both-sections-400-and-401-integral-calculus-mth-252z-400-u2026,2080857,MTH-252,linked_detail,linked_detail,https://canvas.oregonstate.edu/courses/2080857/pages/syllabus-and-calendar-as-of-7-slash-05-%3E-both-sections-400-and-401?module_item_id=26982522#,https://canvas.oregonstate.edu/courses/2080857/pages/syllabus-and-calendar-as-of-7-slash-05-%3E-both-sections-400-and-401?module_item_id=26982522#,Syllabus and Calendar (as of 7/05) --> Both Sections 400 and 401: INTEGRAL CALCULUS (MTH_252Z_400_U2026),page,syllabus-and-calendar-as-of-7-slash-05-%3E-both-sections-400-and-401,2,,,raw_html/00329-mth-252-linked-detail-syllabus-and-calendar-as-of-7-05-both-sections-400-and-401-integral-calculus-mth-252z-400-u2026.html,text/00329-mth-252-linked-detail-syllabus-and-calendar-as-of-7-05-both-sections-400-and-401-integral-calculus-mth-252z-400-u2026.txt,text/00329-mth-252-linked-detail-syllabus-and-calendar-as-of-7-05-both-sections-400-and-401-integral-calculus-mth-252z-400-u2026.fulltext.txt,markdown/00329-mth-252-linked-detail-syllabus-and-calendar-as-of-7-05-both-sections-400-and-401-integral-calculus-mth-252z-400-u2026.md,,metadata/00329-mth-252-linked-detail-syllabus-and-calendar-as-of-7-05-both-sections-400-and-401-integral-calculus-mth-252z-400-u2026.json,805d7adfda8da86a923189d437f448b2b1e4ca1d93d3e0a324b1c2c2622f3f4d,110b37232ab7e77f88bea4caa6a211fe01dfb21ec0fe4dd5eaac48753d6f5968,2026-07-30T20:37:51.143Z,1,34,2,0,0,0
00330-mth-252-linked-detail-mth-252z-401-syllabus-u26-gilliam-1-pdf-integral-calculus-mth-252z-400-u2026,2080857,MTH-252,linked_detail,linked_detail,https://canvas.oregonstate.edu/courses/2080857/files/119353386?wrap=1,https://canvas.oregonstate.edu/courses/2080857/files/119353386?wrap=1,MTH 252Z-401 Syllabus U26 Gilliam-1.pdf: INTEGRAL CALCULUS (MTH_252Z_400_U2026),file,119353386,2,,,raw_html/00330-mth-252-linked-detail-mth-252z-401-syllabus-u26-gilliam-1-pdf-integral-calculus-mth-252z-400-u2026.html,text/00330-mth-252-linked-detail-mth-252z-401-syllabus-u26-gilliam-1-pdf-integral-calculus-mth-252z-400-u2026.txt,text/00330-mth-252-linked-detail-mth-252z-401-syllabus-u26-gilliam-1-pdf-integral-calculus-mth-252z-400-u2026.fulltext.txt,markdown/00330-mth-252-linked-detail-mth-252z-401-syllabus-u26-gilliam-1-pdf-integral-calculus-mth-252z-400-u2026.md,,metadata/00330-mth-252-linked-detail-mth-252z-401-syllabus-u26-gilliam-1-pdf-integral-calculus-mth-252z-400-u2026.json,7943af33967be3317af2a7209f68ec59202f4d102cd6d17aa3d2b89d70436d0b,3684e0f9c3efe7a03b0414974b65cde783933a0ef5ccfe9973ddde3b4605fc5e,2026-07-30T20:37:53.353Z,1,29,3,0,0,0
00331-mth-252-linked-detail-mth-252-online-course-calendar-pdf-integral-calculus-mth-252z-400-u2026,2080857,MTH-252,linked_detail,linked_detail,https://canvas.oregonstate.edu/courses/2080857/files/119246095?wrap=1,https://canvas.oregonstate.edu/courses/2080857/files/119246095?wrap=1,MTH-252-Online-Course-Calendar.pdf: INTEGRAL CALCULUS (MTH_252Z_400_U2026),file,119246095,2,,,raw_html/00331-mth-252-linked-detail-mth-252-online-course-calendar-pdf-integral-calculus-mth-252z-400-u2026.html,text/00331-mth-252-linked-detail-mth-252-online-course-calendar-pdf-integral-calculus-mth-252z-400-u2026.txt,text/00331-mth-252-linked-detail-mth-252-online-course-calendar-pdf-integral-calculus-mth-252z-400-u2026.fulltext.txt,markdown/00331-mth-252-linked-detail-mth-252-online-course-calendar-pdf-integral-calculus-mth-252z-400-u2026.md,,metadata/00331-mth-252-linked-detail-mth-252-online-course-calendar-pdf-integral-calculus-mth-252z-400-u2026.json,051038940bb6cae5c214a5c274180f4dd75f9c70110e93c321ff722e687babe8,c89a667a253848ce4f6418fe3e52ca631d7b3f7565998c3621a3db945ac0b45e,2026-07-30T20:37:55.336Z,1,29,3,0,0,0
00332-mth-252-linked-detail-achieve-registration-process-v3-pdf-integral-calculus-mth-252z-400-u2026,2080857,MTH-252,linked_detail,linked_detail,https://canvas.oregonstate.edu/courses/2080857/files/119223565?module_item_id=26982524#,https://canvas.oregonstate.edu/courses/2080857/files/119223565?module_item_id=26982524#,Achieve Registration Process_v3.pdf: INTEGRAL CALCULUS (MTH_252Z_400_U2026),file,119223565,2,,,raw_html/00332-mth-252-linked-detail-achieve-registration-process-v3-pdf-integral-calculus-mth-252z-400-u2026.html,text/00332-mth-252-linked-detail-achieve-registration-process-v3-pdf-integral-calculus-mth-252z-400-u2026.txt,text/00332-mth-252-linked-detail-achieve-registration-process-v3-pdf-integral-calculus-mth-252z-400-u2026.fulltext.txt,markdown/00332-mth-252-linked-detail-achieve-registration-process-v3-pdf-integral-calculus-mth-252z-400-u2026.md,,metadata/00332-mth-252-linked-detail-achieve-registration-process-v3-pdf-integral-calculus-mth-252z-400-u2026.json,71d5abecb347c249956009650fb4fac3f19de9b94cba6ec23c2b3fc0f409786e,11492b3b6e08c3d4fae1e2119db28ee384b2f522644f4883793ae685c393411d,2026-07-30T20:37:57.407Z,1,31,3,0,0,0
00333-mth-252-linked-detail-openstax-course-online-textbook-pdf-downloadable,2080857,MTH-252,linked_detail,linked_detail,https://canvas.oregonstate.edu/courses/2080857/modules/items/26982526,https://canvas.oregonstate.edu/courses/2080857/modules/items/26982526,OpenStax Course Online Textbook (pdf downloadable),module_item,26982526,2,,,raw_html/00333-mth-252-linked-detail-openstax-course-online-textbook-pdf-downloadable.html,text/00333-mth-252-linked-detail-openstax-course-online-textbook-pdf-downloadable.txt,text/00333-mth-252-linked-detail-openstax-course-online-textbook-pdf-downloadable.fulltext.txt,markdown/00333-mth-252-linked-detail-openstax-course-online-textbook-pdf-downloadable.md,,metadata/00333-mth-252-linked-detail-openstax-course-online-textbook-pdf-downloadable.json,65fc139b2325b5c8f9f372079526b479dd94b793eafd18e8137202544fdc15b3,3451c84714f0558a5a810e00ca0ba2eea41c6944337096276ac9c0a678e79f33,2026-07-30T20:37:59.606Z,1,30,2,0,0,0
00334-mth-252-linked-detail-mlc-hours-pdf-integral-calculus-mth-252z-400-u2026,2080857,MTH-252,linked_detail,linked_detail,https://canvas.oregonstate.edu/courses/2080857/files/119223484?module_item_id=26982536#,https://canvas.oregonstate.edu/courses/2080857/files/119223484?module_item_id=26982536#,MLC Hours.pdf: INTEGRAL CALCULUS (MTH_252Z_400_U2026),file,119223484,2,,,raw_html/00334-mth-252-linked-detail-mlc-hours-pdf-integral-calculus-mth-252z-400-u2026.html,text/00334-mth-252-linked-detail-mlc-hours-pdf-integral-calculus-mth-252z-400-u2026.txt,text/00334-mth-252-linked-detail-mlc-hours-pdf-integral-calculus-mth-252z-400-u2026.fulltext.txt,markdown/00334-mth-252-linked-detail-mlc-hours-pdf-integral-calculus-mth-252z-400-u2026.md,,metadata/00334-mth-252-linked-detail-mlc-hours-pdf-integral-calculus-mth-252z-400-u2026.json,75e9880ac312449191c74c06c38f275847b6d1b04d0141cd0f34badd036d186c,9b92fd7e4ba6e9554634805f924a387d33a791e87e2faaf128e5802d08da80eb,2026-07-30T20:38:01.806Z,1,31,3,0,0,0
00335-mth-252-linked-detail-website-mslc-peer-tutoring,2080857,MTH-252,linked_detail,linked_detail,https://canvas.oregonstate.edu/courses/2080857/modules/items/26982535,https://canvas.oregonstate.edu/courses/2080857/modules/items/26982535,Website: MSLC --> Peer tutoring,module_item,26982535,2,,,raw_html/00335-mth-252-linked-detail-website-mslc-peer-tutoring.html,text/00335-mth-252-linked-detail-website-mslc-peer-tutoring.txt,text/00335-mth-252-linked-detail-website-mslc-peer-tutoring.fulltext.txt,markdown/00335-mth-252-linked-detail-website-mslc-peer-tutoring.md,,metadata/00335-mth-252-linked-detail-website-mslc-peer-tutoring.json,78b1eb176e73543dbfac98d74ffa56c817b03c1fb4c32cdb802f34378d43c3d4,fda30879c3f6ac35771eda80a396083a8237439900a0f81b676dcc766ad44176,2026-07-30T20:38:03.805Z,1,30,2,0,0,0
00336-mth-252-linked-detail-camscanner-making-one-pdf-with-multiple-pages,2080857,MTH-252,linked_detail,linked_detail,https://canvas.oregonstate.edu/courses/2080857/modules/items/26982538,https://canvas.oregonstate.edu/courses/2080857/modules/items/26982538,CamScanner: Making ONE pdf with multiple pages,module_item,26982538,2,,,raw_html/00336-mth-252-linked-detail-camscanner-making-one-pdf-with-multiple-pages.html,text/00336-mth-252-linked-detail-camscanner-making-one-pdf-with-multiple-pages.txt,text/00336-mth-252-linked-detail-camscanner-making-one-pdf-with-multiple-pages.fulltext.txt,markdown/00336-mth-252-linked-detail-camscanner-making-one-pdf-with-multiple-pages.md,,metadata/00336-mth-252-linked-detail-camscanner-making-one-pdf-with-multiple-pages.json,29cb9ccb7a49d19cef5a546341ec7e0e50c559fbf1a8bba2b9673b3eb688108a,f09a21ac17df47cbad0e99a14c431bc20465a6a7094c7d46a263c1c1d9624292,2026-07-30T20:38:05.606Z,1,30,2,0,0,0
00337-mth-252-linked-detail-textbook-openstax-calculus-volume-1-link,2080857,MTH-252,linked_detail,linked_detail,https://canvas.oregonstate.edu/courses/2080857/modules/items/27022202,https://canvas.oregonstate.edu/courses/2080857/modules/items/27022202,Textbook: OpenStax Calculus - Volume 1 link,module_item,27022202,2,,,raw_html/00337-mth-252-linked-detail-textbook-openstax-calculus-volume-1-link.html,text/00337-mth-252-linked-detail-textbook-openstax-calculus-volume-1-link.txt,text/00337-mth-252-linked-detail-textbook-openstax-calculus-volume-1-link.fulltext.txt,markdown/00337-mth-252-linked-detail-textbook-openstax-calculus-volume-1-link.md,,metadata/00337-mth-252-linked-detail-textbook-openstax-calculus-volume-1-link.json,553d8bfe60768210e887742ddc64af63c40acdbb76088b3f1a03eb540a72f5ce,e70a73b7e3a1a977998b5de91a07c55e8939fd8ede73e1786c22e783aac651c8,2026-07-30T20:38:07.455Z,1,30,2,0,0,0
00338-mth-252-linked-detail-front-page-integral-calculus-mth-252z-400-u2026,2080857,MTH-252,linked_detail,linked_detail,https://canvas.oregonstate.edu/courses/2080857/pages/front-page,https://canvas.oregonstate.edu/courses/2080857/pages/front-page,Front Page: INTEGRAL CALCULUS (MTH_252Z_400_U2026),page,front-page,2,,,raw_html/00338-mth-252-linked-detail-front-page-integral-calculus-mth-252z-400-u2026.html,text/00338-mth-252-linked-detail-front-page-integral-calculus-mth-252z-400-u2026.txt,text/00338-mth-252-linked-detail-front-page-integral-calculus-mth-252z-400-u2026.fulltext.txt,markdown/00338-mth-252-linked-detail-front-page-integral-calculus-mth-252z-400-u2026.md,,metadata/00338-mth-252-linked-detail-front-page-integral-calculus-mth-252z-400-u2026.json,7dd4b4ce23aae988cb52239314c8f36b9927d0584b27ec32bf942c14043c3b36,93837a52286c31e7b8fd31daf883362bb7bdd6f1a5cb15c7c76a27e20e5acff0,2026-07-30T20:38:09.893Z,4,40,3,0,0,0
00339-mth-252-linked-detail-252-lecture-1-1-to-me1-pdf-integral-calculus-mth-252z-400-u2026,2080857,MTH-252,linked_detail,linked_detail,https://canvas.oregonstate.edu/courses/2080857/files/119223553?module_item_id=26982546#,https://canvas.oregonstate.edu/courses/2080857/files/119223553?module_item_id=26982546#,252-Lecture-1.1-to-ME1.pdf: INTEGRAL CALCULUS (MTH_252Z_400_U2026),file,119223553,2,,,raw_html/00339-mth-252-linked-detail-252-lecture-1-1-to-me1-pdf-integral-calculus-mth-252z-400-u2026.html,text/00339-mth-252-linked-detail-252-lecture-1-1-to-me1-pdf-integral-calculus-mth-252z-400-u2026.txt,text/00339-mth-252-linked-detail-252-lecture-1-1-to-me1-pdf-integral-calculus-mth-252z-400-u2026.fulltext.txt,markdown/00339-mth-252-linked-detail-252-lecture-1-1-to-me1-pdf-integral-calculus-mth-252z-400-u2026.md,,metadata/00339-mth-252-linked-detail-252-lecture-1-1-to-me1-pdf-integral-calculus-mth-252z-400-u2026.json,446f6d39e4bafc5654e72c22e74d94d88b491393baed75e4390f8860ade23de5,4488cc49b08cec78f218fdd6fb39f2f6f6a6ddb096dde1704c61ec22488c6594,2026-07-30T20:38:12.355Z,1,31,3,0,0,0
00340-mth-252-linked-detail-jacob-peterson-s-quiz-history-pre-class-reading-quiz-1-1-rq-1-1,2080857,MTH-252,linked_detail,linked_detail,https://canvas.oregonstate.edu/courses/2080857/quizzes/3167659/history?version=2,https://canvas.oregonstate.edu/courses/2080857/quizzes/3167659/history?version=2,Jacob Peterson's Quiz History: Pre-Class Reading Quiz - 1.1 (RQ-1.1),quiz,3167659,2,,,raw_html/00340-mth-252-linked-detail-jacob-peterson-s-quiz-history-pre-class-reading-quiz-1-1-rq-1-1.html,text/00340-mth-252-linked-detail-jacob-peterson-s-quiz-history-pre-class-reading-quiz-1-1-rq-1-1.txt,text/00340-mth-252-linked-detail-jacob-peterson-s-quiz-history-pre-class-reading-quiz-1-1-rq-1-1.fulltext.txt,markdown/00340-mth-252-linked-detail-jacob-peterson-s-quiz-history-pre-class-reading-quiz-1-1-rq-1-1.md,,metadata/00340-mth-252-linked-detail-jacob-peterson-s-quiz-history-pre-class-reading-quiz-1-1-rq-1-1.json,a236a2bd0ba6fb0a490789b208efbce0543af77a009c88b8b1d8a89a34785f08,fa2501917d075ab73917d57507a4db4c8a8b5b3107d1c01b7b5c86849dbbee8d,2026-07-30T20:38:15.007Z,1,45,2,0,0,0
00341-mth-252-linked-detail-jacob-peterson-s-quiz-history-pre-class-reading-quiz-1-1-rq-1-1,2080857,MTH-252,linked_detail,linked_detail,https://canvas.oregonstate.edu/courses/2080857/quizzes/3167659/history?version=1,https://canvas.oregonstate.edu/courses/2080857/quizzes/3167659/history?version=1,Jacob Peterson's Quiz History: Pre-Class Reading Quiz - 1.1 (RQ-1.1),quiz,3167659,2,,,raw_html/00341-mth-252-linked-detail-jacob-peterson-s-quiz-history-pre-class-reading-quiz-1-1-rq-1-1.html,text/00341-mth-252-linked-detail-jacob-peterson-s-quiz-history-pre-class-reading-quiz-1-1-rq-1-1.txt,text/00341-mth-252-linked-detail-jacob-peterson-s-quiz-history-pre-class-reading-quiz-1-1-rq-1-1.fulltext.txt,markdown/00341-mth-252-linked-detail-jacob-peterson-s-quiz-history-pre-class-reading-quiz-1-1-rq-1-1.md,,metadata/00341-mth-252-linked-detail-jacob-peterson-s-quiz-history-pre-class-reading-quiz-1-1-rq-1-1.json,55c5e28c4f305e953f9f781308f2805740ff8f4b6bccb7d75fbfdeb102597925,fac4805a51a3332586feee760518f69c23928358fb774c26f097d02df508bc6f,2026-07-30T20:38:17.258Z,1,45,2,0,0,0
00342-mth-252-linked-detail-pre-class-reading-quiz-1-1-rq-1-1-integral-calculus-mth-252z-400-u2026,2080857,MTH-252,linked_detail,linked_detail,https://canvas.oregonstate.edu/courses/2080857/quizzes/3167659?module_item_id=26982548#,https://canvas.oregonstate.edu/courses/2080857/quizzes/3167659?module_item_id=26982548#,Pre-Class Reading Quiz - 1.1 (RQ-1.1): INTEGRAL CALCULUS (MTH_252Z_400_U2026),quiz,3167659,2,,,raw_html/00342-mth-252-linked-detail-pre-class-reading-quiz-1-1-rq-1-1-integral-calculus-mth-252z-400-u2026.html,text/00342-mth-252-linked-detail-pre-class-reading-quiz-1-1-rq-1-1-integral-calculus-mth-252z-400-u2026.txt,text/00342-mth-252-linked-detail-pre-class-reading-quiz-1-1-rq-1-1-integral-calculus-mth-252z-400-u2026.fulltext.txt,markdown/00342-mth-252-linked-detail-pre-class-reading-quiz-1-1-rq-1-1-integral-calculus-mth-252z-400-u2026.md,,metadata/00342-mth-252-linked-detail-pre-class-reading-quiz-1-1-rq-1-1-integral-calculus-mth-252z-400-u2026.json,a1a2b88f36cff93407535637582f59e3fda4ae33b6a35777e8035e45cc1b49ec,60db69d1e800db61511cb8cec11528ed9a8aca4e9b4b679de16ea7abdab981ce,2026-07-30T20:38:19.808Z,5,49,2,0,0,0
00343-mth-252-linked-detail-page-not-found,2080857,MTH-252,linked_detail,linked_detail,https://canvas.oregonstate.edu/courses/2080857/quizzes/3167659/questions/59173354,https://canvas.oregonstate.edu/courses/2080857/quizzes/3167659/questions/59173354,Page Not Found,quiz,3167659,2,,,raw_html/00343-mth-252-linked-detail-page-not-found.html,text/00343-mth-252-linked-detail-page-not-found.txt,text/00343-mth-252-linked-detail-page-not-found.fulltext.txt,markdown/00343-mth-252-linked-detail-page-not-found.md,,metadata/00343-mth-252-linked-detail-page-not-found.json,cdbd32e0ae08ccc3c6882141d7b3fb9a218463b77d9dc17b4df1a57b11161f7e,1f3cad7f917aec981713b153906f275d6d7a2e253849ec562fee4847f84aa6ab,2026-07-30T20:38:21.907Z,2,22,2,0,0,0
00344-mth-252-linked-detail-page-not-found,2080857,MTH-252,linked_detail,linked_detail,https://canvas.oregonstate.edu/courses/2080857/quizzes/3167659/questions/59173359,https://canvas.oregonstate.edu/courses/2080857/quizzes/3167659/questions/59173359,Page Not Found,quiz,3167659,2,,,raw_html/00344-mth-252-linked-detail-page-not-found.html,text/00344-mth-252-linked-detail-page-not-found.txt,text/00344-mth-252-linked-detail-page-not-found.fulltext.txt,markdown/00344-mth-252-linked-detail-page-not-found.md,,metadata/00344-mth-252-linked-detail-page-not-found.json,d4a76abc0d0e834eb9eab31b33d9cadc9eb06eeed4e024704757bbd26f2bc5f4,1f3cad7f917aec981713b153906f275d6d7a2e253849ec562fee4847f84aa6ab,2026-07-30T20:38:23.902Z,2,22,2,0,0,0
00345-mth-252-linked-detail-page-not-found,2080857,MTH-252,linked_detail,linked_detail,https://canvas.oregonstate.edu/courses/2080857/quizzes/3167659/questions/59173352,https://canvas.oregonstate.edu/courses/2080857/quizzes/3167659/questions/59173352,Page Not Found,quiz,3167659,2,,,raw_html/00345-mth-252-linked-detail-page-not-found.html,text/00345-mth-252-linked-detail-page-not-found.txt,text/00345-mth-252-linked-detail-page-not-found.fulltext.txt,markdown/00345-mth-252-linked-detail-page-not-found.md,,metadata/00345-mth-252-linked-detail-page-not-found.json,9355ce71e3cf2c67d45495e6efa5ebfca56e8d7a8f80914114f306c288a538f3,1f3cad7f917aec981713b153906f275d6d7a2e253849ec562fee4847f84aa6ab,2026-07-30T20:38:25.881Z,2,22,2,0,0,0
00346-mth-252-linked-detail-page-not-found,2080857,MTH-252,linked_detail,linked_detail,https://canvas.oregonstate.edu/courses/2080857/quizzes/3167659/questions/59173360,https://canvas.oregonstate.edu/courses/2080857/quizzes/3167659/questions/59173360,Page Not Found,quiz,3167659,2,,,raw_html/00346-mth-252-linked-detail-page-not-found.html,text/00346-mth-252-linked-detail-page-not-found.txt,text/00346-mth-252-linked-detail-page-not-found.fulltext.txt,markdown/00346-mth-252-linked-detail-page-not-found.md,,metadata/00346-mth-252-linked-detail-page-not-found.json,f80510b241053b3714b323aab69bf4936e4cbdeec7d1dd8c100a11e903d2ce2b,1f3cad7f917aec981713b153906f275d6d7a2e253849ec562fee4847f84aa6ab,2026-07-30T20:38:27.905Z,2,22,2,0,0,0
00347-mth-252-linked-detail-page-not-found,2080857,MTH-252,linked_detail,linked_detail,https://canvas.oregonstate.edu/courses/2080857/quizzes/3167659/questions/59173361,https://canvas.oregonstate.edu/courses/2080857/quizzes/3167659/questions/59173361,Page Not Found,quiz,3167659,2,,,raw_html/00347-mth-252-linked-detail-page-not-found.html,text/00347-mth-252-linked-detail-page-not-found.txt,text/00347-mth-252-linked-detail-page-not-found.fulltext.txt,markdown/00347-mth-252-linked-detail-page-not-found.md,,metadata/00347-mth-252-linked-detail-page-not-found.json,940eb27494f5d1ec75f22a3a1675ef1691e961ce7c10a77c36f9854e3507b41a,1f3cad7f917aec981713b153906f275d6d7a2e253849ec562fee4847f84aa6ab,2026-07-30T20:38:29.754Z,2,22,2,0,0,0
00348-mth-252-linked-detail-module-1-written-homework-whw-1-2-hours,2080857,MTH-252,linked_detail,linked_detail,https://canvas.oregonstate.edu/courses/2080857/assignments/10586053?module_item_id=26982549#,https://canvas.oregonstate.edu/courses/2080857/assignments/10586053?module_item_id=26982549#,Module 1 — Written Homework (WHW 1) 🕓 2 hours,assignment,10586053,2,,yes,raw_html/00348-mth-252-linked-detail-module-1-written-homework-whw-1-2-hours.html,text/00348-mth-252-linked-detail-module-1-written-homework-whw-1-2-hours.txt,text/00348-mth-252-linked-detail-module-1-written-homework-whw-1-2-hours.fulltext.txt,markdown/00348-mth-252-linked-detail-module-1-written-homework-whw-1-2-hours.md,,metadata/00348-mth-252-linked-detail-module-1-written-homework-whw-1-2-hours.json,d7f7d08fda6222b70dfd558d6224e196eae7e0d0831dfe5b2dc87c2498c8cb8e,8674957afe51059cb64b0fc1c285c60e9b8270b3abcad3a59b31e49a21c4ce10,2026-07-30T20:38:33.210Z,7,61,2,0,0,0
00349-mth-252-linked-detail-intro-reflect-1,2080857,MTH-252,linked_detail,linked_detail,https://canvas.oregonstate.edu/courses/2080857/assignments/10586044?module_item_id=26982550#,https://canvas.oregonstate.edu/courses/2080857/assignments/10586044?module_item_id=26982550#,Intro Reflect 1,assignment,10586044,2,,yes,raw_html/00349-mth-252-linked-detail-intro-reflect-1.html,text/00349-mth-252-linked-detail-intro-reflect-1.txt,text/00349-mth-252-linked-detail-intro-reflect-1.fulltext.txt,markdown/00349-mth-252-linked-detail-intro-reflect-1.md,,metadata/00349-mth-252-linked-detail-intro-reflect-1.json,c0e9e0342bbed5df949d24604b1c9b8dfcbbd771c24f6851b46555f59ba01e3a,c40470fecd535988599519c37198b90ce4e54c7bcfd893020eb5a79bb54df5a5,2026-07-30T20:38:46.172Z,2,55,2,0,0,0
00350-mth-252-linked-detail-achieve-1-1-approximating-areas,2080857,MTH-252,linked_detail,linked_detail,https://canvas.oregonstate.edu/courses/2080857/assignments/10586025?module_item_id=26982551#,https://canvas.oregonstate.edu/courses/2080857/assignments/10586025?module_item_id=26982551#,Achieve - 1.1 Approximating Areas,assignment,10586025,2,,yes,raw_html/00350-mth-252-linked-detail-achieve-1-1-approximating-areas.html,text/00350-mth-252-linked-detail-achieve-1-1-approximating-areas.txt,text/00350-mth-252-linked-detail-achieve-1-1-approximating-areas.fulltext.txt,markdown/00350-mth-252-linked-detail-achieve-1-1-approximating-areas.md,,metadata/00350-mth-252-linked-detail-achieve-1-1-approximating-areas.json,42b81e217622a6f56534f4bcb24e9e762e377630f21d6cbb3e1af4d662d3a595,81256857b05547450a3d13b4ada0c448f699d7539a52d3e2b642af2a80592f7e,2026-07-30T20:38:48.868Z,2,55,2,0,0,0
00351-mth-252-linked-detail-252-lecture-1-1-to-me1-pdf-integral-calculus-mth-252z-400-u2026,2080857,MTH-252,linked_detail,linked_detail,https://canvas.oregonstate.edu/courses/2080857/files/119223553?module_item_id=26982555#,https://canvas.oregonstate.edu/courses/2080857/files/119223553?module_item_id=26982555#,252-Lecture-1.1-to-ME1.pdf: INTEGRAL CALCULUS (MTH_252Z_400_U2026),file,119223553,2,,,raw_html/00351-mth-252-linked-detail-252-lecture-1-1-to-me1-pdf-integral-calculus-mth-252z-400-u2026.html,text/00351-mth-252-linked-detail-252-lecture-1-1-to-me1-pdf-integral-calculus-mth-252z-400-u2026.txt,text/00351-mth-252-linked-detail-252-lecture-1-1-to-me1-pdf-integral-calculus-mth-252z-400-u2026.fulltext.txt,markdown/00351-mth-252-linked-detail-252-lecture-1-1-to-me1-pdf-integral-calculus-mth-252z-400-u2026.md,,metadata/00351-mth-252-linked-detail-252-lecture-1-1-to-me1-pdf-integral-calculus-mth-252z-400-u2026.json,a27245599a1d4f8984145f9db2b577f0235d541bc5131210290b988b16726480,4488cc49b08cec78f218fdd6fb39f2f6f6a6ddb096dde1704c61ec22488c6594,2026-07-30T20:38:51.132Z,1,31,3,0,0,0
00352-mth-252-linked-detail-module-2-written-homework-whw-2-3-hours,2080857,MTH-252,linked_detail,linked_detail,https://canvas.oregonstate.edu/courses/2080857/assignments/10586055?module_item_id=26982558#,https://canvas.oregonstate.edu/courses/2080857/assignments/10586055?module_item_id=26982558#,Module 2 — Written Homework (WHW 2) 🕓 3 hours,assignment,10586055,2,,,raw_html/00352-mth-252-linked-detail-module-2-written-homework-whw-2-3-hours.html,text/00352-mth-252-linked-detail-module-2-written-homework-whw-2-3-hours.txt,text/00352-mth-252-linked-detail-module-2-written-homework-whw-2-3-hours.fulltext.txt,markdown/00352-mth-252-linked-detail-module-2-written-homework-whw-2-3-hours.md,,metadata/00352-mth-252-linked-detail-module-2-written-homework-whw-2-3-hours.json,f4d8df3b960749dc119861c1261125aa9becb0c14961780406fb8298d5609bc5,76d7c7a52c68a3660e8d8e9875242e67607099f2480e31f7d6ebf8642a2ab7bb,2026-07-30T20:38:53.807Z,7,58,2,0,0,0
00353-mth-252-linked-detail-reflection-2,2080857,MTH-252,linked_detail,linked_detail,https://canvas.oregonstate.edu/courses/2080857/assignments/10586063?module_item_id=26982559#,https://canvas.oregonstate.edu/courses/2080857/assignments/10586063?module_item_id=26982559#,Reflection 2,assignment,10586063,2,,yes,raw_html/00353-mth-252-linked-detail-reflection-2.html,text/00353-mth-252-linked-detail-reflection-2.txt,text/00353-mth-252-linked-detail-reflection-2.fulltext.txt,markdown/00353-mth-252-linked-detail-reflection-2.md,,metadata/00353-mth-252-linked-detail-reflection-2.json,11f6fbe264533b63506da3d03ed73029a331959c07e1ddf317afd664533bb43e,05ea482554f10d51e09c310a8febb790b13a2001cc17ebb52608dc0e805f2a27,2026-07-30T20:38:56.405Z,2,55,2,0,0,0
00354-mth-252-linked-detail-achieve-1-2-the-definite-integral,2080857,MTH-252,linked_detail,linked_detail,https://canvas.oregonstate.edu/courses/2080857/assignments/10586026?module_item_id=26982560#,https://canvas.oregonstate.edu/courses/2080857/assignments/10586026?module_item_id=26982560#,Achieve - 1.2 The Definite Integral,assignment,10586026,2,,yes,raw_html/00354-mth-252-linked-detail-achieve-1-2-the-definite-integral.html,text/00354-mth-252-linked-detail-achieve-1-2-the-definite-integral.txt,text/00354-mth-252-linked-detail-achieve-1-2-the-definite-integral.fulltext.txt,markdown/00354-mth-252-linked-detail-achieve-1-2-the-definite-integral.md,,metadata/00354-mth-252-linked-detail-achieve-1-2-the-definite-integral.json,19102be3bad07f686646210111d7352caac17cf444acd41f78e659372577fe6f,16e7b425b3e526eca5b2cf4a06a97ebc025eea18594c7e66fee6dbaf7a419b7b,2026-07-30T20:38:58.857Z,2,55,2,0,0,0
00355-mth-252-linked-detail-me1-u26-template-pdf-integral-calculus-mth-252z-400-u2026,2080857,MTH-252,linked_detail,linked_detail,https://canvas.oregonstate.edu/courses/2080857/files/119363995?wrap=1,https://canvas.oregonstate.edu/courses/2080857/files/119363995?wrap=1,ME1-U26-Template.pdf: INTEGRAL CALCULUS (MTH_252Z_400_U2026),file,119363995,2,,,raw_html/00355-mth-252-linked-detail-me1-u26-template-pdf-integral-calculus-mth-252z-400-u2026.html,text/00355-mth-252-linked-detail-me1-u26-template-pdf-integral-calculus-mth-252z-400-u2026.txt,text/00355-mth-252-linked-detail-me1-u26-template-pdf-integral-calculus-mth-252z-400-u2026.fulltext.txt,markdown/00355-mth-252-linked-detail-me1-u26-template-pdf-integral-calculus-mth-252z-400-u2026.md,,metadata/00355-mth-252-linked-detail-me1-u26-template-pdf-integral-calculus-mth-252z-400-u2026.json,a853753638f53c1540ee587d80356c09b830686c7c47aba11637fb49e3463a00,33cbe72f77de3be5a9ffc7d5e6f45e59daca0a6edc8074e0d7e51249b5a43e6f,2026-07-30T20:39:00.708Z,1,29,3,0,0,0
00356-mth-252-linked-detail-mini-exam-1-tues-thur-no-late-submissions,2080857,MTH-252,linked_detail,linked_detail,https://canvas.oregonstate.edu/courses/2080857/assignments/10586045?module_item_id=26982562#,https://canvas.oregonstate.edu/courses/2080857/assignments/10586045?module_item_id=26982562#,Mini-Exam 1 - Tues - Thur (No late submissions),assignment,10586045,2,,yes,raw_html/00356-mth-252-linked-detail-mini-exam-1-tues-thur-no-late-submissions.html,text/00356-mth-252-linked-detail-mini-exam-1-tues-thur-no-late-submissions.txt,text/00356-mth-252-linked-detail-mini-exam-1-tues-thur-no-late-submissions.fulltext.txt,markdown/00356-mth-252-linked-detail-mini-exam-1-tues-thur-no-late-submissions.md,,metadata/00356-mth-252-linked-detail-mini-exam-1-tues-thur-no-late-submissions.json,cfaedf74a5f2176ff83cb14688d78ebe78e7237019c3a46cef8256d6389ae455,58e8e707bb69ec73b0de537368f022349606e14ebe6aebf3770d53688b62d669,2026-07-30T20:39:03.066Z,8,75,2,0,0,0
00357-mth-252-linked-detail-unit-1-student-study-guide-pdf-integral-calculus-mth-252z-400-u2026,2080857,MTH-252,linked_detail,linked_detail,https://canvas.oregonstate.edu/courses/2080857/files/119223514?wrap=1,https://canvas.oregonstate.edu/courses/2080857/files/119223514?wrap=1,Unit-1-Student-Study-Guide.pdf: INTEGRAL CALCULUS (MTH_252Z_400_U2026),file,119223514,2,,,raw_html/00357-mth-252-linked-detail-unit-1-student-study-guide-pdf-integral-calculus-mth-252z-400-u2026.html,text/00357-mth-252-linked-detail-unit-1-student-study-guide-pdf-integral-calculus-mth-252z-400-u2026.txt,text/00357-mth-252-linked-detail-unit-1-student-study-guide-pdf-integral-calculus-mth-252z-400-u2026.fulltext.txt,markdown/00357-mth-252-linked-detail-unit-1-student-study-guide-pdf-integral-calculus-mth-252z-400-u2026.md,,metadata/00357-mth-252-linked-detail-unit-1-student-study-guide-pdf-integral-calculus-mth-252z-400-u2026.json,df8c68fbc70223b9af6dd8cce72045de5d8a1ed48c6b666024b03f1ba70423d8,f1f9c78b10b1a49d6c3fb2af9649117c30a0a0a8005749e6e1fb4249f383359b,2026-07-30T20:39:05.238Z,1,29,3,0,0,0
00358-mth-252-linked-detail-unit-1-student-study-guide-key-pdf-integral-calculus-mth-252z-400-u2026,2080857,MTH-252,linked_detail,linked_detail,https://canvas.oregonstate.edu/courses/2080857/files/119223497?wrap=1,https://canvas.oregonstate.edu/courses/2080857/files/119223497?wrap=1,Unit-1-Student-Study-Guide-Key.pdf: INTEGRAL CALCULUS (MTH_252Z_400_U2026),file,119223497,2,,,raw_html/00358-mth-252-linked-detail-unit-1-student-study-guide-key-pdf-integral-calculus-mth-252z-400-u2026.html,text/00358-mth-252-linked-detail-unit-1-student-study-guide-key-pdf-integral-calculus-mth-252z-400-u2026.txt,text/00358-mth-252-linked-detail-unit-1-student-study-guide-key-pdf-integral-calculus-mth-252z-400-u2026.fulltext.txt,markdown/00358-mth-252-linked-detail-unit-1-student-study-guide-key-pdf-integral-calculus-mth-252z-400-u2026.md,,metadata/00358-mth-252-linked-detail-unit-1-student-study-guide-key-pdf-integral-calculus-mth-252z-400-u2026.json,b6a08e5cfc16264122e0f6de1c45943ff0d997d2b071447f816f3f129f0c3c1e,1798194333bdb004eea31e7c5b540b6ea8274f855208d3670024256bc13d79d2,2026-07-30T20:39:07.207Z,1,29,3,0,0,0
00359-mth-252-linked-detail-252-lecture-1-3-to-me2-pdf-integral-calculus-mth-252z-400-u2026,2080857,MTH-252,linked_detail,linked_detail,https://canvas.oregonstate.edu/courses/2080857/files/119223594?module_item_id=26982565#,https://canvas.oregonstate.edu/courses/2080857/files/119223594?module_item_id=26982565#,252-Lecture-1.3-to-ME2.pdf: INTEGRAL CALCULUS (MTH_252Z_400_U2026),file,119223594,2,,,raw_html/00359-mth-252-linked-detail-252-lecture-1-3-to-me2-pdf-integral-calculus-mth-252z-400-u2026.html,text/00359-mth-252-linked-detail-252-lecture-1-3-to-me2-pdf-integral-calculus-mth-252z-400-u2026.txt,text/00359-mth-252-linked-detail-252-lecture-1-3-to-me2-pdf-integral-calculus-mth-252z-400-u2026.fulltext.txt,markdown/00359-mth-252-linked-detail-252-lecture-1-3-to-me2-pdf-integral-calculus-mth-252z-400-u2026.md,,metadata/00359-mth-252-linked-detail-252-lecture-1-3-to-me2-pdf-integral-calculus-mth-252z-400-u2026.json,57ec16cbc616a4bb1ac604480149f114029c0b624c85edd2ea125d9ca044b875,f12caf324dcf2101fceca7917452ef796e29799e4eeea1ca1a9b1bc4bad645ab,2026-07-30T20:39:09.205Z,1,31,3,0,0,0
00360-mth-252-linked-detail-pre-class-reading-quiz-1-3-rq-1-3-integral-calculus-mth-252z-400-u2026,2080857,MTH-252,linked_detail,linked_detail,https://canvas.oregonstate.edu/courses/2080857/quizzes/3167655/take?user_id=6660414,https://canvas.oregonstate.edu/courses/2080857/quizzes/3167655/take?user_id=6660414,Pre-Class Reading Quiz - 1.3 (RQ-1.3) : INTEGRAL CALCULUS (MTH_252Z_400_U2026),quiz,3167655,2,,,raw_html/00360-mth-252-linked-detail-pre-class-reading-quiz-1-3-rq-1-3-integral-calculus-mth-252z-400-u2026.html,text/00360-mth-252-linked-detail-pre-class-reading-quiz-1-3-rq-1-3-integral-calculus-mth-252z-400-u2026.txt,text/00360-mth-252-linked-detail-pre-class-reading-quiz-1-3-rq-1-3-integral-calculus-mth-252z-400-u2026.fulltext.txt,markdown/00360-mth-252-linked-detail-pre-class-reading-quiz-1-3-rq-1-3-integral-calculus-mth-252z-400-u2026.md,,metadata/00360-mth-252-linked-detail-pre-class-reading-quiz-1-3-rq-1-3-integral-calculus-mth-252z-400-u2026.json,d5c7be08f2b860f8131825fb64057498db86e0c7704d5c873b41eefd04a8dc76,01f0a3f13f7c1eacc822ada4a65ea13c5e31cdb4d72b898744aca37ab8303809,2026-07-30T20:39:11.707Z,4,42,2,0,0,0
00361-mth-252-linked-detail-pre-class-reading-quiz-1-3-rq-1-3-integral-calculus-mth-252z-400-u2026,2080857,MTH-252,linked_detail,linked_detail,https://canvas.oregonstate.edu/courses/2080857/quizzes/3167655?module_item_id=26982567#,https://canvas.oregonstate.edu/courses/2080857/quizzes/3167655?module_item_id=26982567#,Pre-Class Reading Quiz - 1.3 (RQ-1.3) : INTEGRAL CALCULUS (MTH_252Z_400_U2026),quiz,3167655,2,,,raw_html/00361-mth-252-linked-detail-pre-class-reading-quiz-1-3-rq-1-3-integral-calculus-mth-252z-400-u2026.html,text/00361-mth-252-linked-detail-pre-class-reading-quiz-1-3-rq-1-3-integral-calculus-mth-252z-400-u2026.txt,text/00361-mth-252-linked-detail-pre-class-reading-quiz-1-3-rq-1-3-integral-calculus-mth-252z-400-u2026.fulltext.txt,markdown/00361-mth-252-linked-detail-pre-class-reading-quiz-1-3-rq-1-3-integral-calculus-mth-252z-400-u2026.md,,metadata/00361-mth-252-linked-detail-pre-class-reading-quiz-1-3-rq-1-3-integral-calculus-mth-252z-400-u2026.json,37ef6b6a93b9a673e9038e73bcc7e1a81e80fbe6814fad6dd7e5f7d68e01754c,c4472da6d7ea5657b722695f04b5bc551cbceb7eebe72a87e2a730e09f9567d6,2026-07-30T20:39:14.707Z,4,42,2,0,0,0
00362-mth-252-linked-detail-page-not-found,2080857,MTH-252,linked_detail,linked_detail,https://canvas.oregonstate.edu/courses/2080857/quizzes/3167655/questions/59192527,https://canvas.oregonstate.edu/courses/2080857/quizzes/3167655/questions/59192527,Page Not Found,quiz,3167655,2,,,raw_html/00362-mth-252-linked-detail-page-not-found.html,text/00362-mth-252-linked-detail-page-not-found.txt,text/00362-mth-252-linked-detail-page-not-found.fulltext.txt,markdown/00362-mth-252-linked-detail-page-not-found.md,,metadata/00362-mth-252-linked-detail-page-not-found.json,ae81ca4f737c7b7de9de5b1d6e166199e1264579deda2488de45dd422afe0ba0,1f3cad7f917aec981713b153906f275d6d7a2e253849ec562fee4847f84aa6ab,2026-07-30T20:39:16.903Z,2,22,2,0,0,0
00363-mth-252-linked-detail-page-not-found,2080857,MTH-252,linked_detail,linked_detail,https://canvas.oregonstate.edu/courses/2080857/quizzes/3167655/questions/59192529,https://canvas.oregonstate.edu/courses/2080857/quizzes/3167655/questions/59192529,Page Not Found,quiz,3167655,2,,,raw_html/00363-mth-252-linked-detail-page-not-found.html,text/00363-mth-252-linked-detail-page-not-found.txt,text/00363-mth-252-linked-detail-page-not-found.fulltext.txt,markdown/00363-mth-252-linked-detail-page-not-found.md,,metadata/00363-mth-252-linked-detail-page-not-found.json,15ba1a45ebbead64707bb4d6ea0eaf4ea78b35e52701e17194eaf263bf1d93ed,1f3cad7f917aec981713b153906f275d6d7a2e253849ec562fee4847f84aa6ab,2026-07-30T20:39:19.221Z,2,22,2,0,0,0
00364-mth-252-linked-detail-page-not-found,2080857,MTH-252,linked_detail,linked_detail,https://canvas.oregonstate.edu/courses/2080857/quizzes/3167655/questions/59192530,https://canvas.oregonstate.edu/courses/2080857/quizzes/3167655/questions/59192530,Page Not Found,quiz,3167655,2,,,raw_html/00364-mth-252-linked-detail-page-not-found.html,text/00364-mth-252-linked-detail-page-not-found.txt,text/00364-mth-252-linked-detail-page-not-found.fulltext.txt,markdown/00364-mth-252-linked-detail-page-not-found.md,,metadata/00364-mth-252-linked-detail-page-not-found.json,b16cb7152b55f1c2e6391903d1e2c40c32571cea78c5786ed63d0b0daae7c53f,1f3cad7f917aec981713b153906f275d6d7a2e253849ec562fee4847f84aa6ab,2026-07-30T20:39:21.003Z,2,22,2,0,0,0
00365-mth-252-linked-detail-page-not-found,2080857,MTH-252,linked_detail,linked_detail,https://canvas.oregonstate.edu/courses/2080857/quizzes/3167655/questions/59192528,https://canvas.oregonstate.edu/courses/2080857/quizzes/3167655/questions/59192528,Page Not Found,quiz,3167655,2,,,raw_html/00365-mth-252-linked-detail-page-not-found.html,text/00365-mth-252-linked-detail-page-not-found.txt,text/00365-mth-252-linked-detail-page-not-found.fulltext.txt,markdown/00365-mth-252-linked-detail-page-not-found.md,,metadata/00365-mth-252-linked-detail-page-not-found.json,509cc2d626a5a09b5e80101d51aa75780e311d6e04cfd3c01fb4496b249f843c,1f3cad7f917aec981713b153906f275d6d7a2e253849ec562fee4847f84aa6ab,2026-07-30T20:39:23.854Z,2,22,2,0,0,0
00366-mth-252-linked-detail-whw3-template-1-pdf-integral-calculus-mth-252z-400-u2026,2080857,MTH-252,linked_detail,linked_detail,https://canvas.oregonstate.edu/courses/2080857/files/119223574?wrap=1,https://canvas.oregonstate.edu/courses/2080857/files/119223574?wrap=1,WHW3-Template-1.pdf: INTEGRAL CALCULUS (MTH_252Z_400_U2026),file,119223574,2,,,raw_html/00366-mth-252-linked-detail-whw3-template-1-pdf-integral-calculus-mth-252z-400-u2026.html,text/00366-mth-252-linked-detail-whw3-template-1-pdf-integral-calculus-mth-252z-400-u2026.txt,text/00366-mth-252-linked-detail-whw3-template-1-pdf-integral-calculus-mth-252z-400-u2026.fulltext.txt,markdown/00366-mth-252-linked-detail-whw3-template-1-pdf-integral-calculus-mth-252z-400-u2026.md,,metadata/00366-mth-252-linked-detail-whw3-template-1-pdf-integral-calculus-mth-252z-400-u2026.json,868c972d857f99cf8406dbed1adf57cb5352d2d9c96666d0e5cf4157d0fba44d,807e4db1c7748e2c97c206a33fb15c07170351928ad47653d6ac419cfa0c20df,2026-07-30T20:39:25.935Z,1,29,3,0,0,0
00367-mth-252-linked-detail-module-3-written-homework-whw-3-3-hours,2080857,MTH-252,linked_detail,linked_detail,https://canvas.oregonstate.edu/courses/2080857/assignments/10586056?module_item_id=26982568#,https://canvas.oregonstate.edu/courses/2080857/assignments/10586056?module_item_id=26982568#,Module 3 — Written Homework (WHW 3) 🕓 3 hours,assignment,10586056,2,,,raw_html/00367-mth-252-linked-detail-module-3-written-homework-whw-3-3-hours.html,text/00367-mth-252-linked-detail-module-3-written-homework-whw-3-3-hours.txt,text/00367-mth-252-linked-detail-module-3-written-homework-whw-3-3-hours.fulltext.txt,markdown/00367-mth-252-linked-detail-module-3-written-homework-whw-3-3-hours.md,,metadata/00367-mth-252-linked-detail-module-3-written-homework-whw-3-3-hours.json,26bacd1a5a187600afe6adf660c237e2bf469b8ac38cd3edefd85512b234a269,9ce5dcaf8f3f574cf89a31f55cb241fb46e7efffe2e8e376ecb28941ee1da91d,2026-07-30T20:39:28.807Z,7,67,2,0,0,0
00368-mth-252-linked-detail-achieve-1-3-the-fundamental-theorem-of-calculus,2080857,MTH-252,linked_detail,linked_detail,https://canvas.oregonstate.edu/courses/2080857/assignments/10586027?module_item_id=26982569#,https://canvas.oregonstate.edu/courses/2080857/assignments/10586027?module_item_id=26982569#,Achieve - 1.3 The Fundamental Theorem of Calculus,assignment,10586027,2,,yes,raw_html/00368-mth-252-linked-detail-achieve-1-3-the-fundamental-theorem-of-calculus.html,text/00368-mth-252-linked-detail-achieve-1-3-the-fundamental-theorem-of-calculus.txt,text/00368-mth-252-linked-detail-achieve-1-3-the-fundamental-theorem-of-calculus.fulltext.txt,markdown/00368-mth-252-linked-detail-achieve-1-3-the-fundamental-theorem-of-calculus.md,,metadata/00368-mth-252-linked-detail-achieve-1-3-the-fundamental-theorem-of-calculus.json,c8c27688490252c64ac686e99364ce8d854f75e7b058573a805929c57a95f82c,129f00c7acbc6b42705a135c3f851caf141277254e44867be406c950d7ef756a,2026-07-30T20:39:31.654Z,2,55,2,0,0,0
00369-mth-252-linked-detail-achieve-4-10-antiderivatives,2080857,MTH-252,linked_detail,linked_detail,https://canvas.oregonstate.edu/courses/2080857/assignments/10586042?module_item_id=26982570#,https://canvas.oregonstate.edu/courses/2080857/assignments/10586042?module_item_id=26982570#,Achieve - 4.10 Antiderivatives,assignment,10586042,2,,yes,raw_html/00369-mth-252-linked-detail-achieve-4-10-antiderivatives.html,text/00369-mth-252-linked-detail-achieve-4-10-antiderivatives.txt,text/00369-mth-252-linked-detail-achieve-4-10-antiderivatives.fulltext.txt,markdown/00369-mth-252-linked-detail-achieve-4-10-antiderivatives.md,,metadata/00369-mth-252-linked-detail-achieve-4-10-antiderivatives.json,cf96b5a164d0cbf6e3113e6dc8d8c622dbfca8dd6c1f790cde34d517753a3575,39ef4bdbbcb0912ce0445bc5734fbf58ce091bd7d206ff3276fabbafb49a0ec3,2026-07-30T20:39:34.758Z,2,55,2,0,0,0
00370-mth-252-linked-detail-page-not-found,2080857,MTH-252,linked_detail,linked_detail,https://canvas.oregonstate.edu/courses/2080857/pages/$CANVAS_COURSE_REFERENCE$/file_ref/ge30297b0748bf4487a1dfbfc596dcc93?wrap=1,https://canvas.oregonstate.edu/courses/2080857/pages/$CANVAS_COURSE_REFERENCE$/file_ref/ge30297b0748bf4487a1dfbfc596dcc93?wrap=1,Page Not Found,page,$CANVAS_COURSE_REFERENCE$,2,,,raw_html/00370-mth-252-linked-detail-page-not-found.html,text/00370-mth-252-linked-detail-page-not-found.txt,text/00370-mth-252-linked-detail-page-not-found.fulltext.txt,markdown/00370-mth-252-linked-detail-page-not-found.md,,metadata/00370-mth-252-linked-detail-page-not-found.json,206f19f28412a8df9b3dc1a9d7a246d69342866c17dac7a68b4e40c6814635c1,1f3cad7f917aec981713b153906f275d6d7a2e253849ec562fee4847f84aa6ab,2026-07-30T20:39:36.504Z,2,13,2,0,0,0
00371-mth-252-linked-detail-page-not-found,2080857,MTH-252,linked_detail,linked_detail,https://canvas.oregonstate.edu/courses/2080857/pages/$CANVAS_COURSE_REFERENCE$/file_ref/gc3c6b79863a061929a4071806eda7241?wrap=1,https://canvas.oregonstate.edu/courses/2080857/pages/$CANVAS_COURSE_REFERENCE$/file_ref/gc3c6b79863a061929a4071806eda7241?wrap=1,Page Not Found,page,$CANVAS_COURSE_REFERENCE$,2,,,raw_html/00371-mth-252-linked-detail-page-not-found.html,text/00371-mth-252-linked-detail-page-not-found.txt,text/00371-mth-252-linked-detail-page-not-found.fulltext.txt,markdown/00371-mth-252-linked-detail-page-not-found.md,,metadata/00371-mth-252-linked-detail-page-not-found.json,cc1931a8a716c15b2b0c524f7e19ce6f43c3c8aa841112dac8a34b918a997182,1f3cad7f917aec981713b153906f275d6d7a2e253849ec562fee4847f84aa6ab,2026-07-30T20:39:38.950Z,2,13,2,0,0,0
00372-mth-252-linked-detail-page-not-found,2080857,MTH-252,linked_detail,linked_detail,https://canvas.oregonstate.edu/courses/2080857/pages/$CANVAS_COURSE_REFERENCE$/file_ref/g9ca04ab1991259a305542a037d6078d1?wrap=1,https://canvas.oregonstate.edu/courses/2080857/pages/$CANVAS_COURSE_REFERENCE$/file_ref/g9ca04ab1991259a305542a037d6078d1?wrap=1,Page Not Found,page,$CANVAS_COURSE_REFERENCE$,2,,,raw_html/00372-mth-252-linked-detail-page-not-found.html,text/00372-mth-252-linked-detail-page-not-found.txt,text/00372-mth-252-linked-detail-page-not-found.fulltext.txt,markdown/00372-mth-252-linked-detail-page-not-found.md,,metadata/00372-mth-252-linked-detail-page-not-found.json,155c6ba983f6f89500577212829b7a6876777ec292a3166add61d951f7fd6582,1f3cad7f917aec981713b153906f275d6d7a2e253849ec562fee4847f84aa6ab,2026-07-30T20:39:40.561Z,2,13,2,0,0,0
00373-mth-252-linked-detail-252-lecture-1-3-to-me2-pdf-integral-calculus-mth-252z-400-u2026,2080857,MTH-252,linked_detail,linked_detail,https://canvas.oregonstate.edu/courses/2080857/files/119223594?module_item_id=26982574#,https://canvas.oregonstate.edu/courses/2080857/files/119223594?module_item_id=26982574#,252-Lecture-1.3-to-ME2.pdf: INTEGRAL CALCULUS (MTH_252Z_400_U2026),file,119223594,2,,,raw_html/00373-mth-252-linked-detail-252-lecture-1-3-to-me2-pdf-integral-calculus-mth-252z-400-u2026.html,text/00373-mth-252-linked-detail-252-lecture-1-3-to-me2-pdf-integral-calculus-mth-252z-400-u2026.txt,text/00373-mth-252-linked-detail-252-lecture-1-3-to-me2-pdf-integral-calculus-mth-252z-400-u2026.fulltext.txt,markdown/00373-mth-252-linked-detail-252-lecture-1-3-to-me2-pdf-integral-calculus-mth-252z-400-u2026.md,,metadata/00373-mth-252-linked-detail-252-lecture-1-3-to-me2-pdf-integral-calculus-mth-252z-400-u2026.json,25b90aa06583e521614157f922408b8a7ecf63c3d32a9d8a5e3e1d8da317389e,f12caf324dcf2101fceca7917452ef796e29799e4eeea1ca1a9b1bc4bad645ab,2026-07-30T20:39:42.803Z,1,31,3,0,0,0
00374-mth-252-linked-detail-page-not-found,2080857,MTH-252,linked_detail,linked_detail,https://canvas.oregonstate.edu/courses/2080857/pages/$CANVAS_COURSE_REFERENCE$/file_ref/g72fb62dff13c8560e7cb15fedd970fa1?wrap=1,https://canvas.oregonstate.edu/courses/2080857/pages/$CANVAS_COURSE_REFERENCE$/file_ref/g72fb62dff13c8560e7cb15fedd970fa1?wrap=1,Page Not Found,page,$CANVAS_COURSE_REFERENCE$,2,,,raw_html/00374-mth-252-linked-detail-page-not-found.html,text/00374-mth-252-linked-detail-page-not-found.txt,text/00374-mth-252-linked-detail-page-not-found.fulltext.txt,markdown/00374-mth-252-linked-detail-page-not-found.md,,metadata/00374-mth-252-linked-detail-page-not-found.json,2563da7a532f8e595ae5f8b42a5bd034202b7981d22a95571293beafa171eb5c,1f3cad7f917aec981713b153906f275d6d7a2e253849ec562fee4847f84aa6ab,2026-07-30T20:39:44.901Z,2,13,2,0,0,0
00375-mth-252-linked-detail-page-not-found,2080857,MTH-252,linked_detail,linked_detail,https://canvas.oregonstate.edu/courses/2080857/pages/$CANVAS_COURSE_REFERENCE$/file_ref/gcbd244ca3d9728ab5a8e3e8c51d198af?wrap=1,https://canvas.oregonstate.edu/courses/2080857/pages/$CANVAS_COURSE_REFERENCE$/file_ref/gcbd244ca3d9728ab5a8e3e8c51d198af?wrap=1,Page Not Found,page,$CANVAS_COURSE_REFERENCE$,2,,,raw_html/00375-mth-252-linked-detail-page-not-found.html,text/00375-mth-252-linked-detail-page-not-found.txt,text/00375-mth-252-linked-detail-page-not-found.fulltext.txt,markdown/00375-mth-252-linked-detail-page-not-found.md,,metadata/00375-mth-252-linked-detail-page-not-found.json,e785ab1590f167597201632a9ebb1ddf04e46ef1e01a5d963444f8ca35050731,1f3cad7f917aec981713b153906f275d6d7a2e253849ec562fee4847f84aa6ab,2026-07-30T20:39:47.203Z,2,13,2,0,0,0
00376-mth-252-linked-detail-page-not-found,2080857,MTH-252,linked_detail,linked_detail,https://canvas.oregonstate.edu/courses/2080857/pages/$CANVAS_COURSE_REFERENCE$/file_ref/g66dcdc4ebd748c4dc8842ee327f101ba?wrap=1,https://canvas.oregonstate.edu/courses/2080857/pages/$CANVAS_COURSE_REFERENCE$/file_ref/g66dcdc4ebd748c4dc8842ee327f101ba?wrap=1,Page Not Found,page,$CANVAS_COURSE_REFERENCE$,2,,,raw_html/00376-mth-252-linked-detail-page-not-found.html,text/00376-mth-252-linked-detail-page-not-found.txt,text/00376-mth-252-linked-detail-page-not-found.fulltext.txt,markdown/00376-mth-252-linked-detail-page-not-found.md,,metadata/00376-mth-252-linked-detail-page-not-found.json,ce0cb06eef2271e69c3fabfb8753340de6d6a37f1e186feda2bb89dce779b7ad,1f3cad7f917aec981713b153906f275d6d7a2e253849ec562fee4847f84aa6ab,2026-07-30T20:39:49.202Z,2,13,2,0,0,0
00377-mth-252-linked-detail-rq-1-4-integral-calculus-mth-252z-400-u2026,2080857,MTH-252,linked_detail,linked_detail,https://canvas.oregonstate.edu/courses/2080857/quizzes/3167664/take?user_id=6660414,https://canvas.oregonstate.edu/courses/2080857/quizzes/3167664/take?user_id=6660414,RQ-1.4 : INTEGRAL CALCULUS (MTH_252Z_400_U2026),quiz,3167664,2,,,raw_html/00377-mth-252-linked-detail-rq-1-4-integral-calculus-mth-252z-400-u2026.html,text/00377-mth-252-linked-detail-rq-1-4-integral-calculus-mth-252z-400-u2026.txt,text/00377-mth-252-linked-detail-rq-1-4-integral-calculus-mth-252z-400-u2026.fulltext.txt,markdown/00377-mth-252-linked-detail-rq-1-4-integral-calculus-mth-252z-400-u2026.md,,metadata/00377-mth-252-linked-detail-rq-1-4-integral-calculus-mth-252z-400-u2026.json,d65e5f74f158d9538b58cf49bb8d80d6c4e6c8a6e1a5a77b5fa7412e192be6af,2e2aa0e8923181329538a5fa6fdc8ecbb912ad7383bf33d3dc54cdf77f0aa712,2026-07-30T20:39:51.354Z,5,30,2,0,0,0
00378-mth-252-linked-detail-rq-1-5-integral-calculus-mth-252z-400-u2026,2080857,MTH-252,linked_detail,linked_detail,https://canvas.oregonstate.edu/courses/2080857/quizzes/3167662/take?user_id=6660414,https://canvas.oregonstate.edu/courses/2080857/quizzes/3167662/take?user_id=6660414,RQ-1.5: INTEGRAL CALCULUS (MTH_252Z_400_U2026),quiz,3167662,2,,,raw_html/00378-mth-252-linked-detail-rq-1-5-integral-calculus-mth-252z-400-u2026.html,text/00378-mth-252-linked-detail-rq-1-5-integral-calculus-mth-252z-400-u2026.txt,text/00378-mth-252-linked-detail-rq-1-5-integral-calculus-mth-252z-400-u2026.fulltext.txt,markdown/00378-mth-252-linked-detail-rq-1-5-integral-calculus-mth-252z-400-u2026.md,,metadata/00378-mth-252-linked-detail-rq-1-5-integral-calculus-mth-252z-400-u2026.json,f8ac7bce0e0bc127775d062fb9d38a12ecd9f601215dda6e4f4246d271c9b94f,cb41c95bc2a06b51a28c5808fb7fd225eaa18e94b391c1c3cda929e96dd28d8c,2026-07-30T20:39:53.808Z,4,42,2,0,0,0
00379-mth-252-linked-detail-jacob-peterson-s-quiz-history-rq-1-5,2080857,MTH-252,linked_detail,linked_detail,https://canvas.oregonstate.edu/courses/2080857/quizzes/3167662/history?version=1,https://canvas.oregonstate.edu/courses/2080857/quizzes/3167662/history?version=1,Jacob Peterson's Quiz History: RQ-1.5,quiz,3167662,2,,,raw_html/00379-mth-252-linked-detail-jacob-peterson-s-quiz-history-rq-1-5.html,text/00379-mth-252-linked-detail-jacob-peterson-s-quiz-history-rq-1-5.txt,text/00379-mth-252-linked-detail-jacob-peterson-s-quiz-history-rq-1-5.fulltext.txt,markdown/00379-mth-252-linked-detail-jacob-peterson-s-quiz-history-rq-1-5.md,,metadata/00379-mth-252-linked-detail-jacob-peterson-s-quiz-history-rq-1-5.json,8f627f79614dcbae240ba38b586af9545f8beb8d4a37dacf193a688c7c581b2e,2f6196e7ed859d05b1f2a04baac5195c09b2a03fac27d3127a46e79aff030ed7,2026-07-30T20:39:56.013Z,1,41,2,0,0,0
00380-mth-252-linked-detail-rq-1-5-integral-calculus-mth-252z-400-u2026,2080857,MTH-252,linked_detail,linked_detail,https://canvas.oregonstate.edu/courses/2080857/quizzes/3167662?module_item_id=26982578#,https://canvas.oregonstate.edu/courses/2080857/quizzes/3167662?module_item_id=26982578#,RQ-1.5: INTEGRAL CALCULUS (MTH_252Z_400_U2026),quiz,3167662,2,,,raw_html/00380-mth-252-linked-detail-rq-1-5-integral-calculus-mth-252z-400-u2026.html,text/00380-mth-252-linked-detail-rq-1-5-integral-calculus-mth-252z-400-u2026.txt,text/00380-mth-252-linked-detail-rq-1-5-integral-calculus-mth-252z-400-u2026.fulltext.txt,markdown/00380-mth-252-linked-detail-rq-1-5-integral-calculus-mth-252z-400-u2026.md,,metadata/00380-mth-252-linked-detail-rq-1-5-integral-calculus-mth-252z-400-u2026.json,a5e5ff12584e4ba0430ac3dcc7fc2ccd5bb0c13d66f5acac9722da6ccfe7cac8,1e1ee426bca74ead8150f8e5becdfae038a29f3264839175a52ebcf049a8e37d,2026-07-30T20:39:58.467Z,5,45,2,0,0,0
00381-mth-252-linked-detail-page-not-found,2080857,MTH-252,linked_detail,linked_detail,https://canvas.oregonstate.edu/courses/2080857/quizzes/3167662/questions/59201281,https://canvas.oregonstate.edu/courses/2080857/quizzes/3167662/questions/59201281,Page Not Found,quiz,3167662,2,,,raw_html/00381-mth-252-linked-detail-page-not-found.html,text/00381-mth-252-linked-detail-page-not-found.txt,text/00381-mth-252-linked-detail-page-not-found.fulltext.txt,markdown/00381-mth-252-linked-detail-page-not-found.md,,metadata/00381-mth-252-linked-detail-page-not-found.json,353e9b9331bffa641a1e545336761ef338adeb7a72647f8ee7c1ec575b2ce504,1f3cad7f917aec981713b153906f275d6d7a2e253849ec562fee4847f84aa6ab,2026-07-30T20:40:00.505Z,2,22,2,0,0,0
00382-mth-252-linked-detail-page-not-found,2080857,MTH-252,linked_detail,linked_detail,https://canvas.oregonstate.edu/courses/2080857/quizzes/3167662/questions/59201282,https://canvas.oregonstate.edu/courses/2080857/quizzes/3167662/questions/59201282,Page Not Found,quiz,3167662,2,,,raw_html/00382-mth-252-linked-detail-page-not-found.html,text/00382-mth-252-linked-detail-page-not-found.txt,text/00382-mth-252-linked-detail-page-not-found.fulltext.txt,markdown/00382-mth-252-linked-detail-page-not-found.md,,metadata/00382-mth-252-linked-detail-page-not-found.json,69b4d399a0bc37528f958cd4e5910ca09d00b838a681feb20da2756acf83b79d,1f3cad7f917aec981713b153906f275d6d7a2e253849ec562fee4847f84aa6ab,2026-07-30T20:40:02.305Z,2,22,2,0,0,0
00383-mth-252-linked-detail-page-not-found,2080857,MTH-252,linked_detail,linked_detail,https://canvas.oregonstate.edu/courses/2080857/quizzes/3167662/questions/59201283,https://canvas.oregonstate.edu/courses/2080857/quizzes/3167662/questions/59201283,Page Not Found,quiz,3167662,2,,,raw_html/00383-mth-252-linked-detail-page-not-found.html,text/00383-mth-252-linked-detail-page-not-found.txt,text/00383-mth-252-linked-detail-page-not-found.fulltext.txt,markdown/00383-mth-252-linked-detail-page-not-found.md,,metadata/00383-mth-252-linked-detail-page-not-found.json,15774f644def91017679b33fb2e9f4c5dd305cf6ef2f37f9d1a94625ec1ae334,1f3cad7f917aec981713b153906f275d6d7a2e253849ec562fee4847f84aa6ab,2026-07-30T20:40:04.206Z,2,22,2,0,0,0
00384-mth-252-linked-detail-page-not-found,2080857,MTH-252,linked_detail,linked_detail,https://canvas.oregonstate.edu/courses/2080857/quizzes/3167662/questions/59201284,https://canvas.oregonstate.edu/courses/2080857/quizzes/3167662/questions/59201284,Page Not Found,quiz,3167662,2,,,raw_html/00384-mth-252-linked-detail-page-not-found.html,text/00384-mth-252-linked-detail-page-not-found.txt,text/00384-mth-252-linked-detail-page-not-found.fulltext.txt,markdown/00384-mth-252-linked-detail-page-not-found.md,,metadata/00384-mth-252-linked-detail-page-not-found.json,4295aaf7ca6abbf14d1bdbaf2a85b3bcbd9463897b7e200fe300cff2e454db95,1f3cad7f917aec981713b153906f275d6d7a2e253849ec562fee4847f84aa6ab,2026-07-30T20:40:06.252Z,2,22,2,0,0,0
00385-mth-252-linked-detail-rq-1-6-integral-calculus-mth-252z-400-u2026,2080857,MTH-252,linked_detail,linked_detail,https://canvas.oregonstate.edu/courses/2080857/quizzes/3167654/take?user_id=6660414,https://canvas.oregonstate.edu/courses/2080857/quizzes/3167654/take?user_id=6660414,RQ-1.6 : INTEGRAL CALCULUS (MTH_252Z_400_U2026),quiz,3167654,2,,,raw_html/00385-mth-252-linked-detail-rq-1-6-integral-calculus-mth-252z-400-u2026.html,text/00385-mth-252-linked-detail-rq-1-6-integral-calculus-mth-252z-400-u2026.txt,text/00385-mth-252-linked-detail-rq-1-6-integral-calculus-mth-252z-400-u2026.fulltext.txt,markdown/00385-mth-252-linked-detail-rq-1-6-integral-calculus-mth-252z-400-u2026.md,,metadata/00385-mth-252-linked-detail-rq-1-6-integral-calculus-mth-252z-400-u2026.json,dae33f520ddbad98a6307d7a60b8ee02cb77dc0c27b171813d41f21b447a9d92,d8f2259242cddedf6fb3a6f1eb90cde3ad5b652c3de19eaedba6dd727935d55c,2026-07-30T20:40:08.959Z,4,42,2,0,0,0
00386-mth-252-linked-detail-jacob-peterson-s-quiz-history-rq-1-6,2080857,MTH-252,linked_detail,linked_detail,https://canvas.oregonstate.edu/courses/2080857/quizzes/3167654/history?version=1,https://canvas.oregonstate.edu/courses/2080857/quizzes/3167654/history?version=1,Jacob Peterson's Quiz History: RQ-1.6,quiz,3167654,2,,,raw_html/00386-mth-252-linked-detail-jacob-peterson-s-quiz-history-rq-1-6.html,text/00386-mth-252-linked-detail-jacob-peterson-s-quiz-history-rq-1-6.txt,text/00386-mth-252-linked-detail-jacob-peterson-s-quiz-history-rq-1-6.fulltext.txt,markdown/00386-mth-252-linked-detail-jacob-peterson-s-quiz-history-rq-1-6.md,,metadata/00386-mth-252-linked-detail-jacob-peterson-s-quiz-history-rq-1-6.json,1c9f9d64b9617ef8a9bfc7d5a84e5e46abfe608db5f205da084742d0b2c43fe1,34daa7b82667c8377f02bcc0d119ae58754db3d24ebf5c1cf6f182e7758f9d13,2026-07-30T20:40:11.808Z,1,41,2,0,0,0
00387-mth-252-linked-detail-rq-1-6-integral-calculus-mth-252z-400-u2026,2080857,MTH-252,linked_detail,linked_detail,https://canvas.oregonstate.edu/courses/2080857/quizzes/3167654?module_item_id=26982579#,https://canvas.oregonstate.edu/courses/2080857/quizzes/3167654?module_item_id=26982579#,RQ-1.6 : INTEGRAL CALCULUS (MTH_252Z_400_U2026),quiz,3167654,2,,,raw_html/00387-mth-252-linked-detail-rq-1-6-integral-calculus-mth-252z-400-u2026.html,text/00387-mth-252-linked-detail-rq-1-6-integral-calculus-mth-252z-400-u2026.txt,text/00387-mth-252-linked-detail-rq-1-6-integral-calculus-mth-252z-400-u2026.fulltext.txt,markdown/00387-mth-252-linked-detail-rq-1-6-integral-calculus-mth-252z-400-u2026.md,,metadata/00387-mth-252-linked-detail-rq-1-6-integral-calculus-mth-252z-400-u2026.json,9feb10414bb6058a17f87ec7c38c2cebc512cf79e37398eb61620619c019b9c0,c68ef64c030bb3de45b180ab848d3b5d51f212404312baa2051813989a23fa1c,2026-07-30T20:40:14.556Z,5,45,2,0,0,0
00388-mth-252-linked-detail-page-not-found,2080857,MTH-252,linked_detail,linked_detail,https://canvas.oregonstate.edu/courses/2080857/quizzes/3167654/questions/59201287,https://canvas.oregonstate.edu/courses/2080857/quizzes/3167654/questions/59201287,Page Not Found,quiz,3167654,2,,,raw_html/00388-mth-252-linked-detail-page-not-found.html,text/00388-mth-252-linked-detail-page-not-found.txt,text/00388-mth-252-linked-detail-page-not-found.fulltext.txt,markdown/00388-mth-252-linked-detail-page-not-found.md,,metadata/00388-mth-252-linked-detail-page-not-found.json,2b59db1a379db4ab1f3d27d020f051fd8e1cb89e4e532ed87a6757654f3791d8,1f3cad7f917aec981713b153906f275d6d7a2e253849ec562fee4847f84aa6ab,2026-07-30T20:40:16.654Z,2,22,2,0,0,0
00389-mth-252-linked-detail-page-not-found,2080857,MTH-252,linked_detail,linked_detail,https://canvas.oregonstate.edu/courses/2080857/quizzes/3167654/questions/59201285,https://canvas.oregonstate.edu/courses/2080857/quizzes/3167654/questions/59201285,Page Not Found,quiz,3167654,2,,,raw_html/00389-mth-252-linked-detail-page-not-found.html,text/00389-mth-252-linked-detail-page-not-found.txt,text/00389-mth-252-linked-detail-page-not-found.fulltext.txt,markdown/00389-mth-252-linked-detail-page-not-found.md,,metadata/00389-mth-252-linked-detail-page-not-found.json,29b394d41b1527e3ebc9388c4ebc27c96318f4fdec5af110f7e77fe49d3fb825,1f3cad7f917aec981713b153906f275d6d7a2e253849ec562fee4847f84aa6ab,2026-07-30T20:40:18.940Z,2,22,2,0,0,0
00390-mth-252-linked-detail-page-not-found,2080857,MTH-252,linked_detail,linked_detail,https://canvas.oregonstate.edu/courses/2080857/quizzes/3167654/questions/59201288,https://canvas.oregonstate.edu/courses/2080857/quizzes/3167654/questions/59201288,Page Not Found,quiz,3167654,2,,,raw_html/00390-mth-252-linked-detail-page-not-found.html,text/00390-mth-252-linked-detail-page-not-found.txt,text/00390-mth-252-linked-detail-page-not-found.fulltext.txt,markdown/00390-mth-252-linked-detail-page-not-found.md,,metadata/00390-mth-252-linked-detail-page-not-found.json,5e70673d6038c950961647fd5e890c4957233c651f8035ac9dca3db1d58b8862,1f3cad7f917aec981713b153906f275d6d7a2e253849ec562fee4847f84aa6ab,2026-07-30T20:40:21.006Z,2,22,2,0,0,0
00391-mth-252-linked-detail-page-not-found,2080857,MTH-252,linked_detail,linked_detail,https://canvas.oregonstate.edu/courses/2080857/quizzes/3167654/questions/59201286,https://canvas.oregonstate.edu/courses/2080857/quizzes/3167654/questions/59201286,Page Not Found,quiz,3167654,2,,,raw_html/00391-mth-252-linked-detail-page-not-found.html,text/00391-mth-252-linked-detail-page-not-found.txt,text/00391-mth-252-linked-detail-page-not-found.fulltext.txt,markdown/00391-mth-252-linked-detail-page-not-found.md,,metadata/00391-mth-252-linked-detail-page-not-found.json,4279d57c23635e293ea877470d007f61a6fa45dfd838507c980bace4285a4122,1f3cad7f917aec981713b153906f275d6d7a2e253849ec562fee4847f84aa6ab,2026-07-30T20:40:22.803Z,2,22,2,0,0,0
00392-mth-252-linked-detail-whw4-template-1-pdf-integral-calculus-mth-252z-400-u2026,2080857,MTH-252,linked_detail,linked_detail,https://canvas.oregonstate.edu/courses/2080857/files/119223566?wrap=1,https://canvas.oregonstate.edu/courses/2080857/files/119223566?wrap=1,WHW4-Template-1.pdf: INTEGRAL CALCULUS (MTH_252Z_400_U2026),file,119223566,2,,,raw_html/00392-mth-252-linked-detail-whw4-template-1-pdf-integral-calculus-mth-252z-400-u2026.html,text/00392-mth-252-linked-detail-whw4-template-1-pdf-integral-calculus-mth-252z-400-u2026.txt,text/00392-mth-252-linked-detail-whw4-template-1-pdf-integral-calculus-mth-252z-400-u2026.fulltext.txt,markdown/00392-mth-252-linked-detail-whw4-template-1-pdf-integral-calculus-mth-252z-400-u2026.md,,metadata/00392-mth-252-linked-detail-whw4-template-1-pdf-integral-calculus-mth-252z-400-u2026.json,8841cdf071b68d96d2d8c65e0b40cfffe1b1660e62a7e7ff1b3b576a8e59a79b,009ff833243dac1a086ef50ac67ce7becae33191b72b687a4a4a8a5b5247f82a,2026-07-30T20:40:25.055Z,1,29,3,0,0,0
00393-mth-252-linked-detail-whw4-template-pdf-integral-calculus-mth-252z-400-u2026,2080857,MTH-252,linked_detail,linked_detail,https://canvas.oregonstate.edu/courses/2080857/files/119223525?wrap=1,https://canvas.oregonstate.edu/courses/2080857/files/119223525?wrap=1,WHW4-Template.pdf: INTEGRAL CALCULUS (MTH_252Z_400_U2026),file,119223525,2,,,raw_html/00393-mth-252-linked-detail-whw4-template-pdf-integral-calculus-mth-252z-400-u2026.html,text/00393-mth-252-linked-detail-whw4-template-pdf-integral-calculus-mth-252z-400-u2026.txt,text/00393-mth-252-linked-detail-whw4-template-pdf-integral-calculus-mth-252z-400-u2026.fulltext.txt,markdown/00393-mth-252-linked-detail-whw4-template-pdf-integral-calculus-mth-252z-400-u2026.md,,metadata/00393-mth-252-linked-detail-whw4-template-pdf-integral-calculus-mth-252z-400-u2026.json,db3c11c0a10fee35b0f625328bb469797bc4f1690bf7f539ddb594d79913fbc1,1757e8aa35b3f6b7797267905df1bb34bae5126863b6544d41df6c0c112feb1c,2026-07-30T20:40:27.109Z,1,29,3,0,0,0
00394-mth-252-linked-detail-module-4-written-homework-whw-4-3-hours,2080857,MTH-252,linked_detail,linked_detail,https://canvas.oregonstate.edu/courses/2080857/assignments/10586057?module_item_id=26982580#,https://canvas.oregonstate.edu/courses/2080857/assignments/10586057?module_item_id=26982580#,Module 4 — Written Homework (WHW 4) 🕓 3 hours,assignment,10586057,2,,,raw_html/00394-mth-252-linked-detail-module-4-written-homework-whw-4-3-hours.html,text/00394-mth-252-linked-detail-module-4-written-homework-whw-4-3-hours.txt,text/00394-mth-252-linked-detail-module-4-written-homework-whw-4-3-hours.fulltext.txt,markdown/00394-mth-252-linked-detail-module-4-written-homework-whw-4-3-hours.md,,metadata/00394-mth-252-linked-detail-module-4-written-homework-whw-4-3-hours.json,eae2bbe2ceb8962f5ef2aa41b7c21a60ff5d0b1843d5a2eeebd5572f747b946f,9d6a17c7fb999f7794d68f435d8f3228d6a62dd5c30459a785dfa6ff99814cef,2026-07-30T20:40:30.075Z,8,151,2,0,0,0
00395-mth-252-linked-detail-achieve-1-4-integration-formulas-and-the-net-change-theorem,2080857,MTH-252,linked_detail,linked_detail,https://canvas.oregonstate.edu/courses/2080857/assignments/10586028?module_item_id=26982581#,https://canvas.oregonstate.edu/courses/2080857/assignments/10586028?module_item_id=26982581#,Achieve - 1.4 Integration Formulas and the Net Change Theorem,assignment,10586028,2,,yes,raw_html/00395-mth-252-linked-detail-achieve-1-4-integration-formulas-and-the-net-change-theorem.html,text/00395-mth-252-linked-detail-achieve-1-4-integration-formulas-and-the-net-change-theorem.txt,text/00395-mth-252-linked-detail-achieve-1-4-integration-formulas-and-the-net-change-theorem.fulltext.txt,markdown/00395-mth-252-linked-detail-achieve-1-4-integration-formulas-and-the-net-change-theorem.md,,metadata/00395-mth-252-linked-detail-achieve-1-4-integration-formulas-and-the-net-change-theorem.json,6048c7e9c37a39dd94085ee1398707d8c25542d95e53aa410a55af578b3eb8ac,9f79cf709254ea9e1ac31d3de88f31eb0ca5a8896b2285f09349cfa856b7bf30,2026-07-30T20:40:33.426Z,2,55,2,0,0,0
00396-mth-252-linked-detail-achieve-1-5-substitution,2080857,MTH-252,linked_detail,linked_detail,https://canvas.oregonstate.edu/courses/2080857/assignments/10586029?module_item_id=26982582#,https://canvas.oregonstate.edu/courses/2080857/assignments/10586029?module_item_id=26982582#,Achieve - 1.5 Substitution,assignment,10586029,2,,yes,raw_html/00396-mth-252-linked-detail-achieve-1-5-substitution.html,text/00396-mth-252-linked-detail-achieve-1-5-substitution.txt,text/00396-mth-252-linked-detail-achieve-1-5-substitution.fulltext.txt,markdown/00396-mth-252-linked-detail-achieve-1-5-substitution.md,,metadata/00396-mth-252-linked-detail-achieve-1-5-substitution.json,e42552370cbeff43f225976582d1de9aaa6191611387d70d75ff92b5e8e9236f,1a1e1707bc10113bb8f98102473445ff1ec6e589dbe70694cf098cbdc4df169e,2026-07-30T20:40:36.861Z,2,55,2,0,0,0
00397-mth-252-linked-detail-achieve-1-6-integrals-involving-exponential-and-logarithmic-functions,2080857,MTH-252,linked_detail,linked_detail,https://canvas.oregonstate.edu/courses/2080857/assignments/10586030?module_item_id=26982583#,https://canvas.oregonstate.edu/courses/2080857/assignments/10586030?module_item_id=26982583#,Achieve - 1.6 Integrals Involving Exponential and Logarithmic Functions,assignment,10586030,2,,yes,raw_html/00397-mth-252-linked-detail-achieve-1-6-integrals-involving-exponential-and-logarithmic-functions.html,text/00397-mth-252-linked-detail-achieve-1-6-integrals-involving-exponential-and-logarithmic-functions.txt,text/00397-mth-252-linked-detail-achieve-1-6-integrals-involving-exponential-and-logarithmic-functions.fulltext.txt,markdown/00397-mth-252-linked-detail-achieve-1-6-integrals-involving-exponential-and-logarithmic-functions.md,,metadata/00397-mth-252-linked-detail-achieve-1-6-integrals-involving-exponential-and-logarithmic-functions.json,909524ee8a8b108aab7f46aac1e52eb0f45406e2474ab3eacfdc8c11de4bf12f,d7a1e3867387d04978572407aeca7d993a092d80de3d873b3d8a06732b3cba82,2026-07-30T20:40:39.457Z,2,55,2,0,0,0
00398-mth-252-linked-detail-me2-u26-template-pdf-integral-calculus-mth-252z-400-u2026,2080857,MTH-252,linked_detail,linked_detail,https://canvas.oregonstate.edu/courses/2080857/files/119484225?wrap=1,https://canvas.oregonstate.edu/courses/2080857/files/119484225?wrap=1,ME2-U26-Template.pdf: INTEGRAL CALCULUS (MTH_252Z_400_U2026),file,119484225,2,,,raw_html/00398-mth-252-linked-detail-me2-u26-template-pdf-integral-calculus-mth-252z-400-u2026.html,text/00398-mth-252-linked-detail-me2-u26-template-pdf-integral-calculus-mth-252z-400-u2026.txt,text/00398-mth-252-linked-detail-me2-u26-template-pdf-integral-calculus-mth-252z-400-u2026.fulltext.txt,markdown/00398-mth-252-linked-detail-me2-u26-template-pdf-integral-calculus-mth-252z-400-u2026.md,,metadata/00398-mth-252-linked-detail-me2-u26-template-pdf-integral-calculus-mth-252z-400-u2026.json,8e4fae38b28e945b40ec559b0fb9c8dd93c1a5bed6d6a5780393e08af7cc9da7,478a50544a64fe8deecc92830818919bd6181020fd1d16b4b71a2eae89b418d6,2026-07-30T20:40:41.608Z,1,29,3,0,0,0
00399-mth-252-linked-detail-mini-exam-2-no-calculators-no-gradescope-app-for-this,2080857,MTH-252,linked_detail,linked_detail,https://canvas.oregonstate.edu/courses/2080857/assignments/10586048?module_item_id=26982585#,https://canvas.oregonstate.edu/courses/2080857/assignments/10586048?module_item_id=26982585#,Mini-Exam 2 --> No Calculators --> NO Gradescope App for this!,assignment,10586048,2,,yes,raw_html/00399-mth-252-linked-detail-mini-exam-2-no-calculators-no-gradescope-app-for-this.html,text/00399-mth-252-linked-detail-mini-exam-2-no-calculators-no-gradescope-app-for-this.txt,text/00399-mth-252-linked-detail-mini-exam-2-no-calculators-no-gradescope-app-for-this.fulltext.txt,markdown/00399-mth-252-linked-detail-mini-exam-2-no-calculators-no-gradescope-app-for-this.md,,metadata/00399-mth-252-linked-detail-mini-exam-2-no-calculators-no-gradescope-app-for-this.json,922fe2df31ad38fc5a59da9371d4f4483c1139462906494bb780b60544c4ffa5,7229985f19c51c38893f5bdc9692af18604fdead1861ac4de507fb2d0186708b,2026-07-30T20:40:44.014Z,10,85,2,0,0,0
00400-mth-252-linked-detail-me2-u26-template-1-pdf-integral-calculus-mth-252z-400-u2026,2080857,MTH-252,linked_detail,linked_detail,https://canvas.oregonstate.edu/courses/2080857/files/119484227?wrap=1,https://canvas.oregonstate.edu/courses/2080857/files/119484227?wrap=1,ME2-U26-Template-1.pdf: INTEGRAL CALCULUS (MTH_252Z_400_U2026),file,119484227,2,,,raw_html/00400-mth-252-linked-detail-me2-u26-template-1-pdf-integral-calculus-mth-252z-400-u2026.html,text/00400-mth-252-linked-detail-me2-u26-template-1-pdf-integral-calculus-mth-252z-400-u2026.txt,text/00400-mth-252-linked-detail-me2-u26-template-1-pdf-integral-calculus-mth-252z-400-u2026.fulltext.txt,markdown/00400-mth-252-linked-detail-me2-u26-template-1-pdf-integral-calculus-mth-252z-400-u2026.md,,metadata/00400-mth-252-linked-detail-me2-u26-template-1-pdf-integral-calculus-mth-252z-400-u2026.json,fd66ee2d62a400b816a3f22c8fc02e4419ecb60a7b4e081be038f289296462e4,0b86da7cb525c87f8be86e72c74e4feb3147fb4e4c41480c805ba7c8b69c2e47,2026-07-30T20:40:45.955Z,1,29,3,0,0,0
00401-mth-252-linked-detail-unit-2-student-study-guide-pdf-integral-calculus-mth-252z-400-u2026,2080857,MTH-252,linked_detail,linked_detail,https://canvas.oregonstate.edu/courses/2080857/files/119223496?wrap=1,https://canvas.oregonstate.edu/courses/2080857/files/119223496?wrap=1,Unit-2-Student-Study-Guide.pdf: INTEGRAL CALCULUS (MTH_252Z_400_U2026),file,119223496,2,,,raw_html/00401-mth-252-linked-detail-unit-2-student-study-guide-pdf-integral-calculus-mth-252z-400-u2026.html,text/00401-mth-252-linked-detail-unit-2-student-study-guide-pdf-integral-calculus-mth-252z-400-u2026.txt,text/00401-mth-252-linked-detail-unit-2-student-study-guide-pdf-integral-calculus-mth-252z-400-u2026.fulltext.txt,markdown/00401-mth-252-linked-detail-unit-2-student-study-guide-pdf-integral-calculus-mth-252z-400-u2026.md,,metadata/00401-mth-252-linked-detail-unit-2-student-study-guide-pdf-integral-calculus-mth-252z-400-u2026.json,1a4fa48c8827a64cb10e1f9e88f4290da25ddd879aae88eedb2501f310bb368a,d9461082984ddf687b9d2be1aa7aad414c23fb841a2fec9f618433b4cef3b016,2026-07-30T20:40:48.404Z,1,29,3,0,0,0
00402-mth-252-linked-detail-u2-sg-partial-key-pdf-integral-calculus-mth-252z-400-u2026,2080857,MTH-252,linked_detail,linked_detail,https://canvas.oregonstate.edu/courses/2080857/files/119223585?wrap=1,https://canvas.oregonstate.edu/courses/2080857/files/119223585?wrap=1,U2-SG-Partial-Key.pdf: INTEGRAL CALCULUS (MTH_252Z_400_U2026),file,119223585,2,,,raw_html/00402-mth-252-linked-detail-u2-sg-partial-key-pdf-integral-calculus-mth-252z-400-u2026.html,text/00402-mth-252-linked-detail-u2-sg-partial-key-pdf-integral-calculus-mth-252z-400-u2026.txt,text/00402-mth-252-linked-detail-u2-sg-partial-key-pdf-integral-calculus-mth-252z-400-u2026.fulltext.txt,markdown/00402-mth-252-linked-detail-u2-sg-partial-key-pdf-integral-calculus-mth-252z-400-u2026.md,,metadata/00402-mth-252-linked-detail-u2-sg-partial-key-pdf-integral-calculus-mth-252z-400-u2026.json,27f57dc562240a9d182df8ff5d597f1525c30529bae17e1c83369f8a694d63da,8deb294dfac8087cc8a2b2fd690aeb7e862b562114a81a22903895c4609b4489,2026-07-30T20:40:50.705Z,1,29,3,0,0,0
00403-mth-252-linked-detail-module-4-learning-materials-and-practice-activities-3-5-hours-integral-calculus-mth-252z-400-u20,2080857,MTH-252,linked_detail,linked_detail,https://canvas.oregonstate.edu/courses/2080857/pages/module-4-learning-materials-and-practice-activities-3-5-hours-2,https://canvas.oregonstate.edu/courses/2080857/pages/module-4-learning-materials-and-practice-activities-3-5-hours-2,Module 4 — Learning Materials and Practice Activities 🕓 3 - 5 hours: INTEGRAL CALCULUS (MTH_252Z_400_U2026),page,module-4-learning-materials-and-practice-activities-3-5-hours-2,2,,,raw_html/00403-mth-252-linked-detail-module-4-learning-materials-and-practice-activities-3-5-hours-integral-calculus-mth-252z-400-u20.html,text/00403-mth-252-linked-detail-module-4-learning-materials-and-practice-activities-3-5-hours-integral-calculus-mth-252z-400-u20.txt,text/00403-mth-252-linked-detail-module-4-learning-materials-and-practice-activities-3-5-hours-integral-calculus-mth-252z-400-u20.fulltext.txt,markdown/00403-mth-252-linked-detail-module-4-learning-materials-and-practice-activities-3-5-hours-integral-calculus-mth-252z-400-u20.md,,metadata/00403-mth-252-linked-detail-module-4-learning-materials-and-practice-activities-3-5-hours-integral-calculus-mth-252z-400-u20.json,0179c6d03318bc3bb4c50879c9aedaa0bc3bcbe897079b405a8a8b95ae5be648,55e2df861bb40a820b88efd5279519d2f08af6794c036be87d3cba42e7e5773f,2026-07-30T20:40:53.512Z,6,51,2,0,0,0
00404-mth-252-linked-detail-page-not-found,2080857,MTH-252,linked_detail,linked_detail,https://canvas.oregonstate.edu/courses/2080857/pages/$CANVAS_COURSE_REFERENCE$/file_ref/g4b6ec71f1aad7e21594c082a51d988f8?wrap=1,https://canvas.oregonstate.edu/courses/2080857/pages/$CANVAS_COURSE_REFERENCE$/file_ref/g4b6ec71f1aad7e21594c082a51d988f8?wrap=1,Page Not Found,page,$CANVAS_COURSE_REFERENCE$,2,,,raw_html/00404-mth-252-linked-detail-page-not-found.html,text/00404-mth-252-linked-detail-page-not-found.txt,text/00404-mth-252-linked-detail-page-not-found.fulltext.txt,markdown/00404-mth-252-linked-detail-page-not-found.md,,metadata/00404-mth-252-linked-detail-page-not-found.json,a2f31a2258a83f35e7f3091dc2238f6caad3a07b1ddc1075abc6d16bdf038c66,1f3cad7f917aec981713b153906f275d6d7a2e253849ec562fee4847f84aa6ab,2026-07-30T20:40:55.312Z,2,13,2,0,0,0
00405-mth-252-linked-detail-252-lecture-3-1-to-me3-pdf-integral-calculus-mth-252z-400-u2026,2080857,MTH-252,linked_detail,linked_detail,https://canvas.oregonstate.edu/courses/2080857/files/119223561?module_item_id=26982588#,https://canvas.oregonstate.edu/courses/2080857/files/119223561?module_item_id=26982588#,252-Lecture-3.1-to-ME3.pdf: INTEGRAL CALCULUS (MTH_252Z_400_U2026),file,119223561,2,,,raw_html/00405-mth-252-linked-detail-252-lecture-3-1-to-me3-pdf-integral-calculus-mth-252z-400-u2026.html,text/00405-mth-252-linked-detail-252-lecture-3-1-to-me3-pdf-integral-calculus-mth-252z-400-u2026.txt,text/00405-mth-252-linked-detail-252-lecture-3-1-to-me3-pdf-integral-calculus-mth-252z-400-u2026.fulltext.txt,markdown/00405-mth-252-linked-detail-252-lecture-3-1-to-me3-pdf-integral-calculus-mth-252z-400-u2026.md,,metadata/00405-mth-252-linked-detail-252-lecture-3-1-to-me3-pdf-integral-calculus-mth-252z-400-u2026.json,04b2beb06165f1fe4a3225b730433ead5676b2d30098208244688d8a3cfb665c,bfd36710ccaf285ce810e57039e426295691cb79f7f262537d7c734ebdd2b685,2026-07-30T20:40:57.254Z,1,31,3,0,0,0
00406-mth-252-linked-detail-page-not-found,2080857,MTH-252,linked_detail,linked_detail,https://canvas.oregonstate.edu/courses/2080857/pages/$CANVAS_COURSE_REFERENCE$/file_ref/g805e3737f28c2c1daf663161584c964d?wrap=1,https://canvas.oregonstate.edu/courses/2080857/pages/$CANVAS_COURSE_REFERENCE$/file_ref/g805e3737f28c2c1daf663161584c964d?wrap=1,Page Not Found,page,$CANVAS_COURSE_REFERENCE$,2,,,raw_html/00406-mth-252-linked-detail-page-not-found.html,text/00406-mth-252-linked-detail-page-not-found.txt,text/00406-mth-252-linked-detail-page-not-found.fulltext.txt,markdown/00406-mth-252-linked-detail-page-not-found.md,,metadata/00406-mth-252-linked-detail-page-not-found.json,6d320556ad47c6c7f42fa0b5d2ddacbfe08a80b035044eaccf22a092409dd0b8,1f3cad7f917aec981713b153906f275d6d7a2e253849ec562fee4847f84aa6ab,2026-07-30T20:40:58.961Z,2,13,2,0,0,0
00407-mth-252-linked-detail-page-not-found,2080857,MTH-252,linked_detail,linked_detail,https://canvas.oregonstate.edu/courses/2080857/pages/$CANVAS_COURSE_REFERENCE$/file_ref/g8151bf98954d7b2d854da5b7b078733d?wrap=1,https://canvas.oregonstate.edu/courses/2080857/pages/$CANVAS_COURSE_REFERENCE$/file_ref/g8151bf98954d7b2d854da5b7b078733d?wrap=1,Page Not Found,page,$CANVAS_COURSE_REFERENCE$,2,,,raw_html/00407-mth-252-linked-detail-page-not-found.html,text/00407-mth-252-linked-detail-page-not-found.txt,text/00407-mth-252-linked-detail-page-not-found.fulltext.txt,markdown/00407-mth-252-linked-detail-page-not-found.md,,metadata/00407-mth-252-linked-detail-page-not-found.json,1e0acdfca2e8cdac62dcfe8c0a7623454eef276654b04f065c2bf41235ab27a7,1f3cad7f917aec981713b153906f275d6d7a2e253849ec562fee4847f84aa6ab,2026-07-30T20:41:01.113Z,2,13,2,0,0,0
00408-mth-252-linked-detail-page-not-found,2080857,MTH-252,linked_detail,linked_detail,https://canvas.oregonstate.edu/courses/2080857/pages/$CANVAS_COURSE_REFERENCE$/file_ref/gcd831482bfd5272d95fe5f32b17c1c78?wrap=1,https://canvas.oregonstate.edu/courses/2080857/pages/$CANVAS_COURSE_REFERENCE$/file_ref/gcd831482bfd5272d95fe5f32b17c1c78?wrap=1,Page Not Found,page,$CANVAS_COURSE_REFERENCE$,2,,,raw_html/00408-mth-252-linked-detail-page-not-found.html,text/00408-mth-252-linked-detail-page-not-found.txt,text/00408-mth-252-linked-detail-page-not-found.fulltext.txt,markdown/00408-mth-252-linked-detail-page-not-found.md,,metadata/00408-mth-252-linked-detail-page-not-found.json,5449baec1647595bdc02fd782880c3e344d96f777f252432866f487b76d4b2ae,1f3cad7f917aec981713b153906f275d6d7a2e253849ec562fee4847f84aa6ab,2026-07-30T20:41:02.802Z,2,13,2,0,0,0
00409-mth-252-linked-detail-lecture-3-1-3-2-pdf-integral-calculus-mth-252z-400-u2026,2080857,MTH-252,linked_detail,linked_detail,https://canvas.oregonstate.edu/courses/2080857/files/119223595?module_item_id=26982590#,https://canvas.oregonstate.edu/courses/2080857/files/119223595?module_item_id=26982590#,Lecture-3.1-3.2.pdf: INTEGRAL CALCULUS (MTH_252Z_400_U2026),file,119223595,2,,,raw_html/00409-mth-252-linked-detail-lecture-3-1-3-2-pdf-integral-calculus-mth-252z-400-u2026.html,text/00409-mth-252-linked-detail-lecture-3-1-3-2-pdf-integral-calculus-mth-252z-400-u2026.txt,text/00409-mth-252-linked-detail-lecture-3-1-3-2-pdf-integral-calculus-mth-252z-400-u2026.fulltext.txt,markdown/00409-mth-252-linked-detail-lecture-3-1-3-2-pdf-integral-calculus-mth-252z-400-u2026.md,,metadata/00409-mth-252-linked-detail-lecture-3-1-3-2-pdf-integral-calculus-mth-252z-400-u2026.json,3c5e0e5199ceaa9bed34f32cfa2eded5bd5589ed68d0f47ba6e4e39e76e982ff,a79cbc9a32d69b7f3c941b83caa782cbcbdcee479ce1ef7f1c9cee25c2a93c02,2026-07-30T20:41:04.958Z,1,30,3,0,0,0
00410-mth-252-linked-detail-jacob-peterson-s-quiz-history-rq-3-1,2080857,MTH-252,linked_detail,linked_detail,https://canvas.oregonstate.edu/courses/2080857/quizzes/3167660/history?version=1,https://canvas.oregonstate.edu/courses/2080857/quizzes/3167660/history?version=1,Jacob Peterson's Quiz History: RQ-3.1,quiz,3167660,2,,,raw_html/00410-mth-252-linked-detail-jacob-peterson-s-quiz-history-rq-3-1.html,text/00410-mth-252-linked-detail-jacob-peterson-s-quiz-history-rq-3-1.txt,text/00410-mth-252-linked-detail-jacob-peterson-s-quiz-history-rq-3-1.fulltext.txt,markdown/00410-mth-252-linked-detail-jacob-peterson-s-quiz-history-rq-3-1.md,,metadata/00410-mth-252-linked-detail-jacob-peterson-s-quiz-history-rq-3-1.json,2e59cabebf5ca7c5dfc00e0b6fdc2195d005e4b6ad2b99bcefa5fc706fa03ad1,b4ae7d9238a668bb4930c4724be7933b017f05a1daebc8123a94a93566967c8e,2026-07-30T20:41:08.455Z,2,29,2,0,0,0
00411-mth-252-linked-detail-whw5-template-pdf-integral-calculus-mth-252z-400-u2026,2080857,MTH-252,linked_detail,linked_detail,https://canvas.oregonstate.edu/courses/2080857/files/119223503?wrap=1,https://canvas.oregonstate.edu/courses/2080857/files/119223503?wrap=1,WHW5-Template.pdf: INTEGRAL CALCULUS (MTH_252Z_400_U2026),file,119223503,2,,,raw_html/00411-mth-252-linked-detail-whw5-template-pdf-integral-calculus-mth-252z-400-u2026.html,text/00411-mth-252-linked-detail-whw5-template-pdf-integral-calculus-mth-252z-400-u2026.txt,text/00411-mth-252-linked-detail-whw5-template-pdf-integral-calculus-mth-252z-400-u2026.fulltext.txt,markdown/00411-mth-252-linked-detail-whw5-template-pdf-integral-calculus-mth-252z-400-u2026.md,,metadata/00411-mth-252-linked-detail-whw5-template-pdf-integral-calculus-mth-252z-400-u2026.json,fce55fc3d52dfd67759bc3ad4c8c55d64f30d37bb0555678956888e94b7a3c1b,33041b3e060d72c2299db9b388554da9e5307b447cf593691ac20d35cd42ea89,2026-07-30T20:41:10.500Z,1,29,3,0,0,0
00412-mth-252-linked-detail-module-5-written-homework-whw-5-3-hours,2080857,MTH-252,linked_detail,linked_detail,https://canvas.oregonstate.edu/courses/2080857/assignments/10586058?module_item_id=26982594#,https://canvas.oregonstate.edu/courses/2080857/assignments/10586058?module_item_id=26982594#,Module 5 — Written Homework (WHW 5) 🕓 3 hours,assignment,10586058,2,,,raw_html/00412-mth-252-linked-detail-module-5-written-homework-whw-5-3-hours.html,text/00412-mth-252-linked-detail-module-5-written-homework-whw-5-3-hours.txt,text/00412-mth-252-linked-detail-module-5-written-homework-whw-5-3-hours.fulltext.txt,markdown/00412-mth-252-linked-detail-module-5-written-homework-whw-5-3-hours.md,,metadata/00412-mth-252-linked-detail-module-5-written-homework-whw-5-3-hours.json,13416c529e4ed2e8c17f58c7e234ce24964d7cbcaa51c65ca40baf9386a0feda,5cd42db442080b03452beae0cae738f3523e3e9de85a4b66d467ddd3ee249e13,2026-07-30T20:41:13.016Z,8,150,2,0,0,0
00413-mth-252-linked-detail-achieve-3-1-integration-by-parts,2080857,MTH-252,linked_detail,linked_detail,https://canvas.oregonstate.edu/courses/2080857/assignments/10586037?module_item_id=26982595#,https://canvas.oregonstate.edu/courses/2080857/assignments/10586037?module_item_id=26982595#,Achieve - 3.1 Integration by Parts,assignment,10586037,2,,yes,raw_html/00413-mth-252-linked-detail-achieve-3-1-integration-by-parts.html,text/00413-mth-252-linked-detail-achieve-3-1-integration-by-parts.txt,text/00413-mth-252-linked-detail-achieve-3-1-integration-by-parts.fulltext.txt,markdown/00413-mth-252-linked-detail-achieve-3-1-integration-by-parts.md,,metadata/00413-mth-252-linked-detail-achieve-3-1-integration-by-parts.json,65fa619f6f08c562b582a855f177288588aaf100d154b29021210c0050f83803,6c66eae79ec0842234b095d2091bba512926503e46d86b23a66b8e8dc2810b20,2026-07-30T20:41:15.905Z,2,55,2,0,0,0
00414-mth-252-linked-detail-achieve-3-2-trigonometric-integrals,2080857,MTH-252,linked_detail,linked_detail,https://canvas.oregonstate.edu/courses/2080857/assignments/10586038?module_item_id=26982596#,https://canvas.oregonstate.edu/courses/2080857/assignments/10586038?module_item_id=26982596#,Achieve - 3.2 Trigonometric Integrals,assignment,10586038,2,,yes,raw_html/00414-mth-252-linked-detail-achieve-3-2-trigonometric-integrals.html,text/00414-mth-252-linked-detail-achieve-3-2-trigonometric-integrals.txt,text/00414-mth-252-linked-detail-achieve-3-2-trigonometric-integrals.fulltext.txt,markdown/00414-mth-252-linked-detail-achieve-3-2-trigonometric-integrals.md,,metadata/00414-mth-252-linked-detail-achieve-3-2-trigonometric-integrals.json,78506a481b90ae60157e2559d65ffe80b8c448f618f04e578d31d9ef843ba34f,e0b56b155267b705c66a66708af7d1d5ae361e125a0874ac8b655fba0d8e942c,2026-07-30T20:41:18.205Z,2,55,2,0,0,0
00415-mth-252-linked-detail-252-lecture-3-1-to-me3-pdf-integral-calculus-mth-252z-400-u2026,2080857,MTH-252,linked_detail,linked_detail,https://canvas.oregonstate.edu/courses/2080857/files/119223561?module_item_id=26982599#,https://canvas.oregonstate.edu/courses/2080857/files/119223561?module_item_id=26982599#,252-Lecture-3.1-to-ME3.pdf: INTEGRAL CALCULUS (MTH_252Z_400_U2026),file,119223561,2,,,raw_html/00415-mth-252-linked-detail-252-lecture-3-1-to-me3-pdf-integral-calculus-mth-252z-400-u2026.html,text/00415-mth-252-linked-detail-252-lecture-3-1-to-me3-pdf-integral-calculus-mth-252z-400-u2026.txt,text/00415-mth-252-linked-detail-252-lecture-3-1-to-me3-pdf-integral-calculus-mth-252z-400-u2026.fulltext.txt,markdown/00415-mth-252-linked-detail-252-lecture-3-1-to-me3-pdf-integral-calculus-mth-252z-400-u2026.md,,metadata/00415-mth-252-linked-detail-252-lecture-3-1-to-me3-pdf-integral-calculus-mth-252z-400-u2026.json,6f3d96bddc6f6677f1e711a24f173f10c709040ae5f53a69c3856c927cc5c17b,bfd36710ccaf285ce810e57039e426295691cb79f7f262537d7c734ebdd2b685,2026-07-30T20:41:20.166Z,1,31,3,0,0,0
00416-mth-252-linked-detail-page-not-found,2080857,MTH-252,linked_detail,linked_detail,https://canvas.oregonstate.edu/courses/2080857/pages/$CANVAS_COURSE_REFERENCE$/file_ref/g9597b7a3e92abdd20049560c4405a399?wrap=1,https://canvas.oregonstate.edu/courses/2080857/pages/$CANVAS_COURSE_REFERENCE$/file_ref/g9597b7a3e92abdd20049560c4405a399?wrap=1,Page Not Found,page,$CANVAS_COURSE_REFERENCE$,2,,,raw_html/00416-mth-252-linked-detail-page-not-found.html,text/00416-mth-252-linked-detail-page-not-found.txt,text/00416-mth-252-linked-detail-page-not-found.fulltext.txt,markdown/00416-mth-252-linked-detail-page-not-found.md,,metadata/00416-mth-252-linked-detail-page-not-found.json,1ecc51b0aa73e90f3f366184a18fca56b8a387a5f6b61acf35adb35abd393913,1f3cad7f917aec981713b153906f275d6d7a2e253849ec562fee4847f84aa6ab,2026-07-30T20:41:22.002Z,2,13,2,0,0,0
00417-mth-252-linked-detail-page-not-found,2080857,MTH-252,linked_detail,linked_detail,https://canvas.oregonstate.edu/courses/2080857/pages/$CANVAS_COURSE_REFERENCE$/file_ref/g4d67a850c0877c247d26c4c95fa2d836?wrap=1,https://canvas.oregonstate.edu/courses/2080857/pages/$CANVAS_COURSE_REFERENCE$/file_ref/g4d67a850c0877c247d26c4c95fa2d836?wrap=1,Page Not Found,page,$CANVAS_COURSE_REFERENCE$,2,,,raw_html/00417-mth-252-linked-detail-page-not-found.html,text/00417-mth-252-linked-detail-page-not-found.txt,text/00417-mth-252-linked-detail-page-not-found.fulltext.txt,markdown/00417-mth-252-linked-detail-page-not-found.md,,metadata/00417-mth-252-linked-detail-page-not-found.json,ab3e34ecae458bf809b5edc4dab99d4a3b8efed207276d8dba3757fb2bdafad6,1f3cad7f917aec981713b153906f275d6d7a2e253849ec562fee4847f84aa6ab,2026-07-30T20:41:23.811Z,2,13,2,0,0,0
00418-mth-252-linked-detail-rq-3-3-integral-calculus-mth-252z-400-u2026,2080857,MTH-252,linked_detail,linked_detail,https://canvas.oregonstate.edu/courses/2080857/quizzes/3167656/take?user_id=6660414,https://canvas.oregonstate.edu/courses/2080857/quizzes/3167656/take?user_id=6660414,RQ-3.3 : INTEGRAL CALCULUS (MTH_252Z_400_U2026),quiz,3167656,2,,,raw_html/00418-mth-252-linked-detail-rq-3-3-integral-calculus-mth-252z-400-u2026.html,text/00418-mth-252-linked-detail-rq-3-3-integral-calculus-mth-252z-400-u2026.txt,text/00418-mth-252-linked-detail-rq-3-3-integral-calculus-mth-252z-400-u2026.fulltext.txt,markdown/00418-mth-252-linked-detail-rq-3-3-integral-calculus-mth-252z-400-u2026.md,,metadata/00418-mth-252-linked-detail-rq-3-3-integral-calculus-mth-252z-400-u2026.json,607f15695320a69b18fcb828dcfddec11f2bd02a676dfdc0a6e0407775ccf19d,61685fe47fbdc8fd05422fa3f0331df225d9ad9bf12b3e3763543e986f93a3b8,2026-07-30T20:41:25.855Z,4,29,2,0,0,0
00419-mth-252-linked-detail-whw6-template-pdf-integral-calculus-mth-252z-400-u2026,2080857,MTH-252,linked_detail,linked_detail,https://canvas.oregonstate.edu/courses/2080857/files/119223488?wrap=1,https://canvas.oregonstate.edu/courses/2080857/files/119223488?wrap=1,WHW6-Template.pdf: INTEGRAL CALCULUS (MTH_252Z_400_U2026),file,119223488,2,,,raw_html/00419-mth-252-linked-detail-whw6-template-pdf-integral-calculus-mth-252z-400-u2026.html,text/00419-mth-252-linked-detail-whw6-template-pdf-integral-calculus-mth-252z-400-u2026.txt,text/00419-mth-252-linked-detail-whw6-template-pdf-integral-calculus-mth-252z-400-u2026.fulltext.txt,markdown/00419-mth-252-linked-detail-whw6-template-pdf-integral-calculus-mth-252z-400-u2026.md,,metadata/00419-mth-252-linked-detail-whw6-template-pdf-integral-calculus-mth-252z-400-u2026.json,df5cc5a08241726446489eeb5d089a84d5ab57b74a81a1c83106c736ec3cc90a,4ece232ca48edd9ef4feb46eb67d782eba10aadbf8820f146cd4c5587ce6e8f4,2026-07-30T20:41:27.704Z,1,29,3,0,0,0
00420-mth-252-linked-detail-module-6-written-homework-whw-6-3-hours,2080857,MTH-252,linked_detail,linked_detail,https://canvas.oregonstate.edu/courses/2080857/assignments/10586059?module_item_id=26982603#,https://canvas.oregonstate.edu/courses/2080857/assignments/10586059?module_item_id=26982603#,Module 6 — Written Homework (WHW 6) 🕓 3 hours,assignment,10586059,2,,yes,raw_html/00420-mth-252-linked-detail-module-6-written-homework-whw-6-3-hours.html,text/00420-mth-252-linked-detail-module-6-written-homework-whw-6-3-hours.txt,text/00420-mth-252-linked-detail-module-6-written-homework-whw-6-3-hours.fulltext.txt,markdown/00420-mth-252-linked-detail-module-6-written-homework-whw-6-3-hours.md,,metadata/00420-mth-252-linked-detail-module-6-written-homework-whw-6-3-hours.json,63601c9c817daa034acb9e7b6aaf882c078dad0f839b19c802ec1a70a69cb8b7,48bd17ab96e63de33558482f16a9c895c479fb716f0896bf01e40fdff0f08b9a,2026-07-30T20:41:30.406Z,7,66,2,0,0,0
00421-mth-252-linked-detail-achieve-3-3-trigonometric-substitution,2080857,MTH-252,linked_detail,linked_detail,https://canvas.oregonstate.edu/courses/2080857/assignments/10586039?module_item_id=26982605#,https://canvas.oregonstate.edu/courses/2080857/assignments/10586039?module_item_id=26982605#,Achieve - 3.3 Trigonometric Substitution,assignment,10586039,2,,yes,raw_html/00421-mth-252-linked-detail-achieve-3-3-trigonometric-substitution.html,text/00421-mth-252-linked-detail-achieve-3-3-trigonometric-substitution.txt,text/00421-mth-252-linked-detail-achieve-3-3-trigonometric-substitution.fulltext.txt,markdown/00421-mth-252-linked-detail-achieve-3-3-trigonometric-substitution.md,,metadata/00421-mth-252-linked-detail-achieve-3-3-trigonometric-substitution.json,0d9e3fe1adb4d321e51e35ce1fa5ca72793704cfe894ec91ee5b34c7cf11da9e,61ee4d3bd05c52d32ce3820b6a12e8d5b9065d969f436a22e2e531f95436adcb,2026-07-30T20:41:32.906Z,2,55,2,0,0,0
00422-mth-252-linked-detail-achieve-3-4-partial-fractions,2080857,MTH-252,linked_detail,linked_detail,https://canvas.oregonstate.edu/courses/2080857/assignments/10586040?module_item_id=26982606#,https://canvas.oregonstate.edu/courses/2080857/assignments/10586040?module_item_id=26982606#,Achieve - 3.4 Partial Fractions,assignment,10586040,2,,yes,raw_html/00422-mth-252-linked-detail-achieve-3-4-partial-fractions.html,text/00422-mth-252-linked-detail-achieve-3-4-partial-fractions.txt,text/00422-mth-252-linked-detail-achieve-3-4-partial-fractions.fulltext.txt,markdown/00422-mth-252-linked-detail-achieve-3-4-partial-fractions.md,,metadata/00422-mth-252-linked-detail-achieve-3-4-partial-fractions.json,b79336c98cb158208b13af079068c54f3930bcee725524854a5824f35812d85a,80b443895f255231521336415ca74154e9896024f23f68e937d1d946de79170f,2026-07-30T20:41:35.855Z,2,55,2,0,0,0
00423-mth-252-linked-detail-unit-3-student-study-guide-2-pdf-integral-calculus-mth-252z-400-u2026,2080857,MTH-252,linked_detail,linked_detail,https://canvas.oregonstate.edu/courses/2080857/files/119223599?wrap=1,https://canvas.oregonstate.edu/courses/2080857/files/119223599?wrap=1,Unit-3-Student-Study-Guide-2.pdf: INTEGRAL CALCULUS (MTH_252Z_400_U2026),file,119223599,2,,,raw_html/00423-mth-252-linked-detail-unit-3-student-study-guide-2-pdf-integral-calculus-mth-252z-400-u2026.html,text/00423-mth-252-linked-detail-unit-3-student-study-guide-2-pdf-integral-calculus-mth-252z-400-u2026.txt,text/00423-mth-252-linked-detail-unit-3-student-study-guide-2-pdf-integral-calculus-mth-252z-400-u2026.fulltext.txt,markdown/00423-mth-252-linked-detail-unit-3-student-study-guide-2-pdf-integral-calculus-mth-252z-400-u2026.md,,metadata/00423-mth-252-linked-detail-unit-3-student-study-guide-2-pdf-integral-calculus-mth-252z-400-u2026.json,c17dcb1a246ad02c056e82312bc3170080b1de17b145cff18c6ea02e0a96ad97,2c6e83c1995ebf4043f2daf9b0a875357f5664026a2b5d34674d85f271921b0c,2026-07-30T20:41:38.303Z,1,29,3,0,0,0
00424-mth-252-linked-detail-mini-exam-3-tuesday-to-thursday-no-gradscope-app,2080857,MTH-252,linked_detail,linked_detail,https://canvas.oregonstate.edu/courses/2080857/assignments/10586050?module_item_id=26982607#,https://canvas.oregonstate.edu/courses/2080857/assignments/10586050?module_item_id=26982607#,Mini-Exam 3 --> Tuesday to Thursday --> No Gradscope APP,assignment,10586050,2,,yes,raw_html/00424-mth-252-linked-detail-mini-exam-3-tuesday-to-thursday-no-gradscope-app.html,text/00424-mth-252-linked-detail-mini-exam-3-tuesday-to-thursday-no-gradscope-app.txt,text/00424-mth-252-linked-detail-mini-exam-3-tuesday-to-thursday-no-gradscope-app.fulltext.txt,markdown/00424-mth-252-linked-detail-mini-exam-3-tuesday-to-thursday-no-gradscope-app.md,,metadata/00424-mth-252-linked-detail-mini-exam-3-tuesday-to-thursday-no-gradscope-app.json,3b787fc47c85301e2f92765e331f42761ba9ea82cdba196d8370990943cc507a,e0b2feeced29858fe4ea240911be04c09dd4b1af17219335888c86c3aff9ad2c,2026-07-30T20:41:40.809Z,9,67,2,0,0,0
00425-mth-252-linked-detail-unit-3-student-study-guide-key-2-pdf-integral-calculus-mth-252z-400-u2026,2080857,MTH-252,linked_detail,linked_detail,https://canvas.oregonstate.edu/courses/2080857/files/119223600?wrap=1,https://canvas.oregonstate.edu/courses/2080857/files/119223600?wrap=1,Unit-3-Student-Study-Guide key-2.pdf: INTEGRAL CALCULUS (MTH_252Z_400_U2026),file,119223600,2,,,raw_html/00425-mth-252-linked-detail-unit-3-student-study-guide-key-2-pdf-integral-calculus-mth-252z-400-u2026.html,text/00425-mth-252-linked-detail-unit-3-student-study-guide-key-2-pdf-integral-calculus-mth-252z-400-u2026.txt,text/00425-mth-252-linked-detail-unit-3-student-study-guide-key-2-pdf-integral-calculus-mth-252z-400-u2026.fulltext.txt,markdown/00425-mth-252-linked-detail-unit-3-student-study-guide-key-2-pdf-integral-calculus-mth-252z-400-u2026.md,,metadata/00425-mth-252-linked-detail-unit-3-student-study-guide-key-2-pdf-integral-calculus-mth-252z-400-u2026.json,9bbae130be5fcd73579a9021132fd555cda9b5d3201a6c1a5f2250720a40a0a2,83e0b65368d3e3bcf5b7b859ef8a70aa337e0875dab25c383f8fc814d24c87f6,2026-07-30T20:41:42.816Z,1,29,3,0,0,0
00426-mth-252-linked-detail-page-not-found,2080857,MTH-252,linked_detail,linked_detail,https://canvas.oregonstate.edu/courses/2080857/pages/$CANVAS_COURSE_REFERENCE$/file_ref/ge66f62d3aefa8262ab8430c7ff8a8243?wrap=1,https://canvas.oregonstate.edu/courses/2080857/pages/$CANVAS_COURSE_REFERENCE$/file_ref/ge66f62d3aefa8262ab8430c7ff8a8243?wrap=1,Page Not Found,page,$CANVAS_COURSE_REFERENCE$,2,,,raw_html/00426-mth-252-linked-detail-page-not-found.html,text/00426-mth-252-linked-detail-page-not-found.txt,text/00426-mth-252-linked-detail-page-not-found.fulltext.txt,markdown/00426-mth-252-linked-detail-page-not-found.md,,metadata/00426-mth-252-linked-detail-page-not-found.json,a2546a4c748875fbb2d441ccb0bf2caa16d2502ebe4e66e608882af3e63a0a04,1f3cad7f917aec981713b153906f275d6d7a2e253849ec562fee4847f84aa6ab,2026-07-30T20:41:44.402Z,2,13,2,0,0,0
00427-mth-252-linked-detail-252-lecture-2-1-to-me4-pdf-integral-calculus-mth-252z-400-u2026,2080857,MTH-252,linked_detail,linked_detail,https://canvas.oregonstate.edu/courses/2080857/files/119223597?module_item_id=26982610#,https://canvas.oregonstate.edu/courses/2080857/files/119223597?module_item_id=26982610#,252-Lecture-2.1-to-ME4.pdf: INTEGRAL CALCULUS (MTH_252Z_400_U2026),file,119223597,2,,,raw_html/00427-mth-252-linked-detail-252-lecture-2-1-to-me4-pdf-integral-calculus-mth-252z-400-u2026.html,text/00427-mth-252-linked-detail-252-lecture-2-1-to-me4-pdf-integral-calculus-mth-252z-400-u2026.txt,text/00427-mth-252-linked-detail-252-lecture-2-1-to-me4-pdf-integral-calculus-mth-252z-400-u2026.fulltext.txt,markdown/00427-mth-252-linked-detail-252-lecture-2-1-to-me4-pdf-integral-calculus-mth-252z-400-u2026.md,,metadata/00427-mth-252-linked-detail-252-lecture-2-1-to-me4-pdf-integral-calculus-mth-252z-400-u2026.json,fdc3026c57e9e6c24881ad18ed46ecda90774bb65ca9e69c679467e98fa4e190,c99395328a003ddb927b4c00ce314162e8a6b34b7434553da74af7dd8339746c,2026-07-30T20:41:46.358Z,1,31,3,0,0,0
00428-mth-252-linked-detail-page-not-found,2080857,MTH-252,linked_detail,linked_detail,https://canvas.oregonstate.edu/courses/2080857/pages/$CANVAS_COURSE_REFERENCE$/file_ref/gb96f8483f0ee1dbe3cd5a7fc6e29a192?wrap=1,https://canvas.oregonstate.edu/courses/2080857/pages/$CANVAS_COURSE_REFERENCE$/file_ref/gb96f8483f0ee1dbe3cd5a7fc6e29a192?wrap=1,Page Not Found,page,$CANVAS_COURSE_REFERENCE$,2,,,raw_html/00428-mth-252-linked-detail-page-not-found.html,text/00428-mth-252-linked-detail-page-not-found.txt,text/00428-mth-252-linked-detail-page-not-found.fulltext.txt,markdown/00428-mth-252-linked-detail-page-not-found.md,,metadata/00428-mth-252-linked-detail-page-not-found.json,85e177574733932ec8f73643556069a25a16f15dc0ef7e8ac4074405916c1694,1f3cad7f917aec981713b153906f275d6d7a2e253849ec562fee4847f84aa6ab,2026-07-30T20:41:48.212Z,2,13,2,0,0,0
00429-mth-252-linked-detail-page-not-found,2080857,MTH-252,linked_detail,linked_detail,https://canvas.oregonstate.edu/courses/2080857/pages/$CANVAS_COURSE_REFERENCE$/file_ref/gc6fcafc40b3ad850007aa23c360c3b10?wrap=1,https://canvas.oregonstate.edu/courses/2080857/pages/$CANVAS_COURSE_REFERENCE$/file_ref/gc6fcafc40b3ad850007aa23c360c3b10?wrap=1,Page Not Found,page,$CANVAS_COURSE_REFERENCE$,2,,,raw_html/00429-mth-252-linked-detail-page-not-found.html,text/00429-mth-252-linked-detail-page-not-found.txt,text/00429-mth-252-linked-detail-page-not-found.fulltext.txt,markdown/00429-mth-252-linked-detail-page-not-found.md,,metadata/00429-mth-252-linked-detail-page-not-found.json,726e5865634343f83067d941a487767f5ff826a71ee51d55eda973024c807842,1f3cad7f917aec981713b153906f275d6d7a2e253849ec562fee4847f84aa6ab,2026-07-30T20:41:50.102Z,2,13,2,0,0,0
00430-mth-252-linked-detail-page-not-found,2080857,MTH-252,linked_detail,linked_detail,https://canvas.oregonstate.edu/courses/2080857/pages/$CANVAS_COURSE_REFERENCE$/file_ref/gbbf43049a12a8f933a6df5fa00d2187b?wrap=1,https://canvas.oregonstate.edu/courses/2080857/pages/$CANVAS_COURSE_REFERENCE$/file_ref/gbbf43049a12a8f933a6df5fa00d2187b?wrap=1,Page Not Found,page,$CANVAS_COURSE_REFERENCE$,2,,,raw_html/00430-mth-252-linked-detail-page-not-found.html,text/00430-mth-252-linked-detail-page-not-found.txt,text/00430-mth-252-linked-detail-page-not-found.fulltext.txt,markdown/00430-mth-252-linked-detail-page-not-found.md,,metadata/00430-mth-252-linked-detail-page-not-found.json,e8aec5213e5bcd3d6f3611e8b3eff91bb678fec8944963e2a607276b27fd2b8d,1f3cad7f917aec981713b153906f275d6d7a2e253849ec562fee4847f84aa6ab,2026-07-30T20:41:52.355Z,2,13,2,0,0,0
00431-mth-252-linked-detail-page-not-found,2080857,MTH-252,linked_detail,linked_detail,https://canvas.oregonstate.edu/courses/2080857/pages/$CANVAS_COURSE_REFERENCE$/file_ref/g6058770617b562c0b8540a559293b9f2?wrap=1,https://canvas.oregonstate.edu/courses/2080857/pages/$CANVAS_COURSE_REFERENCE$/file_ref/g6058770617b562c0b8540a559293b9f2?wrap=1,Page Not Found,page,$CANVAS_COURSE_REFERENCE$,2,,,raw_html/00431-mth-252-linked-detail-page-not-found.html,text/00431-mth-252-linked-detail-page-not-found.txt,text/00431-mth-252-linked-detail-page-not-found.fulltext.txt,markdown/00431-mth-252-linked-detail-page-not-found.md,,metadata/00431-mth-252-linked-detail-page-not-found.json,a1473f19483f3fd9b44e862bb9de58f03108e57ce6a81ba33ccbc74582d71715,1f3cad7f917aec981713b153906f275d6d7a2e253849ec562fee4847f84aa6ab,2026-07-30T20:41:54.061Z,2,13,2,0,0,0
00432-mth-252-linked-detail-achieve-2-1-areas-between-curves,2080857,MTH-252,linked_detail,linked_detail,https://canvas.oregonstate.edu/courses/2080857/assignments/10586031?module_item_id=26982615#,https://canvas.oregonstate.edu/courses/2080857/assignments/10586031?module_item_id=26982615#,Achieve - 2.1 Areas between Curves,assignment,10586031,2,,yes,raw_html/00432-mth-252-linked-detail-achieve-2-1-areas-between-curves.html,text/00432-mth-252-linked-detail-achieve-2-1-areas-between-curves.txt,text/00432-mth-252-linked-detail-achieve-2-1-areas-between-curves.fulltext.txt,markdown/00432-mth-252-linked-detail-achieve-2-1-areas-between-curves.md,,metadata/00432-mth-252-linked-detail-achieve-2-1-areas-between-curves.json,59e181034c734119750100100ee80cd4cd1475cfb198302ecb80bb871ab71cf7,05e96284b2787cc17f722c063b17bfd5d429ac269d201645b0506ea6854882f8,2026-07-30T20:41:56.358Z,2,54,2,0,0,0
00433-mth-252-linked-detail-achieve-2-2-volumes-by-slicing-and-disc-washer-method,2080857,MTH-252,linked_detail,linked_detail,https://canvas.oregonstate.edu/courses/2080857/assignments/10586032?module_item_id=26982616#,https://canvas.oregonstate.edu/courses/2080857/assignments/10586032?module_item_id=26982616#,Achieve - 2.2 Volumes by Slicing and Disc/Washer Method,assignment,10586032,2,,yes,raw_html/00433-mth-252-linked-detail-achieve-2-2-volumes-by-slicing-and-disc-washer-method.html,text/00433-mth-252-linked-detail-achieve-2-2-volumes-by-slicing-and-disc-washer-method.txt,text/00433-mth-252-linked-detail-achieve-2-2-volumes-by-slicing-and-disc-washer-method.fulltext.txt,markdown/00433-mth-252-linked-detail-achieve-2-2-volumes-by-slicing-and-disc-washer-method.md,,metadata/00433-mth-252-linked-detail-achieve-2-2-volumes-by-slicing-and-disc-washer-method.json,4e701d8555e6913d211dd7583fc64c658d40fdcf501891433fe037742db78732,8f54135f850db8fc32b54433d4109f93507656fd38141da521d8089293a0efba,2026-07-30T20:41:58.705Z,2,54,2,0,0,0
00434-mth-252-linked-detail-module-7-written-homework-whw-7-3-hours,2080857,MTH-252,linked_detail,linked_detail,https://canvas.oregonstate.edu/courses/2080857/assignments/10586060?module_item_id=26982617#,https://canvas.oregonstate.edu/courses/2080857/assignments/10586060?module_item_id=26982617#,Module 7 — Written Homework (WHW 7) 🕓 3 hours,assignment,10586060,2,,,raw_html/00434-mth-252-linked-detail-module-7-written-homework-whw-7-3-hours.html,text/00434-mth-252-linked-detail-module-7-written-homework-whw-7-3-hours.txt,text/00434-mth-252-linked-detail-module-7-written-homework-whw-7-3-hours.fulltext.txt,markdown/00434-mth-252-linked-detail-module-7-written-homework-whw-7-3-hours.md,,metadata/00434-mth-252-linked-detail-module-7-written-homework-whw-7-3-hours.json,5c4cddbf9791c2fca8611f3cb709acd36ee6b3bb6235daf84fc6ae7acae0ae53,0aa18a1ca4fca91c563eafea327697b9408d8ca05dd032332784ee49cfe2246a,2026-07-30T20:42:01.056Z,2,54,2,0,0,0
00435-mth-252-linked-detail-252-lecture-2-1-to-me4-pdf-integral-calculus-mth-252z-400-u2026,2080857,MTH-252,linked_detail,linked_detail,https://canvas.oregonstate.edu/courses/2080857/files/119223597?module_item_id=26982621#,https://canvas.oregonstate.edu/courses/2080857/files/119223597?module_item_id=26982621#,252-Lecture-2.1-to-ME4.pdf: INTEGRAL CALCULUS (MTH_252Z_400_U2026),file,119223597,2,,,raw_html/00435-mth-252-linked-detail-252-lecture-2-1-to-me4-pdf-integral-calculus-mth-252z-400-u2026.html,text/00435-mth-252-linked-detail-252-lecture-2-1-to-me4-pdf-integral-calculus-mth-252z-400-u2026.txt,text/00435-mth-252-linked-detail-252-lecture-2-1-to-me4-pdf-integral-calculus-mth-252z-400-u2026.fulltext.txt,markdown/00435-mth-252-linked-detail-252-lecture-2-1-to-me4-pdf-integral-calculus-mth-252z-400-u2026.md,,metadata/00435-mth-252-linked-detail-252-lecture-2-1-to-me4-pdf-integral-calculus-mth-252z-400-u2026.json,c808f54fed8b148fce723673beabe57a32f6ba12f6c46c6fb16881be34850995,c99395328a003ddb927b4c00ce314162e8a6b34b7434553da74af7dd8339746c,2026-07-30T20:42:03.359Z,1,31,3,0,0,0
00436-mth-252-linked-detail-lecture-2-3-2-4-pdf-integral-calculus-mth-252z-400-u2026,2080857,MTH-252,linked_detail,linked_detail,https://canvas.oregonstate.edu/courses/2080857/files/119223466?module_item_id=26982622#,https://canvas.oregonstate.edu/courses/2080857/files/119223466?module_item_id=26982622#,Lecture-2.3-2.4.pdf: INTEGRAL CALCULUS (MTH_252Z_400_U2026),file,119223466,2,,,raw_html/00436-mth-252-linked-detail-lecture-2-3-2-4-pdf-integral-calculus-mth-252z-400-u2026.html,text/00436-mth-252-linked-detail-lecture-2-3-2-4-pdf-integral-calculus-mth-252z-400-u2026.txt,text/00436-mth-252-linked-detail-lecture-2-3-2-4-pdf-integral-calculus-mth-252z-400-u2026.fulltext.txt,markdown/00436-mth-252-linked-detail-lecture-2-3-2-4-pdf-integral-calculus-mth-252z-400-u2026.md,,metadata/00436-mth-252-linked-detail-lecture-2-3-2-4-pdf-integral-calculus-mth-252z-400-u2026.json,480d85b9531c7488ccf27b2f388585b68981f2d4e80dff87ae3b77070fb0bbdd,4dcbc8884de373994918908b3c68cc858c285de15b73775aa09943008521caf3,2026-07-30T20:42:05.576Z,1,31,3,0,0,0
00437-mth-252-linked-detail-page-not-found,2080857,MTH-252,linked_detail,linked_detail,https://canvas.oregonstate.edu/courses/2080857/pages/$CANVAS_COURSE_REFERENCE$/file_ref/g6073b18bbe1c37ac3e81a46c5bcdfaa9?wrap=1,https://canvas.oregonstate.edu/courses/2080857/pages/$CANVAS_COURSE_REFERENCE$/file_ref/g6073b18bbe1c37ac3e81a46c5bcdfaa9?wrap=1,Page Not Found,page,$CANVAS_COURSE_REFERENCE$,2,,,raw_html/00437-mth-252-linked-detail-page-not-found.html,text/00437-mth-252-linked-detail-page-not-found.txt,text/00437-mth-252-linked-detail-page-not-found.fulltext.txt,markdown/00437-mth-252-linked-detail-page-not-found.md,,metadata/00437-mth-252-linked-detail-page-not-found.json,6196ff3bc72ef15b652d2d14f64cafcb7f6f45bdfa9c7ff04c3c972518473dff,1f3cad7f917aec981713b153906f275d6d7a2e253849ec562fee4847f84aa6ab,2026-07-30T20:42:07.253Z,2,13,2,0,0,0
00438-mth-252-linked-detail-module-8-written-homework-whw-8-3-hours,2080857,MTH-252,linked_detail,linked_detail,https://canvas.oregonstate.edu/courses/2080857/assignments/10586061?module_item_id=26982626#,https://canvas.oregonstate.edu/courses/2080857/assignments/10586061?module_item_id=26982626#,Module 8 — Written Homework (WHW 8) 🕓 3 hours,assignment,10586061,2,,,raw_html/00438-mth-252-linked-detail-module-8-written-homework-whw-8-3-hours.html,text/00438-mth-252-linked-detail-module-8-written-homework-whw-8-3-hours.txt,text/00438-mth-252-linked-detail-module-8-written-homework-whw-8-3-hours.fulltext.txt,markdown/00438-mth-252-linked-detail-module-8-written-homework-whw-8-3-hours.md,,metadata/00438-mth-252-linked-detail-module-8-written-homework-whw-8-3-hours.json,834f23a8ee1a0192c01cc70037298690cf6ebda4d096b8ec9f2f7225a2ff4598,eda062bb036d561ce3cc7e394a55fd7b7f2ec00a1a3ca13a04be8269aa15b6d3,2026-07-30T20:42:09.759Z,2,54,2,0,0,0
00439-mth-252-linked-detail-achieve-2-3-volumes-of-revolution-cylindrical-shells,2080857,MTH-252,linked_detail,linked_detail,https://canvas.oregonstate.edu/courses/2080857/assignments/10586033?module_item_id=26982628#,https://canvas.oregonstate.edu/courses/2080857/assignments/10586033?module_item_id=26982628#,Achieve - 2.3 Volumes of Revolution: Cylindrical Shells,assignment,10586033,2,,yes,raw_html/00439-mth-252-linked-detail-achieve-2-3-volumes-of-revolution-cylindrical-shells.html,text/00439-mth-252-linked-detail-achieve-2-3-volumes-of-revolution-cylindrical-shells.txt,text/00439-mth-252-linked-detail-achieve-2-3-volumes-of-revolution-cylindrical-shells.fulltext.txt,markdown/00439-mth-252-linked-detail-achieve-2-3-volumes-of-revolution-cylindrical-shells.md,,metadata/00439-mth-252-linked-detail-achieve-2-3-volumes-of-revolution-cylindrical-shells.json,719a2704acfcd35b163fabe3bff623d660fec2f385deb4fa9b5a4fef0a1fa1d3,b97f2a922e01b870f4eee378f49bd81621736437a45b6eb0ab036bd27ad013d7,2026-07-30T20:42:14.710Z,2,54,2,0,0,0
00440-mth-252-linked-detail-acheive-2-4-arc-length-of-a-curve-no-surface-area,2080857,MTH-252,linked_detail,linked_detail,https://canvas.oregonstate.edu/courses/2080857/assignments/10586024?module_item_id=26982629#,https://canvas.oregonstate.edu/courses/2080857/assignments/10586024?module_item_id=26982629#,Acheive - 2.4 Arc Length of a Curve (NO Surface Area),assignment,10586024,2,,yes,raw_html/00440-mth-252-linked-detail-acheive-2-4-arc-length-of-a-curve-no-surface-area.html,text/00440-mth-252-linked-detail-acheive-2-4-arc-length-of-a-curve-no-surface-area.txt,text/00440-mth-252-linked-detail-acheive-2-4-arc-length-of-a-curve-no-surface-area.fulltext.txt,markdown/00440-mth-252-linked-detail-acheive-2-4-arc-length-of-a-curve-no-surface-area.md,,metadata/00440-mth-252-linked-detail-acheive-2-4-arc-length-of-a-curve-no-surface-area.json,fc9254ae606e1838281e3453f2d1b371e4c2ae109749c32716c5e588b55eb3a3,31e891ffb482bbaedd7cbc8dd5962bd48f57615cdd351ef627c3c16584b972f0,2026-07-30T20:42:17.655Z,2,54,2,0,0,0
00441-mth-252-linked-detail-mini-exam-4-tuesday-to-thursday,2080857,MTH-252,linked_detail,linked_detail,https://canvas.oregonstate.edu/courses/2080857/assignments/10586052?module_item_id=26982630#,https://canvas.oregonstate.edu/courses/2080857/assignments/10586052?module_item_id=26982630#,Mini-Exam 4 --> Tuesday to Thursday,assignment,10586052,2,,,raw_html/00441-mth-252-linked-detail-mini-exam-4-tuesday-to-thursday.html,text/00441-mth-252-linked-detail-mini-exam-4-tuesday-to-thursday.txt,text/00441-mth-252-linked-detail-mini-exam-4-tuesday-to-thursday.fulltext.txt,markdown/00441-mth-252-linked-detail-mini-exam-4-tuesday-to-thursday.md,,metadata/00441-mth-252-linked-detail-mini-exam-4-tuesday-to-thursday.json,110d1fdb1d24b4f6993009ba928e9abaca810db4740f96ab8171be1e1620edb0,00894aed12dba041317c4c2962293377311193b53180a9a38073c36e0413fedc,2026-07-30T20:42:20.061Z,2,54,2,0,0,0
00442-mth-252-linked-detail-252-lecture-2-5-to-me5-pdf-integral-calculus-mth-252z-400-u2026,2080857,MTH-252,linked_detail,linked_detail,https://canvas.oregonstate.edu/courses/2080857/files/119223598?module_item_id=26982633#,https://canvas.oregonstate.edu/courses/2080857/files/119223598?module_item_id=26982633#,252-Lecture-2.5-to-ME5.pdf: INTEGRAL CALCULUS (MTH_252Z_400_U2026),file,119223598,2,,,raw_html/00442-mth-252-linked-detail-252-lecture-2-5-to-me5-pdf-integral-calculus-mth-252z-400-u2026.html,text/00442-mth-252-linked-detail-252-lecture-2-5-to-me5-pdf-integral-calculus-mth-252z-400-u2026.txt,text/00442-mth-252-linked-detail-252-lecture-2-5-to-me5-pdf-integral-calculus-mth-252z-400-u2026.fulltext.txt,markdown/00442-mth-252-linked-detail-252-lecture-2-5-to-me5-pdf-integral-calculus-mth-252z-400-u2026.md,,metadata/00442-mth-252-linked-detail-252-lecture-2-5-to-me5-pdf-integral-calculus-mth-252z-400-u2026.json,a3c8e270705b83c7caab1ffe2b9890b2dafb0d24558539ea2dc987731c18f9a9,6c35fbced3ee727262015f36306f87e1f66f9cc1c55c23f1d70a61dcb485dac6,2026-07-30T20:42:22.146Z,1,31,3,0,0,0
00443-mth-252-linked-detail-page-not-found,2080857,MTH-252,linked_detail,linked_detail,https://canvas.oregonstate.edu/courses/2080857/pages/$CANVAS_COURSE_REFERENCE$/file_ref/g4f20502dbd0595caf4451e4ebe8369c1?wrap=1,https://canvas.oregonstate.edu/courses/2080857/pages/$CANVAS_COURSE_REFERENCE$/file_ref/g4f20502dbd0595caf4451e4ebe8369c1?wrap=1,Page Not Found,page,$CANVAS_COURSE_REFERENCE$,2,,,raw_html/00443-mth-252-linked-detail-page-not-found.html,text/00443-mth-252-linked-detail-page-not-found.txt,text/00443-mth-252-linked-detail-page-not-found.fulltext.txt,markdown/00443-mth-252-linked-detail-page-not-found.md,,metadata/00443-mth-252-linked-detail-page-not-found.json,d28459baa7ecadc7d0930df32d75a7042dffab1667f70291dd7e474aca72c4bb,1f3cad7f917aec981713b153906f275d6d7a2e253849ec562fee4847f84aa6ab,2026-07-30T20:42:23.902Z,2,13,2,0,0,0
00444-mth-252-linked-detail-252-lecture-2-5-to-me5-pages-5-8-13-17-19-20-1-1-pdf-integral-calculus-mth-252z-400-u2026,2080857,MTH-252,linked_detail,linked_detail,https://canvas.oregonstate.edu/courses/2080857/files/119223617?wrap=1,https://canvas.oregonstate.edu/courses/2080857/files/119223617?wrap=1,"252-Lecture-2.5-to-ME5 pages 5 - 8, 13 - 17, 19, 20-1-1.pdf: INTEGRAL CALCULUS (MTH_252Z_400_U2026)",file,119223617,2,,,raw_html/00444-mth-252-linked-detail-252-lecture-2-5-to-me5-pages-5-8-13-17-19-20-1-1-pdf-integral-calculus-mth-252z-400-u2026.html,text/00444-mth-252-linked-detail-252-lecture-2-5-to-me5-pages-5-8-13-17-19-20-1-1-pdf-integral-calculus-mth-252z-400-u2026.txt,text/00444-mth-252-linked-detail-252-lecture-2-5-to-me5-pages-5-8-13-17-19-20-1-1-pdf-integral-calculus-mth-252z-400-u2026.fulltext.txt,markdown/00444-mth-252-linked-detail-252-lecture-2-5-to-me5-pages-5-8-13-17-19-20-1-1-pdf-integral-calculus-mth-252z-400-u2026.md,,metadata/00444-mth-252-linked-detail-252-lecture-2-5-to-me5-pages-5-8-13-17-19-20-1-1-pdf-integral-calculus-mth-252z-400-u2026.json,717a93d046759cac87845ff35d4a000a42a62f729224daacda237d2996e4f070,20fc1065ee4847765419b62c73f3905ed9035f2226f569fcdc7eaa0e2577eb60,2026-07-30T20:42:25.757Z,1,29,3,0,0,0
00445-mth-252-linked-detail-page-not-found,2080857,MTH-252,linked_detail,linked_detail,https://canvas.oregonstate.edu/courses/2080857/pages/$CANVAS_COURSE_REFERENCE$/file_ref/g42875dc6e7ef2e217410d1eaf8751908?wrap=1,https://canvas.oregonstate.edu/courses/2080857/pages/$CANVAS_COURSE_REFERENCE$/file_ref/g42875dc6e7ef2e217410d1eaf8751908?wrap=1,Page Not Found,page,$CANVAS_COURSE_REFERENCE$,2,,,raw_html/00445-mth-252-linked-detail-page-not-found.html,text/00445-mth-252-linked-detail-page-not-found.txt,text/00445-mth-252-linked-detail-page-not-found.fulltext.txt,markdown/00445-mth-252-linked-detail-page-not-found.md,,metadata/00445-mth-252-linked-detail-page-not-found.json,bc94703f1a9b75ed379fb23edc75e75b4c940d41d1e1f599b2c1e891072e2af1,1f3cad7f917aec981713b153906f275d6d7a2e253849ec562fee4847f84aa6ab,2026-07-30T20:42:27.653Z,2,13,2,0,0,0
00446-mth-252-linked-detail-module-9-written-homework-whw-9-3-hours,2080857,MTH-252,linked_detail,linked_detail,https://canvas.oregonstate.edu/courses/2080857/assignments/10586062?module_item_id=26982636#,https://canvas.oregonstate.edu/courses/2080857/assignments/10586062?module_item_id=26982636#,Module 9 — Written Homework (WHW 9) 🕓 3 hours,assignment,10586062,2,,,raw_html/00446-mth-252-linked-detail-module-9-written-homework-whw-9-3-hours.html,text/00446-mth-252-linked-detail-module-9-written-homework-whw-9-3-hours.txt,text/00446-mth-252-linked-detail-module-9-written-homework-whw-9-3-hours.fulltext.txt,markdown/00446-mth-252-linked-detail-module-9-written-homework-whw-9-3-hours.md,,metadata/00446-mth-252-linked-detail-module-9-written-homework-whw-9-3-hours.json,f0d4b02893cfd7a74893ab03f19afda8e6e052ea858ad05e004cd75ade751fea,68e2c2f9c25a58054ff5f37bacdf0e12037dd10f0aaa045429f3b3af59ea25b6,2026-07-30T20:42:29.905Z,2,54,2,0,0,0
00447-mth-252-linked-detail-achieve-2-5-1-physical-applications,2080857,MTH-252,linked_detail,linked_detail,https://canvas.oregonstate.edu/courses/2080857/assignments/10586034?module_item_id=26982638#,https://canvas.oregonstate.edu/courses/2080857/assignments/10586034?module_item_id=26982638#,Achieve - 2.5 - 1 Physical Applications,assignment,10586034,2,,yes,raw_html/00447-mth-252-linked-detail-achieve-2-5-1-physical-applications.html,text/00447-mth-252-linked-detail-achieve-2-5-1-physical-applications.txt,text/00447-mth-252-linked-detail-achieve-2-5-1-physical-applications.fulltext.txt,markdown/00447-mth-252-linked-detail-achieve-2-5-1-physical-applications.md,,metadata/00447-mth-252-linked-detail-achieve-2-5-1-physical-applications.json,67a9456d459ebd15cd893adc8132bdbbc67e70bd02153dc2d9a3eee0df1c8d15,a8922badaf9dac70497913cf8199968cb73eefdcd560b5e10e8c0d3102cc4e3e,2026-07-30T20:42:32.756Z,2,54,2,0,0,0
00448-mth-252-linked-detail-achieve-2-5-2-physical-applications,2080857,MTH-252,linked_detail,linked_detail,https://canvas.oregonstate.edu/courses/2080857/assignments/10586036?module_item_id=26982639#,https://canvas.oregonstate.edu/courses/2080857/assignments/10586036?module_item_id=26982639#,Achieve - 2.5 - 2 Physical Applications,assignment,10586036,2,,yes,raw_html/00448-mth-252-linked-detail-achieve-2-5-2-physical-applications.html,text/00448-mth-252-linked-detail-achieve-2-5-2-physical-applications.txt,text/00448-mth-252-linked-detail-achieve-2-5-2-physical-applications.fulltext.txt,markdown/00448-mth-252-linked-detail-achieve-2-5-2-physical-applications.md,,metadata/00448-mth-252-linked-detail-achieve-2-5-2-physical-applications.json,8c019f64eb0ee09ffdf67cf77e9ca71e463ba2f5859553d390ce94f7e7325f3f,b814c762bc5f2e71c4cf424e3144b41575fd8335e26a650e14e35c553cb99814,2026-07-30T20:42:41.627Z,2,52,2,0,0,0
00449-mth-252-linked-detail-252-lecture-2-5-to-me5-pdf-integral-calculus-mth-252z-400-u2026,2080857,MTH-252,linked_detail,linked_detail,https://canvas.oregonstate.edu/courses/2080857/files/119223598?module_item_id=26982644#,https://canvas.oregonstate.edu/courses/2080857/files/119223598?module_item_id=26982644#,252-Lecture-2.5-to-ME5.pdf: INTEGRAL CALCULUS (MTH_252Z_400_U2026),file,119223598,2,,,raw_html/00449-mth-252-linked-detail-252-lecture-2-5-to-me5-pdf-integral-calculus-mth-252z-400-u2026.html,text/00449-mth-252-linked-detail-252-lecture-2-5-to-me5-pdf-integral-calculus-mth-252z-400-u2026.txt,text/00449-mth-252-linked-detail-252-lecture-2-5-to-me5-pdf-integral-calculus-mth-252z-400-u2026.fulltext.txt,markdown/00449-mth-252-linked-detail-252-lecture-2-5-to-me5-pdf-integral-calculus-mth-252z-400-u2026.md,,metadata/00449-mth-252-linked-detail-252-lecture-2-5-to-me5-pdf-integral-calculus-mth-252z-400-u2026.json,470914abf3d98fa552328fbce1ec5233574363b37aae24bbf7bda1a31d7c4ea2,6c35fbced3ee727262015f36306f87e1f66f9cc1c55c23f1d70a61dcb485dac6,2026-07-30T20:42:44.029Z,1,31,3,0,0,0
00450-mth-252-linked-detail-252-lecture-2-5-to-me5-pages-5-8-13-17-19-20-1-2-pdf-integral-calculus-mth-252z-400-u2026,2080857,MTH-252,linked_detail,linked_detail,https://canvas.oregonstate.edu/courses/2080857/files/119223618?wrap=1,https://canvas.oregonstate.edu/courses/2080857/files/119223618?wrap=1,"252-Lecture-2.5-to-ME5 pages 5 - 8, 13 - 17, 19, 20-1-2.pdf: INTEGRAL CALCULUS (MTH_252Z_400_U2026)",file,119223618,2,,,raw_html/00450-mth-252-linked-detail-252-lecture-2-5-to-me5-pages-5-8-13-17-19-20-1-2-pdf-integral-calculus-mth-252z-400-u2026.html,text/00450-mth-252-linked-detail-252-lecture-2-5-to-me5-pages-5-8-13-17-19-20-1-2-pdf-integral-calculus-mth-252z-400-u2026.txt,text/00450-mth-252-linked-detail-252-lecture-2-5-to-me5-pages-5-8-13-17-19-20-1-2-pdf-integral-calculus-mth-252z-400-u2026.fulltext.txt,markdown/00450-mth-252-linked-detail-252-lecture-2-5-to-me5-pages-5-8-13-17-19-20-1-2-pdf-integral-calculus-mth-252z-400-u2026.md,,metadata/00450-mth-252-linked-detail-252-lecture-2-5-to-me5-pages-5-8-13-17-19-20-1-2-pdf-integral-calculus-mth-252z-400-u2026.json,a0dc3362ff1259d963c466ae0aa96fbe17559dc55441ade27d75e3b3fb664d6e,9b3b82379a83ec21e483874d785a0f67317f0c602ca3fd1fbe5cdf67d798616b,2026-07-30T20:42:46.206Z,1,29,3,0,0,0
00451-mth-252-linked-detail-reflection-3,2080857,MTH-252,linked_detail,linked_detail,https://canvas.oregonstate.edu/courses/2080857/assignments/10586064?module_item_id=26982647#,https://canvas.oregonstate.edu/courses/2080857/assignments/10586064?module_item_id=26982647#,Reflection 3,assignment,10586064,2,,yes,raw_html/00451-mth-252-linked-detail-reflection-3.html,text/00451-mth-252-linked-detail-reflection-3.txt,text/00451-mth-252-linked-detail-reflection-3.fulltext.txt,markdown/00451-mth-252-linked-detail-reflection-3.md,,metadata/00451-mth-252-linked-detail-reflection-3.json,6e530ca3cc6dcb1b0723ee1d43781c2c9b77d15d694a0a480d90e7388b1b8d53,d6b7b4d80862b46bb0b9c40ee6175231cababea91b977052bdaca7f8d0f4fde7,2026-07-30T20:42:48.756Z,2,54,2,0,0,0
00452-mth-252-linked-detail-achieve-3-7-improper-integrals,2080857,MTH-252,linked_detail,linked_detail,https://canvas.oregonstate.edu/courses/2080857/assignments/10586041?module_item_id=26982648#,https://canvas.oregonstate.edu/courses/2080857/assignments/10586041?module_item_id=26982648#,Achieve - 3.7 Improper Integrals,assignment,10586041,2,,yes,raw_html/00452-mth-252-linked-detail-achieve-3-7-improper-integrals.html,text/00452-mth-252-linked-detail-achieve-3-7-improper-integrals.txt,text/00452-mth-252-linked-detail-achieve-3-7-improper-integrals.fulltext.txt,markdown/00452-mth-252-linked-detail-achieve-3-7-improper-integrals.md,,metadata/00452-mth-252-linked-detail-achieve-3-7-improper-integrals.json,ae9d4d7b5cdaa5730f4b8888528ea867207c0ced003b9d631b376be44ea6aaa3,53fec05f345ea05025759d6243ff2ac719fe1453f96acea3bbb087d361b7a713,2026-07-30T20:42:51.707Z,2,54,2,0,0,0
00453-mth-252-linked-detail-module-10-written-homework-whw-10-3-hours,2080857,MTH-252,linked_detail,linked_detail,https://canvas.oregonstate.edu/courses/2080857/assignments/10586054?module_item_id=26982649#,https://canvas.oregonstate.edu/courses/2080857/assignments/10586054?module_item_id=26982649#,Module 10 — Written Homework (WHW 10) 🕓 3 hours,assignment,10586054,2,,,raw_html/00453-mth-252-linked-detail-module-10-written-homework-whw-10-3-hours.html,text/00453-mth-252-linked-detail-module-10-written-homework-whw-10-3-hours.txt,text/00453-mth-252-linked-detail-module-10-written-homework-whw-10-3-hours.fulltext.txt,markdown/00453-mth-252-linked-detail-module-10-written-homework-whw-10-3-hours.md,,metadata/00453-mth-252-linked-detail-module-10-written-homework-whw-10-3-hours.json,e05e7c9add2f38d0ec2ca002af8c51c89fe9b262325dc655a5010fe87e417c53,6dfc122e01e544f3db52b117d162e4c8372bb473d2bc1381cb9f452a3da25f3d,2026-07-30T20:42:53.858Z,2,54,2,0,0,0
00454-mth-252-linked-detail-final-mini-exam-5-monday-to-wednesday,2080857,MTH-252,linked_detail,linked_detail,https://canvas.oregonstate.edu/courses/2080857/assignments/10586043?module_item_id=26982652#,https://canvas.oregonstate.edu/courses/2080857/assignments/10586043?module_item_id=26982652#,Final Mini-Exam 5 --> Monday to Wednesday,assignment,10586043,2,,,raw_html/00454-mth-252-linked-detail-final-mini-exam-5-monday-to-wednesday.html,text/00454-mth-252-linked-detail-final-mini-exam-5-monday-to-wednesday.txt,text/00454-mth-252-linked-detail-final-mini-exam-5-monday-to-wednesday.fulltext.txt,markdown/00454-mth-252-linked-detail-final-mini-exam-5-monday-to-wednesday.md,,metadata/00454-mth-252-linked-detail-final-mini-exam-5-monday-to-wednesday.json,595fb0db05cdb73db44e82b06508fb63ddfe4f9a30374ba329631c3838e10018,be5c5507e3ef76397839642feb759b4091df091ba04003b0b879b24726b15846,2026-07-30T20:42:56.007Z,2,54,2,0,0,0
00455-mth-252-linked-detail-mini-exam-1-retake,2080857,MTH-252,linked_detail,linked_detail,https://canvas.oregonstate.edu/courses/2080857/assignments/10586046?module_item_id=26982653#,https://canvas.oregonstate.edu/courses/2080857/assignments/10586046?module_item_id=26982653#,Mini-Exam 1 - Retake,assignment,10586046,2,,,raw_html/00455-mth-252-linked-detail-mini-exam-1-retake.html,text/00455-mth-252-linked-detail-mini-exam-1-retake.txt,text/00455-mth-252-linked-detail-mini-exam-1-retake.fulltext.txt,markdown/00455-mth-252-linked-detail-mini-exam-1-retake.md,,metadata/00455-mth-252-linked-detail-mini-exam-1-retake.json,b2d9de9458d8e280057c3daef1d4f8c6885f0f7454fe3cbe9a0b423727aafe9c,44a6b42b19657cad0bc5810eaa96a09585575d85ad18b8564911af68b22b86a0,2026-07-30T20:42:58.458Z,2,54,2,0,0,0
00456-mth-252-linked-detail-me2-retake-template-pdf-integral-calculus-mth-252z-400-u2026,2080857,MTH-252,linked_detail,linked_detail,https://canvas.oregonstate.edu/courses/2080857/files/119223455?wrap=1,https://canvas.oregonstate.edu/courses/2080857/files/119223455?wrap=1,ME2-Retake-Template.pdf: INTEGRAL CALCULUS (MTH_252Z_400_U2026),file,119223455,2,,,raw_html/00456-mth-252-linked-detail-me2-retake-template-pdf-integral-calculus-mth-252z-400-u2026.html,text/00456-mth-252-linked-detail-me2-retake-template-pdf-integral-calculus-mth-252z-400-u2026.txt,text/00456-mth-252-linked-detail-me2-retake-template-pdf-integral-calculus-mth-252z-400-u2026.fulltext.txt,markdown/00456-mth-252-linked-detail-me2-retake-template-pdf-integral-calculus-mth-252z-400-u2026.md,,metadata/00456-mth-252-linked-detail-me2-retake-template-pdf-integral-calculus-mth-252z-400-u2026.json,d8f9d77e3156612e81c4c98cc31fa906de317995383cfe2c64977dc8d802ad3c,66319d2ef6e145801f2d53dedf74425dfdf1b85d05ea53b1232966cb0ef76886,2026-07-30T20:43:00.810Z,1,29,3,0,0,0
00457-mth-252-linked-detail-mini-exam-2-retake,2080857,MTH-252,linked_detail,linked_detail,https://canvas.oregonstate.edu/courses/2080857/assignments/10586047?module_item_id=26982654#,https://canvas.oregonstate.edu/courses/2080857/assignments/10586047?module_item_id=26982654#,Mini-Exam 2 - Retake,assignment,10586047,2,,yes,raw_html/00457-mth-252-linked-detail-mini-exam-2-retake.html,text/00457-mth-252-linked-detail-mini-exam-2-retake.txt,text/00457-mth-252-linked-detail-mini-exam-2-retake.fulltext.txt,markdown/00457-mth-252-linked-detail-mini-exam-2-retake.md,,metadata/00457-mth-252-linked-detail-mini-exam-2-retake.json,cedb517cd352015ef2f96e2cbe9d2f1d9ecec1cff209c9f2a82f7fa16504101b,fa4aa9d3468c94bd5d7bca308f26c6c1bbce26e2281f14782700ccc04944395c,2026-07-30T20:43:03.459Z,9,62,2,0,0,0
00458-mth-252-linked-detail-me3-retake-template-pdf-integral-calculus-mth-252z-400-u2026,2080857,MTH-252,linked_detail,linked_detail,https://canvas.oregonstate.edu/courses/2080857/files/119223623?wrap=1,https://canvas.oregonstate.edu/courses/2080857/files/119223623?wrap=1,ME3-Retake-Template.pdf: INTEGRAL CALCULUS (MTH_252Z_400_U2026),file,119223623,2,,,raw_html/00458-mth-252-linked-detail-me3-retake-template-pdf-integral-calculus-mth-252z-400-u2026.html,text/00458-mth-252-linked-detail-me3-retake-template-pdf-integral-calculus-mth-252z-400-u2026.txt,text/00458-mth-252-linked-detail-me3-retake-template-pdf-integral-calculus-mth-252z-400-u2026.fulltext.txt,markdown/00458-mth-252-linked-detail-me3-retake-template-pdf-integral-calculus-mth-252z-400-u2026.md,,metadata/00458-mth-252-linked-detail-me3-retake-template-pdf-integral-calculus-mth-252z-400-u2026.json,eec84cf175109ef27c259d00ac7acd3680d907f987eab3e10061a035ae6e57c5,ef1f4c9a776cdc52514a93d5d632fb8bc3968011f500a26431858f4eb131a271,2026-07-30T20:43:05.525Z,1,29,3,0,0,0
00459-mth-252-linked-detail-mini-exam-3-retake,2080857,MTH-252,linked_detail,linked_detail,https://canvas.oregonstate.edu/courses/2080857/assignments/10586049?module_item_id=26982655#,https://canvas.oregonstate.edu/courses/2080857/assignments/10586049?module_item_id=26982655#,Mini-Exam 3 - Retake,assignment,10586049,2,,yes,raw_html/00459-mth-252-linked-detail-mini-exam-3-retake.html,text/00459-mth-252-linked-detail-mini-exam-3-retake.txt,text/00459-mth-252-linked-detail-mini-exam-3-retake.fulltext.txt,markdown/00459-mth-252-linked-detail-mini-exam-3-retake.md,,metadata/00459-mth-252-linked-detail-mini-exam-3-retake.json,a2a4a627fd195561a86517a78051b2c5b36db4ed15a3b39f235c10cecc2d579b,b1a94b4b81fb75d3a594e5d9ccb1e3052d0b4bd69119dfa3916c19c0bc320d94,2026-07-30T20:43:07.662Z,9,60,2,0,0,0
00460-mth-252-linked-detail-me4-retake-template-pdf-integral-calculus-mth-252z-400-u2026,2080857,MTH-252,linked_detail,linked_detail,https://canvas.oregonstate.edu/courses/2080857/files/119223452?wrap=1,https://canvas.oregonstate.edu/courses/2080857/files/119223452?wrap=1,ME4-Retake-Template.pdf: INTEGRAL CALCULUS (MTH_252Z_400_U2026),file,119223452,2,,,raw_html/00460-mth-252-linked-detail-me4-retake-template-pdf-integral-calculus-mth-252z-400-u2026.html,text/00460-mth-252-linked-detail-me4-retake-template-pdf-integral-calculus-mth-252z-400-u2026.txt,text/00460-mth-252-linked-detail-me4-retake-template-pdf-integral-calculus-mth-252z-400-u2026.fulltext.txt,markdown/00460-mth-252-linked-detail-me4-retake-template-pdf-integral-calculus-mth-252z-400-u2026.md,,metadata/00460-mth-252-linked-detail-me4-retake-template-pdf-integral-calculus-mth-252z-400-u2026.json,48c43e81abd88b50cb1382d437a94d5e3477ce2818657974be7ca92327b72364,cfa9eab5f6cd3b620c2dee68a3b58b8cb0c384fcf707db0da150ee939df39eef,2026-07-30T20:43:09.711Z,1,29,3,0,0,0
00461-mth-252-linked-detail-mini-exam-4-retake,2080857,MTH-252,linked_detail,linked_detail,https://canvas.oregonstate.edu/courses/2080857/assignments/10586051?module_item_id=26982656#,https://canvas.oregonstate.edu/courses/2080857/assignments/10586051?module_item_id=26982656#,Mini-Exam 4 - Retake,assignment,10586051,2,,yes,raw_html/00461-mth-252-linked-detail-mini-exam-4-retake.html,text/00461-mth-252-linked-detail-mini-exam-4-retake.txt,text/00461-mth-252-linked-detail-mini-exam-4-retake.fulltext.txt,markdown/00461-mth-252-linked-detail-mini-exam-4-retake.md,,metadata/00461-mth-252-linked-detail-mini-exam-4-retake.json,7f95035ae2682eac28f7c3442f132d836b492283ad39f6a5abdd331e5d976488,044e3202968d6ea154814e4099bdfe58e689c03a3b95b61998bc7185d43fa025,2026-07-30T20:43:12.360Z,9,60,2,0,0,0
00462-mth-252-linked-detail-what-is-calculus,2080857,MTH-252,linked_detail,linked_detail,https://canvas.oregonstate.edu/courses/2080857/modules/items/26982657,https://canvas.oregonstate.edu/courses/2080857/modules/items/26982657,What is Calculus?,module_item,26982657,2,,,raw_html/00462-mth-252-linked-detail-what-is-calculus.html,text/00462-mth-252-linked-detail-what-is-calculus.txt,text/00462-mth-252-linked-detail-what-is-calculus.fulltext.txt,markdown/00462-mth-252-linked-detail-what-is-calculus.md,,metadata/00462-mth-252-linked-detail-what-is-calculus.json,d0b3e7a4b145a44d7b28a87f33669cbcd9793c2b90c8b14c148e7e7c87d14f6e,e4b86ec275b9f81801489acd2801852bee961ebb1d301d0d4f72ad8bbff1aeec,2026-07-30T20:43:14.305Z,1,30,2,0,0,0
00463-mth-252-linked-detail-indefinite-integral-trig-times-linear,2080857,MTH-252,linked_detail,linked_detail,https://canvas.oregonstate.edu/courses/2080857/modules/items/26982729,https://canvas.oregonstate.edu/courses/2080857/modules/items/26982729,Indefinite integral: Trig times linear,module_item,26982729,2,,,raw_html/00463-mth-252-linked-detail-indefinite-integral-trig-times-linear.html,text/00463-mth-252-linked-detail-indefinite-integral-trig-times-linear.txt,text/00463-mth-252-linked-detail-indefinite-integral-trig-times-linear.fulltext.txt,markdown/00463-mth-252-linked-detail-indefinite-integral-trig-times-linear.md,,metadata/00463-mth-252-linked-detail-indefinite-integral-trig-times-linear.json,e8a61e8175fb4c2f18207859de9ba76a3910d3c3b36d2140d7b706879f76d746,3f32a2e5ace2573a4da1c3d7998b438cc314384c11a8a4d207c4bd6e2bcd6cef,2026-07-30T20:43:16.207Z,1,30,2,0,0,0
00464-mth-252-linked-detail-indefinite-integral-exponential-and-trig-ibp-twice-and-solve,2080857,MTH-252,linked_detail,linked_detail,https://canvas.oregonstate.edu/courses/2080857/modules/items/26982731,https://canvas.oregonstate.edu/courses/2080857/modules/items/26982731,"Indefinite integral: Exponential and trig, IBP twice and solve",module_item,26982731,2,,,raw_html/00464-mth-252-linked-detail-indefinite-integral-exponential-and-trig-ibp-twice-and-solve.html,text/00464-mth-252-linked-detail-indefinite-integral-exponential-and-trig-ibp-twice-and-solve.txt,text/00464-mth-252-linked-detail-indefinite-integral-exponential-and-trig-ibp-twice-and-solve.fulltext.txt,markdown/00464-mth-252-linked-detail-indefinite-integral-exponential-and-trig-ibp-twice-and-solve.md,,metadata/00464-mth-252-linked-detail-indefinite-integral-exponential-and-trig-ibp-twice-and-solve.json,3bf413c365808f1c277e9908719be214bd765d7c8f2e9fdeb866f8ad8912cb97,d587ae626ed4c45200b3e34ef60247e75a38d98d330227f670d372a17f3b9979,2026-07-30T20:43:18.311Z,1,30,2,0,0,0
00465-mth-253-linked-detail-mth-253-course-syllabus-summer-2026-pdf-sequences-and-series-mth-253z-400-u2026,2053263,MTH-253,linked_detail,linked_detail,https://canvas.oregonstate.edu/courses/2053263/files/119228487?wrap=1,https://canvas.oregonstate.edu/courses/2053263/files/119228487?wrap=1,MTH_253_Course_Syllabus_Summer_2026.pdf: SEQUENCES AND SERIES (MTH_253Z_400_U2026),file,119228487,2,,,raw_html/00465-mth-253-linked-detail-mth-253-course-syllabus-summer-2026-pdf-sequences-and-series-mth-253z-400-u2026.html,text/00465-mth-253-linked-detail-mth-253-course-syllabus-summer-2026-pdf-sequences-and-series-mth-253z-400-u2026.txt,text/00465-mth-253-linked-detail-mth-253-course-syllabus-summer-2026-pdf-sequences-and-series-mth-253z-400-u2026.fulltext.txt,markdown/00465-mth-253-linked-detail-mth-253-course-syllabus-summer-2026-pdf-sequences-and-series-mth-253z-400-u2026.md,,metadata/00465-mth-253-linked-detail-mth-253-course-syllabus-summer-2026-pdf-sequences-and-series-mth-253z-400-u2026.json,275468497771946f67ff28dffa65ddc56101ad2f048bd5863e7862d6fd4698ca,a326021d2f4bed4d0dd796730069e798c11f6bfd1bc3ccaf0797b8592e3f8f1d,2026-07-30T20:43:20.709Z,1,31,3,0,0,0
00466-mth-253-linked-detail-mth-253-weekly-schedule-docx-sequences-and-series-mth-253z-400-u2026,2053263,MTH-253,linked_detail,linked_detail,https://canvas.oregonstate.edu/courses/2053263/files/118558899?wrap=1,https://canvas.oregonstate.edu/courses/2053263/files/118558899?wrap=1,MTH 253 Weekly Schedule.docx: SEQUENCES AND SERIES (MTH_253Z_400_U2026),file,118558899,2,,,raw_html/00466-mth-253-linked-detail-mth-253-weekly-schedule-docx-sequences-and-series-mth-253z-400-u2026.html,text/00466-mth-253-linked-detail-mth-253-weekly-schedule-docx-sequences-and-series-mth-253z-400-u2026.txt,text/00466-mth-253-linked-detail-mth-253-weekly-schedule-docx-sequences-and-series-mth-253z-400-u2026.fulltext.txt,markdown/00466-mth-253-linked-detail-mth-253-weekly-schedule-docx-sequences-and-series-mth-253z-400-u2026.md,,metadata/00466-mth-253-linked-detail-mth-253-weekly-schedule-docx-sequences-and-series-mth-253z-400-u2026.json,1d76ad89c63821bb484c233faf75c4322d76018b38e37d6a723a5258760c6ed8,6b4815f4c8489aaccd28a5083b5590cb4bcd2eab22f1664223cbba8fbfa5ddac,2026-07-30T20:43:23.157Z,1,31,3,0,0,0
00467-mth-253-linked-detail-practice-quiz-take-it-before-attempting-quiz-1-sequences-and-series-mth-253z-400-u2026,2053263,MTH-253,linked_detail,linked_detail,https://canvas.oregonstate.edu/courses/2053263/quizzes/3166971/take?user_id=6660414,https://canvas.oregonstate.edu/courses/2053263/quizzes/3166971/take?user_id=6660414,Practice Quiz (take it before attempting Quiz 1!): SEQUENCES AND SERIES (MTH_253Z_400_U2026),quiz,3166971,2,,,raw_html/00467-mth-253-linked-detail-practice-quiz-take-it-before-attempting-quiz-1-sequences-and-series-mth-253z-400-u2026.html,text/00467-mth-253-linked-detail-practice-quiz-take-it-before-attempting-quiz-1-sequences-and-series-mth-253z-400-u2026.txt,text/00467-mth-253-linked-detail-practice-quiz-take-it-before-attempting-quiz-1-sequences-and-series-mth-253z-400-u2026.fulltext.txt,markdown/00467-mth-253-linked-detail-practice-quiz-take-it-before-attempting-quiz-1-sequences-and-series-mth-253z-400-u2026.md,,metadata/00467-mth-253-linked-detail-practice-quiz-take-it-before-attempting-quiz-1-sequences-and-series-mth-253z-400-u2026.json,78ac90f94261d5165d12521290dcb8dce3b18f945bfc5048e4e4cd5feb0d6da3,883f1cca912227e88175361ce097e90c819fd2addb737e79fd8aa0cd4bc0fdbc,2026-07-30T20:43:25.658Z,5,41,2,0,0,0
00468-mth-253-linked-detail-jacob-peterson-s-quiz-history-practice-quiz-take-it-before-attempting-quiz-1,2053263,MTH-253,linked_detail,linked_detail,https://canvas.oregonstate.edu/courses/2053263/quizzes/3166971/history?version=2,https://canvas.oregonstate.edu/courses/2053263/quizzes/3166971/history?version=2,Jacob Peterson's Quiz History: Practice Quiz (take it before attempting Quiz 1!),quiz,3166971,2,,,raw_html/00468-mth-253-linked-detail-jacob-peterson-s-quiz-history-practice-quiz-take-it-before-attempting-quiz-1.html,text/00468-mth-253-linked-detail-jacob-peterson-s-quiz-history-practice-quiz-take-it-before-attempting-quiz-1.txt,text/00468-mth-253-linked-detail-jacob-peterson-s-quiz-history-practice-quiz-take-it-before-attempting-quiz-1.fulltext.txt,markdown/00468-mth-253-linked-detail-jacob-peterson-s-quiz-history-practice-quiz-take-it-before-attempting-quiz-1.md,,metadata/00468-mth-253-linked-detail-jacob-peterson-s-quiz-history-practice-quiz-take-it-before-attempting-quiz-1.json,51399955450c900c32f4f1a7a35cd07ebaa84224d2b00266f30d51ee484fd8ce,5e5be132341bce91b7dc06151b92332e07f23bdbe1c7b49127619956b5fbd93a,2026-07-30T20:43:27.958Z,1,41,2,0,0,0
00469-mth-253-linked-detail-jacob-peterson-s-quiz-history-practice-quiz-take-it-before-attempting-quiz-1,2053263,MTH-253,linked_detail,linked_detail,https://canvas.oregonstate.edu/courses/2053263/quizzes/3166971/history?version=1,https://canvas.oregonstate.edu/courses/2053263/quizzes/3166971/history?version=1,Jacob Peterson's Quiz History: Practice Quiz (take it before attempting Quiz 1!),quiz,3166971,2,,,raw_html/00469-mth-253-linked-detail-jacob-peterson-s-quiz-history-practice-quiz-take-it-before-attempting-quiz-1.html,text/00469-mth-253-linked-detail-jacob-peterson-s-quiz-history-practice-quiz-take-it-before-attempting-quiz-1.txt,text/00469-mth-253-linked-detail-jacob-peterson-s-quiz-history-practice-quiz-take-it-before-attempting-quiz-1.fulltext.txt,markdown/00469-mth-253-linked-detail-jacob-peterson-s-quiz-history-practice-quiz-take-it-before-attempting-quiz-1.md,,metadata/00469-mth-253-linked-detail-jacob-peterson-s-quiz-history-practice-quiz-take-it-before-attempting-quiz-1.json,3b01d39566218518e247a3a688de433392d32707551b464a28467cdc1de77e49,3e5a33d705df306386a7c4018b2c06d14de35c89cc1f5bf250ee09dbf7d7d58c,2026-07-30T20:43:30.614Z,1,39,2,0,0,0
00470-mth-253-linked-detail-practice-quiz-take-it-before-attempting-quiz-1-sequences-and-series-mth-253z-400-u2026,2053263,MTH-253,linked_detail,linked_detail,https://canvas.oregonstate.edu/courses/2053263/quizzes/3166971?module_item_id=26982050#,https://canvas.oregonstate.edu/courses/2053263/quizzes/3166971?module_item_id=26982050#,Practice Quiz (take it before attempting Quiz 1!): SEQUENCES AND SERIES (MTH_253Z_400_U2026),quiz,3166971,2,,,raw_html/00470-mth-253-linked-detail-practice-quiz-take-it-before-attempting-quiz-1-sequences-and-series-mth-253z-400-u2026.html,text/00470-mth-253-linked-detail-practice-quiz-take-it-before-attempting-quiz-1-sequences-and-series-mth-253z-400-u2026.txt,text/00470-mth-253-linked-detail-practice-quiz-take-it-before-attempting-quiz-1-sequences-and-series-mth-253z-400-u2026.fulltext.txt,markdown/00470-mth-253-linked-detail-practice-quiz-take-it-before-attempting-quiz-1-sequences-and-series-mth-253z-400-u2026.md,,metadata/00470-mth-253-linked-detail-practice-quiz-take-it-before-attempting-quiz-1-sequences-and-series-mth-253z-400-u2026.json,00268dd8069ee158f65f2180f684ce6bb8b39999a4fc76ad2ed3683014d7b140,7c9e0cc3dc62470ded3936c300d3c22b5018377015b1f123b5ccf55232d30078,2026-07-30T20:43:33.469Z,5,41,2,0,0,0
00471-mth-253-linked-detail-unauthorized,2053263,MTH-253,linked_detail,linked_detail,https://canvas.oregonstate.edu/courses/2053263/quizzes/3166971/questions/59149565,https://canvas.oregonstate.edu/courses/2053263/quizzes/3166971/questions/59149565,Unauthorized,quiz,3166971,2,,,raw_html/00471-mth-253-linked-detail-unauthorized.html,text/00471-mth-253-linked-detail-unauthorized.txt,text/00471-mth-253-linked-detail-unauthorized.fulltext.txt,markdown/00471-mth-253-linked-detail-unauthorized.md,,metadata/00471-mth-253-linked-detail-unauthorized.json,ee4004096afe03376fce7e7a89e3f830a9984fcb0842998f9a446ddceb009801,2b62e20d47d477eacda81c2beef0dbb06e7f4e1a1021b68e5f70be2917f36f5b,2026-07-30T20:43:36.556Z,1,13,2,0,0,0
00472-mth-253-linked-detail-unauthorized,2053263,MTH-253,linked_detail,linked_detail,https://canvas.oregonstate.edu/courses/2053263/quizzes/3166971/questions/59149944,https://canvas.oregonstate.edu/courses/2053263/quizzes/3166971/questions/59149944,Unauthorized,quiz,3166971,2,,,raw_html/00472-mth-253-linked-detail-unauthorized.html,text/00472-mth-253-linked-detail-unauthorized.txt,text/00472-mth-253-linked-detail-unauthorized.fulltext.txt,markdown/00472-mth-253-linked-detail-unauthorized.md,,metadata/00472-mth-253-linked-detail-unauthorized.json,e01882ecc34ca29b3bd755e36f208b62fd16fc612a87843878c7ac4fb206fb46,2b62e20d47d477eacda81c2beef0dbb06e7f4e1a1021b68e5f70be2917f36f5b,2026-07-30T20:43:39.261Z,1,13,2,0,0,0
00473-mth-253-linked-detail-evaluating-limits-pdf-sequences-and-series-mth-253z-400-u2026,2053263,MTH-253,linked_detail,linked_detail,https://canvas.oregonstate.edu/courses/2053263/files/118558936?wrap=1,https://canvas.oregonstate.edu/courses/2053263/files/118558936?wrap=1,Evaluating Limits.pdf: SEQUENCES AND SERIES (MTH_253Z_400_U2026),file,118558936,2,,,raw_html/00473-mth-253-linked-detail-evaluating-limits-pdf-sequences-and-series-mth-253z-400-u2026.html,text/00473-mth-253-linked-detail-evaluating-limits-pdf-sequences-and-series-mth-253z-400-u2026.txt,text/00473-mth-253-linked-detail-evaluating-limits-pdf-sequences-and-series-mth-253z-400-u2026.fulltext.txt,markdown/00473-mth-253-linked-detail-evaluating-limits-pdf-sequences-and-series-mth-253z-400-u2026.md,,metadata/00473-mth-253-linked-detail-evaluating-limits-pdf-sequences-and-series-mth-253z-400-u2026.json,8b95159d22b58a0807ed7be4de822431bfab1d16aa58d1b2a5ded1aaf04ec619,6cdec3846e668ab38005c588e0d0287f555f365c2a46b4e810457090d564658f,2026-07-30T20:43:42.007Z,1,32,3,0,0,0
00474-mth-253-linked-detail-infinite-limits-pdf-sequences-and-series-mth-253z-400-u2026,2053263,MTH-253,linked_detail,linked_detail,https://canvas.oregonstate.edu/courses/2053263/files/118558848?wrap=1,https://canvas.oregonstate.edu/courses/2053263/files/118558848?wrap=1,Infinite Limits.pdf: SEQUENCES AND SERIES (MTH_253Z_400_U2026),file,118558848,2,,,raw_html/00474-mth-253-linked-detail-infinite-limits-pdf-sequences-and-series-mth-253z-400-u2026.html,text/00474-mth-253-linked-detail-infinite-limits-pdf-sequences-and-series-mth-253z-400-u2026.txt,text/00474-mth-253-linked-detail-infinite-limits-pdf-sequences-and-series-mth-253z-400-u2026.fulltext.txt,markdown/00474-mth-253-linked-detail-infinite-limits-pdf-sequences-and-series-mth-253z-400-u2026.md,,metadata/00474-mth-253-linked-detail-infinite-limits-pdf-sequences-and-series-mth-253z-400-u2026.json,16b127e0a197c4687a61c8c1e751d85b572c8daa99087c4d5bf8d14405dc1567,d5aea60049e23187d24285243b07fb8dcec75694406d949474e1417edebabb65,2026-07-30T20:43:44.695Z,1,32,3,0,0,0
00475-mth-253-linked-detail-l-hospital-s-rule-pdf-sequences-and-series-mth-253z-400-u2026,2053263,MTH-253,linked_detail,linked_detail,https://canvas.oregonstate.edu/courses/2053263/files/118558879?wrap=1,https://canvas.oregonstate.edu/courses/2053263/files/118558879?wrap=1,L'Hospital's Rule.pdf: SEQUENCES AND SERIES (MTH_253Z_400_U2026),file,118558879,2,,,raw_html/00475-mth-253-linked-detail-l-hospital-s-rule-pdf-sequences-and-series-mth-253z-400-u2026.html,text/00475-mth-253-linked-detail-l-hospital-s-rule-pdf-sequences-and-series-mth-253z-400-u2026.txt,text/00475-mth-253-linked-detail-l-hospital-s-rule-pdf-sequences-and-series-mth-253z-400-u2026.fulltext.txt,markdown/00475-mth-253-linked-detail-l-hospital-s-rule-pdf-sequences-and-series-mth-253z-400-u2026.md,,metadata/00475-mth-253-linked-detail-l-hospital-s-rule-pdf-sequences-and-series-mth-253z-400-u2026.json,ccaeb8d8695ae0d3a36d68d74fff678c08eb041badf871ae1422fa0fd0ba010c,8e11058271cd517bb5833627bddb22c26940a475e8cdf2e632331cf6f1da1025,2026-07-30T20:43:47.357Z,1,32,3,0,0,0
00476-mth-253-linked-detail-improper-integrals-pdf-sequences-and-series-mth-253z-400-u2026,2053263,MTH-253,linked_detail,linked_detail,https://canvas.oregonstate.edu/courses/2053263/files/118558963?wrap=1,https://canvas.oregonstate.edu/courses/2053263/files/118558963?wrap=1,Improper Integrals.pdf: SEQUENCES AND SERIES (MTH_253Z_400_U2026),file,118558963,2,,,raw_html/00476-mth-253-linked-detail-improper-integrals-pdf-sequences-and-series-mth-253z-400-u2026.html,text/00476-mth-253-linked-detail-improper-integrals-pdf-sequences-and-series-mth-253z-400-u2026.txt,text/00476-mth-253-linked-detail-improper-integrals-pdf-sequences-and-series-mth-253z-400-u2026.fulltext.txt,markdown/00476-mth-253-linked-detail-improper-integrals-pdf-sequences-and-series-mth-253z-400-u2026.md,,metadata/00476-mth-253-linked-detail-improper-integrals-pdf-sequences-and-series-mth-253z-400-u2026.json,96766ddbe3836f403d9e827f4c6843bbb386bb05f991ad9322b646bab0e42ca3,87c5a94ab68227c2bbd06dc2ae40756486913445f7491510cda4709d4462cf22,2026-07-30T20:43:50.026Z,1,32,3,0,0,0
00477-mth-253-linked-detail-unit-1-written-homework-pdf-sequences-and-series-mth-253z-400-u2026,2053263,MTH-253,linked_detail,linked_detail,https://canvas.oregonstate.edu/courses/2053263/files/118558797?wrap=1,https://canvas.oregonstate.edu/courses/2053263/files/118558797?wrap=1,Unit #1 Written Homework.pdf: SEQUENCES AND SERIES (MTH_253Z_400_U2026),file,118558797,2,,,raw_html/00477-mth-253-linked-detail-unit-1-written-homework-pdf-sequences-and-series-mth-253z-400-u2026.html,text/00477-mth-253-linked-detail-unit-1-written-homework-pdf-sequences-and-series-mth-253z-400-u2026.txt,text/00477-mth-253-linked-detail-unit-1-written-homework-pdf-sequences-and-series-mth-253z-400-u2026.fulltext.txt,markdown/00477-mth-253-linked-detail-unit-1-written-homework-pdf-sequences-and-series-mth-253z-400-u2026.md,,metadata/00477-mth-253-linked-detail-unit-1-written-homework-pdf-sequences-and-series-mth-253z-400-u2026.json,a2c13ef8ed936b2604667c4a502307eb39d96416ffb418e92637659d5204972e,1baf0b20c900fe9a6bf79b553c9c25131be90468e1eb8cdecf1b090517082ddc,2026-07-30T20:43:52.860Z,1,32,3,0,0,0
00478-mth-253-linked-detail-unit-1-written-homework-assignment,2053263,MTH-253,linked_detail,linked_detail,https://canvas.oregonstate.edu/courses/2053263/assignments/10553179?module_item_id=26885537#,https://canvas.oregonstate.edu/courses/2053263/assignments/10553179?module_item_id=26885537#,Unit 1 - Written Homework Assignment,assignment,10553179,2,,,raw_html/00478-mth-253-linked-detail-unit-1-written-homework-assignment.html,text/00478-mth-253-linked-detail-unit-1-written-homework-assignment.txt,text/00478-mth-253-linked-detail-unit-1-written-homework-assignment.fulltext.txt,markdown/00478-mth-253-linked-detail-unit-1-written-homework-assignment.md,,metadata/00478-mth-253-linked-detail-unit-1-written-homework-assignment.json,15fe2d9b3dfb5fa6676553ad1ef4bcf5160b37c1b6c90c4e9e4ee82b03add6fd,eb378b23385f3656f48daf46ef81ec71e98f5e579a5fabefd705f4713033111c,2026-07-30T20:43:55.812Z,6,58,2,0,0,0
00479-mth-253-linked-detail-week-1-web-homework-infinity-and-limits-indeterminates-improper-integrals,2053263,MTH-253,linked_detail,linked_detail,https://canvas.oregonstate.edu/courses/2053263/assignments/10584258?module_item_id=26977416#,https://canvas.oregonstate.edu/courses/2053263/assignments/10584258?module_item_id=26977416#,"Week 1 Web Homework: Infinity and Limits, Indeterminates, Improper Integrals",assignment,10584258,2,,yes,raw_html/00479-mth-253-linked-detail-week-1-web-homework-infinity-and-limits-indeterminates-improper-integrals.html,text/00479-mth-253-linked-detail-week-1-web-homework-infinity-and-limits-indeterminates-improper-integrals.txt,text/00479-mth-253-linked-detail-week-1-web-homework-infinity-and-limits-indeterminates-improper-integrals.fulltext.txt,markdown/00479-mth-253-linked-detail-week-1-web-homework-infinity-and-limits-indeterminates-improper-integrals.md,,metadata/00479-mth-253-linked-detail-week-1-web-homework-infinity-and-limits-indeterminates-improper-integrals.json,5a060b55f617b0230d0ffd133296a33ac2e03da0f424741f7b4b4f0a8cc44634,b54137f771eaf47c35f070b53cd6fbc379144cd3ba90e27bc0f9bf16a3d84d47,2026-07-30T20:43:58.730Z,2,58,2,0,0,0
00480-mth-253-linked-detail-sequences-pdf-sequences-and-series-mth-253z-400-u2026,2053263,MTH-253,linked_detail,linked_detail,https://canvas.oregonstate.edu/courses/2053263/files/118558743?wrap=1,https://canvas.oregonstate.edu/courses/2053263/files/118558743?wrap=1,Sequences.pdf: SEQUENCES AND SERIES (MTH_253Z_400_U2026),file,118558743,2,,,raw_html/00480-mth-253-linked-detail-sequences-pdf-sequences-and-series-mth-253z-400-u2026.html,text/00480-mth-253-linked-detail-sequences-pdf-sequences-and-series-mth-253z-400-u2026.txt,text/00480-mth-253-linked-detail-sequences-pdf-sequences-and-series-mth-253z-400-u2026.fulltext.txt,markdown/00480-mth-253-linked-detail-sequences-pdf-sequences-and-series-mth-253z-400-u2026.md,,metadata/00480-mth-253-linked-detail-sequences-pdf-sequences-and-series-mth-253z-400-u2026.json,a6fbf3179fd9becd34266e042c876392cc06d8b7be2e183f72d73c02bf83cc2a,66c4647b8414eaf000db1f53737d0f97d32e8358cebda9d2a01cba677dec6904,2026-07-30T20:44:00.727Z,1,32,3,0,0,0
00481-mth-253-linked-detail-recursive-sequences-pdf-sequences-and-series-mth-253z-400-u2026,2053263,MTH-253,linked_detail,linked_detail,https://canvas.oregonstate.edu/courses/2053263/files/118558950?wrap=1,https://canvas.oregonstate.edu/courses/2053263/files/118558950?wrap=1,Recursive Sequences.pdf: SEQUENCES AND SERIES (MTH_253Z_400_U2026),file,118558950,2,,,raw_html/00481-mth-253-linked-detail-recursive-sequences-pdf-sequences-and-series-mth-253z-400-u2026.html,text/00481-mth-253-linked-detail-recursive-sequences-pdf-sequences-and-series-mth-253z-400-u2026.txt,text/00481-mth-253-linked-detail-recursive-sequences-pdf-sequences-and-series-mth-253z-400-u2026.fulltext.txt,markdown/00481-mth-253-linked-detail-recursive-sequences-pdf-sequences-and-series-mth-253z-400-u2026.md,,metadata/00481-mth-253-linked-detail-recursive-sequences-pdf-sequences-and-series-mth-253z-400-u2026.json,281ac428059f959b2620582b7afc9137397e753488a5519036046798fa720f66,2553ffcd75eec3bb329d8d14b9deabb750d42a1a965c9b8cd7f26668ae334ed8,2026-07-30T20:44:03.210Z,1,31,3,0,0,0
00482-mth-253-linked-detail-convergence-or-divergence-of-a-sequence-pdf-sequences-and-series-mth-253z-400-u2026,2053263,MTH-253,linked_detail,linked_detail,https://canvas.oregonstate.edu/courses/2053263/files/118558844?wrap=1,https://canvas.oregonstate.edu/courses/2053263/files/118558844?wrap=1,Convergence or Divergence of a Sequence.pdf: SEQUENCES AND SERIES (MTH_253Z_400_U2026),file,118558844,2,,,raw_html/00482-mth-253-linked-detail-convergence-or-divergence-of-a-sequence-pdf-sequences-and-series-mth-253z-400-u2026.html,text/00482-mth-253-linked-detail-convergence-or-divergence-of-a-sequence-pdf-sequences-and-series-mth-253z-400-u2026.txt,text/00482-mth-253-linked-detail-convergence-or-divergence-of-a-sequence-pdf-sequences-and-series-mth-253z-400-u2026.fulltext.txt,markdown/00482-mth-253-linked-detail-convergence-or-divergence-of-a-sequence-pdf-sequences-and-series-mth-253z-400-u2026.md,,metadata/00482-mth-253-linked-detail-convergence-or-divergence-of-a-sequence-pdf-sequences-and-series-mth-253z-400-u2026.json,553c9337608dac382c081790a1e935e866862b40f9e7347066ff0be7364fb33f,9e9d8fefd38aa26e394dcd0092c47290e7c6afeaeaae895f8f5f3dfbd1b1b2f5,2026-07-30T20:44:05.606Z,1,32,3,0,0,0
00483-mth-253-linked-detail-geometric-sequences-pdf-sequences-and-series-mth-253z-400-u2026,2053263,MTH-253,linked_detail,linked_detail,https://canvas.oregonstate.edu/courses/2053263/files/118558915?wrap=1,https://canvas.oregonstate.edu/courses/2053263/files/118558915?wrap=1,Geometric Sequences.pdf: SEQUENCES AND SERIES (MTH_253Z_400_U2026),file,118558915,2,,,raw_html/00483-mth-253-linked-detail-geometric-sequences-pdf-sequences-and-series-mth-253z-400-u2026.html,text/00483-mth-253-linked-detail-geometric-sequences-pdf-sequences-and-series-mth-253z-400-u2026.txt,text/00483-mth-253-linked-detail-geometric-sequences-pdf-sequences-and-series-mth-253z-400-u2026.fulltext.txt,markdown/00483-mth-253-linked-detail-geometric-sequences-pdf-sequences-and-series-mth-253z-400-u2026.md,,metadata/00483-mth-253-linked-detail-geometric-sequences-pdf-sequences-and-series-mth-253z-400-u2026.json,a7bd3499c48290e72d4403529e4adb76f74d06e6559a5cca9fafa11c77d5b621,af5cfa04885242605f56ec78d6f737c2220c036a6c68fe1ecbc1f1a7e5cb3b0b,2026-07-30T20:44:07.959Z,1,32,3,0,0,0
00484-mth-253-linked-detail-introduction-to-series-pdf-sequences-and-series-mth-253z-400-u2026,2053263,MTH-253,linked_detail,linked_detail,https://canvas.oregonstate.edu/courses/2053263/files/118558827?wrap=1,https://canvas.oregonstate.edu/courses/2053263/files/118558827?wrap=1,Introduction to Series.pdf: SEQUENCES AND SERIES (MTH_253Z_400_U2026),file,118558827,2,,,raw_html/00484-mth-253-linked-detail-introduction-to-series-pdf-sequences-and-series-mth-253z-400-u2026.html,text/00484-mth-253-linked-detail-introduction-to-series-pdf-sequences-and-series-mth-253z-400-u2026.txt,text/00484-mth-253-linked-detail-introduction-to-series-pdf-sequences-and-series-mth-253z-400-u2026.fulltext.txt,markdown/00484-mth-253-linked-detail-introduction-to-series-pdf-sequences-and-series-mth-253z-400-u2026.md,,metadata/00484-mth-253-linked-detail-introduction-to-series-pdf-sequences-and-series-mth-253z-400-u2026.json,0b2f7c9d37cfb94ed947b0a2ac3b3dbf4e3db8de08bc4ad3098d31c56e8b69b3,d1d1535f514dad0c73ca34d04fa4e97dc2f31d6a8a77d0362e598144179d44cf,2026-07-30T20:44:10.594Z,1,32,3,0,0,0
00485-mth-253-linked-detail-partial-sums-pdf-sequences-and-series-mth-253z-400-u2026,2053263,MTH-253,linked_detail,linked_detail,https://canvas.oregonstate.edu/courses/2053263/files/118558808?wrap=1,https://canvas.oregonstate.edu/courses/2053263/files/118558808?wrap=1,Partial Sums.pdf: SEQUENCES AND SERIES (MTH_253Z_400_U2026),file,118558808,2,,,raw_html/00485-mth-253-linked-detail-partial-sums-pdf-sequences-and-series-mth-253z-400-u2026.html,text/00485-mth-253-linked-detail-partial-sums-pdf-sequences-and-series-mth-253z-400-u2026.txt,text/00485-mth-253-linked-detail-partial-sums-pdf-sequences-and-series-mth-253z-400-u2026.fulltext.txt,markdown/00485-mth-253-linked-detail-partial-sums-pdf-sequences-and-series-mth-253z-400-u2026.md,,metadata/00485-mth-253-linked-detail-partial-sums-pdf-sequences-and-series-mth-253z-400-u2026.json,44d37d763c5dce923cd773e28974403479cfd1174e591b034e0339701d8697c6,3fcc4afefa2670ac9ea1d50bcaccd121f61941bdc4729f538803903a9ce6bf8a,2026-07-30T20:44:13.005Z,1,32,3,0,0,0
00486-mth-253-linked-detail-geometric-series-pdf-sequences-and-series-mth-253z-400-u2026,2053263,MTH-253,linked_detail,linked_detail,https://canvas.oregonstate.edu/courses/2053263/files/118558770?wrap=1,https://canvas.oregonstate.edu/courses/2053263/files/118558770?wrap=1,Geometric Series.pdf: SEQUENCES AND SERIES (MTH_253Z_400_U2026),file,118558770,2,,,raw_html/00486-mth-253-linked-detail-geometric-series-pdf-sequences-and-series-mth-253z-400-u2026.html,text/00486-mth-253-linked-detail-geometric-series-pdf-sequences-and-series-mth-253z-400-u2026.txt,text/00486-mth-253-linked-detail-geometric-series-pdf-sequences-and-series-mth-253z-400-u2026.fulltext.txt,markdown/00486-mth-253-linked-detail-geometric-series-pdf-sequences-and-series-mth-253z-400-u2026.md,,metadata/00486-mth-253-linked-detail-geometric-series-pdf-sequences-and-series-mth-253z-400-u2026.json,24e73638bbf26a361663c6a1d2275691925c03d828c94b39be9b4d9ae700eada,27dfeba39fc4130122066c0f073a56a6c4132a4580e259862a5e8594ed6f0c82,2026-07-30T20:44:15.860Z,1,32,3,0,0,0
00487-mth-253-linked-detail-repeating-decimals-and-geometric-series-pdf-sequences-and-series-mth-253z-400-u2026,2053263,MTH-253,linked_detail,linked_detail,https://canvas.oregonstate.edu/courses/2053263/files/118558809?wrap=1,https://canvas.oregonstate.edu/courses/2053263/files/118558809?wrap=1,Repeating Decimals and Geometric Series.pdf: SEQUENCES AND SERIES (MTH_253Z_400_U2026),file,118558809,2,,,raw_html/00487-mth-253-linked-detail-repeating-decimals-and-geometric-series-pdf-sequences-and-series-mth-253z-400-u2026.html,text/00487-mth-253-linked-detail-repeating-decimals-and-geometric-series-pdf-sequences-and-series-mth-253z-400-u2026.txt,text/00487-mth-253-linked-detail-repeating-decimals-and-geometric-series-pdf-sequences-and-series-mth-253z-400-u2026.fulltext.txt,markdown/00487-mth-253-linked-detail-repeating-decimals-and-geometric-series-pdf-sequences-and-series-mth-253z-400-u2026.md,,metadata/00487-mth-253-linked-detail-repeating-decimals-and-geometric-series-pdf-sequences-and-series-mth-253z-400-u2026.json,1eaea29fb09e2614699bf070a464d59295db13fd05ad85bab017dbb48eac2a8b,5f2952f87729691977eeb9c33598d905c8d17e8078b30276f830bbd994630aa3,2026-07-30T20:44:18.056Z,1,32,3,0,0,0
00488-mth-253-linked-detail-telescoping-series-pdf-sequences-and-series-mth-253z-400-u2026,2053263,MTH-253,linked_detail,linked_detail,https://canvas.oregonstate.edu/courses/2053263/files/118558919?wrap=1,https://canvas.oregonstate.edu/courses/2053263/files/118558919?wrap=1,Telescoping Series.pdf: SEQUENCES AND SERIES (MTH_253Z_400_U2026),file,118558919,2,,,raw_html/00488-mth-253-linked-detail-telescoping-series-pdf-sequences-and-series-mth-253z-400-u2026.html,text/00488-mth-253-linked-detail-telescoping-series-pdf-sequences-and-series-mth-253z-400-u2026.txt,text/00488-mth-253-linked-detail-telescoping-series-pdf-sequences-and-series-mth-253z-400-u2026.fulltext.txt,markdown/00488-mth-253-linked-detail-telescoping-series-pdf-sequences-and-series-mth-253z-400-u2026.md,,metadata/00488-mth-253-linked-detail-telescoping-series-pdf-sequences-and-series-mth-253z-400-u2026.json,441ec9ac7a37612c6fde5f9cbf2c8ce299eafb57e15d9d00ec6c59b3d70d4604,1612f1be01bfe56033cb00329bac6a5efee89217f4c24ca60dc59710421edf06,2026-07-30T20:44:20.356Z,1,32,3,0,0,0
00489-mth-253-linked-detail-week-2-web-homework-sequences,2053263,MTH-253,linked_detail,linked_detail,https://canvas.oregonstate.edu/courses/2053263/assignments/10584372?module_item_id=26977767#,https://canvas.oregonstate.edu/courses/2053263/assignments/10584372?module_item_id=26977767#,Week 2 Web Homework: Sequences,assignment,10584372,2,,yes,raw_html/00489-mth-253-linked-detail-week-2-web-homework-sequences.html,text/00489-mth-253-linked-detail-week-2-web-homework-sequences.txt,text/00489-mth-253-linked-detail-week-2-web-homework-sequences.fulltext.txt,markdown/00489-mth-253-linked-detail-week-2-web-homework-sequences.md,,metadata/00489-mth-253-linked-detail-week-2-web-homework-sequences.json,a2ea0351ecf4e0918f0d8ebbd5ccde2b4a230e75bf13e614a19bd7b136b2b6f1,6f486442d7a4b19f999fbedc8d2f226a5cd744140cdca251c40be06b85a89612,2026-07-30T20:44:23.102Z,2,58,2,0,0,0
00490-mth-253-linked-detail-unit-2-written-homework-pdf-sequences-and-series-mth-253z-400-u2026,2053263,MTH-253,linked_detail,linked_detail,https://canvas.oregonstate.edu/courses/2053263/files/118558872?wrap=1,https://canvas.oregonstate.edu/courses/2053263/files/118558872?wrap=1,Unit #2 - Written Homework.pdf: SEQUENCES AND SERIES (MTH_253Z_400_U2026),file,118558872,2,,,raw_html/00490-mth-253-linked-detail-unit-2-written-homework-pdf-sequences-and-series-mth-253z-400-u2026.html,text/00490-mth-253-linked-detail-unit-2-written-homework-pdf-sequences-and-series-mth-253z-400-u2026.txt,text/00490-mth-253-linked-detail-unit-2-written-homework-pdf-sequences-and-series-mth-253z-400-u2026.fulltext.txt,markdown/00490-mth-253-linked-detail-unit-2-written-homework-pdf-sequences-and-series-mth-253z-400-u2026.md,,metadata/00490-mth-253-linked-detail-unit-2-written-homework-pdf-sequences-and-series-mth-253z-400-u2026.json,adb811281c5d720d3b47b3e7f6acac73dc043cf1cc613200f44387c7bedf0d4e,1f1964047e6c4c920d5ef0428fe552e94fa7c7549b7c2d8ff21d498b5fa20869,2026-07-30T20:44:25.058Z,1,32,3,0,0,0
00491-mth-253-linked-detail-unit-2-written-homework-assignment,2053263,MTH-253,linked_detail,linked_detail,https://canvas.oregonstate.edu/courses/2053263/assignments/10553180?module_item_id=26885550#,https://canvas.oregonstate.edu/courses/2053263/assignments/10553180?module_item_id=26885550#,Unit 2 - Written Homework Assignment,assignment,10553180,2,,,raw_html/00491-mth-253-linked-detail-unit-2-written-homework-assignment.html,text/00491-mth-253-linked-detail-unit-2-written-homework-assignment.txt,text/00491-mth-253-linked-detail-unit-2-written-homework-assignment.fulltext.txt,markdown/00491-mth-253-linked-detail-unit-2-written-homework-assignment.md,,metadata/00491-mth-253-linked-detail-unit-2-written-homework-assignment.json,1a223462421b8b5c83d4e1662eb7b025db673c42558aaa4134aba150afe7e5f0,e71795982ff7d42b9b2e3d0e1ba269263218c6bbfbc3ff7523d52ab6d71ac2ed,2026-07-30T20:44:27.311Z,6,62,2,0,0,0
00492-mth-253-linked-detail-week-3-web-homework-introduction-to-series,2053263,MTH-253,linked_detail,linked_detail,https://canvas.oregonstate.edu/courses/2053263/assignments/10584373?module_item_id=26977769#,https://canvas.oregonstate.edu/courses/2053263/assignments/10584373?module_item_id=26977769#,Week 3 Web Homework: Introduction to Series,assignment,10584373,2,,yes,raw_html/00492-mth-253-linked-detail-week-3-web-homework-introduction-to-series.html,text/00492-mth-253-linked-detail-week-3-web-homework-introduction-to-series.txt,text/00492-mth-253-linked-detail-week-3-web-homework-introduction-to-series.fulltext.txt,markdown/00492-mth-253-linked-detail-week-3-web-homework-introduction-to-series.md,,metadata/00492-mth-253-linked-detail-week-3-web-homework-introduction-to-series.json,933d7ba5d16315dbc3b3ac96eba17f015c3d4e318f78e456bb60bcbdd2596221,05feba98d17b06742907a5168891d6723671fdf0fb20396f22ee35d5471099da,2026-07-30T20:44:30.256Z,2,58,2,0,0,0
00493-mth-253-linked-detail-divergence-test-pdf-sequences-and-series-mth-253z-400-u2026,2053263,MTH-253,linked_detail,linked_detail,https://canvas.oregonstate.edu/courses/2053263/files/118558959?wrap=1,https://canvas.oregonstate.edu/courses/2053263/files/118558959?wrap=1,Divergence Test.pdf: SEQUENCES AND SERIES (MTH_253Z_400_U2026),file,118558959,2,,,raw_html/00493-mth-253-linked-detail-divergence-test-pdf-sequences-and-series-mth-253z-400-u2026.html,text/00493-mth-253-linked-detail-divergence-test-pdf-sequences-and-series-mth-253z-400-u2026.txt,text/00493-mth-253-linked-detail-divergence-test-pdf-sequences-and-series-mth-253z-400-u2026.fulltext.txt,markdown/00493-mth-253-linked-detail-divergence-test-pdf-sequences-and-series-mth-253z-400-u2026.md,,metadata/00493-mth-253-linked-detail-divergence-test-pdf-sequences-and-series-mth-253z-400-u2026.json,f77caa5da583cfe527764952239fcfbda1b03cd2335f1ff1940a9a1628884b4b,d0f2e0fee5104e335bc3a520f59f149f9b0141ac1eca747afc836ec60cd8bc3a,2026-07-30T20:44:32.209Z,1,32,3,0,0,0
00494-mth-253-linked-detail-p-series-and-the-integral-test-pdf-sequences-and-series-mth-253z-400-u2026,2053263,MTH-253,linked_detail,linked_detail,https://canvas.oregonstate.edu/courses/2053263/files/118558964?wrap=1,https://canvas.oregonstate.edu/courses/2053263/files/118558964?wrap=1,p-Series and The Integral Test.pdf: SEQUENCES AND SERIES (MTH_253Z_400_U2026),file,118558964,2,,,raw_html/00494-mth-253-linked-detail-p-series-and-the-integral-test-pdf-sequences-and-series-mth-253z-400-u2026.html,text/00494-mth-253-linked-detail-p-series-and-the-integral-test-pdf-sequences-and-series-mth-253z-400-u2026.txt,text/00494-mth-253-linked-detail-p-series-and-the-integral-test-pdf-sequences-and-series-mth-253z-400-u2026.fulltext.txt,markdown/00494-mth-253-linked-detail-p-series-and-the-integral-test-pdf-sequences-and-series-mth-253z-400-u2026.md,,metadata/00494-mth-253-linked-detail-p-series-and-the-integral-test-pdf-sequences-and-series-mth-253z-400-u2026.json,6650a47496a617ac942a81fbfade0034c928f6b5b1620c7766e95364a6d7cd8a,e44cc8916bda66409cd2ea2066e0761ee424c2f47296030516f0c3593c3acb43,2026-07-30T20:44:34.006Z,1,32,3,0,0,0
00495-mth-253-linked-detail-the-comparison-test-pdf-sequences-and-series-mth-253z-400-u2026,2053263,MTH-253,linked_detail,linked_detail,https://canvas.oregonstate.edu/courses/2053263/files/118558968?wrap=1,https://canvas.oregonstate.edu/courses/2053263/files/118558968?wrap=1,The Comparison Test.pdf: SEQUENCES AND SERIES (MTH_253Z_400_U2026),file,118558968,2,,,raw_html/00495-mth-253-linked-detail-the-comparison-test-pdf-sequences-and-series-mth-253z-400-u2026.html,text/00495-mth-253-linked-detail-the-comparison-test-pdf-sequences-and-series-mth-253z-400-u2026.txt,text/00495-mth-253-linked-detail-the-comparison-test-pdf-sequences-and-series-mth-253z-400-u2026.fulltext.txt,markdown/00495-mth-253-linked-detail-the-comparison-test-pdf-sequences-and-series-mth-253z-400-u2026.md,,metadata/00495-mth-253-linked-detail-the-comparison-test-pdf-sequences-and-series-mth-253z-400-u2026.json,b2e2a0c30ddeb61d9e73eb3962808f64b518845b33add90f56386c699418471a,0b535baccb9c9b59a9852f66277a1816f555883eaf3c8586ad104258a6f0f959,2026-07-30T20:44:35.955Z,1,32,3,0,0,0
00496-mth-253-linked-detail-the-limit-comparison-test-pdf-sequences-and-series-mth-253z-400-u2026,2053263,MTH-253,linked_detail,linked_detail,https://canvas.oregonstate.edu/courses/2053263/files/118558929?wrap=1,https://canvas.oregonstate.edu/courses/2053263/files/118558929?wrap=1,The Limit Comparison Test.pdf: SEQUENCES AND SERIES (MTH_253Z_400_U2026),file,118558929,2,,,raw_html/00496-mth-253-linked-detail-the-limit-comparison-test-pdf-sequences-and-series-mth-253z-400-u2026.html,text/00496-mth-253-linked-detail-the-limit-comparison-test-pdf-sequences-and-series-mth-253z-400-u2026.txt,text/00496-mth-253-linked-detail-the-limit-comparison-test-pdf-sequences-and-series-mth-253z-400-u2026.fulltext.txt,markdown/00496-mth-253-linked-detail-the-limit-comparison-test-pdf-sequences-and-series-mth-253z-400-u2026.md,,metadata/00496-mth-253-linked-detail-the-limit-comparison-test-pdf-sequences-and-series-mth-253z-400-u2026.json,614c8bb8c330af379cb109e7209c40b3ad0b4dadff2fcd72f3cec91a8190bc6a,339d26c75ec4b030f13d7e5b3fc62f0bf8d116320e9c70f855e2c1bb4e4a96ec,2026-07-30T20:44:38.056Z,1,31,3,0,0,0
00497-mth-253-linked-detail-the-alternating-series-test-pdf-sequences-and-series-mth-253z-400-u2026,2053263,MTH-253,linked_detail,linked_detail,https://canvas.oregonstate.edu/courses/2053263/files/118558911?wrap=1,https://canvas.oregonstate.edu/courses/2053263/files/118558911?wrap=1,The Alternating Series Test.pdf: SEQUENCES AND SERIES (MTH_253Z_400_U2026),file,118558911,2,,,raw_html/00497-mth-253-linked-detail-the-alternating-series-test-pdf-sequences-and-series-mth-253z-400-u2026.html,text/00497-mth-253-linked-detail-the-alternating-series-test-pdf-sequences-and-series-mth-253z-400-u2026.txt,text/00497-mth-253-linked-detail-the-alternating-series-test-pdf-sequences-and-series-mth-253z-400-u2026.fulltext.txt,markdown/00497-mth-253-linked-detail-the-alternating-series-test-pdf-sequences-and-series-mth-253z-400-u2026.md,,metadata/00497-mth-253-linked-detail-the-alternating-series-test-pdf-sequences-and-series-mth-253z-400-u2026.json,022e0337d605985f72185f776b488e5649f502c9d44b650cd2a1565a97e2b796,fa44f9071e79df76488c4632bf5e740bec0bc478669534a67825e1488fd2b470,2026-07-30T20:44:40.257Z,1,32,3,0,0,0
00498-mth-253-linked-detail-absolute-and-conditional-convergence-pdf-sequences-and-series-mth-253z-400-u2026,2053263,MTH-253,linked_detail,linked_detail,https://canvas.oregonstate.edu/courses/2053263/files/118558970?wrap=1,https://canvas.oregonstate.edu/courses/2053263/files/118558970?wrap=1,Absolute and Conditional Convergence.pdf: SEQUENCES AND SERIES (MTH_253Z_400_U2026),file,118558970,2,,,raw_html/00498-mth-253-linked-detail-absolute-and-conditional-convergence-pdf-sequences-and-series-mth-253z-400-u2026.html,text/00498-mth-253-linked-detail-absolute-and-conditional-convergence-pdf-sequences-and-series-mth-253z-400-u2026.txt,text/00498-mth-253-linked-detail-absolute-and-conditional-convergence-pdf-sequences-and-series-mth-253z-400-u2026.fulltext.txt,markdown/00498-mth-253-linked-detail-absolute-and-conditional-convergence-pdf-sequences-and-series-mth-253z-400-u2026.md,,metadata/00498-mth-253-linked-detail-absolute-and-conditional-convergence-pdf-sequences-and-series-mth-253z-400-u2026.json,15bdce4ffa71a907e79f52bf61122f2f4f031b1d74c021a9a77ffd166dac8542,ce0919697ab16068fe46df732022d9b53fea31f307440e437ead1c22360d9cee,2026-07-30T20:44:42.057Z,1,32,3,0,0,0
00499-mth-253-linked-detail-the-ratio-test-pdf-sequences-and-series-mth-253z-400-u2026,2053263,MTH-253,linked_detail,linked_detail,https://canvas.oregonstate.edu/courses/2053263/files/118558816?wrap=1,https://canvas.oregonstate.edu/courses/2053263/files/118558816?wrap=1,The Ratio Test.pdf: SEQUENCES AND SERIES (MTH_253Z_400_U2026),file,118558816,2,,,raw_html/00499-mth-253-linked-detail-the-ratio-test-pdf-sequences-and-series-mth-253z-400-u2026.html,text/00499-mth-253-linked-detail-the-ratio-test-pdf-sequences-and-series-mth-253z-400-u2026.txt,text/00499-mth-253-linked-detail-the-ratio-test-pdf-sequences-and-series-mth-253z-400-u2026.fulltext.txt,markdown/00499-mth-253-linked-detail-the-ratio-test-pdf-sequences-and-series-mth-253z-400-u2026.md,,metadata/00499-mth-253-linked-detail-the-ratio-test-pdf-sequences-and-series-mth-253z-400-u2026.json,55ee49ec4b325947adeb7a5e7c6ce99acb5fb9f69a11c4ebb9b0542f6ba000e3,26054e60a9ef9df93b83be47dd9b3882abfca75cd944422e3e01c1772dde4971,2026-07-30T20:44:43.816Z,1,32,3,0,0,0
00500-mth-253-linked-detail-the-root-test-pdf-sequences-and-series-mth-253z-400-u2026,2053263,MTH-253,linked_detail,linked_detail,https://canvas.oregonstate.edu/courses/2053263/files/118558799?wrap=1,https://canvas.oregonstate.edu/courses/2053263/files/118558799?wrap=1,The Root Test.pdf: SEQUENCES AND SERIES (MTH_253Z_400_U2026),file,118558799,2,,,raw_html/00500-mth-253-linked-detail-the-root-test-pdf-sequences-and-series-mth-253z-400-u2026.html,text/00500-mth-253-linked-detail-the-root-test-pdf-sequences-and-series-mth-253z-400-u2026.txt,text/00500-mth-253-linked-detail-the-root-test-pdf-sequences-and-series-mth-253z-400-u2026.fulltext.txt,markdown/00500-mth-253-linked-detail-the-root-test-pdf-sequences-and-series-mth-253z-400-u2026.md,,metadata/00500-mth-253-linked-detail-the-root-test-pdf-sequences-and-series-mth-253z-400-u2026.json,b246980325bc935007131776e12918e48907255431fc1d9e120f8085002a47d6,9a114c5160e5191116f0f1aa8d7a5439af9c561ef001d637318fa81aca1934c7,2026-07-30T20:44:45.855Z,1,31,3,0,0,0
00501-mth-253-linked-detail-what-test-to-use-pdf-sequences-and-series-mth-253z-400-u2026,2053263,MTH-253,linked_detail,linked_detail,https://canvas.oregonstate.edu/courses/2053263/files/118558955?wrap=1,https://canvas.oregonstate.edu/courses/2053263/files/118558955?wrap=1,What Test to Use.pdf: SEQUENCES AND SERIES (MTH_253Z_400_U2026),file,118558955,2,,,raw_html/00501-mth-253-linked-detail-what-test-to-use-pdf-sequences-and-series-mth-253z-400-u2026.html,text/00501-mth-253-linked-detail-what-test-to-use-pdf-sequences-and-series-mth-253z-400-u2026.txt,text/00501-mth-253-linked-detail-what-test-to-use-pdf-sequences-and-series-mth-253z-400-u2026.fulltext.txt,markdown/00501-mth-253-linked-detail-what-test-to-use-pdf-sequences-and-series-mth-253z-400-u2026.md,,metadata/00501-mth-253-linked-detail-what-test-to-use-pdf-sequences-and-series-mth-253z-400-u2026.json,52457ad9fdcc12fda43ff17a0405f43719b8c4ddd720473c19b0be71813f71e1,5b678aeb65b4cd3720bc9be32276de4ac4d26adad47a1bd5936f94b3a94ab45d,2026-07-30T20:44:48.006Z,1,32,3,0,0,0
00502-mth-253-linked-detail-week-4-web-homework-the-divergence-and-integral-tests,2053263,MTH-253,linked_detail,linked_detail,https://canvas.oregonstate.edu/courses/2053263/assignments/10584431?module_item_id=26977967#,https://canvas.oregonstate.edu/courses/2053263/assignments/10584431?module_item_id=26977967#,Week 4 Web Homework: The Divergence and Integral Tests,assignment,10584431,2,,yes,raw_html/00502-mth-253-linked-detail-week-4-web-homework-the-divergence-and-integral-tests.html,text/00502-mth-253-linked-detail-week-4-web-homework-the-divergence-and-integral-tests.txt,text/00502-mth-253-linked-detail-week-4-web-homework-the-divergence-and-integral-tests.fulltext.txt,markdown/00502-mth-253-linked-detail-week-4-web-homework-the-divergence-and-integral-tests.md,,metadata/00502-mth-253-linked-detail-week-4-web-homework-the-divergence-and-integral-tests.json,3f962a31846b5511615305853c921df5ccb7c547e7be48577f56061da65fbbc3,b1bd710e5930a5ef8069964ed1563527fd833487cf037ba636b619f6cfab87a9,2026-07-30T20:44:50.460Z,2,58,2,0,0,0
00503-mth-253-linked-detail-week-5-web-homework-comparison-and-alternate-series-tests,2053263,MTH-253,linked_detail,linked_detail,https://canvas.oregonstate.edu/courses/2053263/assignments/10584434?module_item_id=26977977#,https://canvas.oregonstate.edu/courses/2053263/assignments/10584434?module_item_id=26977977#,Week 5 Web Homework: Comparison and Alternate Series Tests,assignment,10584434,2,,yes,raw_html/00503-mth-253-linked-detail-week-5-web-homework-comparison-and-alternate-series-tests.html,text/00503-mth-253-linked-detail-week-5-web-homework-comparison-and-alternate-series-tests.txt,text/00503-mth-253-linked-detail-week-5-web-homework-comparison-and-alternate-series-tests.fulltext.txt,markdown/00503-mth-253-linked-detail-week-5-web-homework-comparison-and-alternate-series-tests.md,,metadata/00503-mth-253-linked-detail-week-5-web-homework-comparison-and-alternate-series-tests.json,4cf0d40997e433b4fce795498c689782d99f0de9175fb91ac0c3e7d1360239c3,b99e656937a60276f3e54457e13f933aeb3bfaf04d96a76183196dc1b01aa24a,2026-07-30T20:44:53.007Z,2,58,2,0,0,0
00504-mth-253-linked-detail-unit-3-written-homework-pdf-sequences-and-series-mth-253z-400-u2026,2053263,MTH-253,linked_detail,linked_detail,https://canvas.oregonstate.edu/courses/2053263/files/118558907?wrap=1,https://canvas.oregonstate.edu/courses/2053263/files/118558907?wrap=1,Unit #3 - Written Homework.pdf: SEQUENCES AND SERIES (MTH_253Z_400_U2026),file,118558907,2,,,raw_html/00504-mth-253-linked-detail-unit-3-written-homework-pdf-sequences-and-series-mth-253z-400-u2026.html,text/00504-mth-253-linked-detail-unit-3-written-homework-pdf-sequences-and-series-mth-253z-400-u2026.txt,text/00504-mth-253-linked-detail-unit-3-written-homework-pdf-sequences-and-series-mth-253z-400-u2026.fulltext.txt,markdown/00504-mth-253-linked-detail-unit-3-written-homework-pdf-sequences-and-series-mth-253z-400-u2026.md,,metadata/00504-mth-253-linked-detail-unit-3-written-homework-pdf-sequences-and-series-mth-253z-400-u2026.json,c28f75126e5b409eebcfb72d35999651a103373414ef0af89f9f7291cdd567eb,4e33a0b4e14681d00387ed8570dc91816554b0fd232ebf338d8cd39702d175d8,2026-07-30T20:44:55.210Z,1,32,3,0,0,0
00505-mth-253-linked-detail-unit-3-written-homework-assignment,2053263,MTH-253,linked_detail,linked_detail,https://canvas.oregonstate.edu/courses/2053263/assignments/10553181?module_item_id=26885565#,https://canvas.oregonstate.edu/courses/2053263/assignments/10553181?module_item_id=26885565#,Unit 3 - Written Homework Assignment,assignment,10553181,2,,yes,raw_html/00505-mth-253-linked-detail-unit-3-written-homework-assignment.html,text/00505-mth-253-linked-detail-unit-3-written-homework-assignment.txt,text/00505-mth-253-linked-detail-unit-3-written-homework-assignment.fulltext.txt,markdown/00505-mth-253-linked-detail-unit-3-written-homework-assignment.md,,metadata/00505-mth-253-linked-detail-unit-3-written-homework-assignment.json,0ce608cb45f4984a2d21d4cc7c5b6913a2e2a5376201991486682f56037bb6b0,d88b900566fa2f8d5661e9f52ebd0c28f069fddf70911793dd46802c86e79c30,2026-07-30T20:44:58.108Z,6,62,2,0,0,0
00506-mth-253-linked-detail-week-6-web-homework-ratio-and-root-tests,2053263,MTH-253,linked_detail,linked_detail,https://canvas.oregonstate.edu/courses/2053263/assignments/10584435?module_item_id=26977980#,https://canvas.oregonstate.edu/courses/2053263/assignments/10584435?module_item_id=26977980#,Week 6 Web Homework: Ratio and Root Tests,assignment,10584435,2,,yes,raw_html/00506-mth-253-linked-detail-week-6-web-homework-ratio-and-root-tests.html,text/00506-mth-253-linked-detail-week-6-web-homework-ratio-and-root-tests.txt,text/00506-mth-253-linked-detail-week-6-web-homework-ratio-and-root-tests.fulltext.txt,markdown/00506-mth-253-linked-detail-week-6-web-homework-ratio-and-root-tests.md,,metadata/00506-mth-253-linked-detail-week-6-web-homework-ratio-and-root-tests.json,61fcf5f42af2ca0d8f6721b439c5bf00c6aa58426b776ea2a5fdbd5720b4d3e2,764bc012dc23d176011a6ce2c0bf9479d81bc849b86b24945cdb449d12849d86,2026-07-30T20:45:00.713Z,2,58,2,0,0,0
00507-mth-253-linked-detail-week-7-web-homework-power-series-and-functions,2053263,MTH-253,linked_detail,linked_detail,https://canvas.oregonstate.edu/courses/2053263/assignments/10584436?module_item_id=26977982#,https://canvas.oregonstate.edu/courses/2053263/assignments/10584436?module_item_id=26977982#,Week 7 Web Homework: Power Series and Functions,assignment,10584436,2,,yes,raw_html/00507-mth-253-linked-detail-week-7-web-homework-power-series-and-functions.html,text/00507-mth-253-linked-detail-week-7-web-homework-power-series-and-functions.txt,text/00507-mth-253-linked-detail-week-7-web-homework-power-series-and-functions.fulltext.txt,markdown/00507-mth-253-linked-detail-week-7-web-homework-power-series-and-functions.md,,metadata/00507-mth-253-linked-detail-week-7-web-homework-power-series-and-functions.json,e43227f6ffbce0a3ce882dea5ec6d8168c5ce0cd32b2ff44e33fd369578c20e5,dbf6f6aafe683b581f0401dd17012b607da653160ac8f0423457aaddebdba5d8,2026-07-30T20:45:03.312Z,2,57,2,0,0,0
00508-mth-253-linked-detail-week-8-web-homework-taylor-and-maclaurin-series,2053263,MTH-253,linked_detail,linked_detail,https://canvas.oregonstate.edu/courses/2053263/assignments/10584437?module_item_id=26977985#,https://canvas.oregonstate.edu/courses/2053263/assignments/10584437?module_item_id=26977985#,Week 8 Web Homework Taylor and Maclaurin Series,assignment,10584437,2,,yes,raw_html/00508-mth-253-linked-detail-week-8-web-homework-taylor-and-maclaurin-series.html,text/00508-mth-253-linked-detail-week-8-web-homework-taylor-and-maclaurin-series.txt,text/00508-mth-253-linked-detail-week-8-web-homework-taylor-and-maclaurin-series.fulltext.txt,markdown/00508-mth-253-linked-detail-week-8-web-homework-taylor-and-maclaurin-series.md,,metadata/00508-mth-253-linked-detail-week-8-web-homework-taylor-and-maclaurin-series.json,4d78a110252acebb1267276605bcdf8312538528780bd596f8a3111d22f7cc15,78ea89deae1b34a3dbfadce38b37fe0bb507a9bb5e77dde90a8f24aa90d9bfe2,2026-07-30T20:45:05.810Z,2,57,2,0,0,0
00509-mth-253-linked-detail-unit-4-written-homework-assignment,2053263,MTH-253,linked_detail,linked_detail,https://canvas.oregonstate.edu/courses/2053263/assignments/10553182?module_item_id=26885580#,https://canvas.oregonstate.edu/courses/2053263/assignments/10553182?module_item_id=26885580#,Unit 4 - Written Homework Assignment,assignment,10553182,2,,,raw_html/00509-mth-253-linked-detail-unit-4-written-homework-assignment.html,text/00509-mth-253-linked-detail-unit-4-written-homework-assignment.txt,text/00509-mth-253-linked-detail-unit-4-written-homework-assignment.fulltext.txt,markdown/00509-mth-253-linked-detail-unit-4-written-homework-assignment.md,,metadata/00509-mth-253-linked-detail-unit-4-written-homework-assignment.json,298a0552123c8aa378af9ad3c963b62a46e9abd8370c03cd4e19579bd50f42e7,6cad000c9a9241281209520da6c270d2a2bc8730b410f9a112f7e29aeec21bf9,2026-07-30T20:45:08.416Z,2,57,2,0,0,0
00510-mth-253-linked-detail-week-9-web-homework-properties-of-power-series,2053263,MTH-253,linked_detail,linked_detail,https://canvas.oregonstate.edu/courses/2053263/assignments/10584438?module_item_id=26977987#,https://canvas.oregonstate.edu/courses/2053263/assignments/10584438?module_item_id=26977987#,Week 9 Web Homework: Properties of Power Series,assignment,10584438,2,,yes,raw_html/00510-mth-253-linked-detail-week-9-web-homework-properties-of-power-series.html,text/00510-mth-253-linked-detail-week-9-web-homework-properties-of-power-series.txt,text/00510-mth-253-linked-detail-week-9-web-homework-properties-of-power-series.fulltext.txt,markdown/00510-mth-253-linked-detail-week-9-web-homework-properties-of-power-series.md,,metadata/00510-mth-253-linked-detail-week-9-web-homework-properties-of-power-series.json,185010be36cc0fafa0a7b011d551eda12d1f83385fa4ec27b038fbdedfb070e2,31ea9063a0128e931b832530722c70e7b6d0c7858f39a137bc73b37c16412412,2026-07-30T20:45:10.857Z,2,55,2,0,0,0
00511-mth-253-linked-detail-unit-5-written-homework-assignment,2053263,MTH-253,linked_detail,linked_detail,https://canvas.oregonstate.edu/courses/2053263/assignments/10553183?module_item_id=26885592#,https://canvas.oregonstate.edu/courses/2053263/assignments/10553183?module_item_id=26885592#,Unit 5 - Written Homework Assignment,assignment,10553183,2,,,raw_html/00511-mth-253-linked-detail-unit-5-written-homework-assignment.html,text/00511-mth-253-linked-detail-unit-5-written-homework-assignment.txt,text/00511-mth-253-linked-detail-unit-5-written-homework-assignment.fulltext.txt,markdown/00511-mth-253-linked-detail-unit-5-written-homework-assignment.md,,metadata/00511-mth-253-linked-detail-unit-5-written-homework-assignment.json,cfcb56cd600e3521473f043859dd4ecd221452a57789046725de49206f46ac8d,3d19adb063a5fc4b90cca5f76b794b48297cf8639592b725283e93afe62cce69,2026-07-30T20:45:13.860Z,2,57,2,0,0,0
00512-mth-253-linked-detail-week-10-web-homework-working-with-taylor-series,2053263,MTH-253,linked_detail,linked_detail,https://canvas.oregonstate.edu/courses/2053263/assignments/10584439?module_item_id=26977989#,https://canvas.oregonstate.edu/courses/2053263/assignments/10584439?module_item_id=26977989#,Week 10 Web Homework: Working with Taylor Series,assignment,10584439,2,,yes,raw_html/00512-mth-253-linked-detail-week-10-web-homework-working-with-taylor-series.html,text/00512-mth-253-linked-detail-week-10-web-homework-working-with-taylor-series.txt,text/00512-mth-253-linked-detail-week-10-web-homework-working-with-taylor-series.fulltext.txt,markdown/00512-mth-253-linked-detail-week-10-web-homework-working-with-taylor-series.md,,metadata/00512-mth-253-linked-detail-week-10-web-homework-working-with-taylor-series.json,b3fbedc8edffe450dae0b492cf2bdb0150f2b344981772600c5ab06954557e53,1655e08a13e8866647bfc50632071a7c14d7d3bcdcc4281737ad3132506fff73,2026-07-30T20:45:16.365Z,2,57,2,0,0,0
00513-mth-253-linked-detail-mth-253-final-exam-practice-problems-pdf-sequences-and-series-mth-253z-400-u2026,2053263,MTH-253,linked_detail,linked_detail,https://canvas.oregonstate.edu/courses/2053263/files/118558956?module_item_id=26885598#,https://canvas.oregonstate.edu/courses/2053263/files/118558956?module_item_id=26885598#,MTH 253 - Final Exam Practice Problems.pdf: SEQUENCES AND SERIES (MTH_253Z_400_U2026),file,118558956,2,,,raw_html/00513-mth-253-linked-detail-mth-253-final-exam-practice-problems-pdf-sequences-and-series-mth-253z-400-u2026.html,text/00513-mth-253-linked-detail-mth-253-final-exam-practice-problems-pdf-sequences-and-series-mth-253z-400-u2026.txt,text/00513-mth-253-linked-detail-mth-253-final-exam-practice-problems-pdf-sequences-and-series-mth-253z-400-u2026.fulltext.txt,markdown/00513-mth-253-linked-detail-mth-253-final-exam-practice-problems-pdf-sequences-and-series-mth-253z-400-u2026.md,,metadata/00513-mth-253-linked-detail-mth-253-final-exam-practice-problems-pdf-sequences-and-series-mth-253z-400-u2026.json,6e50bd86cda8b0ec8c66617b4cb90a494ce8d290ebec9a40d997e7bc843c83ba,dd42bb24eb04ee4dbfcd4fb6e10a5a3138f1a0c4896a7c591eb9fa1d993cbd52,2026-07-30T20:45:18.705Z,1,34,3,0,0,0
00514-mth-253-linked-detail-mth-253-final-exam-practice-problems-answers-pdf-sequences-and-series-mth-253z-400-u2026,2053263,MTH-253,linked_detail,linked_detail,https://canvas.oregonstate.edu/courses/2053263/files/118558944?module_item_id=26885599#,https://canvas.oregonstate.edu/courses/2053263/files/118558944?module_item_id=26885599#,MTH 253 - Final Exam Practice Problems - Answers.pdf: SEQUENCES AND SERIES (MTH_253Z_400_U2026),file,118558944,2,,,raw_html/00514-mth-253-linked-detail-mth-253-final-exam-practice-problems-answers-pdf-sequences-and-series-mth-253z-400-u2026.html,text/00514-mth-253-linked-detail-mth-253-final-exam-practice-problems-answers-pdf-sequences-and-series-mth-253z-400-u2026.txt,text/00514-mth-253-linked-detail-mth-253-final-exam-practice-problems-answers-pdf-sequences-and-series-mth-253z-400-u2026.fulltext.txt,markdown/00514-mth-253-linked-detail-mth-253-final-exam-practice-problems-answers-pdf-sequences-and-series-mth-253z-400-u2026.md,,metadata/00514-mth-253-linked-detail-mth-253-final-exam-practice-problems-answers-pdf-sequences-and-series-mth-253z-400-u2026.json,4e2a387b1e83f5ef8609dbd93cd28161a67cf3d0c73853b7d69ce1177de4c4e9,48e15732821b332299264fc6790a4bc372488060a8e8f41de61266c255e86479,2026-07-30T20:45:20.906Z,1,34,3,0,0,0
00515-phy-212-linked-detail-syllabus-u2026-pdf-general-physics-with-calculus-ph-212-400-u2026,2053526,PHY-212,linked_detail,linked_detail,https://canvas.oregonstate.edu/courses/2053526/files/119369072?module_item_id=26992777#,https://canvas.oregonstate.edu/courses/2053526/files/119369072?module_item_id=26992777#,syllabus_U2026.pdf: GENERAL PHYSICS WITH CALCULUS (PH_212_400_U2026),file,119369072,2,,,raw_html/00515-phy-212-linked-detail-syllabus-u2026-pdf-general-physics-with-calculus-ph-212-400-u2026.html,text/00515-phy-212-linked-detail-syllabus-u2026-pdf-general-physics-with-calculus-ph-212-400-u2026.txt,text/00515-phy-212-linked-detail-syllabus-u2026-pdf-general-physics-with-calculus-ph-212-400-u2026.fulltext.txt,markdown/00515-phy-212-linked-detail-syllabus-u2026-pdf-general-physics-with-calculus-ph-212-400-u2026.md,,metadata/00515-phy-212-linked-detail-syllabus-u2026-pdf-general-physics-with-calculus-ph-212-400-u2026.json,1233bdccda5a837ea2e0fd0bae086cae5645e150263acd7b32862a1186d69f3c,38036ebcf48c53768fd2bc36cdc9a72e6f70f172f3e9fa388e945beaa76d5443,2026-07-30T20:45:23.140Z,1,38,3,0,0,0
00516-phy-212-linked-detail-lab-structure-and-ta-meetings-pdf-general-physics-with-calculus-ph-212-400-u2026,2053526,PHY-212,linked_detail,linked_detail,https://canvas.oregonstate.edu/courses/2053526/files/119307451?module_item_id=27007746#,https://canvas.oregonstate.edu/courses/2053526/files/119307451?module_item_id=27007746#,Lab Structure and TA Meetings.pdf: GENERAL PHYSICS WITH CALCULUS (PH_212_400_U2026),file,119307451,2,,,raw_html/00516-phy-212-linked-detail-lab-structure-and-ta-meetings-pdf-general-physics-with-calculus-ph-212-400-u2026.html,text/00516-phy-212-linked-detail-lab-structure-and-ta-meetings-pdf-general-physics-with-calculus-ph-212-400-u2026.txt,text/00516-phy-212-linked-detail-lab-structure-and-ta-meetings-pdf-general-physics-with-calculus-ph-212-400-u2026.fulltext.txt,markdown/00516-phy-212-linked-detail-lab-structure-and-ta-meetings-pdf-general-physics-with-calculus-ph-212-400-u2026.md,,metadata/00516-phy-212-linked-detail-lab-structure-and-ta-meetings-pdf-general-physics-with-calculus-ph-212-400-u2026.json,5c8cc760a5bb2236b3983601b63f3a54e22f4e0f9557f134c39897fcc2358369,42cb00dafd27343bf01f1de79b24893faca4a49ffecbad126d2553e735a20778,2026-07-30T20:45:25.908Z,1,38,3,0,0,0
00517-phy-212-linked-detail-gradescope-general-physics-with-calculus-ph-212-400-u2026,2053526,PHY-212,linked_detail,linked_detail,https://canvas.oregonstate.edu/courses/2053526/pages/gradescope?module_item_id=26896946#,https://canvas.oregonstate.edu/courses/2053526/pages/gradescope?module_item_id=26896946#,Gradescope: GENERAL PHYSICS WITH CALCULUS (PH_212_400_U2026),page,gradescope,2,,,raw_html/00517-phy-212-linked-detail-gradescope-general-physics-with-calculus-ph-212-400-u2026.html,text/00517-phy-212-linked-detail-gradescope-general-physics-with-calculus-ph-212-400-u2026.txt,text/00517-phy-212-linked-detail-gradescope-general-physics-with-calculus-ph-212-400-u2026.fulltext.txt,markdown/00517-phy-212-linked-detail-gradescope-general-physics-with-calculus-ph-212-400-u2026.md,,metadata/00517-phy-212-linked-detail-gradescope-general-physics-with-calculus-ph-212-400-u2026.json,f1b49f80f562ce518d5bb6d89561156b0ff686f648b1dc83beb7c72586405e19,ffcad977a636fc741924c46a7402df32c38c69b208f0f543de02ca7c955c819d,2026-07-30T20:45:28.112Z,1,51,2,0,0,0
00518-phy-212-linked-detail-proctorio-guide-pdf-general-physics-with-calculus-ph-212-400-u2026,2053526,PHY-212,linked_detail,linked_detail,https://canvas.oregonstate.edu/courses/2053526/files/118705575?wrap=1,https://canvas.oregonstate.edu/courses/2053526/files/118705575?wrap=1,Proctorio Guide.pdf: GENERAL PHYSICS WITH CALCULUS (PH_212_400_U2026),file,118705575,2,,,raw_html/00518-phy-212-linked-detail-proctorio-guide-pdf-general-physics-with-calculus-ph-212-400-u2026.html,text/00518-phy-212-linked-detail-proctorio-guide-pdf-general-physics-with-calculus-ph-212-400-u2026.txt,text/00518-phy-212-linked-detail-proctorio-guide-pdf-general-physics-with-calculus-ph-212-400-u2026.fulltext.txt,markdown/00518-phy-212-linked-detail-proctorio-guide-pdf-general-physics-with-calculus-ph-212-400-u2026.md,,metadata/00518-phy-212-linked-detail-proctorio-guide-pdf-general-physics-with-calculus-ph-212-400-u2026.json,47cf30b5fab5ca47cc7e33c4e246aeef5b76bf7a3906f33562b17fdcac523d65,37edcd1467001e2751f6f1734eb7d209b4b3285e96d6ab276baba36ed956a292,2026-07-30T20:45:30.311Z,1,36,3,0,0,0
00519-phy-212-linked-detail-proctorio-setup-and-troubleshooting-general-physics-with-calculus-ph-212-400-u2026,2053526,PHY-212,linked_detail,linked_detail,https://canvas.oregonstate.edu/courses/2053526/pages/proctorio-setup-and-troubleshooting?module_item_id=26896947#,https://canvas.oregonstate.edu/courses/2053526/pages/proctorio-setup-and-troubleshooting?module_item_id=26896947#,Proctorio setup and troubleshooting: GENERAL PHYSICS WITH CALCULUS (PH_212_400_U2026),page,proctorio-setup-and-troubleshooting,2,,,raw_html/00519-phy-212-linked-detail-proctorio-setup-and-troubleshooting-general-physics-with-calculus-ph-212-400-u2026.html,text/00519-phy-212-linked-detail-proctorio-setup-and-troubleshooting-general-physics-with-calculus-ph-212-400-u2026.txt,text/00519-phy-212-linked-detail-proctorio-setup-and-troubleshooting-general-physics-with-calculus-ph-212-400-u2026.fulltext.txt,markdown/00519-phy-212-linked-detail-proctorio-setup-and-troubleshooting-general-physics-with-calculus-ph-212-400-u2026.md,,metadata/00519-phy-212-linked-detail-proctorio-setup-and-troubleshooting-general-physics-with-calculus-ph-212-400-u2026.json,ebe2d770a14509d3eddb80c03739c33a60f2d047e702aa972d591918967dba59,7ddc1eac6d871e5eaaed8447facb9fe73a8b0dced100d0f5a22e3fc1215f3259,2026-07-30T20:45:32.659Z,1,40,2,0,0,0
00520-phy-212-linked-detail-first-day-overview-pdf-general-physics-with-calculus-ph-212-400-u2026,2053526,PHY-212,linked_detail,linked_detail,https://canvas.oregonstate.edu/courses/2053526/files/119256249?module_item_id=26997777#,https://canvas.oregonstate.edu/courses/2053526/files/119256249?module_item_id=26997777#,first day overview.pdf: GENERAL PHYSICS WITH CALCULUS (PH_212_400_U2026),file,119256249,2,,,raw_html/00520-phy-212-linked-detail-first-day-overview-pdf-general-physics-with-calculus-ph-212-400-u2026.html,text/00520-phy-212-linked-detail-first-day-overview-pdf-general-physics-with-calculus-ph-212-400-u2026.txt,text/00520-phy-212-linked-detail-first-day-overview-pdf-general-physics-with-calculus-ph-212-400-u2026.fulltext.txt,markdown/00520-phy-212-linked-detail-first-day-overview-pdf-general-physics-with-calculus-ph-212-400-u2026.md,,metadata/00520-phy-212-linked-detail-first-day-overview-pdf-general-physics-with-calculus-ph-212-400-u2026.json,f9a36283fb1622a787b06529d32cf03084a7bc3a95c75091d338e39947822887,521eef8ecf3fb2cbf5dc30c213182e819915f9eb4ac7a9975f14499f17f20928,2026-07-30T20:45:34.810Z,1,38,3,0,0,0
00521-phy-212-linked-detail-academic-misconduct-scenarios-general-physics-with-calculus-ph-212-400-u2026,2053526,PHY-212,linked_detail,linked_detail,https://canvas.oregonstate.edu/courses/2053526/pages/academic-misconduct-scenarios?module_item_id=26896953#,https://canvas.oregonstate.edu/courses/2053526/pages/academic-misconduct-scenarios?module_item_id=26896953#,Academic Misconduct Scenarios: GENERAL PHYSICS WITH CALCULUS (PH_212_400_U2026),page,academic-misconduct-scenarios,2,,,raw_html/00521-phy-212-linked-detail-academic-misconduct-scenarios-general-physics-with-calculus-ph-212-400-u2026.html,text/00521-phy-212-linked-detail-academic-misconduct-scenarios-general-physics-with-calculus-ph-212-400-u2026.txt,text/00521-phy-212-linked-detail-academic-misconduct-scenarios-general-physics-with-calculus-ph-212-400-u2026.fulltext.txt,markdown/00521-phy-212-linked-detail-academic-misconduct-scenarios-general-physics-with-calculus-ph-212-400-u2026.md,,metadata/00521-phy-212-linked-detail-academic-misconduct-scenarios-general-physics-with-calculus-ph-212-400-u2026.json,2ff0577697853c2e1b0156c3b935986415c2596c4093508a9561e1145c2b40d2,d4d67abe676085096ca6178c6d563501605034cc7e70e75d1205e38dd1a74b8d,2026-07-30T20:45:37.408Z,5,42,2,0,0,0
00522-phy-212-linked-detail-module-1-circular-motion-learning-materials-general-physics-with-calculus-ph-212-400-u2026,2053526,PHY-212,linked_detail,linked_detail,https://canvas.oregonstate.edu/courses/2053526/pages/module-1-%7C-circular-motion-%7C-learning-materials,https://canvas.oregonstate.edu/courses/2053526/pages/module-1-%7C-circular-motion-%7C-learning-materials,Module 1 | Circular Motion | Learning Materials: GENERAL PHYSICS WITH CALCULUS (PH_212_400_U2026),page,module-1-%7C-circular-motion-%7C-learning-materials,2,,,raw_html/00522-phy-212-linked-detail-module-1-circular-motion-learning-materials-general-physics-with-calculus-ph-212-400-u2026.html,text/00522-phy-212-linked-detail-module-1-circular-motion-learning-materials-general-physics-with-calculus-ph-212-400-u2026.txt,text/00522-phy-212-linked-detail-module-1-circular-motion-learning-materials-general-physics-with-calculus-ph-212-400-u2026.fulltext.txt,markdown/00522-phy-212-linked-detail-module-1-circular-motion-learning-materials-general-physics-with-calculus-ph-212-400-u2026.md,,metadata/00522-phy-212-linked-detail-module-1-circular-motion-learning-materials-general-physics-with-calculus-ph-212-400-u2026.json,1bc22e87f90b61655408d9740f07b6d4ab85fc9a5dc9516bca019599cc4d0a2a,b41103b169fd2e507049d4ea93a5a9f63176eeab1087f17457d520b61a1ee1be,2026-07-30T20:45:39.958Z,5,48,11,0,0,0
00523-phy-212-linked-detail-module-1-circular-motion-required-activities-general-physics-with-calculus-ph-212-400-u2026,2053526,PHY-212,linked_detail,linked_detail,https://canvas.oregonstate.edu/courses/2053526/pages/module-1-%7C-circular-motion-%7C-required-activities,https://canvas.oregonstate.edu/courses/2053526/pages/module-1-%7C-circular-motion-%7C-required-activities,Module 1 | Circular Motion | Required Activities: GENERAL PHYSICS WITH CALCULUS (PH_212_400_U2026),page,module-1-%7C-circular-motion-%7C-required-activities,2,,,raw_html/00523-phy-212-linked-detail-module-1-circular-motion-required-activities-general-physics-with-calculus-ph-212-400-u2026.html,text/00523-phy-212-linked-detail-module-1-circular-motion-required-activities-general-physics-with-calculus-ph-212-400-u2026.txt,text/00523-phy-212-linked-detail-module-1-circular-motion-required-activities-general-physics-with-calculus-ph-212-400-u2026.fulltext.txt,markdown/00523-phy-212-linked-detail-module-1-circular-motion-required-activities-general-physics-with-calculus-ph-212-400-u2026.md,,metadata/00523-phy-212-linked-detail-module-1-circular-motion-required-activities-general-physics-with-calculus-ph-212-400-u2026.json,27131b3000b8d0898b8d6c1a8e7fb0cc20117e1207ab113e35c3309991daf86c,f56a9260f0c467756503483371a5125fc5b4c892241d8808c47227d66f45fe20,2026-07-30T20:45:45.359Z,4,62,2,0,0,0
00524-phy-212-linked-detail-quiz1-practice-pdf-general-physics-with-calculus-ph-212-400-u2026,2053526,PHY-212,linked_detail,linked_detail,https://canvas.oregonstate.edu/courses/2053526/files/118705966?wrap=1,https://canvas.oregonstate.edu/courses/2053526/files/118705966?wrap=1,quiz1_practice.pdf: GENERAL PHYSICS WITH CALCULUS (PH_212_400_U2026),file,118705966,2,,,raw_html/00524-phy-212-linked-detail-quiz1-practice-pdf-general-physics-with-calculus-ph-212-400-u2026.html,text/00524-phy-212-linked-detail-quiz1-practice-pdf-general-physics-with-calculus-ph-212-400-u2026.txt,text/00524-phy-212-linked-detail-quiz1-practice-pdf-general-physics-with-calculus-ph-212-400-u2026.fulltext.txt,markdown/00524-phy-212-linked-detail-quiz1-practice-pdf-general-physics-with-calculus-ph-212-400-u2026.md,,metadata/00524-phy-212-linked-detail-quiz1-practice-pdf-general-physics-with-calculus-ph-212-400-u2026.json,1bc50c27f4c8bc087ed542b2dab6cabe4111de9ef8fb873bd74279777485b07d,ef543ff196cc84dd84ab62fe9f06320c4624ccd735f6747ed80fd5ea9ad90644,2026-07-30T20:45:48.112Z,1,36,3,0,0,0
00525-phy-212-linked-detail-module-1-circular-motion-learning-materials-general-physics-with-calculus-ph-212-400-u2026,2053526,PHY-212,linked_detail,linked_detail,https://canvas.oregonstate.edu/courses/2053526/pages/module-1-%7C-circular-motion-%7C-learning-materials?module_item_id=26896959#,https://canvas.oregonstate.edu/courses/2053526/pages/module-1-%7C-circular-motion-%7C-learning-materials?module_item_id=26896959#,Module 1 | Circular Motion | Learning Materials: GENERAL PHYSICS WITH CALCULUS (PH_212_400_U2026),page,module-1-%7C-circular-motion-%7C-learning-materials,2,,,raw_html/00525-phy-212-linked-detail-module-1-circular-motion-learning-materials-general-physics-with-calculus-ph-212-400-u2026.html,text/00525-phy-212-linked-detail-module-1-circular-motion-learning-materials-general-physics-with-calculus-ph-212-400-u2026.txt,text/00525-phy-212-linked-detail-module-1-circular-motion-learning-materials-general-physics-with-calculus-ph-212-400-u2026.fulltext.txt,markdown/00525-phy-212-linked-detail-module-1-circular-motion-learning-materials-general-physics-with-calculus-ph-212-400-u2026.md,,metadata/00525-phy-212-linked-detail-module-1-circular-motion-learning-materials-general-physics-with-calculus-ph-212-400-u2026.json,621181a773f02a1237b5de99d227913a745e80525d39f66475fe42c5c7d5db77,b41103b169fd2e507049d4ea93a5a9f63176eeab1087f17457d520b61a1ee1be,2026-07-30T20:45:50.513Z,5,48,11,0,0,0
00526-phy-212-linked-detail-quiz1-practice-soln-pdf-general-physics-with-calculus-ph-212-400-u2026,2053526,PHY-212,linked_detail,linked_detail,https://canvas.oregonstate.edu/courses/2053526/files/118705439?wrap=1,https://canvas.oregonstate.edu/courses/2053526/files/118705439?wrap=1,quiz1_practice_soln.pdf: GENERAL PHYSICS WITH CALCULUS (PH_212_400_U2026),file,118705439,2,,,raw_html/00526-phy-212-linked-detail-quiz1-practice-soln-pdf-general-physics-with-calculus-ph-212-400-u2026.html,text/00526-phy-212-linked-detail-quiz1-practice-soln-pdf-general-physics-with-calculus-ph-212-400-u2026.txt,text/00526-phy-212-linked-detail-quiz1-practice-soln-pdf-general-physics-with-calculus-ph-212-400-u2026.fulltext.txt,markdown/00526-phy-212-linked-detail-quiz1-practice-soln-pdf-general-physics-with-calculus-ph-212-400-u2026.md,,metadata/00526-phy-212-linked-detail-quiz1-practice-soln-pdf-general-physics-with-calculus-ph-212-400-u2026.json,120eb1ea8c84fe91fcfc30ffebe6e381eda825f79ac25ba152e5c98b2cf1cc0e,d745e932f48afc8b4d943e8a5c7c6ccc6da55ed7a48cf821aa83c43bf540947c,2026-07-30T20:45:54.694Z,1,36,3,0,0,0
00527-phy-212-linked-detail-proctorio-practice-quiz-remotely-proctored-general-physics-with-calculus-ph-212-400-u2026,2053526,PHY-212,linked_detail,linked_detail,https://canvas.oregonstate.edu/courses/2053526/assignments/10557001,https://canvas.oregonstate.edu/courses/2053526/quizzes/3160506,Proctorio practice quiz (Remotely Proctored): GENERAL PHYSICS WITH CALCULUS (PH_212_400_U2026),quiz,3160506,2,yes,,raw_html/00527-phy-212-linked-detail-proctorio-practice-quiz-remotely-proctored-general-physics-with-calculus-ph-212-400-u2026.html,text/00527-phy-212-linked-detail-proctorio-practice-quiz-remotely-proctored-general-physics-with-calculus-ph-212-400-u2026.txt,text/00527-phy-212-linked-detail-proctorio-practice-quiz-remotely-proctored-general-physics-with-calculus-ph-212-400-u2026.fulltext.txt,markdown/00527-phy-212-linked-detail-proctorio-practice-quiz-remotely-proctored-general-physics-with-calculus-ph-212-400-u2026.md,,metadata/00527-phy-212-linked-detail-proctorio-practice-quiz-remotely-proctored-general-physics-with-calculus-ph-212-400-u2026.json,d37ea97a824b4351a9ca28f1624e728e8623162e1fc548c35907604638a3672c,131a3547203c4c573ff5ad10182d9d682c1b73947202a48cbee58c154745bd31,2026-07-30T20:45:57.558Z,4,40,2,0,0,0
00528-phy-212-linked-detail-hw-1-rotational-motion-general-physics-with-calculus-ph-212-400-u2026,2053526,PHY-212,linked_detail,linked_detail,https://canvas.oregonstate.edu/courses/2053526/assignments/10556984,https://canvas.oregonstate.edu/courses/2053526/quizzes/3160489,Hw 1 - Rotational Motion: GENERAL PHYSICS WITH CALCULUS (PH_212_400_U2026),quiz,3160489,2,yes,,raw_html/00528-phy-212-linked-detail-hw-1-rotational-motion-general-physics-with-calculus-ph-212-400-u2026.html,text/00528-phy-212-linked-detail-hw-1-rotational-motion-general-physics-with-calculus-ph-212-400-u2026.txt,text/00528-phy-212-linked-detail-hw-1-rotational-motion-general-physics-with-calculus-ph-212-400-u2026.fulltext.txt,markdown/00528-phy-212-linked-detail-hw-1-rotational-motion-general-physics-with-calculus-ph-212-400-u2026.md,,metadata/00528-phy-212-linked-detail-hw-1-rotational-motion-general-physics-with-calculus-ph-212-400-u2026.json,68c73d7e740e9fdb8ee629a6206b69fe6a20bad3483a81f64974f0847421f06e,84c4385a5a5277c0d3bbf5e150c39a4c97a3541295d25fcb29583318086d3e4d,2026-07-30T20:46:00.917Z,3,85,2,0,0,0
00529-phy-212-linked-detail-hw-2-rotational-dynamics-general-physics-with-calculus-ph-212-400-u2026,2053526,PHY-212,linked_detail,linked_detail,https://canvas.oregonstate.edu/courses/2053526/quizzes/3160444,https://canvas.oregonstate.edu/courses/2053526/quizzes/3160444,Hw 2 - Rotational Dynamics: GENERAL PHYSICS WITH CALCULUS (PH_212_400_U2026),quiz,3160444,2,,,raw_html/00529-phy-212-linked-detail-hw-2-rotational-dynamics-general-physics-with-calculus-ph-212-400-u2026.html,text/00529-phy-212-linked-detail-hw-2-rotational-dynamics-general-physics-with-calculus-ph-212-400-u2026.txt,text/00529-phy-212-linked-detail-hw-2-rotational-dynamics-general-physics-with-calculus-ph-212-400-u2026.fulltext.txt,markdown/00529-phy-212-linked-detail-hw-2-rotational-dynamics-general-physics-with-calculus-ph-212-400-u2026.md,,metadata/00529-phy-212-linked-detail-hw-2-rotational-dynamics-general-physics-with-calculus-ph-212-400-u2026.json,c63d9ed95b7a9cf42b87283aaa2473d821b66dc4107f213865d3477c181f9c13,b7527cfe70dca9875490c658ffae988826add8a6cc632f17c785a79c4b96b9dc,2026-07-30T20:46:04.070Z,3,76,2,0,0,0
00530-phy-212-linked-detail-m1-1pre-general-physics-with-calculus-ph-212-400-u2026,2053526,PHY-212,linked_detail,linked_detail,https://canvas.oregonstate.edu/courses/2053526/assignments/10557008,https://canvas.oregonstate.edu/courses/2053526/quizzes/3160514,M1-1pre: GENERAL PHYSICS WITH CALCULUS (PH_212_400_U2026),quiz,3160514,2,yes,,raw_html/00530-phy-212-linked-detail-m1-1pre-general-physics-with-calculus-ph-212-400-u2026.html,text/00530-phy-212-linked-detail-m1-1pre-general-physics-with-calculus-ph-212-400-u2026.txt,text/00530-phy-212-linked-detail-m1-1pre-general-physics-with-calculus-ph-212-400-u2026.fulltext.txt,markdown/00530-phy-212-linked-detail-m1-1pre-general-physics-with-calculus-ph-212-400-u2026.md,,metadata/00530-phy-212-linked-detail-m1-1pre-general-physics-with-calculus-ph-212-400-u2026.json,0bacaf0718b3c09406db42c6eaa45e72286e99eb9c37bd541b74bfd9b21a5c7c,720af7d9695ca0210783d2ab792b02a45975306ef6521ad1491f5d59f7a6a114,2026-07-30T20:46:06.908Z,3,41,2,0,0,0
00531-phy-212-linked-detail-m1-2pre-general-physics-with-calculus-ph-212-400-u2026,2053526,PHY-212,linked_detail,linked_detail,https://canvas.oregonstate.edu/courses/2053526/assignments/10556960,https://canvas.oregonstate.edu/courses/2053526/quizzes/3160464,M1-2pre: GENERAL PHYSICS WITH CALCULUS (PH_212_400_U2026),quiz,3160464,2,yes,,raw_html/00531-phy-212-linked-detail-m1-2pre-general-physics-with-calculus-ph-212-400-u2026.html,text/00531-phy-212-linked-detail-m1-2pre-general-physics-with-calculus-ph-212-400-u2026.txt,text/00531-phy-212-linked-detail-m1-2pre-general-physics-with-calculus-ph-212-400-u2026.fulltext.txt,markdown/00531-phy-212-linked-detail-m1-2pre-general-physics-with-calculus-ph-212-400-u2026.md,,metadata/00531-phy-212-linked-detail-m1-2pre-general-physics-with-calculus-ph-212-400-u2026.json,d7cd67a28ca588d503728d4fda3cf225f0dff10af834722c874f1e6e80066a47,42df59110d6b68595abaf80f1c888af7185227a9aff00e1f35341fb79fc8a3e6,2026-07-30T20:46:09.908Z,3,40,2,0,0,0
00532-phy-212-linked-detail-m1-3pre-general-physics-with-calculus-ph-212-400-u2026,2053526,PHY-212,linked_detail,linked_detail,https://canvas.oregonstate.edu/courses/2053526/quizzes/3160475,https://canvas.oregonstate.edu/courses/2053526/quizzes/3160475,M1-3pre: GENERAL PHYSICS WITH CALCULUS (PH_212_400_U2026),quiz,3160475,2,,,raw_html/00532-phy-212-linked-detail-m1-3pre-general-physics-with-calculus-ph-212-400-u2026.html,text/00532-phy-212-linked-detail-m1-3pre-general-physics-with-calculus-ph-212-400-u2026.txt,text/00532-phy-212-linked-detail-m1-3pre-general-physics-with-calculus-ph-212-400-u2026.fulltext.txt,markdown/00532-phy-212-linked-detail-m1-3pre-general-physics-with-calculus-ph-212-400-u2026.md,,metadata/00532-phy-212-linked-detail-m1-3pre-general-physics-with-calculus-ph-212-400-u2026.json,d22a94c857c476db57c07cb88d97f2abcfc0272497eebd6a0ab845828751263b,8af16945601187fa92ba3af654a719965145d5a4210cbc00ba5acd80174ba25a,2026-07-30T20:46:12.249Z,3,38,2,0,0,0
00533-phy-212-linked-detail-m1-4pre-general-physics-with-calculus-ph-212-400-u2026,2053526,PHY-212,linked_detail,linked_detail,https://canvas.oregonstate.edu/courses/2053526/quizzes/3160500,https://canvas.oregonstate.edu/courses/2053526/quizzes/3160500,M1-4pre: GENERAL PHYSICS WITH CALCULUS (PH_212_400_U2026),quiz,3160500,2,,,raw_html/00533-phy-212-linked-detail-m1-4pre-general-physics-with-calculus-ph-212-400-u2026.html,text/00533-phy-212-linked-detail-m1-4pre-general-physics-with-calculus-ph-212-400-u2026.txt,text/00533-phy-212-linked-detail-m1-4pre-general-physics-with-calculus-ph-212-400-u2026.fulltext.txt,markdown/00533-phy-212-linked-detail-m1-4pre-general-physics-with-calculus-ph-212-400-u2026.md,,metadata/00533-phy-212-linked-detail-m1-4pre-general-physics-with-calculus-ph-212-400-u2026.json,98fe71c1cedcf828ae9a6cc67f207fd3df8fc2348c10697ca56f06f130c6cd03,667517718eca1b40592be0475e6543cc1e88baa3ddf1a8bf20512883f4d7cbdc,2026-07-30T20:46:14.562Z,3,38,2,0,0,0
00534-phy-212-linked-detail-m1-5pre-general-physics-with-calculus-ph-212-400-u2026,2053526,PHY-212,linked_detail,linked_detail,https://canvas.oregonstate.edu/courses/2053526/quizzes/3160476,https://canvas.oregonstate.edu/courses/2053526/quizzes/3160476,M1-5pre: GENERAL PHYSICS WITH CALCULUS (PH_212_400_U2026),quiz,3160476,2,,,raw_html/00534-phy-212-linked-detail-m1-5pre-general-physics-with-calculus-ph-212-400-u2026.html,text/00534-phy-212-linked-detail-m1-5pre-general-physics-with-calculus-ph-212-400-u2026.txt,text/00534-phy-212-linked-detail-m1-5pre-general-physics-with-calculus-ph-212-400-u2026.fulltext.txt,markdown/00534-phy-212-linked-detail-m1-5pre-general-physics-with-calculus-ph-212-400-u2026.md,,metadata/00534-phy-212-linked-detail-m1-5pre-general-physics-with-calculus-ph-212-400-u2026.json,21fa291feb2cab75c24a7ce0d8b7494d8850e2a93ad25a2e941287d0daa100a2,e81cd913116fa146a62db4b4a61dfa4bc843dd42b8a91989a5dd268a4ba51699,2026-07-30T20:46:16.710Z,3,38,2,0,0,0
00535-phy-212-linked-detail-m1-0asy-general-physics-with-calculus-ph-212-400-u2026,2053526,PHY-212,linked_detail,linked_detail,https://canvas.oregonstate.edu/courses/2053526/assignments/10590694,https://canvas.oregonstate.edu/courses/2053526/quizzes/3169000,M1-0asy: GENERAL PHYSICS WITH CALCULUS (PH_212_400_U2026),quiz,3169000,2,yes,,raw_html/00535-phy-212-linked-detail-m1-0asy-general-physics-with-calculus-ph-212-400-u2026.html,text/00535-phy-212-linked-detail-m1-0asy-general-physics-with-calculus-ph-212-400-u2026.txt,text/00535-phy-212-linked-detail-m1-0asy-general-physics-with-calculus-ph-212-400-u2026.fulltext.txt,markdown/00535-phy-212-linked-detail-m1-0asy-general-physics-with-calculus-ph-212-400-u2026.md,,metadata/00535-phy-212-linked-detail-m1-0asy-general-physics-with-calculus-ph-212-400-u2026.json,b7a478b721057489f1ce59537cbad9c10c531e0abaf43d41087a79ef60ced37e,00d9a62922de707bd95b60b5a5cc1ca0a06ba3055cb62d7fb36a106e83df80f7,2026-07-30T20:46:19.206Z,3,43,2,0,0,0
00536-phy-212-linked-detail-m1-00asy-general-physics-with-calculus-ph-212-400-u2026,2053526,PHY-212,linked_detail,linked_detail,https://canvas.oregonstate.edu/courses/2053526/assignments/10590695,https://canvas.oregonstate.edu/courses/2053526/quizzes/3169001,M1-00asy: GENERAL PHYSICS WITH CALCULUS (PH_212_400_U2026),quiz,3169001,2,yes,,raw_html/00536-phy-212-linked-detail-m1-00asy-general-physics-with-calculus-ph-212-400-u2026.html,text/00536-phy-212-linked-detail-m1-00asy-general-physics-with-calculus-ph-212-400-u2026.txt,text/00536-phy-212-linked-detail-m1-00asy-general-physics-with-calculus-ph-212-400-u2026.fulltext.txt,markdown/00536-phy-212-linked-detail-m1-00asy-general-physics-with-calculus-ph-212-400-u2026.md,,metadata/00536-phy-212-linked-detail-m1-00asy-general-physics-with-calculus-ph-212-400-u2026.json,f1e0f09ed95fec11d461c48bc9d295ee96a0520dd90b764e96a2b4fa096c530b,b5d1e00e9e27f36341411c5dd011d1c9d4e4d76c431018b253271a4e6ecc9182,2026-07-30T20:46:22.259Z,5,58,2,0,0,0
00537-phy-212-linked-detail-m1-1asy-general-physics-with-calculus-ph-212-400-u2026,2053526,PHY-212,linked_detail,linked_detail,https://canvas.oregonstate.edu/courses/2053526/quizzes/3160454,https://canvas.oregonstate.edu/courses/2053526/quizzes/3160454,M1-1asy: GENERAL PHYSICS WITH CALCULUS (PH_212_400_U2026),quiz,3160454,2,,,raw_html/00537-phy-212-linked-detail-m1-1asy-general-physics-with-calculus-ph-212-400-u2026.html,text/00537-phy-212-linked-detail-m1-1asy-general-physics-with-calculus-ph-212-400-u2026.txt,text/00537-phy-212-linked-detail-m1-1asy-general-physics-with-calculus-ph-212-400-u2026.fulltext.txt,markdown/00537-phy-212-linked-detail-m1-1asy-general-physics-with-calculus-ph-212-400-u2026.md,,metadata/00537-phy-212-linked-detail-m1-1asy-general-physics-with-calculus-ph-212-400-u2026.json,ceb2478bec662fd5ab87c6fe0a216a9c1387562448665cbd9ece15dab8bdc9ab,5bb4112f9c5b108cf0b5e109040552499d50036848a44c56772c47fa3a360b8c,2026-07-30T20:46:24.968Z,5,61,2,0,0,0
00538-phy-212-linked-detail-m1-2asy-general-physics-with-calculus-ph-212-400-u2026,2053526,PHY-212,linked_detail,linked_detail,https://canvas.oregonstate.edu/courses/2053526/quizzes/3160491,https://canvas.oregonstate.edu/courses/2053526/quizzes/3160491,M1-2asy: GENERAL PHYSICS WITH CALCULUS (PH_212_400_U2026),quiz,3160491,2,,,raw_html/00538-phy-212-linked-detail-m1-2asy-general-physics-with-calculus-ph-212-400-u2026.html,text/00538-phy-212-linked-detail-m1-2asy-general-physics-with-calculus-ph-212-400-u2026.txt,text/00538-phy-212-linked-detail-m1-2asy-general-physics-with-calculus-ph-212-400-u2026.fulltext.txt,markdown/00538-phy-212-linked-detail-m1-2asy-general-physics-with-calculus-ph-212-400-u2026.md,,metadata/00538-phy-212-linked-detail-m1-2asy-general-physics-with-calculus-ph-212-400-u2026.json,5ca1e050057844520866bd51cc4ecf481c9ab09450ed42ab1272721d6e51587b,ab9a80964b123a58790b4211e0b62fa657e9a59409db84fc3f4dd787bbdeafd2,2026-07-30T20:46:27.410Z,4,60,2,0,0,0
00539-phy-212-linked-detail-m1-3asy-general-physics-with-calculus-ph-212-400-u2026,2053526,PHY-212,linked_detail,linked_detail,https://canvas.oregonstate.edu/courses/2053526/quizzes/3160508,https://canvas.oregonstate.edu/courses/2053526/quizzes/3160508,M1-3asy: GENERAL PHYSICS WITH CALCULUS (PH_212_400_U2026),quiz,3160508,2,,,raw_html/00539-phy-212-linked-detail-m1-3asy-general-physics-with-calculus-ph-212-400-u2026.html,text/00539-phy-212-linked-detail-m1-3asy-general-physics-with-calculus-ph-212-400-u2026.txt,text/00539-phy-212-linked-detail-m1-3asy-general-physics-with-calculus-ph-212-400-u2026.fulltext.txt,markdown/00539-phy-212-linked-detail-m1-3asy-general-physics-with-calculus-ph-212-400-u2026.md,,metadata/00539-phy-212-linked-detail-m1-3asy-general-physics-with-calculus-ph-212-400-u2026.json,753b9a0d604d76492f2076f0398d4bf60356ffbb7073c6dfef7fbe941b8b876b,462a8081f7ee1169a9631d23a7d9dde1a900ad5f35c8fc91907d7a2f92b739e9,2026-07-30T20:46:30.059Z,5,61,2,0,0,0
00540-phy-212-linked-detail-m1-4asy-general-physics-with-calculus-ph-212-400-u2026,2053526,PHY-212,linked_detail,linked_detail,https://canvas.oregonstate.edu/courses/2053526/quizzes/3160457,https://canvas.oregonstate.edu/courses/2053526/quizzes/3160457,M1-4asy: GENERAL PHYSICS WITH CALCULUS (PH_212_400_U2026),quiz,3160457,2,,,raw_html/00540-phy-212-linked-detail-m1-4asy-general-physics-with-calculus-ph-212-400-u2026.html,text/00540-phy-212-linked-detail-m1-4asy-general-physics-with-calculus-ph-212-400-u2026.txt,text/00540-phy-212-linked-detail-m1-4asy-general-physics-with-calculus-ph-212-400-u2026.fulltext.txt,markdown/00540-phy-212-linked-detail-m1-4asy-general-physics-with-calculus-ph-212-400-u2026.md,,metadata/00540-phy-212-linked-detail-m1-4asy-general-physics-with-calculus-ph-212-400-u2026.json,c10f21809b385af9e0501a2bc242ae8db84fd6a116861af9b56ca295940fd61a,46ccae1f0b24b9c7c43877bf37569ade2dd270f907f7f85878de9c76289b37f7,2026-07-30T20:46:41.758Z,4,62,2,0,0,0
00541-phy-212-linked-detail-m1-5asy-general-physics-with-calculus-ph-212-400-u2026,2053526,PHY-212,linked_detail,linked_detail,https://canvas.oregonstate.edu/courses/2053526/assignments/10557021,https://canvas.oregonstate.edu/courses/2053526/quizzes/3160528,M1-5asy: GENERAL PHYSICS WITH CALCULUS (PH_212_400_U2026),quiz,3160528,2,yes,,raw_html/00541-phy-212-linked-detail-m1-5asy-general-physics-with-calculus-ph-212-400-u2026.html,text/00541-phy-212-linked-detail-m1-5asy-general-physics-with-calculus-ph-212-400-u2026.txt,text/00541-phy-212-linked-detail-m1-5asy-general-physics-with-calculus-ph-212-400-u2026.fulltext.txt,markdown/00541-phy-212-linked-detail-m1-5asy-general-physics-with-calculus-ph-212-400-u2026.md,,metadata/00541-phy-212-linked-detail-m1-5asy-general-physics-with-calculus-ph-212-400-u2026.json,8ed3e872c8d8d0ccd021260dbf9cac8e5e2e569efb00d96b3ab544f7c1a4378a,3acc128a415d43977de9cb728f9a30d85c2bc99c269fd17b8a3f187aa5d0de90,2026-07-30T20:46:44.760Z,5,61,2,0,0,0
00542-phy-212-linked-detail-quiz-1-notes,2053526,PHY-212,linked_detail,linked_detail,https://canvas.oregonstate.edu/courses/2053526/assignments/10557097,https://canvas.oregonstate.edu/courses/2053526/assignments/10557097,Quiz 1 Notes,assignment,10557097,2,,yes,raw_html/00542-phy-212-linked-detail-quiz-1-notes.html,text/00542-phy-212-linked-detail-quiz-1-notes.txt,text/00542-phy-212-linked-detail-quiz-1-notes.fulltext.txt,markdown/00542-phy-212-linked-detail-quiz-1-notes.md,,metadata/00542-phy-212-linked-detail-quiz-1-notes.json,7b846d313d167dc1d505e85f88c5386eeded8a400ac0dacb765b8746bc3ae99e,06af015599ae0bacda985e143de35f8a9e020f14bae986f7deb2627272b6ea13,2026-07-30T20:46:47.161Z,2,60,2,0,0,0
00543-phy-212-linked-detail-quiz-1a-asy-remotely-proctored-general-physics-with-calculus-ph-212-400-u2026,2053526,PHY-212,linked_detail,linked_detail,https://canvas.oregonstate.edu/courses/2053526/quizzes/3160453,https://canvas.oregonstate.edu/courses/2053526/quizzes/3160453,Quiz 1A_asy (Remotely Proctored): GENERAL PHYSICS WITH CALCULUS (PH_212_400_U2026),quiz,3160453,2,,,raw_html/00543-phy-212-linked-detail-quiz-1a-asy-remotely-proctored-general-physics-with-calculus-ph-212-400-u2026.html,text/00543-phy-212-linked-detail-quiz-1a-asy-remotely-proctored-general-physics-with-calculus-ph-212-400-u2026.txt,text/00543-phy-212-linked-detail-quiz-1a-asy-remotely-proctored-general-physics-with-calculus-ph-212-400-u2026.fulltext.txt,markdown/00543-phy-212-linked-detail-quiz-1a-asy-remotely-proctored-general-physics-with-calculus-ph-212-400-u2026.md,,metadata/00543-phy-212-linked-detail-quiz-1a-asy-remotely-proctored-general-physics-with-calculus-ph-212-400-u2026.json,7de329598484e6773e7f5d1bec27a300db3ed1dbb6646ef290198a2b8d718147,20852e14e853d10fd84e8f33dcfc3cae1e77f369e36060fbe1e17b062dae1df1,2026-07-30T20:46:49.712Z,3,48,2,0,0,0
00544-phy-212-linked-detail-quiz-1a-asy-work,2053526,PHY-212,linked_detail,linked_detail,https://canvas.oregonstate.edu/courses/2053526/assignments/10557100,https://canvas.oregonstate.edu/courses/2053526/assignments/10557100,Quiz 1A_asy_work,assignment,10557100,2,,,raw_html/00544-phy-212-linked-detail-quiz-1a-asy-work.html,text/00544-phy-212-linked-detail-quiz-1a-asy-work.txt,text/00544-phy-212-linked-detail-quiz-1a-asy-work.fulltext.txt,markdown/00544-phy-212-linked-detail-quiz-1a-asy-work.md,,metadata/00544-phy-212-linked-detail-quiz-1a-asy-work.json,6093390333452e8fb207a7938a16e2113a4961e99bac568d1dde693e71778cfd,690a65cfe5ee78b9ed964ae175f7a5442a8ab89055f3d39babad98b1fbf7f8ed,2026-07-30T20:46:52.062Z,2,60,2,0,0,0
00545-phy-212-linked-detail-quiz-1b-asy-remotely-proctored-general-physics-with-calculus-ph-212-400-u2026,2053526,PHY-212,linked_detail,linked_detail,https://canvas.oregonstate.edu/courses/2053526/assignments/10556989,https://canvas.oregonstate.edu/courses/2053526/quizzes/3160494,Quiz 1B_asy (Remotely Proctored): GENERAL PHYSICS WITH CALCULUS (PH_212_400_U2026),quiz,3160494,2,yes,,raw_html/00545-phy-212-linked-detail-quiz-1b-asy-remotely-proctored-general-physics-with-calculus-ph-212-400-u2026.html,text/00545-phy-212-linked-detail-quiz-1b-asy-remotely-proctored-general-physics-with-calculus-ph-212-400-u2026.txt,text/00545-phy-212-linked-detail-quiz-1b-asy-remotely-proctored-general-physics-with-calculus-ph-212-400-u2026.fulltext.txt,markdown/00545-phy-212-linked-detail-quiz-1b-asy-remotely-proctored-general-physics-with-calculus-ph-212-400-u2026.md,,metadata/00545-phy-212-linked-detail-quiz-1b-asy-remotely-proctored-general-physics-with-calculus-ph-212-400-u2026.json,4698b34512c85fa5352fbcfcf72daf41488cb39d831cb70d67ce6126e6b21450,2f86f71e22d527e330cf1a4109142470662e9349f80e8c5be45dfb0416354e64,2026-07-30T20:46:55.057Z,2,38,2,0,0,0
00546-phy-212-linked-detail-quiz-1b-asy-work,2053526,PHY-212,linked_detail,linked_detail,https://canvas.oregonstate.edu/courses/2053526/assignments/10557103,https://canvas.oregonstate.edu/courses/2053526/assignments/10557103,Quiz 1B_asy_work,assignment,10557103,2,,,raw_html/00546-phy-212-linked-detail-quiz-1b-asy-work.html,text/00546-phy-212-linked-detail-quiz-1b-asy-work.txt,text/00546-phy-212-linked-detail-quiz-1b-asy-work.fulltext.txt,markdown/00546-phy-212-linked-detail-quiz-1b-asy-work.md,,metadata/00546-phy-212-linked-detail-quiz-1b-asy-work.json,96cd2739c140c328f48a718ffc11b9cb7856638968839e9d9f628a492935ad14,5921ae04dc35efc22d5b690dc7f684b648fc87944d0d29b5a05db57177c92ac1,2026-07-30T20:46:57.563Z,2,60,2,0,0,0
00547-phy-212-linked-detail-quiz-1a,2053526,PHY-212,linked_detail,linked_detail,https://canvas.oregonstate.edu/courses/2053526/assignments/10557098,https://canvas.oregonstate.edu/courses/2053526/assignments/10557098,Quiz 1A,assignment,10557098,2,,,raw_html/00547-phy-212-linked-detail-quiz-1a.html,text/00547-phy-212-linked-detail-quiz-1a.txt,text/00547-phy-212-linked-detail-quiz-1a.fulltext.txt,markdown/00547-phy-212-linked-detail-quiz-1a.md,,metadata/00547-phy-212-linked-detail-quiz-1a.json,97277db981bba10b297f08813989f209980345888c7bd373092172fffa6b53f7,cad4a556b04c595f0aecc958821e906b16116a6e07e1bac532279f96554e19ad,2026-07-30T20:46:59.807Z,3,59,2,0,0,0
00548-phy-212-linked-detail-quiz-1a-6pm,2053526,PHY-212,linked_detail,linked_detail,https://canvas.oregonstate.edu/courses/2053526/assignments/10557099,https://canvas.oregonstate.edu/courses/2053526/assignments/10557099,Quiz 1A_6pm,assignment,10557099,2,,,raw_html/00548-phy-212-linked-detail-quiz-1a-6pm.html,text/00548-phy-212-linked-detail-quiz-1a-6pm.txt,text/00548-phy-212-linked-detail-quiz-1a-6pm.fulltext.txt,markdown/00548-phy-212-linked-detail-quiz-1a-6pm.md,,metadata/00548-phy-212-linked-detail-quiz-1a-6pm.json,67983b2584e533854566da5fcd69ee6ca36e5ef96410ad827f73e35c3edb4a0c,c26e8a772bac072d239f3c4b7f13283f302ccc8e26af32f337e3b3e6843ef90e,2026-07-30T20:47:02.009Z,2,59,2,0,0,0
00549-phy-212-linked-detail-quiz-1b,2053526,PHY-212,linked_detail,linked_detail,https://canvas.oregonstate.edu/courses/2053526/assignments/10557101,https://canvas.oregonstate.edu/courses/2053526/assignments/10557101,Quiz 1B,assignment,10557101,2,,,raw_html/00549-phy-212-linked-detail-quiz-1b.html,text/00549-phy-212-linked-detail-quiz-1b.txt,text/00549-phy-212-linked-detail-quiz-1b.fulltext.txt,markdown/00549-phy-212-linked-detail-quiz-1b.md,,metadata/00549-phy-212-linked-detail-quiz-1b.json,b7f11d1887d70355e84774b736d5cec7f8e03c4069019dd667458e598a4242a8,adb98476e764b26a48f448db9b4f295cda54c28f54e7877cde6766d9cae326d0,2026-07-30T20:47:04.261Z,2,59,2,0,0,0
00550-phy-212-linked-detail-quiz-1b-6pm,2053526,PHY-212,linked_detail,linked_detail,https://canvas.oregonstate.edu/courses/2053526/assignments/10557102,https://canvas.oregonstate.edu/courses/2053526/assignments/10557102,Quiz 1B_6pm,assignment,10557102,2,,,raw_html/00550-phy-212-linked-detail-quiz-1b-6pm.html,text/00550-phy-212-linked-detail-quiz-1b-6pm.txt,text/00550-phy-212-linked-detail-quiz-1b-6pm.fulltext.txt,markdown/00550-phy-212-linked-detail-quiz-1b-6pm.md,,metadata/00550-phy-212-linked-detail-quiz-1b-6pm.json,575b1f69431c03c982e62723c3cdba36bad7aa99ed0282e80137308a3dc32b7d,e4e33f7b33cfa17ef72e0c805661f7602eb2b8a08bdd760310083d2419f26d02,2026-07-30T20:47:06.507Z,2,59,2,0,0,0
00551-phy-212-linked-detail-quiz-1x,2053526,PHY-212,linked_detail,linked_detail,https://canvas.oregonstate.edu/courses/2053526/assignments/10557104,https://canvas.oregonstate.edu/courses/2053526/assignments/10557104,Quiz 1x,assignment,10557104,2,,,raw_html/00551-phy-212-linked-detail-quiz-1x.html,text/00551-phy-212-linked-detail-quiz-1x.txt,text/00551-phy-212-linked-detail-quiz-1x.fulltext.txt,markdown/00551-phy-212-linked-detail-quiz-1x.md,,metadata/00551-phy-212-linked-detail-quiz-1x.json,6ba0c20bbe29f057ad67345346681b7b2d32c7f037529a71433144089d20db98,93e6c5faa9137bc869f450fa544a754baeba865aa841362ba077de44fa852085,2026-07-30T20:47:09.060Z,2,60,2,0,0,0
00552-phy-212-linked-detail-proctorio-practice-quiz-remotely-proctored-general-physics-with-calculus-ph-212-400-u2026,2053526,PHY-212,linked_detail,linked_detail,https://canvas.oregonstate.edu/courses/2053526/quizzes/3160506/take?user_id=6660414,https://canvas.oregonstate.edu/courses/2053526/quizzes/3160506/take?user_id=6660414,Proctorio practice quiz (Remotely Proctored): GENERAL PHYSICS WITH CALCULUS (PH_212_400_U2026),quiz,3160506,2,,,raw_html/00552-phy-212-linked-detail-proctorio-practice-quiz-remotely-proctored-general-physics-with-calculus-ph-212-400-u2026.html,text/00552-phy-212-linked-detail-proctorio-practice-quiz-remotely-proctored-general-physics-with-calculus-ph-212-400-u2026.txt,text/00552-phy-212-linked-detail-proctorio-practice-quiz-remotely-proctored-general-physics-with-calculus-ph-212-400-u2026.fulltext.txt,markdown/00552-phy-212-linked-detail-proctorio-practice-quiz-remotely-proctored-general-physics-with-calculus-ph-212-400-u2026.md,,metadata/00552-phy-212-linked-detail-proctorio-practice-quiz-remotely-proctored-general-physics-with-calculus-ph-212-400-u2026.json,8a48413319589e76bdeb35a1ac0c5cb20bb3fb26d1ec2692da5f4a50059b5fab,5921d4117babcf82920fa4ba96cbe25ea1ecadb10d8ee68dffda770cffd49f26,2026-07-30T20:47:11.608Z,1,35,2,0,0,0
00553-phy-212-linked-detail-topic-course-introductions,2053526,PHY-212,linked_detail,linked_detail,https://canvas.oregonstate.edu/courses/2053526/assignments/10557032,https://canvas.oregonstate.edu/courses/2053526/discussion_topics/11563802,Topic: Course Introductions,discussion,11563802,2,yes,,raw_html/00553-phy-212-linked-detail-topic-course-introductions.html,text/00553-phy-212-linked-detail-topic-course-introductions.txt,text/00553-phy-212-linked-detail-topic-course-introductions.fulltext.txt,markdown/00553-phy-212-linked-detail-topic-course-introductions.md,,metadata/00553-phy-212-linked-detail-topic-course-introductions.json,2c9c90e0196dd19bfef25db26790da877604d9990fec4bf89840e87928d6d575,e3b0c44298fc1c149afbf4c8996fb92427ae41e4649b934ca495991b7852b855,2026-07-30T20:47:14.405Z,0,34,2,0,0,0
00554-phy-212-linked-detail-lab-1-team-building-and-uncertainty-refresher-general-physics-with-calculus-ph-212-400-u2026,2053526,PHY-212,linked_detail,linked_detail,https://canvas.oregonstate.edu/courses/2053526/pages/lab-1-team-building-and-uncertainty-refresher,https://canvas.oregonstate.edu/courses/2053526/pages/lab-1-team-building-and-uncertainty-refresher,Lab 1: Team Building and Uncertainty Refresher: GENERAL PHYSICS WITH CALCULUS (PH_212_400_U2026),page,lab-1-team-building-and-uncertainty-refresher,2,,,raw_html/00554-phy-212-linked-detail-lab-1-team-building-and-uncertainty-refresher-general-physics-with-calculus-ph-212-400-u2026.html,text/00554-phy-212-linked-detail-lab-1-team-building-and-uncertainty-refresher-general-physics-with-calculus-ph-212-400-u2026.txt,text/00554-phy-212-linked-detail-lab-1-team-building-and-uncertainty-refresher-general-physics-with-calculus-ph-212-400-u2026.fulltext.txt,markdown/00554-phy-212-linked-detail-lab-1-team-building-and-uncertainty-refresher-general-physics-with-calculus-ph-212-400-u2026.md,,metadata/00554-phy-212-linked-detail-lab-1-team-building-and-uncertainty-refresher-general-physics-with-calculus-ph-212-400-u2026.json,1c066680421be57965ba97cbe904114e91bb14a45b59a766290be3aac9c5d7a2,4efec65e2d8438aa323674eeb153fe954250663c088db9afbac8c515496fd3f6,2026-07-30T20:47:50.761Z,9,40,2,0,0,0
00555-phy-212-linked-detail-lab-1-report,2053526,PHY-212,linked_detail,linked_detail,https://canvas.oregonstate.edu/courses/2053526/assignments/10557057,https://canvas.oregonstate.edu/courses/2053526/assignments/10557057,Lab 1 Report,assignment,10557057,2,,yes,raw_html/00555-phy-212-linked-detail-lab-1-report.html,text/00555-phy-212-linked-detail-lab-1-report.txt,text/00555-phy-212-linked-detail-lab-1-report.fulltext.txt,markdown/00555-phy-212-linked-detail-lab-1-report.md,,metadata/00555-phy-212-linked-detail-lab-1-report.json,4414600f99e49f95cfeec4b9439990aaf570c306c74404cf8af3b8ebe0656350,1b841ec8c29c612fa2386027715fb4e778f9ae4e48070851be2a3ded38f0eb0b,2026-07-30T20:47:53.308Z,3,60,2,0,0,0
00556-phy-212-linked-detail-lab-partner-values-survey-general-physics-with-calculus-ph-212-400-u2026,2053526,PHY-212,linked_detail,linked_detail,https://canvas.oregonstate.edu/courses/2053526/quizzes/3160536?module_item_id=26896963#,https://canvas.oregonstate.edu/courses/2053526/quizzes/3160536?module_item_id=26896963#,Lab Partner Values Survey: GENERAL PHYSICS WITH CALCULUS (PH_212_400_U2026),quiz,3160536,2,,,raw_html/00556-phy-212-linked-detail-lab-partner-values-survey-general-physics-with-calculus-ph-212-400-u2026.html,text/00556-phy-212-linked-detail-lab-partner-values-survey-general-physics-with-calculus-ph-212-400-u2026.txt,text/00556-phy-212-linked-detail-lab-partner-values-survey-general-physics-with-calculus-ph-212-400-u2026.fulltext.txt,markdown/00556-phy-212-linked-detail-lab-partner-values-survey-general-physics-with-calculus-ph-212-400-u2026.md,,metadata/00556-phy-212-linked-detail-lab-partner-values-survey-general-physics-with-calculus-ph-212-400-u2026.json,6f3c741e0a59a573b3835e04cc49fba0bcbe0b380aff9de35d7e5c105212d2ea,d677d9c1a073aeea27c4d98a8be7045ad0dd731b17ad9b573b3a4c16e4ed1232,2026-07-30T20:47:55.560Z,2,54,2,0,0,0
00557-phy-212-linked-detail-unauthorized,2053526,PHY-212,linked_detail,linked_detail,https://canvas.oregonstate.edu/courses/2053526/quizzes/3160536/questions/59026451,https://canvas.oregonstate.edu/courses/2053526/quizzes/3160536/questions/59026451,Unauthorized,quiz,3160536,2,,,raw_html/00557-phy-212-linked-detail-unauthorized.html,text/00557-phy-212-linked-detail-unauthorized.txt,text/00557-phy-212-linked-detail-unauthorized.fulltext.txt,markdown/00557-phy-212-linked-detail-unauthorized.md,,metadata/00557-phy-212-linked-detail-unauthorized.json,b0c7217627d5ba96a73961c67db2e23c26c18c4076091f787317e2020ef4e5e7,2b62e20d47d477eacda81c2beef0dbb06e7f4e1a1021b68e5f70be2917f36f5b,2026-07-30T20:47:57.606Z,1,13,2,0,0,0
00558-phy-212-linked-detail-unauthorized,2053526,PHY-212,linked_detail,linked_detail,https://canvas.oregonstate.edu/courses/2053526/quizzes/3160536/questions/59026452,https://canvas.oregonstate.edu/courses/2053526/quizzes/3160536/questions/59026452,Unauthorized,quiz,3160536,2,,,raw_html/00558-phy-212-linked-detail-unauthorized.html,text/00558-phy-212-linked-detail-unauthorized.txt,text/00558-phy-212-linked-detail-unauthorized.fulltext.txt,markdown/00558-phy-212-linked-detail-unauthorized.md,,metadata/00558-phy-212-linked-detail-unauthorized.json,9b8db22b273ac651782aa20f60156196e46fbbac4b1cb2a2f2ddba4891ca0209,2b62e20d47d477eacda81c2beef0dbb06e7f4e1a1021b68e5f70be2917f36f5b,2026-07-30T20:47:59.657Z,1,13,2,0,0,0
00559-phy-212-linked-detail-unauthorized,2053526,PHY-212,linked_detail,linked_detail,https://canvas.oregonstate.edu/courses/2053526/quizzes/3160536/questions/59026453,https://canvas.oregonstate.edu/courses/2053526/quizzes/3160536/questions/59026453,Unauthorized,quiz,3160536,2,,,raw_html/00559-phy-212-linked-detail-unauthorized.html,text/00559-phy-212-linked-detail-unauthorized.txt,text/00559-phy-212-linked-detail-unauthorized.fulltext.txt,markdown/00559-phy-212-linked-detail-unauthorized.md,,metadata/00559-phy-212-linked-detail-unauthorized.json,97d0367a9c2a777885c68e6645277740deb6e4df4c63a5a95541622a302dedf3,2b62e20d47d477eacda81c2beef0dbb06e7f4e1a1021b68e5f70be2917f36f5b,2026-07-30T20:48:01.805Z,1,13,2,0,0,0
00560-phy-212-linked-detail-unauthorized,2053526,PHY-212,linked_detail,linked_detail,https://canvas.oregonstate.edu/courses/2053526/quizzes/3160536/questions/59026454,https://canvas.oregonstate.edu/courses/2053526/quizzes/3160536/questions/59026454,Unauthorized,quiz,3160536,2,,,raw_html/00560-phy-212-linked-detail-unauthorized.html,text/00560-phy-212-linked-detail-unauthorized.txt,text/00560-phy-212-linked-detail-unauthorized.fulltext.txt,markdown/00560-phy-212-linked-detail-unauthorized.md,,metadata/00560-phy-212-linked-detail-unauthorized.json,0e5c1f0961c1f6a33d0ae2ce7c0c6f45d6b2680ab07ca7c5f15ea3f46b567e42,2b62e20d47d477eacda81c2beef0dbb06e7f4e1a1021b68e5f70be2917f36f5b,2026-07-30T20:48:03.607Z,1,13,2,0,0,0
00561-phy-212-linked-detail-unauthorized,2053526,PHY-212,linked_detail,linked_detail,https://canvas.oregonstate.edu/courses/2053526/quizzes/3160536/questions/59026455,https://canvas.oregonstate.edu/courses/2053526/quizzes/3160536/questions/59026455,Unauthorized,quiz,3160536,2,,,raw_html/00561-phy-212-linked-detail-unauthorized.html,text/00561-phy-212-linked-detail-unauthorized.txt,text/00561-phy-212-linked-detail-unauthorized.fulltext.txt,markdown/00561-phy-212-linked-detail-unauthorized.md,,metadata/00561-phy-212-linked-detail-unauthorized.json,8533d5979b8189dc730f943db82f66335ff47af906ab75b710f3f7b7a6843733,2b62e20d47d477eacda81c2beef0dbb06e7f4e1a1021b68e5f70be2917f36f5b,2026-07-30T20:48:05.405Z,1,13,2,0,0,0
00562-phy-212-linked-detail-unauthorized,2053526,PHY-212,linked_detail,linked_detail,https://canvas.oregonstate.edu/courses/2053526/quizzes/3160536/questions/59026456,https://canvas.oregonstate.edu/courses/2053526/quizzes/3160536/questions/59026456,Unauthorized,quiz,3160536,2,,,raw_html/00562-phy-212-linked-detail-unauthorized.html,text/00562-phy-212-linked-detail-unauthorized.txt,text/00562-phy-212-linked-detail-unauthorized.fulltext.txt,markdown/00562-phy-212-linked-detail-unauthorized.md,,metadata/00562-phy-212-linked-detail-unauthorized.json,e0844c2f82b23c96b7f6dab31b271614584faa2fd93f3618b6b9ffcea8f8cfe9,2b62e20d47d477eacda81c2beef0dbb06e7f4e1a1021b68e5f70be2917f36f5b,2026-07-30T20:48:07.305Z,1,13,2,0,0,0
00563-phy-212-linked-detail-topic-lab-2-discussion-lab-group-22,2053526,PHY-212,linked_detail,linked_detail,https://canvas.oregonstate.edu/courses/2053526/discussion_topics/11563806,https://canvas.oregonstate.edu/groups/733396/discussion_topics/11579976,Topic: Lab 2 Discussion - Lab Group 22,discussion,11579976,2,yes,,raw_html/00563-phy-212-linked-detail-topic-lab-2-discussion-lab-group-22.html,text/00563-phy-212-linked-detail-topic-lab-2-discussion-lab-group-22.txt,text/00563-phy-212-linked-detail-topic-lab-2-discussion-lab-group-22.fulltext.txt,markdown/00563-phy-212-linked-detail-topic-lab-2-discussion-lab-group-22.md,,metadata/00563-phy-212-linked-detail-topic-lab-2-discussion-lab-group-22.json,4fc22bbd167b1af9dce62101bc589eff378081a579772d88bd720cd6727aa48b,e3b0c44298fc1c149afbf4c8996fb92427ae41e4649b934ca495991b7852b855,2026-07-30T20:48:09.910Z,0,25,2,0,0,0
00564-phy-212-linked-detail-lab-2-uncertainty-propagation-general-physics-with-calculus-ph-212-400-u2026,2053526,PHY-212,linked_detail,linked_detail,https://canvas.oregonstate.edu/courses/2053526/pages/lab-1-uncertainty-propagation,https://canvas.oregonstate.edu/courses/2053526/pages/lab-2-uncertainty-propagation,Lab 2: Uncertainty Propagation: GENERAL PHYSICS WITH CALCULUS (PH_212_400_U2026),page,lab-2-uncertainty-propagation,2,yes,,raw_html/00564-phy-212-linked-detail-lab-2-uncertainty-propagation-general-physics-with-calculus-ph-212-400-u2026.html,text/00564-phy-212-linked-detail-lab-2-uncertainty-propagation-general-physics-with-calculus-ph-212-400-u2026.txt,text/00564-phy-212-linked-detail-lab-2-uncertainty-propagation-general-physics-with-calculus-ph-212-400-u2026.fulltext.txt,markdown/00564-phy-212-linked-detail-lab-2-uncertainty-propagation-general-physics-with-calculus-ph-212-400-u2026.md,,metadata/00564-phy-212-linked-detail-lab-2-uncertainty-propagation-general-physics-with-calculus-ph-212-400-u2026.json,b3512af8f3fa62963294cc4bb79a9aa45dcf726bc8c4839ccc099f3807ba76e0,0566b7e101331c637eee7de2799128b12cd33adbed678bff5e319e057678516b,2026-07-30T20:48:14.314Z,10,39,2,0,0,0
00565-phy-212-linked-detail-lab-structure-and-ta-meetings-pdf-general-physics-with-calculus-ph-212-400-u2026,2053526,PHY-212,linked_detail,linked_detail,https://canvas.oregonstate.edu/courses/2053526/files/119307451?wrap=1,https://canvas.oregonstate.edu/courses/2053526/files/119307451?wrap=1,Lab Structure and TA Meetings.pdf: GENERAL PHYSICS WITH CALCULUS (PH_212_400_U2026),file,119307451,2,,,raw_html/00565-phy-212-linked-detail-lab-structure-and-ta-meetings-pdf-general-physics-with-calculus-ph-212-400-u2026.html,text/00565-phy-212-linked-detail-lab-structure-and-ta-meetings-pdf-general-physics-with-calculus-ph-212-400-u2026.txt,text/00565-phy-212-linked-detail-lab-structure-and-ta-meetings-pdf-general-physics-with-calculus-ph-212-400-u2026.fulltext.txt,markdown/00565-phy-212-linked-detail-lab-structure-and-ta-meetings-pdf-general-physics-with-calculus-ph-212-400-u2026.md,,metadata/00565-phy-212-linked-detail-lab-structure-and-ta-meetings-pdf-general-physics-with-calculus-ph-212-400-u2026.json,5518518f56116e3d4ad6047c906d411ca12fb71bd9e9d47191d23d55e79cca03,42cb00dafd27343bf01f1de79b24893faca4a49ffecbad126d2553e735a20778,2026-07-30T20:48:17.064Z,1,38,3,0,0,0
00566-phy-212-linked-detail-lab-2-group-report,2053526,PHY-212,linked_detail,linked_detail,https://canvas.oregonstate.edu/courses/2053526/assignments/10557058,https://canvas.oregonstate.edu/courses/2053526/assignments/10557058,Lab 2 Group Report,assignment,10557058,2,,yes,raw_html/00566-phy-212-linked-detail-lab-2-group-report.html,text/00566-phy-212-linked-detail-lab-2-group-report.txt,text/00566-phy-212-linked-detail-lab-2-group-report.fulltext.txt,markdown/00566-phy-212-linked-detail-lab-2-group-report.md,,metadata/00566-phy-212-linked-detail-lab-2-group-report.json,4c6a675aa802368d60e7065dc44ecaf6cd34457c9908a07a5b2392a35fd75320,65432d4e7dfd2fbb3981b129e57eacef6ad6e85602f411078fd47d8320c35ff7,2026-07-30T20:48:20.559Z,3,61,2,0,0,0
00567-phy-212-linked-detail-module-2-rotation-learning-materials-general-physics-with-calculus-ph-212-400-u2026,2053526,PHY-212,linked_detail,linked_detail,https://canvas.oregonstate.edu/courses/2053526/pages/module-2-%7C-rotation-%7C-learning-materials,https://canvas.oregonstate.edu/courses/2053526/pages/module-2-%7C-rotation-%7C-learning-materials,Module 2 | Rotation | Learning Materials: GENERAL PHYSICS WITH CALCULUS (PH_212_400_U2026),page,module-2-%7C-rotation-%7C-learning-materials,2,,,raw_html/00567-phy-212-linked-detail-module-2-rotation-learning-materials-general-physics-with-calculus-ph-212-400-u2026.html,text/00567-phy-212-linked-detail-module-2-rotation-learning-materials-general-physics-with-calculus-ph-212-400-u2026.txt,text/00567-phy-212-linked-detail-module-2-rotation-learning-materials-general-physics-with-calculus-ph-212-400-u2026.fulltext.txt,markdown/00567-phy-212-linked-detail-module-2-rotation-learning-materials-general-physics-with-calculus-ph-212-400-u2026.md,,metadata/00567-phy-212-linked-detail-module-2-rotation-learning-materials-general-physics-with-calculus-ph-212-400-u2026.json,e253665b9ad72960c75097f348b3486706f5d4442c7b260b8ef7d730d7d15930,3cda00e607c791d620e9b6295d772566a2f5eb16618570870ec59417e1dc89d8,2026-07-30T20:48:23.006Z,4,36,10,0,0,0
00568-phy-212-linked-detail-module-2-rotation-required-activities-general-physics-with-calculus-ph-212-400-u2026,2053526,PHY-212,linked_detail,linked_detail,https://canvas.oregonstate.edu/courses/2053526/pages/module-2-%7C-rotation-%7C-required-activities,https://canvas.oregonstate.edu/courses/2053526/pages/module-2-%7C-rotation-%7C-required-activities,Module 2 | Rotation | Required Activities: GENERAL PHYSICS WITH CALCULUS (PH_212_400_U2026),page,module-2-%7C-rotation-%7C-required-activities,2,,,raw_html/00568-phy-212-linked-detail-module-2-rotation-required-activities-general-physics-with-calculus-ph-212-400-u2026.html,text/00568-phy-212-linked-detail-module-2-rotation-required-activities-general-physics-with-calculus-ph-212-400-u2026.txt,text/00568-phy-212-linked-detail-module-2-rotation-required-activities-general-physics-with-calculus-ph-212-400-u2026.fulltext.txt,markdown/00568-phy-212-linked-detail-module-2-rotation-required-activities-general-physics-with-calculus-ph-212-400-u2026.md,,metadata/00568-phy-212-linked-detail-module-2-rotation-required-activities-general-physics-with-calculus-ph-212-400-u2026.json,21e4b778ef446b40ebd7daea9bde705a4a08e75cf7229d675de1243a8b06e2ee,84e299588465081968b390eabac70f5d634e163961c5fa67f09ff757ed0a6b0c,2026-07-30T20:48:25.816Z,4,57,2,0,0,0
00569-phy-212-linked-detail-hw-3-center-of-mass-moment-of-inertia-general-physics-with-calculus-ph-212-400-u2026,2053526,PHY-212,linked_detail,linked_detail,https://canvas.oregonstate.edu/courses/2053526/assignments/10556958,https://canvas.oregonstate.edu/courses/2053526/quizzes/3160462,Hw 3 - Center of Mass & Moment of Inertia: GENERAL PHYSICS WITH CALCULUS (PH_212_400_U2026),quiz,3160462,2,yes,,raw_html/00569-phy-212-linked-detail-hw-3-center-of-mass-moment-of-inertia-general-physics-with-calculus-ph-212-400-u2026.html,text/00569-phy-212-linked-detail-hw-3-center-of-mass-moment-of-inertia-general-physics-with-calculus-ph-212-400-u2026.txt,text/00569-phy-212-linked-detail-hw-3-center-of-mass-moment-of-inertia-general-physics-with-calculus-ph-212-400-u2026.fulltext.txt,markdown/00569-phy-212-linked-detail-hw-3-center-of-mass-moment-of-inertia-general-physics-with-calculus-ph-212-400-u2026.md,,metadata/00569-phy-212-linked-detail-hw-3-center-of-mass-moment-of-inertia-general-physics-with-calculus-ph-212-400-u2026.json,20521e68ebbfa4aeccdaa6e5443646f8d34c9da4505f5eab419adb6b425f270f,29b4c046f660bddf9140a7adaddda5bfb33eed6904da16c112a7b9ce371aaa32,2026-07-30T20:48:30.315Z,2,66,2,0,0,0
00570-phy-212-linked-detail-hw-4-rotational-dynamics-general-physics-with-calculus-ph-212-400-u2026,2053526,PHY-212,linked_detail,linked_detail,https://canvas.oregonstate.edu/courses/2053526/assignments/10556975,https://canvas.oregonstate.edu/courses/2053526/quizzes/3160480,Hw 4 - Rotational Dynamics: GENERAL PHYSICS WITH CALCULUS (PH_212_400_U2026),quiz,3160480,2,yes,,raw_html/00570-phy-212-linked-detail-hw-4-rotational-dynamics-general-physics-with-calculus-ph-212-400-u2026.html,text/00570-phy-212-linked-detail-hw-4-rotational-dynamics-general-physics-with-calculus-ph-212-400-u2026.txt,text/00570-phy-212-linked-detail-hw-4-rotational-dynamics-general-physics-with-calculus-ph-212-400-u2026.fulltext.txt,markdown/00570-phy-212-linked-detail-hw-4-rotational-dynamics-general-physics-with-calculus-ph-212-400-u2026.md,,metadata/00570-phy-212-linked-detail-hw-4-rotational-dynamics-general-physics-with-calculus-ph-212-400-u2026.json,8077e31c6f25f0f9ac9c46e1e1b4aa1244f593787f34ad3fcbe7ce55fe38b356,8d2084e33d5fa6b5b0c04ead3475ba6a73e3488ca3834d11530c8b6c4bd5bd21,2026-07-30T20:48:34.071Z,3,79,2,0,0,0
00571-phy-212-linked-detail-m2-1pre,2053526,PHY-212,linked_detail,linked_detail,https://canvas.oregonstate.edu/courses/2053526/assignments/10557070,https://canvas.oregonstate.edu/courses/2053526/assignments/10557070,M2-1pre,assignment,10557070,2,,yes,raw_html/00571-phy-212-linked-detail-m2-1pre.html,text/00571-phy-212-linked-detail-m2-1pre.txt,text/00571-phy-212-linked-detail-m2-1pre.fulltext.txt,markdown/00571-phy-212-linked-detail-m2-1pre.md,,metadata/00571-phy-212-linked-detail-m2-1pre.json,735944c0434f9870d1202476a42012578c3e601da30f7519a6bd1085734d99b1,20dc7a9bc278e48b3f9b988d6e3e2fc7c6f75a8a3a0e7f78144e8d5a0649327e,2026-07-30T20:48:36.513Z,2,61,2,0,0,0
00572-phy-212-linked-detail-m2-2pre-general-physics-with-calculus-ph-212-400-u2026,2053526,PHY-212,linked_detail,linked_detail,https://canvas.oregonstate.edu/courses/2053526/assignments/10556967,https://canvas.oregonstate.edu/courses/2053526/quizzes/3160472,M2-2pre: GENERAL PHYSICS WITH CALCULUS (PH_212_400_U2026),quiz,3160472,2,yes,,raw_html/00572-phy-212-linked-detail-m2-2pre-general-physics-with-calculus-ph-212-400-u2026.html,text/00572-phy-212-linked-detail-m2-2pre-general-physics-with-calculus-ph-212-400-u2026.txt,text/00572-phy-212-linked-detail-m2-2pre-general-physics-with-calculus-ph-212-400-u2026.fulltext.txt,markdown/00572-phy-212-linked-detail-m2-2pre-general-physics-with-calculus-ph-212-400-u2026.md,,metadata/00572-phy-212-linked-detail-m2-2pre-general-physics-with-calculus-ph-212-400-u2026.json,8f0fcb80f20f971c85565ef2a62a98707cf74bc6e9ada5ab9c269763ef829db3,8d9b963cd3b25f5ea71f0bda1b3b6495c86969e59cd4ee173249815f510ebe2d,2026-07-30T20:48:39.311Z,2,35,2,0,0,0
00573-phy-212-linked-detail-m2-3pre-general-physics-with-calculus-ph-212-400-u2026,2053526,PHY-212,linked_detail,linked_detail,https://canvas.oregonstate.edu/courses/2053526/assignments/10556938,https://canvas.oregonstate.edu/courses/2053526/quizzes/3160442,M2-3pre: GENERAL PHYSICS WITH CALCULUS (PH_212_400_U2026),quiz,3160442,2,yes,,raw_html/00573-phy-212-linked-detail-m2-3pre-general-physics-with-calculus-ph-212-400-u2026.html,text/00573-phy-212-linked-detail-m2-3pre-general-physics-with-calculus-ph-212-400-u2026.txt,text/00573-phy-212-linked-detail-m2-3pre-general-physics-with-calculus-ph-212-400-u2026.fulltext.txt,markdown/00573-phy-212-linked-detail-m2-3pre-general-physics-with-calculus-ph-212-400-u2026.md,,metadata/00573-phy-212-linked-detail-m2-3pre-general-physics-with-calculus-ph-212-400-u2026.json,947b11ffe782fcfe7915af73bd95a42136ff5749352d14d2a9d4aae301b9dc6c,590e8a97d009e9ec070538f0277e1ab89b055eab9bd5da219eb62b96e7b49a06,2026-07-30T20:48:42.156Z,2,35,2,0,0,0
00574-phy-212-linked-detail-m2-4pre-general-physics-with-calculus-ph-212-400-u2026,2053526,PHY-212,linked_detail,linked_detail,https://canvas.oregonstate.edu/courses/2053526/assignments/10556951,https://canvas.oregonstate.edu/courses/2053526/quizzes/3160455,M2-4pre: GENERAL PHYSICS WITH CALCULUS (PH_212_400_U2026),quiz,3160455,2,yes,,raw_html/00574-phy-212-linked-detail-m2-4pre-general-physics-with-calculus-ph-212-400-u2026.html,text/00574-phy-212-linked-detail-m2-4pre-general-physics-with-calculus-ph-212-400-u2026.txt,text/00574-phy-212-linked-detail-m2-4pre-general-physics-with-calculus-ph-212-400-u2026.fulltext.txt,markdown/00574-phy-212-linked-detail-m2-4pre-general-physics-with-calculus-ph-212-400-u2026.md,,metadata/00574-phy-212-linked-detail-m2-4pre-general-physics-with-calculus-ph-212-400-u2026.json,5a4508482d6a77b704f31e2b642c77599c6cf18da9c48947e7c51f3a3165d530,fce7b9590629d7fdd0100e48b733984d13f519847f009f8a8cdd1f6b438edeb6,2026-07-30T20:48:45.058Z,2,35,2,0,0,0
00575-phy-212-linked-detail-m2-5pre-general-physics-with-calculus-ph-212-400-u2026,2053526,PHY-212,linked_detail,linked_detail,https://canvas.oregonstate.edu/courses/2053526/assignments/10556991,https://canvas.oregonstate.edu/courses/2053526/quizzes/3160496,M2-5pre: GENERAL PHYSICS WITH CALCULUS (PH_212_400_U2026),quiz,3160496,2,yes,,raw_html/00575-phy-212-linked-detail-m2-5pre-general-physics-with-calculus-ph-212-400-u2026.html,text/00575-phy-212-linked-detail-m2-5pre-general-physics-with-calculus-ph-212-400-u2026.txt,text/00575-phy-212-linked-detail-m2-5pre-general-physics-with-calculus-ph-212-400-u2026.fulltext.txt,markdown/00575-phy-212-linked-detail-m2-5pre-general-physics-with-calculus-ph-212-400-u2026.md,,metadata/00575-phy-212-linked-detail-m2-5pre-general-physics-with-calculus-ph-212-400-u2026.json,1a66be25c60b59fc54feef8c4b84b89f992bf1a82c2e1a08abe54f97e21ed611,0de925b8505c07b2787f255cb629ebf39c93ec08480c72d9a176777dc0a42823,2026-07-30T20:48:48.958Z,2,35,2,0,0,0
00576-phy-212-linked-detail-m2-6pre-general-physics-with-calculus-ph-212-400-u2026,2053526,PHY-212,linked_detail,linked_detail,https://canvas.oregonstate.edu/courses/2053526/assignments/10557015,https://canvas.oregonstate.edu/courses/2053526/quizzes/3160521,M2-6pre: GENERAL PHYSICS WITH CALCULUS (PH_212_400_U2026),quiz,3160521,2,yes,,raw_html/00576-phy-212-linked-detail-m2-6pre-general-physics-with-calculus-ph-212-400-u2026.html,text/00576-phy-212-linked-detail-m2-6pre-general-physics-with-calculus-ph-212-400-u2026.txt,text/00576-phy-212-linked-detail-m2-6pre-general-physics-with-calculus-ph-212-400-u2026.fulltext.txt,markdown/00576-phy-212-linked-detail-m2-6pre-general-physics-with-calculus-ph-212-400-u2026.md,,metadata/00576-phy-212-linked-detail-m2-6pre-general-physics-with-calculus-ph-212-400-u2026.json,fde2d6238ff772664a3ba6d72e56ae2c86ab7076d526be310bcb59ebd86aa509,c0443c198b4b289fd3a87de3e27b80a41fa34887c7b4d80ffc2c39570a28c194,2026-07-30T20:48:52.157Z,2,35,2,0,0,0
00577-phy-212-linked-detail-m2-1asy-general-physics-with-calculus-ph-212-400-u2026,2053526,PHY-212,linked_detail,linked_detail,https://canvas.oregonstate.edu/courses/2053526/assignments/10556947,https://canvas.oregonstate.edu/courses/2053526/quizzes/3160451,M2-1asy: GENERAL PHYSICS WITH CALCULUS (PH_212_400_U2026),quiz,3160451,2,yes,,raw_html/00577-phy-212-linked-detail-m2-1asy-general-physics-with-calculus-ph-212-400-u2026.html,text/00577-phy-212-linked-detail-m2-1asy-general-physics-with-calculus-ph-212-400-u2026.txt,text/00577-phy-212-linked-detail-m2-1asy-general-physics-with-calculus-ph-212-400-u2026.fulltext.txt,markdown/00577-phy-212-linked-detail-m2-1asy-general-physics-with-calculus-ph-212-400-u2026.md,,metadata/00577-phy-212-linked-detail-m2-1asy-general-physics-with-calculus-ph-212-400-u2026.json,b15fadece2da1fda38e57d752b11a7846c87a147940645ded41430d8487f8f70,fc172b0da48b3cdc679e90a86c464dcc2d0e79c7742d21251e2f2c243c6bf10b,2026-07-30T20:48:54.558Z,4,36,2,0,0,0
00578-phy-212-linked-detail-m2-2asy-general-physics-with-calculus-ph-212-400-u2026,2053526,PHY-212,linked_detail,linked_detail,https://canvas.oregonstate.edu/courses/2053526/assignments/10557020,https://canvas.oregonstate.edu/courses/2053526/quizzes/3160527,M2-2asy: GENERAL PHYSICS WITH CALCULUS (PH_212_400_U2026),quiz,3160527,2,yes,,raw_html/00578-phy-212-linked-detail-m2-2asy-general-physics-with-calculus-ph-212-400-u2026.html,text/00578-phy-212-linked-detail-m2-2asy-general-physics-with-calculus-ph-212-400-u2026.txt,text/00578-phy-212-linked-detail-m2-2asy-general-physics-with-calculus-ph-212-400-u2026.fulltext.txt,markdown/00578-phy-212-linked-detail-m2-2asy-general-physics-with-calculus-ph-212-400-u2026.md,,metadata/00578-phy-212-linked-detail-m2-2asy-general-physics-with-calculus-ph-212-400-u2026.json,4ec23c97ae4a9142beaaf0830948477a614153773fa790582fad6e6f47b06e82,4f12cafe363dab2c35943913b3dfa11442c570562eb2c623b121ecb1cde30a1b,2026-07-30T20:48:57.857Z,4,36,2,0,0,0
00579-phy-212-linked-detail-m2-3asy-general-physics-with-calculus-ph-212-400-u2026,2053526,PHY-212,linked_detail,linked_detail,https://canvas.oregonstate.edu/courses/2053526/assignments/10557027,https://canvas.oregonstate.edu/courses/2053526/quizzes/3160534,M2-3asy: GENERAL PHYSICS WITH CALCULUS (PH_212_400_U2026),quiz,3160534,2,yes,,raw_html/00579-phy-212-linked-detail-m2-3asy-general-physics-with-calculus-ph-212-400-u2026.html,text/00579-phy-212-linked-detail-m2-3asy-general-physics-with-calculus-ph-212-400-u2026.txt,text/00579-phy-212-linked-detail-m2-3asy-general-physics-with-calculus-ph-212-400-u2026.fulltext.txt,markdown/00579-phy-212-linked-detail-m2-3asy-general-physics-with-calculus-ph-212-400-u2026.md,,metadata/00579-phy-212-linked-detail-m2-3asy-general-physics-with-calculus-ph-212-400-u2026.json,64763216e2ffdfb3d2ecfeeb5233eb30aec3522a961b573ed9ac253ea67bbdef,1f6e2c09ada6679879489d6bd71346756d28f9c2c7c9dcb488646125b2f1a57b,2026-07-30T20:49:00.458Z,4,36,2,0,0,0
00580-phy-212-linked-detail-m2-4asy-general-physics-with-calculus-ph-212-400-u2026,2053526,PHY-212,linked_detail,linked_detail,https://canvas.oregonstate.edu/courses/2053526/assignments/10556937,https://canvas.oregonstate.edu/courses/2053526/quizzes/3160441,M2-4asy: GENERAL PHYSICS WITH CALCULUS (PH_212_400_U2026),quiz,3160441,2,yes,,raw_html/00580-phy-212-linked-detail-m2-4asy-general-physics-with-calculus-ph-212-400-u2026.html,text/00580-phy-212-linked-detail-m2-4asy-general-physics-with-calculus-ph-212-400-u2026.txt,text/00580-phy-212-linked-detail-m2-4asy-general-physics-with-calculus-ph-212-400-u2026.fulltext.txt,markdown/00580-phy-212-linked-detail-m2-4asy-general-physics-with-calculus-ph-212-400-u2026.md,,metadata/00580-phy-212-linked-detail-m2-4asy-general-physics-with-calculus-ph-212-400-u2026.json,6c8ee666cb146c082614ce7730fda44af970078569d373d73441f521c3a05cc1,2bf6cd251dfe008ddde0e047ff02a915b9e3dbcf10ad43e80a6c95ca228fa364,2026-07-30T20:49:03.158Z,4,36,2,0,0,0
00581-phy-212-linked-detail-m2-5asy-general-physics-with-calculus-ph-212-400-u2026,2053526,PHY-212,linked_detail,linked_detail,https://canvas.oregonstate.edu/courses/2053526/assignments/10556959,https://canvas.oregonstate.edu/courses/2053526/quizzes/3160463,M2-5asy: GENERAL PHYSICS WITH CALCULUS (PH_212_400_U2026),quiz,3160463,2,yes,,raw_html/00581-phy-212-linked-detail-m2-5asy-general-physics-with-calculus-ph-212-400-u2026.html,text/00581-phy-212-linked-detail-m2-5asy-general-physics-with-calculus-ph-212-400-u2026.txt,text/00581-phy-212-linked-detail-m2-5asy-general-physics-with-calculus-ph-212-400-u2026.fulltext.txt,markdown/00581-phy-212-linked-detail-m2-5asy-general-physics-with-calculus-ph-212-400-u2026.md,,metadata/00581-phy-212-linked-detail-m2-5asy-general-physics-with-calculus-ph-212-400-u2026.json,2ba777b88ac5677bf235075612aaff5b7d8ef7a465fb8f559b623e4ea4aa0805,af5a026e1667c459ca10e626af7ff6c66ea388f6ceca6ae3b435b81231624fea,2026-07-30T20:49:06.506Z,4,36,2,0,0,0
00582-phy-212-linked-detail-quiz-2-notes,2053526,PHY-212,linked_detail,linked_detail,https://canvas.oregonstate.edu/courses/2053526/assignments/10557105,https://canvas.oregonstate.edu/courses/2053526/assignments/10557105,Quiz 2 Notes,assignment,10557105,2,,yes,raw_html/00582-phy-212-linked-detail-quiz-2-notes.html,text/00582-phy-212-linked-detail-quiz-2-notes.txt,text/00582-phy-212-linked-detail-quiz-2-notes.fulltext.txt,markdown/00582-phy-212-linked-detail-quiz-2-notes.md,,metadata/00582-phy-212-linked-detail-quiz-2-notes.json,1454e6d18d8e85a2487e186e2a9a42b70a248600ece6737f78b97dc4ab050b8d,6387dcd2feb79c1116660e4890d4117bf3c24e9409b07ce3f7c118731943edc9,2026-07-30T20:49:08.807Z,2,60,2,0,0,0
00583-phy-212-linked-detail-quiz-2a-asy-remotely-proctored-general-physics-with-calculus-ph-212-400-u2026,2053526,PHY-212,linked_detail,linked_detail,https://canvas.oregonstate.edu/courses/2053526/quizzes/3160535,https://canvas.oregonstate.edu/courses/2053526/quizzes/3160535,Quiz 2A_asy (Remotely Proctored): GENERAL PHYSICS WITH CALCULUS (PH_212_400_U2026),quiz,3160535,2,,,raw_html/00583-phy-212-linked-detail-quiz-2a-asy-remotely-proctored-general-physics-with-calculus-ph-212-400-u2026.html,text/00583-phy-212-linked-detail-quiz-2a-asy-remotely-proctored-general-physics-with-calculus-ph-212-400-u2026.txt,text/00583-phy-212-linked-detail-quiz-2a-asy-remotely-proctored-general-physics-with-calculus-ph-212-400-u2026.fulltext.txt,markdown/00583-phy-212-linked-detail-quiz-2a-asy-remotely-proctored-general-physics-with-calculus-ph-212-400-u2026.md,,metadata/00583-phy-212-linked-detail-quiz-2a-asy-remotely-proctored-general-physics-with-calculus-ph-212-400-u2026.json,2356698648d8958ac1a481f9a70812d32384d015bbc26a3509c5502734b996b8,2353ad97c70b8d1818eac2df47c7238460fd4f5c1522a7cb4e0dc167d6eff342,2026-07-30T20:49:11.608Z,2,47,2,0,0,0
00584-phy-212-linked-detail-quiz-2a-asy-work,2053526,PHY-212,linked_detail,linked_detail,https://canvas.oregonstate.edu/courses/2053526/assignments/10557108,https://canvas.oregonstate.edu/courses/2053526/assignments/10557108,Quiz 2A_asy_work,assignment,10557108,2,,,raw_html/00584-phy-212-linked-detail-quiz-2a-asy-work.html,text/00584-phy-212-linked-detail-quiz-2a-asy-work.txt,text/00584-phy-212-linked-detail-quiz-2a-asy-work.fulltext.txt,markdown/00584-phy-212-linked-detail-quiz-2a-asy-work.md,,metadata/00584-phy-212-linked-detail-quiz-2a-asy-work.json,7563713b3c58fd5ef1561ee98203b78fb7ea538ab421a796df601b0c5d4c1605,5385ab02d93f3165e8fea828789339b64612a3ad24b86136bd5ef632695bc1f5,2026-07-30T20:49:15.614Z,2,60,2,0,0,0
00585-phy-212-linked-detail-quiz-2b-asy-remotely-proctored-general-physics-with-calculus-ph-212-400-u2026,2053526,PHY-212,linked_detail,linked_detail,https://canvas.oregonstate.edu/courses/2053526/assignments/10556998,https://canvas.oregonstate.edu/courses/2053526/quizzes/3160503,Quiz 2B_asy (Remotely Proctored): GENERAL PHYSICS WITH CALCULUS (PH_212_400_U2026),quiz,3160503,2,yes,,raw_html/00585-phy-212-linked-detail-quiz-2b-asy-remotely-proctored-general-physics-with-calculus-ph-212-400-u2026.html,text/00585-phy-212-linked-detail-quiz-2b-asy-remotely-proctored-general-physics-with-calculus-ph-212-400-u2026.txt,text/00585-phy-212-linked-detail-quiz-2b-asy-remotely-proctored-general-physics-with-calculus-ph-212-400-u2026.fulltext.txt,markdown/00585-phy-212-linked-detail-quiz-2b-asy-remotely-proctored-general-physics-with-calculus-ph-212-400-u2026.md,,metadata/00585-phy-212-linked-detail-quiz-2b-asy-remotely-proctored-general-physics-with-calculus-ph-212-400-u2026.json,146b322de779fd2b79bd8c912c09852fe98caaacf1508ce9ace78fa1d76bfa32,82deb908b4a6fc76fe0dd8c9357f7fe9caf7e76a4f6f51c39f011dcc5a1c1823,2026-07-30T20:49:18.508Z,3,39,2,0,0,0
00586-phy-212-linked-detail-quiz-2b-asy-work,2053526,PHY-212,linked_detail,linked_detail,https://canvas.oregonstate.edu/courses/2053526/assignments/10557111,https://canvas.oregonstate.edu/courses/2053526/assignments/10557111,Quiz 2B_asy_work,assignment,10557111,2,,,raw_html/00586-phy-212-linked-detail-quiz-2b-asy-work.html,text/00586-phy-212-linked-detail-quiz-2b-asy-work.txt,text/00586-phy-212-linked-detail-quiz-2b-asy-work.fulltext.txt,markdown/00586-phy-212-linked-detail-quiz-2b-asy-work.md,,metadata/00586-phy-212-linked-detail-quiz-2b-asy-work.json,56ea27ec39ea89344456d2abbbf774fbdb8a38ab54bad64d9b6410ed3e4bb23c,d743ef8642bacf71c3c942d5e2e119477fda0ca15012bab3f143fdff0dfc137e,2026-07-30T20:49:22.010Z,2,60,2,0,0,0
00587-phy-212-linked-detail-quiz-2a,2053526,PHY-212,linked_detail,linked_detail,https://canvas.oregonstate.edu/courses/2053526/assignments/10557106,https://canvas.oregonstate.edu/courses/2053526/assignments/10557106,Quiz 2A,assignment,10557106,2,,,raw_html/00587-phy-212-linked-detail-quiz-2a.html,text/00587-phy-212-linked-detail-quiz-2a.txt,text/00587-phy-212-linked-detail-quiz-2a.fulltext.txt,markdown/00587-phy-212-linked-detail-quiz-2a.md,,metadata/00587-phy-212-linked-detail-quiz-2a.json,0b182143f11a941f067a7d83f0662a26737c620ca01a0ccf4a489f79d2299098,5769a3f5813e2a0fea7319695a7c498b8f55f781b4d8f1d0e453017b90f42379,2026-07-30T20:49:24.108Z,3,59,2,0,0,0
00588-phy-212-linked-detail-quiz-2a-6pm,2053526,PHY-212,linked_detail,linked_detail,https://canvas.oregonstate.edu/courses/2053526/assignments/10557107,https://canvas.oregonstate.edu/courses/2053526/assignments/10557107,Quiz 2A_6pm,assignment,10557107,2,,,raw_html/00588-phy-212-linked-detail-quiz-2a-6pm.html,text/00588-phy-212-linked-detail-quiz-2a-6pm.txt,text/00588-phy-212-linked-detail-quiz-2a-6pm.fulltext.txt,markdown/00588-phy-212-linked-detail-quiz-2a-6pm.md,,metadata/00588-phy-212-linked-detail-quiz-2a-6pm.json,8fd71b56bfecde920b4cdb55d361be9d422f7aa63558a5b183cea144b93f6ed3,d80ac229b5d9c971a88265e8eb10d03083dead633dd077888879b0106131efa1,2026-07-30T20:49:26.309Z,2,59,2,0,0,0
00589-phy-212-linked-detail-quiz-2b,2053526,PHY-212,linked_detail,linked_detail,https://canvas.oregonstate.edu/courses/2053526/assignments/10557109,https://canvas.oregonstate.edu/courses/2053526/assignments/10557109,Quiz 2B,assignment,10557109,2,,,raw_html/00589-phy-212-linked-detail-quiz-2b.html,text/00589-phy-212-linked-detail-quiz-2b.txt,text/00589-phy-212-linked-detail-quiz-2b.fulltext.txt,markdown/00589-phy-212-linked-detail-quiz-2b.md,,metadata/00589-phy-212-linked-detail-quiz-2b.json,1619f9d5de9247a2ead1f6f3bdc15476e798a7eb67f2d34cabd87c7072aff906,596501eb51cb0af3a980a0521316a7d9ae6b51ddd5f122c8c15f2bf9e654ab28,2026-07-30T20:49:28.760Z,2,59,2,0,0,0
00590-phy-212-linked-detail-quiz-2b-6pm,2053526,PHY-212,linked_detail,linked_detail,https://canvas.oregonstate.edu/courses/2053526/assignments/10557110,https://canvas.oregonstate.edu/courses/2053526/assignments/10557110,Quiz 2B_6pm,assignment,10557110,2,,,raw_html/00590-phy-212-linked-detail-quiz-2b-6pm.html,text/00590-phy-212-linked-detail-quiz-2b-6pm.txt,text/00590-phy-212-linked-detail-quiz-2b-6pm.fulltext.txt,markdown/00590-phy-212-linked-detail-quiz-2b-6pm.md,,metadata/00590-phy-212-linked-detail-quiz-2b-6pm.json,f62578509d390f3e27ac2cbc5873b997c3d39f7802ad966c9fea603889aa8853,1cbd4877b85153bdfad77c333d334833fba27548fd36231511d2aa09abc17285,2026-07-30T20:49:31.207Z,2,59,2,0,0,0
00591-phy-212-linked-detail-quiz-2x,2053526,PHY-212,linked_detail,linked_detail,https://canvas.oregonstate.edu/courses/2053526/assignments/10557112,https://canvas.oregonstate.edu/courses/2053526/assignments/10557112,Quiz 2x,assignment,10557112,2,,yes,raw_html/00591-phy-212-linked-detail-quiz-2x.html,text/00591-phy-212-linked-detail-quiz-2x.txt,text/00591-phy-212-linked-detail-quiz-2x.fulltext.txt,markdown/00591-phy-212-linked-detail-quiz-2x.md,,metadata/00591-phy-212-linked-detail-quiz-2x.json,8a240458253abe0a08a08eccd4cceff70e8e8bc3f93bf7165ddebe71c2d59ee9,1fc364cd3864a6724a2045d586d3becf6d65abc17a07e3e1295bd451b2aef3cf,2026-07-30T20:49:33.514Z,2,59,2,0,0,0
00592-phy-212-linked-detail-topic-lab-3-discussion-lab-group-22,2053526,PHY-212,linked_detail,linked_detail,https://canvas.oregonstate.edu/courses/2053526/discussion_topics/11563805,https://canvas.oregonstate.edu/groups/733396/discussion_topics/11579981,Topic: Lab 3 Discussion - Lab Group 22,discussion,11579981,2,yes,,raw_html/00592-phy-212-linked-detail-topic-lab-3-discussion-lab-group-22.html,text/00592-phy-212-linked-detail-topic-lab-3-discussion-lab-group-22.txt,text/00592-phy-212-linked-detail-topic-lab-3-discussion-lab-group-22.fulltext.txt,markdown/00592-phy-212-linked-detail-topic-lab-3-discussion-lab-group-22.md,,metadata/00592-phy-212-linked-detail-topic-lab-3-discussion-lab-group-22.json,d4c5578353f880832236659b34c3e2b3ee127cb614987e4bb0bf8ad28103e17a,e3b0c44298fc1c149afbf4c8996fb92427ae41e4649b934ca495991b7852b855,2026-07-30T20:49:36.406Z,0,25,2,0,0,0
00593-phy-212-linked-detail-lab-3-hypothesis-testing-general-physics-with-calculus-ph-212-400-u2026,2053526,PHY-212,linked_detail,linked_detail,https://canvas.oregonstate.edu/courses/2053526/pages/lab-2-hypothesis-testing,https://canvas.oregonstate.edu/courses/2053526/pages/lab-3-hypothesis-testing,Lab 3 Hypothesis Testing: GENERAL PHYSICS WITH CALCULUS (PH_212_400_U2026),page,lab-3-hypothesis-testing,2,yes,,raw_html/00593-phy-212-linked-detail-lab-3-hypothesis-testing-general-physics-with-calculus-ph-212-400-u2026.html,text/00593-phy-212-linked-detail-lab-3-hypothesis-testing-general-physics-with-calculus-ph-212-400-u2026.txt,text/00593-phy-212-linked-detail-lab-3-hypothesis-testing-general-physics-with-calculus-ph-212-400-u2026.fulltext.txt,markdown/00593-phy-212-linked-detail-lab-3-hypothesis-testing-general-physics-with-calculus-ph-212-400-u2026.md,,metadata/00593-phy-212-linked-detail-lab-3-hypothesis-testing-general-physics-with-calculus-ph-212-400-u2026.json,09f97e129368f4c858e9b53a849cc7211e2a8587b37f0c948f787f253c41ad46,385af78ed7c2ee18bfc68e43bdd3199157495fef197925baf9a79efc37204e23,2026-07-30T20:49:40.254Z,13,36,2,0,0,0
00594-phy-212-linked-detail-lab-3-group-report,2053526,PHY-212,linked_detail,linked_detail,https://canvas.oregonstate.edu/courses/2053526/assignments/10557059,https://canvas.oregonstate.edu/courses/2053526/assignments/10557059,Lab 3 Group report,assignment,10557059,2,,yes,raw_html/00594-phy-212-linked-detail-lab-3-group-report.html,text/00594-phy-212-linked-detail-lab-3-group-report.txt,text/00594-phy-212-linked-detail-lab-3-group-report.fulltext.txt,markdown/00594-phy-212-linked-detail-lab-3-group-report.md,,metadata/00594-phy-212-linked-detail-lab-3-group-report.json,5f7a50c75fb42d269e9fb6e2adab3b34259f977269225f00e5901e75aac99f9f,79a97aa97270fde3fdc653e3c1c116c89cde9214c715bf600bffee851d376f9f,2026-07-30T20:49:42.820Z,3,61,2,0,0,0
00595-phy-212-linked-detail-ph211-excel-skills-ref-xlsx-general-physics-with-calculus-ph-212-400-u2026,2053526,PHY-212,linked_detail,linked_detail,https://canvas.oregonstate.edu/courses/2053526/files/118706030?wrap=1,https://canvas.oregonstate.edu/courses/2053526/files/118706030?wrap=1,PH211_Excel-Skills-Ref.xlsx: GENERAL PHYSICS WITH CALCULUS (PH_212_400_U2026),file,118706030,2,,,raw_html/00595-phy-212-linked-detail-ph211-excel-skills-ref-xlsx-general-physics-with-calculus-ph-212-400-u2026.html,text/00595-phy-212-linked-detail-ph211-excel-skills-ref-xlsx-general-physics-with-calculus-ph-212-400-u2026.txt,text/00595-phy-212-linked-detail-ph211-excel-skills-ref-xlsx-general-physics-with-calculus-ph-212-400-u2026.fulltext.txt,markdown/00595-phy-212-linked-detail-ph211-excel-skills-ref-xlsx-general-physics-with-calculus-ph-212-400-u2026.md,,metadata/00595-phy-212-linked-detail-ph211-excel-skills-ref-xlsx-general-physics-with-calculus-ph-212-400-u2026.json,ee51bc6539a207e2b62f7c7fa5313bb96cd19a53f737cbc6e0ff6ba7ba591b8b,1490cf06608d454cba0dfff0000a4d93818912e66d1820cf92d967f6cd1d87fc,2026-07-30T20:49:44.859Z,1,35,3,0,0,0
00596-phy-212-linked-detail-ph211-basic-excel-workflows-pptx-general-physics-with-calculus-ph-212-400-u2026,2053526,PHY-212,linked_detail,linked_detail,https://canvas.oregonstate.edu/courses/2053526/files/118706028?wrap=1,https://canvas.oregonstate.edu/courses/2053526/files/118706028?wrap=1,PH211_Basic-Excel-Workflows.pptx: GENERAL PHYSICS WITH CALCULUS (PH_212_400_U2026),file,118706028,2,,,raw_html/00596-phy-212-linked-detail-ph211-basic-excel-workflows-pptx-general-physics-with-calculus-ph-212-400-u2026.html,text/00596-phy-212-linked-detail-ph211-basic-excel-workflows-pptx-general-physics-with-calculus-ph-212-400-u2026.txt,text/00596-phy-212-linked-detail-ph211-basic-excel-workflows-pptx-general-physics-with-calculus-ph-212-400-u2026.fulltext.txt,markdown/00596-phy-212-linked-detail-ph211-basic-excel-workflows-pptx-general-physics-with-calculus-ph-212-400-u2026.md,,metadata/00596-phy-212-linked-detail-ph211-basic-excel-workflows-pptx-general-physics-with-calculus-ph-212-400-u2026.json,c79265b18ee9e281721c66fe5204a72abb2efeba991eb2b40c75766f86141bfd,cd01c1f2cebe01804825ab51517c697b04b8a91feef6c4ef0ba90e1303c6aa15,2026-07-30T20:49:47.056Z,1,36,3,0,0,0
00597-phy-212-linked-detail-excel-skills-handout-general-physics-with-calculus-ph-212-400-u2026,2053526,PHY-212,linked_detail,linked_detail,https://canvas.oregonstate.edu/courses/2053526/pages/excel-skills-handout-2?module_item_id=26896976#,https://canvas.oregonstate.edu/courses/2053526/pages/excel-skills-handout-2?module_item_id=26896976#,Excel Skills Handout: GENERAL PHYSICS WITH CALCULUS (PH_212_400_U2026),page,excel-skills-handout-2,2,,yes,raw_html/00597-phy-212-linked-detail-excel-skills-handout-general-physics-with-calculus-ph-212-400-u2026.html,text/00597-phy-212-linked-detail-excel-skills-handout-general-physics-with-calculus-ph-212-400-u2026.txt,text/00597-phy-212-linked-detail-excel-skills-handout-general-physics-with-calculus-ph-212-400-u2026.fulltext.txt,markdown/00597-phy-212-linked-detail-excel-skills-handout-general-physics-with-calculus-ph-212-400-u2026.md,,metadata/00597-phy-212-linked-detail-excel-skills-handout-general-physics-with-calculus-ph-212-400-u2026.json,d16cbab6845d8839ea768d612453781c55510872fe062cfb46ad870285ce3ffc,70e7297a10a184e8e41e3d8d8412877ed4c79e884a65529532e3c99d7ef39df0,2026-07-30T20:49:50.564Z,7,68,8,0,0,0
00598-phy-212-linked-detail-ph211-data-time-distance-txt-general-physics-with-calculus-ph-212-400-u2026,2053526,PHY-212,linked_detail,linked_detail,https://canvas.oregonstate.edu/courses/2053526/files/118706032?wrap=1,https://canvas.oregonstate.edu/courses/2053526/files/118706032?wrap=1,PH211_DATA_time-distance.txt: GENERAL PHYSICS WITH CALCULUS (PH_212_400_U2026),file,118706032,2,,,raw_html/00598-phy-212-linked-detail-ph211-data-time-distance-txt-general-physics-with-calculus-ph-212-400-u2026.html,text/00598-phy-212-linked-detail-ph211-data-time-distance-txt-general-physics-with-calculus-ph-212-400-u2026.txt,text/00598-phy-212-linked-detail-ph211-data-time-distance-txt-general-physics-with-calculus-ph-212-400-u2026.fulltext.txt,markdown/00598-phy-212-linked-detail-ph211-data-time-distance-txt-general-physics-with-calculus-ph-212-400-u2026.md,,metadata/00598-phy-212-linked-detail-ph211-data-time-distance-txt-general-physics-with-calculus-ph-212-400-u2026.json,c0629586beb3ea880a9c14970733ae1bb4a95090e21038ddb938bafeafd29da3,777bad3ff3bdd8013dcb8c75953802583045c25c35c5c118e4387a891fd53a5d,2026-07-30T20:49:53.161Z,1,35,3,0,0,0
00599-phy-212-linked-detail-ph211-excel-data-analysis-pptx-general-physics-with-calculus-ph-212-400-u2026,2053526,PHY-212,linked_detail,linked_detail,https://canvas.oregonstate.edu/courses/2053526/files/118706035?wrap=1,https://canvas.oregonstate.edu/courses/2053526/files/118706035?wrap=1,PH211_Excel-Data-Analysis.pptx: GENERAL PHYSICS WITH CALCULUS (PH_212_400_U2026),file,118706035,2,,,raw_html/00599-phy-212-linked-detail-ph211-excel-data-analysis-pptx-general-physics-with-calculus-ph-212-400-u2026.html,text/00599-phy-212-linked-detail-ph211-excel-data-analysis-pptx-general-physics-with-calculus-ph-212-400-u2026.txt,text/00599-phy-212-linked-detail-ph211-excel-data-analysis-pptx-general-physics-with-calculus-ph-212-400-u2026.fulltext.txt,markdown/00599-phy-212-linked-detail-ph211-excel-data-analysis-pptx-general-physics-with-calculus-ph-212-400-u2026.md,,metadata/00599-phy-212-linked-detail-ph211-excel-data-analysis-pptx-general-physics-with-calculus-ph-212-400-u2026.json,615a6dfef5e36894c2eed9f36b5df9ca4379b22ae0b2605f423b9853f7115398,07380c561351f2533d00a7953fb6c376eb22a6838e80fd9d10f68f451a08875d,2026-07-30T20:49:55.094Z,1,36,3,0,0,0
00600-phy-212-linked-detail-ph211-excel-derivitives-integrals-pptx-general-physics-with-calculus-ph-212-400-u2026,2053526,PHY-212,linked_detail,linked_detail,https://canvas.oregonstate.edu/courses/2053526/files/118706027?wrap=1,https://canvas.oregonstate.edu/courses/2053526/files/118706027?wrap=1,PH211_Excel-Derivitives-Integrals.pptx: GENERAL PHYSICS WITH CALCULUS (PH_212_400_U2026),file,118706027,2,,,raw_html/00600-phy-212-linked-detail-ph211-excel-derivitives-integrals-pptx-general-physics-with-calculus-ph-212-400-u2026.html,text/00600-phy-212-linked-detail-ph211-excel-derivitives-integrals-pptx-general-physics-with-calculus-ph-212-400-u2026.txt,text/00600-phy-212-linked-detail-ph211-excel-derivitives-integrals-pptx-general-physics-with-calculus-ph-212-400-u2026.fulltext.txt,markdown/00600-phy-212-linked-detail-ph211-excel-derivitives-integrals-pptx-general-physics-with-calculus-ph-212-400-u2026.md,,metadata/00600-phy-212-linked-detail-ph211-excel-derivitives-integrals-pptx-general-physics-with-calculus-ph-212-400-u2026.json,d66d121f213b3cd30c5a1adfc1c12c01dde900d6719369393d6b0834e1715112,f186f8cb72af4c2f26e340f5fce71f0fede4e19d9044a0efa93a29cfd1b4df4f,2026-07-30T20:49:57.158Z,1,36,3,0,0,0
00601-phy-212-linked-detail-module-4-oscillations-learning-materials-general-physics-with-calculus-ph-212-400-u2026,2053526,PHY-212,linked_detail,linked_detail,https://canvas.oregonstate.edu/courses/2053526/pages/module-3-%7C-oscillations-%7C-learning-materials?wrap=1,https://canvas.oregonstate.edu/courses/2053526/pages/module-4-%7C-oscillations-%7C-learning-materials,Module 4 | Oscillations | Learning Materials: GENERAL PHYSICS WITH CALCULUS (PH_212_400_U2026),page,module-4-%7C-oscillations-%7C-learning-materials,2,yes,,raw_html/00601-phy-212-linked-detail-module-4-oscillations-learning-materials-general-physics-with-calculus-ph-212-400-u2026.html,text/00601-phy-212-linked-detail-module-4-oscillations-learning-materials-general-physics-with-calculus-ph-212-400-u2026.txt,text/00601-phy-212-linked-detail-module-4-oscillations-learning-materials-general-physics-with-calculus-ph-212-400-u2026.fulltext.txt,markdown/00601-phy-212-linked-detail-module-4-oscillations-learning-materials-general-physics-with-calculus-ph-212-400-u2026.md,,metadata/00601-phy-212-linked-detail-module-4-oscillations-learning-materials-general-physics-with-calculus-ph-212-400-u2026.json,cec2b5a1c879e9c19c35b7abbf24d539c6e606bfae26d1f16b3dac53f634e335,e3d8bb97fa236347f74847a4f758a254566eba82169f50de32471ce8312139ab,2026-07-30T20:49:59.707Z,4,37,5,0,0,0
00602-phy-212-linked-detail-module-3-gravity-learning-materials-general-physics-with-calculus-ph-212-400-u2026,2053526,PHY-212,linked_detail,linked_detail,https://canvas.oregonstate.edu/courses/2053526/pages/module-7-%7C-gravity-%7C-learning-materials?wrap=1,https://canvas.oregonstate.edu/courses/2053526/pages/module-3-%7C-gravity-%7C-learning-materials,Module 3 | Gravity | Learning Materials: GENERAL PHYSICS WITH CALCULUS (PH_212_400_U2026),page,module-3-%7C-gravity-%7C-learning-materials,2,yes,,raw_html/00602-phy-212-linked-detail-module-3-gravity-learning-materials-general-physics-with-calculus-ph-212-400-u2026.html,text/00602-phy-212-linked-detail-module-3-gravity-learning-materials-general-physics-with-calculus-ph-212-400-u2026.txt,text/00602-phy-212-linked-detail-module-3-gravity-learning-materials-general-physics-with-calculus-ph-212-400-u2026.fulltext.txt,markdown/00602-phy-212-linked-detail-module-3-gravity-learning-materials-general-physics-with-calculus-ph-212-400-u2026.md,,metadata/00602-phy-212-linked-detail-module-3-gravity-learning-materials-general-physics-with-calculus-ph-212-400-u2026.json,ff9c5dc57af4f33a53e6cce30ebb2ae3c30cf25a22b3307061818a83c688a884,4faa46ba6fee925e8f944c89cc65f1bc5724271b888dbc9dd4cd18bc5b5ac54c,2026-07-30T20:50:03.408Z,4,41,4,0,0,0
00603-phy-212-linked-detail-module-3-gravity-learning-materials-general-physics-with-calculus-ph-212-400-u2026,2053526,PHY-212,linked_detail,linked_detail,https://canvas.oregonstate.edu/courses/2053526/pages/module-3-%7C-gravity-%7C-learning-materials,https://canvas.oregonstate.edu/courses/2053526/pages/module-3-%7C-gravity-%7C-learning-materials,Module 3 | Gravity | Learning Materials: GENERAL PHYSICS WITH CALCULUS (PH_212_400_U2026),page,module-3-%7C-gravity-%7C-learning-materials,2,,,raw_html/00603-phy-212-linked-detail-module-3-gravity-learning-materials-general-physics-with-calculus-ph-212-400-u2026.html,text/00603-phy-212-linked-detail-module-3-gravity-learning-materials-general-physics-with-calculus-ph-212-400-u2026.txt,text/00603-phy-212-linked-detail-module-3-gravity-learning-materials-general-physics-with-calculus-ph-212-400-u2026.fulltext.txt,markdown/00603-phy-212-linked-detail-module-3-gravity-learning-materials-general-physics-with-calculus-ph-212-400-u2026.md,,metadata/00603-phy-212-linked-detail-module-3-gravity-learning-materials-general-physics-with-calculus-ph-212-400-u2026.json,d540062a05c74e10316189f637a0350134ab4719d3ce750ac292e938fa7e03ac,4faa46ba6fee925e8f944c89cc65f1bc5724271b888dbc9dd4cd18bc5b5ac54c,2026-07-30T20:50:05.644Z,4,41,4,0,0,0
00604-phy-212-linked-detail-module-3-gravity-required-activities-general-physics-with-calculus-ph-212-400-u2026,2053526,PHY-212,linked_detail,linked_detail,https://canvas.oregonstate.edu/courses/2053526/pages/module-3-%7C-gravity-%7C-required-activities,https://canvas.oregonstate.edu/courses/2053526/pages/module-3-%7C-gravity-%7C-required-activities,Module 3 | Gravity | Required Activities: GENERAL PHYSICS WITH CALCULUS (PH_212_400_U2026),page,module-3-%7C-gravity-%7C-required-activities,2,,,raw_html/00604-phy-212-linked-detail-module-3-gravity-required-activities-general-physics-with-calculus-ph-212-400-u2026.html,text/00604-phy-212-linked-detail-module-3-gravity-required-activities-general-physics-with-calculus-ph-212-400-u2026.txt,text/00604-phy-212-linked-detail-module-3-gravity-required-activities-general-physics-with-calculus-ph-212-400-u2026.fulltext.txt,markdown/00604-phy-212-linked-detail-module-3-gravity-required-activities-general-physics-with-calculus-ph-212-400-u2026.md,,metadata/00604-phy-212-linked-detail-module-3-gravity-required-activities-general-physics-with-calculus-ph-212-400-u2026.json,b5241cd34859d82b1b1e4748377115010d18ed0ec057d6b6c77b703e26c99afe,24a3a698d063529a8e6cb9d99524a3b389fce2e8bd0f5904f0a0bbdd5dc0493e,2026-07-30T20:50:08.359Z,4,39,2,0,0,0
00605-phy-212-linked-detail-quiz2-practice-pdf-general-physics-with-calculus-ph-212-400-u2026,2053526,PHY-212,linked_detail,linked_detail,https://canvas.oregonstate.edu/courses/2053526/files/119457478?wrap=1,https://canvas.oregonstate.edu/courses/2053526/files/119457478?wrap=1,quiz2_practice.pdf: GENERAL PHYSICS WITH CALCULUS (PH_212_400_U2026),file,119457478,2,,,raw_html/00605-phy-212-linked-detail-quiz2-practice-pdf-general-physics-with-calculus-ph-212-400-u2026.html,text/00605-phy-212-linked-detail-quiz2-practice-pdf-general-physics-with-calculus-ph-212-400-u2026.txt,text/00605-phy-212-linked-detail-quiz2-practice-pdf-general-physics-with-calculus-ph-212-400-u2026.fulltext.txt,markdown/00605-phy-212-linked-detail-quiz2-practice-pdf-general-physics-with-calculus-ph-212-400-u2026.md,,metadata/00605-phy-212-linked-detail-quiz2-practice-pdf-general-physics-with-calculus-ph-212-400-u2026.json,f45290e86fa3125023eef6bdc529c621c483e2195a9d093df0eebd633abc55e1,1edf545af79d008ea41511a559f84828cecce71fcfbb1255fe183a7ac3e7b850,2026-07-30T20:50:10.657Z,1,36,3,0,0,0
00606-phy-212-linked-detail-module-3-gravity-learning-materials-general-physics-with-calculus-ph-212-400-u2026,2053526,PHY-212,linked_detail,linked_detail,https://canvas.oregonstate.edu/courses/2053526/pages/module-3-%7C-gravity-%7C-learning-materials?module_item_id=26897002#,https://canvas.oregonstate.edu/courses/2053526/pages/module-3-%7C-gravity-%7C-learning-materials?module_item_id=26897002#,Module 3 | Gravity | Learning Materials: GENERAL PHYSICS WITH CALCULUS (PH_212_400_U2026),page,module-3-%7C-gravity-%7C-learning-materials,2,,,raw_html/00606-phy-212-linked-detail-module-3-gravity-learning-materials-general-physics-with-calculus-ph-212-400-u2026.html,text/00606-phy-212-linked-detail-module-3-gravity-learning-materials-general-physics-with-calculus-ph-212-400-u2026.txt,text/00606-phy-212-linked-detail-module-3-gravity-learning-materials-general-physics-with-calculus-ph-212-400-u2026.fulltext.txt,markdown/00606-phy-212-linked-detail-module-3-gravity-learning-materials-general-physics-with-calculus-ph-212-400-u2026.md,,metadata/00606-phy-212-linked-detail-module-3-gravity-learning-materials-general-physics-with-calculus-ph-212-400-u2026.json,9c6f6717f944a19f4c65e672fd4c61923f51f31c713ae6cb34ca17b8d5100924,8b85f3596677e5386f6eae8d6a3e42cd253ea835237d85f4ef0af86feea151b0,2026-07-30T20:50:13.307Z,4,47,4,0,0,0
00607-phy-212-linked-detail-quiz2-practice-soln-pdf-general-physics-with-calculus-ph-212-400-u2026,2053526,PHY-212,linked_detail,linked_detail,https://canvas.oregonstate.edu/courses/2053526/files/119457479?wrap=1,https://canvas.oregonstate.edu/courses/2053526/files/119457479?wrap=1,quiz2_practice_soln.pdf: GENERAL PHYSICS WITH CALCULUS (PH_212_400_U2026),file,119457479,2,,,raw_html/00607-phy-212-linked-detail-quiz2-practice-soln-pdf-general-physics-with-calculus-ph-212-400-u2026.html,text/00607-phy-212-linked-detail-quiz2-practice-soln-pdf-general-physics-with-calculus-ph-212-400-u2026.txt,text/00607-phy-212-linked-detail-quiz2-practice-soln-pdf-general-physics-with-calculus-ph-212-400-u2026.fulltext.txt,markdown/00607-phy-212-linked-detail-quiz2-practice-soln-pdf-general-physics-with-calculus-ph-212-400-u2026.md,,metadata/00607-phy-212-linked-detail-quiz2-practice-soln-pdf-general-physics-with-calculus-ph-212-400-u2026.json,7d22ff934e77829b806b1db572c50691a2500b2627a5345dc6d74def699d25ef,bf22f44cd79b16619631ff86ad7b0224f08f7f614b2e72ca8e05ef5b3d4a898b,2026-07-30T20:50:15.607Z,1,36,3,0,0,0
00608-phy-212-linked-detail-hw-5-gravity-general-physics-with-calculus-ph-212-400-u2026,2053526,PHY-212,linked_detail,linked_detail,https://canvas.oregonstate.edu/courses/2053526/assignments/10556994,https://canvas.oregonstate.edu/courses/2053526/quizzes/3160499,Hw 5 - Gravity: GENERAL PHYSICS WITH CALCULUS (PH_212_400_U2026),quiz,3160499,2,yes,,raw_html/00608-phy-212-linked-detail-hw-5-gravity-general-physics-with-calculus-ph-212-400-u2026.html,text/00608-phy-212-linked-detail-hw-5-gravity-general-physics-with-calculus-ph-212-400-u2026.txt,text/00608-phy-212-linked-detail-hw-5-gravity-general-physics-with-calculus-ph-212-400-u2026.fulltext.txt,markdown/00608-phy-212-linked-detail-hw-5-gravity-general-physics-with-calculus-ph-212-400-u2026.md,,metadata/00608-phy-212-linked-detail-hw-5-gravity-general-physics-with-calculus-ph-212-400-u2026.json,9badb22a845b02e1096365787ba57536c8f387f02617296c1ffe672e46680849,475d5ed7f69be2f7802d358a2aec54078ad8d2cf7bd3a81c0d3988cc6e2f27db,2026-07-30T20:50:19.212Z,2,60,2,0,0,0
00609-phy-212-linked-detail-m3-1pre-general-physics-with-calculus-ph-212-400-u2026,2053526,PHY-212,linked_detail,linked_detail,https://canvas.oregonstate.edu/courses/2053526/assignments/10556946,https://canvas.oregonstate.edu/courses/2053526/quizzes/3160450,M3-1pre: GENERAL PHYSICS WITH CALCULUS (PH_212_400_U2026),quiz,3160450,2,yes,,raw_html/00609-phy-212-linked-detail-m3-1pre-general-physics-with-calculus-ph-212-400-u2026.html,text/00609-phy-212-linked-detail-m3-1pre-general-physics-with-calculus-ph-212-400-u2026.txt,text/00609-phy-212-linked-detail-m3-1pre-general-physics-with-calculus-ph-212-400-u2026.fulltext.txt,markdown/00609-phy-212-linked-detail-m3-1pre-general-physics-with-calculus-ph-212-400-u2026.md,,metadata/00609-phy-212-linked-detail-m3-1pre-general-physics-with-calculus-ph-212-400-u2026.json,f568869b4e858d063441e40ebf36b510b687e816776e1f651ba25d884a1af1c1,677fadddb6d4b4853995925c675f57912a49fdb3dd5476f511d7acd6999e2ca2,2026-07-30T20:50:21.808Z,2,35,2,0,0,0
00610-phy-212-linked-detail-m3-2pre-general-physics-with-calculus-ph-212-400-u2026,2053526,PHY-212,linked_detail,linked_detail,https://canvas.oregonstate.edu/courses/2053526/assignments/10556987,https://canvas.oregonstate.edu/courses/2053526/quizzes/3160492,M3-2pre: GENERAL PHYSICS WITH CALCULUS (PH_212_400_U2026),quiz,3160492,2,yes,,raw_html/00610-phy-212-linked-detail-m3-2pre-general-physics-with-calculus-ph-212-400-u2026.html,text/00610-phy-212-linked-detail-m3-2pre-general-physics-with-calculus-ph-212-400-u2026.txt,text/00610-phy-212-linked-detail-m3-2pre-general-physics-with-calculus-ph-212-400-u2026.fulltext.txt,markdown/00610-phy-212-linked-detail-m3-2pre-general-physics-with-calculus-ph-212-400-u2026.md,,metadata/00610-phy-212-linked-detail-m3-2pre-general-physics-with-calculus-ph-212-400-u2026.json,328a9b2a1ef9f749d3fa28dd9d13e2294e0e8c6d81062e7e2e76885cdcb58b89,765665a52c25b34c9c631164cad79c925e7de1a5c7d20ae9b9ab5ef371854a37,2026-07-30T20:50:24.608Z,2,35,2,0,0,0
00611-phy-212-linked-detail-m3-1asy-general-physics-with-calculus-ph-212-400-u2026,2053526,PHY-212,linked_detail,linked_detail,https://canvas.oregonstate.edu/courses/2053526/assignments/10556972,https://canvas.oregonstate.edu/courses/2053526/quizzes/3160477,M3-1asy: GENERAL PHYSICS WITH CALCULUS (PH_212_400_U2026),quiz,3160477,2,yes,,raw_html/00611-phy-212-linked-detail-m3-1asy-general-physics-with-calculus-ph-212-400-u2026.html,text/00611-phy-212-linked-detail-m3-1asy-general-physics-with-calculus-ph-212-400-u2026.txt,text/00611-phy-212-linked-detail-m3-1asy-general-physics-with-calculus-ph-212-400-u2026.fulltext.txt,markdown/00611-phy-212-linked-detail-m3-1asy-general-physics-with-calculus-ph-212-400-u2026.md,,metadata/00611-phy-212-linked-detail-m3-1asy-general-physics-with-calculus-ph-212-400-u2026.json,277e804c75a72edee1e631445506b67283c08b74903ece55022a576d1019a9ce,b168737d82e3eaaea6622cf373f7a0bb48d2b8dacc661edc67e2478d6f45ee3a,2026-07-30T20:50:27.511Z,4,36,2,0,0,0
00612-phy-212-linked-detail-m3-2asy-general-physics-with-calculus-ph-212-400-u2026,2053526,PHY-212,linked_detail,linked_detail,https://canvas.oregonstate.edu/courses/2053526/assignments/10556963,https://canvas.oregonstate.edu/courses/2053526/quizzes/3160468,M3-2asy: GENERAL PHYSICS WITH CALCULUS (PH_212_400_U2026),quiz,3160468,2,yes,,raw_html/00612-phy-212-linked-detail-m3-2asy-general-physics-with-calculus-ph-212-400-u2026.html,text/00612-phy-212-linked-detail-m3-2asy-general-physics-with-calculus-ph-212-400-u2026.txt,text/00612-phy-212-linked-detail-m3-2asy-general-physics-with-calculus-ph-212-400-u2026.fulltext.txt,markdown/00612-phy-212-linked-detail-m3-2asy-general-physics-with-calculus-ph-212-400-u2026.md,,metadata/00612-phy-212-linked-detail-m3-2asy-general-physics-with-calculus-ph-212-400-u2026.json,824404af6f2c443d70f6a8e3141a88c34b6981745c24dc1cacefb3697c2064f7,ba2248bfa16ad37cf3e58d25d03d8cd2361bcf556be9165cad51457e9374964a,2026-07-30T20:50:30.161Z,4,36,2,0,0,0
00613-phy-212-linked-detail-topic-lab-4-discussion-lab-group-22,2053526,PHY-212,linked_detail,linked_detail,https://canvas.oregonstate.edu/courses/2053526/discussion_topics/11563809,https://canvas.oregonstate.edu/groups/733396/discussion_topics/11579969,Topic: Lab 4 Discussion - Lab Group 22,discussion,11579969,2,yes,,raw_html/00613-phy-212-linked-detail-topic-lab-4-discussion-lab-group-22.html,text/00613-phy-212-linked-detail-topic-lab-4-discussion-lab-group-22.txt,text/00613-phy-212-linked-detail-topic-lab-4-discussion-lab-group-22.fulltext.txt,markdown/00613-phy-212-linked-detail-topic-lab-4-discussion-lab-group-22.md,,metadata/00613-phy-212-linked-detail-topic-lab-4-discussion-lab-group-22.json,337a24e902d91c72a29be7c2e25637c517f048195fa9383ec06123356658adad,e3b0c44298fc1c149afbf4c8996fb92427ae41e4649b934ca495991b7852b855,2026-07-30T20:50:42.661Z,0,25,2,0,0,0
00614-phy-212-linked-detail-lab-4-data-analysis-general-physics-with-calculus-ph-212-400-u2026,2053526,PHY-212,linked_detail,linked_detail,https://canvas.oregonstate.edu/courses/2053526/pages/lab-3-data-analysis,https://canvas.oregonstate.edu/courses/2053526/pages/lab-4-data-analysis,Lab 4 Data Analysis: GENERAL PHYSICS WITH CALCULUS (PH_212_400_U2026),page,lab-4-data-analysis,2,yes,,raw_html/00614-phy-212-linked-detail-lab-4-data-analysis-general-physics-with-calculus-ph-212-400-u2026.html,text/00614-phy-212-linked-detail-lab-4-data-analysis-general-physics-with-calculus-ph-212-400-u2026.txt,text/00614-phy-212-linked-detail-lab-4-data-analysis-general-physics-with-calculus-ph-212-400-u2026.fulltext.txt,markdown/00614-phy-212-linked-detail-lab-4-data-analysis-general-physics-with-calculus-ph-212-400-u2026.md,,metadata/00614-phy-212-linked-detail-lab-4-data-analysis-general-physics-with-calculus-ph-212-400-u2026.json,ea2cd7511cf211c151bf2b263003931eb454fdc6d799416c89137eaf6c3084f0,de32ef78551cbe625d0af91687400dfa18f1773a5abc4bc26aaf0e4bddbd3077,2026-07-30T20:50:46.611Z,13,37,2,0,0,0
00615-phy-212-linked-detail-lab-4-group-report,2053526,PHY-212,linked_detail,linked_detail,https://canvas.oregonstate.edu/courses/2053526/assignments/10557060,https://canvas.oregonstate.edu/courses/2053526/assignments/10557060,Lab 4 Group Report,assignment,10557060,2,,yes,raw_html/00615-phy-212-linked-detail-lab-4-group-report.html,text/00615-phy-212-linked-detail-lab-4-group-report.txt,text/00615-phy-212-linked-detail-lab-4-group-report.fulltext.txt,markdown/00615-phy-212-linked-detail-lab-4-group-report.md,,metadata/00615-phy-212-linked-detail-lab-4-group-report.json,a10f65e3b147b4a87b01930f003d4096e5709fb52df2dd53e622f65c980d7edd,c1e92d8a9527a8a6b73c8c6f1b7df485abc68406aac517b4747d749f411aad78,2026-07-30T20:50:49.160Z,3,61,2,0,0,0
00616-phy-212-linked-detail-module-4-oscillations-learning-materials-general-physics-with-calculus-ph-212-400-u2026,2053526,PHY-212,linked_detail,linked_detail,https://canvas.oregonstate.edu/courses/2053526/pages/module-4-%7C-oscillations-%7C-learning-materials,https://canvas.oregonstate.edu/courses/2053526/pages/module-4-%7C-oscillations-%7C-learning-materials,Module 4 | Oscillations | Learning Materials: GENERAL PHYSICS WITH CALCULUS (PH_212_400_U2026),page,module-4-%7C-oscillations-%7C-learning-materials,2,,,raw_html/00616-phy-212-linked-detail-module-4-oscillations-learning-materials-general-physics-with-calculus-ph-212-400-u2026.html,text/00616-phy-212-linked-detail-module-4-oscillations-learning-materials-general-physics-with-calculus-ph-212-400-u2026.txt,text/00616-phy-212-linked-detail-module-4-oscillations-learning-materials-general-physics-with-calculus-ph-212-400-u2026.fulltext.txt,markdown/00616-phy-212-linked-detail-module-4-oscillations-learning-materials-general-physics-with-calculus-ph-212-400-u2026.md,,metadata/00616-phy-212-linked-detail-module-4-oscillations-learning-materials-general-physics-with-calculus-ph-212-400-u2026.json,4c11cdc8893b38f1e5e0899f1d3887b72a10ddbba87085cb5d97ab9baedf7a7a,e3d8bb97fa236347f74847a4f758a254566eba82169f50de32471ce8312139ab,2026-07-30T20:50:51.883Z,4,37,5,0,0,0
00617-phy-212-linked-detail-module-4-oscillations-required-activities-general-physics-with-calculus-ph-212-400-u2026,2053526,PHY-212,linked_detail,linked_detail,https://canvas.oregonstate.edu/courses/2053526/pages/module-4-%7C-oscillations-%7C-required-activities,https://canvas.oregonstate.edu/courses/2053526/pages/module-4-%7C-oscillations-%7C-required-activities,Module 4 | Oscillations | Required Activities: GENERAL PHYSICS WITH CALCULUS (PH_212_400_U2026),page,module-4-%7C-oscillations-%7C-required-activities,2,,,raw_html/00617-phy-212-linked-detail-module-4-oscillations-required-activities-general-physics-with-calculus-ph-212-400-u2026.html,text/00617-phy-212-linked-detail-module-4-oscillations-required-activities-general-physics-with-calculus-ph-212-400-u2026.txt,text/00617-phy-212-linked-detail-module-4-oscillations-required-activities-general-physics-with-calculus-ph-212-400-u2026.fulltext.txt,markdown/00617-phy-212-linked-detail-module-4-oscillations-required-activities-general-physics-with-calculus-ph-212-400-u2026.md,,metadata/00617-phy-212-linked-detail-module-4-oscillations-required-activities-general-physics-with-calculus-ph-212-400-u2026.json,74daf186ac0e140ca66bb0ee76140536f0b92ce76d9a6254a672acf877b91d07,4881cf518618282271886caf62b868da38376b7ca55b3d37226b72848bb751e4,2026-07-30T20:50:54.009Z,4,41,2,0,0,0
00618-phy-212-linked-detail-hw-6-oscillations-general-physics-with-calculus-ph-212-400-u2026,2053526,PHY-212,linked_detail,linked_detail,https://canvas.oregonstate.edu/courses/2053526/assignments/10557007,https://canvas.oregonstate.edu/courses/2053526/quizzes/3160513,Hw 6 - Oscillations: GENERAL PHYSICS WITH CALCULUS (PH_212_400_U2026),quiz,3160513,2,yes,,raw_html/00618-phy-212-linked-detail-hw-6-oscillations-general-physics-with-calculus-ph-212-400-u2026.html,text/00618-phy-212-linked-detail-hw-6-oscillations-general-physics-with-calculus-ph-212-400-u2026.txt,text/00618-phy-212-linked-detail-hw-6-oscillations-general-physics-with-calculus-ph-212-400-u2026.fulltext.txt,markdown/00618-phy-212-linked-detail-hw-6-oscillations-general-physics-with-calculus-ph-212-400-u2026.md,,metadata/00618-phy-212-linked-detail-hw-6-oscillations-general-physics-with-calculus-ph-212-400-u2026.json,9a881ea90974248ec83c03622572e389944b205eb4439465fc13f50e8bf73c31,8320392ecffb72252769b09af16c3d4201f350257b977c687bc7d061fff13c76,2026-07-30T20:50:57.769Z,3,80,2,0,0,0
00619-phy-212-linked-detail-m4-1pre-general-physics-with-calculus-ph-212-400-u2026,2053526,PHY-212,linked_detail,linked_detail,https://canvas.oregonstate.edu/courses/2053526/assignments/10556990,https://canvas.oregonstate.edu/courses/2053526/quizzes/3160495,M4-1pre: GENERAL PHYSICS WITH CALCULUS (PH_212_400_U2026),quiz,3160495,2,yes,,raw_html/00619-phy-212-linked-detail-m4-1pre-general-physics-with-calculus-ph-212-400-u2026.html,text/00619-phy-212-linked-detail-m4-1pre-general-physics-with-calculus-ph-212-400-u2026.txt,text/00619-phy-212-linked-detail-m4-1pre-general-physics-with-calculus-ph-212-400-u2026.fulltext.txt,markdown/00619-phy-212-linked-detail-m4-1pre-general-physics-with-calculus-ph-212-400-u2026.md,,metadata/00619-phy-212-linked-detail-m4-1pre-general-physics-with-calculus-ph-212-400-u2026.json,86040843808d52ab5d59e140c1959a906389c390a422e5039e8c598a9859dabe,4680b97c40029bd42f2bd97d3ce74d33b89ad3529a1f63d2e0e886bf36752a67,2026-07-30T20:51:00.459Z,2,35,2,0,0,0
00620-phy-212-linked-detail-m4-2pre-general-physics-with-calculus-ph-212-400-u2026,2053526,PHY-212,linked_detail,linked_detail,https://canvas.oregonstate.edu/courses/2053526/assignments/10556939,https://canvas.oregonstate.edu/courses/2053526/quizzes/3160443,M4-2pre: GENERAL PHYSICS WITH CALCULUS (PH_212_400_U2026),quiz,3160443,2,yes,,raw_html/00620-phy-212-linked-detail-m4-2pre-general-physics-with-calculus-ph-212-400-u2026.html,text/00620-phy-212-linked-detail-m4-2pre-general-physics-with-calculus-ph-212-400-u2026.txt,text/00620-phy-212-linked-detail-m4-2pre-general-physics-with-calculus-ph-212-400-u2026.fulltext.txt,markdown/00620-phy-212-linked-detail-m4-2pre-general-physics-with-calculus-ph-212-400-u2026.md,,metadata/00620-phy-212-linked-detail-m4-2pre-general-physics-with-calculus-ph-212-400-u2026.json,a05f528cc3563168b8c58d8c6bd88c684e76c90b316f44deafe88bb28aaac581,c7359457855d6ba973173f8ed47dae57ce73de4d6f55c08df73df6dbbc0fc44b,2026-07-30T20:51:03.658Z,2,35,2,0,0,0
00621-phy-212-linked-detail-m4-1asy-general-physics-with-calculus-ph-212-400-u2026,2053526,PHY-212,linked_detail,linked_detail,https://canvas.oregonstate.edu/courses/2053526/assignments/10556985,https://canvas.oregonstate.edu/courses/2053526/quizzes/3160490,M4-1asy: GENERAL PHYSICS WITH CALCULUS (PH_212_400_U2026),quiz,3160490,2,yes,,raw_html/00621-phy-212-linked-detail-m4-1asy-general-physics-with-calculus-ph-212-400-u2026.html,text/00621-phy-212-linked-detail-m4-1asy-general-physics-with-calculus-ph-212-400-u2026.txt,text/00621-phy-212-linked-detail-m4-1asy-general-physics-with-calculus-ph-212-400-u2026.fulltext.txt,markdown/00621-phy-212-linked-detail-m4-1asy-general-physics-with-calculus-ph-212-400-u2026.md,,metadata/00621-phy-212-linked-detail-m4-1asy-general-physics-with-calculus-ph-212-400-u2026.json,0068324d8f65d8b117501b126bc353f2cb4be8c6eff691f4834cc1ddcf14114d,981048d0dc271f2fbd76a11439bf70c58a85212daae37410126943aa938c9147,2026-07-30T20:51:06.410Z,4,36,2,0,0,0
00622-phy-212-linked-detail-m4-2asy-general-physics-with-calculus-ph-212-400-u2026,2053526,PHY-212,linked_detail,linked_detail,https://canvas.oregonstate.edu/courses/2053526/assignments/10556981,https://canvas.oregonstate.edu/courses/2053526/quizzes/3160486,M4-2asy: GENERAL PHYSICS WITH CALCULUS (PH_212_400_U2026),quiz,3160486,2,yes,,raw_html/00622-phy-212-linked-detail-m4-2asy-general-physics-with-calculus-ph-212-400-u2026.html,text/00622-phy-212-linked-detail-m4-2asy-general-physics-with-calculus-ph-212-400-u2026.txt,text/00622-phy-212-linked-detail-m4-2asy-general-physics-with-calculus-ph-212-400-u2026.fulltext.txt,markdown/00622-phy-212-linked-detail-m4-2asy-general-physics-with-calculus-ph-212-400-u2026.md,,metadata/00622-phy-212-linked-detail-m4-2asy-general-physics-with-calculus-ph-212-400-u2026.json,3221b6d4bc97e387d0f9b6b138d97406d3c1183b07b98eb17666ce0bf2eb8610,a0800712239ed19bfeae8c83159f8b49d0aa2a9289e9cc94aa8de2faa5643510,2026-07-30T20:51:09.062Z,4,36,2,0,0,0
00623-phy-212-linked-detail-unauthorized,2053526,PHY-212,linked_detail,linked_detail,https://canvas.oregonstate.edu/courses/2053526/pages/module-5-%7C-wave-optics-%7C-learning-materials,https://canvas.oregonstate.edu/courses/2053526/pages/module-5-%7C-wave-optics-%7C-learning-materials,Unauthorized,page,module-5-%7C-wave-optics-%7C-learning-materials,2,,,raw_html/00623-phy-212-linked-detail-unauthorized.html,text/00623-phy-212-linked-detail-unauthorized.txt,text/00623-phy-212-linked-detail-unauthorized.fulltext.txt,markdown/00623-phy-212-linked-detail-unauthorized.md,,metadata/00623-phy-212-linked-detail-unauthorized.json,dec77dc569caaf58c1300d5449292bb14e187526d954e8899bd9c742dd6cd0af,2b62e20d47d477eacda81c2beef0dbb06e7f4e1a1021b68e5f70be2917f36f5b,2026-07-30T20:51:11.109Z,1,13,2,0,0,0
00624-phy-212-linked-detail-unauthorized,2053526,PHY-212,linked_detail,linked_detail,https://canvas.oregonstate.edu/courses/2053526/pages/module-5-%7C-wave-optics-%7C-required-activities,https://canvas.oregonstate.edu/courses/2053526/pages/module-5-%7C-wave-optics-%7C-required-activities,Unauthorized,page,module-5-%7C-wave-optics-%7C-required-activities,2,,,raw_html/00624-phy-212-linked-detail-unauthorized.html,text/00624-phy-212-linked-detail-unauthorized.txt,text/00624-phy-212-linked-detail-unauthorized.fulltext.txt,markdown/00624-phy-212-linked-detail-unauthorized.md,,metadata/00624-phy-212-linked-detail-unauthorized.json,21dcd1f9ac6513808221aaa2fbf1cd63dbe8d7e58f8d5e5bde160bd79367dbf4,2b62e20d47d477eacda81c2beef0dbb06e7f4e1a1021b68e5f70be2917f36f5b,2026-07-30T20:51:13.106Z,1,13,2,0,0,0
00625-phy-212-linked-detail-hw-7-waves-general-physics-with-calculus-ph-212-400-u2026,2053526,PHY-212,linked_detail,linked_detail,https://canvas.oregonstate.edu/courses/2053526/assignments/10556973,https://canvas.oregonstate.edu/courses/2053526/quizzes/3160478,Hw 7 - Waves: GENERAL PHYSICS WITH CALCULUS (PH_212_400_U2026),quiz,3160478,2,yes,,raw_html/00625-phy-212-linked-detail-hw-7-waves-general-physics-with-calculus-ph-212-400-u2026.html,text/00625-phy-212-linked-detail-hw-7-waves-general-physics-with-calculus-ph-212-400-u2026.txt,text/00625-phy-212-linked-detail-hw-7-waves-general-physics-with-calculus-ph-212-400-u2026.fulltext.txt,markdown/00625-phy-212-linked-detail-hw-7-waves-general-physics-with-calculus-ph-212-400-u2026.md,,metadata/00625-phy-212-linked-detail-hw-7-waves-general-physics-with-calculus-ph-212-400-u2026.json,bfc6eba9125a57a50edc22ca276c0f352c30e7c9d75a4e9e598e189924ceaa8e,f7f9e5762faddaef2a109ac95e14fb5a3b2f2c69c29840d66816f8d280db8174,2026-07-30T20:51:16.060Z,3,67,2,0,0,0
00626-phy-212-linked-detail-m5-1pre-general-physics-with-calculus-ph-212-400-u2026,2053526,PHY-212,linked_detail,linked_detail,https://canvas.oregonstate.edu/courses/2053526/assignments/10556969,https://canvas.oregonstate.edu/courses/2053526/quizzes/3160474,M5-1pre: GENERAL PHYSICS WITH CALCULUS (PH_212_400_U2026),quiz,3160474,2,yes,,raw_html/00626-phy-212-linked-detail-m5-1pre-general-physics-with-calculus-ph-212-400-u2026.html,text/00626-phy-212-linked-detail-m5-1pre-general-physics-with-calculus-ph-212-400-u2026.txt,text/00626-phy-212-linked-detail-m5-1pre-general-physics-with-calculus-ph-212-400-u2026.fulltext.txt,markdown/00626-phy-212-linked-detail-m5-1pre-general-physics-with-calculus-ph-212-400-u2026.md,,metadata/00626-phy-212-linked-detail-m5-1pre-general-physics-with-calculus-ph-212-400-u2026.json,b9ec340232b352874a5603bd3ce9265d7f62dd74a688915c287cad03d1503ed8,3ad35c7946cc25d646bc8bcfff2c82d405129bb4d8aac6fd08f8cf894c366050,2026-07-30T20:51:18.559Z,2,35,2,0,0,0
00627-phy-212-linked-detail-m5-2pre-general-physics-with-calculus-ph-212-400-u2026,2053526,PHY-212,linked_detail,linked_detail,https://canvas.oregonstate.edu/courses/2053526/assignments/10557004,https://canvas.oregonstate.edu/courses/2053526/quizzes/3160509,M5-2pre: GENERAL PHYSICS WITH CALCULUS (PH_212_400_U2026),quiz,3160509,2,yes,,raw_html/00627-phy-212-linked-detail-m5-2pre-general-physics-with-calculus-ph-212-400-u2026.html,text/00627-phy-212-linked-detail-m5-2pre-general-physics-with-calculus-ph-212-400-u2026.txt,text/00627-phy-212-linked-detail-m5-2pre-general-physics-with-calculus-ph-212-400-u2026.fulltext.txt,markdown/00627-phy-212-linked-detail-m5-2pre-general-physics-with-calculus-ph-212-400-u2026.md,,metadata/00627-phy-212-linked-detail-m5-2pre-general-physics-with-calculus-ph-212-400-u2026.json,aa513ffc87921ebf38b24d8e6deded1110b7f41d03da8f1cdc2c2b98a32415bf,3f2ed4d13358540ee1ec83c38fc7cf630bb23786febc21961823a55cf55e86f1,2026-07-30T20:51:21.158Z,2,35,2,0,0,0
00628-phy-212-linked-detail-m5-3pre-general-physics-with-calculus-ph-212-400-u2026,2053526,PHY-212,linked_detail,linked_detail,https://canvas.oregonstate.edu/courses/2053526/assignments/10556988,https://canvas.oregonstate.edu/courses/2053526/quizzes/3160493,M5-3pre: GENERAL PHYSICS WITH CALCULUS (PH_212_400_U2026),quiz,3160493,2,yes,,raw_html/00628-phy-212-linked-detail-m5-3pre-general-physics-with-calculus-ph-212-400-u2026.html,text/00628-phy-212-linked-detail-m5-3pre-general-physics-with-calculus-ph-212-400-u2026.txt,text/00628-phy-212-linked-detail-m5-3pre-general-physics-with-calculus-ph-212-400-u2026.fulltext.txt,markdown/00628-phy-212-linked-detail-m5-3pre-general-physics-with-calculus-ph-212-400-u2026.md,,metadata/00628-phy-212-linked-detail-m5-3pre-general-physics-with-calculus-ph-212-400-u2026.json,92c74c29b2ea251fe64a65a920252bde7c64f7d108c9c82a17dd834a5cd6bbbd,babb2b56ca0eb62a8425ca5b520ee8adf3068f0f1b5c674f4a2296691d581f23,2026-07-30T20:51:24.210Z,2,35,2,0,0,0
00629-phy-212-linked-detail-m5-4pre-general-physics-with-calculus-ph-212-400-u2026,2053526,PHY-212,linked_detail,linked_detail,https://canvas.oregonstate.edu/courses/2053526/assignments/10556992,https://canvas.oregonstate.edu/courses/2053526/quizzes/3160497,M5-4pre: GENERAL PHYSICS WITH CALCULUS (PH_212_400_U2026),quiz,3160497,2,yes,,raw_html/00629-phy-212-linked-detail-m5-4pre-general-physics-with-calculus-ph-212-400-u2026.html,text/00629-phy-212-linked-detail-m5-4pre-general-physics-with-calculus-ph-212-400-u2026.txt,text/00629-phy-212-linked-detail-m5-4pre-general-physics-with-calculus-ph-212-400-u2026.fulltext.txt,markdown/00629-phy-212-linked-detail-m5-4pre-general-physics-with-calculus-ph-212-400-u2026.md,,metadata/00629-phy-212-linked-detail-m5-4pre-general-physics-with-calculus-ph-212-400-u2026.json,c1d002515433f994897b8d6a91cd1c0829e574947f4701eecfbc11eef53ed3aa,3e1fd592d11a451f5a3b96fe5c6dd45fdd034c26c6d78edc5787abae4989e6e8,2026-07-30T20:51:27.309Z,3,38,2,0,0,0
00630-phy-212-linked-detail-m5-5pre-general-physics-with-calculus-ph-212-400-u2026,2053526,PHY-212,linked_detail,linked_detail,https://canvas.oregonstate.edu/courses/2053526/assignments/10556979,https://canvas.oregonstate.edu/courses/2053526/quizzes/3160484,M5-5pre: GENERAL PHYSICS WITH CALCULUS (PH_212_400_U2026),quiz,3160484,2,yes,,raw_html/00630-phy-212-linked-detail-m5-5pre-general-physics-with-calculus-ph-212-400-u2026.html,text/00630-phy-212-linked-detail-m5-5pre-general-physics-with-calculus-ph-212-400-u2026.txt,text/00630-phy-212-linked-detail-m5-5pre-general-physics-with-calculus-ph-212-400-u2026.fulltext.txt,markdown/00630-phy-212-linked-detail-m5-5pre-general-physics-with-calculus-ph-212-400-u2026.md,,metadata/00630-phy-212-linked-detail-m5-5pre-general-physics-with-calculus-ph-212-400-u2026.json,39cb72b76d8a39b6eae59558d8b4b294806c5d04fc0f766d10363113d7e9a542,3c4560e11d21d73a282f7207a272c4230b40f8ca47ce09a0112e3807983d54ef,2026-07-30T20:51:29.908Z,2,35,2,0,0,0
00631-phy-212-linked-detail-m5-1asy-general-physics-with-calculus-ph-212-400-u2026,2053526,PHY-212,linked_detail,linked_detail,https://canvas.oregonstate.edu/courses/2053526/assignments/10556976,https://canvas.oregonstate.edu/courses/2053526/quizzes/3160481,M5-1asy: GENERAL PHYSICS WITH CALCULUS (PH_212_400_U2026),quiz,3160481,2,yes,,raw_html/00631-phy-212-linked-detail-m5-1asy-general-physics-with-calculus-ph-212-400-u2026.html,text/00631-phy-212-linked-detail-m5-1asy-general-physics-with-calculus-ph-212-400-u2026.txt,text/00631-phy-212-linked-detail-m5-1asy-general-physics-with-calculus-ph-212-400-u2026.fulltext.txt,markdown/00631-phy-212-linked-detail-m5-1asy-general-physics-with-calculus-ph-212-400-u2026.md,,metadata/00631-phy-212-linked-detail-m5-1asy-general-physics-with-calculus-ph-212-400-u2026.json,2c902c64e293ef0800f7f7248c5cf2e40e9e4235f27e03fc2c514619b335ba62,992d978898f2bc18e3be9e53e9faf13a87d654dac71cd92ce5a3a680a7b86498,2026-07-30T20:51:32.511Z,4,36,2,0,0,0
00632-phy-212-linked-detail-m5-2asy-general-physics-with-calculus-ph-212-400-u2026,2053526,PHY-212,linked_detail,linked_detail,https://canvas.oregonstate.edu/courses/2053526/assignments/10557018,https://canvas.oregonstate.edu/courses/2053526/quizzes/3160525,M5-2asy: GENERAL PHYSICS WITH CALCULUS (PH_212_400_U2026),quiz,3160525,2,yes,,raw_html/00632-phy-212-linked-detail-m5-2asy-general-physics-with-calculus-ph-212-400-u2026.html,text/00632-phy-212-linked-detail-m5-2asy-general-physics-with-calculus-ph-212-400-u2026.txt,text/00632-phy-212-linked-detail-m5-2asy-general-physics-with-calculus-ph-212-400-u2026.fulltext.txt,markdown/00632-phy-212-linked-detail-m5-2asy-general-physics-with-calculus-ph-212-400-u2026.md,,metadata/00632-phy-212-linked-detail-m5-2asy-general-physics-with-calculus-ph-212-400-u2026.json,8907ceecd1c444e8189206f4559c35fc1059521fe5b5229e3eaff5076e7af4ae,270ed2d507c0d8598c3528440f5008e3fd2a4a1810791606055bbef443a27a62,2026-07-30T20:51:35.108Z,4,36,2,0,0,0
00633-phy-212-linked-detail-m5-3asy-general-physics-with-calculus-ph-212-400-u2026,2053526,PHY-212,linked_detail,linked_detail,https://canvas.oregonstate.edu/courses/2053526/assignments/10557031,https://canvas.oregonstate.edu/courses/2053526/quizzes/3160538,M5-3asy: GENERAL PHYSICS WITH CALCULUS (PH_212_400_U2026),quiz,3160538,2,yes,,raw_html/00633-phy-212-linked-detail-m5-3asy-general-physics-with-calculus-ph-212-400-u2026.html,text/00633-phy-212-linked-detail-m5-3asy-general-physics-with-calculus-ph-212-400-u2026.txt,text/00633-phy-212-linked-detail-m5-3asy-general-physics-with-calculus-ph-212-400-u2026.fulltext.txt,markdown/00633-phy-212-linked-detail-m5-3asy-general-physics-with-calculus-ph-212-400-u2026.md,,metadata/00633-phy-212-linked-detail-m5-3asy-general-physics-with-calculus-ph-212-400-u2026.json,5c263bf4883d08505e926131ce529d28f603fcbc9c48b10921ad3d7964b0ddc2,fbb9580c47b02ae6b7023ccc19db111021bad5e3f6540f0b92cb87ffa7fce033,2026-07-30T20:51:37.863Z,4,36,2,0,0,0
00634-phy-212-linked-detail-m5-4asy-general-physics-with-calculus-ph-212-400-u2026,2053526,PHY-212,linked_detail,linked_detail,https://canvas.oregonstate.edu/courses/2053526/assignments/10557002,https://canvas.oregonstate.edu/courses/2053526/quizzes/3160507,M5-4asy: GENERAL PHYSICS WITH CALCULUS (PH_212_400_U2026),quiz,3160507,2,yes,,raw_html/00634-phy-212-linked-detail-m5-4asy-general-physics-with-calculus-ph-212-400-u2026.html,text/00634-phy-212-linked-detail-m5-4asy-general-physics-with-calculus-ph-212-400-u2026.txt,text/00634-phy-212-linked-detail-m5-4asy-general-physics-with-calculus-ph-212-400-u2026.fulltext.txt,markdown/00634-phy-212-linked-detail-m5-4asy-general-physics-with-calculus-ph-212-400-u2026.md,,metadata/00634-phy-212-linked-detail-m5-4asy-general-physics-with-calculus-ph-212-400-u2026.json,3fd773e9b5f151fb3095755d38e1daa6bcef6aa6fd5a2695a5818682854aa558,9cda038ea2134378ec697cc5ebc9ed466e33cc1174a089c24204c2624072bc6a,2026-07-30T20:51:40.413Z,4,36,2,0,0,0
00635-phy-212-linked-detail-m5-5asy-general-physics-with-calculus-ph-212-400-u2026,2053526,PHY-212,linked_detail,linked_detail,https://canvas.oregonstate.edu/courses/2053526/assignments/10556957,https://canvas.oregonstate.edu/courses/2053526/quizzes/3160461,M5-5asy: GENERAL PHYSICS WITH CALCULUS (PH_212_400_U2026),quiz,3160461,2,yes,,raw_html/00635-phy-212-linked-detail-m5-5asy-general-physics-with-calculus-ph-212-400-u2026.html,text/00635-phy-212-linked-detail-m5-5asy-general-physics-with-calculus-ph-212-400-u2026.txt,text/00635-phy-212-linked-detail-m5-5asy-general-physics-with-calculus-ph-212-400-u2026.fulltext.txt,markdown/00635-phy-212-linked-detail-m5-5asy-general-physics-with-calculus-ph-212-400-u2026.md,,metadata/00635-phy-212-linked-detail-m5-5asy-general-physics-with-calculus-ph-212-400-u2026.json,246296fe44834a8f936ee07a394fa6e8a870f670b5f6a1acb383cf309324a352,e95da5c76a4ef18c7e95d301c6f530a95c81eee00680ec334b0b7a33a4c35320,2026-07-30T20:51:43.107Z,1,34,2,0,0,0
00636-phy-212-linked-detail-quiz-3-notes,2053526,PHY-212,linked_detail,linked_detail,https://canvas.oregonstate.edu/courses/2053526/assignments/10557113,https://canvas.oregonstate.edu/courses/2053526/assignments/10557113,Quiz 3 Notes,assignment,10557113,2,,yes,raw_html/00636-phy-212-linked-detail-quiz-3-notes.html,text/00636-phy-212-linked-detail-quiz-3-notes.txt,text/00636-phy-212-linked-detail-quiz-3-notes.fulltext.txt,markdown/00636-phy-212-linked-detail-quiz-3-notes.md,,metadata/00636-phy-212-linked-detail-quiz-3-notes.json,478acf4aa45dfec592b12419cefc50cc842eee87dc7e7fe4fae43522ad2566cb,6f4043cf6db6ef31741c24ba9fa5fec3e89bfe5a9a30d5a579163b267693213b,2026-07-30T20:51:45.262Z,2,59,2,0,0,0
00637-phy-212-linked-detail-quiz-3a-asy-remotely-proctored-general-physics-with-calculus-ph-212-400-u2026,2053526,PHY-212,linked_detail,linked_detail,https://canvas.oregonstate.edu/courses/2053526/quizzes/3160520,https://canvas.oregonstate.edu/courses/2053526/quizzes/3160520,Quiz 3A_asy (Remotely Proctored): GENERAL PHYSICS WITH CALCULUS (PH_212_400_U2026),quiz,3160520,2,,,raw_html/00637-phy-212-linked-detail-quiz-3a-asy-remotely-proctored-general-physics-with-calculus-ph-212-400-u2026.html,text/00637-phy-212-linked-detail-quiz-3a-asy-remotely-proctored-general-physics-with-calculus-ph-212-400-u2026.txt,text/00637-phy-212-linked-detail-quiz-3a-asy-remotely-proctored-general-physics-with-calculus-ph-212-400-u2026.fulltext.txt,markdown/00637-phy-212-linked-detail-quiz-3a-asy-remotely-proctored-general-physics-with-calculus-ph-212-400-u2026.md,,metadata/00637-phy-212-linked-detail-quiz-3a-asy-remotely-proctored-general-physics-with-calculus-ph-212-400-u2026.json,636f771c39541de4bb8b3935e2f77481ac1ad98d302351e02d93c620ff3291d2,213279b442ebbffe928c88f310a646884a72203af0540676a3308bed10e4a56b,2026-07-30T20:51:47.357Z,1,34,2,0,0,0
00638-phy-212-linked-detail-quiz-3a-asy-work,2053526,PHY-212,linked_detail,linked_detail,https://canvas.oregonstate.edu/courses/2053526/assignments/10557116,https://canvas.oregonstate.edu/courses/2053526/assignments/10557116,Quiz 3A_asy_work,assignment,10557116,2,,,raw_html/00638-phy-212-linked-detail-quiz-3a-asy-work.html,text/00638-phy-212-linked-detail-quiz-3a-asy-work.txt,text/00638-phy-212-linked-detail-quiz-3a-asy-work.fulltext.txt,markdown/00638-phy-212-linked-detail-quiz-3a-asy-work.md,,metadata/00638-phy-212-linked-detail-quiz-3a-asy-work.json,646db15902863b4a1d5bbedb369740d129ed662ff9df3de3672e3aeede9a8eba,51c77a627d46da6fa070028bc4c695e3e41187e1de5f2b921fdbec00ad59cdf9,2026-07-30T20:51:49.662Z,2,59,2,0,0,0
00639-phy-212-linked-detail-quiz-3b-asy-remotely-proctored-general-physics-with-calculus-ph-212-400-u2026,2053526,PHY-212,linked_detail,linked_detail,https://canvas.oregonstate.edu/courses/2053526/quizzes/3160518,https://canvas.oregonstate.edu/courses/2053526/quizzes/3160518,Quiz 3B_asy (Remotely Proctored): GENERAL PHYSICS WITH CALCULUS (PH_212_400_U2026),quiz,3160518,2,,,raw_html/00639-phy-212-linked-detail-quiz-3b-asy-remotely-proctored-general-physics-with-calculus-ph-212-400-u2026.html,text/00639-phy-212-linked-detail-quiz-3b-asy-remotely-proctored-general-physics-with-calculus-ph-212-400-u2026.txt,text/00639-phy-212-linked-detail-quiz-3b-asy-remotely-proctored-general-physics-with-calculus-ph-212-400-u2026.fulltext.txt,markdown/00639-phy-212-linked-detail-quiz-3b-asy-remotely-proctored-general-physics-with-calculus-ph-212-400-u2026.md,,metadata/00639-phy-212-linked-detail-quiz-3b-asy-remotely-proctored-general-physics-with-calculus-ph-212-400-u2026.json,910d8340aff5c992331d1a80ba82bb0ede232e2d95f6866362abb131fc24068e,2f1608fbaa8aed6388502253071db7141f03923bc640821fe9e8332b6d6dc9cd,2026-07-30T20:51:52.063Z,1,34,2,0,0,0
00640-phy-212-linked-detail-quiz-3b-asy-work,2053526,PHY-212,linked_detail,linked_detail,https://canvas.oregonstate.edu/courses/2053526/assignments/10557119,https://canvas.oregonstate.edu/courses/2053526/assignments/10557119,Quiz 3B_asy_work,assignment,10557119,2,,,raw_html/00640-phy-212-linked-detail-quiz-3b-asy-work.html,text/00640-phy-212-linked-detail-quiz-3b-asy-work.txt,text/00640-phy-212-linked-detail-quiz-3b-asy-work.fulltext.txt,markdown/00640-phy-212-linked-detail-quiz-3b-asy-work.md,,metadata/00640-phy-212-linked-detail-quiz-3b-asy-work.json,24640bfe4152389fcf6f8934aa3f0593507396e1a6703f52562208f63b98d5ff,52ed9b0602b3e724bd399681f3e0c88326c60ccbb75d3a6210a791d79097b5cc,2026-07-30T20:51:54.359Z,2,59,2,0,0,0
00641-phy-212-linked-detail-quiz-3a,2053526,PHY-212,linked_detail,linked_detail,https://canvas.oregonstate.edu/courses/2053526/assignments/10557114,https://canvas.oregonstate.edu/courses/2053526/assignments/10557114,Quiz 3A,assignment,10557114,2,,,raw_html/00641-phy-212-linked-detail-quiz-3a.html,text/00641-phy-212-linked-detail-quiz-3a.txt,text/00641-phy-212-linked-detail-quiz-3a.fulltext.txt,markdown/00641-phy-212-linked-detail-quiz-3a.md,,metadata/00641-phy-212-linked-detail-quiz-3a.json,924fd821c7c2075df495ac463a53d9cd622fcbfb7e5c2ab50b48ebcc072ea9cf,768e8a67a94f67e04c399c2d38777491ce8ad9c68521c261bd306b2c52b5bd32,2026-07-30T20:51:56.811Z,2,59,2,0,0,0
00642-phy-212-linked-detail-quiz-3a-6pm,2053526,PHY-212,linked_detail,linked_detail,https://canvas.oregonstate.edu/courses/2053526/assignments/10557115,https://canvas.oregonstate.edu/courses/2053526/assignments/10557115,Quiz 3A_6pm,assignment,10557115,2,,,raw_html/00642-phy-212-linked-detail-quiz-3a-6pm.html,text/00642-phy-212-linked-detail-quiz-3a-6pm.txt,text/00642-phy-212-linked-detail-quiz-3a-6pm.fulltext.txt,markdown/00642-phy-212-linked-detail-quiz-3a-6pm.md,,metadata/00642-phy-212-linked-detail-quiz-3a-6pm.json,62ae6ad381d20a447fe1661964c872d338aac6028ae39a328c21c367340afcc0,0441bd5684e1892af0bbf85ec2533c8da9b4e8ab816179297cdc0c5d73da0492,2026-07-30T20:51:59.464Z,2,59,2,0,0,0
00643-phy-212-linked-detail-quiz-3b,2053526,PHY-212,linked_detail,linked_detail,https://canvas.oregonstate.edu/courses/2053526/assignments/10557117,https://canvas.oregonstate.edu/courses/2053526/assignments/10557117,Quiz 3B,assignment,10557117,2,,,raw_html/00643-phy-212-linked-detail-quiz-3b.html,text/00643-phy-212-linked-detail-quiz-3b.txt,text/00643-phy-212-linked-detail-quiz-3b.fulltext.txt,markdown/00643-phy-212-linked-detail-quiz-3b.md,,metadata/00643-phy-212-linked-detail-quiz-3b.json,92678bae3ed7332c55a36004e2783db09ea8db12a57b0b5973f8a760431ce21c,c2a69715aefd09e6db8575b7a8e14eef31cd5136088945cbde3f4536077a0978,2026-07-30T20:52:01.809Z,2,59,2,0,0,0
00644-phy-212-linked-detail-quiz-3b-6pm,2053526,PHY-212,linked_detail,linked_detail,https://canvas.oregonstate.edu/courses/2053526/assignments/10557118,https://canvas.oregonstate.edu/courses/2053526/assignments/10557118,Quiz 3B_6pm,assignment,10557118,2,,,raw_html/00644-phy-212-linked-detail-quiz-3b-6pm.html,text/00644-phy-212-linked-detail-quiz-3b-6pm.txt,text/00644-phy-212-linked-detail-quiz-3b-6pm.fulltext.txt,markdown/00644-phy-212-linked-detail-quiz-3b-6pm.md,,metadata/00644-phy-212-linked-detail-quiz-3b-6pm.json,dc89cb16db8e249575eaff8b2331695e10e808b0043cdbf5376aa603e47fd79f,4bcdc74222d15fb8f9a82289db929e574c6cb9e64a1a591e25c81b7a78fed04f,2026-07-30T20:52:04.167Z,2,59,2,0,0,0
00645-phy-212-linked-detail-topic-lab-5-discussion-lab-group-22,2053526,PHY-212,linked_detail,linked_detail,https://canvas.oregonstate.edu/courses/2053526/discussion_topics/11563807,https://canvas.oregonstate.edu/groups/733396/discussion_topics/11580054,Topic: Lab 5 Discussion - Lab Group 22,discussion,11580054,2,yes,,raw_html/00645-phy-212-linked-detail-topic-lab-5-discussion-lab-group-22.html,text/00645-phy-212-linked-detail-topic-lab-5-discussion-lab-group-22.txt,text/00645-phy-212-linked-detail-topic-lab-5-discussion-lab-group-22.fulltext.txt,markdown/00645-phy-212-linked-detail-topic-lab-5-discussion-lab-group-22.md,,metadata/00645-phy-212-linked-detail-topic-lab-5-discussion-lab-group-22.json,401786052b65f6336d75ff6026531149fdb4c5927984fbf404dd215ac037cc6d,e3b0c44298fc1c149afbf4c8996fb92427ae41e4649b934ca495991b7852b855,2026-07-30T20:52:07.559Z,0,25,2,0,0,0
00646-phy-212-linked-detail-lab-5-extending-a-model-general-physics-with-calculus-ph-212-400-u2026,2053526,PHY-212,linked_detail,linked_detail,https://canvas.oregonstate.edu/courses/2053526/pages/lab-4-extending-a-model,https://canvas.oregonstate.edu/courses/2053526/pages/lab-5-extending-a-model,Lab 5 Extending a Model: GENERAL PHYSICS WITH CALCULUS (PH_212_400_U2026),page,lab-5-extending-a-model,2,yes,,raw_html/00646-phy-212-linked-detail-lab-5-extending-a-model-general-physics-with-calculus-ph-212-400-u2026.html,text/00646-phy-212-linked-detail-lab-5-extending-a-model-general-physics-with-calculus-ph-212-400-u2026.txt,text/00646-phy-212-linked-detail-lab-5-extending-a-model-general-physics-with-calculus-ph-212-400-u2026.fulltext.txt,markdown/00646-phy-212-linked-detail-lab-5-extending-a-model-general-physics-with-calculus-ph-212-400-u2026.md,,metadata/00646-phy-212-linked-detail-lab-5-extending-a-model-general-physics-with-calculus-ph-212-400-u2026.json,d7741c8065987177c1b73f615129e96b6031bd83e79987c84825ea670da55ad2,c20a9cda90198662d772b658b7f0557672cffbe339edbce2922444d4fb49d460,2026-07-30T20:52:11.169Z,14,37,2,0,0,0
00647-phy-212-linked-detail-lab-5-group-report,2053526,PHY-212,linked_detail,linked_detail,https://canvas.oregonstate.edu/courses/2053526/assignments/10557061,https://canvas.oregonstate.edu/courses/2053526/assignments/10557061,Lab 5 Group report,assignment,10557061,2,,yes,raw_html/00647-phy-212-linked-detail-lab-5-group-report.html,text/00647-phy-212-linked-detail-lab-5-group-report.txt,text/00647-phy-212-linked-detail-lab-5-group-report.fulltext.txt,markdown/00647-phy-212-linked-detail-lab-5-group-report.md,,metadata/00647-phy-212-linked-detail-lab-5-group-report.json,c61d67ef72f683a0b66ca502f8c9a139e65ff52de9e1d40b033041ae0435c1b6,79fc214aa2b555c7dd84dad163d4e3065589f2fcc890ff36ca8514b76ce7f4e1,2026-07-30T20:52:13.760Z,3,60,2,0,0,0
00648-phy-212-linked-detail-lab-group-check-in-survey-lab-5-general-physics-with-calculus-ph-212-400-u2026,2053526,PHY-212,linked_detail,linked_detail,https://canvas.oregonstate.edu/courses/2053526/quizzes/3160466/take?user_id=6660414,https://canvas.oregonstate.edu/courses/2053526/quizzes/3160466/take?user_id=6660414,Lab Group Check-In Survey (Lab 5): GENERAL PHYSICS WITH CALCULUS (PH_212_400_U2026),quiz,3160466,2,,,raw_html/00648-phy-212-linked-detail-lab-group-check-in-survey-lab-5-general-physics-with-calculus-ph-212-400-u2026.html,text/00648-phy-212-linked-detail-lab-group-check-in-survey-lab-5-general-physics-with-calculus-ph-212-400-u2026.txt,text/00648-phy-212-linked-detail-lab-group-check-in-survey-lab-5-general-physics-with-calculus-ph-212-400-u2026.fulltext.txt,markdown/00648-phy-212-linked-detail-lab-group-check-in-survey-lab-5-general-physics-with-calculus-ph-212-400-u2026.md,,metadata/00648-phy-212-linked-detail-lab-group-check-in-survey-lab-5-general-physics-with-calculus-ph-212-400-u2026.json,b214008cdd7b0e8dea4abed76fa79a6409b107c152acff459e346ee28e1563ae,9323d7ea8f2e4bdf25f17dfb47dda2a06f8d531a68a6a2f5fd98f02c844235d3,2026-07-30T20:52:16.208Z,2,35,2,0,0,0
00649-phy-212-linked-detail-topic-capstone-lab-week-1-discussion-lab-group-22,2053526,PHY-212,linked_detail,linked_detail,https://canvas.oregonstate.edu/courses/2053526/discussion_topics/11563803,https://canvas.oregonstate.edu/groups/733396/discussion_topics/11579965,Topic: Capstone Lab Week 1 Discussion - Lab Group 22,discussion,11579965,2,yes,,raw_html/00649-phy-212-linked-detail-topic-capstone-lab-week-1-discussion-lab-group-22.html,text/00649-phy-212-linked-detail-topic-capstone-lab-week-1-discussion-lab-group-22.txt,text/00649-phy-212-linked-detail-topic-capstone-lab-week-1-discussion-lab-group-22.fulltext.txt,markdown/00649-phy-212-linked-detail-topic-capstone-lab-week-1-discussion-lab-group-22.md,,metadata/00649-phy-212-linked-detail-topic-capstone-lab-week-1-discussion-lab-group-22.json,1245e56725828b5d6c8c9b534af7a18ed4823f97a6ecf49d211bdac354c42cec,adc5423113eaac659e22212b57fda5f795d37bc72312ed63496f216953e386dd,2026-07-30T20:52:23.362Z,6,34,2,0,0,0
00650-phy-212-linked-detail-capstone-design-an-experiment-general-physics-with-calculus-ph-212-400-u2026,2053526,PHY-212,linked_detail,linked_detail,https://canvas.oregonstate.edu/courses/2053526/pages/capstone-design-an-experiment,https://canvas.oregonstate.edu/courses/2053526/pages/capstone-design-an-experiment,Capstone - Design an Experiment: GENERAL PHYSICS WITH CALCULUS (PH_212_400_U2026),page,capstone-design-an-experiment,2,,,raw_html/00650-phy-212-linked-detail-capstone-design-an-experiment-general-physics-with-calculus-ph-212-400-u2026.html,text/00650-phy-212-linked-detail-capstone-design-an-experiment-general-physics-with-calculus-ph-212-400-u2026.txt,text/00650-phy-212-linked-detail-capstone-design-an-experiment-general-physics-with-calculus-ph-212-400-u2026.fulltext.txt,markdown/00650-phy-212-linked-detail-capstone-design-an-experiment-general-physics-with-calculus-ph-212-400-u2026.md,,metadata/00650-phy-212-linked-detail-capstone-design-an-experiment-general-physics-with-calculus-ph-212-400-u2026.json,6e201dcce836f329e76b037218f7b7db23662b11c4425fedba7809493c8ece40,d9990667ee95e32f923ac4b0cba6d10b8504f9f2f946963e0968b2cd457d277b,2026-07-30T20:52:26.117Z,14,43,2,0,0,0
00651-phy-212-linked-detail-capstone-lab-week-1-group-report,2053526,PHY-212,linked_detail,linked_detail,https://canvas.oregonstate.edu/courses/2053526/assignments/10557047,https://canvas.oregonstate.edu/courses/2053526/assignments/10557047,Capstone Lab Week 1 Group Report,assignment,10557047,2,,yes,raw_html/00651-phy-212-linked-detail-capstone-lab-week-1-group-report.html,text/00651-phy-212-linked-detail-capstone-lab-week-1-group-report.txt,text/00651-phy-212-linked-detail-capstone-lab-week-1-group-report.fulltext.txt,markdown/00651-phy-212-linked-detail-capstone-lab-week-1-group-report.md,,metadata/00651-phy-212-linked-detail-capstone-lab-week-1-group-report.json,55fde7265304199718dc21dd2eda61129e54902fc01431d3e451ddeff433e9bb,ef8b1ee240c2696a20c9202c05d0e9ebeb6bf49d488406aff2a72769c455dfd8,2026-07-30T20:52:28.610Z,3,60,2,0,0,0
00652-phy-212-linked-detail-topic-capstone-lab-week-2-discussion-lab-group-22,2053526,PHY-212,linked_detail,linked_detail,https://canvas.oregonstate.edu/courses/2053526/discussion_topics/11563814,https://canvas.oregonstate.edu/groups/733396/discussion_topics/11579985,Topic: Capstone Lab Week 2 Discussion - Lab Group 22,discussion,11579985,2,yes,,raw_html/00652-phy-212-linked-detail-topic-capstone-lab-week-2-discussion-lab-group-22.html,text/00652-phy-212-linked-detail-topic-capstone-lab-week-2-discussion-lab-group-22.txt,text/00652-phy-212-linked-detail-topic-capstone-lab-week-2-discussion-lab-group-22.fulltext.txt,markdown/00652-phy-212-linked-detail-topic-capstone-lab-week-2-discussion-lab-group-22.md,,metadata/00652-phy-212-linked-detail-topic-capstone-lab-week-2-discussion-lab-group-22.json,e2a52984257bba1b624f44213eeae571f243b596fff8adf4640569e6c3723026,e3b0c44298fc1c149afbf4c8996fb92427ae41e4649b934ca495991b7852b855,2026-07-30T20:52:31.501Z,0,25,2,0,0,0
00653-phy-212-linked-detail-capstone-lab-week-2-group-report,2053526,PHY-212,linked_detail,linked_detail,https://canvas.oregonstate.edu/courses/2053526/assignments/10557046,https://canvas.oregonstate.edu/courses/2053526/assignments/10557046,Capstone Lab Week 2 Group Report,assignment,10557046,2,,,raw_html/00653-phy-212-linked-detail-capstone-lab-week-2-group-report.html,text/00653-phy-212-linked-detail-capstone-lab-week-2-group-report.txt,text/00653-phy-212-linked-detail-capstone-lab-week-2-group-report.fulltext.txt,markdown/00653-phy-212-linked-detail-capstone-lab-week-2-group-report.md,,metadata/00653-phy-212-linked-detail-capstone-lab-week-2-group-report.json,aae460e55c06d4adb121599c49fdd52eba43bacfe026b7cfccf39c97de9c39b0,9824827868ed13a8d5f004869b5a62a357ed72cdcfee4843c4323f39a3721aea,2026-07-30T20:52:34.010Z,2,59,2,0,0,0
00654-mth-252-linked-detail-page-not-found,2080857,MTH-252,linked_detail,linked_detail,https://canvas.oregonstate.edu/courses/2080857/quizzes/3167659/questions/59174680,https://canvas.oregonstate.edu/courses/2080857/quizzes/3167659/questions/59174680,Page Not Found,quiz,3167659,3,,,raw_html/00654-mth-252-linked-detail-page-not-found.html,text/00654-mth-252-linked-detail-page-not-found.txt,text/00654-mth-252-linked-detail-page-not-found.fulltext.txt,markdown/00654-mth-252-linked-detail-page-not-found.md,,metadata/00654-mth-252-linked-detail-page-not-found.json,dc05e9e66b00fdc3c0fefeed96ed015ade776bbd066c33f7a5e206a3c7e99320,1f3cad7f917aec981713b153906f275d6d7a2e253849ec562fee4847f84aa6ab,2026-07-30T20:52:36.008Z,2,22,2,0,0,0
00655-mth-252-linked-detail-upper-lower-left-and-right-sums,2080857,MTH-252,linked_detail,linked_detail,https://canvas.oregonstate.edu/courses/2080857/modules/items/26982658,https://canvas.oregonstate.edu/courses/2080857/modules/items/26982658,"Upper, Lower, Left, and Right Sums",module_item,26982658,3,,,raw_html/00655-mth-252-linked-detail-upper-lower-left-and-right-sums.html,text/00655-mth-252-linked-detail-upper-lower-left-and-right-sums.txt,text/00655-mth-252-linked-detail-upper-lower-left-and-right-sums.fulltext.txt,markdown/00655-mth-252-linked-detail-upper-lower-left-and-right-sums.md,,metadata/00655-mth-252-linked-detail-upper-lower-left-and-right-sums.json,c468f700826e5d5bde8933fcc4ee3138ca434c33275e6e324ffbbf46e76b74e9,6d539ec0964f1f8375011addfb7797e6df9ccb87e7bea89b342bf7aca54863f0,2026-07-30T20:52:37.911Z,1,30,2,0,0,0
00656-mth-252-linked-detail-indefinite-integral-log,2080857,MTH-252,linked_detail,linked_detail,https://canvas.oregonstate.edu/courses/2080857/modules/items/26982728,https://canvas.oregonstate.edu/courses/2080857/modules/items/26982728,Indefinite integral: log,module_item,26982728,3,,,raw_html/00656-mth-252-linked-detail-indefinite-integral-log.html,text/00656-mth-252-linked-detail-indefinite-integral-log.txt,text/00656-mth-252-linked-detail-indefinite-integral-log.fulltext.txt,markdown/00656-mth-252-linked-detail-indefinite-integral-log.md,,metadata/00656-mth-252-linked-detail-indefinite-integral-log.json,4b140a00ee425fc33f249b89ac69d20f3f9bca5702e3d31fffe9b13e72dbd872,b64242aab9933262d90ecba155e661c0f31d9c45d87a44994798cb891d293b06,2026-07-30T20:52:39.957Z,1,30,2,0,0,0
00657-mth-252-linked-detail-intro-trigonometric-integrals-with-an-odd-power,2080857,MTH-252,linked_detail,linked_detail,https://canvas.oregonstate.edu/courses/2080857/modules/items/26982732,https://canvas.oregonstate.edu/courses/2080857/modules/items/26982732,Intro. Trigonometric integrals with an ODD power,module_item,26982732,3,,,raw_html/00657-mth-252-linked-detail-intro-trigonometric-integrals-with-an-odd-power.html,text/00657-mth-252-linked-detail-intro-trigonometric-integrals-with-an-odd-power.txt,text/00657-mth-252-linked-detail-intro-trigonometric-integrals-with-an-odd-power.fulltext.txt,markdown/00657-mth-252-linked-detail-intro-trigonometric-integrals-with-an-odd-power.md,,metadata/00657-mth-252-linked-detail-intro-trigonometric-integrals-with-an-odd-power.json,8d70b9e48f07b33998e7e9ae419df79531283804465c5dbaa72cb5c3bbc5365e,7c22978eae967ec07baeb0d231b8589c3d2be1b8e40d23d9fb3cceb2741876a9,2026-07-30T20:52:41.959Z,1,30,2,0,0,0
00658-phy-212-linked-detail-hw-1-rotational-motion-general-physics-with-calculus-ph-212-400-u2026,2053526,PHY-212,linked_detail,linked_detail,https://canvas.oregonstate.edu/courses/2053526/quizzes/3160489/take?user_id=6660414,https://canvas.oregonstate.edu/courses/2053526/quizzes/3160489/take?user_id=6660414,Hw 1 - Rotational Motion: GENERAL PHYSICS WITH CALCULUS (PH_212_400_U2026),quiz,3160489,3,,,raw_html/00658-phy-212-linked-detail-hw-1-rotational-motion-general-physics-with-calculus-ph-212-400-u2026.html,text/00658-phy-212-linked-detail-hw-1-rotational-motion-general-physics-with-calculus-ph-212-400-u2026.txt,text/00658-phy-212-linked-detail-hw-1-rotational-motion-general-physics-with-calculus-ph-212-400-u2026.fulltext.txt,markdown/00658-phy-212-linked-detail-hw-1-rotational-motion-general-physics-with-calculus-ph-212-400-u2026.md,,metadata/00658-phy-212-linked-detail-hw-1-rotational-motion-general-physics-with-calculus-ph-212-400-u2026.json,0c8d861e1ecc25f83a93112908a04badc643d95bd0dbcd011d085f70dd6f2973,d84b47cc4b7cf7b62046d6607a1def42826f4751eb42db1dbbc7586c71012d6b,2026-07-30T20:52:44.616Z,2,82,2,0,0,0
00659-phy-212-linked-detail-jacob-peterson-s-quiz-history-hw-1-rotational-motion,2053526,PHY-212,linked_detail,linked_detail,https://canvas.oregonstate.edu/courses/2053526/quizzes/3160489/history?version=2,https://canvas.oregonstate.edu/courses/2053526/quizzes/3160489/history?version=2,Jacob Peterson's Quiz History: Hw 1 - Rotational Motion,quiz,3160489,3,,,raw_html/00659-phy-212-linked-detail-jacob-peterson-s-quiz-history-hw-1-rotational-motion.html,text/00659-phy-212-linked-detail-jacob-peterson-s-quiz-history-hw-1-rotational-motion.txt,text/00659-phy-212-linked-detail-jacob-peterson-s-quiz-history-hw-1-rotational-motion.fulltext.txt,markdown/00659-phy-212-linked-detail-jacob-peterson-s-quiz-history-hw-1-rotational-motion.md,,metadata/00659-phy-212-linked-detail-jacob-peterson-s-quiz-history-hw-1-rotational-motion.json,2e03a7f38c04ade1802189cc32dd7d5c9098d7f9924a794fe38c421d965021c1,8148795bbc73b1ca9570a4e75ae05ff76e2b3eeac9c78a55a899bbc229286630,2026-07-30T20:52:47.566Z,1,82,2,0,0,0
00660-phy-212-linked-detail-jacob-peterson-s-quiz-history-hw-1-rotational-motion,2053526,PHY-212,linked_detail,linked_detail,https://canvas.oregonstate.edu/courses/2053526/quizzes/3160489/history?version=1,https://canvas.oregonstate.edu/courses/2053526/quizzes/3160489/history?version=1,Jacob Peterson's Quiz History: Hw 1 - Rotational Motion,quiz,3160489,3,,,raw_html/00660-phy-212-linked-detail-jacob-peterson-s-quiz-history-hw-1-rotational-motion.html,text/00660-phy-212-linked-detail-jacob-peterson-s-quiz-history-hw-1-rotational-motion.txt,text/00660-phy-212-linked-detail-jacob-peterson-s-quiz-history-hw-1-rotational-motion.fulltext.txt,markdown/00660-phy-212-linked-detail-jacob-peterson-s-quiz-history-hw-1-rotational-motion.md,,metadata/00660-phy-212-linked-detail-jacob-peterson-s-quiz-history-hw-1-rotational-motion.json,fcee63732297e9608468852db6b2eb2a8c16b89d243efd8c05fce521da8d7bcf,d09d38d04f19d9b41e5538ac40b13b6ce1c20509aee1f615c21fc9683901c50b,2026-07-30T20:52:50.912Z,1,82,2,0,0,0
00661-phy-212-linked-detail-hw-1-rotational-motion-general-physics-with-calculus-ph-212-400-u2026,2053526,PHY-212,linked_detail,linked_detail,https://canvas.oregonstate.edu/courses/2053526/quizzes/3160489#,https://canvas.oregonstate.edu/courses/2053526/quizzes/3160489#,Hw 1 - Rotational Motion: GENERAL PHYSICS WITH CALCULUS (PH_212_400_U2026),quiz,3160489,3,,,raw_html/00661-phy-212-linked-detail-hw-1-rotational-motion-general-physics-with-calculus-ph-212-400-u2026.html,text/00661-phy-212-linked-detail-hw-1-rotational-motion-general-physics-with-calculus-ph-212-400-u2026.txt,text/00661-phy-212-linked-detail-hw-1-rotational-motion-general-physics-with-calculus-ph-212-400-u2026.fulltext.txt,markdown/00661-phy-212-linked-detail-hw-1-rotational-motion-general-physics-with-calculus-ph-212-400-u2026.md,,metadata/00661-phy-212-linked-detail-hw-1-rotational-motion-general-physics-with-calculus-ph-212-400-u2026.json,93b53d79a6c3542b7e09aeeb7ddea8727566fc71d22278a4195a6b70656fbcfc,b8fc98c6a3d4076972685c089862923a199d0c872ed9a227df21c7af903841fa,2026-07-30T20:52:54.673Z,2,82,2,0,0,0
00662-phy-212-linked-detail-unauthorized,2053526,PHY-212,linked_detail,linked_detail,https://canvas.oregonstate.edu/courses/2053526/quizzes/3160489/questions/59026233,https://canvas.oregonstate.edu/courses/2053526/quizzes/3160489/questions/59026233,Unauthorized,quiz,3160489,3,,,raw_html/00662-phy-212-linked-detail-unauthorized.html,text/00662-phy-212-linked-detail-unauthorized.txt,text/00662-phy-212-linked-detail-unauthorized.fulltext.txt,markdown/00662-phy-212-linked-detail-unauthorized.md,,metadata/00662-phy-212-linked-detail-unauthorized.json,4cc496bc750c3281f2a00b14e3d217798c356d673032cebe4a3ddc185020ef3e,2b62e20d47d477eacda81c2beef0dbb06e7f4e1a1021b68e5f70be2917f36f5b,2026-07-30T20:52:56.958Z,1,13,2,0,0,0
00663-phy-212-linked-detail-unauthorized,2053526,PHY-212,linked_detail,linked_detail,https://canvas.oregonstate.edu/courses/2053526/quizzes/3160489/questions/59026234,https://canvas.oregonstate.edu/courses/2053526/quizzes/3160489/questions/59026234,Unauthorized,quiz,3160489,3,,,raw_html/00663-phy-212-linked-detail-unauthorized.html,text/00663-phy-212-linked-detail-unauthorized.txt,text/00663-phy-212-linked-detail-unauthorized.fulltext.txt,markdown/00663-phy-212-linked-detail-unauthorized.md,,metadata/00663-phy-212-linked-detail-unauthorized.json,a239aaf85561951ea76808145aa23fb589124bcfe9cb76240f2b6f2b23c08d51,2b62e20d47d477eacda81c2beef0dbb06e7f4e1a1021b68e5f70be2917f36f5b,2026-07-30T20:52:58.915Z,1,13,2,0,0,0
00664-phy-212-linked-detail-unauthorized,2053526,PHY-212,linked_detail,linked_detail,https://canvas.oregonstate.edu/courses/2053526/quizzes/3160489/questions/59026235,https://canvas.oregonstate.edu/courses/2053526/quizzes/3160489/questions/59026235,Unauthorized,quiz,3160489,3,,,raw_html/00664-phy-212-linked-detail-unauthorized.html,text/00664-phy-212-linked-detail-unauthorized.txt,text/00664-phy-212-linked-detail-unauthorized.fulltext.txt,markdown/00664-phy-212-linked-detail-unauthorized.md,,metadata/00664-phy-212-linked-detail-unauthorized.json,f3fc5eb78272d3cead5d5767c86931d9e0995520b742cefe879328133abf996f,2b62e20d47d477eacda81c2beef0dbb06e7f4e1a1021b68e5f70be2917f36f5b,2026-07-30T20:53:01.113Z,1,13,2,0,0,0
00665-phy-212-linked-detail-unauthorized,2053526,PHY-212,linked_detail,linked_detail,https://canvas.oregonstate.edu/courses/2053526/quizzes/3160489/questions/59026236,https://canvas.oregonstate.edu/courses/2053526/quizzes/3160489/questions/59026236,Unauthorized,quiz,3160489,3,,,raw_html/00665-phy-212-linked-detail-unauthorized.html,text/00665-phy-212-linked-detail-unauthorized.txt,text/00665-phy-212-linked-detail-unauthorized.fulltext.txt,markdown/00665-phy-212-linked-detail-unauthorized.md,,metadata/00665-phy-212-linked-detail-unauthorized.json,9f92a523b7355a3d21c62fe4fae8fba2b8854d0bf61d7ed0439a68a7e6b0fb21,2b62e20d47d477eacda81c2beef0dbb06e7f4e1a1021b68e5f70be2917f36f5b,2026-07-30T20:53:03.108Z,1,13,2,0,0,0
00666-phy-212-linked-detail-unauthorized,2053526,PHY-212,linked_detail,linked_detail,https://canvas.oregonstate.edu/courses/2053526/quizzes/3160489/questions/59026237,https://canvas.oregonstate.edu/courses/2053526/quizzes/3160489/questions/59026237,Unauthorized,quiz,3160489,3,,,raw_html/00666-phy-212-linked-detail-unauthorized.html,text/00666-phy-212-linked-detail-unauthorized.txt,text/00666-phy-212-linked-detail-unauthorized.fulltext.txt,markdown/00666-phy-212-linked-detail-unauthorized.md,,metadata/00666-phy-212-linked-detail-unauthorized.json,10ad719083fd5ec1e6cf65f528b5e12f3f297eb96830952642d06394f99deba1,2b62e20d47d477eacda81c2beef0dbb06e7f4e1a1021b68e5f70be2917f36f5b,2026-07-30T20:53:05.063Z,1,13,2,0,0,0
00667-phy-212-linked-detail-unauthorized,2053526,PHY-212,linked_detail,linked_detail,https://canvas.oregonstate.edu/courses/2053526/quizzes/3160489/questions/59026238,https://canvas.oregonstate.edu/courses/2053526/quizzes/3160489/questions/59026238,Unauthorized,quiz,3160489,3,,,raw_html/00667-phy-212-linked-detail-unauthorized.html,text/00667-phy-212-linked-detail-unauthorized.txt,text/00667-phy-212-linked-detail-unauthorized.fulltext.txt,markdown/00667-phy-212-linked-detail-unauthorized.md,,metadata/00667-phy-212-linked-detail-unauthorized.json,2b550b707ab59ae570c2c6830be0d4e491b700a6d9e96b9dc617697ff1a3d855,2b62e20d47d477eacda81c2beef0dbb06e7f4e1a1021b68e5f70be2917f36f5b,2026-07-30T20:53:07.007Z,1,13,2,0,0,0
00668-phy-212-linked-detail-unauthorized,2053526,PHY-212,linked_detail,linked_detail,https://canvas.oregonstate.edu/courses/2053526/quizzes/3160489/questions/59026239,https://canvas.oregonstate.edu/courses/2053526/quizzes/3160489/questions/59026239,Unauthorized,quiz,3160489,3,,,raw_html/00668-phy-212-linked-detail-unauthorized.html,text/00668-phy-212-linked-detail-unauthorized.txt,text/00668-phy-212-linked-detail-unauthorized.fulltext.txt,markdown/00668-phy-212-linked-detail-unauthorized.md,,metadata/00668-phy-212-linked-detail-unauthorized.json,a73e519cad3a47676bf8b0238e3722f7f25c0d0af5dc43a5b041002f0b6c251c,2b62e20d47d477eacda81c2beef0dbb06e7f4e1a1021b68e5f70be2917f36f5b,2026-07-30T20:53:09.263Z,1,13,2,0,0,0
00669-phy-212-linked-detail-unauthorized,2053526,PHY-212,linked_detail,linked_detail,https://canvas.oregonstate.edu/courses/2053526/quizzes/3160489/questions/59026240,https://canvas.oregonstate.edu/courses/2053526/quizzes/3160489/questions/59026240,Unauthorized,quiz,3160489,3,,,raw_html/00669-phy-212-linked-detail-unauthorized.html,text/00669-phy-212-linked-detail-unauthorized.txt,text/00669-phy-212-linked-detail-unauthorized.fulltext.txt,markdown/00669-phy-212-linked-detail-unauthorized.md,,metadata/00669-phy-212-linked-detail-unauthorized.json,1655d8450666980c968e50ee9ad2a0608b6c620ca602aa1b6033322d3ca93eba,2b62e20d47d477eacda81c2beef0dbb06e7f4e1a1021b68e5f70be2917f36f5b,2026-07-30T20:53:11.257Z,1,13,2,0,0,0
00670-phy-212-linked-detail-unauthorized,2053526,PHY-212,linked_detail,linked_detail,https://canvas.oregonstate.edu/courses/2053526/quizzes/3160489/questions/59026241,https://canvas.oregonstate.edu/courses/2053526/quizzes/3160489/questions/59026241,Unauthorized,quiz,3160489,3,,,raw_html/00670-phy-212-linked-detail-unauthorized.html,text/00670-phy-212-linked-detail-unauthorized.txt,text/00670-phy-212-linked-detail-unauthorized.fulltext.txt,markdown/00670-phy-212-linked-detail-unauthorized.md,,metadata/00670-phy-212-linked-detail-unauthorized.json,c8e2b461d98593adce650c55f41c20e2e59730137b57c67df6bfa00fa042f8e2,2b62e20d47d477eacda81c2beef0dbb06e7f4e1a1021b68e5f70be2917f36f5b,2026-07-30T20:53:13.207Z,1,13,2,0,0,0
00671-phy-212-linked-detail-unauthorized,2053526,PHY-212,linked_detail,linked_detail,https://canvas.oregonstate.edu/courses/2053526/quizzes/3160489/questions/59026242,https://canvas.oregonstate.edu/courses/2053526/quizzes/3160489/questions/59026242,Unauthorized,quiz,3160489,3,,,raw_html/00671-phy-212-linked-detail-unauthorized.html,text/00671-phy-212-linked-detail-unauthorized.txt,text/00671-phy-212-linked-detail-unauthorized.fulltext.txt,markdown/00671-phy-212-linked-detail-unauthorized.md,,metadata/00671-phy-212-linked-detail-unauthorized.json,04da82fc10dceee2334038da194c6d9495cbc0b6f5abb1770312ab8e2c05dd63,2b62e20d47d477eacda81c2beef0dbb06e7f4e1a1021b68e5f70be2917f36f5b,2026-07-30T20:53:15.208Z,1,13,2,0,0,0
00672-phy-212-linked-detail-unauthorized,2053526,PHY-212,linked_detail,linked_detail,https://canvas.oregonstate.edu/courses/2053526/quizzes/3160489/questions/59026243,https://canvas.oregonstate.edu/courses/2053526/quizzes/3160489/questions/59026243,Unauthorized,quiz,3160489,3,,,raw_html/00672-phy-212-linked-detail-unauthorized.html,text/00672-phy-212-linked-detail-unauthorized.txt,text/00672-phy-212-linked-detail-unauthorized.fulltext.txt,markdown/00672-phy-212-linked-detail-unauthorized.md,,metadata/00672-phy-212-linked-detail-unauthorized.json,712a19f99464a1626e8968f1dc67832b8ed293e87e435adcbc05126ad3e652aa,2b62e20d47d477eacda81c2beef0dbb06e7f4e1a1021b68e5f70be2917f36f5b,2026-07-30T20:53:17.108Z,1,13,2,0,0,0
00673-phy-212-linked-detail-unauthorized,2053526,PHY-212,linked_detail,linked_detail,https://canvas.oregonstate.edu/courses/2053526/quizzes/3160489/questions/59026244,https://canvas.oregonstate.edu/courses/2053526/quizzes/3160489/questions/59026244,Unauthorized,quiz,3160489,3,,,raw_html/00673-phy-212-linked-detail-unauthorized.html,text/00673-phy-212-linked-detail-unauthorized.txt,text/00673-phy-212-linked-detail-unauthorized.fulltext.txt,markdown/00673-phy-212-linked-detail-unauthorized.md,,metadata/00673-phy-212-linked-detail-unauthorized.json,878e021130d1cf7c4af5cf507a51453569fc2584f110c0eb5acb7a4f797615f9,2b62e20d47d477eacda81c2beef0dbb06e7f4e1a1021b68e5f70be2917f36f5b,2026-07-30T20:53:18.956Z,1,13,2,0,0,0
00674-phy-212-linked-detail-unauthorized,2053526,PHY-212,linked_detail,linked_detail,https://canvas.oregonstate.edu/courses/2053526/quizzes/3160489/questions/59026245,https://canvas.oregonstate.edu/courses/2053526/quizzes/3160489/questions/59026245,Unauthorized,quiz,3160489,3,,,raw_html/00674-phy-212-linked-detail-unauthorized.html,text/00674-phy-212-linked-detail-unauthorized.txt,text/00674-phy-212-linked-detail-unauthorized.fulltext.txt,markdown/00674-phy-212-linked-detail-unauthorized.md,,metadata/00674-phy-212-linked-detail-unauthorized.json,5a4e66691a33ad44838a32b25a52606d814e9be8f2b6025aeadad91359b9c800,2b62e20d47d477eacda81c2beef0dbb06e7f4e1a1021b68e5f70be2917f36f5b,2026-07-30T20:53:20.956Z,1,13,2,0,0,0
00675-phy-212-linked-detail-unauthorized,2053526,PHY-212,linked_detail,linked_detail,https://canvas.oregonstate.edu/courses/2053526/quizzes/3160489/questions/59026246,https://canvas.oregonstate.edu/courses/2053526/quizzes/3160489/questions/59026246,Unauthorized,quiz,3160489,3,,,raw_html/00675-phy-212-linked-detail-unauthorized.html,text/00675-phy-212-linked-detail-unauthorized.txt,text/00675-phy-212-linked-detail-unauthorized.fulltext.txt,markdown/00675-phy-212-linked-detail-unauthorized.md,,metadata/00675-phy-212-linked-detail-unauthorized.json,057cd0ed9fc0c0aad25bd759c5d041beba4dd4545532e1b6b1f7c8ee538cb850,2b62e20d47d477eacda81c2beef0dbb06e7f4e1a1021b68e5f70be2917f36f5b,2026-07-30T20:53:22.959Z,1,13,2,0,0,0
00676-phy-212-linked-detail-unauthorized,2053526,PHY-212,linked_detail,linked_detail,https://canvas.oregonstate.edu/courses/2053526/quizzes/3160489/questions/59026247,https://canvas.oregonstate.edu/courses/2053526/quizzes/3160489/questions/59026247,Unauthorized,quiz,3160489,3,,,raw_html/00676-phy-212-linked-detail-unauthorized.html,text/00676-phy-212-linked-detail-unauthorized.txt,text/00676-phy-212-linked-detail-unauthorized.fulltext.txt,markdown/00676-phy-212-linked-detail-unauthorized.md,,metadata/00676-phy-212-linked-detail-unauthorized.json,55e304a350684fb8e9ecd1b350d2d930d72ed842c03578e265edb362b8f5214a,2b62e20d47d477eacda81c2beef0dbb06e7f4e1a1021b68e5f70be2917f36f5b,2026-07-30T20:53:25.205Z,1,13,2,0,0,0
00677-phy-212-linked-detail-hw-2-rotational-dynamics-general-physics-with-calculus-ph-212-400-u2026,2053526,PHY-212,linked_detail,linked_detail,https://canvas.oregonstate.edu/courses/2053526/quizzes/3160444/take?user_id=6660414,https://canvas.oregonstate.edu/courses/2053526/quizzes/3160444/take?user_id=6660414,Hw 2 - Rotational Dynamics: GENERAL PHYSICS WITH CALCULUS (PH_212_400_U2026),quiz,3160444,3,,,raw_html/00677-phy-212-linked-detail-hw-2-rotational-dynamics-general-physics-with-calculus-ph-212-400-u2026.html,text/00677-phy-212-linked-detail-hw-2-rotational-dynamics-general-physics-with-calculus-ph-212-400-u2026.txt,text/00677-phy-212-linked-detail-hw-2-rotational-dynamics-general-physics-with-calculus-ph-212-400-u2026.fulltext.txt,markdown/00677-phy-212-linked-detail-hw-2-rotational-dynamics-general-physics-with-calculus-ph-212-400-u2026.md,,metadata/00677-phy-212-linked-detail-hw-2-rotational-dynamics-general-physics-with-calculus-ph-212-400-u2026.json,982f5b39660962ce94c2cf81bf797ba9ad6c44f79c7c30d2ffcda0d1f86799f3,0b0ecd179ba466d3fbf9c90cd7b40bbf66bfadc95b199ed9e762e7bb9a9cf97d,2026-07-30T20:53:29.045Z,2,75,2,0,0,0
00678-phy-212-linked-detail-jacob-peterson-s-quiz-history-hw-2-rotational-dynamics,2053526,PHY-212,linked_detail,linked_detail,https://canvas.oregonstate.edu/courses/2053526/quizzes/3160444/history?version=1,https://canvas.oregonstate.edu/courses/2053526/quizzes/3160444/history?version=1,Jacob Peterson's Quiz History: Hw 2 - Rotational Dynamics,quiz,3160444,3,,,raw_html/00678-phy-212-linked-detail-jacob-peterson-s-quiz-history-hw-2-rotational-dynamics.html,text/00678-phy-212-linked-detail-jacob-peterson-s-quiz-history-hw-2-rotational-dynamics.txt,text/00678-phy-212-linked-detail-jacob-peterson-s-quiz-history-hw-2-rotational-dynamics.fulltext.txt,markdown/00678-phy-212-linked-detail-jacob-peterson-s-quiz-history-hw-2-rotational-dynamics.md,,metadata/00678-phy-212-linked-detail-jacob-peterson-s-quiz-history-hw-2-rotational-dynamics.json,ba50ff83cd7f4a7120b7706594f0d946de311188cb57e4c4162c34f719e7b829,8487278b5ff436af3436828e354249e1ebb5b153294d6545b90262baae975fec,2026-07-30T20:53:32.974Z,1,75,2,0,0,0
00679-phy-212-linked-detail-unauthorized,2053526,PHY-212,linked_detail,linked_detail,https://canvas.oregonstate.edu/courses/2053526/quizzes/3160444/questions/59025986,https://canvas.oregonstate.edu/courses/2053526/quizzes/3160444/questions/59025986,Unauthorized,quiz,3160444,3,,,raw_html/00679-phy-212-linked-detail-unauthorized.html,text/00679-phy-212-linked-detail-unauthorized.txt,text/00679-phy-212-linked-detail-unauthorized.fulltext.txt,markdown/00679-phy-212-linked-detail-unauthorized.md,,metadata/00679-phy-212-linked-detail-unauthorized.json,7a7af9d5f853bb3692021cfa42fbff1481c1e69763fbf930372ad103dce62b9b,2b62e20d47d477eacda81c2beef0dbb06e7f4e1a1021b68e5f70be2917f36f5b,2026-07-30T20:53:35.909Z,1,13,2,0,0,0
00680-phy-212-linked-detail-unauthorized,2053526,PHY-212,linked_detail,linked_detail,https://canvas.oregonstate.edu/courses/2053526/quizzes/3160444/questions/59025987,https://canvas.oregonstate.edu/courses/2053526/quizzes/3160444/questions/59025987,Unauthorized,quiz,3160444,3,,,raw_html/00680-phy-212-linked-detail-unauthorized.html,text/00680-phy-212-linked-detail-unauthorized.txt,text/00680-phy-212-linked-detail-unauthorized.fulltext.txt,markdown/00680-phy-212-linked-detail-unauthorized.md,,metadata/00680-phy-212-linked-detail-unauthorized.json,c40c753264c36cf7d3c5925d2b8a1594aaa6982bedeac115bf728178dc18cef5,2b62e20d47d477eacda81c2beef0dbb06e7f4e1a1021b68e5f70be2917f36f5b,2026-07-30T20:53:38.358Z,1,13,2,0,0,0
00681-phy-212-linked-detail-unauthorized,2053526,PHY-212,linked_detail,linked_detail,https://canvas.oregonstate.edu/courses/2053526/quizzes/3160444/questions/59025988,https://canvas.oregonstate.edu/courses/2053526/quizzes/3160444/questions/59025988,Unauthorized,quiz,3160444,3,,,raw_html/00681-phy-212-linked-detail-unauthorized.html,text/00681-phy-212-linked-detail-unauthorized.txt,text/00681-phy-212-linked-detail-unauthorized.fulltext.txt,markdown/00681-phy-212-linked-detail-unauthorized.md,,metadata/00681-phy-212-linked-detail-unauthorized.json,4b2fa6f9e5f90eabcf51f2986cf238bb04ef210a26f672d02f98276adff46cf5,2b62e20d47d477eacda81c2beef0dbb06e7f4e1a1021b68e5f70be2917f36f5b,2026-07-30T20:53:41.057Z,1,13,2,0,0,0
00682-phy-212-linked-detail-unauthorized,2053526,PHY-212,linked_detail,linked_detail,https://canvas.oregonstate.edu/courses/2053526/quizzes/3160444/questions/59025989,https://canvas.oregonstate.edu/courses/2053526/quizzes/3160444/questions/59025989,Unauthorized,quiz,3160444,3,,,raw_html/00682-phy-212-linked-detail-unauthorized.html,text/00682-phy-212-linked-detail-unauthorized.txt,text/00682-phy-212-linked-detail-unauthorized.fulltext.txt,markdown/00682-phy-212-linked-detail-unauthorized.md,,metadata/00682-phy-212-linked-detail-unauthorized.json,d66e2e54a9062878bf96a38c13a77efe5d4cc75181d6f4f513a4dc6f4ca66de3,2b62e20d47d477eacda81c2beef0dbb06e7f4e1a1021b68e5f70be2917f36f5b,2026-07-30T20:53:43.508Z,1,13,2,0,0,0
00683-phy-212-linked-detail-unauthorized,2053526,PHY-212,linked_detail,linked_detail,https://canvas.oregonstate.edu/courses/2053526/quizzes/3160444/questions/59025990,https://canvas.oregonstate.edu/courses/2053526/quizzes/3160444/questions/59025990,Unauthorized,quiz,3160444,3,,,raw_html/00683-phy-212-linked-detail-unauthorized.html,text/00683-phy-212-linked-detail-unauthorized.txt,text/00683-phy-212-linked-detail-unauthorized.fulltext.txt,markdown/00683-phy-212-linked-detail-unauthorized.md,,metadata/00683-phy-212-linked-detail-unauthorized.json,57f090b25958688d12b9972dc2ae816bb8dac48b54ca2d3e1e091d06e1169af9,2b62e20d47d477eacda81c2beef0dbb06e7f4e1a1021b68e5f70be2917f36f5b,2026-07-30T20:53:45.659Z,1,13,2,0,0,0
00684-phy-212-linked-detail-unauthorized,2053526,PHY-212,linked_detail,linked_detail,https://canvas.oregonstate.edu/courses/2053526/quizzes/3160444/questions/59025991,https://canvas.oregonstate.edu/courses/2053526/quizzes/3160444/questions/59025991,Unauthorized,quiz,3160444,3,,,raw_html/00684-phy-212-linked-detail-unauthorized.html,text/00684-phy-212-linked-detail-unauthorized.txt,text/00684-phy-212-linked-detail-unauthorized.fulltext.txt,markdown/00684-phy-212-linked-detail-unauthorized.md,,metadata/00684-phy-212-linked-detail-unauthorized.json,232bb3d907ecb55a00ace0416555dc5e675db86eaa514a4fc35e2df80345378d,2b62e20d47d477eacda81c2beef0dbb06e7f4e1a1021b68e5f70be2917f36f5b,2026-07-30T20:53:48.270Z,1,13,2,0,0,0
00685-phy-212-linked-detail-unauthorized,2053526,PHY-212,linked_detail,linked_detail,https://canvas.oregonstate.edu/courses/2053526/quizzes/3160444/questions/59025992,https://canvas.oregonstate.edu/courses/2053526/quizzes/3160444/questions/59025992,Unauthorized,quiz,3160444,3,,,raw_html/00685-phy-212-linked-detail-unauthorized.html,text/00685-phy-212-linked-detail-unauthorized.txt,text/00685-phy-212-linked-detail-unauthorized.fulltext.txt,markdown/00685-phy-212-linked-detail-unauthorized.md,,metadata/00685-phy-212-linked-detail-unauthorized.json,cc2c48eac58c589020130c6408c9bd4c66558540542c233abb3843665727e5af,2b62e20d47d477eacda81c2beef0dbb06e7f4e1a1021b68e5f70be2917f36f5b,2026-07-30T20:53:50.759Z,1,13,2,0,0,0
00686-phy-212-linked-detail-unauthorized,2053526,PHY-212,linked_detail,linked_detail,https://canvas.oregonstate.edu/courses/2053526/quizzes/3160444/questions/59025993,https://canvas.oregonstate.edu/courses/2053526/quizzes/3160444/questions/59025993,Unauthorized,quiz,3160444,3,,,raw_html/00686-phy-212-linked-detail-unauthorized.html,text/00686-phy-212-linked-detail-unauthorized.txt,text/00686-phy-212-linked-detail-unauthorized.fulltext.txt,markdown/00686-phy-212-linked-detail-unauthorized.md,,metadata/00686-phy-212-linked-detail-unauthorized.json,719da2acfc3be6921786e146d99067340404c42c75fc460e3a44642c5408d2bb,2b62e20d47d477eacda81c2beef0dbb06e7f4e1a1021b68e5f70be2917f36f5b,2026-07-30T20:53:52.663Z,1,13,2,0,0,0
00687-phy-212-linked-detail-unauthorized,2053526,PHY-212,linked_detail,linked_detail,https://canvas.oregonstate.edu/courses/2053526/quizzes/3160444/questions/59025994,https://canvas.oregonstate.edu/courses/2053526/quizzes/3160444/questions/59025994,Unauthorized,quiz,3160444,3,,,raw_html/00687-phy-212-linked-detail-unauthorized.html,text/00687-phy-212-linked-detail-unauthorized.txt,text/00687-phy-212-linked-detail-unauthorized.fulltext.txt,markdown/00687-phy-212-linked-detail-unauthorized.md,,metadata/00687-phy-212-linked-detail-unauthorized.json,d77d5309fe80ec069f17dbed1378f199bdc02e96ebddeb76b4c70e4938da6ca7,2b62e20d47d477eacda81c2beef0dbb06e7f4e1a1021b68e5f70be2917f36f5b,2026-07-30T20:53:54.614Z,1,13,2,0,0,0
00688-phy-212-linked-detail-unauthorized,2053526,PHY-212,linked_detail,linked_detail,https://canvas.oregonstate.edu/courses/2053526/quizzes/3160444/questions/59025995,https://canvas.oregonstate.edu/courses/2053526/quizzes/3160444/questions/59025995,Unauthorized,quiz,3160444,3,,,raw_html/00688-phy-212-linked-detail-unauthorized.html,text/00688-phy-212-linked-detail-unauthorized.txt,text/00688-phy-212-linked-detail-unauthorized.fulltext.txt,markdown/00688-phy-212-linked-detail-unauthorized.md,,metadata/00688-phy-212-linked-detail-unauthorized.json,9e845632a21ccc743b7a28a8cd9bde937ea55b85344d9aa633d735476bf9cace,2b62e20d47d477eacda81c2beef0dbb06e7f4e1a1021b68e5f70be2917f36f5b,2026-07-30T20:53:56.458Z,1,13,2,0,0,0
00689-phy-212-linked-detail-unauthorized,2053526,PHY-212,linked_detail,linked_detail,https://canvas.oregonstate.edu/courses/2053526/quizzes/3160444/questions/59025996,https://canvas.oregonstate.edu/courses/2053526/quizzes/3160444/questions/59025996,Unauthorized,quiz,3160444,3,,,raw_html/00689-phy-212-linked-detail-unauthorized.html,text/00689-phy-212-linked-detail-unauthorized.txt,text/00689-phy-212-linked-detail-unauthorized.fulltext.txt,markdown/00689-phy-212-linked-detail-unauthorized.md,,metadata/00689-phy-212-linked-detail-unauthorized.json,db6f099a93177237d73e3b407cea5fff86044844dd8135b7f077ce5428583804,2b62e20d47d477eacda81c2beef0dbb06e7f4e1a1021b68e5f70be2917f36f5b,2026-07-30T20:53:58.557Z,1,13,2,0,0,0
00690-phy-212-linked-detail-unauthorized,2053526,PHY-212,linked_detail,linked_detail,https://canvas.oregonstate.edu/courses/2053526/quizzes/3160444/questions/59025997,https://canvas.oregonstate.edu/courses/2053526/quizzes/3160444/questions/59025997,Unauthorized,quiz,3160444,3,,,raw_html/00690-phy-212-linked-detail-unauthorized.html,text/00690-phy-212-linked-detail-unauthorized.txt,text/00690-phy-212-linked-detail-unauthorized.fulltext.txt,markdown/00690-phy-212-linked-detail-unauthorized.md,,metadata/00690-phy-212-linked-detail-unauthorized.json,6a40f43420d6f63ea9c3965cd6281b09683bd5b15c69117fefa4bfa8c29b4ae3,2b62e20d47d477eacda81c2beef0dbb06e7f4e1a1021b68e5f70be2917f36f5b,2026-07-30T20:54:00.657Z,1,13,2,0,0,0
00691-phy-212-linked-detail-unauthorized,2053526,PHY-212,linked_detail,linked_detail,https://canvas.oregonstate.edu/courses/2053526/quizzes/3160444/questions/59025998,https://canvas.oregonstate.edu/courses/2053526/quizzes/3160444/questions/59025998,Unauthorized,quiz,3160444,3,,,raw_html/00691-phy-212-linked-detail-unauthorized.html,text/00691-phy-212-linked-detail-unauthorized.txt,text/00691-phy-212-linked-detail-unauthorized.fulltext.txt,markdown/00691-phy-212-linked-detail-unauthorized.md,,metadata/00691-phy-212-linked-detail-unauthorized.json,56fcf02116626e207531581f0ff59ed3bf550dbc2eee10120b9a927317539cba,2b62e20d47d477eacda81c2beef0dbb06e7f4e1a1021b68e5f70be2917f36f5b,2026-07-30T20:54:02.807Z,1,13,2,0,0,0
00692-phy-212-linked-detail-m1-1pre-general-physics-with-calculus-ph-212-400-u2026,2053526,PHY-212,linked_detail,linked_detail,https://canvas.oregonstate.edu/courses/2053526/quizzes/3160514/take?user_id=6660414,https://canvas.oregonstate.edu/courses/2053526/quizzes/3160514/take?user_id=6660414,M1-1pre: GENERAL PHYSICS WITH CALCULUS (PH_212_400_U2026),quiz,3160514,3,,,raw_html/00692-phy-212-linked-detail-m1-1pre-general-physics-with-calculus-ph-212-400-u2026.html,text/00692-phy-212-linked-detail-m1-1pre-general-physics-with-calculus-ph-212-400-u2026.txt,text/00692-phy-212-linked-detail-m1-1pre-general-physics-with-calculus-ph-212-400-u2026.fulltext.txt,markdown/00692-phy-212-linked-detail-m1-1pre-general-physics-with-calculus-ph-212-400-u2026.md,,metadata/00692-phy-212-linked-detail-m1-1pre-general-physics-with-calculus-ph-212-400-u2026.json,f03a717af16a9f66df9affefcdae6fa327a087073918d26043c6008b3d920e01,82498bc6acdfc558494a79b176bae5c8716aea0fc375c22babe79b0a56d87ce4,2026-07-30T20:54:04.962Z,2,40,2,0,0,0
00693-phy-212-linked-detail-jacob-peterson-s-quiz-history-m1-1pre,2053526,PHY-212,linked_detail,linked_detail,https://canvas.oregonstate.edu/courses/2053526/quizzes/3160514/history?version=1,https://canvas.oregonstate.edu/courses/2053526/quizzes/3160514/history?version=1,Jacob Peterson's Quiz History: M1-1pre,quiz,3160514,3,,,raw_html/00693-phy-212-linked-detail-jacob-peterson-s-quiz-history-m1-1pre.html,text/00693-phy-212-linked-detail-jacob-peterson-s-quiz-history-m1-1pre.txt,text/00693-phy-212-linked-detail-jacob-peterson-s-quiz-history-m1-1pre.fulltext.txt,markdown/00693-phy-212-linked-detail-jacob-peterson-s-quiz-history-m1-1pre.md,,metadata/00693-phy-212-linked-detail-jacob-peterson-s-quiz-history-m1-1pre.json,79234261d96f8699fd17aff772b827f91c9fdee26a1296dac2621dd3be332614,9ac8821860d66e69ed175532c185228699c4d622852f26ae68a2ceaa0aee5edb,2026-07-30T20:54:07.062Z,1,40,2,0,0,0
00694-phy-212-linked-detail-m1-1pre-general-physics-with-calculus-ph-212-400-u2026,2053526,PHY-212,linked_detail,linked_detail,https://canvas.oregonstate.edu/courses/2053526/quizzes/3160514#,https://canvas.oregonstate.edu/courses/2053526/quizzes/3160514#,M1-1pre: GENERAL PHYSICS WITH CALCULUS (PH_212_400_U2026),quiz,3160514,3,,,raw_html/00694-phy-212-linked-detail-m1-1pre-general-physics-with-calculus-ph-212-400-u2026.html,text/00694-phy-212-linked-detail-m1-1pre-general-physics-with-calculus-ph-212-400-u2026.txt,text/00694-phy-212-linked-detail-m1-1pre-general-physics-with-calculus-ph-212-400-u2026.fulltext.txt,markdown/00694-phy-212-linked-detail-m1-1pre-general-physics-with-calculus-ph-212-400-u2026.md,,metadata/00694-phy-212-linked-detail-m1-1pre-general-physics-with-calculus-ph-212-400-u2026.json,cd5289c5903210164183d8d21fbb664ac84669fc3a9c476f48efc2c60d27620e,3430a5b4043e81d94646f3e93571a386071682ac87daa892469869b92718a4c0,2026-07-30T20:54:09.257Z,2,40,2,0,0,0
00695-phy-212-linked-detail-unauthorized,2053526,PHY-212,linked_detail,linked_detail,https://canvas.oregonstate.edu/courses/2053526/quizzes/3160514/questions/59026348,https://canvas.oregonstate.edu/courses/2053526/quizzes/3160514/questions/59026348,Unauthorized,quiz,3160514,3,,,raw_html/00695-phy-212-linked-detail-unauthorized.html,text/00695-phy-212-linked-detail-unauthorized.txt,text/00695-phy-212-linked-detail-unauthorized.fulltext.txt,markdown/00695-phy-212-linked-detail-unauthorized.md,,metadata/00695-phy-212-linked-detail-unauthorized.json,60824e663a81c5eba798f6ff821e6770f44e70515678b5b04dd5e0b66b170a8e,2b62e20d47d477eacda81c2beef0dbb06e7f4e1a1021b68e5f70be2917f36f5b,2026-07-30T20:54:11.358Z,1,13,2,0,0,0
00696-phy-212-linked-detail-m1-2pre-general-physics-with-calculus-ph-212-400-u2026,2053526,PHY-212,linked_detail,linked_detail,https://canvas.oregonstate.edu/courses/2053526/quizzes/3160464/take?user_id=6660414,https://canvas.oregonstate.edu/courses/2053526/quizzes/3160464/take?user_id=6660414,M1-2pre: GENERAL PHYSICS WITH CALCULUS (PH_212_400_U2026),quiz,3160464,3,,,raw_html/00696-phy-212-linked-detail-m1-2pre-general-physics-with-calculus-ph-212-400-u2026.html,text/00696-phy-212-linked-detail-m1-2pre-general-physics-with-calculus-ph-212-400-u2026.txt,text/00696-phy-212-linked-detail-m1-2pre-general-physics-with-calculus-ph-212-400-u2026.fulltext.txt,markdown/00696-phy-212-linked-detail-m1-2pre-general-physics-with-calculus-ph-212-400-u2026.md,,metadata/00696-phy-212-linked-detail-m1-2pre-general-physics-with-calculus-ph-212-400-u2026.json,b964065b6aea496fbe05eaf41046ad9a98d68da80e36728cb5d70141bd494eb8,a83f0d1281467950d3400ce887a649aeb77254a45de3369fb02618d3bcd7feb4,2026-07-30T20:54:13.701Z,2,39,2,0,0,0
00697-phy-212-linked-detail-jacob-peterson-s-quiz-history-m1-2pre,2053526,PHY-212,linked_detail,linked_detail,https://canvas.oregonstate.edu/courses/2053526/quizzes/3160464/history?version=1,https://canvas.oregonstate.edu/courses/2053526/quizzes/3160464/history?version=1,Jacob Peterson's Quiz History: M1-2pre,quiz,3160464,3,,,raw_html/00697-phy-212-linked-detail-jacob-peterson-s-quiz-history-m1-2pre.html,text/00697-phy-212-linked-detail-jacob-peterson-s-quiz-history-m1-2pre.txt,text/00697-phy-212-linked-detail-jacob-peterson-s-quiz-history-m1-2pre.fulltext.txt,markdown/00697-phy-212-linked-detail-jacob-peterson-s-quiz-history-m1-2pre.md,,metadata/00697-phy-212-linked-detail-jacob-peterson-s-quiz-history-m1-2pre.json,134a0713d1e43a5889087b900c1fb1404dfadaf32253e4628cbc24d1ac246d6c,d9b637d42abf419b968c7922d1660cdd013959832d6b4e6893a87888c4068efb,2026-07-30T20:54:15.762Z,1,39,2,0,0,0
00698-phy-212-linked-detail-m1-2pre-general-physics-with-calculus-ph-212-400-u2026,2053526,PHY-212,linked_detail,linked_detail,https://canvas.oregonstate.edu/courses/2053526/quizzes/3160464#,https://canvas.oregonstate.edu/courses/2053526/quizzes/3160464#,M1-2pre: GENERAL PHYSICS WITH CALCULUS (PH_212_400_U2026),quiz,3160464,3,,,raw_html/00698-phy-212-linked-detail-m1-2pre-general-physics-with-calculus-ph-212-400-u2026.html,text/00698-phy-212-linked-detail-m1-2pre-general-physics-with-calculus-ph-212-400-u2026.txt,text/00698-phy-212-linked-detail-m1-2pre-general-physics-with-calculus-ph-212-400-u2026.fulltext.txt,markdown/00698-phy-212-linked-detail-m1-2pre-general-physics-with-calculus-ph-212-400-u2026.md,,metadata/00698-phy-212-linked-detail-m1-2pre-general-physics-with-calculus-ph-212-400-u2026.json,288d071a6acc297bae06feb3cbdba756c84a0578093937f8f570166acb47598e,42df59110d6b68595abaf80f1c888af7185227a9aff00e1f35341fb79fc8a3e6,2026-07-30T20:54:18.263Z,3,40,2,0,0,0
00699-phy-212-linked-detail-unauthorized,2053526,PHY-212,linked_detail,linked_detail,https://canvas.oregonstate.edu/courses/2053526/quizzes/3160464/questions/59026118,https://canvas.oregonstate.edu/courses/2053526/quizzes/3160464/questions/59026118,Unauthorized,quiz,3160464,3,,,raw_html/00699-phy-212-linked-detail-unauthorized.html,text/00699-phy-212-linked-detail-unauthorized.txt,text/00699-phy-212-linked-detail-unauthorized.fulltext.txt,markdown/00699-phy-212-linked-detail-unauthorized.md,,metadata/00699-phy-212-linked-detail-unauthorized.json,afe3100c0185b5c2c2672de7d70ad6bf3228c84f49de0e14088f5c47c7fddae8,2b62e20d47d477eacda81c2beef0dbb06e7f4e1a1021b68e5f70be2917f36f5b,2026-07-30T20:54:20.566Z,1,13,2,0,0,0
00700-phy-212-linked-detail-jacob-peterson-s-quiz-history-m1-3pre,2053526,PHY-212,linked_detail,linked_detail,https://canvas.oregonstate.edu/courses/2053526/quizzes/3160475/history?version=1,https://canvas.oregonstate.edu/courses/2053526/quizzes/3160475/history?version=1,Jacob Peterson's Quiz History: M1-3pre,quiz,3160475,3,,,raw_html/00700-phy-212-linked-detail-jacob-peterson-s-quiz-history-m1-3pre.html,text/00700-phy-212-linked-detail-jacob-peterson-s-quiz-history-m1-3pre.txt,text/00700-phy-212-linked-detail-jacob-peterson-s-quiz-history-m1-3pre.fulltext.txt,markdown/00700-phy-212-linked-detail-jacob-peterson-s-quiz-history-m1-3pre.md,,metadata/00700-phy-212-linked-detail-jacob-peterson-s-quiz-history-m1-3pre.json,6033e0092a72bf7a37e9075b06b301fa5e74ce295fb8afc664f0cca4f3e69b23,3ec2e0477c591a0d24ebb078382bc5d20d394ee262287c38e3fac74fca437461,2026-07-30T20:54:23.365Z,1,39,2,0,0,0
00701-phy-212-linked-detail-unauthorized,2053526,PHY-212,linked_detail,linked_detail,https://canvas.oregonstate.edu/courses/2053526/quizzes/3160475/questions/59026167,https://canvas.oregonstate.edu/courses/2053526/quizzes/3160475/questions/59026167,Unauthorized,quiz,3160475,3,,,raw_html/00701-phy-212-linked-detail-unauthorized.html,text/00701-phy-212-linked-detail-unauthorized.txt,text/00701-phy-212-linked-detail-unauthorized.fulltext.txt,markdown/00701-phy-212-linked-detail-unauthorized.md,,metadata/00701-phy-212-linked-detail-unauthorized.json,6ad7a7d193658cebcb7219ddab9de896dddec9cdf9c258300716655b409beba3,2b62e20d47d477eacda81c2beef0dbb06e7f4e1a1021b68e5f70be2917f36f5b,2026-07-30T20:54:25.958Z,1,13,2,0,0,0
00702-phy-212-linked-detail-jacob-peterson-s-quiz-history-m1-4pre,2053526,PHY-212,linked_detail,linked_detail,https://canvas.oregonstate.edu/courses/2053526/quizzes/3160500/history?version=1,https://canvas.oregonstate.edu/courses/2053526/quizzes/3160500/history?version=1,Jacob Peterson's Quiz History: M1-4pre,quiz,3160500,3,,,raw_html/00702-phy-212-linked-detail-jacob-peterson-s-quiz-history-m1-4pre.html,text/00702-phy-212-linked-detail-jacob-peterson-s-quiz-history-m1-4pre.txt,text/00702-phy-212-linked-detail-jacob-peterson-s-quiz-history-m1-4pre.fulltext.txt,markdown/00702-phy-212-linked-detail-jacob-peterson-s-quiz-history-m1-4pre.md,,metadata/00702-phy-212-linked-detail-jacob-peterson-s-quiz-history-m1-4pre.json,b082c40b63c34242cbaf4fb94d30bca948dcda0304c2c95afb8228303ffbeea6,304c3676aa45cf4ec481e8a016c06ce13cb165d3836990b982439e1d9c6c7355,2026-07-30T20:54:28.314Z,1,39,2,0,0,0
00703-phy-212-linked-detail-unauthorized,2053526,PHY-212,linked_detail,linked_detail,https://canvas.oregonstate.edu/courses/2053526/quizzes/3160500/questions/59026278,https://canvas.oregonstate.edu/courses/2053526/quizzes/3160500/questions/59026278,Unauthorized,quiz,3160500,3,,,raw_html/00703-phy-212-linked-detail-unauthorized.html,text/00703-phy-212-linked-detail-unauthorized.txt,text/00703-phy-212-linked-detail-unauthorized.fulltext.txt,markdown/00703-phy-212-linked-detail-unauthorized.md,,metadata/00703-phy-212-linked-detail-unauthorized.json,8fd0457b58aff2ddc06f759774d3e304d4ce5c76fc087e595bd74f0d9427abaf,2b62e20d47d477eacda81c2beef0dbb06e7f4e1a1021b68e5f70be2917f36f5b,2026-07-30T20:54:30.416Z,1,13,2,0,0,0
00704-phy-212-linked-detail-jacob-peterson-s-quiz-history-m1-5pre,2053526,PHY-212,linked_detail,linked_detail,https://canvas.oregonstate.edu/courses/2053526/quizzes/3160476/history?version=1,https://canvas.oregonstate.edu/courses/2053526/quizzes/3160476/history?version=1,Jacob Peterson's Quiz History: M1-5pre,quiz,3160476,3,,,raw_html/00704-phy-212-linked-detail-jacob-peterson-s-quiz-history-m1-5pre.html,text/00704-phy-212-linked-detail-jacob-peterson-s-quiz-history-m1-5pre.txt,text/00704-phy-212-linked-detail-jacob-peterson-s-quiz-history-m1-5pre.fulltext.txt,markdown/00704-phy-212-linked-detail-jacob-peterson-s-quiz-history-m1-5pre.md,,metadata/00704-phy-212-linked-detail-jacob-peterson-s-quiz-history-m1-5pre.json,6fb95a646f08c5241cf5b73359979ccbc12e3ee062b763f441b25d6fb388ad09,5dbe97f57250e408e59e2ce9c370beed701c30b7b5475cab0a6c35cbc194aed7,2026-07-30T20:54:40.361Z,1,39,2,0,0,0
00705-phy-212-linked-detail-unauthorized,2053526,PHY-212,linked_detail,linked_detail,https://canvas.oregonstate.edu/courses/2053526/quizzes/3160476/questions/59026168,https://canvas.oregonstate.edu/courses/2053526/quizzes/3160476/questions/59026168,Unauthorized,quiz,3160476,3,,,raw_html/00705-phy-212-linked-detail-unauthorized.html,text/00705-phy-212-linked-detail-unauthorized.txt,text/00705-phy-212-linked-detail-unauthorized.fulltext.txt,markdown/00705-phy-212-linked-detail-unauthorized.md,,metadata/00705-phy-212-linked-detail-unauthorized.json,e6743eebb454e0e7497e6bc2352a1b2b1784d85899af840f996cf74e0d998e4c,2b62e20d47d477eacda81c2beef0dbb06e7f4e1a1021b68e5f70be2917f36f5b,2026-07-30T20:54:42.409Z,1,13,2,0,0,0
00706-phy-212-linked-detail-m1-0asy-general-physics-with-calculus-ph-212-400-u2026,2053526,PHY-212,linked_detail,linked_detail,https://canvas.oregonstate.edu/courses/2053526/quizzes/3169000/take?user_id=6660414,https://canvas.oregonstate.edu/courses/2053526/quizzes/3169000/take?user_id=6660414,M1-0asy: GENERAL PHYSICS WITH CALCULUS (PH_212_400_U2026),quiz,3169000,3,,,raw_html/00706-phy-212-linked-detail-m1-0asy-general-physics-with-calculus-ph-212-400-u2026.html,text/00706-phy-212-linked-detail-m1-0asy-general-physics-with-calculus-ph-212-400-u2026.txt,text/00706-phy-212-linked-detail-m1-0asy-general-physics-with-calculus-ph-212-400-u2026.fulltext.txt,markdown/00706-phy-212-linked-detail-m1-0asy-general-physics-with-calculus-ph-212-400-u2026.md,,metadata/00706-phy-212-linked-detail-m1-0asy-general-physics-with-calculus-ph-212-400-u2026.json,ef3ba442e8be6da2af38cffeb8e90d691404eaa5c20679f5434cb44b52e32d15,55a0960f82cb06351bd28c164e8c32aeaff2f3cd2a3035d2537ab11d03e77455,2026-07-30T20:54:44.761Z,2,42,2,0,0,0
00707-phy-212-linked-detail-jacob-peterson-s-quiz-history-m1-0asy,2053526,PHY-212,linked_detail,linked_detail,https://canvas.oregonstate.edu/courses/2053526/quizzes/3169000/history?version=1,https://canvas.oregonstate.edu/courses/2053526/quizzes/3169000/history?version=1,Jacob Peterson's Quiz History: M1-0asy,quiz,3169000,3,,,raw_html/00707-phy-212-linked-detail-jacob-peterson-s-quiz-history-m1-0asy.html,text/00707-phy-212-linked-detail-jacob-peterson-s-quiz-history-m1-0asy.txt,text/00707-phy-212-linked-detail-jacob-peterson-s-quiz-history-m1-0asy.fulltext.txt,markdown/00707-phy-212-linked-detail-jacob-peterson-s-quiz-history-m1-0asy.md,,metadata/00707-phy-212-linked-detail-jacob-peterson-s-quiz-history-m1-0asy.json,0d5d8703c7874c046ab63059c1f250cc07d0d91801176ca8d0a13ce2269cf054,dfc188be912944247e18ed0b4a413cf0307606e1be1cf42fa7a4405eb062dadc,2026-07-30T20:54:46.965Z,1,42,2,0,0,0
00708-phy-212-linked-detail-m1-0asy-general-physics-with-calculus-ph-212-400-u2026,2053526,PHY-212,linked_detail,linked_detail,https://canvas.oregonstate.edu/courses/2053526/quizzes/3169000#,https://canvas.oregonstate.edu/courses/2053526/quizzes/3169000#,M1-0asy: GENERAL PHYSICS WITH CALCULUS (PH_212_400_U2026),quiz,3169000,3,,,raw_html/00708-phy-212-linked-detail-m1-0asy-general-physics-with-calculus-ph-212-400-u2026.html,text/00708-phy-212-linked-detail-m1-0asy-general-physics-with-calculus-ph-212-400-u2026.txt,text/00708-phy-212-linked-detail-m1-0asy-general-physics-with-calculus-ph-212-400-u2026.fulltext.txt,markdown/00708-phy-212-linked-detail-m1-0asy-general-physics-with-calculus-ph-212-400-u2026.md,,metadata/00708-phy-212-linked-detail-m1-0asy-general-physics-with-calculus-ph-212-400-u2026.json,8effc128ef7cd75fab0660c659d0de59cd9ee02ee5de7a45f99a3203197c6710,00d9a62922de707bd95b60b5a5cc1ca0a06ba3055cb62d7fb36a106e83df80f7,2026-07-30T20:54:49.460Z,3,43,2,0,0,0
00709-phy-212-linked-detail-unauthorized,2053526,PHY-212,linked_detail,linked_detail,https://canvas.oregonstate.edu/courses/2053526/quizzes/3169000/questions/59169876,https://canvas.oregonstate.edu/courses/2053526/quizzes/3169000/questions/59169876,Unauthorized,quiz,3169000,3,,,raw_html/00709-phy-212-linked-detail-unauthorized.html,text/00709-phy-212-linked-detail-unauthorized.txt,text/00709-phy-212-linked-detail-unauthorized.fulltext.txt,markdown/00709-phy-212-linked-detail-unauthorized.md,,metadata/00709-phy-212-linked-detail-unauthorized.json,dedc5650d87c169632b64a1c7d57ab4c8d34741f8a39441e233c9edea4e6aab8,2b62e20d47d477eacda81c2beef0dbb06e7f4e1a1021b68e5f70be2917f36f5b,2026-07-30T20:54:51.860Z,1,13,2,0,0,0
00710-phy-212-linked-detail-unauthorized,2053526,PHY-212,linked_detail,linked_detail,https://canvas.oregonstate.edu/courses/2053526/quizzes/3169000/questions/59169879,https://canvas.oregonstate.edu/courses/2053526/quizzes/3169000/questions/59169879,Unauthorized,quiz,3169000,3,,,raw_html/00710-phy-212-linked-detail-unauthorized.html,text/00710-phy-212-linked-detail-unauthorized.txt,text/00710-phy-212-linked-detail-unauthorized.fulltext.txt,markdown/00710-phy-212-linked-detail-unauthorized.md,,metadata/00710-phy-212-linked-detail-unauthorized.json,25945577893e27bd434f61a23b5ac0acb1324bce614a35fc4b4ccd16461c623a,2b62e20d47d477eacda81c2beef0dbb06e7f4e1a1021b68e5f70be2917f36f5b,2026-07-30T20:54:53.811Z,1,13,2,0,0,0
00711-phy-212-linked-detail-m1-00asy-general-physics-with-calculus-ph-212-400-u2026,2053526,PHY-212,linked_detail,linked_detail,https://canvas.oregonstate.edu/courses/2053526/quizzes/3169001/take?user_id=6660414,https://canvas.oregonstate.edu/courses/2053526/quizzes/3169001/take?user_id=6660414,M1-00asy: GENERAL PHYSICS WITH CALCULUS (PH_212_400_U2026),quiz,3169001,3,,,raw_html/00711-phy-212-linked-detail-m1-00asy-general-physics-with-calculus-ph-212-400-u2026.html,text/00711-phy-212-linked-detail-m1-00asy-general-physics-with-calculus-ph-212-400-u2026.txt,text/00711-phy-212-linked-detail-m1-00asy-general-physics-with-calculus-ph-212-400-u2026.fulltext.txt,markdown/00711-phy-212-linked-detail-m1-00asy-general-physics-with-calculus-ph-212-400-u2026.md,,metadata/00711-phy-212-linked-detail-m1-00asy-general-physics-with-calculus-ph-212-400-u2026.json,f51a90b7200d71ba5df4240efe8ff48a735017b82a2d867e89b1ecdc31b48d30,e992452786b8c34858a8180a08ba46137236509530d84c6ddd46ae21608f2e99,2026-07-30T20:54:56.211Z,4,57,2,0,0,0
00712-phy-212-linked-detail-jacob-peterson-s-quiz-history-m1-00asy,2053526,PHY-212,linked_detail,linked_detail,https://canvas.oregonstate.edu/courses/2053526/quizzes/3169001/history?version=1,https://canvas.oregonstate.edu/courses/2053526/quizzes/3169001/history?version=1,Jacob Peterson's Quiz History: M1-00asy,quiz,3169001,3,,,raw_html/00712-phy-212-linked-detail-jacob-peterson-s-quiz-history-m1-00asy.html,text/00712-phy-212-linked-detail-jacob-peterson-s-quiz-history-m1-00asy.txt,text/00712-phy-212-linked-detail-jacob-peterson-s-quiz-history-m1-00asy.fulltext.txt,markdown/00712-phy-212-linked-detail-jacob-peterson-s-quiz-history-m1-00asy.md,,metadata/00712-phy-212-linked-detail-jacob-peterson-s-quiz-history-m1-00asy.json,1b9cff3bb82132a7df9d297661acdb1859ebd0c8782db00582955ffdd59f3703,4d700e4ee22d8c7b102df0a40730028fdaf5e073e943aed9a3225acb7730a427,2026-07-30T20:54:58.522Z,1,51,2,0,0,0
00713-phy-212-linked-detail-m1-00asy-general-physics-with-calculus-ph-212-400-u2026,2053526,PHY-212,linked_detail,linked_detail,https://canvas.oregonstate.edu/courses/2053526/quizzes/3169001#,https://canvas.oregonstate.edu/courses/2053526/quizzes/3169001#,M1-00asy: GENERAL PHYSICS WITH CALCULUS (PH_212_400_U2026),quiz,3169001,3,,,raw_html/00713-phy-212-linked-detail-m1-00asy-general-physics-with-calculus-ph-212-400-u2026.html,text/00713-phy-212-linked-detail-m1-00asy-general-physics-with-calculus-ph-212-400-u2026.txt,text/00713-phy-212-linked-detail-m1-00asy-general-physics-with-calculus-ph-212-400-u2026.fulltext.txt,markdown/00713-phy-212-linked-detail-m1-00asy-general-physics-with-calculus-ph-212-400-u2026.md,,metadata/00713-phy-212-linked-detail-m1-00asy-general-physics-with-calculus-ph-212-400-u2026.json,4eab7cf24685a33bc043d9c2f0f047b31a0007cceb4941111143df5396b96609,4b3e919aab3bb9a40a4edca521be99af1006fb651afcb2e36d2e3a68fe3c2bbf,2026-07-30T20:55:01.212Z,5,58,2,0,0,0
00714-phy-212-linked-detail-unauthorized,2053526,PHY-212,linked_detail,linked_detail,https://canvas.oregonstate.edu/courses/2053526/quizzes/3169001/questions/59169187,https://canvas.oregonstate.edu/courses/2053526/quizzes/3169001/questions/59169187,Unauthorized,quiz,3169001,3,,,raw_html/00714-phy-212-linked-detail-unauthorized.html,text/00714-phy-212-linked-detail-unauthorized.txt,text/00714-phy-212-linked-detail-unauthorized.fulltext.txt,markdown/00714-phy-212-linked-detail-unauthorized.md,,metadata/00714-phy-212-linked-detail-unauthorized.json,a4df1786d1bbcd27b681b4fb6ad7a17a8eaacb4140575d2f6ed47111b44f2c91,2b62e20d47d477eacda81c2beef0dbb06e7f4e1a1021b68e5f70be2917f36f5b,2026-07-30T20:55:03.317Z,1,13,2,0,0,0
00715-phy-212-linked-detail-unauthorized,2053526,PHY-212,linked_detail,linked_detail,https://canvas.oregonstate.edu/courses/2053526/quizzes/3169001/questions/59174672,https://canvas.oregonstate.edu/courses/2053526/quizzes/3169001/questions/59174672,Unauthorized,quiz,3169001,3,,,raw_html/00715-phy-212-linked-detail-unauthorized.html,text/00715-phy-212-linked-detail-unauthorized.txt,text/00715-phy-212-linked-detail-unauthorized.fulltext.txt,markdown/00715-phy-212-linked-detail-unauthorized.md,,metadata/00715-phy-212-linked-detail-unauthorized.json,dc2ba087e2bb5e039313e0a8f7f57e122dbcf8dd63adfd2ac808b0bb375b0ee5,2b62e20d47d477eacda81c2beef0dbb06e7f4e1a1021b68e5f70be2917f36f5b,2026-07-30T20:55:05.961Z,1,13,2,0,0,0
00716-phy-212-linked-detail-unauthorized,2053526,PHY-212,linked_detail,linked_detail,https://canvas.oregonstate.edu/courses/2053526/quizzes/3169001/questions/59174670,https://canvas.oregonstate.edu/courses/2053526/quizzes/3169001/questions/59174670,Unauthorized,quiz,3169001,3,,,raw_html/00716-phy-212-linked-detail-unauthorized.html,text/00716-phy-212-linked-detail-unauthorized.txt,text/00716-phy-212-linked-detail-unauthorized.fulltext.txt,markdown/00716-phy-212-linked-detail-unauthorized.md,,metadata/00716-phy-212-linked-detail-unauthorized.json,523458ccfca46ca8379d09461cc2f921c0af19d3d382a72d3cc72bc3f82285f5,2b62e20d47d477eacda81c2beef0dbb06e7f4e1a1021b68e5f70be2917f36f5b,2026-07-30T20:55:07.916Z,1,13,2,0,0,0
00717-phy-212-linked-detail-unauthorized,2053526,PHY-212,linked_detail,linked_detail,https://canvas.oregonstate.edu/courses/2053526/quizzes/3169001/questions/59174671,https://canvas.oregonstate.edu/courses/2053526/quizzes/3169001/questions/59174671,Unauthorized,quiz,3169001,3,,,raw_html/00717-phy-212-linked-detail-unauthorized.html,text/00717-phy-212-linked-detail-unauthorized.txt,text/00717-phy-212-linked-detail-unauthorized.fulltext.txt,markdown/00717-phy-212-linked-detail-unauthorized.md,,metadata/00717-phy-212-linked-detail-unauthorized.json,95184dabf36bcc6a1ce8d517f9c882c7a0e3ba61be6aac174f9d649d0e0b674e,2b62e20d47d477eacda81c2beef0dbb06e7f4e1a1021b68e5f70be2917f36f5b,2026-07-30T20:55:09.959Z,1,13,2,0,0,0
00718-phy-212-linked-detail-scanning-resources-general-physics-with-calculus-ph-212-400-u2026,2053526,PHY-212,linked_detail,linked_detail,https://canvas.oregonstate.edu/courses/2053526/pages/scanning-resources,https://canvas.oregonstate.edu/courses/2053526/pages/scanning-resources,Scanning Resources: GENERAL PHYSICS WITH CALCULUS (PH_212_400_U2026),page,scanning-resources,3,,,raw_html/00718-phy-212-linked-detail-scanning-resources-general-physics-with-calculus-ph-212-400-u2026.html,text/00718-phy-212-linked-detail-scanning-resources-general-physics-with-calculus-ph-212-400-u2026.txt,text/00718-phy-212-linked-detail-scanning-resources-general-physics-with-calculus-ph-212-400-u2026.fulltext.txt,markdown/00718-phy-212-linked-detail-scanning-resources-general-physics-with-calculus-ph-212-400-u2026.md,,metadata/00718-phy-212-linked-detail-scanning-resources-general-physics-with-calculus-ph-212-400-u2026.json,1e9af9ab1e510ee4b4c1dd8915ee8b9854cd94c958e870fcd5a2c05ca8ac75f0,b41b170750e3754ecc64dfad239e2bf5075ebd058b6948bc54e2313ed6eadbab,2026-07-30T20:55:12.366Z,2,39,2,0,0,0
00719-phy-212-linked-detail-m1-1asy-general-physics-with-calculus-ph-212-400-u2026,2053526,PHY-212,linked_detail,linked_detail,https://canvas.oregonstate.edu/courses/2053526/quizzes/3160454/take?user_id=6660414,https://canvas.oregonstate.edu/courses/2053526/quizzes/3160454/take?user_id=6660414,M1-1asy: GENERAL PHYSICS WITH CALCULUS (PH_212_400_U2026),quiz,3160454,3,,,raw_html/00719-phy-212-linked-detail-m1-1asy-general-physics-with-calculus-ph-212-400-u2026.html,text/00719-phy-212-linked-detail-m1-1asy-general-physics-with-calculus-ph-212-400-u2026.txt,text/00719-phy-212-linked-detail-m1-1asy-general-physics-with-calculus-ph-212-400-u2026.fulltext.txt,markdown/00719-phy-212-linked-detail-m1-1asy-general-physics-with-calculus-ph-212-400-u2026.md,,metadata/00719-phy-212-linked-detail-m1-1asy-general-physics-with-calculus-ph-212-400-u2026.json,067c113bfda8859774f032e6870987ef5df1b4f818f5fb02f2b3dcb3bd44fb28,4fff21882806c624875d49e0c042156260abd5b50e1837257452704051141869,2026-07-30T20:55:14.763Z,4,60,2,0,0,0
00720-phy-212-linked-detail-jacob-peterson-s-quiz-history-m1-1asy,2053526,PHY-212,linked_detail,linked_detail,https://canvas.oregonstate.edu/courses/2053526/quizzes/3160454/history?version=1,https://canvas.oregonstate.edu/courses/2053526/quizzes/3160454/history?version=1,Jacob Peterson's Quiz History: M1-1asy,quiz,3160454,3,,,raw_html/00720-phy-212-linked-detail-jacob-peterson-s-quiz-history-m1-1asy.html,text/00720-phy-212-linked-detail-jacob-peterson-s-quiz-history-m1-1asy.txt,text/00720-phy-212-linked-detail-jacob-peterson-s-quiz-history-m1-1asy.fulltext.txt,markdown/00720-phy-212-linked-detail-jacob-peterson-s-quiz-history-m1-1asy.md,,metadata/00720-phy-212-linked-detail-jacob-peterson-s-quiz-history-m1-1asy.json,42a47d3b3f96ca78322c9ac16645c18bf070c92b44c33c87708c2392397bf138,715752515cd352a1bdca9c8dcda68b6ed143b920dec0b08bbb417b53fabc1adf,2026-07-30T20:55:17.166Z,1,54,2,0,0,0
00721-phy-212-linked-detail-unauthorized,2053526,PHY-212,linked_detail,linked_detail,https://canvas.oregonstate.edu/courses/2053526/quizzes/3160454/questions/59026073,https://canvas.oregonstate.edu/courses/2053526/quizzes/3160454/questions/59026073,Unauthorized,quiz,3160454,3,,,raw_html/00721-phy-212-linked-detail-unauthorized.html,text/00721-phy-212-linked-detail-unauthorized.txt,text/00721-phy-212-linked-detail-unauthorized.fulltext.txt,markdown/00721-phy-212-linked-detail-unauthorized.md,,metadata/00721-phy-212-linked-detail-unauthorized.json,b9740bb93d6fee4001cae23960d2698e098f907e92d452ed90f2d50f4480d230,2b62e20d47d477eacda81c2beef0dbb06e7f4e1a1021b68e5f70be2917f36f5b,2026-07-30T20:55:19.268Z,1,13,2,0,0,0
00722-phy-212-linked-detail-unauthorized,2053526,PHY-212,linked_detail,linked_detail,https://canvas.oregonstate.edu/courses/2053526/quizzes/3160454/questions/59176462,https://canvas.oregonstate.edu/courses/2053526/quizzes/3160454/questions/59176462,Unauthorized,quiz,3160454,3,,,raw_html/00722-phy-212-linked-detail-unauthorized.html,text/00722-phy-212-linked-detail-unauthorized.txt,text/00722-phy-212-linked-detail-unauthorized.fulltext.txt,markdown/00722-phy-212-linked-detail-unauthorized.md,,metadata/00722-phy-212-linked-detail-unauthorized.json,ceaeec91a21b1d49f4e53db4410f2a45692a8cc684d4719b744d6e8118072df5,2b62e20d47d477eacda81c2beef0dbb06e7f4e1a1021b68e5f70be2917f36f5b,2026-07-30T20:55:21.466Z,1,13,2,0,0,0
00723-phy-212-linked-detail-unauthorized,2053526,PHY-212,linked_detail,linked_detail,https://canvas.oregonstate.edu/courses/2053526/quizzes/3160454/questions/59176463,https://canvas.oregonstate.edu/courses/2053526/quizzes/3160454/questions/59176463,Unauthorized,quiz,3160454,3,,,raw_html/00723-phy-212-linked-detail-unauthorized.html,text/00723-phy-212-linked-detail-unauthorized.txt,text/00723-phy-212-linked-detail-unauthorized.fulltext.txt,markdown/00723-phy-212-linked-detail-unauthorized.md,,metadata/00723-phy-212-linked-detail-unauthorized.json,994bd0c091946d834f628c9109ec055651fba9dde91768c8e4de013e4b73fba8,2b62e20d47d477eacda81c2beef0dbb06e7f4e1a1021b68e5f70be2917f36f5b,2026-07-30T20:55:23.710Z,1,13,2,0,0,0
00724-phy-212-linked-detail-unauthorized,2053526,PHY-212,linked_detail,linked_detail,https://canvas.oregonstate.edu/courses/2053526/quizzes/3160454/questions/59026074,https://canvas.oregonstate.edu/courses/2053526/quizzes/3160454/questions/59026074,Unauthorized,quiz,3160454,3,,,raw_html/00724-phy-212-linked-detail-unauthorized.html,text/00724-phy-212-linked-detail-unauthorized.txt,text/00724-phy-212-linked-detail-unauthorized.fulltext.txt,markdown/00724-phy-212-linked-detail-unauthorized.md,,metadata/00724-phy-212-linked-detail-unauthorized.json,007045a2dd730ccc5f0218bd95978bd24bff39b14caa39c382fe2588d5e38e2b,2b62e20d47d477eacda81c2beef0dbb06e7f4e1a1021b68e5f70be2917f36f5b,2026-07-30T20:55:26.112Z,1,13,2,0,0,0
00725-phy-212-linked-detail-unauthorized,2053526,PHY-212,linked_detail,linked_detail,https://canvas.oregonstate.edu/courses/2053526/quizzes/3160454/questions/59026075,https://canvas.oregonstate.edu/courses/2053526/quizzes/3160454/questions/59026075,Unauthorized,quiz,3160454,3,,,raw_html/00725-phy-212-linked-detail-unauthorized.html,text/00725-phy-212-linked-detail-unauthorized.txt,text/00725-phy-212-linked-detail-unauthorized.fulltext.txt,markdown/00725-phy-212-linked-detail-unauthorized.md,,metadata/00725-phy-212-linked-detail-unauthorized.json,100b7d18825a4f6c46dea6a0075f7010a93feba57670fd8745df84efa0549122,2b62e20d47d477eacda81c2beef0dbb06e7f4e1a1021b68e5f70be2917f36f5b,2026-07-30T20:55:28.310Z,1,13,2,0,0,0
00726-phy-212-linked-detail-m1-2asy-general-physics-with-calculus-ph-212-400-u2026,2053526,PHY-212,linked_detail,linked_detail,https://canvas.oregonstate.edu/courses/2053526/quizzes/3160491/take?user_id=6660414,https://canvas.oregonstate.edu/courses/2053526/quizzes/3160491/take?user_id=6660414,M1-2asy: GENERAL PHYSICS WITH CALCULUS (PH_212_400_U2026),quiz,3160491,3,,,raw_html/00726-phy-212-linked-detail-m1-2asy-general-physics-with-calculus-ph-212-400-u2026.html,text/00726-phy-212-linked-detail-m1-2asy-general-physics-with-calculus-ph-212-400-u2026.txt,text/00726-phy-212-linked-detail-m1-2asy-general-physics-with-calculus-ph-212-400-u2026.fulltext.txt,markdown/00726-phy-212-linked-detail-m1-2asy-general-physics-with-calculus-ph-212-400-u2026.md,,metadata/00726-phy-212-linked-detail-m1-2asy-general-physics-with-calculus-ph-212-400-u2026.json,fa40d0d1e9d63255de0910338a7b50e632fccb2187f7d68e3920f47f661b6344,e1fd1ae64531b33794b8ac0c64ec3e38c9282c3609c6a5901c522400f2e488f6,2026-07-30T20:55:31.315Z,4,60,2,0,0,0
00727-phy-212-linked-detail-unauthorized,2053526,PHY-212,linked_detail,linked_detail,https://canvas.oregonstate.edu/courses/2053526/quizzes/3160491/questions/59026256,https://canvas.oregonstate.edu/courses/2053526/quizzes/3160491/questions/59026256,Unauthorized,quiz,3160491,3,,,raw_html/00727-phy-212-linked-detail-unauthorized.html,text/00727-phy-212-linked-detail-unauthorized.txt,text/00727-phy-212-linked-detail-unauthorized.fulltext.txt,markdown/00727-phy-212-linked-detail-unauthorized.md,,metadata/00727-phy-212-linked-detail-unauthorized.json,20cbd689b29cbeaafd1ee466846b1fd6d2c8e5d3914face689a1610a562c8400,2b62e20d47d477eacda81c2beef0dbb06e7f4e1a1021b68e5f70be2917f36f5b,2026-07-30T20:55:33.264Z,1,13,2,0,0,0
00728-phy-212-linked-detail-unauthorized,2053526,PHY-212,linked_detail,linked_detail,https://canvas.oregonstate.edu/courses/2053526/quizzes/3160491/questions/59026257,https://canvas.oregonstate.edu/courses/2053526/quizzes/3160491/questions/59026257,Unauthorized,quiz,3160491,3,,,raw_html/00728-phy-212-linked-detail-unauthorized.html,text/00728-phy-212-linked-detail-unauthorized.txt,text/00728-phy-212-linked-detail-unauthorized.fulltext.txt,markdown/00728-phy-212-linked-detail-unauthorized.md,,metadata/00728-phy-212-linked-detail-unauthorized.json,e60504ea6210b97a266585203cfff59df59142b700f35d7dc30b8ba21afb6524,2b62e20d47d477eacda81c2beef0dbb06e7f4e1a1021b68e5f70be2917f36f5b,2026-07-30T20:55:35.561Z,1,13,2,0,0,0
00729-phy-212-linked-detail-unauthorized,2053526,PHY-212,linked_detail,linked_detail,https://canvas.oregonstate.edu/courses/2053526/quizzes/3160491/questions/59026258,https://canvas.oregonstate.edu/courses/2053526/quizzes/3160491/questions/59026258,Unauthorized,quiz,3160491,3,,,raw_html/00729-phy-212-linked-detail-unauthorized.html,text/00729-phy-212-linked-detail-unauthorized.txt,text/00729-phy-212-linked-detail-unauthorized.fulltext.txt,markdown/00729-phy-212-linked-detail-unauthorized.md,,metadata/00729-phy-212-linked-detail-unauthorized.json,d9893cca82dc27568c5f4ab9938090866fb01b5effae405528a2c0fc3e078b16,2b62e20d47d477eacda81c2beef0dbb06e7f4e1a1021b68e5f70be2917f36f5b,2026-07-30T20:55:37.410Z,1,13,2,0,0,0
00730-phy-212-linked-detail-unauthorized,2053526,PHY-212,linked_detail,linked_detail,https://canvas.oregonstate.edu/courses/2053526/quizzes/3160491/questions/59026259,https://canvas.oregonstate.edu/courses/2053526/quizzes/3160491/questions/59026259,Unauthorized,quiz,3160491,3,,,raw_html/00730-phy-212-linked-detail-unauthorized.html,text/00730-phy-212-linked-detail-unauthorized.txt,text/00730-phy-212-linked-detail-unauthorized.fulltext.txt,markdown/00730-phy-212-linked-detail-unauthorized.md,,metadata/00730-phy-212-linked-detail-unauthorized.json,fb8eee693964a35bd951c98e9b800fd914491e0722d4e534bd5c3c0dd525ff38,2b62e20d47d477eacda81c2beef0dbb06e7f4e1a1021b68e5f70be2917f36f5b,2026-07-30T20:55:39.960Z,1,13,2,0,0,0
00731-phy-212-linked-detail-unauthorized,2053526,PHY-212,linked_detail,linked_detail,https://canvas.oregonstate.edu/courses/2053526/quizzes/3160491/questions/59178579,https://canvas.oregonstate.edu/courses/2053526/quizzes/3160491/questions/59178579,Unauthorized,quiz,3160491,3,,,raw_html/00731-phy-212-linked-detail-unauthorized.html,text/00731-phy-212-linked-detail-unauthorized.txt,text/00731-phy-212-linked-detail-unauthorized.fulltext.txt,markdown/00731-phy-212-linked-detail-unauthorized.md,,metadata/00731-phy-212-linked-detail-unauthorized.json,f1f091beedf9ae8ddf5fda52215dfe94978b644c5bacc061ee5c866c6d540ab6,2b62e20d47d477eacda81c2beef0dbb06e7f4e1a1021b68e5f70be2917f36f5b,2026-07-30T20:55:42.008Z,1,13,2,0,0,0
00732-phy-212-linked-detail-unauthorized,2053526,PHY-212,linked_detail,linked_detail,https://canvas.oregonstate.edu/courses/2053526/quizzes/3160491/questions/59026260,https://canvas.oregonstate.edu/courses/2053526/quizzes/3160491/questions/59026260,Unauthorized,quiz,3160491,3,,,raw_html/00732-phy-212-linked-detail-unauthorized.html,text/00732-phy-212-linked-detail-unauthorized.txt,text/00732-phy-212-linked-detail-unauthorized.fulltext.txt,markdown/00732-phy-212-linked-detail-unauthorized.md,,metadata/00732-phy-212-linked-detail-unauthorized.json,8bf91e32cadcbfe95e73cc40f520425d8673aedfe67de29074d3c1b0312f501c,2b62e20d47d477eacda81c2beef0dbb06e7f4e1a1021b68e5f70be2917f36f5b,2026-07-30T20:55:43.959Z,1,13,2,0,0,0
00733-phy-212-linked-detail-unauthorized,2053526,PHY-212,linked_detail,linked_detail,https://canvas.oregonstate.edu/courses/2053526/quizzes/3160491/questions/59026261,https://canvas.oregonstate.edu/courses/2053526/quizzes/3160491/questions/59026261,Unauthorized,quiz,3160491,3,,,raw_html/00733-phy-212-linked-detail-unauthorized.html,text/00733-phy-212-linked-detail-unauthorized.txt,text/00733-phy-212-linked-detail-unauthorized.fulltext.txt,markdown/00733-phy-212-linked-detail-unauthorized.md,,metadata/00733-phy-212-linked-detail-unauthorized.json,b4a4c7ab7be7f79558a626c23620ab3ed6641cf6cad49a46142b8fbeb1e13999,2b62e20d47d477eacda81c2beef0dbb06e7f4e1a1021b68e5f70be2917f36f5b,2026-07-30T20:55:45.960Z,1,13,2,0,0,0
00734-phy-212-linked-detail-m1-3asy-general-physics-with-calculus-ph-212-400-u2026,2053526,PHY-212,linked_detail,linked_detail,https://canvas.oregonstate.edu/courses/2053526/quizzes/3160508/take?user_id=6660414,https://canvas.oregonstate.edu/courses/2053526/quizzes/3160508/take?user_id=6660414,M1-3asy: GENERAL PHYSICS WITH CALCULUS (PH_212_400_U2026),quiz,3160508,3,,,raw_html/00734-phy-212-linked-detail-m1-3asy-general-physics-with-calculus-ph-212-400-u2026.html,text/00734-phy-212-linked-detail-m1-3asy-general-physics-with-calculus-ph-212-400-u2026.txt,text/00734-phy-212-linked-detail-m1-3asy-general-physics-with-calculus-ph-212-400-u2026.fulltext.txt,markdown/00734-phy-212-linked-detail-m1-3asy-general-physics-with-calculus-ph-212-400-u2026.md,,metadata/00734-phy-212-linked-detail-m1-3asy-general-physics-with-calculus-ph-212-400-u2026.json,13ad8b52a5ac0958b61d9ece322079e5adfa448c5ae977d3918837f4112e2346,e0ed8d289dafafe89ef4eb0a54cb175afced81ba934f75b8f0436988a91c104c,2026-07-30T20:55:48.217Z,4,60,2,0,0,0
00735-phy-212-linked-detail-jacob-peterson-s-quiz-history-m1-3asy,2053526,PHY-212,linked_detail,linked_detail,https://canvas.oregonstate.edu/courses/2053526/quizzes/3160508/history?version=1,https://canvas.oregonstate.edu/courses/2053526/quizzes/3160508/history?version=1,Jacob Peterson's Quiz History: M1-3asy,quiz,3160508,3,,,raw_html/00735-phy-212-linked-detail-jacob-peterson-s-quiz-history-m1-3asy.html,text/00735-phy-212-linked-detail-jacob-peterson-s-quiz-history-m1-3asy.txt,text/00735-phy-212-linked-detail-jacob-peterson-s-quiz-history-m1-3asy.fulltext.txt,markdown/00735-phy-212-linked-detail-jacob-peterson-s-quiz-history-m1-3asy.md,,metadata/00735-phy-212-linked-detail-jacob-peterson-s-quiz-history-m1-3asy.json,7dd0520426e2a9a403ce8baf38f1dd4fb990bbcfdf75d5fb0a8184a2f9fe145f,c236674b2dd54787c06fbc58049070e80a59f906a4e2cb0db34837028b2e24e9,2026-07-30T20:55:50.613Z,1,59,2,0,0,0
00736-phy-212-linked-detail-unauthorized,2053526,PHY-212,linked_detail,linked_detail,https://canvas.oregonstate.edu/courses/2053526/quizzes/3160508/questions/59026315,https://canvas.oregonstate.edu/courses/2053526/quizzes/3160508/questions/59026315,Unauthorized,quiz,3160508,3,,,raw_html/00736-phy-212-linked-detail-unauthorized.html,text/00736-phy-212-linked-detail-unauthorized.txt,text/00736-phy-212-linked-detail-unauthorized.fulltext.txt,markdown/00736-phy-212-linked-detail-unauthorized.md,,metadata/00736-phy-212-linked-detail-unauthorized.json,f3573407b2b8850020585b08ddd940204ba3f32fea5dfea79fe149b557838307,2b62e20d47d477eacda81c2beef0dbb06e7f4e1a1021b68e5f70be2917f36f5b,2026-07-30T20:55:52.758Z,1,13,2,0,0,0
00737-phy-212-linked-detail-unauthorized,2053526,PHY-212,linked_detail,linked_detail,https://canvas.oregonstate.edu/courses/2053526/quizzes/3160508/questions/59026316,https://canvas.oregonstate.edu/courses/2053526/quizzes/3160508/questions/59026316,Unauthorized,quiz,3160508,3,,,raw_html/00737-phy-212-linked-detail-unauthorized.html,text/00737-phy-212-linked-detail-unauthorized.txt,text/00737-phy-212-linked-detail-unauthorized.fulltext.txt,markdown/00737-phy-212-linked-detail-unauthorized.md,,metadata/00737-phy-212-linked-detail-unauthorized.json,e711a5586f24124bd320ab83fec71f6d9e2b54e82d31b9b05356b76c76bb9809,2b62e20d47d477eacda81c2beef0dbb06e7f4e1a1021b68e5f70be2917f36f5b,2026-07-30T20:55:54.758Z,1,13,2,0,0,0
00738-phy-212-linked-detail-unauthorized,2053526,PHY-212,linked_detail,linked_detail,https://canvas.oregonstate.edu/courses/2053526/quizzes/3160508/questions/59026317,https://canvas.oregonstate.edu/courses/2053526/quizzes/3160508/questions/59026317,Unauthorized,quiz,3160508,3,,,raw_html/00738-phy-212-linked-detail-unauthorized.html,text/00738-phy-212-linked-detail-unauthorized.txt,text/00738-phy-212-linked-detail-unauthorized.fulltext.txt,markdown/00738-phy-212-linked-detail-unauthorized.md,,metadata/00738-phy-212-linked-detail-unauthorized.json,f33e3e03c99efdb75e8420c32bb96ac5ad409d71f9b926af80e3129c7c1ab65a,2b62e20d47d477eacda81c2beef0dbb06e7f4e1a1021b68e5f70be2917f36f5b,2026-07-30T20:55:56.711Z,1,13,2,0,0,0
00739-phy-212-linked-detail-unauthorized,2053526,PHY-212,linked_detail,linked_detail,https://canvas.oregonstate.edu/courses/2053526/quizzes/3160508/questions/59026318,https://canvas.oregonstate.edu/courses/2053526/quizzes/3160508/questions/59026318,Unauthorized,quiz,3160508,3,,,raw_html/00739-phy-212-linked-detail-unauthorized.html,text/00739-phy-212-linked-detail-unauthorized.txt,text/00739-phy-212-linked-detail-unauthorized.fulltext.txt,markdown/00739-phy-212-linked-detail-unauthorized.md,,metadata/00739-phy-212-linked-detail-unauthorized.json,95fa7c607af0658883cd13f558cbe38b703288cadb91fe254eb4e7e9dd4b32d3,2b62e20d47d477eacda81c2beef0dbb06e7f4e1a1021b68e5f70be2917f36f5b,2026-07-30T20:55:58.711Z,1,13,2,0,0,0
00740-phy-212-linked-detail-unauthorized,2053526,PHY-212,linked_detail,linked_detail,https://canvas.oregonstate.edu/courses/2053526/quizzes/3160508/questions/59026319,https://canvas.oregonstate.edu/courses/2053526/quizzes/3160508/questions/59026319,Unauthorized,quiz,3160508,3,,,raw_html/00740-phy-212-linked-detail-unauthorized.html,text/00740-phy-212-linked-detail-unauthorized.txt,text/00740-phy-212-linked-detail-unauthorized.fulltext.txt,markdown/00740-phy-212-linked-detail-unauthorized.md,,metadata/00740-phy-212-linked-detail-unauthorized.json,2f8e4b118f955831194f6701971811d6aee7dfc44db3b1c8bc9b4e1fb2bc9b1a,2b62e20d47d477eacda81c2beef0dbb06e7f4e1a1021b68e5f70be2917f36f5b,2026-07-30T20:56:00.662Z,1,13,2,0,0,0
00741-phy-212-linked-detail-unauthorized,2053526,PHY-212,linked_detail,linked_detail,https://canvas.oregonstate.edu/courses/2053526/quizzes/3160508/questions/59026320,https://canvas.oregonstate.edu/courses/2053526/quizzes/3160508/questions/59026320,Unauthorized,quiz,3160508,3,,,raw_html/00741-phy-212-linked-detail-unauthorized.html,text/00741-phy-212-linked-detail-unauthorized.txt,text/00741-phy-212-linked-detail-unauthorized.fulltext.txt,markdown/00741-phy-212-linked-detail-unauthorized.md,,metadata/00741-phy-212-linked-detail-unauthorized.json,5d5162234223c78b517e0e39e774fbb0c905e1a1e2a4d49db7b0ee6cde63b099,2b62e20d47d477eacda81c2beef0dbb06e7f4e1a1021b68e5f70be2917f36f5b,2026-07-30T20:56:02.765Z,1,13,2,0,0,0
00742-phy-212-linked-detail-unauthorized,2053526,PHY-212,linked_detail,linked_detail,https://canvas.oregonstate.edu/courses/2053526/quizzes/3160508/questions/59026321,https://canvas.oregonstate.edu/courses/2053526/quizzes/3160508/questions/59026321,Unauthorized,quiz,3160508,3,,,raw_html/00742-phy-212-linked-detail-unauthorized.html,text/00742-phy-212-linked-detail-unauthorized.txt,text/00742-phy-212-linked-detail-unauthorized.fulltext.txt,markdown/00742-phy-212-linked-detail-unauthorized.md,,metadata/00742-phy-212-linked-detail-unauthorized.json,c9fc8c9d9ea35baaffbacbedd6591e7b727e817812011f35b6625522515c1c70,2b62e20d47d477eacda81c2beef0dbb06e7f4e1a1021b68e5f70be2917f36f5b,2026-07-30T20:56:05.213Z,1,13,2,0,0,0
00743-phy-212-linked-detail-m1-4asy-general-physics-with-calculus-ph-212-400-u2026,2053526,PHY-212,linked_detail,linked_detail,https://canvas.oregonstate.edu/courses/2053526/quizzes/3160457/take?user_id=6660414,https://canvas.oregonstate.edu/courses/2053526/quizzes/3160457/take?user_id=6660414,M1-4asy: GENERAL PHYSICS WITH CALCULUS (PH_212_400_U2026),quiz,3160457,3,,,raw_html/00743-phy-212-linked-detail-m1-4asy-general-physics-with-calculus-ph-212-400-u2026.html,text/00743-phy-212-linked-detail-m1-4asy-general-physics-with-calculus-ph-212-400-u2026.txt,text/00743-phy-212-linked-detail-m1-4asy-general-physics-with-calculus-ph-212-400-u2026.fulltext.txt,markdown/00743-phy-212-linked-detail-m1-4asy-general-physics-with-calculus-ph-212-400-u2026.md,,metadata/00743-phy-212-linked-detail-m1-4asy-general-physics-with-calculus-ph-212-400-u2026.json,b5ea1445c577f871f02a7bac85bc6715f5ae687bb5b3d4ddc7492dbc3cc878a4,48a65722c5082e76c181637f920184cb880812ada002760c855ecf9465b886a6,2026-07-30T20:56:08.114Z,4,62,2,0,0,0
00744-phy-212-linked-detail-unauthorized,2053526,PHY-212,linked_detail,linked_detail,https://canvas.oregonstate.edu/courses/2053526/quizzes/3160457/questions/59026083,https://canvas.oregonstate.edu/courses/2053526/quizzes/3160457/questions/59026083,Unauthorized,quiz,3160457,3,,,raw_html/00744-phy-212-linked-detail-unauthorized.html,text/00744-phy-212-linked-detail-unauthorized.txt,text/00744-phy-212-linked-detail-unauthorized.fulltext.txt,markdown/00744-phy-212-linked-detail-unauthorized.md,,metadata/00744-phy-212-linked-detail-unauthorized.json,e91d7bdac841f7f9e7057813c019bb6e159639afb12d06c80427db487cbdcd60,2b62e20d47d477eacda81c2beef0dbb06e7f4e1a1021b68e5f70be2917f36f5b,2026-07-30T20:56:10.013Z,1,13,2,0,0,0
00745-phy-212-linked-detail-unauthorized,2053526,PHY-212,linked_detail,linked_detail,https://canvas.oregonstate.edu/courses/2053526/quizzes/3160457/questions/59026082,https://canvas.oregonstate.edu/courses/2053526/quizzes/3160457/questions/59026082,Unauthorized,quiz,3160457,3,,,raw_html/00745-phy-212-linked-detail-unauthorized.html,text/00745-phy-212-linked-detail-unauthorized.txt,text/00745-phy-212-linked-detail-unauthorized.fulltext.txt,markdown/00745-phy-212-linked-detail-unauthorized.md,,metadata/00745-phy-212-linked-detail-unauthorized.json,5de5a5e8aeb0facab20a49715ea1ee7d80b105b3a6382e087a00ca7142040ebb,2b62e20d47d477eacda81c2beef0dbb06e7f4e1a1021b68e5f70be2917f36f5b,2026-07-30T20:56:12.063Z,1,13,2,0,0,0
00746-phy-212-linked-detail-unauthorized,2053526,PHY-212,linked_detail,linked_detail,https://canvas.oregonstate.edu/courses/2053526/quizzes/3160457/questions/59026084,https://canvas.oregonstate.edu/courses/2053526/quizzes/3160457/questions/59026084,Unauthorized,quiz,3160457,3,,,raw_html/00746-phy-212-linked-detail-unauthorized.html,text/00746-phy-212-linked-detail-unauthorized.txt,text/00746-phy-212-linked-detail-unauthorized.fulltext.txt,markdown/00746-phy-212-linked-detail-unauthorized.md,,metadata/00746-phy-212-linked-detail-unauthorized.json,b4ee7e7aaf1cf64ec5a8af177fb1cecd5fc9580d97d98571d069a67ad2b2b60b,2b62e20d47d477eacda81c2beef0dbb06e7f4e1a1021b68e5f70be2917f36f5b,2026-07-30T20:56:14.064Z,1,13,2,0,0,0
00747-phy-212-linked-detail-unauthorized,2053526,PHY-212,linked_detail,linked_detail,https://canvas.oregonstate.edu/courses/2053526/quizzes/3160457/questions/59186604,https://canvas.oregonstate.edu/courses/2053526/quizzes/3160457/questions/59186604,Unauthorized,quiz,3160457,3,,,raw_html/00747-phy-212-linked-detail-unauthorized.html,text/00747-phy-212-linked-detail-unauthorized.txt,text/00747-phy-212-linked-detail-unauthorized.fulltext.txt,markdown/00747-phy-212-linked-detail-unauthorized.md,,metadata/00747-phy-212-linked-detail-unauthorized.json,6e353b13ef684f1fc3219fa8dadc084b1f697323c20435c3deb9709c655b7be1,2b62e20d47d477eacda81c2beef0dbb06e7f4e1a1021b68e5f70be2917f36f5b,2026-07-30T20:56:16.162Z,1,13,2,0,0,0
00748-phy-212-linked-detail-unauthorized,2053526,PHY-212,linked_detail,linked_detail,https://canvas.oregonstate.edu/courses/2053526/quizzes/3160457/questions/59186599,https://canvas.oregonstate.edu/courses/2053526/quizzes/3160457/questions/59186599,Unauthorized,quiz,3160457,3,,,raw_html/00748-phy-212-linked-detail-unauthorized.html,text/00748-phy-212-linked-detail-unauthorized.txt,text/00748-phy-212-linked-detail-unauthorized.fulltext.txt,markdown/00748-phy-212-linked-detail-unauthorized.md,,metadata/00748-phy-212-linked-detail-unauthorized.json,743d72b2518108b08f86489429f76ec8d64937e9db66a975f83791bd23887e94,2b62e20d47d477eacda81c2beef0dbb06e7f4e1a1021b68e5f70be2917f36f5b,2026-07-30T20:56:18.065Z,1,13,2,0,0,0
00749-phy-212-linked-detail-unauthorized,2053526,PHY-212,linked_detail,linked_detail,https://canvas.oregonstate.edu/courses/2053526/quizzes/3160457/questions/59186611,https://canvas.oregonstate.edu/courses/2053526/quizzes/3160457/questions/59186611,Unauthorized,quiz,3160457,3,,,raw_html/00749-phy-212-linked-detail-unauthorized.html,text/00749-phy-212-linked-detail-unauthorized.txt,text/00749-phy-212-linked-detail-unauthorized.fulltext.txt,markdown/00749-phy-212-linked-detail-unauthorized.md,,metadata/00749-phy-212-linked-detail-unauthorized.json,6948568be470cbbe29ad05bc1688f1c20c9b754e018fab173d493e5ba35fb94d,2b62e20d47d477eacda81c2beef0dbb06e7f4e1a1021b68e5f70be2917f36f5b,2026-07-30T20:56:20.414Z,1,13,2,0,0,0
00750-phy-212-linked-detail-unauthorized,2053526,PHY-212,linked_detail,linked_detail,https://canvas.oregonstate.edu/courses/2053526/quizzes/3160457/questions/59026085,https://canvas.oregonstate.edu/courses/2053526/quizzes/3160457/questions/59026085,Unauthorized,quiz,3160457,3,,,raw_html/00750-phy-212-linked-detail-unauthorized.html,text/00750-phy-212-linked-detail-unauthorized.txt,text/00750-phy-212-linked-detail-unauthorized.fulltext.txt,markdown/00750-phy-212-linked-detail-unauthorized.md,,metadata/00750-phy-212-linked-detail-unauthorized.json,a67ddcd521f68177d85537ece3a74fde27619315dfd81fd1e996b310d6bf4eeb,2b62e20d47d477eacda81c2beef0dbb06e7f4e1a1021b68e5f70be2917f36f5b,2026-07-30T20:56:22.565Z,1,13,2,0,0,0
00751-phy-212-linked-detail-unauthorized,2053526,PHY-212,linked_detail,linked_detail,https://canvas.oregonstate.edu/courses/2053526/quizzes/3160457/questions/59026086,https://canvas.oregonstate.edu/courses/2053526/quizzes/3160457/questions/59026086,Unauthorized,quiz,3160457,3,,,raw_html/00751-phy-212-linked-detail-unauthorized.html,text/00751-phy-212-linked-detail-unauthorized.txt,text/00751-phy-212-linked-detail-unauthorized.fulltext.txt,markdown/00751-phy-212-linked-detail-unauthorized.md,,metadata/00751-phy-212-linked-detail-unauthorized.json,a4f713954d2e11dd27892ab5d7f3fe9501612295f766ed4df4dc96607462d72b,2b62e20d47d477eacda81c2beef0dbb06e7f4e1a1021b68e5f70be2917f36f5b,2026-07-30T20:56:24.562Z,1,13,2,0,0,0
00752-phy-212-linked-detail-m1-5asy-general-physics-with-calculus-ph-212-400-u2026,2053526,PHY-212,linked_detail,linked_detail,https://canvas.oregonstate.edu/courses/2053526/quizzes/3160528/take?user_id=6660414,https://canvas.oregonstate.edu/courses/2053526/quizzes/3160528/take?user_id=6660414,M1-5asy: GENERAL PHYSICS WITH CALCULUS (PH_212_400_U2026),quiz,3160528,3,,,raw_html/00752-phy-212-linked-detail-m1-5asy-general-physics-with-calculus-ph-212-400-u2026.html,text/00752-phy-212-linked-detail-m1-5asy-general-physics-with-calculus-ph-212-400-u2026.txt,text/00752-phy-212-linked-detail-m1-5asy-general-physics-with-calculus-ph-212-400-u2026.fulltext.txt,markdown/00752-phy-212-linked-detail-m1-5asy-general-physics-with-calculus-ph-212-400-u2026.md,,metadata/00752-phy-212-linked-detail-m1-5asy-general-physics-with-calculus-ph-212-400-u2026.json,bb63dcb7d62b3673e1bd3b99fe9d464222a507a440ef1fd7fa3f46213ade426f,cc4fcbcd91eb763474573b567d0e4821814fbbc67620e423b993c7bb6c9dc43c,2026-07-30T20:56:27.170Z,4,60,2,0,0,0
00753-phy-212-linked-detail-jacob-peterson-s-quiz-history-m1-5asy,2053526,PHY-212,linked_detail,linked_detail,https://canvas.oregonstate.edu/courses/2053526/quizzes/3160528/history?version=1,https://canvas.oregonstate.edu/courses/2053526/quizzes/3160528/history?version=1,Jacob Peterson's Quiz History: M1-5asy,quiz,3160528,3,,,raw_html/00753-phy-212-linked-detail-jacob-peterson-s-quiz-history-m1-5asy.html,text/00753-phy-212-linked-detail-jacob-peterson-s-quiz-history-m1-5asy.txt,text/00753-phy-212-linked-detail-jacob-peterson-s-quiz-history-m1-5asy.fulltext.txt,markdown/00753-phy-212-linked-detail-jacob-peterson-s-quiz-history-m1-5asy.md,,metadata/00753-phy-212-linked-detail-jacob-peterson-s-quiz-history-m1-5asy.json,65aa0bc1a63945511b3eb0384632d823caacabbec42255613d5e0b4a4c65f41f,a74713708ded3c26c5984029db1ddba5197a8952f08f250fa0a8a2ae88d4578d,2026-07-30T20:56:29.416Z,1,59,2,0,0,0
00754-phy-212-linked-detail-m1-5asy-general-physics-with-calculus-ph-212-400-u2026,2053526,PHY-212,linked_detail,linked_detail,https://canvas.oregonstate.edu/courses/2053526/quizzes/3160528#,https://canvas.oregonstate.edu/courses/2053526/quizzes/3160528#,M1-5asy: GENERAL PHYSICS WITH CALCULUS (PH_212_400_U2026),quiz,3160528,3,,,raw_html/00754-phy-212-linked-detail-m1-5asy-general-physics-with-calculus-ph-212-400-u2026.html,text/00754-phy-212-linked-detail-m1-5asy-general-physics-with-calculus-ph-212-400-u2026.txt,text/00754-phy-212-linked-detail-m1-5asy-general-physics-with-calculus-ph-212-400-u2026.fulltext.txt,markdown/00754-phy-212-linked-detail-m1-5asy-general-physics-with-calculus-ph-212-400-u2026.md,,metadata/00754-phy-212-linked-detail-m1-5asy-general-physics-with-calculus-ph-212-400-u2026.json,835bb063dc3a59bb2a0c061fe753ffbe2e256f765ccf1bcaf6146271325b07e9,8bd3a70ae29b485b6feac63d8468e2c604d961c739a2997ff74ac4d07508d2c9,2026-07-30T20:56:31.871Z,5,61,2,0,0,0
00755-phy-212-linked-detail-unauthorized,2053526,PHY-212,linked_detail,linked_detail,https://canvas.oregonstate.edu/courses/2053526/quizzes/3160528/questions/59026406,https://canvas.oregonstate.edu/courses/2053526/quizzes/3160528/questions/59026406,Unauthorized,quiz,3160528,3,,,raw_html/00755-phy-212-linked-detail-unauthorized.html,text/00755-phy-212-linked-detail-unauthorized.txt,text/00755-phy-212-linked-detail-unauthorized.fulltext.txt,markdown/00755-phy-212-linked-detail-unauthorized.md,,metadata/00755-phy-212-linked-detail-unauthorized.json,3b63cec93f75112180f075766faeb91a4edcc5c2cf1dc46201d617d0abec34d7,2b62e20d47d477eacda81c2beef0dbb06e7f4e1a1021b68e5f70be2917f36f5b,2026-07-30T20:56:33.964Z,1,13,2,0,0,0
00756-phy-212-linked-detail-unauthorized,2053526,PHY-212,linked_detail,linked_detail,https://canvas.oregonstate.edu/courses/2053526/quizzes/3160528/questions/59026408,https://canvas.oregonstate.edu/courses/2053526/quizzes/3160528/questions/59026408,Unauthorized,quiz,3160528,3,,,raw_html/00756-phy-212-linked-detail-unauthorized.html,text/00756-phy-212-linked-detail-unauthorized.txt,text/00756-phy-212-linked-detail-unauthorized.fulltext.txt,markdown/00756-phy-212-linked-detail-unauthorized.md,,metadata/00756-phy-212-linked-detail-unauthorized.json,eea457a366b45cc51669606c3e2cf2aaf73d621b4e152f6ae6b99659ecb31d42,2b62e20d47d477eacda81c2beef0dbb06e7f4e1a1021b68e5f70be2917f36f5b,2026-07-30T20:56:35.971Z,1,13,2,0,0,0
00757-phy-212-linked-detail-unauthorized,2053526,PHY-212,linked_detail,linked_detail,https://canvas.oregonstate.edu/courses/2053526/quizzes/3160528/questions/59026409,https://canvas.oregonstate.edu/courses/2053526/quizzes/3160528/questions/59026409,Unauthorized,quiz,3160528,3,,,raw_html/00757-phy-212-linked-detail-unauthorized.html,text/00757-phy-212-linked-detail-unauthorized.txt,text/00757-phy-212-linked-detail-unauthorized.fulltext.txt,markdown/00757-phy-212-linked-detail-unauthorized.md,,metadata/00757-phy-212-linked-detail-unauthorized.json,e3054bdb93e832bc6d31117ec88ec8654e56bb889f688daa749a9d18f737c3ad,2b62e20d47d477eacda81c2beef0dbb06e7f4e1a1021b68e5f70be2917f36f5b,2026-07-30T20:56:37.963Z,1,13,2,0,0,0
00758-phy-212-linked-detail-unauthorized,2053526,PHY-212,linked_detail,linked_detail,https://canvas.oregonstate.edu/courses/2053526/quizzes/3160528/questions/59026410,https://canvas.oregonstate.edu/courses/2053526/quizzes/3160528/questions/59026410,Unauthorized,quiz,3160528,3,,,raw_html/00758-phy-212-linked-detail-unauthorized.html,text/00758-phy-212-linked-detail-unauthorized.txt,text/00758-phy-212-linked-detail-unauthorized.fulltext.txt,markdown/00758-phy-212-linked-detail-unauthorized.md,,metadata/00758-phy-212-linked-detail-unauthorized.json,5cd107b36f3476b092ff1579401cd50aed5e4a1e3917d14079fe3208134a2655,2b62e20d47d477eacda81c2beef0dbb06e7f4e1a1021b68e5f70be2917f36f5b,2026-07-30T20:56:39.920Z,1,13,2,0,0,0
00759-phy-212-linked-detail-unauthorized,2053526,PHY-212,linked_detail,linked_detail,https://canvas.oregonstate.edu/courses/2053526/quizzes/3160528/questions/59026411,https://canvas.oregonstate.edu/courses/2053526/quizzes/3160528/questions/59026411,Unauthorized,quiz,3160528,3,,,raw_html/00759-phy-212-linked-detail-unauthorized.html,text/00759-phy-212-linked-detail-unauthorized.txt,text/00759-phy-212-linked-detail-unauthorized.fulltext.txt,markdown/00759-phy-212-linked-detail-unauthorized.md,,metadata/00759-phy-212-linked-detail-unauthorized.json,38a771ee6c3cc22f414827abd051b6bc5a083356eabb83ba85299d32c8684339,2b62e20d47d477eacda81c2beef0dbb06e7f4e1a1021b68e5f70be2917f36f5b,2026-07-30T20:56:41.967Z,1,13,2,0,0,0
00760-phy-212-linked-detail-unauthorized,2053526,PHY-212,linked_detail,linked_detail,https://canvas.oregonstate.edu/courses/2053526/quizzes/3160528/questions/59026412,https://canvas.oregonstate.edu/courses/2053526/quizzes/3160528/questions/59026412,Unauthorized,quiz,3160528,3,,,raw_html/00760-phy-212-linked-detail-unauthorized.html,text/00760-phy-212-linked-detail-unauthorized.txt,text/00760-phy-212-linked-detail-unauthorized.fulltext.txt,markdown/00760-phy-212-linked-detail-unauthorized.md,,metadata/00760-phy-212-linked-detail-unauthorized.json,8175bd2046c26542ee0d25b7077fb6f3243906b85b4522c81cf7ac4d1075173c,2b62e20d47d477eacda81c2beef0dbb06e7f4e1a1021b68e5f70be2917f36f5b,2026-07-30T20:56:43.865Z,1,13,2,0,0,0
00761-phy-212-linked-detail-unauthorized,2053526,PHY-212,linked_detail,linked_detail,https://canvas.oregonstate.edu/courses/2053526/quizzes/3160528/questions/59026413,https://canvas.oregonstate.edu/courses/2053526/quizzes/3160528/questions/59026413,Unauthorized,quiz,3160528,3,,,raw_html/00761-phy-212-linked-detail-unauthorized.html,text/00761-phy-212-linked-detail-unauthorized.txt,text/00761-phy-212-linked-detail-unauthorized.fulltext.txt,markdown/00761-phy-212-linked-detail-unauthorized.md,,metadata/00761-phy-212-linked-detail-unauthorized.json,ebddb2afacf6599e7cb01acdf678a793d96256b192a06241d8e4b226ad98ce87,2b62e20d47d477eacda81c2beef0dbb06e7f4e1a1021b68e5f70be2917f36f5b,2026-07-30T20:56:45.865Z,1,13,2,0,0,0
00762-phy-212-linked-detail-jacob-peterson-s-quiz-history-quiz-1a-asy-remotely-proctored,2053526,PHY-212,linked_detail,linked_detail,https://canvas.oregonstate.edu/courses/2053526/quizzes/3160453/history?version=1,https://canvas.oregonstate.edu/courses/2053526/quizzes/3160453/history?version=1,Jacob Peterson's Quiz History: Quiz 1A_asy (Remotely Proctored),quiz,3160453,3,,,raw_html/00762-phy-212-linked-detail-jacob-peterson-s-quiz-history-quiz-1a-asy-remotely-proctored.html,text/00762-phy-212-linked-detail-jacob-peterson-s-quiz-history-quiz-1a-asy-remotely-proctored.txt,text/00762-phy-212-linked-detail-jacob-peterson-s-quiz-history-quiz-1a-asy-remotely-proctored.fulltext.txt,markdown/00762-phy-212-linked-detail-jacob-peterson-s-quiz-history-quiz-1a-asy-remotely-proctored.md,,metadata/00762-phy-212-linked-detail-jacob-peterson-s-quiz-history-quiz-1a-asy-remotely-proctored.json,b24bd83e82196de0581602a4bd6a084a54d9eaee3a3481dc92b594c4c2cae23a,0262f705c14106ac65298d0ff74e3584e40228fe65219fcd7a2732b5204fe01c,2026-07-30T20:56:48.316Z,1,48,2,0,0,0
00763-phy-212-linked-detail-unauthorized,2053526,PHY-212,linked_detail,linked_detail,https://canvas.oregonstate.edu/courses/2053526/quizzes/3160453/questions/59026063,https://canvas.oregonstate.edu/courses/2053526/quizzes/3160453/questions/59026063,Unauthorized,quiz,3160453,3,,,raw_html/00763-phy-212-linked-detail-unauthorized.html,text/00763-phy-212-linked-detail-unauthorized.txt,text/00763-phy-212-linked-detail-unauthorized.fulltext.txt,markdown/00763-phy-212-linked-detail-unauthorized.md,,metadata/00763-phy-212-linked-detail-unauthorized.json,6bcddc25dfea731bf21c7aaea6deba64bcf98c9559884d8adf4ab0fe10fc4d73,2b62e20d47d477eacda81c2beef0dbb06e7f4e1a1021b68e5f70be2917f36f5b,2026-07-30T20:56:50.363Z,1,13,2,0,0,0
00764-phy-212-linked-detail-unauthorized,2053526,PHY-212,linked_detail,linked_detail,https://canvas.oregonstate.edu/courses/2053526/quizzes/3160453/questions/59026066,https://canvas.oregonstate.edu/courses/2053526/quizzes/3160453/questions/59026066,Unauthorized,quiz,3160453,3,,,raw_html/00764-phy-212-linked-detail-unauthorized.html,text/00764-phy-212-linked-detail-unauthorized.txt,text/00764-phy-212-linked-detail-unauthorized.fulltext.txt,markdown/00764-phy-212-linked-detail-unauthorized.md,,metadata/00764-phy-212-linked-detail-unauthorized.json,bf4e59ead9c69871f87649a5434884502e3ad14034c21c24efa63e6c0de33d9b,2b62e20d47d477eacda81c2beef0dbb06e7f4e1a1021b68e5f70be2917f36f5b,2026-07-30T20:56:52.513Z,1,13,2,0,0,0
00765-phy-212-linked-detail-unauthorized,2053526,PHY-212,linked_detail,linked_detail,https://canvas.oregonstate.edu/courses/2053526/quizzes/3160453/questions/59026070,https://canvas.oregonstate.edu/courses/2053526/quizzes/3160453/questions/59026070,Unauthorized,quiz,3160453,3,,,raw_html/00765-phy-212-linked-detail-unauthorized.html,text/00765-phy-212-linked-detail-unauthorized.txt,text/00765-phy-212-linked-detail-unauthorized.fulltext.txt,markdown/00765-phy-212-linked-detail-unauthorized.md,,metadata/00765-phy-212-linked-detail-unauthorized.json,6531d18b03f4e6fba702bddc97bffe20fb338a00f6d5b9723d9fd887d08a7434,2b62e20d47d477eacda81c2beef0dbb06e7f4e1a1021b68e5f70be2917f36f5b,2026-07-30T20:56:54.469Z,1,13,2,0,0,0
00766-phy-212-linked-detail-unauthorized,2053526,PHY-212,linked_detail,linked_detail,https://canvas.oregonstate.edu/courses/2053526/quizzes/3160453/questions/59026072,https://canvas.oregonstate.edu/courses/2053526/quizzes/3160453/questions/59026072,Unauthorized,quiz,3160453,3,,,raw_html/00766-phy-212-linked-detail-unauthorized.html,text/00766-phy-212-linked-detail-unauthorized.txt,text/00766-phy-212-linked-detail-unauthorized.fulltext.txt,markdown/00766-phy-212-linked-detail-unauthorized.md,,metadata/00766-phy-212-linked-detail-unauthorized.json,b186868a3799fa7100b12a9e07a0ccad45f240243a996ea0ed4cfb34a8f3cd7d,2b62e20d47d477eacda81c2beef0dbb06e7f4e1a1021b68e5f70be2917f36f5b,2026-07-30T20:56:56.465Z,1,13,2,0,0,0
00767-phy-212-linked-detail-quiz-1b-asy-remotely-proctored-general-physics-with-calculus-ph-212-400-u2026,2053526,PHY-212,linked_detail,linked_detail,https://canvas.oregonstate.edu/courses/2053526/quizzes/3160494#,https://canvas.oregonstate.edu/courses/2053526/quizzes/3160494#,Quiz 1B_asy (Remotely Proctored): GENERAL PHYSICS WITH CALCULUS (PH_212_400_U2026),quiz,3160494,3,,,raw_html/00767-phy-212-linked-detail-quiz-1b-asy-remotely-proctored-general-physics-with-calculus-ph-212-400-u2026.html,text/00767-phy-212-linked-detail-quiz-1b-asy-remotely-proctored-general-physics-with-calculus-ph-212-400-u2026.txt,text/00767-phy-212-linked-detail-quiz-1b-asy-remotely-proctored-general-physics-with-calculus-ph-212-400-u2026.fulltext.txt,markdown/00767-phy-212-linked-detail-quiz-1b-asy-remotely-proctored-general-physics-with-calculus-ph-212-400-u2026.md,,metadata/00767-phy-212-linked-detail-quiz-1b-asy-remotely-proctored-general-physics-with-calculus-ph-212-400-u2026.json,c45409a6a804a43eefe567cde4a989e17bf76930bf14bd240d06f92371088cf0,74c3b3d45e9adfcc3a00fd41225a74fea50898151506e1d4ec11a838e585bb3a,2026-07-30T20:56:58.836Z,3,39,2,0,0,0
00768-phy-212-linked-detail-unauthorized,2053526,PHY-212,linked_detail,linked_detail,https://canvas.oregonstate.edu/courses/2053526/quizzes/3160494/questions/59026264,https://canvas.oregonstate.edu/courses/2053526/quizzes/3160494/questions/59026264,Unauthorized,quiz,3160494,3,,,raw_html/00768-phy-212-linked-detail-unauthorized.html,text/00768-phy-212-linked-detail-unauthorized.txt,text/00768-phy-212-linked-detail-unauthorized.fulltext.txt,markdown/00768-phy-212-linked-detail-unauthorized.md,,metadata/00768-phy-212-linked-detail-unauthorized.json,1a03b8505185751450cdc8fea798a102461ce5a186a90e050cd0c2c4e5796fa7,2b62e20d47d477eacda81c2beef0dbb06e7f4e1a1021b68e5f70be2917f36f5b,2026-07-30T20:57:00.767Z,1,13,2,0,0,0
00769-phy-212-linked-detail-lab-supplies-general-physics-with-calculus-ph-212-400-u2026,2053526,PHY-212,linked_detail,linked_detail,https://canvas.oregonstate.edu/courses/2053526/pages/lab-supplies,https://canvas.oregonstate.edu/courses/2053526/pages/lab-supplies,Lab Supplies: GENERAL PHYSICS WITH CALCULUS (PH_212_400_U2026),page,lab-supplies,3,,,raw_html/00769-phy-212-linked-detail-lab-supplies-general-physics-with-calculus-ph-212-400-u2026.html,text/00769-phy-212-linked-detail-lab-supplies-general-physics-with-calculus-ph-212-400-u2026.txt,text/00769-phy-212-linked-detail-lab-supplies-general-physics-with-calculus-ph-212-400-u2026.fulltext.txt,markdown/00769-phy-212-linked-detail-lab-supplies-general-physics-with-calculus-ph-212-400-u2026.md,,metadata/00769-phy-212-linked-detail-lab-supplies-general-physics-with-calculus-ph-212-400-u2026.json,1b066d73f5064a0e023e9cdb05c2f6d2a54bee5d65c10b533874fd7d06784074,484fdaac0ac323124c050d0b5b6f9d1fc914e461f2033453758461c08a56b65b,2026-07-30T20:57:04.171Z,3,35,2,0,0,0
00770-phy-212-linked-detail-lab-partner-values-survey-general-physics-with-calculus-ph-212-400-u2026,2053526,PHY-212,linked_detail,linked_detail,https://canvas.oregonstate.edu/courses/2053526/quizzes/3160536,https://canvas.oregonstate.edu/courses/2053526/quizzes/3160536,Lab Partner Values Survey: GENERAL PHYSICS WITH CALCULUS (PH_212_400_U2026),quiz,3160536,3,,,raw_html/00770-phy-212-linked-detail-lab-partner-values-survey-general-physics-with-calculus-ph-212-400-u2026.html,text/00770-phy-212-linked-detail-lab-partner-values-survey-general-physics-with-calculus-ph-212-400-u2026.txt,text/00770-phy-212-linked-detail-lab-partner-values-survey-general-physics-with-calculus-ph-212-400-u2026.fulltext.txt,markdown/00770-phy-212-linked-detail-lab-partner-values-survey-general-physics-with-calculus-ph-212-400-u2026.md,,metadata/00770-phy-212-linked-detail-lab-partner-values-survey-general-physics-with-calculus-ph-212-400-u2026.json,07a1f9fd6671f0ea929f28171c970223ca39916dd008e7434dbf1a3488a8cbf5,d677d9c1a073aeea27c4d98a8be7045ad0dd731b17ad9b573b3a4c16e4ed1232,2026-07-30T20:57:07.068Z,2,54,2,0,0,0
00771-phy-212-linked-detail-topic-course-introductions,2053526,PHY-212,linked_detail,linked_detail,https://canvas.oregonstate.edu/courses/2053526/discussion_topics/11563802,https://canvas.oregonstate.edu/courses/2053526/discussion_topics/11563802,Topic: Course Introductions,discussion,11563802,3,,,raw_html/00771-phy-212-linked-detail-topic-course-introductions.html,text/00771-phy-212-linked-detail-topic-course-introductions.txt,text/00771-phy-212-linked-detail-topic-course-introductions.fulltext.txt,markdown/00771-phy-212-linked-detail-topic-course-introductions.md,,metadata/00771-phy-212-linked-detail-topic-course-introductions.json,021f261ef62af0cffb71947026b52ba9eda6ec242443b47a12a38c2227fc9d09,e3b0c44298fc1c149afbf4c8996fb92427ae41e4649b934ca495991b7852b855,2026-07-30T20:57:09.516Z,0,34,2,0,0,0
00772-phy-212-linked-detail-topic-lab-1-discussion-lab-group-22,2053526,PHY-212,linked_detail,linked_detail,https://canvas.oregonstate.edu/courses/2053526/discussion_topics/11563804,https://canvas.oregonstate.edu/groups/733396/discussion_topics/11579973,Topic: Lab 1 Discussion - Lab Group 22,discussion,11579973,3,yes,,raw_html/00772-phy-212-linked-detail-topic-lab-1-discussion-lab-group-22.html,text/00772-phy-212-linked-detail-topic-lab-1-discussion-lab-group-22.txt,text/00772-phy-212-linked-detail-topic-lab-1-discussion-lab-group-22.fulltext.txt,markdown/00772-phy-212-linked-detail-topic-lab-1-discussion-lab-group-22.md,,metadata/00772-phy-212-linked-detail-topic-lab-1-discussion-lab-group-22.json,081b8903b005251ca875f91330370b3e959fefcb2c5630d9c506b90873fe259d,e3b0c44298fc1c149afbf4c8996fb92427ae41e4649b934ca495991b7852b855,2026-07-30T20:57:16.512Z,0,25,2,0,0,0
00773-phy-212-linked-detail-lab-collaboration-contract-general-physics-with-calculus-ph-212-400-u2026,2053526,PHY-212,linked_detail,linked_detail,https://canvas.oregonstate.edu/courses/2053526/quizzes/3160479,https://canvas.oregonstate.edu/courses/2053526/quizzes/3160479,Lab Collaboration Contract: GENERAL PHYSICS WITH CALCULUS (PH_212_400_U2026),quiz,3160479,3,,,raw_html/00773-phy-212-linked-detail-lab-collaboration-contract-general-physics-with-calculus-ph-212-400-u2026.html,text/00773-phy-212-linked-detail-lab-collaboration-contract-general-physics-with-calculus-ph-212-400-u2026.txt,text/00773-phy-212-linked-detail-lab-collaboration-contract-general-physics-with-calculus-ph-212-400-u2026.fulltext.txt,markdown/00773-phy-212-linked-detail-lab-collaboration-contract-general-physics-with-calculus-ph-212-400-u2026.md,,metadata/00773-phy-212-linked-detail-lab-collaboration-contract-general-physics-with-calculus-ph-212-400-u2026.json,4fe3dd2209e08e4e02db9cb97bbdb8924ac74a6f1aaaa22a6c389379905c6b03,b8daea72a09c9cab707a25878c6462adf1f6c2aea3c0352fe4e0036258028711,2026-07-30T20:57:19.715Z,3,36,2,0,0,0
00774-phy-212-linked-detail-hw-3-center-of-mass-moment-of-inertia-general-physics-with-calculus-ph-212-400-u2026,2053526,PHY-212,linked_detail,linked_detail,https://canvas.oregonstate.edu/courses/2053526/quizzes/3160462/take?user_id=6660414,https://canvas.oregonstate.edu/courses/2053526/quizzes/3160462/take?user_id=6660414,Hw 3 - Center of Mass & Moment of Inertia: GENERAL PHYSICS WITH CALCULUS (PH_212_400_U2026),quiz,3160462,3,,,raw_html/00774-phy-212-linked-detail-hw-3-center-of-mass-moment-of-inertia-general-physics-with-calculus-ph-212-400-u2026.html,text/00774-phy-212-linked-detail-hw-3-center-of-mass-moment-of-inertia-general-physics-with-calculus-ph-212-400-u2026.txt,text/00774-phy-212-linked-detail-hw-3-center-of-mass-moment-of-inertia-general-physics-with-calculus-ph-212-400-u2026.fulltext.txt,markdown/00774-phy-212-linked-detail-hw-3-center-of-mass-moment-of-inertia-general-physics-with-calculus-ph-212-400-u2026.md,,metadata/00774-phy-212-linked-detail-hw-3-center-of-mass-moment-of-inertia-general-physics-with-calculus-ph-212-400-u2026.json,1a5eb1bc68cb5312889be3558e7540fc643b6d61c5578af8d9985026784f991b,8129220f7a39514c6062188517bbc9365ec58a506655831a1f1956aab1ca4f83,2026-07-30T20:57:22.721Z,2,66,2,0,0,0
00775-phy-212-linked-detail-hw-3-center-of-mass-moment-of-inertia-general-physics-with-calculus-ph-212-400-u2026,2053526,PHY-212,linked_detail,linked_detail,https://canvas.oregonstate.edu/courses/2053526/quizzes/3160462#,https://canvas.oregonstate.edu/courses/2053526/quizzes/3160462#,Hw 3 - Center of Mass & Moment of Inertia: GENERAL PHYSICS WITH CALCULUS (PH_212_400_U2026),quiz,3160462,3,,,raw_html/00775-phy-212-linked-detail-hw-3-center-of-mass-moment-of-inertia-general-physics-with-calculus-ph-212-400-u2026.html,text/00775-phy-212-linked-detail-hw-3-center-of-mass-moment-of-inertia-general-physics-with-calculus-ph-212-400-u2026.txt,text/00775-phy-212-linked-detail-hw-3-center-of-mass-moment-of-inertia-general-physics-with-calculus-ph-212-400-u2026.fulltext.txt,markdown/00775-phy-212-linked-detail-hw-3-center-of-mass-moment-of-inertia-general-physics-with-calculus-ph-212-400-u2026.md,,metadata/00775-phy-212-linked-detail-hw-3-center-of-mass-moment-of-inertia-general-physics-with-calculus-ph-212-400-u2026.json,7820406e45b3935a18bbaa70f05dc46fec3a9858bd5a6ce8d3a547667dafa04b,f4d17bfc83228b296ae5c6f1b5b5f9aa83c8ae4ef45c3f35dafb6ffdd0942787,2026-07-30T20:57:29.827Z,3,67,2,0,0,0
00776-phy-212-linked-detail-unauthorized,2053526,PHY-212,linked_detail,linked_detail,https://canvas.oregonstate.edu/courses/2053526/quizzes/3160462/questions/59026102,https://canvas.oregonstate.edu/courses/2053526/quizzes/3160462/questions/59026102,Unauthorized,quiz,3160462,3,,,raw_html/00776-phy-212-linked-detail-unauthorized.html,text/00776-phy-212-linked-detail-unauthorized.txt,text/00776-phy-212-linked-detail-unauthorized.fulltext.txt,markdown/00776-phy-212-linked-detail-unauthorized.md,,metadata/00776-phy-212-linked-detail-unauthorized.json,c13f26d2eb3b4b25a849a1e4a0411531de2fb3c3b42846a7ab122bb8db1eca62,2b62e20d47d477eacda81c2beef0dbb06e7f4e1a1021b68e5f70be2917f36f5b,2026-07-30T20:57:32.817Z,1,13,2,0,0,0
00777-phy-212-linked-detail-unauthorized,2053526,PHY-212,linked_detail,linked_detail,https://canvas.oregonstate.edu/courses/2053526/quizzes/3160462/questions/59026103,https://canvas.oregonstate.edu/courses/2053526/quizzes/3160462/questions/59026103,Unauthorized,quiz,3160462,3,,,raw_html/00777-phy-212-linked-detail-unauthorized.html,text/00777-phy-212-linked-detail-unauthorized.txt,text/00777-phy-212-linked-detail-unauthorized.fulltext.txt,markdown/00777-phy-212-linked-detail-unauthorized.md,,metadata/00777-phy-212-linked-detail-unauthorized.json,405f16673df9bcec4d62a5b3b9288d2e7d017222a9b59a5e5c43e26bbdccf173,2b62e20d47d477eacda81c2beef0dbb06e7f4e1a1021b68e5f70be2917f36f5b,2026-07-30T20:57:34.873Z,1,13,2,0,0,0
00778-phy-212-linked-detail-unauthorized,2053526,PHY-212,linked_detail,linked_detail,https://canvas.oregonstate.edu/courses/2053526/quizzes/3160462/questions/59026104,https://canvas.oregonstate.edu/courses/2053526/quizzes/3160462/questions/59026104,Unauthorized,quiz,3160462,3,,,raw_html/00778-phy-212-linked-detail-unauthorized.html,text/00778-phy-212-linked-detail-unauthorized.txt,text/00778-phy-212-linked-detail-unauthorized.fulltext.txt,markdown/00778-phy-212-linked-detail-unauthorized.md,,metadata/00778-phy-212-linked-detail-unauthorized.json,27c169c30582d6bac2153667df56edfd51a0ee5d0b061aeda9c29dd36b8926d4,2b62e20d47d477eacda81c2beef0dbb06e7f4e1a1021b68e5f70be2917f36f5b,2026-07-30T20:57:37.218Z,1,13,2,0,0,0
00779-phy-212-linked-detail-unauthorized,2053526,PHY-212,linked_detail,linked_detail,https://canvas.oregonstate.edu/courses/2053526/quizzes/3160462/questions/59026105,https://canvas.oregonstate.edu/courses/2053526/quizzes/3160462/questions/59026105,Unauthorized,quiz,3160462,3,,,raw_html/00779-phy-212-linked-detail-unauthorized.html,text/00779-phy-212-linked-detail-unauthorized.txt,text/00779-phy-212-linked-detail-unauthorized.fulltext.txt,markdown/00779-phy-212-linked-detail-unauthorized.md,,metadata/00779-phy-212-linked-detail-unauthorized.json,de8dd0e42ab0fa513255a9a81291b831038332f1a4124c923b9af3f54bc8899e,2b62e20d47d477eacda81c2beef0dbb06e7f4e1a1021b68e5f70be2917f36f5b,2026-07-30T20:57:39.564Z,1,13,2,0,0,0
00780-phy-212-linked-detail-unauthorized,2053526,PHY-212,linked_detail,linked_detail,https://canvas.oregonstate.edu/courses/2053526/quizzes/3160462/questions/59026106,https://canvas.oregonstate.edu/courses/2053526/quizzes/3160462/questions/59026106,Unauthorized,quiz,3160462,3,,,raw_html/00780-phy-212-linked-detail-unauthorized.html,text/00780-phy-212-linked-detail-unauthorized.txt,text/00780-phy-212-linked-detail-unauthorized.fulltext.txt,markdown/00780-phy-212-linked-detail-unauthorized.md,,metadata/00780-phy-212-linked-detail-unauthorized.json,35e4f0874b1551f0347b9600f3325b3ed768c8a4c2b4bbb824605c39926a0ade,2b62e20d47d477eacda81c2beef0dbb06e7f4e1a1021b68e5f70be2917f36f5b,2026-07-30T20:57:41.866Z,1,13,2,0,0,0
00781-phy-212-linked-detail-unauthorized,2053526,PHY-212,linked_detail,linked_detail,https://canvas.oregonstate.edu/courses/2053526/quizzes/3160462/questions/59026107,https://canvas.oregonstate.edu/courses/2053526/quizzes/3160462/questions/59026107,Unauthorized,quiz,3160462,3,,,raw_html/00781-phy-212-linked-detail-unauthorized.html,text/00781-phy-212-linked-detail-unauthorized.txt,text/00781-phy-212-linked-detail-unauthorized.fulltext.txt,markdown/00781-phy-212-linked-detail-unauthorized.md,,metadata/00781-phy-212-linked-detail-unauthorized.json,588aefe84a5f3e0e13f511c4b09da378bd44b7a1c2f6ca451c85e7d5fc81dd53,2b62e20d47d477eacda81c2beef0dbb06e7f4e1a1021b68e5f70be2917f36f5b,2026-07-30T20:57:44.020Z,1,13,2,0,0,0
00782-phy-212-linked-detail-unauthorized,2053526,PHY-212,linked_detail,linked_detail,https://canvas.oregonstate.edu/courses/2053526/quizzes/3160462/questions/59026108,https://canvas.oregonstate.edu/courses/2053526/quizzes/3160462/questions/59026108,Unauthorized,quiz,3160462,3,,,raw_html/00782-phy-212-linked-detail-unauthorized.html,text/00782-phy-212-linked-detail-unauthorized.txt,text/00782-phy-212-linked-detail-unauthorized.fulltext.txt,markdown/00782-phy-212-linked-detail-unauthorized.md,,metadata/00782-phy-212-linked-detail-unauthorized.json,42dded3824c1f5fef5117d7ba62ea66408f0a89b784a0f1b16bffee1dc22aab0,2b62e20d47d477eacda81c2beef0dbb06e7f4e1a1021b68e5f70be2917f36f5b,2026-07-30T20:57:46.415Z,1,13,2,0,0,0
00783-phy-212-linked-detail-unauthorized,2053526,PHY-212,linked_detail,linked_detail,https://canvas.oregonstate.edu/courses/2053526/quizzes/3160462/questions/59026109,https://canvas.oregonstate.edu/courses/2053526/quizzes/3160462/questions/59026109,Unauthorized,quiz,3160462,3,,,raw_html/00783-phy-212-linked-detail-unauthorized.html,text/00783-phy-212-linked-detail-unauthorized.txt,text/00783-phy-212-linked-detail-unauthorized.fulltext.txt,markdown/00783-phy-212-linked-detail-unauthorized.md,,metadata/00783-phy-212-linked-detail-unauthorized.json,cc5dc3d517b5534b0caa3dbd5e5d754cc0369f85637eb3906a010ec23a771605,2b62e20d47d477eacda81c2beef0dbb06e7f4e1a1021b68e5f70be2917f36f5b,2026-07-30T20:57:49.164Z,1,13,2,0,0,0
00784-phy-212-linked-detail-unauthorized,2053526,PHY-212,linked_detail,linked_detail,https://canvas.oregonstate.edu/courses/2053526/quizzes/3160462/questions/59026110,https://canvas.oregonstate.edu/courses/2053526/quizzes/3160462/questions/59026110,Unauthorized,quiz,3160462,3,,,raw_html/00784-phy-212-linked-detail-unauthorized.html,text/00784-phy-212-linked-detail-unauthorized.txt,text/00784-phy-212-linked-detail-unauthorized.fulltext.txt,markdown/00784-phy-212-linked-detail-unauthorized.md,,metadata/00784-phy-212-linked-detail-unauthorized.json,e6a017c40ed79143035aca5d248928510ace6f8fa8099c51f119807a23966a98,2b62e20d47d477eacda81c2beef0dbb06e7f4e1a1021b68e5f70be2917f36f5b,2026-07-30T20:57:51.367Z,1,13,2,0,0,0
00785-phy-212-linked-detail-unauthorized,2053526,PHY-212,linked_detail,linked_detail,https://canvas.oregonstate.edu/courses/2053526/quizzes/3160462/questions/59026111,https://canvas.oregonstate.edu/courses/2053526/quizzes/3160462/questions/59026111,Unauthorized,quiz,3160462,3,,,raw_html/00785-phy-212-linked-detail-unauthorized.html,text/00785-phy-212-linked-detail-unauthorized.txt,text/00785-phy-212-linked-detail-unauthorized.fulltext.txt,markdown/00785-phy-212-linked-detail-unauthorized.md,,metadata/00785-phy-212-linked-detail-unauthorized.json,fc994886df87e595d8c047a0ade0a6703d0c1b0a71f7b3c680446550a9744ece,2b62e20d47d477eacda81c2beef0dbb06e7f4e1a1021b68e5f70be2917f36f5b,2026-07-30T20:57:53.365Z,1,13,2,0,0,0
00786-phy-212-linked-detail-hw-4-rotational-dynamics-general-physics-with-calculus-ph-212-400-u2026,2053526,PHY-212,linked_detail,linked_detail,https://canvas.oregonstate.edu/courses/2053526/quizzes/3160480/take?user_id=6660414,https://canvas.oregonstate.edu/courses/2053526/quizzes/3160480/take?user_id=6660414,Hw 4 - Rotational Dynamics: GENERAL PHYSICS WITH CALCULUS (PH_212_400_U2026),quiz,3160480,3,,,raw_html/00786-phy-212-linked-detail-hw-4-rotational-dynamics-general-physics-with-calculus-ph-212-400-u2026.html,text/00786-phy-212-linked-detail-hw-4-rotational-dynamics-general-physics-with-calculus-ph-212-400-u2026.txt,text/00786-phy-212-linked-detail-hw-4-rotational-dynamics-general-physics-with-calculus-ph-212-400-u2026.fulltext.txt,markdown/00786-phy-212-linked-detail-hw-4-rotational-dynamics-general-physics-with-calculus-ph-212-400-u2026.md,,metadata/00786-phy-212-linked-detail-hw-4-rotational-dynamics-general-physics-with-calculus-ph-212-400-u2026.json,25f9050ebb855e2b7ea42422c2244beac19046425feda119bf1b43f8aaa72d5d,66940642f7a9aca8649305ae9066c172f17277d5b38266ce065fadf4ff604aca,2026-07-30T20:57:56.027Z,2,76,2,0,0,0
00787-phy-212-linked-detail-jacob-peterson-s-quiz-history-hw-4-rotational-dynamics,2053526,PHY-212,linked_detail,linked_detail,https://canvas.oregonstate.edu/courses/2053526/quizzes/3160480/history?version=2,https://canvas.oregonstate.edu/courses/2053526/quizzes/3160480/history?version=2,Jacob Peterson's Quiz History: Hw 4 - Rotational Dynamics,quiz,3160480,3,,,raw_html/00787-phy-212-linked-detail-jacob-peterson-s-quiz-history-hw-4-rotational-dynamics.html,text/00787-phy-212-linked-detail-jacob-peterson-s-quiz-history-hw-4-rotational-dynamics.txt,text/00787-phy-212-linked-detail-jacob-peterson-s-quiz-history-hw-4-rotational-dynamics.fulltext.txt,markdown/00787-phy-212-linked-detail-jacob-peterson-s-quiz-history-hw-4-rotational-dynamics.md,,metadata/00787-phy-212-linked-detail-jacob-peterson-s-quiz-history-hw-4-rotational-dynamics.json,0cda79c8f063440e9f44f6476f8641217bb316d3cc893dbc67ea1e0b94187f12,fa8d561893fab8c5a93f07e81f3287104bba9f094b9d9e8a55ac99991862f741,2026-07-30T20:57:59.033Z,1,76,2,0,0,0
00788-phy-212-linked-detail-jacob-peterson-s-quiz-history-hw-4-rotational-dynamics,2053526,PHY-212,linked_detail,linked_detail,https://canvas.oregonstate.edu/courses/2053526/quizzes/3160480/history?version=1,https://canvas.oregonstate.edu/courses/2053526/quizzes/3160480/history?version=1,Jacob Peterson's Quiz History: Hw 4 - Rotational Dynamics,quiz,3160480,3,,,raw_html/00788-phy-212-linked-detail-jacob-peterson-s-quiz-history-hw-4-rotational-dynamics.html,text/00788-phy-212-linked-detail-jacob-peterson-s-quiz-history-hw-4-rotational-dynamics.txt,text/00788-phy-212-linked-detail-jacob-peterson-s-quiz-history-hw-4-rotational-dynamics.fulltext.txt,markdown/00788-phy-212-linked-detail-jacob-peterson-s-quiz-history-hw-4-rotational-dynamics.md,,metadata/00788-phy-212-linked-detail-jacob-peterson-s-quiz-history-hw-4-rotational-dynamics.json,224ccf06ae2a348eabd49f885bee0226f37c27c94f39a9d3a65098491086c65c,042264ea2b7c5d60661be228b554fbb71fbd30cf8f0bcc4b19d114ed128d9556,2026-07-30T20:58:02.518Z,1,76,2,0,0,0
00789-phy-212-linked-detail-hw-4-rotational-dynamics-general-physics-with-calculus-ph-212-400-u2026,2053526,PHY-212,linked_detail,linked_detail,https://canvas.oregonstate.edu/courses/2053526/quizzes/3160480#,https://canvas.oregonstate.edu/courses/2053526/quizzes/3160480#,Hw 4 - Rotational Dynamics: GENERAL PHYSICS WITH CALCULUS (PH_212_400_U2026),quiz,3160480,3,,,raw_html/00789-phy-212-linked-detail-hw-4-rotational-dynamics-general-physics-with-calculus-ph-212-400-u2026.html,text/00789-phy-212-linked-detail-hw-4-rotational-dynamics-general-physics-with-calculus-ph-212-400-u2026.txt,text/00789-phy-212-linked-detail-hw-4-rotational-dynamics-general-physics-with-calculus-ph-212-400-u2026.fulltext.txt,markdown/00789-phy-212-linked-detail-hw-4-rotational-dynamics-general-physics-with-calculus-ph-212-400-u2026.md,,metadata/00789-phy-212-linked-detail-hw-4-rotational-dynamics-general-physics-with-calculus-ph-212-400-u2026.json,36de52ddf3b797f1e485a6971da88d8e217cb4b7360d2dc10bd73aae9d211105,dfbbfe97a4c13e316f6d65fe9b562dc5913f09f14262fc5bb7acf58629ab48b2,2026-07-30T20:58:05.623Z,2,76,2,0,0,0
00790-phy-212-linked-detail-unauthorized,2053526,PHY-212,linked_detail,linked_detail,https://canvas.oregonstate.edu/courses/2053526/quizzes/3160480/questions/59026185,https://canvas.oregonstate.edu/courses/2053526/quizzes/3160480/questions/59026185,Unauthorized,quiz,3160480,3,,,raw_html/00790-phy-212-linked-detail-unauthorized.html,text/00790-phy-212-linked-detail-unauthorized.txt,text/00790-phy-212-linked-detail-unauthorized.fulltext.txt,markdown/00790-phy-212-linked-detail-unauthorized.md,,metadata/00790-phy-212-linked-detail-unauthorized.json,7c53cb3d72e06caa4959b7dc407a8aab57898459da931850e8b3491ec8509957,2b62e20d47d477eacda81c2beef0dbb06e7f4e1a1021b68e5f70be2917f36f5b,2026-07-30T20:58:08.367Z,1,13,2,0,0,0
00791-phy-212-linked-detail-unauthorized,2053526,PHY-212,linked_detail,linked_detail,https://canvas.oregonstate.edu/courses/2053526/quizzes/3160480/questions/59026186,https://canvas.oregonstate.edu/courses/2053526/quizzes/3160480/questions/59026186,Unauthorized,quiz,3160480,3,,,raw_html/00791-phy-212-linked-detail-unauthorized.html,text/00791-phy-212-linked-detail-unauthorized.txt,text/00791-phy-212-linked-detail-unauthorized.fulltext.txt,markdown/00791-phy-212-linked-detail-unauthorized.md,,metadata/00791-phy-212-linked-detail-unauthorized.json,dd8695f8f1eb951def5e3d3b51a9bc8ddd82f1970db960ee2fdbbb18281b27df,2b62e20d47d477eacda81c2beef0dbb06e7f4e1a1021b68e5f70be2917f36f5b,2026-07-30T20:58:10.316Z,1,13,2,0,0,0
00792-phy-212-linked-detail-unauthorized,2053526,PHY-212,linked_detail,linked_detail,https://canvas.oregonstate.edu/courses/2053526/quizzes/3160480/questions/59026187,https://canvas.oregonstate.edu/courses/2053526/quizzes/3160480/questions/59026187,Unauthorized,quiz,3160480,3,,,raw_html/00792-phy-212-linked-detail-unauthorized.html,text/00792-phy-212-linked-detail-unauthorized.txt,text/00792-phy-212-linked-detail-unauthorized.fulltext.txt,markdown/00792-phy-212-linked-detail-unauthorized.md,,metadata/00792-phy-212-linked-detail-unauthorized.json,275d9303e7962784cb5d94de9d3cb1549adc3b13503f715fe16bc9c9b88d8612,2b62e20d47d477eacda81c2beef0dbb06e7f4e1a1021b68e5f70be2917f36f5b,2026-07-30T20:58:12.315Z,1,13,2,0,0,0
00793-phy-212-linked-detail-unauthorized,2053526,PHY-212,linked_detail,linked_detail,https://canvas.oregonstate.edu/courses/2053526/quizzes/3160480/questions/59026188,https://canvas.oregonstate.edu/courses/2053526/quizzes/3160480/questions/59026188,Unauthorized,quiz,3160480,3,,,raw_html/00793-phy-212-linked-detail-unauthorized.html,text/00793-phy-212-linked-detail-unauthorized.txt,text/00793-phy-212-linked-detail-unauthorized.fulltext.txt,markdown/00793-phy-212-linked-detail-unauthorized.md,,metadata/00793-phy-212-linked-detail-unauthorized.json,01f7c4b641f0a2f08f52a7afc5f921feda7abb209743e14d076372d85c930d52,2b62e20d47d477eacda81c2beef0dbb06e7f4e1a1021b68e5f70be2917f36f5b,2026-07-30T20:58:14.814Z,1,13,2,0,0,0
00794-phy-212-linked-detail-unauthorized,2053526,PHY-212,linked_detail,linked_detail,https://canvas.oregonstate.edu/courses/2053526/quizzes/3160480/questions/59026189,https://canvas.oregonstate.edu/courses/2053526/quizzes/3160480/questions/59026189,Unauthorized,quiz,3160480,3,,,raw_html/00794-phy-212-linked-detail-unauthorized.html,text/00794-phy-212-linked-detail-unauthorized.txt,text/00794-phy-212-linked-detail-unauthorized.fulltext.txt,markdown/00794-phy-212-linked-detail-unauthorized.md,,metadata/00794-phy-212-linked-detail-unauthorized.json,44d167a62ccb4439c77ac1af211fa00d2408dc0ad9068ed2a41a0e0ae25fef60,2b62e20d47d477eacda81c2beef0dbb06e7f4e1a1021b68e5f70be2917f36f5b,2026-07-30T20:58:16.967Z,1,13,2,0,0,0
00795-phy-212-linked-detail-unauthorized,2053526,PHY-212,linked_detail,linked_detail,https://canvas.oregonstate.edu/courses/2053526/quizzes/3160480/questions/59026190,https://canvas.oregonstate.edu/courses/2053526/quizzes/3160480/questions/59026190,Unauthorized,quiz,3160480,3,,,raw_html/00795-phy-212-linked-detail-unauthorized.html,text/00795-phy-212-linked-detail-unauthorized.txt,text/00795-phy-212-linked-detail-unauthorized.fulltext.txt,markdown/00795-phy-212-linked-detail-unauthorized.md,,metadata/00795-phy-212-linked-detail-unauthorized.json,e23104c655ccca861d49873912e61c73a4e7cf9f06337dfe024e256443a01422,2b62e20d47d477eacda81c2beef0dbb06e7f4e1a1021b68e5f70be2917f36f5b,2026-07-30T20:58:18.915Z,1,13,2,0,0,0
00796-phy-212-linked-detail-unauthorized,2053526,PHY-212,linked_detail,linked_detail,https://canvas.oregonstate.edu/courses/2053526/quizzes/3160480/questions/59026191,https://canvas.oregonstate.edu/courses/2053526/quizzes/3160480/questions/59026191,Unauthorized,quiz,3160480,3,,,raw_html/00796-phy-212-linked-detail-unauthorized.html,text/00796-phy-212-linked-detail-unauthorized.txt,text/00796-phy-212-linked-detail-unauthorized.fulltext.txt,markdown/00796-phy-212-linked-detail-unauthorized.md,,metadata/00796-phy-212-linked-detail-unauthorized.json,07607de79693706e03c973190df2887217ddc099be1dbc3b07d1b1bc0507a4f1,2b62e20d47d477eacda81c2beef0dbb06e7f4e1a1021b68e5f70be2917f36f5b,2026-07-30T20:58:20.914Z,1,13,2,0,0,0
00797-phy-212-linked-detail-unauthorized,2053526,PHY-212,linked_detail,linked_detail,https://canvas.oregonstate.edu/courses/2053526/quizzes/3160480/questions/59026192,https://canvas.oregonstate.edu/courses/2053526/quizzes/3160480/questions/59026192,Unauthorized,quiz,3160480,3,,,raw_html/00797-phy-212-linked-detail-unauthorized.html,text/00797-phy-212-linked-detail-unauthorized.txt,text/00797-phy-212-linked-detail-unauthorized.fulltext.txt,markdown/00797-phy-212-linked-detail-unauthorized.md,,metadata/00797-phy-212-linked-detail-unauthorized.json,51e64ba718acbeb560d575bbdd277270b414f7c4e73ed4e6163701a5c50b3b65,2b62e20d47d477eacda81c2beef0dbb06e7f4e1a1021b68e5f70be2917f36f5b,2026-07-30T20:58:22.964Z,1,13,2,0,0,0
00798-phy-212-linked-detail-unauthorized,2053526,PHY-212,linked_detail,linked_detail,https://canvas.oregonstate.edu/courses/2053526/quizzes/3160480/questions/59026193,https://canvas.oregonstate.edu/courses/2053526/quizzes/3160480/questions/59026193,Unauthorized,quiz,3160480,3,,,raw_html/00798-phy-212-linked-detail-unauthorized.html,text/00798-phy-212-linked-detail-unauthorized.txt,text/00798-phy-212-linked-detail-unauthorized.fulltext.txt,markdown/00798-phy-212-linked-detail-unauthorized.md,,metadata/00798-phy-212-linked-detail-unauthorized.json,0a5caba30fffd808ec4686647816ef693e090e96c51a56aa8c34ae6c6edd1ebd,2b62e20d47d477eacda81c2beef0dbb06e7f4e1a1021b68e5f70be2917f36f5b,2026-07-30T20:58:24.964Z,1,13,2,0,0,0
00799-phy-212-linked-detail-unauthorized,2053526,PHY-212,linked_detail,linked_detail,https://canvas.oregonstate.edu/courses/2053526/quizzes/3160480/questions/59026194,https://canvas.oregonstate.edu/courses/2053526/quizzes/3160480/questions/59026194,Unauthorized,quiz,3160480,3,,,raw_html/00799-phy-212-linked-detail-unauthorized.html,text/00799-phy-212-linked-detail-unauthorized.txt,text/00799-phy-212-linked-detail-unauthorized.fulltext.txt,markdown/00799-phy-212-linked-detail-unauthorized.md,,metadata/00799-phy-212-linked-detail-unauthorized.json,b4ea1b18e4d3cd226600a34dec9765efc17961210d8ea9f569e8e8d23b643fff,2b62e20d47d477eacda81c2beef0dbb06e7f4e1a1021b68e5f70be2917f36f5b,2026-07-30T20:58:27.170Z,1,13,2,0,0,0
00800-phy-212-linked-detail-unauthorized,2053526,PHY-212,linked_detail,linked_detail,https://canvas.oregonstate.edu/courses/2053526/quizzes/3160480/questions/59026195,https://canvas.oregonstate.edu/courses/2053526/quizzes/3160480/questions/59026195,Unauthorized,quiz,3160480,3,,,raw_html/00800-phy-212-linked-detail-unauthorized.html,text/00800-phy-212-linked-detail-unauthorized.txt,text/00800-phy-212-linked-detail-unauthorized.fulltext.txt,markdown/00800-phy-212-linked-detail-unauthorized.md,,metadata/00800-phy-212-linked-detail-unauthorized.json,12ba93d9d56ef8fc3e2e5c719bd1b656694e90868ea760cbbd05cf7174bbda86,2b62e20d47d477eacda81c2beef0dbb06e7f4e1a1021b68e5f70be2917f36f5b,2026-07-30T20:58:37.372Z,1,13,2,0,0,0
00801-phy-212-linked-detail-unauthorized,2053526,PHY-212,linked_detail,linked_detail,https://canvas.oregonstate.edu/courses/2053526/quizzes/3160480/questions/59026196,https://canvas.oregonstate.edu/courses/2053526/quizzes/3160480/questions/59026196,Unauthorized,quiz,3160480,3,,,raw_html/00801-phy-212-linked-detail-unauthorized.html,text/00801-phy-212-linked-detail-unauthorized.txt,text/00801-phy-212-linked-detail-unauthorized.fulltext.txt,markdown/00801-phy-212-linked-detail-unauthorized.md,,metadata/00801-phy-212-linked-detail-unauthorized.json,f085d3745bdc36c849a2d42542c77361174bebc1468f1c13fec0cf0779f95269,2b62e20d47d477eacda81c2beef0dbb06e7f4e1a1021b68e5f70be2917f36f5b,2026-07-30T20:58:39.515Z,1,13,2,0,0,0
00802-phy-212-linked-detail-unauthorized,2053526,PHY-212,linked_detail,linked_detail,https://canvas.oregonstate.edu/courses/2053526/quizzes/3160480/questions/59026197,https://canvas.oregonstate.edu/courses/2053526/quizzes/3160480/questions/59026197,Unauthorized,quiz,3160480,3,,,raw_html/00802-phy-212-linked-detail-unauthorized.html,text/00802-phy-212-linked-detail-unauthorized.txt,text/00802-phy-212-linked-detail-unauthorized.fulltext.txt,markdown/00802-phy-212-linked-detail-unauthorized.md,,metadata/00802-phy-212-linked-detail-unauthorized.json,5c9d3991d59a12c4fd4de50266620386296f7cd7a129496fe2521f1b824eca38,2b62e20d47d477eacda81c2beef0dbb06e7f4e1a1021b68e5f70be2917f36f5b,2026-07-30T20:58:41.522Z,1,13,2,0,0,0
00803-phy-212-linked-detail-m2-2pre-general-physics-with-calculus-ph-212-400-u2026,2053526,PHY-212,linked_detail,linked_detail,https://canvas.oregonstate.edu/courses/2053526/quizzes/3160472/take?user_id=6660414,https://canvas.oregonstate.edu/courses/2053526/quizzes/3160472/take?user_id=6660414,M2-2pre: GENERAL PHYSICS WITH CALCULUS (PH_212_400_U2026),quiz,3160472,3,,,raw_html/00803-phy-212-linked-detail-m2-2pre-general-physics-with-calculus-ph-212-400-u2026.html,text/00803-phy-212-linked-detail-m2-2pre-general-physics-with-calculus-ph-212-400-u2026.txt,text/00803-phy-212-linked-detail-m2-2pre-general-physics-with-calculus-ph-212-400-u2026.fulltext.txt,markdown/00803-phy-212-linked-detail-m2-2pre-general-physics-with-calculus-ph-212-400-u2026.md,,metadata/00803-phy-212-linked-detail-m2-2pre-general-physics-with-calculus-ph-212-400-u2026.json,804f6f195520112e4a59b913c25d0fa33ea0575ce4dae8727e4addb6d2a4039d,43c7c2e60356294deff0559b41c92e998fee36f7d289a32fdfca6c6c29d9699e,2026-07-30T20:58:43.819Z,2,35,2,0,0,0
00804-phy-212-linked-detail-m2-3pre-general-physics-with-calculus-ph-212-400-u2026,2053526,PHY-212,linked_detail,linked_detail,https://canvas.oregonstate.edu/courses/2053526/quizzes/3160442/take?user_id=6660414,https://canvas.oregonstate.edu/courses/2053526/quizzes/3160442/take?user_id=6660414,M2-3pre: GENERAL PHYSICS WITH CALCULUS (PH_212_400_U2026),quiz,3160442,3,,,raw_html/00804-phy-212-linked-detail-m2-3pre-general-physics-with-calculus-ph-212-400-u2026.html,text/00804-phy-212-linked-detail-m2-3pre-general-physics-with-calculus-ph-212-400-u2026.txt,text/00804-phy-212-linked-detail-m2-3pre-general-physics-with-calculus-ph-212-400-u2026.fulltext.txt,markdown/00804-phy-212-linked-detail-m2-3pre-general-physics-with-calculus-ph-212-400-u2026.md,,metadata/00804-phy-212-linked-detail-m2-3pre-general-physics-with-calculus-ph-212-400-u2026.json,9fc7873f95506f1a674c05087d3a580597df8af29be49d99bf237855f2c7424e,2a332fbf1a6a31e8249e331d70e1bd4640618f08ef05a4fbcc47db6d4b20fb7f,2026-07-30T20:58:45.869Z,2,35,2,0,0,0
00805-phy-212-linked-detail-m2-4pre-general-physics-with-calculus-ph-212-400-u2026,2053526,PHY-212,linked_detail,linked_detail,https://canvas.oregonstate.edu/courses/2053526/quizzes/3160455/take?user_id=6660414,https://canvas.oregonstate.edu/courses/2053526/quizzes/3160455/take?user_id=6660414,M2-4pre: GENERAL PHYSICS WITH CALCULUS (PH_212_400_U2026),quiz,3160455,3,,,raw_html/00805-phy-212-linked-detail-m2-4pre-general-physics-with-calculus-ph-212-400-u2026.html,text/00805-phy-212-linked-detail-m2-4pre-general-physics-with-calculus-ph-212-400-u2026.txt,text/00805-phy-212-linked-detail-m2-4pre-general-physics-with-calculus-ph-212-400-u2026.fulltext.txt,markdown/00805-phy-212-linked-detail-m2-4pre-general-physics-with-calculus-ph-212-400-u2026.md,,metadata/00805-phy-212-linked-detail-m2-4pre-general-physics-with-calculus-ph-212-400-u2026.json,17afb37ab4d6af197ca1f336da7d7bf97db4dc9fb5caaa9531662b09ddd79952,53977463bc79ca4480307e241035317ed711fb7625ca471f996a603083e083f8,2026-07-30T20:58:48.167Z,2,35,2,0,0,0
00806-phy-212-linked-detail-m2-5pre-general-physics-with-calculus-ph-212-400-u2026,2053526,PHY-212,linked_detail,linked_detail,https://canvas.oregonstate.edu/courses/2053526/quizzes/3160496/take?user_id=6660414,https://canvas.oregonstate.edu/courses/2053526/quizzes/3160496/take?user_id=6660414,M2-5pre: GENERAL PHYSICS WITH CALCULUS (PH_212_400_U2026),quiz,3160496,3,,,raw_html/00806-phy-212-linked-detail-m2-5pre-general-physics-with-calculus-ph-212-400-u2026.html,text/00806-phy-212-linked-detail-m2-5pre-general-physics-with-calculus-ph-212-400-u2026.txt,text/00806-phy-212-linked-detail-m2-5pre-general-physics-with-calculus-ph-212-400-u2026.fulltext.txt,markdown/00806-phy-212-linked-detail-m2-5pre-general-physics-with-calculus-ph-212-400-u2026.md,,metadata/00806-phy-212-linked-detail-m2-5pre-general-physics-with-calculus-ph-212-400-u2026.json,ca7d74f73add6bc5d8c7c25330f10ea93cac4b27925999c0e7a9097162c39146,adb0cb912df5497bfc694dcaa09a1d2a9a75282cb755512f1e13d74d92383d6b,2026-07-30T20:58:50.817Z,2,35,2,0,0,0
00807-phy-212-linked-detail-m2-6pre-general-physics-with-calculus-ph-212-400-u2026,2053526,PHY-212,linked_detail,linked_detail,https://canvas.oregonstate.edu/courses/2053526/quizzes/3160521/take?user_id=6660414,https://canvas.oregonstate.edu/courses/2053526/quizzes/3160521/take?user_id=6660414,M2-6pre: GENERAL PHYSICS WITH CALCULUS (PH_212_400_U2026),quiz,3160521,3,,,raw_html/00807-phy-212-linked-detail-m2-6pre-general-physics-with-calculus-ph-212-400-u2026.html,text/00807-phy-212-linked-detail-m2-6pre-general-physics-with-calculus-ph-212-400-u2026.txt,text/00807-phy-212-linked-detail-m2-6pre-general-physics-with-calculus-ph-212-400-u2026.fulltext.txt,markdown/00807-phy-212-linked-detail-m2-6pre-general-physics-with-calculus-ph-212-400-u2026.md,,metadata/00807-phy-212-linked-detail-m2-6pre-general-physics-with-calculus-ph-212-400-u2026.json,329d794f31c04d84108ed3ded71ca54fda28343d8bc1af3b07c731c87103a699,73820ca980f1b90678ba02718de5aeae7c5abde5a05d2d8871fdd204d3ebd9ac,2026-07-30T20:58:53.025Z,2,35,2,0,0,0
00808-phy-212-linked-detail-m2-1asy-general-physics-with-calculus-ph-212-400-u2026,2053526,PHY-212,linked_detail,linked_detail,https://canvas.oregonstate.edu/courses/2053526/quizzes/3160451/take?user_id=6660414,https://canvas.oregonstate.edu/courses/2053526/quizzes/3160451/take?user_id=6660414,M2-1asy: GENERAL PHYSICS WITH CALCULUS (PH_212_400_U2026),quiz,3160451,3,,,raw_html/00808-phy-212-linked-detail-m2-1asy-general-physics-with-calculus-ph-212-400-u2026.html,text/00808-phy-212-linked-detail-m2-1asy-general-physics-with-calculus-ph-212-400-u2026.txt,text/00808-phy-212-linked-detail-m2-1asy-general-physics-with-calculus-ph-212-400-u2026.fulltext.txt,markdown/00808-phy-212-linked-detail-m2-1asy-general-physics-with-calculus-ph-212-400-u2026.md,,metadata/00808-phy-212-linked-detail-m2-1asy-general-physics-with-calculus-ph-212-400-u2026.json,4741f2a713246a6e0822c2bfad5074449e9aea9bc6e5d1e8008d7fb8853bad3a,a2414b15aceb99490a8a41bd1c9f9f19fe4f501216c7f5186dd44c5e8f6fc666,2026-07-30T20:58:55.418Z,4,36,2,0,0,0
00809-phy-212-linked-detail-m2-2asy-general-physics-with-calculus-ph-212-400-u2026,2053526,PHY-212,linked_detail,linked_detail,https://canvas.oregonstate.edu/courses/2053526/quizzes/3160527/take?user_id=6660414,https://canvas.oregonstate.edu/courses/2053526/quizzes/3160527/take?user_id=6660414,M2-2asy: GENERAL PHYSICS WITH CALCULUS (PH_212_400_U2026),quiz,3160527,3,,,raw_html/00809-phy-212-linked-detail-m2-2asy-general-physics-with-calculus-ph-212-400-u2026.html,text/00809-phy-212-linked-detail-m2-2asy-general-physics-with-calculus-ph-212-400-u2026.txt,text/00809-phy-212-linked-detail-m2-2asy-general-physics-with-calculus-ph-212-400-u2026.fulltext.txt,markdown/00809-phy-212-linked-detail-m2-2asy-general-physics-with-calculus-ph-212-400-u2026.md,,metadata/00809-phy-212-linked-detail-m2-2asy-general-physics-with-calculus-ph-212-400-u2026.json,64b211387ab1c2691a34ed0efde13727414a1f3d68155cf881f0d055fb5d0ab2,fc32f594173a8e254e0a7a0aa977f9ce0d1d21ad89c3c05c3b19ffb941c9393f,2026-07-30T20:58:57.567Z,4,36,2,0,0,0
00810-phy-212-linked-detail-m2-3asy-general-physics-with-calculus-ph-212-400-u2026,2053526,PHY-212,linked_detail,linked_detail,https://canvas.oregonstate.edu/courses/2053526/quizzes/3160534/take?user_id=6660414,https://canvas.oregonstate.edu/courses/2053526/quizzes/3160534/take?user_id=6660414,M2-3asy: GENERAL PHYSICS WITH CALCULUS (PH_212_400_U2026),quiz,3160534,3,,,raw_html/00810-phy-212-linked-detail-m2-3asy-general-physics-with-calculus-ph-212-400-u2026.html,text/00810-phy-212-linked-detail-m2-3asy-general-physics-with-calculus-ph-212-400-u2026.txt,text/00810-phy-212-linked-detail-m2-3asy-general-physics-with-calculus-ph-212-400-u2026.fulltext.txt,markdown/00810-phy-212-linked-detail-m2-3asy-general-physics-with-calculus-ph-212-400-u2026.md,,metadata/00810-phy-212-linked-detail-m2-3asy-general-physics-with-calculus-ph-212-400-u2026.json,4a4e178525b19967641dd03621931c7126909f8194297ed64c887a028d1e9c3c,5884268998a31e24e7f86bac11f8815c20ac99deabb553cc4317e03fc275d6ca,2026-07-30T20:59:00.117Z,4,36,2,0,0,0
00811-phy-212-linked-detail-m2-4asy-general-physics-with-calculus-ph-212-400-u2026,2053526,PHY-212,linked_detail,linked_detail,https://canvas.oregonstate.edu/courses/2053526/quizzes/3160441/take?user_id=6660414,https://canvas.oregonstate.edu/courses/2053526/quizzes/3160441/take?user_id=6660414,M2-4asy: GENERAL PHYSICS WITH CALCULUS (PH_212_400_U2026),quiz,3160441,3,,,raw_html/00811-phy-212-linked-detail-m2-4asy-general-physics-with-calculus-ph-212-400-u2026.html,text/00811-phy-212-linked-detail-m2-4asy-general-physics-with-calculus-ph-212-400-u2026.txt,text/00811-phy-212-linked-detail-m2-4asy-general-physics-with-calculus-ph-212-400-u2026.fulltext.txt,markdown/00811-phy-212-linked-detail-m2-4asy-general-physics-with-calculus-ph-212-400-u2026.md,,metadata/00811-phy-212-linked-detail-m2-4asy-general-physics-with-calculus-ph-212-400-u2026.json,f380cd6cb4837594eb27a408593d7777db627309de30cf39ee71365d687e5f8a,e68d7cfdccc79d853a221f786b07652553c04d1611453495d4dd09c2e83d2ce6,2026-07-30T20:59:02.266Z,4,36,2,0,0,0
00812-phy-212-linked-detail-m2-5asy-general-physics-with-calculus-ph-212-400-u2026,2053526,PHY-212,linked_detail,linked_detail,https://canvas.oregonstate.edu/courses/2053526/quizzes/3160463/take?user_id=6660414,https://canvas.oregonstate.edu/courses/2053526/quizzes/3160463/take?user_id=6660414,M2-5asy: GENERAL PHYSICS WITH CALCULUS (PH_212_400_U2026),quiz,3160463,3,,,raw_html/00812-phy-212-linked-detail-m2-5asy-general-physics-with-calculus-ph-212-400-u2026.html,text/00812-phy-212-linked-detail-m2-5asy-general-physics-with-calculus-ph-212-400-u2026.txt,text/00812-phy-212-linked-detail-m2-5asy-general-physics-with-calculus-ph-212-400-u2026.fulltext.txt,markdown/00812-phy-212-linked-detail-m2-5asy-general-physics-with-calculus-ph-212-400-u2026.md,,metadata/00812-phy-212-linked-detail-m2-5asy-general-physics-with-calculus-ph-212-400-u2026.json,cb8639be9c5b2a071c3a7326ad954fde84ef35389678b6b45255cbe730840099,51520266ce706db6137418b6aa975781498a5e919709e999b5ca0cc7b0309295,2026-07-30T20:59:04.566Z,4,36,2,0,0,0
00813-phy-212-linked-detail-unauthorized,2053526,PHY-212,linked_detail,linked_detail,https://canvas.oregonstate.edu/courses/2053526/quizzes/3160535/questions/59026442,https://canvas.oregonstate.edu/courses/2053526/quizzes/3160535/questions/59026442,Unauthorized,quiz,3160535,3,,,raw_html/00813-phy-212-linked-detail-unauthorized.html,text/00813-phy-212-linked-detail-unauthorized.txt,text/00813-phy-212-linked-detail-unauthorized.fulltext.txt,markdown/00813-phy-212-linked-detail-unauthorized.md,,metadata/00813-phy-212-linked-detail-unauthorized.json,49bc155fe339ff732676d7080b924e1a2f15f1c5d3e46e1cbce0bb5051fb7c75,2b62e20d47d477eacda81c2beef0dbb06e7f4e1a1021b68e5f70be2917f36f5b,2026-07-30T20:59:06.567Z,1,13,2,0,0,0
00814-phy-212-linked-detail-unauthorized,2053526,PHY-212,linked_detail,linked_detail,https://canvas.oregonstate.edu/courses/2053526/quizzes/3160535/questions/59026444,https://canvas.oregonstate.edu/courses/2053526/quizzes/3160535/questions/59026444,Unauthorized,quiz,3160535,3,,,raw_html/00814-phy-212-linked-detail-unauthorized.html,text/00814-phy-212-linked-detail-unauthorized.txt,text/00814-phy-212-linked-detail-unauthorized.fulltext.txt,markdown/00814-phy-212-linked-detail-unauthorized.md,,metadata/00814-phy-212-linked-detail-unauthorized.json,8b771f876c693702a9aa3f810bec728c4d392787da7ccbdfcc051f8f60f55141,2b62e20d47d477eacda81c2beef0dbb06e7f4e1a1021b68e5f70be2917f36f5b,2026-07-30T20:59:08.717Z,1,13,2,0,0,0
00815-phy-212-linked-detail-unauthorized,2053526,PHY-212,linked_detail,linked_detail,https://canvas.oregonstate.edu/courses/2053526/quizzes/3160535/questions/59026448,https://canvas.oregonstate.edu/courses/2053526/quizzes/3160535/questions/59026448,Unauthorized,quiz,3160535,3,,,raw_html/00815-phy-212-linked-detail-unauthorized.html,text/00815-phy-212-linked-detail-unauthorized.txt,text/00815-phy-212-linked-detail-unauthorized.fulltext.txt,markdown/00815-phy-212-linked-detail-unauthorized.md,,metadata/00815-phy-212-linked-detail-unauthorized.json,fd185e9c40820a12630e7bb51d3623d2c8fbcdbca30cee5560290aca560e9a3c,2b62e20d47d477eacda81c2beef0dbb06e7f4e1a1021b68e5f70be2917f36f5b,2026-07-30T20:59:10.914Z,1,13,2,0,0,0
00816-phy-212-linked-detail-unauthorized,2053526,PHY-212,linked_detail,linked_detail,https://canvas.oregonstate.edu/courses/2053526/quizzes/3160535/questions/59026450,https://canvas.oregonstate.edu/courses/2053526/quizzes/3160535/questions/59026450,Unauthorized,quiz,3160535,3,,,raw_html/00816-phy-212-linked-detail-unauthorized.html,text/00816-phy-212-linked-detail-unauthorized.txt,text/00816-phy-212-linked-detail-unauthorized.fulltext.txt,markdown/00816-phy-212-linked-detail-unauthorized.md,,metadata/00816-phy-212-linked-detail-unauthorized.json,3a49e6803c2215c35a0de71aa2e407b31cbb48b248de23b20daa219329035fa5,2b62e20d47d477eacda81c2beef0dbb06e7f4e1a1021b68e5f70be2917f36f5b,2026-07-30T20:59:12.968Z,1,13,2,0,0,0
00817-phy-212-linked-detail-jacob-peterson-s-quiz-history-quiz-2b-asy-remotely-proctored,2053526,PHY-212,linked_detail,linked_detail,https://canvas.oregonstate.edu/courses/2053526/quizzes/3160503/history?version=1,https://canvas.oregonstate.edu/courses/2053526/quizzes/3160503/history?version=1,Jacob Peterson's Quiz History: Quiz 2B_asy (Remotely Proctored),quiz,3160503,3,,,raw_html/00817-phy-212-linked-detail-jacob-peterson-s-quiz-history-quiz-2b-asy-remotely-proctored.html,text/00817-phy-212-linked-detail-jacob-peterson-s-quiz-history-quiz-2b-asy-remotely-proctored.txt,text/00817-phy-212-linked-detail-jacob-peterson-s-quiz-history-quiz-2b-asy-remotely-proctored.fulltext.txt,markdown/00817-phy-212-linked-detail-jacob-peterson-s-quiz-history-quiz-2b-asy-remotely-proctored.md,,metadata/00817-phy-212-linked-detail-jacob-peterson-s-quiz-history-quiz-2b-asy-remotely-proctored.json,67065bdc6fa0dab446c50d8fb6cf7932db1f294797ec04d07a4b14796f0f9143,431e3551aa47db093b894ca4059415d498c2fad186a06e573dfb6cab28ad5fa0,2026-07-30T20:59:15.120Z,1,39,2,0,0,0
00818-phy-212-linked-detail-quiz-2b-asy-remotely-proctored-general-physics-with-calculus-ph-212-400-u2026,2053526,PHY-212,linked_detail,linked_detail,https://canvas.oregonstate.edu/courses/2053526/quizzes/3160503#,https://canvas.oregonstate.edu/courses/2053526/quizzes/3160503#,Quiz 2B_asy (Remotely Proctored): GENERAL PHYSICS WITH CALCULUS (PH_212_400_U2026),quiz,3160503,3,,,raw_html/00818-phy-212-linked-detail-quiz-2b-asy-remotely-proctored-general-physics-with-calculus-ph-212-400-u2026.html,text/00818-phy-212-linked-detail-quiz-2b-asy-remotely-proctored-general-physics-with-calculus-ph-212-400-u2026.txt,text/00818-phy-212-linked-detail-quiz-2b-asy-remotely-proctored-general-physics-with-calculus-ph-212-400-u2026.fulltext.txt,markdown/00818-phy-212-linked-detail-quiz-2b-asy-remotely-proctored-general-physics-with-calculus-ph-212-400-u2026.md,,metadata/00818-phy-212-linked-detail-quiz-2b-asy-remotely-proctored-general-physics-with-calculus-ph-212-400-u2026.json,4f9425169c253383a74583b4bed3a49e837587f314b7d89afe742ecfa940a7cd,56799324ee3ee4b8ad9cc5175a5c3a62211333f608c22488e3bf8c72f349e8f7,2026-07-30T20:59:17.732Z,2,38,2,0,0,0
00819-phy-212-linked-detail-unauthorized,2053526,PHY-212,linked_detail,linked_detail,https://canvas.oregonstate.edu/courses/2053526/quizzes/3160503/questions/59026286,https://canvas.oregonstate.edu/courses/2053526/quizzes/3160503/questions/59026286,Unauthorized,quiz,3160503,3,,,raw_html/00819-phy-212-linked-detail-unauthorized.html,text/00819-phy-212-linked-detail-unauthorized.txt,text/00819-phy-212-linked-detail-unauthorized.fulltext.txt,markdown/00819-phy-212-linked-detail-unauthorized.md,,metadata/00819-phy-212-linked-detail-unauthorized.json,741d109d995486dad1063efcfac383d07198463e9dbc237033eaa54731e36e2e,2b62e20d47d477eacda81c2beef0dbb06e7f4e1a1021b68e5f70be2917f36f5b,2026-07-30T20:59:20.264Z,1,13,2,0,0,0
00820-phy-212-linked-detail-lab-group-check-in-survey-lab-3-general-physics-with-calculus-ph-212-400-u2026,2053526,PHY-212,linked_detail,linked_detail,https://canvas.oregonstate.edu/courses/2053526/quizzes/3160510,https://canvas.oregonstate.edu/courses/2053526/quizzes/3160510,Lab Group Check-In Survey (Lab 3): GENERAL PHYSICS WITH CALCULUS (PH_212_400_U2026),quiz,3160510,3,,,raw_html/00820-phy-212-linked-detail-lab-group-check-in-survey-lab-3-general-physics-with-calculus-ph-212-400-u2026.html,text/00820-phy-212-linked-detail-lab-group-check-in-survey-lab-3-general-physics-with-calculus-ph-212-400-u2026.txt,text/00820-phy-212-linked-detail-lab-group-check-in-survey-lab-3-general-physics-with-calculus-ph-212-400-u2026.fulltext.txt,markdown/00820-phy-212-linked-detail-lab-group-check-in-survey-lab-3-general-physics-with-calculus-ph-212-400-u2026.md,,metadata/00820-phy-212-linked-detail-lab-group-check-in-survey-lab-3-general-physics-with-calculus-ph-212-400-u2026.json,b665a0c337dafe8c6c853e50db87a9077288d921d8a347c57d33178a4abef2cc,96299e3ee5e9b9785a820322e10a2d683825fcf71b2d6479450a2de691bc68f1,2026-07-30T20:59:23.224Z,3,34,2,0,0,0
00821-phy-212-linked-detail-hw-5-gravity-general-physics-with-calculus-ph-212-400-u2026,2053526,PHY-212,linked_detail,linked_detail,https://canvas.oregonstate.edu/courses/2053526/quizzes/3160499/take?user_id=6660414,https://canvas.oregonstate.edu/courses/2053526/quizzes/3160499/take?user_id=6660414,Hw 5 - Gravity: GENERAL PHYSICS WITH CALCULUS (PH_212_400_U2026),quiz,3160499,3,,,raw_html/00821-phy-212-linked-detail-hw-5-gravity-general-physics-with-calculus-ph-212-400-u2026.html,text/00821-phy-212-linked-detail-hw-5-gravity-general-physics-with-calculus-ph-212-400-u2026.txt,text/00821-phy-212-linked-detail-hw-5-gravity-general-physics-with-calculus-ph-212-400-u2026.fulltext.txt,markdown/00821-phy-212-linked-detail-hw-5-gravity-general-physics-with-calculus-ph-212-400-u2026.md,,metadata/00821-phy-212-linked-detail-hw-5-gravity-general-physics-with-calculus-ph-212-400-u2026.json,ffd2409182e89aa977ce2ef5e59f6b0dd196bfa8ece7fa9b45c3cc18d0b8a2e0,e84361ac5f623808b8dcf8112544e0c87cb489d0b59cf196bccb47a4d003feec,2026-07-30T20:59:27.172Z,2,60,2,0,0,0
00822-phy-212-linked-detail-hw-5-gravity-general-physics-with-calculus-ph-212-400-u2026,2053526,PHY-212,linked_detail,linked_detail,https://canvas.oregonstate.edu/courses/2053526/quizzes/3160499#,https://canvas.oregonstate.edu/courses/2053526/quizzes/3160499#,Hw 5 - Gravity: GENERAL PHYSICS WITH CALCULUS (PH_212_400_U2026),quiz,3160499,3,,,raw_html/00822-phy-212-linked-detail-hw-5-gravity-general-physics-with-calculus-ph-212-400-u2026.html,text/00822-phy-212-linked-detail-hw-5-gravity-general-physics-with-calculus-ph-212-400-u2026.txt,text/00822-phy-212-linked-detail-hw-5-gravity-general-physics-with-calculus-ph-212-400-u2026.fulltext.txt,markdown/00822-phy-212-linked-detail-hw-5-gravity-general-physics-with-calculus-ph-212-400-u2026.md,,metadata/00822-phy-212-linked-detail-hw-5-gravity-general-physics-with-calculus-ph-212-400-u2026.json,7eba2f4bffb355ccd371b6450128d8221f530d12974c140cbc98407b27dfde99,439567c1e1a6c2ac5889003cb0faadc0e980b6047d5e6cd155e804a2512888c6,2026-07-30T20:59:30.226Z,3,61,2,0,0,0
00823-phy-212-linked-detail-unauthorized,2053526,PHY-212,linked_detail,linked_detail,https://canvas.oregonstate.edu/courses/2053526/quizzes/3160499/questions/59026270,https://canvas.oregonstate.edu/courses/2053526/quizzes/3160499/questions/59026270,Unauthorized,quiz,3160499,3,,,raw_html/00823-phy-212-linked-detail-unauthorized.html,text/00823-phy-212-linked-detail-unauthorized.txt,text/00823-phy-212-linked-detail-unauthorized.fulltext.txt,markdown/00823-phy-212-linked-detail-unauthorized.md,,metadata/00823-phy-212-linked-detail-unauthorized.json,28e413d876a5181cce1ee9e0647ee0ce1e288cc7cda4ef46827400e0af538473,2b62e20d47d477eacda81c2beef0dbb06e7f4e1a1021b68e5f70be2917f36f5b,2026-07-30T20:59:32.665Z,1,13,2,0,0,0
00824-phy-212-linked-detail-unauthorized,2053526,PHY-212,linked_detail,linked_detail,https://canvas.oregonstate.edu/courses/2053526/quizzes/3160499/questions/59026271,https://canvas.oregonstate.edu/courses/2053526/quizzes/3160499/questions/59026271,Unauthorized,quiz,3160499,3,,,raw_html/00824-phy-212-linked-detail-unauthorized.html,text/00824-phy-212-linked-detail-unauthorized.txt,text/00824-phy-212-linked-detail-unauthorized.fulltext.txt,markdown/00824-phy-212-linked-detail-unauthorized.md,,metadata/00824-phy-212-linked-detail-unauthorized.json,3653477f726fae806af2f3ba454bd25118b2c37d27f16fb25cf663d6cb0d11cd,2b62e20d47d477eacda81c2beef0dbb06e7f4e1a1021b68e5f70be2917f36f5b,2026-07-30T20:59:34.718Z,1,13,2,0,0,0
00825-phy-212-linked-detail-unauthorized,2053526,PHY-212,linked_detail,linked_detail,https://canvas.oregonstate.edu/courses/2053526/quizzes/3160499/questions/59026272,https://canvas.oregonstate.edu/courses/2053526/quizzes/3160499/questions/59026272,Unauthorized,quiz,3160499,3,,,raw_html/00825-phy-212-linked-detail-unauthorized.html,text/00825-phy-212-linked-detail-unauthorized.txt,text/00825-phy-212-linked-detail-unauthorized.fulltext.txt,markdown/00825-phy-212-linked-detail-unauthorized.md,,metadata/00825-phy-212-linked-detail-unauthorized.json,91c6ec336c656e7174726d2f88ef607e1c69c964fdf0d53db1f2bee40f5c0d8b,2b62e20d47d477eacda81c2beef0dbb06e7f4e1a1021b68e5f70be2917f36f5b,2026-07-30T20:59:36.665Z,1,13,2,0,0,0
00826-phy-212-linked-detail-unauthorized,2053526,PHY-212,linked_detail,linked_detail,https://canvas.oregonstate.edu/courses/2053526/quizzes/3160499/questions/59026273,https://canvas.oregonstate.edu/courses/2053526/quizzes/3160499/questions/59026273,Unauthorized,quiz,3160499,3,,,raw_html/00826-phy-212-linked-detail-unauthorized.html,text/00826-phy-212-linked-detail-unauthorized.txt,text/00826-phy-212-linked-detail-unauthorized.fulltext.txt,markdown/00826-phy-212-linked-detail-unauthorized.md,,metadata/00826-phy-212-linked-detail-unauthorized.json,b06a42607a5aff35ab66af05b8bfcf35110106525cc99707d0a2feb06dd57a80,2b62e20d47d477eacda81c2beef0dbb06e7f4e1a1021b68e5f70be2917f36f5b,2026-07-30T20:59:39.016Z,1,13,2,0,0,0
00827-phy-212-linked-detail-unauthorized,2053526,PHY-212,linked_detail,linked_detail,https://canvas.oregonstate.edu/courses/2053526/quizzes/3160499/questions/59026274,https://canvas.oregonstate.edu/courses/2053526/quizzes/3160499/questions/59026274,Unauthorized,quiz,3160499,3,,,raw_html/00827-phy-212-linked-detail-unauthorized.html,text/00827-phy-212-linked-detail-unauthorized.txt,text/00827-phy-212-linked-detail-unauthorized.fulltext.txt,markdown/00827-phy-212-linked-detail-unauthorized.md,,metadata/00827-phy-212-linked-detail-unauthorized.json,d264d1a78fc015186689ca777b72699daaf32ea54569224f106500457c3b7a8d,2b62e20d47d477eacda81c2beef0dbb06e7f4e1a1021b68e5f70be2917f36f5b,2026-07-30T20:59:41.065Z,1,13,2,0,0,0
00828-phy-212-linked-detail-unauthorized,2053526,PHY-212,linked_detail,linked_detail,https://canvas.oregonstate.edu/courses/2053526/quizzes/3160499/questions/59026275,https://canvas.oregonstate.edu/courses/2053526/quizzes/3160499/questions/59026275,Unauthorized,quiz,3160499,3,,,raw_html/00828-phy-212-linked-detail-unauthorized.html,text/00828-phy-212-linked-detail-unauthorized.txt,text/00828-phy-212-linked-detail-unauthorized.fulltext.txt,markdown/00828-phy-212-linked-detail-unauthorized.md,,metadata/00828-phy-212-linked-detail-unauthorized.json,5f7f7400be4dafe451b2f57146f4dd472cc2c8622044aa9cebcec5e8630d8834,2b62e20d47d477eacda81c2beef0dbb06e7f4e1a1021b68e5f70be2917f36f5b,2026-07-30T20:59:43.016Z,1,13,2,0,0,0
00829-phy-212-linked-detail-unauthorized,2053526,PHY-212,linked_detail,linked_detail,https://canvas.oregonstate.edu/courses/2053526/quizzes/3160499/questions/59026276,https://canvas.oregonstate.edu/courses/2053526/quizzes/3160499/questions/59026276,Unauthorized,quiz,3160499,3,,,raw_html/00829-phy-212-linked-detail-unauthorized.html,text/00829-phy-212-linked-detail-unauthorized.txt,text/00829-phy-212-linked-detail-unauthorized.fulltext.txt,markdown/00829-phy-212-linked-detail-unauthorized.md,,metadata/00829-phy-212-linked-detail-unauthorized.json,9c758ee5bd1a8093fdb1cbd363e6db105a412310215e3a7af9477603a3168185,2b62e20d47d477eacda81c2beef0dbb06e7f4e1a1021b68e5f70be2917f36f5b,2026-07-30T20:59:45.569Z,1,13,2,0,0,0
00830-phy-212-linked-detail-unauthorized,2053526,PHY-212,linked_detail,linked_detail,https://canvas.oregonstate.edu/courses/2053526/quizzes/3160499/questions/59026277,https://canvas.oregonstate.edu/courses/2053526/quizzes/3160499/questions/59026277,Unauthorized,quiz,3160499,3,,,raw_html/00830-phy-212-linked-detail-unauthorized.html,text/00830-phy-212-linked-detail-unauthorized.txt,text/00830-phy-212-linked-detail-unauthorized.fulltext.txt,markdown/00830-phy-212-linked-detail-unauthorized.md,,metadata/00830-phy-212-linked-detail-unauthorized.json,baa56de32a6cb5ea4fa909bb160287c2c4585107cb824e0fbd61409015c9b495,2b62e20d47d477eacda81c2beef0dbb06e7f4e1a1021b68e5f70be2917f36f5b,2026-07-30T20:59:48.115Z,1,13,2,0,0,0
00831-phy-212-linked-detail-m3-1pre-general-physics-with-calculus-ph-212-400-u2026,2053526,PHY-212,linked_detail,linked_detail,https://canvas.oregonstate.edu/courses/2053526/quizzes/3160450/take?user_id=6660414,https://canvas.oregonstate.edu/courses/2053526/quizzes/3160450/take?user_id=6660414,M3-1pre: GENERAL PHYSICS WITH CALCULUS (PH_212_400_U2026),quiz,3160450,3,,,raw_html/00831-phy-212-linked-detail-m3-1pre-general-physics-with-calculus-ph-212-400-u2026.html,text/00831-phy-212-linked-detail-m3-1pre-general-physics-with-calculus-ph-212-400-u2026.txt,text/00831-phy-212-linked-detail-m3-1pre-general-physics-with-calculus-ph-212-400-u2026.fulltext.txt,markdown/00831-phy-212-linked-detail-m3-1pre-general-physics-with-calculus-ph-212-400-u2026.md,,metadata/00831-phy-212-linked-detail-m3-1pre-general-physics-with-calculus-ph-212-400-u2026.json,a190193c7629605d986da23ea130993e102c5d89e653449fd88de48c8b8430cb,81110438c3d241352f6cd95c97fe31fb758f323722e511df85688c503af95135,2026-07-30T20:59:50.922Z,2,35,2,0,0,0
00832-phy-212-linked-detail-m3-2pre-general-physics-with-calculus-ph-212-400-u2026,2053526,PHY-212,linked_detail,linked_detail,https://canvas.oregonstate.edu/courses/2053526/quizzes/3160492/take?user_id=6660414,https://canvas.oregonstate.edu/courses/2053526/quizzes/3160492/take?user_id=6660414,M3-2pre: GENERAL PHYSICS WITH CALCULUS (PH_212_400_U2026),quiz,3160492,3,,,raw_html/00832-phy-212-linked-detail-m3-2pre-general-physics-with-calculus-ph-212-400-u2026.html,text/00832-phy-212-linked-detail-m3-2pre-general-physics-with-calculus-ph-212-400-u2026.txt,text/00832-phy-212-linked-detail-m3-2pre-general-physics-with-calculus-ph-212-400-u2026.fulltext.txt,markdown/00832-phy-212-linked-detail-m3-2pre-general-physics-with-calculus-ph-212-400-u2026.md,,metadata/00832-phy-212-linked-detail-m3-2pre-general-physics-with-calculus-ph-212-400-u2026.json,045a6f9d9bf44030c2b5b0d7a1e18143b979517a34a1001dc25146cb324554aa,bdbedf8b49cb47bf7b944efc139e169e58eb9b69269c3cb76a2932eb2e2aad3d,2026-07-30T20:59:53.466Z,2,35,2,0,0,0
00833-phy-212-linked-detail-m3-1asy-general-physics-with-calculus-ph-212-400-u2026,2053526,PHY-212,linked_detail,linked_detail,https://canvas.oregonstate.edu/courses/2053526/quizzes/3160477/take?user_id=6660414,https://canvas.oregonstate.edu/courses/2053526/quizzes/3160477/take?user_id=6660414,M3-1asy: GENERAL PHYSICS WITH CALCULUS (PH_212_400_U2026),quiz,3160477,3,,,raw_html/00833-phy-212-linked-detail-m3-1asy-general-physics-with-calculus-ph-212-400-u2026.html,text/00833-phy-212-linked-detail-m3-1asy-general-physics-with-calculus-ph-212-400-u2026.txt,text/00833-phy-212-linked-detail-m3-1asy-general-physics-with-calculus-ph-212-400-u2026.fulltext.txt,markdown/00833-phy-212-linked-detail-m3-1asy-general-physics-with-calculus-ph-212-400-u2026.md,,metadata/00833-phy-212-linked-detail-m3-1asy-general-physics-with-calculus-ph-212-400-u2026.json,6f9a319c20315e765969cbfa482406105570c80b2d2e6fb312b8546113cd0069,979f0783e03fc853187f085f4504a449d16f56c3ecb6cc139e35c4c49d98db23,2026-07-30T20:59:55.673Z,4,36,2,0,0,0
00834-phy-212-linked-detail-m3-2asy-general-physics-with-calculus-ph-212-400-u2026,2053526,PHY-212,linked_detail,linked_detail,https://canvas.oregonstate.edu/courses/2053526/quizzes/3160468/take?user_id=6660414,https://canvas.oregonstate.edu/courses/2053526/quizzes/3160468/take?user_id=6660414,M3-2asy: GENERAL PHYSICS WITH CALCULUS (PH_212_400_U2026),quiz,3160468,3,,,raw_html/00834-phy-212-linked-detail-m3-2asy-general-physics-with-calculus-ph-212-400-u2026.html,text/00834-phy-212-linked-detail-m3-2asy-general-physics-with-calculus-ph-212-400-u2026.txt,text/00834-phy-212-linked-detail-m3-2asy-general-physics-with-calculus-ph-212-400-u2026.fulltext.txt,markdown/00834-phy-212-linked-detail-m3-2asy-general-physics-with-calculus-ph-212-400-u2026.md,,metadata/00834-phy-212-linked-detail-m3-2asy-general-physics-with-calculus-ph-212-400-u2026.json,7985c51e15e5bf8fb6ac648ea65ea8fb0e29a0bb223a3d0e60a5d8e6909dea5e,cb4aa6858042cfec99f7e3015bd76d617be8838e77168e4374af8b638b96bc1b,2026-07-30T20:59:57.971Z,4,36,2,0,0,0
00835-phy-212-linked-detail-excel-skills-handout-general-physics-with-calculus-ph-212-400-u2026,2053526,PHY-212,linked_detail,linked_detail,https://canvas.oregonstate.edu/courses/2053526/pages/excel-skills-handout-2,https://canvas.oregonstate.edu/courses/2053526/pages/excel-skills-handout-2,Excel Skills Handout: GENERAL PHYSICS WITH CALCULUS (PH_212_400_U2026),page,excel-skills-handout-2,3,,yes,raw_html/00835-phy-212-linked-detail-excel-skills-handout-general-physics-with-calculus-ph-212-400-u2026.html,text/00835-phy-212-linked-detail-excel-skills-handout-general-physics-with-calculus-ph-212-400-u2026.txt,text/00835-phy-212-linked-detail-excel-skills-handout-general-physics-with-calculus-ph-212-400-u2026.fulltext.txt,markdown/00835-phy-212-linked-detail-excel-skills-handout-general-physics-with-calculus-ph-212-400-u2026.md,,metadata/00835-phy-212-linked-detail-excel-skills-handout-general-physics-with-calculus-ph-212-400-u2026.json,9f495ba4903ecdc86f510b2f0896bdd41bae3881d6de20c4cbd991b5722f4cd4,75c358df872e2b20fcbb7357de4b599101352133e1ca364fdf7375f3a5e38551,2026-07-30T21:00:01.329Z,7,59,8,0,0,0
00836-phy-212-linked-detail-hw-6-oscillations-general-physics-with-calculus-ph-212-400-u2026,2053526,PHY-212,linked_detail,linked_detail,https://canvas.oregonstate.edu/courses/2053526/quizzes/3160513/take?user_id=6660414,https://canvas.oregonstate.edu/courses/2053526/quizzes/3160513/take?user_id=6660414,Hw 6 - Oscillations: GENERAL PHYSICS WITH CALCULUS (PH_212_400_U2026),quiz,3160513,3,,,raw_html/00836-phy-212-linked-detail-hw-6-oscillations-general-physics-with-calculus-ph-212-400-u2026.html,text/00836-phy-212-linked-detail-hw-6-oscillations-general-physics-with-calculus-ph-212-400-u2026.txt,text/00836-phy-212-linked-detail-hw-6-oscillations-general-physics-with-calculus-ph-212-400-u2026.fulltext.txt,markdown/00836-phy-212-linked-detail-hw-6-oscillations-general-physics-with-calculus-ph-212-400-u2026.md,,metadata/00836-phy-212-linked-detail-hw-6-oscillations-general-physics-with-calculus-ph-212-400-u2026.json,5750bb2db9744b24a3201c21ad3b51d90f7db1ccf61f9cee6028016dcec644ae,4e36b6899d2a54cee71322293b1b851a6d96cfecdba0f82df5a1630f2113f245,2026-07-30T21:00:05.779Z,2,79,2,0,0,0
00837-phy-212-linked-detail-jacob-peterson-s-quiz-history-hw-6-oscillations,2053526,PHY-212,linked_detail,linked_detail,https://canvas.oregonstate.edu/courses/2053526/quizzes/3160513/history?version=1,https://canvas.oregonstate.edu/courses/2053526/quizzes/3160513/history?version=1,Jacob Peterson's Quiz History: Hw 6 - Oscillations,quiz,3160513,3,,,raw_html/00837-phy-212-linked-detail-jacob-peterson-s-quiz-history-hw-6-oscillations.html,text/00837-phy-212-linked-detail-jacob-peterson-s-quiz-history-hw-6-oscillations.txt,text/00837-phy-212-linked-detail-jacob-peterson-s-quiz-history-hw-6-oscillations.fulltext.txt,markdown/00837-phy-212-linked-detail-jacob-peterson-s-quiz-history-hw-6-oscillations.md,,metadata/00837-phy-212-linked-detail-jacob-peterson-s-quiz-history-hw-6-oscillations.json,2530ddae30bacb6c1784ecadc5229d2296a28cca2e4f62b13650c20dc6ebb54b,485cacad4d3467da4c2cc99a40555e82b675707c2163e3d13a0835aa6f572041,2026-07-30T21:00:09.154Z,1,79,2,0,0,0
00838-phy-212-linked-detail-hw-6-oscillations-general-physics-with-calculus-ph-212-400-u2026,2053526,PHY-212,linked_detail,linked_detail,https://canvas.oregonstate.edu/courses/2053526/quizzes/3160513#,https://canvas.oregonstate.edu/courses/2053526/quizzes/3160513#,Hw 6 - Oscillations: GENERAL PHYSICS WITH CALCULUS (PH_212_400_U2026),quiz,3160513,3,,,raw_html/00838-phy-212-linked-detail-hw-6-oscillations-general-physics-with-calculus-ph-212-400-u2026.html,text/00838-phy-212-linked-detail-hw-6-oscillations-general-physics-with-calculus-ph-212-400-u2026.txt,text/00838-phy-212-linked-detail-hw-6-oscillations-general-physics-with-calculus-ph-212-400-u2026.fulltext.txt,markdown/00838-phy-212-linked-detail-hw-6-oscillations-general-physics-with-calculus-ph-212-400-u2026.md,,metadata/00838-phy-212-linked-detail-hw-6-oscillations-general-physics-with-calculus-ph-212-400-u2026.json,5566fda133d5dec1781696555dd6f079a843f248e4acc6949f38f72261c7b0f1,a4f91244a5ef46b67349da44aa50998ce870e7e8048a9d59fefc945b6a614256,2026-07-30T21:00:12.476Z,2,79,2,0,0,0
00839-phy-212-linked-detail-unauthorized,2053526,PHY-212,linked_detail,linked_detail,https://canvas.oregonstate.edu/courses/2053526/quizzes/3160513/questions/59026334,https://canvas.oregonstate.edu/courses/2053526/quizzes/3160513/questions/59026334,Unauthorized,quiz,3160513,3,,,raw_html/00839-phy-212-linked-detail-unauthorized.html,text/00839-phy-212-linked-detail-unauthorized.txt,text/00839-phy-212-linked-detail-unauthorized.fulltext.txt,markdown/00839-phy-212-linked-detail-unauthorized.md,,metadata/00839-phy-212-linked-detail-unauthorized.json,e83dc6a28c7101bf2788e16b5b5d7f370f01a1360f568af49265e7bc8ec18e1d,2b62e20d47d477eacda81c2beef0dbb06e7f4e1a1021b68e5f70be2917f36f5b,2026-07-30T21:00:14.919Z,1,13,2,0,0,0
00840-phy-212-linked-detail-unauthorized,2053526,PHY-212,linked_detail,linked_detail,https://canvas.oregonstate.edu/courses/2053526/quizzes/3160513/questions/59026335,https://canvas.oregonstate.edu/courses/2053526/quizzes/3160513/questions/59026335,Unauthorized,quiz,3160513,3,,,raw_html/00840-phy-212-linked-detail-unauthorized.html,text/00840-phy-212-linked-detail-unauthorized.txt,text/00840-phy-212-linked-detail-unauthorized.fulltext.txt,markdown/00840-phy-212-linked-detail-unauthorized.md,,metadata/00840-phy-212-linked-detail-unauthorized.json,964a9433bd2546feb3228db067c7f56d89d610dd8cd1870686aa5cd004eae8a4,2b62e20d47d477eacda81c2beef0dbb06e7f4e1a1021b68e5f70be2917f36f5b,2026-07-30T21:00:17.415Z,1,13,2,0,0,0
00841-phy-212-linked-detail-unauthorized,2053526,PHY-212,linked_detail,linked_detail,https://canvas.oregonstate.edu/courses/2053526/quizzes/3160513/questions/59026336,https://canvas.oregonstate.edu/courses/2053526/quizzes/3160513/questions/59026336,Unauthorized,quiz,3160513,3,,,raw_html/00841-phy-212-linked-detail-unauthorized.html,text/00841-phy-212-linked-detail-unauthorized.txt,text/00841-phy-212-linked-detail-unauthorized.fulltext.txt,markdown/00841-phy-212-linked-detail-unauthorized.md,,metadata/00841-phy-212-linked-detail-unauthorized.json,61bde2c6d6d69a3bbd17e5779cdc2fb39bd4383efc05c13b71842efeae582cef,2b62e20d47d477eacda81c2beef0dbb06e7f4e1a1021b68e5f70be2917f36f5b,2026-07-30T21:00:19.617Z,1,13,2,0,0,0
00842-phy-212-linked-detail-unauthorized,2053526,PHY-212,linked_detail,linked_detail,https://canvas.oregonstate.edu/courses/2053526/quizzes/3160513/questions/59026337,https://canvas.oregonstate.edu/courses/2053526/quizzes/3160513/questions/59026337,Unauthorized,quiz,3160513,3,,,raw_html/00842-phy-212-linked-detail-unauthorized.html,text/00842-phy-212-linked-detail-unauthorized.txt,text/00842-phy-212-linked-detail-unauthorized.fulltext.txt,markdown/00842-phy-212-linked-detail-unauthorized.md,,metadata/00842-phy-212-linked-detail-unauthorized.json,b49f71a43e37bee4d71451130499b08c74c04bf886157458bd083c36de943cb9,2b62e20d47d477eacda81c2beef0dbb06e7f4e1a1021b68e5f70be2917f36f5b,2026-07-30T21:00:22.029Z,1,13,2,0,0,0
00843-phy-212-linked-detail-unauthorized,2053526,PHY-212,linked_detail,linked_detail,https://canvas.oregonstate.edu/courses/2053526/quizzes/3160513/questions/59026338,https://canvas.oregonstate.edu/courses/2053526/quizzes/3160513/questions/59026338,Unauthorized,quiz,3160513,3,,,raw_html/00843-phy-212-linked-detail-unauthorized.html,text/00843-phy-212-linked-detail-unauthorized.txt,text/00843-phy-212-linked-detail-unauthorized.fulltext.txt,markdown/00843-phy-212-linked-detail-unauthorized.md,,metadata/00843-phy-212-linked-detail-unauthorized.json,45a9cb6bebda4fa67237dce6b03ce5ca7bfac3924f682e6fa98b82a6733cd1e5,2b62e20d47d477eacda81c2beef0dbb06e7f4e1a1021b68e5f70be2917f36f5b,2026-07-30T21:00:23.915Z,1,13,2,0,0,0
00844-phy-212-linked-detail-unauthorized,2053526,PHY-212,linked_detail,linked_detail,https://canvas.oregonstate.edu/courses/2053526/quizzes/3160513/questions/59026339,https://canvas.oregonstate.edu/courses/2053526/quizzes/3160513/questions/59026339,Unauthorized,quiz,3160513,3,,,raw_html/00844-phy-212-linked-detail-unauthorized.html,text/00844-phy-212-linked-detail-unauthorized.txt,text/00844-phy-212-linked-detail-unauthorized.fulltext.txt,markdown/00844-phy-212-linked-detail-unauthorized.md,,metadata/00844-phy-212-linked-detail-unauthorized.json,1633fcf3f924682d0e7518bf332d5729177b90aaf9054cdde4dac2a6b7c0ffb2,2b62e20d47d477eacda81c2beef0dbb06e7f4e1a1021b68e5f70be2917f36f5b,2026-07-30T21:00:25.824Z,1,13,2,0,0,0
00845-phy-212-linked-detail-unauthorized,2053526,PHY-212,linked_detail,linked_detail,https://canvas.oregonstate.edu/courses/2053526/quizzes/3160513/questions/59026340,https://canvas.oregonstate.edu/courses/2053526/quizzes/3160513/questions/59026340,Unauthorized,quiz,3160513,3,,,raw_html/00845-phy-212-linked-detail-unauthorized.html,text/00845-phy-212-linked-detail-unauthorized.txt,text/00845-phy-212-linked-detail-unauthorized.fulltext.txt,markdown/00845-phy-212-linked-detail-unauthorized.md,,metadata/00845-phy-212-linked-detail-unauthorized.json,358d3a9726ceaf0e98dcfa844c09b44d7af74a7bcd28db0647545c77b62e6bdf,2b62e20d47d477eacda81c2beef0dbb06e7f4e1a1021b68e5f70be2917f36f5b,2026-07-30T21:00:27.874Z,1,13,2,0,0,0
00846-phy-212-linked-detail-unauthorized,2053526,PHY-212,linked_detail,linked_detail,https://canvas.oregonstate.edu/courses/2053526/quizzes/3160513/questions/59026341,https://canvas.oregonstate.edu/courses/2053526/quizzes/3160513/questions/59026341,Unauthorized,quiz,3160513,3,,,raw_html/00846-phy-212-linked-detail-unauthorized.html,text/00846-phy-212-linked-detail-unauthorized.txt,text/00846-phy-212-linked-detail-unauthorized.fulltext.txt,markdown/00846-phy-212-linked-detail-unauthorized.md,,metadata/00846-phy-212-linked-detail-unauthorized.json,cddf140d28899c5822df3b1977bb313667cc7cff36eaeb0af95709f6e69c6c4e,2b62e20d47d477eacda81c2beef0dbb06e7f4e1a1021b68e5f70be2917f36f5b,2026-07-30T21:00:29.924Z,1,13,2,0,0,0
00847-phy-212-linked-detail-unauthorized,2053526,PHY-212,linked_detail,linked_detail,https://canvas.oregonstate.edu/courses/2053526/quizzes/3160513/questions/59026342,https://canvas.oregonstate.edu/courses/2053526/quizzes/3160513/questions/59026342,Unauthorized,quiz,3160513,3,,,raw_html/00847-phy-212-linked-detail-unauthorized.html,text/00847-phy-212-linked-detail-unauthorized.txt,text/00847-phy-212-linked-detail-unauthorized.fulltext.txt,markdown/00847-phy-212-linked-detail-unauthorized.md,,metadata/00847-phy-212-linked-detail-unauthorized.json,11d0010b3be1585e7bce3d281028771280255ec07293ecdc51b6aa9bbdb859b0,2b62e20d47d477eacda81c2beef0dbb06e7f4e1a1021b68e5f70be2917f36f5b,2026-07-30T21:00:32.074Z,1,13,2,0,0,0
00848-phy-212-linked-detail-unauthorized,2053526,PHY-212,linked_detail,linked_detail,https://canvas.oregonstate.edu/courses/2053526/quizzes/3160513/questions/59026343,https://canvas.oregonstate.edu/courses/2053526/quizzes/3160513/questions/59026343,Unauthorized,quiz,3160513,3,,,raw_html/00848-phy-212-linked-detail-unauthorized.html,text/00848-phy-212-linked-detail-unauthorized.txt,text/00848-phy-212-linked-detail-unauthorized.fulltext.txt,markdown/00848-phy-212-linked-detail-unauthorized.md,,metadata/00848-phy-212-linked-detail-unauthorized.json,692073cf499b11dec0c1619d8c845447807e081cedf43d69ccfc0b5a7140058e,2b62e20d47d477eacda81c2beef0dbb06e7f4e1a1021b68e5f70be2917f36f5b,2026-07-30T21:00:34.065Z,1,13,2,0,0,0
00849-phy-212-linked-detail-unauthorized,2053526,PHY-212,linked_detail,linked_detail,https://canvas.oregonstate.edu/courses/2053526/quizzes/3160513/questions/59026344,https://canvas.oregonstate.edu/courses/2053526/quizzes/3160513/questions/59026344,Unauthorized,quiz,3160513,3,,,raw_html/00849-phy-212-linked-detail-unauthorized.html,text/00849-phy-212-linked-detail-unauthorized.txt,text/00849-phy-212-linked-detail-unauthorized.fulltext.txt,markdown/00849-phy-212-linked-detail-unauthorized.md,,metadata/00849-phy-212-linked-detail-unauthorized.json,48d75601c6a6218be6439a4bc7ecf19e925248fb46aaa6b8be92931a78c558b9,2b62e20d47d477eacda81c2beef0dbb06e7f4e1a1021b68e5f70be2917f36f5b,2026-07-30T21:00:36.018Z,1,13,2,0,0,0
00850-phy-212-linked-detail-unauthorized,2053526,PHY-212,linked_detail,linked_detail,https://canvas.oregonstate.edu/courses/2053526/quizzes/3160513/questions/59026345,https://canvas.oregonstate.edu/courses/2053526/quizzes/3160513/questions/59026345,Unauthorized,quiz,3160513,3,,,raw_html/00850-phy-212-linked-detail-unauthorized.html,text/00850-phy-212-linked-detail-unauthorized.txt,text/00850-phy-212-linked-detail-unauthorized.fulltext.txt,markdown/00850-phy-212-linked-detail-unauthorized.md,,metadata/00850-phy-212-linked-detail-unauthorized.json,e4ac600ad5fb36d1105b929a320cf4be02a4460ebdebb5badb1d0bd1b765e8a6,2b62e20d47d477eacda81c2beef0dbb06e7f4e1a1021b68e5f70be2917f36f5b,2026-07-30T21:00:38.015Z,1,13,2,0,0,0
00851-phy-212-linked-detail-unauthorized,2053526,PHY-212,linked_detail,linked_detail,https://canvas.oregonstate.edu/courses/2053526/quizzes/3160513/questions/59026346,https://canvas.oregonstate.edu/courses/2053526/quizzes/3160513/questions/59026346,Unauthorized,quiz,3160513,3,,,raw_html/00851-phy-212-linked-detail-unauthorized.html,text/00851-phy-212-linked-detail-unauthorized.txt,text/00851-phy-212-linked-detail-unauthorized.fulltext.txt,markdown/00851-phy-212-linked-detail-unauthorized.md,,metadata/00851-phy-212-linked-detail-unauthorized.json,e8eb42d8116ff36872194ee59344064e8007a0efe275af0d764bb0e1e0eab7c2,2b62e20d47d477eacda81c2beef0dbb06e7f4e1a1021b68e5f70be2917f36f5b,2026-07-30T21:00:39.965Z,1,13,2,0,0,0
00852-phy-212-linked-detail-unauthorized,2053526,PHY-212,linked_detail,linked_detail,https://canvas.oregonstate.edu/courses/2053526/quizzes/3160513/questions/59026347,https://canvas.oregonstate.edu/courses/2053526/quizzes/3160513/questions/59026347,Unauthorized,quiz,3160513,3,,,raw_html/00852-phy-212-linked-detail-unauthorized.html,text/00852-phy-212-linked-detail-unauthorized.txt,text/00852-phy-212-linked-detail-unauthorized.fulltext.txt,markdown/00852-phy-212-linked-detail-unauthorized.md,,metadata/00852-phy-212-linked-detail-unauthorized.json,957f8e49b89404c96286d478a5ff3be7a1d44228aff3195def60275fe3677ff6,2b62e20d47d477eacda81c2beef0dbb06e7f4e1a1021b68e5f70be2917f36f5b,2026-07-30T21:00:42.074Z,1,13,2,0,0,0
00853-phy-212-linked-detail-m4-1pre-general-physics-with-calculus-ph-212-400-u2026,2053526,PHY-212,linked_detail,linked_detail,https://canvas.oregonstate.edu/courses/2053526/quizzes/3160495/take?user_id=6660414,https://canvas.oregonstate.edu/courses/2053526/quizzes/3160495/take?user_id=6660414,M4-1pre: GENERAL PHYSICS WITH CALCULUS (PH_212_400_U2026),quiz,3160495,3,,,raw_html/00853-phy-212-linked-detail-m4-1pre-general-physics-with-calculus-ph-212-400-u2026.html,text/00853-phy-212-linked-detail-m4-1pre-general-physics-with-calculus-ph-212-400-u2026.txt,text/00853-phy-212-linked-detail-m4-1pre-general-physics-with-calculus-ph-212-400-u2026.fulltext.txt,markdown/00853-phy-212-linked-detail-m4-1pre-general-physics-with-calculus-ph-212-400-u2026.md,,metadata/00853-phy-212-linked-detail-m4-1pre-general-physics-with-calculus-ph-212-400-u2026.json,7cfd1169fc9fb5974039ce8188f12105c4e4bab5a1bef3b50c7cb56aaee4df34,dcb2afee5caf6181b0f648b06e0fbd8205add47081e42fb7281d1e54b7ce4c4b,2026-07-30T21:00:44.170Z,2,35,2,0,0,0
00854-phy-212-linked-detail-m4-2pre-general-physics-with-calculus-ph-212-400-u2026,2053526,PHY-212,linked_detail,linked_detail,https://canvas.oregonstate.edu/courses/2053526/quizzes/3160443/take?user_id=6660414,https://canvas.oregonstate.edu/courses/2053526/quizzes/3160443/take?user_id=6660414,M4-2pre: GENERAL PHYSICS WITH CALCULUS (PH_212_400_U2026),quiz,3160443,3,,,raw_html/00854-phy-212-linked-detail-m4-2pre-general-physics-with-calculus-ph-212-400-u2026.html,text/00854-phy-212-linked-detail-m4-2pre-general-physics-with-calculus-ph-212-400-u2026.txt,text/00854-phy-212-linked-detail-m4-2pre-general-physics-with-calculus-ph-212-400-u2026.fulltext.txt,markdown/00854-phy-212-linked-detail-m4-2pre-general-physics-with-calculus-ph-212-400-u2026.md,,metadata/00854-phy-212-linked-detail-m4-2pre-general-physics-with-calculus-ph-212-400-u2026.json,34d4f91e6a918cfd1a8a3201b4e56345ad2236a4f2729559f7b32ac2775d379d,d9788f0db8d07fba278af79e45d9a67497fe8b0857ac4290e8e83175167c9005,2026-07-30T21:00:46.266Z,2,35,2,0,0,0
00855-phy-212-linked-detail-m4-1asy-general-physics-with-calculus-ph-212-400-u2026,2053526,PHY-212,linked_detail,linked_detail,https://canvas.oregonstate.edu/courses/2053526/quizzes/3160490/take?user_id=6660414,https://canvas.oregonstate.edu/courses/2053526/quizzes/3160490/take?user_id=6660414,M4-1asy: GENERAL PHYSICS WITH CALCULUS (PH_212_400_U2026),quiz,3160490,3,,,raw_html/00855-phy-212-linked-detail-m4-1asy-general-physics-with-calculus-ph-212-400-u2026.html,text/00855-phy-212-linked-detail-m4-1asy-general-physics-with-calculus-ph-212-400-u2026.txt,text/00855-phy-212-linked-detail-m4-1asy-general-physics-with-calculus-ph-212-400-u2026.fulltext.txt,markdown/00855-phy-212-linked-detail-m4-1asy-general-physics-with-calculus-ph-212-400-u2026.md,,metadata/00855-phy-212-linked-detail-m4-1asy-general-physics-with-calculus-ph-212-400-u2026.json,499ce33625c318dc9533f2ca0a845b1084c2ffa8acaf18d0a32ee427ce1c2577,a54ba2fa948cb959d68ff165890a1991a44f5b6630718056cf22c48712ad3915,2026-07-30T21:00:48.721Z,4,36,2,0,0,0
00856-phy-212-linked-detail-m4-2asy-general-physics-with-calculus-ph-212-400-u2026,2053526,PHY-212,linked_detail,linked_detail,https://canvas.oregonstate.edu/courses/2053526/quizzes/3160486/take?user_id=6660414,https://canvas.oregonstate.edu/courses/2053526/quizzes/3160486/take?user_id=6660414,M4-2asy: GENERAL PHYSICS WITH CALCULUS (PH_212_400_U2026),quiz,3160486,3,,,raw_html/00856-phy-212-linked-detail-m4-2asy-general-physics-with-calculus-ph-212-400-u2026.html,text/00856-phy-212-linked-detail-m4-2asy-general-physics-with-calculus-ph-212-400-u2026.txt,text/00856-phy-212-linked-detail-m4-2asy-general-physics-with-calculus-ph-212-400-u2026.fulltext.txt,markdown/00856-phy-212-linked-detail-m4-2asy-general-physics-with-calculus-ph-212-400-u2026.md,,metadata/00856-phy-212-linked-detail-m4-2asy-general-physics-with-calculus-ph-212-400-u2026.json,3a6d7c286ba4304694db4c3848049ac940a99e2395f32bb0b4eb64fa52c8a352,b29eaec6717956d88c678b919b2851a3326dc483019caccf6b4cf9885333fc39,2026-07-30T21:00:50.918Z,4,36,2,0,0,0
00857-phy-212-linked-detail-hw-7-waves-general-physics-with-calculus-ph-212-400-u2026,2053526,PHY-212,linked_detail,linked_detail,https://canvas.oregonstate.edu/courses/2053526/quizzes/3160478/take?user_id=6660414,https://canvas.oregonstate.edu/courses/2053526/quizzes/3160478/take?user_id=6660414,Hw 7 - Waves: GENERAL PHYSICS WITH CALCULUS (PH_212_400_U2026),quiz,3160478,3,,,raw_html/00857-phy-212-linked-detail-hw-7-waves-general-physics-with-calculus-ph-212-400-u2026.html,text/00857-phy-212-linked-detail-hw-7-waves-general-physics-with-calculus-ph-212-400-u2026.txt,text/00857-phy-212-linked-detail-hw-7-waves-general-physics-with-calculus-ph-212-400-u2026.fulltext.txt,markdown/00857-phy-212-linked-detail-hw-7-waves-general-physics-with-calculus-ph-212-400-u2026.md,,metadata/00857-phy-212-linked-detail-hw-7-waves-general-physics-with-calculus-ph-212-400-u2026.json,cef4f4b069534630846aa106acc3c83c8afb76e9687757c33a9ac9d97ead9438,ca76c308dfddf58d5358cc85637fafcc796788a53c8b8efc2c70dd689b6e0af8,2026-07-30T21:00:54.420Z,2,66,2,0,0,0
00858-phy-212-linked-detail-jacob-peterson-s-quiz-history-hw-7-waves,2053526,PHY-212,linked_detail,linked_detail,https://canvas.oregonstate.edu/courses/2053526/quizzes/3160478/history?version=1,https://canvas.oregonstate.edu/courses/2053526/quizzes/3160478/history?version=1,Jacob Peterson's Quiz History: Hw 7 - Waves,quiz,3160478,3,,,raw_html/00858-phy-212-linked-detail-jacob-peterson-s-quiz-history-hw-7-waves.html,text/00858-phy-212-linked-detail-jacob-peterson-s-quiz-history-hw-7-waves.txt,text/00858-phy-212-linked-detail-jacob-peterson-s-quiz-history-hw-7-waves.fulltext.txt,markdown/00858-phy-212-linked-detail-jacob-peterson-s-quiz-history-hw-7-waves.md,,metadata/00858-phy-212-linked-detail-jacob-peterson-s-quiz-history-hw-7-waves.json,574ea481b79e2e005b75bf1a551029c22e9ec0610eaa01260fdbb9752ac0af0d,3c5a8f2bc9ecdc76d3f0e2c7b231ef083bdb4b1d5d39bb503a7ce5309212ceeb,2026-07-30T21:00:57.507Z,1,66,2,0,0,0
00859-phy-212-linked-detail-hw-7-waves-general-physics-with-calculus-ph-212-400-u2026,2053526,PHY-212,linked_detail,linked_detail,https://canvas.oregonstate.edu/courses/2053526/quizzes/3160478#,https://canvas.oregonstate.edu/courses/2053526/quizzes/3160478#,Hw 7 - Waves: GENERAL PHYSICS WITH CALCULUS (PH_212_400_U2026),quiz,3160478,3,,,raw_html/00859-phy-212-linked-detail-hw-7-waves-general-physics-with-calculus-ph-212-400-u2026.html,text/00859-phy-212-linked-detail-hw-7-waves-general-physics-with-calculus-ph-212-400-u2026.txt,text/00859-phy-212-linked-detail-hw-7-waves-general-physics-with-calculus-ph-212-400-u2026.fulltext.txt,markdown/00859-phy-212-linked-detail-hw-7-waves-general-physics-with-calculus-ph-212-400-u2026.md,,metadata/00859-phy-212-linked-detail-hw-7-waves-general-physics-with-calculus-ph-212-400-u2026.json,cf9d2e6b3d51f5ff848f2f237760f1dafcabe30df76fcc5833e51fd787fae4e2,d875cba99dcd5a444d689fa43c45428a8ee1c109ea842c0d7f44693467840385,2026-07-30T21:01:00.473Z,3,67,2,0,0,0
00860-phy-212-linked-detail-unauthorized,2053526,PHY-212,linked_detail,linked_detail,https://canvas.oregonstate.edu/courses/2053526/quizzes/3160478/questions/59026174,https://canvas.oregonstate.edu/courses/2053526/quizzes/3160478/questions/59026174,Unauthorized,quiz,3160478,3,,,raw_html/00860-phy-212-linked-detail-unauthorized.html,text/00860-phy-212-linked-detail-unauthorized.txt,text/00860-phy-212-linked-detail-unauthorized.fulltext.txt,markdown/00860-phy-212-linked-detail-unauthorized.md,,metadata/00860-phy-212-linked-detail-unauthorized.json,65e885dfb0c8e134ddea48221048bdb0e1666981df03a1128b5a02472bc9f1b0,2b62e20d47d477eacda81c2beef0dbb06e7f4e1a1021b68e5f70be2917f36f5b,2026-07-30T21:01:02.524Z,1,13,2,0,0,0
00861-phy-212-linked-detail-unauthorized,2053526,PHY-212,linked_detail,linked_detail,https://canvas.oregonstate.edu/courses/2053526/quizzes/3160478/questions/59026175,https://canvas.oregonstate.edu/courses/2053526/quizzes/3160478/questions/59026175,Unauthorized,quiz,3160478,3,,,raw_html/00861-phy-212-linked-detail-unauthorized.html,text/00861-phy-212-linked-detail-unauthorized.txt,text/00861-phy-212-linked-detail-unauthorized.fulltext.txt,markdown/00861-phy-212-linked-detail-unauthorized.md,,metadata/00861-phy-212-linked-detail-unauthorized.json,c292a39a3476edee353f10a40d50dbd67fe1a531ba0fc3e95e8b890db32dd32b,2b62e20d47d477eacda81c2beef0dbb06e7f4e1a1021b68e5f70be2917f36f5b,2026-07-30T21:01:04.515Z,1,13,2,0,0,0
00862-phy-212-linked-detail-unauthorized,2053526,PHY-212,linked_detail,linked_detail,https://canvas.oregonstate.edu/courses/2053526/quizzes/3160478/questions/59026176,https://canvas.oregonstate.edu/courses/2053526/quizzes/3160478/questions/59026176,Unauthorized,quiz,3160478,3,,,raw_html/00862-phy-212-linked-detail-unauthorized.html,text/00862-phy-212-linked-detail-unauthorized.txt,text/00862-phy-212-linked-detail-unauthorized.fulltext.txt,markdown/00862-phy-212-linked-detail-unauthorized.md,,metadata/00862-phy-212-linked-detail-unauthorized.json,ce6f8b6ed86c8d785c986ec313e8156715581017ef18c0143786569ff28661a5,2b62e20d47d477eacda81c2beef0dbb06e7f4e1a1021b68e5f70be2917f36f5b,2026-07-30T21:01:06.567Z,1,13,2,0,0,0
00863-phy-212-linked-detail-unauthorized,2053526,PHY-212,linked_detail,linked_detail,https://canvas.oregonstate.edu/courses/2053526/quizzes/3160478/questions/59026177,https://canvas.oregonstate.edu/courses/2053526/quizzes/3160478/questions/59026177,Unauthorized,quiz,3160478,3,,,raw_html/00863-phy-212-linked-detail-unauthorized.html,text/00863-phy-212-linked-detail-unauthorized.txt,text/00863-phy-212-linked-detail-unauthorized.fulltext.txt,markdown/00863-phy-212-linked-detail-unauthorized.md,,metadata/00863-phy-212-linked-detail-unauthorized.json,cacacaac6779f2b45ee3992ba71a13563916ab0502b4e882498447d183ad614b,2b62e20d47d477eacda81c2beef0dbb06e7f4e1a1021b68e5f70be2917f36f5b,2026-07-30T21:01:08.723Z,1,13,2,0,0,0
00864-phy-212-linked-detail-unauthorized,2053526,PHY-212,linked_detail,linked_detail,https://canvas.oregonstate.edu/courses/2053526/quizzes/3160478/questions/59026178,https://canvas.oregonstate.edu/courses/2053526/quizzes/3160478/questions/59026178,Unauthorized,quiz,3160478,3,,,raw_html/00864-phy-212-linked-detail-unauthorized.html,text/00864-phy-212-linked-detail-unauthorized.txt,text/00864-phy-212-linked-detail-unauthorized.fulltext.txt,markdown/00864-phy-212-linked-detail-unauthorized.md,,metadata/00864-phy-212-linked-detail-unauthorized.json,2410a0e8022d6e3d33585591e8a635dd3095a062ddbd0517878e4ca955e902a1,2b62e20d47d477eacda81c2beef0dbb06e7f4e1a1021b68e5f70be2917f36f5b,2026-07-30T21:01:10.767Z,1,13,2,0,0,0
00865-phy-212-linked-detail-unauthorized,2053526,PHY-212,linked_detail,linked_detail,https://canvas.oregonstate.edu/courses/2053526/quizzes/3160478/questions/59026179,https://canvas.oregonstate.edu/courses/2053526/quizzes/3160478/questions/59026179,Unauthorized,quiz,3160478,3,,,raw_html/00865-phy-212-linked-detail-unauthorized.html,text/00865-phy-212-linked-detail-unauthorized.txt,text/00865-phy-212-linked-detail-unauthorized.fulltext.txt,markdown/00865-phy-212-linked-detail-unauthorized.md,,metadata/00865-phy-212-linked-detail-unauthorized.json,7d9ec80227201a5717c388d9268af972376113c85c55ca53f41600686dfbd3c0,2b62e20d47d477eacda81c2beef0dbb06e7f4e1a1021b68e5f70be2917f36f5b,2026-07-30T21:01:13.170Z,1,13,2,0,0,0
00866-phy-212-linked-detail-unauthorized,2053526,PHY-212,linked_detail,linked_detail,https://canvas.oregonstate.edu/courses/2053526/quizzes/3160478/questions/59026180,https://canvas.oregonstate.edu/courses/2053526/quizzes/3160478/questions/59026180,Unauthorized,quiz,3160478,3,,,raw_html/00866-phy-212-linked-detail-unauthorized.html,text/00866-phy-212-linked-detail-unauthorized.txt,text/00866-phy-212-linked-detail-unauthorized.fulltext.txt,markdown/00866-phy-212-linked-detail-unauthorized.md,,metadata/00866-phy-212-linked-detail-unauthorized.json,89def205ef55325ca84c654de3257361071e65a65655724cf7ca2e2c5e364264,2b62e20d47d477eacda81c2beef0dbb06e7f4e1a1021b68e5f70be2917f36f5b,2026-07-30T21:01:15.215Z,1,13,2,0,0,0
00867-phy-212-linked-detail-unauthorized,2053526,PHY-212,linked_detail,linked_detail,https://canvas.oregonstate.edu/courses/2053526/quizzes/3160478/questions/59026181,https://canvas.oregonstate.edu/courses/2053526/quizzes/3160478/questions/59026181,Unauthorized,quiz,3160478,3,,,raw_html/00867-phy-212-linked-detail-unauthorized.html,text/00867-phy-212-linked-detail-unauthorized.txt,text/00867-phy-212-linked-detail-unauthorized.fulltext.txt,markdown/00867-phy-212-linked-detail-unauthorized.md,,metadata/00867-phy-212-linked-detail-unauthorized.json,8a9ce87f4c73c6e2b2fb3064178e9901edd6b60706413ccc6b2204e706a4d290,2b62e20d47d477eacda81c2beef0dbb06e7f4e1a1021b68e5f70be2917f36f5b,2026-07-30T21:01:17.372Z,1,13,2,0,0,0
00868-phy-212-linked-detail-unauthorized,2053526,PHY-212,linked_detail,linked_detail,https://canvas.oregonstate.edu/courses/2053526/quizzes/3160478/questions/59026182,https://canvas.oregonstate.edu/courses/2053526/quizzes/3160478/questions/59026182,Unauthorized,quiz,3160478,3,,,raw_html/00868-phy-212-linked-detail-unauthorized.html,text/00868-phy-212-linked-detail-unauthorized.txt,text/00868-phy-212-linked-detail-unauthorized.fulltext.txt,markdown/00868-phy-212-linked-detail-unauthorized.md,,metadata/00868-phy-212-linked-detail-unauthorized.json,8c33f2afb26512684ec6961e5205a0f13eba1b2ea6c1ddcfd667afa9108b9c1b,2b62e20d47d477eacda81c2beef0dbb06e7f4e1a1021b68e5f70be2917f36f5b,2026-07-30T21:01:19.670Z,1,13,2,0,0,0
00869-phy-212-linked-detail-unauthorized,2053526,PHY-212,linked_detail,linked_detail,https://canvas.oregonstate.edu/courses/2053526/quizzes/3160478/questions/59026183,https://canvas.oregonstate.edu/courses/2053526/quizzes/3160478/questions/59026183,Unauthorized,quiz,3160478,3,,,raw_html/00869-phy-212-linked-detail-unauthorized.html,text/00869-phy-212-linked-detail-unauthorized.txt,text/00869-phy-212-linked-detail-unauthorized.fulltext.txt,markdown/00869-phy-212-linked-detail-unauthorized.md,,metadata/00869-phy-212-linked-detail-unauthorized.json,548ac42fa22aadd77d3c6a02e07815507139f512b4fef3d78245aefc317c11e0,2b62e20d47d477eacda81c2beef0dbb06e7f4e1a1021b68e5f70be2917f36f5b,2026-07-30T21:01:21.771Z,1,13,2,0,0,0
00870-phy-212-linked-detail-m5-1pre-general-physics-with-calculus-ph-212-400-u2026,2053526,PHY-212,linked_detail,linked_detail,https://canvas.oregonstate.edu/courses/2053526/quizzes/3160474/take?user_id=6660414,https://canvas.oregonstate.edu/courses/2053526/quizzes/3160474/take?user_id=6660414,M5-1pre: GENERAL PHYSICS WITH CALCULUS (PH_212_400_U2026),quiz,3160474,3,,,raw_html/00870-phy-212-linked-detail-m5-1pre-general-physics-with-calculus-ph-212-400-u2026.html,text/00870-phy-212-linked-detail-m5-1pre-general-physics-with-calculus-ph-212-400-u2026.txt,text/00870-phy-212-linked-detail-m5-1pre-general-physics-with-calculus-ph-212-400-u2026.fulltext.txt,markdown/00870-phy-212-linked-detail-m5-1pre-general-physics-with-calculus-ph-212-400-u2026.md,,metadata/00870-phy-212-linked-detail-m5-1pre-general-physics-with-calculus-ph-212-400-u2026.json,e069f0c1943401c45575d10835257177be4e23f5ab8d539668425f06c5c817af,6224ccd4c84096dadc0fa85f9e789330e51aea5cf175d100ab16aa3c5d1f379f,2026-07-30T21:01:24.318Z,2,35,2,0,0,0
00871-phy-212-linked-detail-m5-2pre-general-physics-with-calculus-ph-212-400-u2026,2053526,PHY-212,linked_detail,linked_detail,https://canvas.oregonstate.edu/courses/2053526/quizzes/3160509/take?user_id=6660414,https://canvas.oregonstate.edu/courses/2053526/quizzes/3160509/take?user_id=6660414,M5-2pre: GENERAL PHYSICS WITH CALCULUS (PH_212_400_U2026),quiz,3160509,3,,,raw_html/00871-phy-212-linked-detail-m5-2pre-general-physics-with-calculus-ph-212-400-u2026.html,text/00871-phy-212-linked-detail-m5-2pre-general-physics-with-calculus-ph-212-400-u2026.txt,text/00871-phy-212-linked-detail-m5-2pre-general-physics-with-calculus-ph-212-400-u2026.fulltext.txt,markdown/00871-phy-212-linked-detail-m5-2pre-general-physics-with-calculus-ph-212-400-u2026.md,,metadata/00871-phy-212-linked-detail-m5-2pre-general-physics-with-calculus-ph-212-400-u2026.json,7faea3c28e1ce56b7bc460b129458abf54ec3931100a62294347865d25ca4e39,b7178ca23d64f87c14f3d5329ef6b2102f698d66cda63d74ae6222a413a117cf,2026-07-30T21:01:26.572Z,2,35,2,0,0,0
00872-phy-212-linked-detail-m5-3pre-general-physics-with-calculus-ph-212-400-u2026,2053526,PHY-212,linked_detail,linked_detail,https://canvas.oregonstate.edu/courses/2053526/quizzes/3160493/take?user_id=6660414,https://canvas.oregonstate.edu/courses/2053526/quizzes/3160493/take?user_id=6660414,M5-3pre: GENERAL PHYSICS WITH CALCULUS (PH_212_400_U2026),quiz,3160493,3,,,raw_html/00872-phy-212-linked-detail-m5-3pre-general-physics-with-calculus-ph-212-400-u2026.html,text/00872-phy-212-linked-detail-m5-3pre-general-physics-with-calculus-ph-212-400-u2026.txt,text/00872-phy-212-linked-detail-m5-3pre-general-physics-with-calculus-ph-212-400-u2026.fulltext.txt,markdown/00872-phy-212-linked-detail-m5-3pre-general-physics-with-calculus-ph-212-400-u2026.md,,metadata/00872-phy-212-linked-detail-m5-3pre-general-physics-with-calculus-ph-212-400-u2026.json,a7f09a616d177bd6f31d4707bc2bff3acbcab8f73fc55db66dac877431df2c8f,68af9766839d312a65af74c2a786a16a101e10a28f64317d24d5fe4cb0a87dca,2026-07-30T21:01:28.920Z,2,35,2,0,0,0
00873-phy-212-linked-detail-jacob-peterson-s-quiz-history-m5-4pre,2053526,PHY-212,linked_detail,linked_detail,https://canvas.oregonstate.edu/courses/2053526/quizzes/3160497/history?version=1,https://canvas.oregonstate.edu/courses/2053526/quizzes/3160497/history?version=1,Jacob Peterson's Quiz History: M5-4pre,quiz,3160497,3,,,raw_html/00873-phy-212-linked-detail-jacob-peterson-s-quiz-history-m5-4pre.html,text/00873-phy-212-linked-detail-jacob-peterson-s-quiz-history-m5-4pre.txt,text/00873-phy-212-linked-detail-jacob-peterson-s-quiz-history-m5-4pre.fulltext.txt,markdown/00873-phy-212-linked-detail-jacob-peterson-s-quiz-history-m5-4pre.md,,metadata/00873-phy-212-linked-detail-jacob-peterson-s-quiz-history-m5-4pre.json,18eb538badbd96bf4da2f26cde3e76eb12fd4f131014ac4289b7f92d660b356a,ccb3db1b173aa691c8f8c3eaa952cf466cf488bc32fa6d784cda43b8b9ab1868,2026-07-30T21:01:31.222Z,1,39,2,0,0,0
00874-phy-212-linked-detail-m5-4pre-general-physics-with-calculus-ph-212-400-u2026,2053526,PHY-212,linked_detail,linked_detail,https://canvas.oregonstate.edu/courses/2053526/quizzes/3160497#,https://canvas.oregonstate.edu/courses/2053526/quizzes/3160497#,M5-4pre: GENERAL PHYSICS WITH CALCULUS (PH_212_400_U2026),quiz,3160497,3,,,raw_html/00874-phy-212-linked-detail-m5-4pre-general-physics-with-calculus-ph-212-400-u2026.html,text/00874-phy-212-linked-detail-m5-4pre-general-physics-with-calculus-ph-212-400-u2026.txt,text/00874-phy-212-linked-detail-m5-4pre-general-physics-with-calculus-ph-212-400-u2026.fulltext.txt,markdown/00874-phy-212-linked-detail-m5-4pre-general-physics-with-calculus-ph-212-400-u2026.md,,metadata/00874-phy-212-linked-detail-m5-4pre-general-physics-with-calculus-ph-212-400-u2026.json,80b37fd4b2990988ca6fecedce6b1e4f842263ff25f9b86a31d71ac66380e8ff,958c9732e3a188517e8abd886e3071bb1dcb53e0b076392a6f2a663680b5226c,2026-07-30T21:01:33.573Z,3,38,2,0,0,0
00875-phy-212-linked-detail-unauthorized,2053526,PHY-212,linked_detail,linked_detail,https://canvas.oregonstate.edu/courses/2053526/quizzes/3160497/questions/59026268,https://canvas.oregonstate.edu/courses/2053526/quizzes/3160497/questions/59026268,Unauthorized,quiz,3160497,3,,,raw_html/00875-phy-212-linked-detail-unauthorized.html,text/00875-phy-212-linked-detail-unauthorized.txt,text/00875-phy-212-linked-detail-unauthorized.fulltext.txt,markdown/00875-phy-212-linked-detail-unauthorized.md,,metadata/00875-phy-212-linked-detail-unauthorized.json,ba4537e4e0a5ea1d66861d18cdeebda2504f32caea62a8485c8c00623db0584f,2b62e20d47d477eacda81c2beef0dbb06e7f4e1a1021b68e5f70be2917f36f5b,2026-07-30T21:01:35.766Z,1,13,2,0,0,0
00876-phy-212-linked-detail-m5-5pre-general-physics-with-calculus-ph-212-400-u2026,2053526,PHY-212,linked_detail,linked_detail,https://canvas.oregonstate.edu/courses/2053526/quizzes/3160484/take?user_id=6660414,https://canvas.oregonstate.edu/courses/2053526/quizzes/3160484/take?user_id=6660414,M5-5pre: GENERAL PHYSICS WITH CALCULUS (PH_212_400_U2026),quiz,3160484,3,,,raw_html/00876-phy-212-linked-detail-m5-5pre-general-physics-with-calculus-ph-212-400-u2026.html,text/00876-phy-212-linked-detail-m5-5pre-general-physics-with-calculus-ph-212-400-u2026.txt,text/00876-phy-212-linked-detail-m5-5pre-general-physics-with-calculus-ph-212-400-u2026.fulltext.txt,markdown/00876-phy-212-linked-detail-m5-5pre-general-physics-with-calculus-ph-212-400-u2026.md,,metadata/00876-phy-212-linked-detail-m5-5pre-general-physics-with-calculus-ph-212-400-u2026.json,6d33b8ca5fc9980ea4a0915a2a7596b649e378ae2bc57cbccf6fe78d4fd4b4ac,1352bb1e2fdffedd03b69a33dd4bc7dad00779a72b3710fc57928bf5a73a6528,2026-07-30T21:01:39.019Z,2,35,2,0,0,0
00877-phy-212-linked-detail-m5-1asy-general-physics-with-calculus-ph-212-400-u2026,2053526,PHY-212,linked_detail,linked_detail,https://canvas.oregonstate.edu/courses/2053526/quizzes/3160481/take?user_id=6660414,https://canvas.oregonstate.edu/courses/2053526/quizzes/3160481/take?user_id=6660414,M5-1asy: GENERAL PHYSICS WITH CALCULUS (PH_212_400_U2026),quiz,3160481,3,,,raw_html/00877-phy-212-linked-detail-m5-1asy-general-physics-with-calculus-ph-212-400-u2026.html,text/00877-phy-212-linked-detail-m5-1asy-general-physics-with-calculus-ph-212-400-u2026.txt,text/00877-phy-212-linked-detail-m5-1asy-general-physics-with-calculus-ph-212-400-u2026.fulltext.txt,markdown/00877-phy-212-linked-detail-m5-1asy-general-physics-with-calculus-ph-212-400-u2026.md,,metadata/00877-phy-212-linked-detail-m5-1asy-general-physics-with-calculus-ph-212-400-u2026.json,a27305601343a93e7838dce2f536f7e6e64636dc8c0c53a41fcdf1a5877100a1,eb64e0283e4949649a56a2678215ed2e184638b4291d1661b5dd24223d1bfd64,2026-07-30T21:01:41.819Z,4,36,2,0,0,0
00878-phy-212-linked-detail-quiz-m5-2asy,2053526,PHY-212,linked_detail,linked_detail,https://canvas.oregonstate.edu/courses/2053526/quizzes/3160525/take?user_id=6660414,https://canvas.oregonstate.edu/courses/2053526/quizzes/3160525/take?user_id=6660414,Quiz: M5-2asy,quiz,3160525,3,,,raw_html/00878-phy-212-linked-detail-quiz-m5-2asy.html,text/00878-phy-212-linked-detail-quiz-m5-2asy.txt,text/00878-phy-212-linked-detail-quiz-m5-2asy.fulltext.txt,markdown/00878-phy-212-linked-detail-quiz-m5-2asy.md,,metadata/00878-phy-212-linked-detail-quiz-m5-2asy.json,1c7adee630a0d668adbebbebf6a13320d3e5e2074ea1343e6dcc2eccbbf170a9,c7d024d9c5bbd580b4004deaddf7fbd2dcef2c6be973e97cc9fef80db851e2e3,2026-07-30T21:01:44.474Z,5,66,2,0,0,0
00879-phy-212-linked-detail-m5-3asy-general-physics-with-calculus-ph-212-400-u2026,2053526,PHY-212,linked_detail,linked_detail,https://canvas.oregonstate.edu/courses/2053526/quizzes/3160538/take?user_id=6660414,https://canvas.oregonstate.edu/courses/2053526/quizzes/3160538/take?user_id=6660414,M5-3asy: GENERAL PHYSICS WITH CALCULUS (PH_212_400_U2026),quiz,3160538,3,,,raw_html/00879-phy-212-linked-detail-m5-3asy-general-physics-with-calculus-ph-212-400-u2026.html,text/00879-phy-212-linked-detail-m5-3asy-general-physics-with-calculus-ph-212-400-u2026.txt,text/00879-phy-212-linked-detail-m5-3asy-general-physics-with-calculus-ph-212-400-u2026.fulltext.txt,markdown/00879-phy-212-linked-detail-m5-3asy-general-physics-with-calculus-ph-212-400-u2026.md,,metadata/00879-phy-212-linked-detail-m5-3asy-general-physics-with-calculus-ph-212-400-u2026.json,c51d3774050102575b0342530fb245778ca48368573a8e8adb1d762db924df25,d8cae66872bb5a546f066386bd53f809178c11b8779b704931de3e4d8772df2e,2026-07-30T21:01:46.817Z,4,36,2,0,0,0
00880-phy-212-linked-detail-m5-4asy-general-physics-with-calculus-ph-212-400-u2026,2053526,PHY-212,linked_detail,linked_detail,https://canvas.oregonstate.edu/courses/2053526/quizzes/3160507/take?user_id=6660414,https://canvas.oregonstate.edu/courses/2053526/quizzes/3160507/take?user_id=6660414,M5-4asy: GENERAL PHYSICS WITH CALCULUS (PH_212_400_U2026),quiz,3160507,3,,,raw_html/00880-phy-212-linked-detail-m5-4asy-general-physics-with-calculus-ph-212-400-u2026.html,text/00880-phy-212-linked-detail-m5-4asy-general-physics-with-calculus-ph-212-400-u2026.txt,text/00880-phy-212-linked-detail-m5-4asy-general-physics-with-calculus-ph-212-400-u2026.fulltext.txt,markdown/00880-phy-212-linked-detail-m5-4asy-general-physics-with-calculus-ph-212-400-u2026.md,,metadata/00880-phy-212-linked-detail-m5-4asy-general-physics-with-calculus-ph-212-400-u2026.json,c11dbd501f62b3d6744b24a7687c0c265a6f3cc387883ea7e9ce58515d65a271,4c05da8b64595e9f20a41f9d201e8350b92ae2fff8fd30ba0cb51ddcb3503234,2026-07-30T21:01:49.118Z,4,36,2,0,0,0
00881-phy-212-linked-detail-lab-group-check-in-survey-lab-5-general-physics-with-calculus-ph-212-400-u2026,2053526,PHY-212,linked_detail,linked_detail,https://canvas.oregonstate.edu/courses/2053526/quizzes/3160466,https://canvas.oregonstate.edu/courses/2053526/quizzes/3160466,Lab Group Check-In Survey (Lab 5): GENERAL PHYSICS WITH CALCULUS (PH_212_400_U2026),quiz,3160466,3,,,raw_html/00881-phy-212-linked-detail-lab-group-check-in-survey-lab-5-general-physics-with-calculus-ph-212-400-u2026.html,text/00881-phy-212-linked-detail-lab-group-check-in-survey-lab-5-general-physics-with-calculus-ph-212-400-u2026.txt,text/00881-phy-212-linked-detail-lab-group-check-in-survey-lab-5-general-physics-with-calculus-ph-212-400-u2026.fulltext.txt,markdown/00881-phy-212-linked-detail-lab-group-check-in-survey-lab-5-general-physics-with-calculus-ph-212-400-u2026.md,,metadata/00881-phy-212-linked-detail-lab-group-check-in-survey-lab-5-general-physics-with-calculus-ph-212-400-u2026.json,987a87068187abfad5ecfecb2b59e138f93590ab8afa408c25d58d38b831ef75,6a00f2aa6864a2c514644c2683e826d5fd116740735520978a8308324e5d13de,2026-07-30T21:01:51.469Z,2,37,2,0,0,0
00882-phy-212-linked-detail-torsion-pendulum-instructions-general-physics-with-calculus-ph-212-400-u2026,2053526,PHY-212,linked_detail,linked_detail,https://canvas.oregonstate.edu/courses/2053526/pages/torsion-pendulum-instructions,https://canvas.oregonstate.edu/courses/2053526/pages/torsion-pendulum-instructions,Torsion Pendulum Instructions: GENERAL PHYSICS WITH CALCULUS (PH_212_400_U2026),page,torsion-pendulum-instructions,3,,,raw_html/00882-phy-212-linked-detail-torsion-pendulum-instructions-general-physics-with-calculus-ph-212-400-u2026.html,text/00882-phy-212-linked-detail-torsion-pendulum-instructions-general-physics-with-calculus-ph-212-400-u2026.txt,text/00882-phy-212-linked-detail-torsion-pendulum-instructions-general-physics-with-calculus-ph-212-400-u2026.fulltext.txt,markdown/00882-phy-212-linked-detail-torsion-pendulum-instructions-general-physics-with-calculus-ph-212-400-u2026.md,,metadata/00882-phy-212-linked-detail-torsion-pendulum-instructions-general-physics-with-calculus-ph-212-400-u2026.json,ad0de2978f4a7ffaadd9a7c387d289db49cba36c88aca17ccdc56d696a447969,22d5d77244aca753f06ad22f237a1839d6089eac5b87f76dff8fddc9e2667662,2026-07-30T21:01:54.022Z,10,36,2,0,0,0
00883-phy-212-linked-detail-simple-pendulum-instructions-general-physics-with-calculus-ph-212-400-u2026,2053526,PHY-212,linked_detail,linked_detail,https://canvas.oregonstate.edu/courses/2053526/pages/simple-pendulum-instructions,https://canvas.oregonstate.edu/courses/2053526/pages/simple-pendulum-instructions,Simple Pendulum Instructions: GENERAL PHYSICS WITH CALCULUS (PH_212_400_U2026),page,simple-pendulum-instructions,3,,,raw_html/00883-phy-212-linked-detail-simple-pendulum-instructions-general-physics-with-calculus-ph-212-400-u2026.html,text/00883-phy-212-linked-detail-simple-pendulum-instructions-general-physics-with-calculus-ph-212-400-u2026.txt,text/00883-phy-212-linked-detail-simple-pendulum-instructions-general-physics-with-calculus-ph-212-400-u2026.fulltext.txt,markdown/00883-phy-212-linked-detail-simple-pendulum-instructions-general-physics-with-calculus-ph-212-400-u2026.md,,metadata/00883-phy-212-linked-detail-simple-pendulum-instructions-general-physics-with-calculus-ph-212-400-u2026.json,e9ed02e26eab45c18283833944cd463163a6fe6e5d2cfe278745fa57201d7418,cb9358c33540cb068988308fb84980912e50168620414d66965124af3bf4a8ed,2026-07-30T21:01:56.669Z,7,37,2,0,0,0
00884-mth-252-linked-detail-area-under-curve-rectangles,2080857,MTH-252,linked_detail,linked_detail,https://canvas.oregonstate.edu/courses/2080857/modules/items/26982659,https://canvas.oregonstate.edu/courses/2080857/modules/items/26982659,Area under curve: Rectangles,module_item,26982659,4,,,raw_html/00884-mth-252-linked-detail-area-under-curve-rectangles.html,text/00884-mth-252-linked-detail-area-under-curve-rectangles.txt,text/00884-mth-252-linked-detail-area-under-curve-rectangles.fulltext.txt,markdown/00884-mth-252-linked-detail-area-under-curve-rectangles.md,,metadata/00884-mth-252-linked-detail-area-under-curve-rectangles.json,247531c3be4130e7a5a61963031659a37de151776d0bdd412b7fab8b16cc9b99,917f0d1983c205da807066b3c68ae07772f9ad953898e28db0978c43651fea0a,2026-07-30T21:01:58.967Z,1,30,2,0,0,0
00885-mth-252-linked-detail-indefinite-integral-example-4-exponential,2080857,MTH-252,linked_detail,linked_detail,https://canvas.oregonstate.edu/courses/2080857/modules/items/26982727,https://canvas.oregonstate.edu/courses/2080857/modules/items/26982727,"Indefinite integral: Example 4, exponential",module_item,26982727,4,,,raw_html/00885-mth-252-linked-detail-indefinite-integral-example-4-exponential.html,text/00885-mth-252-linked-detail-indefinite-integral-example-4-exponential.txt,text/00885-mth-252-linked-detail-indefinite-integral-example-4-exponential.fulltext.txt,markdown/00885-mth-252-linked-detail-indefinite-integral-example-4-exponential.md,,metadata/00885-mth-252-linked-detail-indefinite-integral-example-4-exponential.json,5a672f3b6a783ad8e7a60fea05bc53ee824d75084d0d3ef47eb644957119b977,b08cf4076778c40eccbfd4e4561b616839e9d9c10ec2069b69a134b4c631a289,2026-07-30T21:02:00.968Z,1,30,2,0,0,0
00886-mth-252-linked-detail-trig-integrals-example-2-with-odd-power,2080857,MTH-252,linked_detail,linked_detail,https://canvas.oregonstate.edu/courses/2080857/modules/items/26982733,https://canvas.oregonstate.edu/courses/2080857/modules/items/26982733,Trig Integrals: Example 2 with ODD power,module_item,26982733,4,,,raw_html/00886-mth-252-linked-detail-trig-integrals-example-2-with-odd-power.html,text/00886-mth-252-linked-detail-trig-integrals-example-2-with-odd-power.txt,text/00886-mth-252-linked-detail-trig-integrals-example-2-with-odd-power.fulltext.txt,markdown/00886-mth-252-linked-detail-trig-integrals-example-2-with-odd-power.md,,metadata/00886-mth-252-linked-detail-trig-integrals-example-2-with-odd-power.json,a6934a9e2b5c5a7cbec864cedc0e8711614e52bfc24146e0e553686a3626b200,7b795a03b659e3a0a7ecfbfc500146711919b5c21a79e89fe5e9c4d966d1d8e4,2026-07-30T21:02:03.169Z,1,30,2,0,0,0
00887-phy-212-linked-detail-jacob-peterson-s-quiz-history-quiz-1b-asy-remotely-proctored,2053526,PHY-212,linked_detail,linked_detail,https://canvas.oregonstate.edu/courses/2053526/quizzes/3160494/history?version=1,https://canvas.oregonstate.edu/courses/2053526/quizzes/3160494/history?version=1,Jacob Peterson's Quiz History: Quiz 1B_asy (Remotely Proctored),quiz,3160494,4,,,raw_html/00887-phy-212-linked-detail-jacob-peterson-s-quiz-history-quiz-1b-asy-remotely-proctored.html,text/00887-phy-212-linked-detail-jacob-peterson-s-quiz-history-quiz-1b-asy-remotely-proctored.txt,text/00887-phy-212-linked-detail-jacob-peterson-s-quiz-history-quiz-1b-asy-remotely-proctored.fulltext.txt,markdown/00887-phy-212-linked-detail-jacob-peterson-s-quiz-history-quiz-1b-asy-remotely-proctored.md,,metadata/00887-phy-212-linked-detail-jacob-peterson-s-quiz-history-quiz-1b-asy-remotely-proctored.json,e3ea41b6d6f4465f27fff7a1a979e8ec05c849a8bfdaf5a0762f7c98a2ce2c1f,99e855126c64fb1abbf23722faf11cd1b3b677001129049adc18e7ceb640741c,2026-07-30T21:02:06.272Z,1,39,2,0,0,0
00888-phy-212-linked-detail-jacob-peterson-s-quiz-history-hw-3-center-of-mass-moment-of-inertia,2053526,PHY-212,linked_detail,linked_detail,https://canvas.oregonstate.edu/courses/2053526/quizzes/3160462/history?version=1,https://canvas.oregonstate.edu/courses/2053526/quizzes/3160462/history?version=1,Jacob Peterson's Quiz History: Hw 3 - Center of Mass & Moment of Inertia,quiz,3160462,4,,,raw_html/00888-phy-212-linked-detail-jacob-peterson-s-quiz-history-hw-3-center-of-mass-moment-of-inertia.html,text/00888-phy-212-linked-detail-jacob-peterson-s-quiz-history-hw-3-center-of-mass-moment-of-inertia.txt,text/00888-phy-212-linked-detail-jacob-peterson-s-quiz-history-hw-3-center-of-mass-moment-of-inertia.fulltext.txt,markdown/00888-phy-212-linked-detail-jacob-peterson-s-quiz-history-hw-3-center-of-mass-moment-of-inertia.md,,metadata/00888-phy-212-linked-detail-jacob-peterson-s-quiz-history-hw-3-center-of-mass-moment-of-inertia.json,62cf6a37249c4508631e15dff630f47dbbd1d5436d4669f532820dd9be498db1,736ea659a070311b3afaf4c7479be490014bf517f10be2bbda7937a1d6942e41,2026-07-30T21:02:08.873Z,1,66,2,0,0,0
00889-phy-212-linked-detail-jacob-peterson-s-quiz-history-hw-5-gravity,2053526,PHY-212,linked_detail,linked_detail,https://canvas.oregonstate.edu/courses/2053526/quizzes/3160499/history?version=1,https://canvas.oregonstate.edu/courses/2053526/quizzes/3160499/history?version=1,Jacob Peterson's Quiz History: Hw 5 - Gravity,quiz,3160499,4,,,raw_html/00889-phy-212-linked-detail-jacob-peterson-s-quiz-history-hw-5-gravity.html,text/00889-phy-212-linked-detail-jacob-peterson-s-quiz-history-hw-5-gravity.txt,text/00889-phy-212-linked-detail-jacob-peterson-s-quiz-history-hw-5-gravity.fulltext.txt,markdown/00889-phy-212-linked-detail-jacob-peterson-s-quiz-history-hw-5-gravity.md,,metadata/00889-phy-212-linked-detail-jacob-peterson-s-quiz-history-hw-5-gravity.json,4380d294c0261c1b47a3b187352581cf63d78013a1c0628a42664dac4d60f3f9,862c78a5b99eba76367dd54197653891e56553e404184674731bc54abbfb434c,2026-07-30T21:02:12.328Z,1,60,2,0,0,0
00890-phy-212-linked-detail-unauthorized,2053526,PHY-212,linked_detail,linked_detail,https://canvas.oregonstate.edu/courses/2053526/quizzes/3160525/questions/59026393,https://canvas.oregonstate.edu/courses/2053526/quizzes/3160525/questions/59026393,Unauthorized,quiz,3160525,4,,,raw_html/00890-phy-212-linked-detail-unauthorized.html,text/00890-phy-212-linked-detail-unauthorized.txt,text/00890-phy-212-linked-detail-unauthorized.fulltext.txt,markdown/00890-phy-212-linked-detail-unauthorized.md,,metadata/00890-phy-212-linked-detail-unauthorized.json,856d2f6ce02a61330f34c2d8a0d817304a8e1cf7b1b32a36910c3dcba06cd91a,2b62e20d47d477eacda81c2beef0dbb06e7f4e1a1021b68e5f70be2917f36f5b,2026-07-30T21:02:14.719Z,1,13,2,0,0,0
00891-phy-212-linked-detail-unauthorized,2053526,PHY-212,linked_detail,linked_detail,https://canvas.oregonstate.edu/courses/2053526/quizzes/3160525/questions/59228964,https://canvas.oregonstate.edu/courses/2053526/quizzes/3160525/questions/59228964,Unauthorized,quiz,3160525,4,,,raw_html/00891-phy-212-linked-detail-unauthorized.html,text/00891-phy-212-linked-detail-unauthorized.txt,text/00891-phy-212-linked-detail-unauthorized.fulltext.txt,markdown/00891-phy-212-linked-detail-unauthorized.md,,metadata/00891-phy-212-linked-detail-unauthorized.json,4e4cd34005270273d332cdb1386cbccd89449de96a6e3071025247bb14b3d3e3,2b62e20d47d477eacda81c2beef0dbb06e7f4e1a1021b68e5f70be2917f36f5b,2026-07-30T21:02:17.067Z,1,13,2,0,0,0
00892-phy-212-linked-detail-unauthorized,2053526,PHY-212,linked_detail,linked_detail,https://canvas.oregonstate.edu/courses/2053526/quizzes/3160525/questions/59026395,https://canvas.oregonstate.edu/courses/2053526/quizzes/3160525/questions/59026395,Unauthorized,quiz,3160525,4,,,raw_html/00892-phy-212-linked-detail-unauthorized.html,text/00892-phy-212-linked-detail-unauthorized.txt,text/00892-phy-212-linked-detail-unauthorized.fulltext.txt,markdown/00892-phy-212-linked-detail-unauthorized.md,,metadata/00892-phy-212-linked-detail-unauthorized.json,25c954f1b5d1541bc395de58a9c6b4759e1c1a06215f69c2efeeb793c781c548,2b62e20d47d477eacda81c2beef0dbb06e7f4e1a1021b68e5f70be2917f36f5b,2026-07-30T21:02:19.167Z,1,13,2,0,0,0
00893-phy-212-linked-detail-unauthorized,2053526,PHY-212,linked_detail,linked_detail,https://canvas.oregonstate.edu/courses/2053526/quizzes/3160525/questions/59026396,https://canvas.oregonstate.edu/courses/2053526/quizzes/3160525/questions/59026396,Unauthorized,quiz,3160525,4,,,raw_html/00893-phy-212-linked-detail-unauthorized.html,text/00893-phy-212-linked-detail-unauthorized.txt,text/00893-phy-212-linked-detail-unauthorized.fulltext.txt,markdown/00893-phy-212-linked-detail-unauthorized.md,,metadata/00893-phy-212-linked-detail-unauthorized.json,5b5b861c425454015a5d1a7b164f18686ab33942b466536373a3d3189d3cfb26,2b62e20d47d477eacda81c2beef0dbb06e7f4e1a1021b68e5f70be2917f36f5b,2026-07-30T21:02:21.719Z,1,13,2,0,0,0
00894-phy-212-linked-detail-unauthorized,2053526,PHY-212,linked_detail,linked_detail,https://canvas.oregonstate.edu/courses/2053526/quizzes/3160525/questions/59026397,https://canvas.oregonstate.edu/courses/2053526/quizzes/3160525/questions/59026397,Unauthorized,quiz,3160525,4,,,raw_html/00894-phy-212-linked-detail-unauthorized.html,text/00894-phy-212-linked-detail-unauthorized.txt,text/00894-phy-212-linked-detail-unauthorized.fulltext.txt,markdown/00894-phy-212-linked-detail-unauthorized.md,,metadata/00894-phy-212-linked-detail-unauthorized.json,ff53333456017ea31721f891dec7c1dc950e75752174e039cef5afb0948d996c,2b62e20d47d477eacda81c2beef0dbb06e7f4e1a1021b68e5f70be2917f36f5b,2026-07-30T21:02:23.919Z,1,13,2,0,0,0
00895-phy-212-linked-detail-unauthorized,2053526,PHY-212,linked_detail,linked_detail,https://canvas.oregonstate.edu/courses/2053526/quizzes/3160525/questions/59026398,https://canvas.oregonstate.edu/courses/2053526/quizzes/3160525/questions/59026398,Unauthorized,quiz,3160525,4,,,raw_html/00895-phy-212-linked-detail-unauthorized.html,text/00895-phy-212-linked-detail-unauthorized.txt,text/00895-phy-212-linked-detail-unauthorized.fulltext.txt,markdown/00895-phy-212-linked-detail-unauthorized.md,,metadata/00895-phy-212-linked-detail-unauthorized.json,c7e10ab7662c23faae00049c730dbd236767e2ea38e9a663eadb81b595d610bf,2b62e20d47d477eacda81c2beef0dbb06e7f4e1a1021b68e5f70be2917f36f5b,2026-07-30T21:02:26.068Z,1,13,2,0,0,0
00896-phy-212-linked-detail-unauthorized,2053526,PHY-212,linked_detail,linked_detail,https://canvas.oregonstate.edu/courses/2053526/quizzes/3160525/questions/59026399,https://canvas.oregonstate.edu/courses/2053526/quizzes/3160525/questions/59026399,Unauthorized,quiz,3160525,4,,,raw_html/00896-phy-212-linked-detail-unauthorized.html,text/00896-phy-212-linked-detail-unauthorized.txt,text/00896-phy-212-linked-detail-unauthorized.fulltext.txt,markdown/00896-phy-212-linked-detail-unauthorized.md,,metadata/00896-phy-212-linked-detail-unauthorized.json,ee56365410d796f0f097a576ae71f9f40320adc47c28184f143bc517d3d2b4ce,2b62e20d47d477eacda81c2beef0dbb06e7f4e1a1021b68e5f70be2917f36f5b,2026-07-30T21:02:48.418Z,1,13,2,0,0,0
00897-phy-212-linked-detail-lightly-damped-pendulum-practice-data-txt-general-physics-with-calculus-ph-212-400-u2026,2053526,PHY-212,linked_detail,linked_detail,https://canvas.oregonstate.edu/courses/2053526/files/119497374?wrap=1,https://canvas.oregonstate.edu/courses/2053526/files/119497374?wrap=1,lightly damped pendulum practice data.txt: GENERAL PHYSICS WITH CALCULUS (PH_212_400_U2026),file,119497374,4,,,raw_html/00897-phy-212-linked-detail-lightly-damped-pendulum-practice-data-txt-general-physics-with-calculus-ph-212-400-u2026.html,text/00897-phy-212-linked-detail-lightly-damped-pendulum-practice-data-txt-general-physics-with-calculus-ph-212-400-u2026.txt,text/00897-phy-212-linked-detail-lightly-damped-pendulum-practice-data-txt-general-physics-with-calculus-ph-212-400-u2026.fulltext.txt,markdown/00897-phy-212-linked-detail-lightly-damped-pendulum-practice-data-txt-general-physics-with-calculus-ph-212-400-u2026.md,,metadata/00897-phy-212-linked-detail-lightly-damped-pendulum-practice-data-txt-general-physics-with-calculus-ph-212-400-u2026.json,1b49490044c4c3b9cba68d2eeb985bc620ac6940aa342df91b65166dc8d7aeb4,e996dea3d37f7b9ae4f55154a2dba524910fbd60e54544616d8952c789892abd,2026-07-30T21:02:51.649Z,1,35,3,0,0,0
00898-mth-252-linked-detail-application-area-under-curve-distance,2080857,MTH-252,linked_detail,linked_detail,https://canvas.oregonstate.edu/courses/2080857/modules/items/26982660,https://canvas.oregonstate.edu/courses/2080857/modules/items/26982660,Application: Area under curve: Distance,module_item,26982660,5,,,raw_html/00898-mth-252-linked-detail-application-area-under-curve-distance.html,text/00898-mth-252-linked-detail-application-area-under-curve-distance.txt,text/00898-mth-252-linked-detail-application-area-under-curve-distance.fulltext.txt,markdown/00898-mth-252-linked-detail-application-area-under-curve-distance.md,,metadata/00898-mth-252-linked-detail-application-area-under-curve-distance.json,c05852ec972addaf74d4c7172229fecf291b154d38d3430b03be7bce9e53c04b,fee43e4e7b51f5b66848cbbc49e4e356fd52320482748f23e9a43456e2807a4e,2026-07-30T21:02:54.218Z,1,30,2,0,0,0
00899-mth-252-linked-detail-indefinite-integral-example-3,2080857,MTH-252,linked_detail,linked_detail,https://canvas.oregonstate.edu/courses/2080857/modules/items/26982726,https://canvas.oregonstate.edu/courses/2080857/modules/items/26982726,Indefinite integral: Example 3,module_item,26982726,5,,,raw_html/00899-mth-252-linked-detail-indefinite-integral-example-3.html,text/00899-mth-252-linked-detail-indefinite-integral-example-3.txt,text/00899-mth-252-linked-detail-indefinite-integral-example-3.fulltext.txt,markdown/00899-mth-252-linked-detail-indefinite-integral-example-3.md,,metadata/00899-mth-252-linked-detail-indefinite-integral-example-3.json,97053021f2292ad9da1c7ac836dd20cbbc041d43031a4421ee3640aa2abd9e7d,f811ffa1fe4cd262b094b5f71f8b0e0356f4788d5b14b26029146679a430ce24,2026-07-30T21:02:56.520Z,1,30,2,0,0,0
00900-mth-252-linked-detail-trig-integrals-example-3-with-odd-power,2080857,MTH-252,linked_detail,linked_detail,https://canvas.oregonstate.edu/courses/2080857/modules/items/26982734,https://canvas.oregonstate.edu/courses/2080857/modules/items/26982734,Trig Integrals: Example 3 with ODD power,module_item,26982734,5,,,raw_html/00900-mth-252-linked-detail-trig-integrals-example-3-with-odd-power.html,text/00900-mth-252-linked-detail-trig-integrals-example-3-with-odd-power.txt,text/00900-mth-252-linked-detail-trig-integrals-example-3-with-odd-power.fulltext.txt,markdown/00900-mth-252-linked-detail-trig-integrals-example-3-with-odd-power.md,,metadata/00900-mth-252-linked-detail-trig-integrals-example-3-with-odd-power.json,71e06ed6a46d3ab60a905df9d8f7c2f8254706cb9a8f77b8c52501c1aea27400,2bc14dc46c745893fa6ada4baee2aeab05df4735728a34fbaa208b5ef1fe323d,2026-07-30T21:02:58.717Z,1,30,2,0,0,0
00901-mth-252-linked-detail-area-under-curve-more-rectangles,2080857,MTH-252,linked_detail,linked_detail,https://canvas.oregonstate.edu/courses/2080857/modules/items/26982661,https://canvas.oregonstate.edu/courses/2080857/modules/items/26982661,"Area under curve, more rectangles",module_item,26982661,6,,,raw_html/00901-mth-252-linked-detail-area-under-curve-more-rectangles.html,text/00901-mth-252-linked-detail-area-under-curve-more-rectangles.txt,text/00901-mth-252-linked-detail-area-under-curve-more-rectangles.fulltext.txt,markdown/00901-mth-252-linked-detail-area-under-curve-more-rectangles.md,,metadata/00901-mth-252-linked-detail-area-under-curve-more-rectangles.json,dcdce768ab880082096752cae738614f599c1bad71004fa3edc18dc198eb2858,231a316defacfb65deba72d122ae6ed6cbe3dc7776d6e6fc7ce1c0c7efc38698,2026-07-30T21:03:00.968Z,1,30,2,0,0,0
00902-mth-252-linked-detail-indefinite-integral-example-2,2080857,MTH-252,linked_detail,linked_detail,https://canvas.oregonstate.edu/courses/2080857/modules/items/26982725,https://canvas.oregonstate.edu/courses/2080857/modules/items/26982725,Indefinite integral: Example 2,module_item,26982725,6,,,raw_html/00902-mth-252-linked-detail-indefinite-integral-example-2.html,text/00902-mth-252-linked-detail-indefinite-integral-example-2.txt,text/00902-mth-252-linked-detail-indefinite-integral-example-2.fulltext.txt,markdown/00902-mth-252-linked-detail-indefinite-integral-example-2.md,,metadata/00902-mth-252-linked-detail-indefinite-integral-example-2.json,acd7d6922068422b108477b963e4bd9a06ec148819dc1cdc7e22803527252fcd,823a8d21f2bccff2c81b2bca529f74c1bb863b81afbc3cfe60428d72d239f91d,2026-07-30T21:03:03.476Z,1,30,2,0,0,0
00903-mth-252-linked-detail-trig-integral-involving-secant,2080857,MTH-252,linked_detail,linked_detail,https://canvas.oregonstate.edu/courses/2080857/modules/items/26982735,https://canvas.oregonstate.edu/courses/2080857/modules/items/26982735,Trig integral involving secant,module_item,26982735,6,,,raw_html/00903-mth-252-linked-detail-trig-integral-involving-secant.html,text/00903-mth-252-linked-detail-trig-integral-involving-secant.txt,text/00903-mth-252-linked-detail-trig-integral-involving-secant.fulltext.txt,markdown/00903-mth-252-linked-detail-trig-integral-involving-secant.md,,metadata/00903-mth-252-linked-detail-trig-integral-involving-secant.json,079264e053b8d7e0ae3908adbd7700857f032c7dc32d8d6ab14fd7b6fd195c6d,17aeaa36d0d9290613059344d41c1e26322b3c9e5ebcd98cfd1901a5c6ef21f4,2026-07-30T21:03:06.196Z,1,28,2,0,0,0
00904-mth-252-linked-detail-application-area-under-the-graph-table,2080857,MTH-252,linked_detail,linked_detail,https://canvas.oregonstate.edu/courses/2080857/modules/items/26982662,https://canvas.oregonstate.edu/courses/2080857/modules/items/26982662,"Application: Area under the graph, table",module_item,26982662,7,,,raw_html/00904-mth-252-linked-detail-application-area-under-the-graph-table.html,text/00904-mth-252-linked-detail-application-area-under-the-graph-table.txt,text/00904-mth-252-linked-detail-application-area-under-the-graph-table.fulltext.txt,markdown/00904-mth-252-linked-detail-application-area-under-the-graph-table.md,,metadata/00904-mth-252-linked-detail-application-area-under-the-graph-table.json,8ef7cf5e34bb76058ad1f8d99a54b5c4e9dad6fb0e305fc4b1b70f03781462e7,51507fca1ecbc3aa66c2f83fa0e986c7992ff49161ce1af239dec20087789388,2026-07-30T21:03:08.417Z,1,30,2,0,0,0
00905-mth-252-linked-detail-intro-integration-by-parts-example-1,2080857,MTH-252,linked_detail,linked_detail,https://canvas.oregonstate.edu/courses/2080857/modules/items/26982724,https://canvas.oregonstate.edu/courses/2080857/modules/items/26982724,Intro. Integration by Parts example 1,module_item,26982724,7,,,raw_html/00905-mth-252-linked-detail-intro-integration-by-parts-example-1.html,text/00905-mth-252-linked-detail-intro-integration-by-parts-example-1.txt,text/00905-mth-252-linked-detail-intro-integration-by-parts-example-1.fulltext.txt,markdown/00905-mth-252-linked-detail-intro-integration-by-parts-example-1.md,,metadata/00905-mth-252-linked-detail-intro-integration-by-parts-example-1.json,55796cdd7a53a63ffd2307ea693226d27ee6ae39048fbdd4d427df70e6b8a2e2,2226638a30ecfd5ebb7afcdbab7f6fd07c93ecfdab27f6ff7b4cfcbf67386e53,2026-07-30T21:03:10.567Z,1,30,2,0,0,0
00906-mth-252-linked-detail-area-under-curve-left-sum,2080857,MTH-252,linked_detail,linked_detail,https://canvas.oregonstate.edu/courses/2080857/modules/items/26982663,https://canvas.oregonstate.edu/courses/2080857/modules/items/26982663,Area under curve: Left Sum,module_item,26982663,8,,,raw_html/00906-mth-252-linked-detail-area-under-curve-left-sum.html,text/00906-mth-252-linked-detail-area-under-curve-left-sum.txt,text/00906-mth-252-linked-detail-area-under-curve-left-sum.fulltext.txt,markdown/00906-mth-252-linked-detail-area-under-curve-left-sum.md,,metadata/00906-mth-252-linked-detail-area-under-curve-left-sum.json,b4cb72064b3a17b2ffed9c6601420a2f85ea9402a012cf0837d53db4c7e79916,a6118bdd8f4f8bacaf5398dcac077549ae41bf5bf0e7813c6094d39313c31107,2026-07-30T21:03:12.717Z,1,30,2,0,0,0
00907-mth-252-linked-detail-intro-indefinite-integral-continued,2080857,MTH-252,linked_detail,linked_detail,https://canvas.oregonstate.edu/courses/2080857/modules/items/26982723,https://canvas.oregonstate.edu/courses/2080857/modules/items/26982723,Intro. indefinite integral continued,module_item,26982723,8,,,raw_html/00907-mth-252-linked-detail-intro-indefinite-integral-continued.html,text/00907-mth-252-linked-detail-intro-indefinite-integral-continued.txt,text/00907-mth-252-linked-detail-intro-indefinite-integral-continued.fulltext.txt,markdown/00907-mth-252-linked-detail-intro-indefinite-integral-continued.md,,metadata/00907-mth-252-linked-detail-intro-indefinite-integral-continued.json,5d33a25fdb051007e768fe0a746431c0fdd1f5fb71af9920c6545b34d48fd2cb,2d9c58fee832f045c14d8baba8cda825354c2af87ee6d26235c12c874eabe57a,2026-07-30T21:03:15.068Z,1,30,2,0,0,0
00908-mth-252-linked-detail-area-under-curve-right-sum,2080857,MTH-252,linked_detail,linked_detail,https://canvas.oregonstate.edu/courses/2080857/modules/items/26982664,https://canvas.oregonstate.edu/courses/2080857/modules/items/26982664,Area under curve: Right Sum,module_item,26982664,9,,,raw_html/00908-mth-252-linked-detail-area-under-curve-right-sum.html,text/00908-mth-252-linked-detail-area-under-curve-right-sum.txt,text/00908-mth-252-linked-detail-area-under-curve-right-sum.fulltext.txt,markdown/00908-mth-252-linked-detail-area-under-curve-right-sum.md,,metadata/00908-mth-252-linked-detail-area-under-curve-right-sum.json,66a99285289da597847e871a5b4f18c497721505681a4161bbfe4a3ce14c07ad,77e95496dccdb88b6921ec82fb7091d0b21dfef2b60567d09d330ca6851b2ff7,2026-07-30T21:03:17.269Z,1,30,2,0,0,0
00909-mth-252-linked-detail-intro-integration-by-parts-definite-integral,2080857,MTH-252,linked_detail,linked_detail,https://canvas.oregonstate.edu/courses/2080857/modules/items/26982722,https://canvas.oregonstate.edu/courses/2080857/modules/items/26982722,Intro. Integration by Parts: Definite integral,module_item,26982722,9,,,raw_html/00909-mth-252-linked-detail-intro-integration-by-parts-definite-integral.html,text/00909-mth-252-linked-detail-intro-integration-by-parts-definite-integral.txt,text/00909-mth-252-linked-detail-intro-integration-by-parts-definite-integral.fulltext.txt,markdown/00909-mth-252-linked-detail-intro-integration-by-parts-definite-integral.md,,metadata/00909-mth-252-linked-detail-intro-integration-by-parts-definite-integral.json,2a4f1528cf7de5df62da6eb8c1df002c218a80f0e050e5778188c832934d2f3f,3802a000dbc956c4fa8fd24d7b805199a0e8f5368f2f77deb4bf317cb517a180,2026-07-30T21:03:20.720Z,1,28,2,0,0,0
00910-mth-252-linked-detail-midpoint-rule-1,2080857,MTH-252,linked_detail,linked_detail,https://canvas.oregonstate.edu/courses/2080857/modules/items/26982665,https://canvas.oregonstate.edu/courses/2080857/modules/items/26982665,Midpoint rule 1,module_item,26982665,10,,,raw_html/00910-mth-252-linked-detail-midpoint-rule-1.html,text/00910-mth-252-linked-detail-midpoint-rule-1.txt,text/00910-mth-252-linked-detail-midpoint-rule-1.fulltext.txt,markdown/00910-mth-252-linked-detail-midpoint-rule-1.md,,metadata/00910-mth-252-linked-detail-midpoint-rule-1.json,73ecdcf1a8fe07ef276dd86fe766eedb68cb58afd9a35b188d56c1880d8a1a4c,729f405699ba8ad019095d5651aff1bf8344cd5d9b286130ba91b27dca9cb76a,2026-07-30T21:03:22.970Z,1,30,2,0,0,0
00911-mth-252-linked-detail-midpoint-rule-2,2080857,MTH-252,linked_detail,linked_detail,https://canvas.oregonstate.edu/courses/2080857/modules/items/26982666,https://canvas.oregonstate.edu/courses/2080857/modules/items/26982666,Midpoint rule 2,module_item,26982666,11,,,raw_html/00911-mth-252-linked-detail-midpoint-rule-2.html,text/00911-mth-252-linked-detail-midpoint-rule-2.txt,text/00911-mth-252-linked-detail-midpoint-rule-2.fulltext.txt,markdown/00911-mth-252-linked-detail-midpoint-rule-2.md,,metadata/00911-mth-252-linked-detail-midpoint-rule-2.json,6195ff353af51304cdc1326815c1878c21a7c6671432ccd70d751c7bfb9e3e14,d2df26e332c8ecd7cd31b5d6364729a08aedce9bdd30b150b38c6717acbc34d4,2026-07-30T21:03:27.222Z,1,30,2,0,0,0
00912-mth-252-linked-detail-midpoint-rule-with-table,2080857,MTH-252,linked_detail,linked_detail,https://canvas.oregonstate.edu/courses/2080857/modules/items/26982667,https://canvas.oregonstate.edu/courses/2080857/modules/items/26982667,Midpoint rule with table,module_item,26982667,12,,,raw_html/00912-mth-252-linked-detail-midpoint-rule-with-table.html,text/00912-mth-252-linked-detail-midpoint-rule-with-table.txt,text/00912-mth-252-linked-detail-midpoint-rule-with-table.fulltext.txt,markdown/00912-mth-252-linked-detail-midpoint-rule-with-table.md,,metadata/00912-mth-252-linked-detail-midpoint-rule-with-table.json,42a839e867f7ae4dd3a3d6f21e0ea67a5384f61c17d004e0fe02b51ebb5331b9,c0f6f59ed8c0c52adca20dd570e628a9265544e27145c8d1ae025f9cd4f1aff2,2026-07-30T21:03:29.926Z,1,30,2,0,0,0
00913-mth-252-linked-detail-riemann-sums-right-sum,2080857,MTH-252,linked_detail,linked_detail,https://canvas.oregonstate.edu/courses/2080857/modules/items/26982668,https://canvas.oregonstate.edu/courses/2080857/modules/items/26982668,Riemann sums: Right Sum,module_item,26982668,13,,,raw_html/00913-mth-252-linked-detail-riemann-sums-right-sum.html,text/00913-mth-252-linked-detail-riemann-sums-right-sum.txt,text/00913-mth-252-linked-detail-riemann-sums-right-sum.fulltext.txt,markdown/00913-mth-252-linked-detail-riemann-sums-right-sum.md,,metadata/00913-mth-252-linked-detail-riemann-sums-right-sum.json,8df4a022599d43e56e2ce5230ddcbb99a50041b34fc99cf1d9e50a52f6f5ca61,86f3b282870402665a4d2e3437e9461bed81dcee692d68f2af087f5f3699a96d,2026-07-30T21:03:33.272Z,1,30,2,0,0,0
00914-mth-252-linked-detail-intro-definite-integral,2080857,MTH-252,linked_detail,linked_detail,https://canvas.oregonstate.edu/courses/2080857/modules/items/26982669,https://canvas.oregonstate.edu/courses/2080857/modules/items/26982669,Intro: Definite Integral,module_item,26982669,14,,,raw_html/00914-mth-252-linked-detail-intro-definite-integral.html,text/00914-mth-252-linked-detail-intro-definite-integral.txt,text/00914-mth-252-linked-detail-intro-definite-integral.fulltext.txt,markdown/00914-mth-252-linked-detail-intro-definite-integral.md,,metadata/00914-mth-252-linked-detail-intro-definite-integral.json,552944c18bbfc15de10998fcb78eac2606d0b560baee3ac81d16d84a72838941,7c7109ee6154769924661ca3cf76ead34b29924e982026298ae4bea9caeeaf1b,2026-07-30T21:03:35.522Z,1,30,2,0,0,0
00915-mth-252-linked-detail-definite-integral-using-geometry,2080857,MTH-252,linked_detail,linked_detail,https://canvas.oregonstate.edu/courses/2080857/modules/items/26982670,https://canvas.oregonstate.edu/courses/2080857/modules/items/26982670,Definite integral: Using geometry,module_item,26982670,15,,,raw_html/00915-mth-252-linked-detail-definite-integral-using-geometry.html,text/00915-mth-252-linked-detail-definite-integral-using-geometry.txt,text/00915-mth-252-linked-detail-definite-integral-using-geometry.fulltext.txt,markdown/00915-mth-252-linked-detail-definite-integral-using-geometry.md,,metadata/00915-mth-252-linked-detail-definite-integral-using-geometry.json,af59cb86e2876f6b4a0dda30bf1ed99f099b40e472e364323bd7cdece195dde1,27d5ba8063607cb87775c0c415c7ccf0842c9141bf0477d565d7f8356fe13376,2026-07-30T21:03:37.810Z,1,30,2,0,0,0
00916-mth-252-linked-detail-definite-integral-setting-up-the-integral,2080857,MTH-252,linked_detail,linked_detail,https://canvas.oregonstate.edu/courses/2080857/modules/items/26982671,https://canvas.oregonstate.edu/courses/2080857/modules/items/26982671,Definite integral: Setting up the integral,module_item,26982671,16,,,raw_html/00916-mth-252-linked-detail-definite-integral-setting-up-the-integral.html,text/00916-mth-252-linked-detail-definite-integral-setting-up-the-integral.txt,text/00916-mth-252-linked-detail-definite-integral-setting-up-the-integral.fulltext.txt,markdown/00916-mth-252-linked-detail-definite-integral-setting-up-the-integral.md,,metadata/00916-mth-252-linked-detail-definite-integral-setting-up-the-integral.json,04fc32be4400e2b2a94026c8b5e5f125e65635cdb97c28f865ff800bf869022f,69bb5d0da8ad42e6131818aafbdbfcee17cbde90d2c2049746c6fae70252ae23,2026-07-30T21:03:40.369Z,1,30,2,0,0,0
00917-mth-252-linked-detail-convert-riemann-sum-to-integrals,2080857,MTH-252,linked_detail,linked_detail,https://canvas.oregonstate.edu/courses/2080857/modules/items/26982672,https://canvas.oregonstate.edu/courses/2080857/modules/items/26982672,Convert Riemann sum to integrals,module_item,26982672,17,,,raw_html/00917-mth-252-linked-detail-convert-riemann-sum-to-integrals.html,text/00917-mth-252-linked-detail-convert-riemann-sum-to-integrals.txt,text/00917-mth-252-linked-detail-convert-riemann-sum-to-integrals.fulltext.txt,markdown/00917-mth-252-linked-detail-convert-riemann-sum-to-integrals.md,,metadata/00917-mth-252-linked-detail-convert-riemann-sum-to-integrals.json,b23bf0e057a15b7a80ac0a50be1535743e6a5e0461fd2368a33b4cd311815425,a98cdb6687e910735da68cf72668a5d823cb8e3fba275e92ef38fc1ecb99d176,2026-07-30T21:03:43.322Z,1,30,2,0,0,0
00918-mth-252-linked-detail-definite-integral-properties-continued,2080857,MTH-252,linked_detail,linked_detail,https://canvas.oregonstate.edu/courses/2080857/modules/items/26982673,https://canvas.oregonstate.edu/courses/2080857/modules/items/26982673,Definite integral: Properties continued,module_item,26982673,18,,,raw_html/00918-mth-252-linked-detail-definite-integral-properties-continued.html,text/00918-mth-252-linked-detail-definite-integral-properties-continued.txt,text/00918-mth-252-linked-detail-definite-integral-properties-continued.fulltext.txt,markdown/00918-mth-252-linked-detail-definite-integral-properties-continued.md,,metadata/00918-mth-252-linked-detail-definite-integral-properties-continued.json,da6083dec86c8f5cc8c859fbf3c590e4f11b9f6eb3832e222159d63a82886fdb,30af70c2f61e5539ee6643d61407ba10facb8a6af908aa15719ac65fe117f030,2026-07-30T21:03:45.820Z,1,30,2,0,0,0
00919-mth-252-linked-detail-definite-integrals-properties,2080857,MTH-252,linked_detail,linked_detail,https://canvas.oregonstate.edu/courses/2080857/modules/items/26982674,https://canvas.oregonstate.edu/courses/2080857/modules/items/26982674,Definite integrals: Properties,module_item,26982674,19,,,raw_html/00919-mth-252-linked-detail-definite-integrals-properties.html,text/00919-mth-252-linked-detail-definite-integrals-properties.txt,text/00919-mth-252-linked-detail-definite-integrals-properties.fulltext.txt,markdown/00919-mth-252-linked-detail-definite-integrals-properties.md,,metadata/00919-mth-252-linked-detail-definite-integrals-properties.json,11c3ff144f85c06dc9847ca41e3ba72e186ca0f1a0b95e5aea23b2f3e756fd21,46e6beb8ac71056af8a056e824821e7d91c6939d25f7d4c417ed0b2cc5d5d919,2026-07-30T21:03:48.630Z,1,30,2,0,0,0
00920-mth-252-linked-detail-definite-integral-intro-and-application,2080857,MTH-252,linked_detail,linked_detail,https://canvas.oregonstate.edu/courses/2080857/modules/items/26982675,https://canvas.oregonstate.edu/courses/2080857/modules/items/26982675,Definite integral: Intro and application,module_item,26982675,20,,,raw_html/00920-mth-252-linked-detail-definite-integral-intro-and-application.html,text/00920-mth-252-linked-detail-definite-integral-intro-and-application.txt,text/00920-mth-252-linked-detail-definite-integral-intro-and-application.fulltext.txt,markdown/00920-mth-252-linked-detail-definite-integral-intro-and-application.md,,metadata/00920-mth-252-linked-detail-definite-integral-intro-and-application.json,de2c0d00b5a1711ae4caf49e84e4d92e10cb6f9032e23cff054cd52fe806c19c,a6a5fe76a656aa381081cd14547bd133efff0e93ad2ee4f5778ab0c5071206fd,2026-07-30T21:03:50.981Z,1,30,2,0,0,0
00921-mth-252-linked-detail-definite-integral-function-plus-constant,2080857,MTH-252,linked_detail,linked_detail,https://canvas.oregonstate.edu/courses/2080857/modules/items/26982676,https://canvas.oregonstate.edu/courses/2080857/modules/items/26982676,Definite integral: Function plus constant,module_item,26982676,21,,,raw_html/00921-mth-252-linked-detail-definite-integral-function-plus-constant.html,text/00921-mth-252-linked-detail-definite-integral-function-plus-constant.txt,text/00921-mth-252-linked-detail-definite-integral-function-plus-constant.fulltext.txt,markdown/00921-mth-252-linked-detail-definite-integral-function-plus-constant.md,,metadata/00921-mth-252-linked-detail-definite-integral-function-plus-constant.json,e81369e3fb4e2ec42542085fc44198db1bc7e8c75f1c6c577e9032fbc728b044,80d2f624d0f76733f5250506efefa2b2f60ec3ff86e0a7d3393bedcfeba891dd,2026-07-30T21:03:53.318Z,1,30,2,0,0,0
00922-mth-252-linked-detail-definite-integral-constant-function,2080857,MTH-252,linked_detail,linked_detail,https://canvas.oregonstate.edu/courses/2080857/modules/items/26982677,https://canvas.oregonstate.edu/courses/2080857/modules/items/26982677,Definite integral: Constant*function,module_item,26982677,22,,,raw_html/00922-mth-252-linked-detail-definite-integral-constant-function.html,text/00922-mth-252-linked-detail-definite-integral-constant-function.txt,text/00922-mth-252-linked-detail-definite-integral-constant-function.fulltext.txt,markdown/00922-mth-252-linked-detail-definite-integral-constant-function.md,,metadata/00922-mth-252-linked-detail-definite-integral-constant-function.json,560e6b58210803af1de7a94c57382ed46464ae89d87880ffe7132f4d29117192,b0a98030490798937e92bbdfdb63321baf056e42c818ab468b46109318503bf0,2026-07-30T21:03:55.470Z,1,30,2,0,0,0
00923-mth-252-linked-detail-definite-integral-trig,2080857,MTH-252,linked_detail,linked_detail,https://canvas.oregonstate.edu/courses/2080857/modules/items/26982678,https://canvas.oregonstate.edu/courses/2080857/modules/items/26982678,Definite integral: Trig,module_item,26982678,23,,,raw_html/00923-mth-252-linked-detail-definite-integral-trig.html,text/00923-mth-252-linked-detail-definite-integral-trig.txt,text/00923-mth-252-linked-detail-definite-integral-trig.fulltext.txt,markdown/00923-mth-252-linked-detail-definite-integral-trig.md,,metadata/00923-mth-252-linked-detail-definite-integral-trig.json,c0ccd78f4a01800c492f58764dcdd7a293fda6ee9adc9c0c625a358c01c25a99,3f90429c4369e4ca664f53bdc5429998b653ee47e324ac2758a8e14b18964d3a,2026-07-30T21:03:57.668Z,1,30,2,0,0,0
00924-mth-252-linked-detail-fundamental-theorem-of-calc-ftoc-area-function,2080857,MTH-252,linked_detail,linked_detail,https://canvas.oregonstate.edu/courses/2080857/modules/items/26982679,https://canvas.oregonstate.edu/courses/2080857/modules/items/26982679,Fundamental Theorem of Calc (FToC): Area function,module_item,26982679,24,,,raw_html/00924-mth-252-linked-detail-fundamental-theorem-of-calc-ftoc-area-function.html,text/00924-mth-252-linked-detail-fundamental-theorem-of-calc-ftoc-area-function.txt,text/00924-mth-252-linked-detail-fundamental-theorem-of-calc-ftoc-area-function.fulltext.txt,markdown/00924-mth-252-linked-detail-fundamental-theorem-of-calc-ftoc-area-function.md,,metadata/00924-mth-252-linked-detail-fundamental-theorem-of-calc-ftoc-area-function.json,09d32dc96a57155c533aec65f0c22ed19820d03409937ecbd80e6bee974e0a27,6119be69de655553438486d03e0fbf35f86b950d4b078b045f8672ffb0d1762c,2026-07-30T21:04:00.369Z,1,28,2,0,0,0
