requested_url,resolved_url,course_code,source_surface,source_kind,page_id,started_at,finished_at,status,error,discovered_count
https://canvas.oregonstate.edu/courses/2080857,https://canvas.oregonstate.edu/courses/2080857,MTH-252,home,surface,00001-mth-252-home-integral-calculus-mth-252z-400-u2026,2026-07-08T22:46:25.930Z,2026-07-08T22:46:30.545Z,ok,,1
https://canvas.oregonstate.edu/courses/2080857/modules,https://canvas.oregonstate.edu/courses/2080857/modules,MTH-252,modules,surface,00002-mth-252-modules-course-modules-integral-calculus-mth-252z-400-u2026,2026-07-08T22:46:30.545Z,2026-07-08T22:46:37.821Z,ok,,131
https://canvas.oregonstate.edu/courses/2080857/assignments,https://canvas.oregonstate.edu/courses/2080857,MTH-252,assignments,surface,00003-mth-252-assignments-integral-calculus-mth-252z-400-u2026,2026-07-08T22:46:37.821Z,2026-07-08T22:46:42.085Z,ok,,0
https://canvas.oregonstate.edu/courses/2080857/grades,https://canvas.oregonstate.edu/courses/2080857/grades,MTH-252,grades,surface,00004-mth-252-grades-grades-for-jacob-peterson-integral-calculus-mth-252z-400-u2026,2026-07-08T22:46:42.085Z,2026-07-08T22:46:47.882Z,ok,,0
https://canvas.oregonstate.edu/courses/2080857/announcements,https://canvas.oregonstate.edu/courses/2080857/announcements,MTH-252,announcements,surface,00005-mth-252-announcements-announcements-integral-calculus-mth-252z-400-u2026,2026-07-08T22:46:47.882Z,2026-07-08T22:46:50.935Z,ok,,0
https://canvas.oregonstate.edu/courses/2080857/assignments/syllabus,https://canvas.oregonstate.edu/courses/2080857/assignments/syllabus,MTH-252,syllabus,surface,00006-mth-252-syllabus-syllabus-for-integral-calculus-mth-252z-400-u2026,2026-07-08T22:46:50.935Z,2026-07-08T22:46:54.451Z,ok,,64
https://canvas.oregonstate.edu/courses/2080857/discussion_topics,https://canvas.oregonstate.edu/courses/2080857/discussion_topics,MTH-252,discussions,surface,00007-mth-252-discussions-discussions-integral-calculus-mth-252z-400-u2026,2026-07-08T22:46:54.451Z,2026-07-08T22:46:57.903Z,ok,,10
https://canvas.oregonstate.edu/courses/2080857/quizzes,https://canvas.oregonstate.edu/courses/2080857,MTH-252,quizzes,surface,00008-mth-252-quizzes-integral-calculus-mth-252z-400-u2026,2026-07-08T22:46:57.903Z,2026-07-08T22:47:01.837Z,ok,,0
https://canvas.oregonstate.edu/courses/2053263,https://canvas.oregonstate.edu/courses/2053263,MTH-253,home,surface,00009-mth-253-home-sequences-and-series-mth-253z-400-u2026,2026-07-08T22:47:01.837Z,2026-07-08T22:47:05.553Z,ok,,0
https://canvas.oregonstate.edu/courses/2053263/modules,https://canvas.oregonstate.edu/courses/2053263/modules,MTH-253,modules,surface,00010-mth-253-modules-course-modules-sequences-and-series-mth-253z-400-u2026,2026-07-08T22:47:05.553Z,2026-07-08T22:47:09.180Z,ok,,51
https://canvas.oregonstate.edu/courses/2053263/assignments,https://canvas.oregonstate.edu/courses/2053263,MTH-253,assignments,surface,00011-mth-253-assignments-sequences-and-series-mth-253z-400-u2026,2026-07-08T22:47:09.198Z,2026-07-08T22:47:12.944Z,ok,,0
https://canvas.oregonstate.edu/courses/2053263/grades,https://canvas.oregonstate.edu/courses/2053263/grades,MTH-253,grades,surface,00012-mth-253-grades-grades-for-jacob-peterson-sequences-and-series-mth-253z-400-u2026,2026-07-08T22:47:12.944Z,2026-07-08T22:47:16.338Z,ok,,0
https://canvas.oregonstate.edu/courses/2053263/announcements,https://canvas.oregonstate.edu/courses/2053263/announcements,MTH-253,announcements,surface,00013-mth-253-announcements-announcements-sequences-and-series-mth-253z-400-u2026,2026-07-08T22:47:16.338Z,2026-07-08T22:47:19.021Z,ok,,3
https://canvas.oregonstate.edu/courses/2053263/assignments/syllabus,https://canvas.oregonstate.edu/courses/2053263/assignments/syllabus,MTH-253,syllabus,surface,00014-mth-253-syllabus-syllabus-for-sequences-and-series-mth-253z-400-u2026,2026-07-08T22:47:19.021Z,2026-07-08T22:47:22.123Z,ok,,24
https://canvas.oregonstate.edu/courses/2053263/discussion_topics,https://canvas.oregonstate.edu/courses/2053263/discussion_topics,MTH-253,discussions,surface,00015-mth-253-discussions-discussions-sequences-and-series-mth-253z-400-u2026,2026-07-08T22:47:22.123Z,2026-07-08T22:47:25.490Z,ok,,10
https://canvas.oregonstate.edu/courses/2053263/quizzes,https://canvas.oregonstate.edu/courses/2053263/quizzes,MTH-253,quizzes,surface,00016-mth-253-quizzes-quizzes-sequences-and-series-mth-253z-400-u2026,2026-07-08T22:47:25.490Z,2026-07-08T22:47:28.727Z,ok,,6
https://canvas.oregonstate.edu/courses/2053526,https://canvas.oregonstate.edu/courses/2053526,PHY-212,home,surface,00017-phy-212-home-general-physics-with-calculus-ph-212-400-u2026,2026-07-08T22:47:28.727Z,2026-07-08T22:47:32.611Z,ok,,0
https://canvas.oregonstate.edu/courses/2053526/modules,https://canvas.oregonstate.edu/courses/2053526/modules,PHY-212,modules,surface,00018-phy-212-modules-course-modules-general-physics-with-calculus-ph-212-400-u2026,2026-07-08T22:47:32.611Z,2026-07-08T22:47:36.284Z,ok,,45
https://canvas.oregonstate.edu/courses/2053526/assignments,https://canvas.oregonstate.edu/courses/2053526/assignments,PHY-212,assignments,surface,00019-phy-212-assignments-assignments-general-physics-with-calculus-ph-212-400-u2026,2026-07-08T22:47:36.284Z,2026-07-08T22:47:39.802Z,ok,,0
https://canvas.oregonstate.edu/courses/2053526/grades,https://canvas.oregonstate.edu/courses/2053526/grades,PHY-212,grades,surface,00020-phy-212-grades-grades-for-jacob-peterson-general-physics-with-calculus-ph-212-400-u2026,2026-07-08T22:47:39.802Z,2026-07-08T22:47:45.039Z,ok,,0
https://canvas.oregonstate.edu/courses/2053526/announcements,https://canvas.oregonstate.edu/courses/2053526/announcements,PHY-212,announcements,surface,00021-phy-212-announcements-announcements-general-physics-with-calculus-ph-212-400-u2026,2026-07-08T22:47:45.068Z,2026-07-08T22:47:47.803Z,ok,,6
https://canvas.oregonstate.edu/courses/2053526/assignments/syllabus,https://canvas.oregonstate.edu/courses/2053526/assignments/syllabus,PHY-212,syllabus,surface,00022-phy-212-syllabus-syllabus-for-general-physics-with-calculus-ph-212-400-u2026,2026-07-08T22:47:47.803Z,2026-07-08T22:47:51.418Z,ok,,100
https://canvas.oregonstate.edu/courses/2053526/discussion_topics,https://canvas.oregonstate.edu/courses/2053526/discussion_topics,PHY-212,discussions,surface,00023-phy-212-discussions-discussions-general-physics-with-calculus-ph-212-400-u2026,2026-07-08T22:47:51.418Z,2026-07-08T22:47:55.145Z,ok,,10
https://canvas.oregonstate.edu/courses/2053526/quizzes,https://canvas.oregonstate.edu/courses/2053526,PHY-212,quizzes,surface,00024-phy-212-quizzes-general-physics-with-calculus-ph-212-400-u2026,2026-07-08T22:47:55.145Z,2026-07-08T22:47:59.282Z,ok,,0
https://canvas.oregonstate.edu/courses/2080857/discussion_topics/11606650,https://canvas.oregonstate.edu/courses/2080857/discussion_topics/11606650,MTH-252,linked_detail,linked_detail,00025-mth-252-linked-detail-topic-gradescope-home-page-whw2-subs,2026-07-08T22:47:59.282Z,2026-07-08T22:48:02.056Z,ok,,0
https://canvas.oregonstate.edu/courses/2080857/modules/items/26982502,https://canvas.oregonstate.edu/courses/2080857/files/119223581?module_item_id=26982502,MTH-252,module_item,module_item,00026-mth-252-module-item-whw1-key-pdf-integral-calculus-mth-252z-400-u2026,2026-07-08T22:48:02.056Z,2026-07-08T22:48:04.902Z,ok,,1
https://canvas.oregonstate.edu/courses/2080857/modules/items/26982519,https://canvas.oregonstate.edu/courses/2080857/pages/start-here-overview?module_item_id=26982519,MTH-252,module_item,module_item,00027-mth-252-module-item-start-here-overview-integral-calculus-mth-252z-400-u2026,2026-07-08T22:48:04.902Z,2026-07-08T22:48:07.767Z,ok,,0
https://canvas.oregonstate.edu/courses/2080857/modules/items/26982520,https://canvas.oregonstate.edu/courses/2080857/pages/start-here-instructor-information-and-communication-policy?module_item_id=26982520,MTH-252,module_item,module_item,00028-mth-252-module-item-start-here-instructor-information-communication-policy-integral-calculus-mth-252z-400-u2026,2026-07-08T22:48:07.767Z,2026-07-08T22:48:10.373Z,ok,,0
https://canvas.oregonstate.edu/courses/2080857/modules/items/26982522,https://canvas.oregonstate.edu/courses/2080857/pages/syllabus-and-calendar-as-of-7-slash-05-%3E-both-sections-400-and-401?module_item_id=26982522,MTH-252,module_item,module_item,00029-mth-252-module-item-syllabus-and-calendar-as-of-7-05-both-sections-400-and-401-integral-calculus-mth-252z-400-u2026,2026-07-08T22:48:10.373Z,2026-07-08T22:48:13.027Z,ok,,4
https://canvas.oregonstate.edu/courses/2080857/modules/items/26990499,https://canvas.oregonstate.edu/courses/2080857/pages/get-your-mth-252z-course-materials-access-code-+-ebook?module_item_id=26990499,MTH-252,module_item,module_item,00030-mth-252-module-item-get-your-mth-252z-course-materials-access-code-ebook-integral-calculus-mth-252z-400-u2026,2026-07-08T22:48:13.027Z,2026-07-08T22:48:15.729Z,ok,,0
https://canvas.oregonstate.edu/courses/2080857/modules/items/26982524,https://canvas.oregonstate.edu/courses/2080857/files/119223565?module_item_id=26982524,MTH-252,module_item,module_item,00031-mth-252-module-item-achieve-registration-process-v3-pdf-integral-calculus-mth-252z-400-u2026,2026-07-08T22:48:15.763Z,2026-07-08T22:48:18.558Z,ok,,1
https://canvas.oregonstate.edu/courses/2080857/modules/items/26982525,https://canvas.oregonstate.edu/courses/2080857/pages/free-trial-slash-grace-period-in-achieve-2-weeks?module_item_id=26982525,MTH-252,module_item,module_item,00032-mth-252-module-item-free-trial-grace-period-in-achieve-2-weeks-integral-calculus-mth-252z-400-u2026,2026-07-08T22:48:18.558Z,2026-07-08T22:48:21.241Z,ok,,1
https://canvas.oregonstate.edu/courses/2080857/modules/items/26982529,https://canvas.oregonstate.edu/courses/2080857/modules/items/26982529,MTH-252,module_item,module_item,00033-mth-252-module-item-gradescope-submission-using-phone-no-audio,2026-07-08T22:48:21.242Z,2026-07-08T22:48:23.926Z,ok,,0
https://canvas.oregonstate.edu/courses/2080857/modules/items/26982530,https://canvas.oregonstate.edu/courses/2080857/modules/items/26982530,MTH-252,module_item,module_item,00034-mth-252-module-item-gradescope-submission-using-computer-no-audio,2026-07-08T22:48:23.926Z,2026-07-08T22:48:26.450Z,ok,,0
https://canvas.oregonstate.edu/courses/2080857/modules/items/26982531,https://canvas.oregonstate.edu/courses/2080857/pages/start-here-where-to-go-for-help?module_item_id=26982531,MTH-252,module_item,module_item,00035-mth-252-module-item-start-here-where-to-go-for-help-integral-calculus-mth-252z-400-u2026,2026-07-08T22:48:26.450Z,2026-07-08T22:48:29.154Z,ok,,0
https://canvas.oregonstate.edu/courses/2080857/modules/items/26982532,https://canvas.oregonstate.edu/courses/2080857/pages/start-here-accessibility-statements-and-privacy-policies?module_item_id=26982532,MTH-252,module_item,module_item,00036-mth-252-module-item-start-here-accessibility-statements-privacy-policies-integral-calculus-mth-252z-400-u2026,2026-07-08T22:48:29.154Z,2026-07-08T22:48:31.869Z,ok,,0
https://canvas.oregonstate.edu/courses/2080857/modules/items/26982533,https://canvas.oregonstate.edu/courses/2080857/pages/start-here-sources-cited?module_item_id=26982533,MTH-252,module_item,module_item,00037-mth-252-module-item-start-here-sources-cited-integral-calculus-mth-252z-400-u2026,2026-07-08T22:48:31.869Z,2026-07-08T22:48:34.619Z,ok,,0
https://canvas.oregonstate.edu/courses/2080857/modules/items/26982534,https://canvas.oregonstate.edu/courses/2080857/pages/start-here-conclusion?module_item_id=26982534,MTH-252,module_item,module_item,00038-mth-252-module-item-start-here-conclusion-integral-calculus-mth-252z-400-u2026,2026-07-08T22:48:34.619Z,2026-07-08T22:48:37.318Z,ok,,0
https://canvas.oregonstate.edu/courses/2080857/modules/items/26982539,https://canvas.oregonstate.edu/courses/2080857/discussion_topics/11593476?module_item_id=26982539,MTH-252,module_item,module_item,00039-mth-252-module-item-topic-q-a-discussion,2026-07-08T22:48:37.318Z,2026-07-08T22:48:42.168Z,ok,,1
https://canvas.oregonstate.edu/courses/2080857/modules/items/26982536,https://canvas.oregonstate.edu/courses/2080857/files/119223484?module_item_id=26982536,MTH-252,module_item,module_item,00040-mth-252-module-item-mlc-hours-pdf-integral-calculus-mth-252z-400-u2026,2026-07-08T22:48:42.168Z,2026-07-08T22:48:45.286Z,ok,,1
https://canvas.oregonstate.edu/courses/2080857/modules/items/26982537,https://canvas.oregonstate.edu/courses/2080857/pages/how-to-videos?module_item_id=26982537,MTH-252,module_item,module_item,00041-mth-252-module-item-how-to-videos-integral-calculus-mth-252z-400-u2026,2026-07-08T22:48:45.338Z,2026-07-08T22:48:48.812Z,ok,,1
https://canvas.oregonstate.edu/courses/2080857/modules/items/26982540,https://canvas.oregonstate.edu/courses/2080857/modules/items/26982540,MTH-252,module_item,module_item,00042-mth-252-module-item-review-optional-3-3-differentiation-rules,2026-07-08T22:48:48.812Z,2026-07-08T22:48:51.665Z,ok,,0
https://canvas.oregonstate.edu/courses/2080857/modules/items/26982541,https://canvas.oregonstate.edu/courses/2080857/modules/items/26982541,MTH-252,module_item,module_item,00043-mth-252-module-item-review-optional-3-5-derivatives-of-trigonometric-functions,2026-07-08T22:48:51.665Z,2026-07-08T22:48:54.277Z,ok,,0
https://canvas.oregonstate.edu/courses/2080857/modules/items/26982542,https://canvas.oregonstate.edu/courses/2080857/modules/items/26982542,MTH-252,module_item,module_item,00044-mth-252-module-item-review-optional-3-6-the-chain-rule,2026-07-08T22:48:54.277Z,2026-07-08T22:48:56.768Z,ok,,0
https://canvas.oregonstate.edu/courses/2080857/modules/items/26982543,https://canvas.oregonstate.edu/courses/2080857/modules/items/26982543,MTH-252,module_item,module_item,00045-mth-252-module-item-review-optional-3-9-derivatives-of-exponential-and-logarithmic-functions,2026-07-08T22:48:56.768Z,2026-07-08T22:48:59.274Z,ok,,0
https://canvas.oregonstate.edu/courses/2080857/modules/items/26982544,https://canvas.oregonstate.edu/courses/2080857/pages/module-1-overview?module_item_id=26982544,MTH-252,module_item,module_item,00046-mth-252-module-item-module-1-overview-integral-calculus-mth-252z-400-u2026,2026-07-08T22:48:59.275Z,2026-07-08T22:49:02.220Z,ok,,1
https://canvas.oregonstate.edu/courses/2080857/modules/items/26982545,https://canvas.oregonstate.edu/courses/2080857/pages/module-1-learning-materials-and-practice-activities-3-5-hours-2?module_item_id=26982545,MTH-252,module_item,module_item,00047-mth-252-module-item-module-1-learning-materials-and-practice-activities-3-5-hours-integral-calculus-mth-252z-400-u20,2026-07-08T22:49:02.220Z,2026-07-08T22:49:05.121Z,ok,,0
https://canvas.oregonstate.edu/courses/2080857/modules/items/26982546,https://canvas.oregonstate.edu/courses/2080857/files/119223553?module_item_id=26982546,MTH-252,module_item,module_item,00048-mth-252-module-item-252-lecture-1-1-to-me1-pdf-integral-calculus-mth-252z-400-u2026,2026-07-08T22:49:05.121Z,2026-07-08T22:49:08.033Z,ok,,1
https://canvas.oregonstate.edu/courses/2080857/modules/items/26982547,https://canvas.oregonstate.edu/courses/2080857/pages/dr-gs-videos-%3E-1-dot-1?module_item_id=26982547,MTH-252,module_item,module_item,00049-mth-252-module-item-dr-g-s-videos-1-1-integral-calculus-mth-252z-400-u2026,2026-07-08T22:49:08.033Z,2026-07-08T22:49:11.125Z,ok,,0
https://canvas.oregonstate.edu/courses/2080857/modules/items/26982548,https://canvas.oregonstate.edu/courses/2080857/quizzes/3167659?module_item_id=26982548,MTH-252,module_item,module_item,00050-mth-252-module-item-pre-class-reading-quiz-1-1-rq-1-1-integral-calculus-mth-252z-400-u2026,2026-07-08T22:49:11.125Z,2026-07-08T22:49:14.220Z,ok,,1
https://canvas.oregonstate.edu/courses/2080857/modules/items/26982549,https://canvas.oregonstate.edu/courses/2080857/assignments/10586053?module_item_id=26982549,MTH-252,module_item,module_item,00051-mth-252-module-item-module-1-written-homework-whw-1-2-hours,2026-07-08T22:49:14.268Z,2026-07-08T22:49:17.508Z,ok,,1
https://canvas.oregonstate.edu/courses/2080857/modules/items/26982550,https://canvas.oregonstate.edu/courses/2080857/assignments/10586044?module_item_id=26982550,MTH-252,module_item,module_item,00052-mth-252-module-item-intro-reflect-1,2026-07-08T22:49:17.508Z,2026-07-08T22:49:20.932Z,ok,,1
https://canvas.oregonstate.edu/courses/2080857/modules/items/26982551,https://canvas.oregonstate.edu/courses/2080857/assignments/10586025?module_item_id=26982551,MTH-252,module_item,module_item,00053-mth-252-module-item-achieve-1-1-approximating-areas,2026-07-08T22:49:20.932Z,2026-07-08T22:49:23.935Z,ok,,1
https://canvas.oregonstate.edu/courses/2080857/modules/items/26982552,https://canvas.oregonstate.edu/courses/2080857/discussion_topics/11593475?module_item_id=26982552,MTH-252,module_item,module_item,00054-mth-252-module-item-topic-module-1-discussion-reflection-whw-1-0-25-hour,2026-07-08T22:49:23.935Z,2026-07-08T22:49:28.791Z,ok,,0
https://canvas.oregonstate.edu/courses/2080857/modules/items/26982553,https://canvas.oregonstate.edu/courses/2080857/pages/module-2-overview?module_item_id=26982553,MTH-252,module_item,module_item,00055-mth-252-module-item-module-2-overview-integral-calculus-mth-252z-400-u2026,2026-07-08T22:49:28.791Z,2026-07-08T22:49:32.564Z,ok,,0
https://canvas.oregonstate.edu/courses/2080857/modules/items/26982554,https://canvas.oregonstate.edu/courses/2080857/pages/module-2-learning-materials-and-practice-activities-3-5-hours-2?module_item_id=26982554,MTH-252,module_item,module_item,00056-mth-252-module-item-module-2-learning-materials-and-practice-activities-3-5-hours-integral-calculus-mth-252z-400-u20,2026-07-08T22:49:32.564Z,2026-07-08T22:49:35.626Z,ok,,0
https://canvas.oregonstate.edu/courses/2080857/modules/items/26982555,https://canvas.oregonstate.edu/courses/2080857/files/119223553?module_item_id=26982555,MTH-252,module_item,module_item,00057-mth-252-module-item-252-lecture-1-1-to-me1-pdf-integral-calculus-mth-252z-400-u2026,2026-07-08T22:49:35.626Z,2026-07-08T22:49:38.374Z,ok,,1
https://canvas.oregonstate.edu/courses/2080857/modules/items/26982556,https://canvas.oregonstate.edu/courses/2080857/pages/dr-gs-videos-%3E-1-dot-2?module_item_id=26982556,MTH-252,module_item,module_item,00058-mth-252-module-item-dr-g-s-videos-1-2-integral-calculus-mth-252z-400-u2026,2026-07-08T22:49:38.374Z,2026-07-08T22:49:41.635Z,ok,,0
https://canvas.oregonstate.edu/courses/2080857/modules/items/26982557,https://canvas.oregonstate.edu/courses/2080857/quizzes/3167658?module_item_id=26982557,MTH-252,module_item,module_item,00059-mth-252-module-item-pre-class-reading-quiz-1-2-rq-1-2-integral-calculus-mth-252z-400-u2026,2026-07-08T22:49:41.635Z,2026-07-08T22:49:45.077Z,ok,,0
https://canvas.oregonstate.edu/courses/2080857/modules/items/26982558,https://canvas.oregonstate.edu/courses/2080857/assignments/10586055?module_item_id=26982558,MTH-252,module_item,module_item,00060-mth-252-module-item-module-2-written-homework-whw-2-3-hours,2026-07-08T22:49:45.077Z,2026-07-08T22:49:48.466Z,ok,,1
https://canvas.oregonstate.edu/courses/2080857/modules/items/26982559,https://canvas.oregonstate.edu/courses/2080857/assignments/10586063?module_item_id=26982559,MTH-252,module_item,module_item,00061-mth-252-module-item-reflection-2,2026-07-08T22:49:48.534Z,2026-07-08T22:49:51.925Z,ok,,1
https://canvas.oregonstate.edu/courses/2080857/modules/items/26982560,https://canvas.oregonstate.edu/courses/2080857/assignments/10586026?module_item_id=26982560,MTH-252,module_item,module_item,00062-mth-252-module-item-achieve-1-2-the-definite-integral,2026-07-08T22:49:51.925Z,2026-07-08T22:49:58.131Z,ok,,1
https://canvas.oregonstate.edu/courses/2080857/modules/items/26982561,https://canvas.oregonstate.edu/courses/2080857/discussion_topics/11593474?module_item_id=26982561,MTH-252,module_item,module_item,00063-mth-252-module-item-topic-module-2-discussion-reflection-0-5-hour,2026-07-08T22:49:58.131Z,2026-07-08T22:50:02.811Z,ok,,0
https://canvas.oregonstate.edu/courses/2080857/modules/items/26982562,https://canvas.oregonstate.edu/courses/2080857/assignments/10586045?module_item_id=26982562,MTH-252,module_item,module_item,00064-mth-252-module-item-mini-exam-1-tues-thur-no-late-submissions,2026-07-08T22:50:02.811Z,2026-07-08T22:50:05.975Z,ok,,4
https://canvas.oregonstate.edu/courses/2080857/modules/items/26982563,https://canvas.oregonstate.edu/courses/2080857/pages/module-3-overview?module_item_id=26982563,MTH-252,module_item,module_item,00065-mth-252-module-item-module-3-overview-integral-calculus-mth-252z-400-u2026,2026-07-08T22:50:05.975Z,2026-07-08T22:50:09.084Z,ok,,0
https://canvas.oregonstate.edu/courses/2080857/modules/items/26982564,https://canvas.oregonstate.edu/courses/2080857/pages/module-3-learning-materials-and-practice-activities-3-5-hours-2?module_item_id=26982564,MTH-252,module_item,module_item,00066-mth-252-module-item-module-3-learning-materials-and-practice-activities-3-5-hours-integral-calculus-mth-252z-400-u20,2026-07-08T22:50:09.084Z,2026-07-08T22:50:12.275Z,ok,,0
https://canvas.oregonstate.edu/courses/2080857/modules/items/26982565,https://canvas.oregonstate.edu/courses/2080857/files/119223594?module_item_id=26982565,MTH-252,module_item,module_item,00067-mth-252-module-item-252-lecture-1-3-to-me2-pdf-integral-calculus-mth-252z-400-u2026,2026-07-08T22:50:12.275Z,2026-07-08T22:50:15.025Z,ok,,1
https://canvas.oregonstate.edu/courses/2080857/modules/items/26982566,https://canvas.oregonstate.edu/courses/2080857/pages/dr-gs-videos-%3E-1-dot-3-4-dot-10?module_item_id=26982566,MTH-252,module_item,module_item,00068-mth-252-module-item-dr-g-s-videos-1-3-4-10-integral-calculus-mth-252z-400-u2026,2026-07-08T22:50:15.025Z,2026-07-08T22:50:18.684Z,ok,,0
https://canvas.oregonstate.edu/courses/2080857/modules/items/26982567,https://canvas.oregonstate.edu/courses/2080857/quizzes/3167655?module_item_id=26982567,MTH-252,module_item,module_item,00069-mth-252-module-item-pre-class-reading-quiz-1-3-rq-1-3-integral-calculus-mth-252z-400-u2026,2026-07-08T22:50:18.684Z,2026-07-08T22:50:21.677Z,ok,,1
https://canvas.oregonstate.edu/courses/2080857/modules/items/26982568,https://canvas.oregonstate.edu/courses/2080857/assignments/10586056?module_item_id=26982568,MTH-252,module_item,module_item,00070-mth-252-module-item-module-3-written-homework-whw-3-3-hours,2026-07-08T22:50:21.677Z,2026-07-08T22:50:24.674Z,ok,,2
https://canvas.oregonstate.edu/courses/2080857/modules/items/26982569,https://canvas.oregonstate.edu/courses/2080857/assignments/10586027?module_item_id=26982569,MTH-252,module_item,module_item,00071-mth-252-module-item-achieve-1-3-the-fundamental-theorem-of-calculus,2026-07-08T22:50:24.737Z,2026-07-08T22:50:27.881Z,ok,,1
https://canvas.oregonstate.edu/courses/2080857/modules/items/26982570,https://canvas.oregonstate.edu/courses/2080857/assignments/10586042?module_item_id=26982570,MTH-252,module_item,module_item,00072-mth-252-module-item-achieve-4-10-antiderivatives,2026-07-08T22:50:27.881Z,2026-07-08T22:50:31.073Z,ok,,1
https://canvas.oregonstate.edu/courses/2080857/modules/items/26982571,https://canvas.oregonstate.edu/courses/2080857/discussion_topics/11593473?module_item_id=26982571,MTH-252,module_item,module_item,00073-mth-252-module-item-topic-module-3-discussion-reflection-mini-exam-1-0-5-hour,2026-07-08T22:50:31.073Z,2026-07-08T22:50:34.112Z,ok,,0
https://canvas.oregonstate.edu/courses/2080857/modules/items/26982572,https://canvas.oregonstate.edu/courses/2080857/pages/module-4-overview?module_item_id=26982572,MTH-252,module_item,module_item,00074-mth-252-module-item-module-4-overview-integral-calculus-mth-252z-400-u2026,2026-07-08T22:50:34.113Z,2026-07-08T22:50:37.026Z,ok,,0
https://canvas.oregonstate.edu/courses/2080857/modules/items/26982573,https://canvas.oregonstate.edu/courses/2080857/pages/module-4-learning-materials-and-practice-activities-3-5-hours-2?module_item_id=26982573,MTH-252,module_item,module_item,00075-mth-252-module-item-module-4-learning-materials-and-practice-activities-3-5-hours-integral-calculus-mth-252z-400-u20,2026-07-08T22:50:37.026Z,2026-07-08T22:50:40.073Z,ok,,3
https://canvas.oregonstate.edu/courses/2080857/modules/items/26982574,https://canvas.oregonstate.edu/courses/2080857/files/119223594?module_item_id=26982574,MTH-252,module_item,module_item,00076-mth-252-module-item-252-lecture-1-3-to-me2-pdf-integral-calculus-mth-252z-400-u2026,2026-07-08T22:50:40.073Z,2026-07-08T22:50:42.937Z,ok,,1
https://canvas.oregonstate.edu/courses/2080857/modules/items/26982575,https://canvas.oregonstate.edu/courses/2080857/pages/dr-gs-videos-%3E-sect-1-dot-3-1-dot-4?module_item_id=26982575,MTH-252,module_item,module_item,00077-mth-252-module-item-dr-g-s-videos-sect-1-3-1-4-integral-calculus-mth-252z-400-u2026,2026-07-08T22:50:42.937Z,2026-07-08T22:50:46.146Z,ok,,1
https://canvas.oregonstate.edu/courses/2080857/modules/items/26982576,https://canvas.oregonstate.edu/courses/2080857/pages/dr-gs-videos-%3E-sect-1-dot-4-1-dot-5-1-dot-6?module_item_id=26982576,MTH-252,module_item,module_item,00078-mth-252-module-item-dr-g-s-videos-sect-1-4-1-5-1-6-integral-calculus-mth-252z-400-u2026,2026-07-08T22:50:46.146Z,2026-07-08T22:50:49.415Z,ok,,2
https://canvas.oregonstate.edu/courses/2080857/modules/items/26982577,https://canvas.oregonstate.edu/courses/2080857/quizzes/3167664?module_item_id=26982577,MTH-252,module_item,module_item,00079-mth-252-module-item-rq-1-4-integral-calculus-mth-252z-400-u2026,2026-07-08T22:50:49.415Z,2026-07-08T22:50:52.774Z,ok,,1
https://canvas.oregonstate.edu/courses/2080857/modules/items/26982578,https://canvas.oregonstate.edu/courses/2080857/quizzes/3167662?module_item_id=26982578,MTH-252,module_item,module_item,00080-mth-252-module-item-rq-1-5-integral-calculus-mth-252z-400-u2026,2026-07-08T22:50:52.774Z,2026-07-08T22:50:55.883Z,ok,,1
https://canvas.oregonstate.edu/courses/2080857/modules/items/26982579,https://canvas.oregonstate.edu/courses/2080857/quizzes/3167654?module_item_id=26982579,MTH-252,module_item,module_item,00081-mth-252-module-item-rq-1-6-integral-calculus-mth-252z-400-u2026,2026-07-08T22:51:53.835Z,2026-07-08T22:52:00.215Z,ok,,1
https://canvas.oregonstate.edu/courses/2080857/modules/items/26982580,https://canvas.oregonstate.edu/courses/2080857/assignments/10586057?module_item_id=26982580,MTH-252,module_item,module_item,00082-mth-252-module-item-module-4-written-homework-whw-4-3-hours,2026-07-08T22:52:00.215Z,2026-07-08T22:52:03.181Z,ok,,3
https://canvas.oregonstate.edu/courses/2080857/modules/items/26982581,https://canvas.oregonstate.edu/courses/2080857/assignments/10586028?module_item_id=26982581,MTH-252,module_item,module_item,00083-mth-252-module-item-achieve-1-4-integration-formulas-and-the-net-change-theorem,2026-07-08T22:52:03.181Z,2026-07-08T22:52:06.128Z,ok,,1
https://canvas.oregonstate.edu/courses/2080857/modules/items/26982582,https://canvas.oregonstate.edu/courses/2080857/assignments/10586029?module_item_id=26982582,MTH-252,module_item,module_item,00084-mth-252-module-item-achieve-1-5-substitution,2026-07-08T22:52:06.128Z,2026-07-08T22:52:09.027Z,ok,,1
https://canvas.oregonstate.edu/courses/2080857/modules/items/26982583,https://canvas.oregonstate.edu/courses/2080857/assignments/10586030?module_item_id=26982583,MTH-252,module_item,module_item,00085-mth-252-module-item-achieve-1-6-integrals-involving-exponential-and-logarithmic-functions,2026-07-08T22:52:09.027Z,2026-07-08T22:52:12.030Z,ok,,1
https://canvas.oregonstate.edu/courses/2080857/modules/items/26982584,https://canvas.oregonstate.edu/courses/2080857/discussion_topics/11593472?module_item_id=26982584,MTH-252,module_item,module_item,00086-mth-252-module-item-topic-module-4-discussion-reflection-whw-4-0-5-hour,2026-07-08T22:52:12.091Z,2026-07-08T22:52:15.458Z,ok,,0
https://canvas.oregonstate.edu/courses/2080857/modules/items/26982585,https://canvas.oregonstate.edu/courses/2080857/assignments/10586048?module_item_id=26982585,MTH-252,module_item,module_item,00087-mth-252-module-item-mini-exam-2-no-calculators-on-this-exam,2026-07-08T22:52:15.458Z,2026-07-08T22:52:18.476Z,ok,,1
https://canvas.oregonstate.edu/courses/2080857/modules/items/26982586,https://canvas.oregonstate.edu/courses/2080857/pages/module-5-overview?module_item_id=26982586,MTH-252,module_item,module_item,00088-mth-252-module-item-module-5-overview-integral-calculus-mth-252z-400-u2026,2026-07-08T22:52:18.476Z,2026-07-08T22:52:21.277Z,ok,,0
https://canvas.oregonstate.edu/courses/2080857/modules/items/26982587,https://canvas.oregonstate.edu/courses/2080857/pages/module-5-learning-materials-and-practice-activities-3-5-hours-2?module_item_id=26982587,MTH-252,module_item,module_item,00089-mth-252-module-item-module-5-learning-materials-and-practice-activities-3-5-hours-integral-calculus-mth-252z-400-u20,2026-07-08T22:52:21.277Z,2026-07-08T22:52:24.726Z,ok,,1
https://canvas.oregonstate.edu/courses/2080857/modules/items/26982588,https://canvas.oregonstate.edu/courses/2080857/files/119223561?module_item_id=26982588,MTH-252,module_item,module_item,00090-mth-252-module-item-252-lecture-3-1-to-me3-pdf-integral-calculus-mth-252z-400-u2026,2026-07-08T22:52:24.726Z,2026-07-08T22:52:27.320Z,ok,,1
https://canvas.oregonstate.edu/courses/2080857/modules/items/26982589,https://canvas.oregonstate.edu/courses/2080857/pages/dr-gs-videos-%3E-3-dot-1-3-dot-2?module_item_id=26982589,MTH-252,module_item,module_item,00091-mth-252-module-item-dr-g-s-videos-3-1-3-2-integral-calculus-mth-252z-400-u2026,2026-07-08T22:52:27.398Z,2026-07-08T22:52:30.329Z,ok,,3
https://canvas.oregonstate.edu/courses/2080857/modules/items/26982590,https://canvas.oregonstate.edu/courses/2080857/files/119223595?module_item_id=26982590,MTH-252,module_item,module_item,00092-mth-252-module-item-lecture-3-1-3-2-pdf-integral-calculus-mth-252z-400-u2026,2026-07-08T22:52:30.329Z,2026-07-08T22:52:33.027Z,ok,,1
https://canvas.oregonstate.edu/courses/2080857/modules/items/26982591,https://canvas.oregonstate.edu/courses/2080857/quizzes/3167660?module_item_id=26982591,MTH-252,module_item,module_item,00093-mth-252-module-item-rq-3-1-integral-calculus-mth-252z-400-u2026,2026-07-08T22:52:33.027Z,2026-07-08T22:52:35.877Z,ok,,0
https://canvas.oregonstate.edu/courses/2080857/modules/items/26982592,https://canvas.oregonstate.edu/courses/2080857/quizzes/3167667?module_item_id=26982592,MTH-252,module_item,module_item,00094-mth-252-module-item-rq-3-2-integral-calculus-mth-252z-400-u2026,2026-07-08T22:52:35.877Z,2026-07-08T22:52:38.826Z,ok,,0
https://canvas.oregonstate.edu/courses/2080857/modules/items/26982593,https://canvas.oregonstate.edu/courses/2080857/discussion_topics/11593471?module_item_id=26982593,MTH-252,module_item,module_item,00095-mth-252-module-item-topic-module-5-discussion-reflection-mini-exam-2-0-5-hour,2026-07-08T22:52:38.826Z,2026-07-08T22:52:41.878Z,ok,,0
https://canvas.oregonstate.edu/courses/2080857/modules/items/26982594,https://canvas.oregonstate.edu/courses/2080857/assignments/10586058?module_item_id=26982594,MTH-252,module_item,module_item,00096-mth-252-module-item-module-5-written-homework-whw-5-3-hours,2026-07-08T22:52:41.942Z,2026-07-08T22:52:45.280Z,ok,,1
https://canvas.oregonstate.edu/courses/2080857/modules/items/26982595,https://canvas.oregonstate.edu/courses/2080857/assignments/10586037?module_item_id=26982595,MTH-252,module_item,module_item,00097-mth-252-module-item-achieve-3-1-integration-by-parts,2026-07-08T22:52:45.280Z,2026-07-08T22:52:48.428Z,ok,,1
https://canvas.oregonstate.edu/courses/2080857/modules/items/26982596,https://canvas.oregonstate.edu/courses/2080857/assignments/10586038?module_item_id=26982596,MTH-252,module_item,module_item,00098-mth-252-module-item-achieve-3-2-trigonometric-integrals,2026-07-08T22:52:48.428Z,2026-07-08T22:52:51.423Z,ok,,1
https://canvas.oregonstate.edu/courses/2080857/modules/items/26982597,https://canvas.oregonstate.edu/courses/2080857/pages/module-6-overview?module_item_id=26982597,MTH-252,module_item,module_item,00099-mth-252-module-item-module-6-overview-integral-calculus-mth-252z-400-u2026,2026-07-08T22:52:51.423Z,2026-07-08T22:52:54.377Z,ok,,0
https://canvas.oregonstate.edu/courses/2080857/modules/items/26982598,https://canvas.oregonstate.edu/courses/2080857/pages/module-6-learning-materials-and-practice-activities-3-5-hours-2?module_item_id=26982598,MTH-252,module_item,module_item,00100-mth-252-module-item-module-6-learning-materials-and-practice-activities-3-5-hours-integral-calculus-mth-252z-400-u20,2026-07-08T22:52:54.377Z,2026-07-08T22:52:57.073Z,ok,,0
https://canvas.oregonstate.edu/courses/2080857/modules/items/26982599,https://canvas.oregonstate.edu/courses/2080857/files/119223561?module_item_id=26982599,MTH-252,module_item,module_item,00101-mth-252-module-item-252-lecture-3-1-to-me3-pdf-integral-calculus-mth-252z-400-u2026,2026-07-08T22:52:57.138Z,2026-07-08T22:52:59.729Z,ok,,1
https://canvas.oregonstate.edu/courses/2080857/modules/items/26982600,https://canvas.oregonstate.edu/courses/2080857/pages/dr-g-videos-%3E-3-dot-3?module_item_id=26982600,MTH-252,module_item,module_item,00102-mth-252-module-item-dr-g-videos-3-3-integral-calculus-mth-252z-400-u2026,2026-07-08T22:52:59.729Z,2026-07-08T22:53:02.481Z,ok,,0
https://canvas.oregonstate.edu/courses/2080857/modules/items/26982601,https://canvas.oregonstate.edu/courses/2080857/pages/dr-gs-videos-%3E-3-dot-3-continued-3-dot-4?module_item_id=26982601,MTH-252,module_item,module_item,00103-mth-252-module-item-dr-g-s-videos-3-3-continued-3-4-integral-calculus-mth-252z-400-u2026,2026-07-08T22:53:02.481Z,2026-07-08T22:53:05.326Z,ok,,2
https://canvas.oregonstate.edu/courses/2080857/modules/items/26982602,https://canvas.oregonstate.edu/courses/2080857/quizzes/3167656?module_item_id=26982602,MTH-252,module_item,module_item,00104-mth-252-module-item-rq-3-3-integral-calculus-mth-252z-400-u2026,2026-07-08T22:53:05.326Z,2026-07-08T22:53:08.231Z,ok,,0
https://canvas.oregonstate.edu/courses/2080857/modules/items/26982603,https://canvas.oregonstate.edu/courses/2080857/assignments/10586059?module_item_id=26982603,MTH-252,module_item,module_item,00105-mth-252-module-item-module-6-written-homework-whw-6-3-hours,2026-07-08T22:53:08.231Z,2026-07-08T22:53:11.426Z,ok,,1
https://canvas.oregonstate.edu/courses/2080857/modules/items/26982604,https://canvas.oregonstate.edu/courses/2080857/discussion_topics/11593470?module_item_id=26982604,MTH-252,module_item,module_item,00106-mth-252-module-item-topic-module-6-discussion-reflection-whw-6-0-5-hour,2026-07-08T22:53:11.500Z,2026-07-08T22:53:14.373Z,ok,,0
https://canvas.oregonstate.edu/courses/2080857/modules/items/26982605,https://canvas.oregonstate.edu/courses/2080857/assignments/10586039?module_item_id=26982605,MTH-252,module_item,module_item,00107-mth-252-module-item-achieve-3-3-trigonometric-substitution,2026-07-08T22:53:14.373Z,2026-07-08T22:53:17.277Z,ok,,1
https://canvas.oregonstate.edu/courses/2080857/modules/items/26982606,https://canvas.oregonstate.edu/courses/2080857/assignments/10586040?module_item_id=26982606,MTH-252,module_item,module_item,00108-mth-252-module-item-achieve-3-4-partial-fractions,2026-07-08T22:53:17.277Z,2026-07-08T22:53:20.498Z,ok,,1
https://canvas.oregonstate.edu/courses/2080857/modules/items/26982607,https://canvas.oregonstate.edu/courses/2080857/assignments/10586050?module_item_id=26982607,MTH-252,module_item,module_item,00109-mth-252-module-item-mini-exam-3-tuesday-to-thursday,2026-07-08T22:53:20.498Z,2026-07-08T22:53:23.523Z,ok,,1
https://canvas.oregonstate.edu/courses/2080857/modules/items/26982608,https://canvas.oregonstate.edu/courses/2080857/pages/module-7-overview?module_item_id=26982608,MTH-252,module_item,module_item,00110-mth-252-module-item-module-7-overview-integral-calculus-mth-252z-400-u2026,2026-07-08T22:53:23.523Z,2026-07-08T22:53:26.425Z,ok,,0
https://canvas.oregonstate.edu/courses/2080857/modules/items/26982609,https://canvas.oregonstate.edu/courses/2080857/pages/module-7-learning-materials-and-practice-activities-3-5-hours-2?module_item_id=26982609,MTH-252,module_item,module_item,00111-mth-252-module-item-module-7-learning-materials-and-practice-activities-3-5-hours-integral-calculus-mth-252z-400-u20,2026-07-08T22:53:26.495Z,2026-07-08T22:53:29.526Z,ok,,1
https://canvas.oregonstate.edu/courses/2080857/modules/items/26982610,https://canvas.oregonstate.edu/courses/2080857/files/119223597?module_item_id=26982610,MTH-252,module_item,module_item,00112-mth-252-module-item-252-lecture-2-1-to-me4-pdf-integral-calculus-mth-252z-400-u2026,2026-07-08T22:53:29.526Z,2026-07-08T22:53:32.326Z,ok,,1
https://canvas.oregonstate.edu/courses/2080857/modules/items/26982611,https://canvas.oregonstate.edu/courses/2080857/pages/dr-gs-videos-%3E-2-dot-1-2-dot-2?module_item_id=26982611,MTH-252,module_item,module_item,00113-mth-252-module-item-dr-gs-videos-2-1-2-2-integral-calculus-mth-252z-400-u2026,2026-07-08T22:53:32.326Z,2026-07-08T22:53:35.156Z,ok,,3
https://canvas.oregonstate.edu/courses/2080857/modules/items/26982612,https://canvas.oregonstate.edu/courses/2080857/pages/dr-gs-videos-%3E-2-dot-2?module_item_id=26982612,MTH-252,module_item,module_item,00114-mth-252-module-item-dr-g-s-videos-2-2-integral-calculus-mth-252z-400-u2026,2026-07-08T22:53:35.156Z,2026-07-08T22:53:38.388Z,ok,,1
https://canvas.oregonstate.edu/courses/2080857/modules/items/26982613,https://canvas.oregonstate.edu/courses/2080857/quizzes/3167666?module_item_id=26982613,MTH-252,module_item,module_item,00115-mth-252-module-item-rq-2-1-integral-calculus-mth-252z-400-u2026,2026-07-08T22:53:38.388Z,2026-07-08T22:53:41.537Z,ok,,0
https://canvas.oregonstate.edu/courses/2080857/modules/items/26982614,https://canvas.oregonstate.edu/courses/2080857/quizzes/3167653?module_item_id=26982614,MTH-252,module_item,module_item,00116-mth-252-module-item-rq-2-2-integral-calculus-mth-252z-400-u2026,2026-07-08T22:53:41.627Z,2026-07-08T22:53:44.583Z,ok,,0
https://canvas.oregonstate.edu/courses/2080857/modules/items/26982615,https://canvas.oregonstate.edu/courses/2080857/assignments/10586031?module_item_id=26982615,MTH-252,module_item,module_item,00117-mth-252-module-item-achieve-2-1-areas-between-curves,2026-07-08T22:53:44.583Z,2026-07-08T22:53:47.772Z,ok,,1
https://canvas.oregonstate.edu/courses/2080857/modules/items/26982616,https://canvas.oregonstate.edu/courses/2080857/assignments/10586032?module_item_id=26982616,MTH-252,module_item,module_item,00118-mth-252-module-item-achieve-2-2-volumes-by-slicing-and-disc-washer-method,2026-07-08T22:53:47.772Z,2026-07-08T22:53:50.922Z,ok,,1
https://canvas.oregonstate.edu/courses/2080857/modules/items/26982617,https://canvas.oregonstate.edu/courses/2080857/assignments/10586060?module_item_id=26982617,MTH-252,module_item,module_item,00119-mth-252-module-item-module-7-written-homework-whw-7-3-hours,2026-07-08T22:53:50.922Z,2026-07-08T22:53:54.383Z,ok,,1
https://canvas.oregonstate.edu/courses/2080857/modules/items/26982618,https://canvas.oregonstate.edu/courses/2080857/discussion_topics/11593469?module_item_id=26982618,MTH-252,module_item,module_item,00120-mth-252-module-item-topic-module-7-discussion-reflection-mini-exam-3-0-5-hour,2026-07-08T22:53:54.383Z,2026-07-08T22:53:57.631Z,ok,,0
https://canvas.oregonstate.edu/courses/2080857/modules/items/26982619,https://canvas.oregonstate.edu/courses/2080857/pages/module-8-overview?module_item_id=26982619,MTH-252,module_item,module_item,00121-mth-252-module-item-module-8-overview-integral-calculus-mth-252z-400-u2026,2026-07-08T22:54:07.239Z,2026-07-08T22:54:11.475Z,ok,,0
https://canvas.oregonstate.edu/courses/2080857/modules/items/26982620,https://canvas.oregonstate.edu/courses/2080857/pages/module-8-learning-materials-and-practice-activities-3-5-hours-2?module_item_id=26982620,MTH-252,module_item,module_item,00122-mth-252-module-item-module-8-learning-materials-and-practice-activities-3-5-hours-integral-calculus-mth-252z-400-u20,2026-07-08T22:54:11.475Z,2026-07-08T22:54:14.123Z,ok,,0
https://canvas.oregonstate.edu/courses/2080857/modules/items/26982621,https://canvas.oregonstate.edu/courses/2080857/files/119223597?module_item_id=26982621,MTH-252,module_item,module_item,00123-mth-252-module-item-252-lecture-2-1-to-me4-pdf-integral-calculus-mth-252z-400-u2026,2026-07-08T22:54:14.123Z,2026-07-08T22:54:16.733Z,ok,,1
https://canvas.oregonstate.edu/courses/2080857/modules/items/26982622,https://canvas.oregonstate.edu/courses/2080857/files/119223466?module_item_id=26982622,MTH-252,module_item,module_item,00124-mth-252-module-item-lecture-2-3-2-4-pdf-integral-calculus-mth-252z-400-u2026,2026-07-08T22:54:16.733Z,2026-07-08T22:54:19.336Z,ok,,1
https://canvas.oregonstate.edu/courses/2080857/modules/items/26982623,https://canvas.oregonstate.edu/courses/2080857/pages/dr-gs-videos-%3E-2-dot-3-2-dot-4?module_item_id=26982623,MTH-252,module_item,module_item,00125-mth-252-module-item-dr-g-s-videos-2-3-2-4-integral-calculus-mth-252z-400-u2026,2026-07-08T22:54:19.336Z,2026-07-08T22:54:22.175Z,ok,,1
https://canvas.oregonstate.edu/courses/2080857/modules/items/26982624,https://canvas.oregonstate.edu/courses/2080857/quizzes/3167665?module_item_id=26982624,MTH-252,module_item,module_item,00126-mth-252-module-item-rq-2-3-integral-calculus-mth-252z-400-u2026,2026-07-08T22:54:22.257Z,2026-07-08T22:54:24.972Z,ok,,0
https://canvas.oregonstate.edu/courses/2080857/modules/items/26982625,https://canvas.oregonstate.edu/courses/2080857/quizzes/3167663?module_item_id=26982625,MTH-252,module_item,module_item,00127-mth-252-module-item-rq-2-4-integral-calculus-mth-252z-400-u2026,2026-07-08T22:54:24.972Z,2026-07-08T22:54:27.782Z,ok,,0
https://canvas.oregonstate.edu/courses/2080857/modules/items/26982626,https://canvas.oregonstate.edu/courses/2080857/assignments/10586061?module_item_id=26982626,MTH-252,module_item,module_item,00128-mth-252-module-item-module-8-written-homework-whw-8-3-hours,2026-07-08T22:54:27.782Z,2026-07-08T22:54:30.825Z,ok,,1
https://canvas.oregonstate.edu/courses/2080857/modules/items/26982627,https://canvas.oregonstate.edu/courses/2080857/discussion_topics/11593468?module_item_id=26982627,MTH-252,module_item,module_item,00129-mth-252-module-item-topic-module-8-discussion-reflection-whw-8-0-5-hour,2026-07-08T22:54:30.825Z,2026-07-08T22:54:33.880Z,ok,,0
https://canvas.oregonstate.edu/courses/2080857/modules/items/26982628,https://canvas.oregonstate.edu/courses/2080857/assignments/10586033?module_item_id=26982628,MTH-252,module_item,module_item,00130-mth-252-module-item-achieve-2-3-volumes-of-revolution-cylindrical-shells,2026-07-08T22:54:33.880Z,2026-07-08T22:54:36.776Z,ok,,1
https://canvas.oregonstate.edu/courses/2080857/modules/items/26982629,https://canvas.oregonstate.edu/courses/2080857/assignments/10586024?module_item_id=26982629,MTH-252,module_item,module_item,00131-mth-252-module-item-acheive-2-4-arc-length-of-a-curve-no-surface-area,2026-07-08T22:54:36.854Z,2026-07-08T22:54:39.774Z,ok,,1
https://canvas.oregonstate.edu/courses/2080857/modules/items/26982630,https://canvas.oregonstate.edu/courses/2080857/assignments/10586052?module_item_id=26982630,MTH-252,module_item,module_item,00132-mth-252-module-item-mini-exam-4-tuesday-to-thursday,2026-07-08T22:54:39.774Z,2026-07-08T22:54:43.377Z,ok,,1
https://canvas.oregonstate.edu/courses/2080857/modules/items/26982631,https://canvas.oregonstate.edu/courses/2080857/pages/module-9-overview?module_item_id=26982631,MTH-252,module_item,module_item,00133-mth-252-module-item-module-9-overview-integral-calculus-mth-252z-400-u2026,2026-07-08T22:54:43.377Z,2026-07-08T22:54:46.076Z,ok,,0
https://canvas.oregonstate.edu/courses/2080857/modules/items/26982632,https://canvas.oregonstate.edu/courses/2080857/pages/module-9-learning-materials-and-practice-activities-3-5-hours-2?module_item_id=26982632,MTH-252,module_item,module_item,00134-mth-252-module-item-module-9-learning-materials-and-practice-activities-3-5-hours-integral-calculus-mth-252z-400-u20,2026-07-08T22:54:46.076Z,2026-07-08T22:54:48.772Z,ok,,0
https://canvas.oregonstate.edu/courses/2080857/modules/items/26982633,https://canvas.oregonstate.edu/courses/2080857/files/119223598?module_item_id=26982633,MTH-252,module_item,module_item,00135-mth-252-module-item-252-lecture-2-5-to-me5-pdf-integral-calculus-mth-252z-400-u2026,2026-07-08T22:54:48.772Z,2026-07-08T22:54:51.609Z,ok,,1
https://canvas.oregonstate.edu/courses/2080857/modules/items/26982634,https://canvas.oregonstate.edu/courses/2080857/pages/dr-gs-videos-%3E-2-dot-5?module_item_id=26982634,MTH-252,module_item,module_item,00136-mth-252-module-item-dr-g-s-videos-2-5-integral-calculus-mth-252z-400-u2026,2026-07-08T22:54:51.700Z,2026-07-08T22:54:54.304Z,ok,,4
https://canvas.oregonstate.edu/courses/2080857/modules/items/26982635,https://canvas.oregonstate.edu/courses/2080857/quizzes/3167668?module_item_id=26982635,MTH-252,module_item,module_item,00137-mth-252-module-item-rq-2-5-integral-calculus-mth-252z-400-u2026,2026-07-08T22:54:54.304Z,2026-07-08T22:54:57.625Z,ok,,0
https://canvas.oregonstate.edu/courses/2080857/modules/items/26982636,https://canvas.oregonstate.edu/courses/2080857/assignments/10586062?module_item_id=26982636,MTH-252,module_item,module_item,00138-mth-252-module-item-module-9-written-homework-whw-9-3-hours,2026-07-08T22:54:57.625Z,2026-07-08T22:55:01.424Z,ok,,1
https://canvas.oregonstate.edu/courses/2080857/modules/items/26982637,https://canvas.oregonstate.edu/courses/2080857/discussion_topics/11593467?module_item_id=26982637,MTH-252,module_item,module_item,00139-mth-252-module-item-topic-module-9-discussion-reflection-final-and-exam-prep-0-5-hour,2026-07-08T22:55:01.424Z,2026-07-08T22:55:04.322Z,ok,,0
https://canvas.oregonstate.edu/courses/2080857/modules/items/26982638,https://canvas.oregonstate.edu/courses/2080857/assignments/10586034?module_item_id=26982638,MTH-252,module_item,module_item,00140-mth-252-module-item-achieve-2-5-1-physical-applications,2026-07-08T22:55:04.322Z,2026-07-08T22:55:07.324Z,ok,,1
https://canvas.oregonstate.edu/courses/2080857/modules/items/26982639,https://canvas.oregonstate.edu/courses/2080857/assignments/10586036?module_item_id=26982639,MTH-252,module_item,module_item,00141-mth-252-module-item-achieve-2-5-2-physical-applications,2026-07-08T22:55:07.418Z,2026-07-08T22:55:10.282Z,ok,,1
https://canvas.oregonstate.edu/courses/2080857/modules/items/26982640,https://canvas.oregonstate.edu/courses/2080857/quizzes/3167661?module_item_id=26982640,MTH-252,module_item,module_item,00142-mth-252-module-item-mini-exam-retake-sign-up-integral-calculus-mth-252z-400-u2026,2026-07-08T22:55:10.282Z,2026-07-08T22:55:13.081Z,ok,,0
https://canvas.oregonstate.edu/courses/2080857/modules/items/26982641,https://canvas.oregonstate.edu/courses/2080857/pages/module-10-overview?module_item_id=26982641,MTH-252,module_item,module_item,00143-mth-252-module-item-module-10-overview-integral-calculus-mth-252z-400-u2026,2026-07-08T22:55:13.081Z,2026-07-08T22:55:15.776Z,ok,,0
https://canvas.oregonstate.edu/courses/2080857/modules/items/26982643,https://canvas.oregonstate.edu/courses/2080857/pages/module-10-learning-materials-and-practice-activities-3-5-hours-2?module_item_id=26982643,MTH-252,module_item,module_item,00144-mth-252-module-item-module-10-learning-materials-and-practice-activities-3-5-hours-integral-calculus-mth-252z-400-u2,2026-07-08T22:55:15.776Z,2026-07-08T22:55:18.726Z,ok,,0
https://canvas.oregonstate.edu/courses/2080857/modules/items/26982644,https://canvas.oregonstate.edu/courses/2080857/files/119223598?module_item_id=26982644,MTH-252,module_item,module_item,00145-mth-252-module-item-252-lecture-2-5-to-me5-pdf-integral-calculus-mth-252z-400-u2026,2026-07-08T22:55:18.726Z,2026-07-08T22:55:21.575Z,ok,,1
https://canvas.oregonstate.edu/courses/2080857/modules/items/26982645,https://canvas.oregonstate.edu/courses/2080857/pages/dr-gs-videos-%3E-3-dot-7?module_item_id=26982645,MTH-252,module_item,module_item,00146-mth-252-module-item-dr-g-s-videos-3-7-integral-calculus-mth-252z-400-u2026,2026-07-08T22:55:21.671Z,2026-07-08T22:55:24.372Z,ok,,2
https://canvas.oregonstate.edu/courses/2080857/modules/items/26982646,https://canvas.oregonstate.edu/courses/2080857/quizzes/3167657?module_item_id=26982646,MTH-252,module_item,module_item,00147-mth-252-module-item-rq-3-7-integral-calculus-mth-252z-400-u2026,2026-07-08T22:55:24.372Z,2026-07-08T22:55:27.423Z,ok,,0
https://canvas.oregonstate.edu/courses/2080857/modules/items/26982647,https://canvas.oregonstate.edu/courses/2080857/assignments/10586064?module_item_id=26982647,MTH-252,module_item,module_item,00148-mth-252-module-item-reflection-3,2026-07-08T22:55:27.423Z,2026-07-08T22:55:30.231Z,ok,,1
https://canvas.oregonstate.edu/courses/2080857/modules/items/26982648,https://canvas.oregonstate.edu/courses/2080857/assignments/10586041?module_item_id=26982648,MTH-252,module_item,module_item,00149-mth-252-module-item-achieve-3-7-improper-integrals,2026-07-08T22:55:30.231Z,2026-07-08T22:55:33.124Z,ok,,1
https://canvas.oregonstate.edu/courses/2080857/modules/items/26982649,https://canvas.oregonstate.edu/courses/2080857/assignments/10586054?module_item_id=26982649,MTH-252,module_item,module_item,00150-mth-252-module-item-module-10-written-homework-whw-10-3-hours,2026-07-08T22:55:33.124Z,2026-07-08T22:55:36.121Z,ok,,1
https://canvas.oregonstate.edu/courses/2080857/modules/items/26982652,https://canvas.oregonstate.edu/courses/2080857/assignments/10586043?module_item_id=26982652,MTH-252,module_item,module_item,00151-mth-252-module-item-final-mini-exam-5-monday-to-wednesday,2026-07-08T22:55:36.227Z,2026-07-08T22:55:39.221Z,ok,,1
https://canvas.oregonstate.edu/courses/2080857/modules/items/26982653,https://canvas.oregonstate.edu/courses/2080857/assignments/10586046?module_item_id=26982653,MTH-252,module_item,module_item,00152-mth-252-module-item-mini-exam-1-retake,2026-07-08T22:55:39.221Z,2026-07-08T22:55:42.720Z,ok,,1
https://canvas.oregonstate.edu/courses/2080857/modules/items/26982654,https://canvas.oregonstate.edu/courses/2080857/assignments/10586047?module_item_id=26982654,MTH-252,module_item,module_item,00153-mth-252-module-item-mini-exam-2-retake,2026-07-08T22:55:42.720Z,2026-07-08T22:55:45.675Z,ok,,2
https://canvas.oregonstate.edu/courses/2080857/modules/items/26982655,https://canvas.oregonstate.edu/courses/2080857/assignments/10586049?module_item_id=26982655,MTH-252,module_item,module_item,00154-mth-252-module-item-mini-exam-3-retake,2026-07-08T22:55:45.675Z,2026-07-08T22:55:48.473Z,ok,,2
https://canvas.oregonstate.edu/courses/2080857/modules/items/26982656,https://canvas.oregonstate.edu/courses/2080857/assignments/10586051?module_item_id=26982656,MTH-252,module_item,module_item,00155-mth-252-module-item-mini-exam-4-retake,2026-07-08T22:55:48.473Z,2026-07-08T22:55:51.375Z,ok,,3
https://canvas.oregonstate.edu/courses/2080857/modules/items/26982730,https://canvas.oregonstate.edu/courses/2080857/modules/items/26982730,MTH-252,module_item,module_item,00156-mth-252-module-item-indefinite-integral-exponential-ibp-twice,2026-07-08T22:55:51.470Z,2026-07-08T22:55:53.875Z,ok,,2
https://canvas.oregonstate.edu/courses/2080857/assignments/10586025,https://canvas.oregonstate.edu/courses/2080857/assignments/10586025,MTH-252,linked_detail,linked_detail,00157-mth-252-linked-detail-achieve-1-1-approximating-areas,2026-07-08T22:55:53.875Z,2026-07-08T22:55:56.530Z,ok,,0
https://canvas.oregonstate.edu/courses/2080857/assignments/10586044,https://canvas.oregonstate.edu/courses/2080857/assignments/10586044,MTH-252,linked_detail,linked_detail,00158-mth-252-linked-detail-intro-reflect-1,2026-07-08T22:55:56.530Z,2026-07-08T22:55:59.821Z,ok,,0
https://canvas.oregonstate.edu/courses/2080857/assignments/10586026,https://canvas.oregonstate.edu/courses/2080857/assignments/10586026,MTH-252,linked_detail,linked_detail,00159-mth-252-linked-detail-achieve-1-2-the-definite-integral,2026-07-08T22:55:59.821Z,2026-07-08T22:56:02.773Z,ok,,0
https://canvas.oregonstate.edu/courses/2080857/assignments/10586055,https://canvas.oregonstate.edu/courses/2080857/assignments/10586055,MTH-252,linked_detail,linked_detail,00160-mth-252-linked-detail-module-2-written-homework-whw-2-3-hours,2026-07-08T22:56:02.773Z,2026-07-08T22:56:05.625Z,ok,,0
https://canvas.oregonstate.edu/courses/2080857/assignments/10586005,https://canvas.oregonstate.edu/courses/2080857/quizzes/3167658,MTH-252,linked_detail,linked_detail,00161-mth-252-linked-detail-pre-class-reading-quiz-1-2-rq-1-2-integral-calculus-mth-252z-400-u2026,2026-07-08T22:56:11.850Z,2026-07-08T22:56:16.080Z,ok,,0
https://canvas.oregonstate.edu/courses/2080857/assignments/10586053,https://canvas.oregonstate.edu/courses/2080857/assignments/10586053,MTH-252,linked_detail,linked_detail,00162-mth-252-linked-detail-module-1-written-homework-whw-1-2-hours,2026-07-08T22:56:16.080Z,2026-07-08T22:56:19.474Z,ok,,0
https://canvas.oregonstate.edu/courses/2080857/assignments/10586006,https://canvas.oregonstate.edu/courses/2080857/quizzes/3167659,MTH-252,linked_detail,linked_detail,00163-mth-252-linked-detail-pre-class-reading-quiz-1-1-rq-1-1-integral-calculus-mth-252z-400-u2026,2026-07-08T22:56:19.474Z,2026-07-08T22:56:22.522Z,ok,,0
https://canvas.oregonstate.edu/courses/2080857/assignments/10586045,https://canvas.oregonstate.edu/courses/2080857/assignments/10586045,MTH-252,linked_detail,linked_detail,00164-mth-252-linked-detail-mini-exam-1-tues-thur-no-late-submissions,2026-07-08T22:56:22.522Z,2026-07-08T22:56:25.224Z,ok,,0
https://canvas.oregonstate.edu/courses/2080857/assignments/10586063,https://canvas.oregonstate.edu/courses/2080857/assignments/10586063,MTH-252,linked_detail,linked_detail,00165-mth-252-linked-detail-reflection-2,2026-07-08T22:56:25.224Z,2026-07-08T22:56:27.982Z,ok,,0
https://canvas.oregonstate.edu/courses/2080857/assignments/10586023,https://canvas.oregonstate.edu/courses/2080857/discussion_topics/11593475,MTH-252,linked_detail,linked_detail,00166-mth-252-linked-detail-topic-module-1-discussion-reflection-whw-1-0-25-hour,2026-07-08T22:56:28.106Z,2026-07-08T22:56:34.025Z,ok,,2
https://canvas.oregonstate.edu/courses/2080857/assignments/10586022,https://canvas.oregonstate.edu/courses/2080857/discussion_topics/11593474,MTH-252,linked_detail,linked_detail,00167-mth-252-linked-detail-topic-module-2-discussion-reflection-0-5-hour,2026-07-08T22:56:34.025Z,2026-07-08T22:56:37.460Z,ok,,0
https://canvas.oregonstate.edu/courses/2080857/assignments/10586027,https://canvas.oregonstate.edu/courses/2080857/assignments/10586027,MTH-252,linked_detail,linked_detail,00168-mth-252-linked-detail-achieve-1-3-the-fundamental-theorem-of-calculus,2026-07-08T22:56:37.460Z,2026-07-08T22:56:41.431Z,ok,,0
https://canvas.oregonstate.edu/courses/2080857/assignments/10586042,https://canvas.oregonstate.edu/courses/2080857/assignments/10586042,MTH-252,linked_detail,linked_detail,00169-mth-252-linked-detail-achieve-4-10-antiderivatives,2026-07-08T22:56:41.431Z,2026-07-08T22:56:44.329Z,ok,,0
https://canvas.oregonstate.edu/courses/2080857/assignments/10586056,https://canvas.oregonstate.edu/courses/2080857/assignments/10586056,MTH-252,linked_detail,linked_detail,00170-mth-252-linked-detail-module-3-written-homework-whw-3-3-hours,2026-07-08T22:56:44.329Z,2026-07-08T22:56:47.124Z,ok,,0
https://canvas.oregonstate.edu/courses/2080857/assignments/10586002,https://canvas.oregonstate.edu/courses/2080857/quizzes/3167655,MTH-252,linked_detail,linked_detail,00171-mth-252-linked-detail-pre-class-reading-quiz-1-3-rq-1-3-integral-calculus-mth-252z-400-u2026,2026-07-08T22:56:47.223Z,2026-07-08T22:56:50.281Z,ok,,0
https://canvas.oregonstate.edu/courses/2080857/assignments/10586021,https://canvas.oregonstate.edu/courses/2080857/discussion_topics/11593473,MTH-252,linked_detail,linked_detail,00172-mth-252-linked-detail-topic-module-3-discussion-reflection-mini-exam-1-0-5-hour,2026-07-08T22:56:50.281Z,2026-07-08T22:56:53.225Z,ok,,0
https://canvas.oregonstate.edu/courses/2080857/assignments/10586028,https://canvas.oregonstate.edu/courses/2080857/assignments/10586028,MTH-252,linked_detail,linked_detail,00173-mth-252-linked-detail-achieve-1-4-integration-formulas-and-the-net-change-theorem,2026-07-08T22:56:53.225Z,2026-07-08T22:56:55.870Z,ok,,0
https://canvas.oregonstate.edu/courses/2080857/assignments/10586029,https://canvas.oregonstate.edu/courses/2080857/assignments/10586029,MTH-252,linked_detail,linked_detail,00174-mth-252-linked-detail-achieve-1-5-substitution,2026-07-08T22:56:55.870Z,2026-07-08T22:57:01.375Z,ok,,0
https://canvas.oregonstate.edu/courses/2080857/assignments/10586030,https://canvas.oregonstate.edu/courses/2080857/assignments/10586030,MTH-252,linked_detail,linked_detail,00175-mth-252-linked-detail-achieve-1-6-integrals-involving-exponential-and-logarithmic-functions,2026-07-08T22:57:01.375Z,2026-07-08T22:57:04.772Z,ok,,0
https://canvas.oregonstate.edu/courses/2080857/assignments/10586057,https://canvas.oregonstate.edu/courses/2080857/assignments/10586057,MTH-252,linked_detail,linked_detail,00176-mth-252-linked-detail-module-4-written-homework-whw-4-3-hours,2026-07-08T22:57:04.876Z,2026-07-08T22:57:08.273Z,ok,,0
https://canvas.oregonstate.edu/courses/2080857/assignments/10586010,https://canvas.oregonstate.edu/courses/2080857/quizzes/3167664,MTH-252,linked_detail,linked_detail,00177-mth-252-linked-detail-rq-1-4-integral-calculus-mth-252z-400-u2026,2026-07-08T22:57:08.273Z,2026-07-08T22:57:11.480Z,ok,,0
https://canvas.oregonstate.edu/courses/2080857/assignments/10586008,https://canvas.oregonstate.edu/courses/2080857/quizzes/3167662,MTH-252,linked_detail,linked_detail,00178-mth-252-linked-detail-rq-1-5-integral-calculus-mth-252z-400-u2026,2026-07-08T22:57:11.480Z,2026-07-08T22:57:15.378Z,ok,,0
https://canvas.oregonstate.edu/courses/2080857/assignments/10586001,https://canvas.oregonstate.edu/courses/2080857/quizzes/3167654,MTH-252,linked_detail,linked_detail,00179-mth-252-linked-detail-rq-1-6-integral-calculus-mth-252z-400-u2026,2026-07-08T22:57:15.378Z,2026-07-08T22:57:18.526Z,ok,,0
https://canvas.oregonstate.edu/courses/2080857/assignments/10586048,https://canvas.oregonstate.edu/courses/2080857/assignments/10586048,MTH-252,linked_detail,linked_detail,00180-mth-252-linked-detail-mini-exam-2-no-calculators-on-this-exam,2026-07-08T22:57:18.527Z,2026-07-08T22:57:21.274Z,ok,,0
https://canvas.oregonstate.edu/courses/2080857/assignments/10586020,https://canvas.oregonstate.edu/courses/2080857/discussion_topics/11593472,MTH-252,linked_detail,linked_detail,00181-mth-252-linked-detail-topic-module-4-discussion-reflection-whw-4-0-5-hour,2026-07-08T22:57:21.420Z,2026-07-08T22:57:24.376Z,ok,,0
https://canvas.oregonstate.edu/courses/2080857/assignments/10586037,https://canvas.oregonstate.edu/courses/2080857/assignments/10586037,MTH-252,linked_detail,linked_detail,00182-mth-252-linked-detail-achieve-3-1-integration-by-parts,2026-07-08T22:57:24.376Z,2026-07-08T22:57:27.132Z,ok,,0
https://canvas.oregonstate.edu/courses/2080857/assignments/10586038,https://canvas.oregonstate.edu/courses/2080857/assignments/10586038,MTH-252,linked_detail,linked_detail,00183-mth-252-linked-detail-achieve-3-2-trigonometric-integrals,2026-07-08T22:57:27.132Z,2026-07-08T22:57:30.023Z,ok,,0
https://canvas.oregonstate.edu/courses/2080857/assignments/10586058,https://canvas.oregonstate.edu/courses/2080857/assignments/10586058,MTH-252,linked_detail,linked_detail,00184-mth-252-linked-detail-module-5-written-homework-whw-5-3-hours,2026-07-08T22:57:30.023Z,2026-07-08T22:57:32.876Z,ok,,0
https://canvas.oregonstate.edu/courses/2080857/assignments/10586007,https://canvas.oregonstate.edu/courses/2080857/quizzes/3167660,MTH-252,linked_detail,linked_detail,00185-mth-252-linked-detail-rq-3-1-integral-calculus-mth-252z-400-u2026,2026-07-08T22:57:32.877Z,2026-07-08T22:57:35.678Z,ok,,0
https://canvas.oregonstate.edu/courses/2080857/assignments/10586013,https://canvas.oregonstate.edu/courses/2080857/quizzes/3167667,MTH-252,linked_detail,linked_detail,00186-mth-252-linked-detail-rq-3-2-integral-calculus-mth-252z-400-u2026,2026-07-08T22:57:35.786Z,2026-07-08T22:57:38.776Z,ok,,0
https://canvas.oregonstate.edu/courses/2080857/assignments/10586019,https://canvas.oregonstate.edu/courses/2080857/discussion_topics/11593471,MTH-252,linked_detail,linked_detail,00187-mth-252-linked-detail-topic-module-5-discussion-reflection-mini-exam-2-0-5-hour,2026-07-08T22:57:38.776Z,2026-07-08T22:57:41.672Z,ok,,0
https://canvas.oregonstate.edu/courses/2080857/assignments/10586039,https://canvas.oregonstate.edu/courses/2080857/assignments/10586039,MTH-252,linked_detail,linked_detail,00188-mth-252-linked-detail-achieve-3-3-trigonometric-substitution,2026-07-08T22:57:41.672Z,2026-07-08T22:57:44.323Z,ok,,0
https://canvas.oregonstate.edu/courses/2080857/assignments/10586040,https://canvas.oregonstate.edu/courses/2080857/assignments/10586040,MTH-252,linked_detail,linked_detail,00189-mth-252-linked-detail-achieve-3-4-partial-fractions,2026-07-08T22:57:44.323Z,2026-07-08T22:57:47.128Z,ok,,0
https://canvas.oregonstate.edu/courses/2080857/assignments/10586059,https://canvas.oregonstate.edu/courses/2080857/assignments/10586059,MTH-252,linked_detail,linked_detail,00190-mth-252-linked-detail-module-6-written-homework-whw-6-3-hours,2026-07-08T22:57:47.128Z,2026-07-08T22:57:50.226Z,ok,,0
https://canvas.oregonstate.edu/courses/2080857/assignments/10586003,https://canvas.oregonstate.edu/courses/2080857/quizzes/3167656,MTH-252,linked_detail,linked_detail,00191-mth-252-linked-detail-rq-3-3-integral-calculus-mth-252z-400-u2026,2026-07-08T22:57:50.341Z,2026-07-08T22:57:53.123Z,ok,,0
https://canvas.oregonstate.edu/courses/2080857/assignments/10586050,https://canvas.oregonstate.edu/courses/2080857/assignments/10586050,MTH-252,linked_detail,linked_detail,00192-mth-252-linked-detail-mini-exam-3-tuesday-to-thursday,2026-07-08T22:57:53.123Z,2026-07-08T22:57:56.074Z,ok,,0
https://canvas.oregonstate.edu/courses/2080857/assignments/10586018,https://canvas.oregonstate.edu/courses/2080857/discussion_topics/11593470,MTH-252,linked_detail,linked_detail,00193-mth-252-linked-detail-topic-module-6-discussion-reflection-whw-6-0-5-hour,2026-07-08T22:57:56.074Z,2026-07-08T22:57:58.923Z,ok,,0
https://canvas.oregonstate.edu/courses/2080857/assignments/10586031,https://canvas.oregonstate.edu/courses/2080857/assignments/10586031,MTH-252,linked_detail,linked_detail,00194-mth-252-linked-detail-achieve-2-1-areas-between-curves,2026-07-08T22:57:58.923Z,2026-07-08T22:58:01.627Z,ok,,0
https://canvas.oregonstate.edu/courses/2080857/assignments/10586032,https://canvas.oregonstate.edu/courses/2080857/assignments/10586032,MTH-252,linked_detail,linked_detail,00195-mth-252-linked-detail-achieve-2-2-volumes-by-slicing-and-disc-washer-method,2026-07-08T22:58:01.627Z,2026-07-08T22:58:04.424Z,ok,,0
https://canvas.oregonstate.edu/courses/2080857/assignments/10586060,https://canvas.oregonstate.edu/courses/2080857/assignments/10586060,MTH-252,linked_detail,linked_detail,00196-mth-252-linked-detail-module-7-written-homework-whw-7-3-hours,2026-07-08T22:58:04.540Z,2026-07-08T22:58:07.421Z,ok,,0
https://canvas.oregonstate.edu/courses/2080857/assignments/10586012,https://canvas.oregonstate.edu/courses/2080857/quizzes/3167666,MTH-252,linked_detail,linked_detail,00197-mth-252-linked-detail-rq-2-1-integral-calculus-mth-252z-400-u2026,2026-07-08T22:58:07.421Z,2026-07-08T22:58:10.321Z,ok,,0
https://canvas.oregonstate.edu/courses/2080857/assignments/10586000,https://canvas.oregonstate.edu/courses/2080857/quizzes/3167653,MTH-252,linked_detail,linked_detail,00198-mth-252-linked-detail-rq-2-2-integral-calculus-mth-252z-400-u2026,2026-07-08T22:58:10.321Z,2026-07-08T22:58:13.176Z,ok,,0
https://canvas.oregonstate.edu/courses/2080857/assignments/10586017,https://canvas.oregonstate.edu/courses/2080857/discussion_topics/11593469,MTH-252,linked_detail,linked_detail,00199-mth-252-linked-detail-topic-module-7-discussion-reflection-mini-exam-3-0-5-hour,2026-07-08T22:58:13.176Z,2026-07-08T22:58:16.169Z,ok,,0
https://canvas.oregonstate.edu/courses/2080857/assignments/10586024,https://canvas.oregonstate.edu/courses/2080857/assignments/10586024,MTH-252,linked_detail,linked_detail,00200-mth-252-linked-detail-acheive-2-4-arc-length-of-a-curve-no-surface-area,2026-07-08T22:58:16.169Z,2026-07-08T22:58:19.273Z,ok,,0
https://canvas.oregonstate.edu/courses/2080857/assignments/10586033,https://canvas.oregonstate.edu/courses/2080857/assignments/10586033,MTH-252,linked_detail,linked_detail,00201-mth-252-linked-detail-achieve-2-3-volumes-of-revolution-cylindrical-shells,2026-07-08T22:58:25.447Z,2026-07-08T22:58:28.867Z,ok,,0
https://canvas.oregonstate.edu/courses/2080857/assignments/10586061,https://canvas.oregonstate.edu/courses/2080857/assignments/10586061,MTH-252,linked_detail,linked_detail,00202-mth-252-linked-detail-module-8-written-homework-whw-8-3-hours,2026-07-08T22:58:28.867Z,2026-07-08T22:58:31.419Z,ok,,0
https://canvas.oregonstate.edu/courses/2080857/assignments/10586011,https://canvas.oregonstate.edu/courses/2080857/quizzes/3167665,MTH-252,linked_detail,linked_detail,00203-mth-252-linked-detail-rq-2-3-integral-calculus-mth-252z-400-u2026,2026-07-08T22:58:31.419Z,2026-07-08T22:58:34.321Z,ok,,0
https://canvas.oregonstate.edu/courses/2080857/assignments/10586009,https://canvas.oregonstate.edu/courses/2080857/quizzes/3167663,MTH-252,linked_detail,linked_detail,00204-mth-252-linked-detail-rq-2-4-integral-calculus-mth-252z-400-u2026,2026-07-08T22:58:34.321Z,2026-07-08T22:58:37.769Z,ok,,0
https://canvas.oregonstate.edu/courses/2080857/assignments/10586052,https://canvas.oregonstate.edu/courses/2080857/assignments/10586052,MTH-252,linked_detail,linked_detail,00205-mth-252-linked-detail-mini-exam-4-tuesday-to-thursday,2026-07-08T22:58:37.769Z,2026-07-08T22:58:40.429Z,ok,,0
https://canvas.oregonstate.edu/courses/2080857/assignments/10586016,https://canvas.oregonstate.edu/courses/2080857/discussion_topics/11593468,MTH-252,linked_detail,linked_detail,00206-mth-252-linked-detail-topic-module-8-discussion-reflection-whw-8-0-5-hour,2026-07-08T22:58:40.544Z,2026-07-08T22:58:43.924Z,ok,,0
https://canvas.oregonstate.edu/courses/2080857/assignments/10586034,https://canvas.oregonstate.edu/courses/2080857/assignments/10586034,MTH-252,linked_detail,linked_detail,00207-mth-252-linked-detail-achieve-2-5-1-physical-applications,2026-07-08T22:58:43.924Z,2026-07-08T22:58:46.672Z,ok,,0
https://canvas.oregonstate.edu/courses/2080857/assignments/10586036,https://canvas.oregonstate.edu/courses/2080857/assignments/10586036,MTH-252,linked_detail,linked_detail,00208-mth-252-linked-detail-achieve-2-5-2-physical-applications,2026-07-08T22:58:46.672Z,2026-07-08T22:58:49.724Z,ok,,0
https://canvas.oregonstate.edu/courses/2080857/assignments/10586062,https://canvas.oregonstate.edu/courses/2080857/assignments/10586062,MTH-252,linked_detail,linked_detail,00209-mth-252-linked-detail-module-9-written-homework-whw-9-3-hours,2026-07-08T22:58:49.724Z,2026-07-08T22:58:52.375Z,ok,,0
https://canvas.oregonstate.edu/courses/2080857/assignments/10586014,https://canvas.oregonstate.edu/courses/2080857/quizzes/3167668,MTH-252,linked_detail,linked_detail,00210-mth-252-linked-detail-rq-2-5-integral-calculus-mth-252z-400-u2026,2026-07-08T22:58:52.375Z,2026-07-08T22:58:55.321Z,ok,,0
https://canvas.oregonstate.edu/courses/2080857/assignments/10586015,https://canvas.oregonstate.edu/courses/2080857/discussion_topics/11593467,MTH-252,linked_detail,linked_detail,00211-mth-252-linked-detail-topic-module-9-discussion-reflection-final-and-exam-prep-0-5-hour,2026-07-08T22:58:55.445Z,2026-07-08T22:58:58.277Z,ok,,0
https://canvas.oregonstate.edu/courses/2080857/assignments/10586041,https://canvas.oregonstate.edu/courses/2080857/assignments/10586041,MTH-252,linked_detail,linked_detail,00212-mth-252-linked-detail-achieve-3-7-improper-integrals,2026-07-08T22:58:58.277Z,2026-07-08T22:59:01.127Z,ok,,0
https://canvas.oregonstate.edu/courses/2080857/assignments/10586054,https://canvas.oregonstate.edu/courses/2080857/assignments/10586054,MTH-252,linked_detail,linked_detail,00213-mth-252-linked-detail-module-10-written-homework-whw-10-3-hours,2026-07-08T22:59:01.127Z,2026-07-08T22:59:03.625Z,ok,,0
https://canvas.oregonstate.edu/courses/2080857/assignments/10586064,https://canvas.oregonstate.edu/courses/2080857/assignments/10586064,MTH-252,linked_detail,linked_detail,00214-mth-252-linked-detail-reflection-3,2026-07-08T22:59:03.625Z,2026-07-08T22:59:06.271Z,ok,,0
https://canvas.oregonstate.edu/courses/2080857/assignments/10586004,https://canvas.oregonstate.edu/courses/2080857/quizzes/3167657,MTH-252,linked_detail,linked_detail,00215-mth-252-linked-detail-rq-3-7-integral-calculus-mth-252z-400-u2026,2026-07-08T22:59:06.272Z,2026-07-08T22:59:09.127Z,ok,,0
https://canvas.oregonstate.edu/courses/2080857/assignments/10586043,https://canvas.oregonstate.edu/courses/2080857/assignments/10586043,MTH-252,linked_detail,linked_detail,00216-mth-252-linked-detail-final-mini-exam-5-monday-to-wednesday,2026-07-08T22:59:09.245Z,2026-07-08T22:59:12.023Z,ok,,0
https://canvas.oregonstate.edu/courses/2080857/assignments/10586046,https://canvas.oregonstate.edu/courses/2080857/assignments/10586046,MTH-252,linked_detail,linked_detail,00217-mth-252-linked-detail-mini-exam-1-retake,2026-07-08T22:59:12.023Z,2026-07-08T22:59:14.829Z,ok,,0
https://canvas.oregonstate.edu/courses/2080857/assignments/10586047,https://canvas.oregonstate.edu/courses/2080857/assignments/10586047,MTH-252,linked_detail,linked_detail,00218-mth-252-linked-detail-mini-exam-2-retake,2026-07-08T22:59:14.829Z,2026-07-08T22:59:17.424Z,ok,,0
https://canvas.oregonstate.edu/courses/2080857/assignments/10586049,https://canvas.oregonstate.edu/courses/2080857/assignments/10586049,MTH-252,linked_detail,linked_detail,00219-mth-252-linked-detail-mini-exam-3-retake,2026-07-08T22:59:17.424Z,2026-07-08T22:59:20.122Z,ok,,0
https://canvas.oregonstate.edu/courses/2080857/assignments/10586051,https://canvas.oregonstate.edu/courses/2080857/assignments/10586051,MTH-252,linked_detail,linked_detail,00220-mth-252-linked-detail-mini-exam-4-retake,2026-07-08T22:59:20.122Z,2026-07-08T22:59:22.821Z,ok,,0
https://canvas.oregonstate.edu/courses/2080857/discussion_topics/11593476,https://canvas.oregonstate.edu/courses/2080857/discussion_topics/11593476,MTH-252,linked_detail,linked_detail,00221-mth-252-linked-detail-topic-q-a-discussion,2026-07-08T22:59:22.929Z,2026-07-08T22:59:27.523Z,ok,,0
https://canvas.oregonstate.edu/courses/2080857/discussion_topics/11593475,https://canvas.oregonstate.edu/courses/2080857/discussion_topics/11593475,MTH-252,linked_detail,linked_detail,00222-mth-252-linked-detail-topic-module-1-discussion-reflection-whw-1-0-25-hour,2026-07-08T22:59:27.523Z,2026-07-08T22:59:30.273Z,ok,,0
https://canvas.oregonstate.edu/courses/2080857/discussion_topics/11593474,https://canvas.oregonstate.edu/courses/2080857/discussion_topics/11593474,MTH-252,linked_detail,linked_detail,00223-mth-252-linked-detail-topic-module-2-discussion-reflection-0-5-hour,2026-07-08T22:59:30.273Z,2026-07-08T22:59:37.272Z,ok,,0
https://canvas.oregonstate.edu/courses/2080857/discussion_topics/11593473,https://canvas.oregonstate.edu/courses/2080857/discussion_topics/11593473,MTH-252,linked_detail,linked_detail,00224-mth-252-linked-detail-topic-module-3-discussion-reflection-mini-exam-1-0-5-hour,2026-07-08T22:59:37.272Z,2026-07-08T22:59:39.969Z,ok,,0
https://canvas.oregonstate.edu/courses/2080857/discussion_topics/11593472,https://canvas.oregonstate.edu/courses/2080857/discussion_topics/11593472,MTH-252,linked_detail,linked_detail,00225-mth-252-linked-detail-topic-module-4-discussion-reflection-whw-4-0-5-hour,2026-07-08T22:59:39.969Z,2026-07-08T22:59:42.580Z,ok,,0
https://canvas.oregonstate.edu/courses/2080857/discussion_topics/11593471,https://canvas.oregonstate.edu/courses/2080857/discussion_topics/11593471,MTH-252,linked_detail,linked_detail,00226-mth-252-linked-detail-topic-module-5-discussion-reflection-mini-exam-2-0-5-hour,2026-07-08T22:59:42.711Z,2026-07-08T22:59:45.323Z,ok,,0
https://canvas.oregonstate.edu/courses/2080857/discussion_topics/11593470,https://canvas.oregonstate.edu/courses/2080857/discussion_topics/11593470,MTH-252,linked_detail,linked_detail,00227-mth-252-linked-detail-topic-module-6-discussion-reflection-whw-6-0-5-hour,2026-07-08T22:59:45.323Z,2026-07-08T22:59:47.772Z,ok,,0
https://canvas.oregonstate.edu/courses/2080857/discussion_topics/11593469,https://canvas.oregonstate.edu/courses/2080857/discussion_topics/11593469,MTH-252,linked_detail,linked_detail,00228-mth-252-linked-detail-topic-module-7-discussion-reflection-mini-exam-3-0-5-hour,2026-07-08T22:59:47.772Z,2026-07-08T22:59:50.770Z,ok,,0
https://canvas.oregonstate.edu/courses/2080857/discussion_topics/11593468,https://canvas.oregonstate.edu/courses/2080857/discussion_topics/11593468,MTH-252,linked_detail,linked_detail,00229-mth-252-linked-detail-topic-module-8-discussion-reflection-whw-8-0-5-hour,2026-07-08T22:59:50.770Z,2026-07-08T22:59:53.569Z,ok,,0
https://canvas.oregonstate.edu/courses/2080857/discussion_topics/11593467,https://canvas.oregonstate.edu/courses/2080857/discussion_topics/11593467,MTH-252,linked_detail,linked_detail,00230-mth-252-linked-detail-topic-module-9-discussion-reflection-final-and-exam-prep-0-5-hour,2026-07-08T22:59:53.569Z,2026-07-08T22:59:56.274Z,ok,,0
https://canvas.oregonstate.edu/courses/2053263/modules/items/26885519,https://canvas.oregonstate.edu/courses/2053263/pages/start-here-overview?module_item_id=26885519,MTH-253,module_item,module_item,00231-mth-253-module-item-start-here-overview-sequences-and-series-mth-253z-400-u2026,2026-07-08T22:59:56.401Z,2026-07-08T22:59:59.574Z,ok,,0
https://canvas.oregonstate.edu/courses/2053263/modules/items/26885520,https://canvas.oregonstate.edu/courses/2053263/pages/start-here-syllabus?module_item_id=26885520,MTH-253,module_item,module_item,00232-mth-253-module-item-start-here-syllabus-sequences-and-series-mth-253z-400-u2026,2026-07-08T22:59:59.574Z,2026-07-08T23:00:02.330Z,ok,,2
https://canvas.oregonstate.edu/courses/2053263/modules/items/26885521,https://canvas.oregonstate.edu/courses/2053263/pages/get-your-mth-253z-course-materials-access-code-+-ebook-2?module_item_id=26885521,MTH-253,module_item,module_item,00233-mth-253-module-item-get-your-mth-253z-course-materials-access-code-ebook-sequences-and-series-mth-253z-400-u2026,2026-07-08T23:00:02.330Z,2026-07-08T23:00:05.372Z,ok,,0
https://canvas.oregonstate.edu/courses/2053263/modules/items/26885522,https://canvas.oregonstate.edu/courses/2053263/pages/start-here-instructor-information-and-communication-policy?module_item_id=26885522,MTH-253,module_item,module_item,00234-mth-253-module-item-start-here-instructor-information-communication-policy-sequences-and-series-mth-253z-400-u2026,2026-07-08T23:00:05.372Z,2026-07-08T23:00:08.074Z,ok,,0
https://canvas.oregonstate.edu/courses/2053263/modules/items/26977675,https://canvas.oregonstate.edu/courses/2053263/pages/start-here-on-the-use-of-ai-and-academic-honesty?module_item_id=26977675,MTH-253,module_item,module_item,00235-mth-253-module-item-start-here-on-the-use-of-ai-and-academic-honesty-sequences-and-series-mth-253z-400-u2026,2026-07-08T23:00:08.074Z,2026-07-08T23:00:10.874Z,ok,,0
https://canvas.oregonstate.edu/courses/2053263/modules/items/26885523,https://canvas.oregonstate.edu/courses/2053263/pages/start-here-where-to-go-for-help?module_item_id=26885523,MTH-253,module_item,module_item,00236-mth-253-module-item-start-here-where-to-go-for-help-sequences-and-series-mth-253z-400-u2026,2026-07-08T23:00:11.000Z,2026-07-08T23:00:13.828Z,ok,,0
https://canvas.oregonstate.edu/courses/2053263/modules/items/26885524,https://canvas.oregonstate.edu/courses/2053263/discussion_topics/11558499?module_item_id=26885524,MTH-253,module_item,module_item,00237-mth-253-module-item-topic-general-q-a-discussion,2026-07-08T23:00:13.828Z,2026-07-08T23:00:16.875Z,ok,,0
https://canvas.oregonstate.edu/courses/2053263/modules/items/26885525,https://canvas.oregonstate.edu/courses/2053263/pages/start-here-accessibility-statements-and-privacy-policies?module_item_id=26885525,MTH-253,module_item,module_item,00238-mth-253-module-item-start-here-accessibility-statements-privacy-policies-sequences-and-series-mth-253z-400-u2026,2026-07-08T23:00:16.875Z,2026-07-08T23:00:20.322Z,ok,,0
https://canvas.oregonstate.edu/courses/2053263/modules/items/26885526,https://canvas.oregonstate.edu/courses/2053263/pages/start-here-sources-cited?module_item_id=26885526,MTH-253,module_item,module_item,00239-mth-253-module-item-start-here-sources-cited-sequences-and-series-mth-253z-400-u2026,2026-07-08T23:00:20.322Z,2026-07-08T23:00:23.574Z,ok,,0
https://canvas.oregonstate.edu/courses/2053263/modules/items/26982050,https://canvas.oregonstate.edu/courses/2053263/quizzes/3166971?module_item_id=26982050,MTH-253,module_item,module_item,00240-mth-253-module-item-practice-quiz-take-it-before-attempting-quiz-1-sequences-and-series-mth-253z-400-u2026,2026-07-08T23:00:23.574Z,2026-07-08T23:00:26.771Z,ok,,6
https://canvas.oregonstate.edu/courses/2053263/modules/items/26885527,https://canvas.oregonstate.edu/courses/2053263/pages/start-here-conclusion?module_item_id=26885527,MTH-253,module_item,module_item,00241-mth-253-module-item-start-here-conclusion-sequences-and-series-mth-253z-400-u2026,2026-07-08T23:00:34.850Z,2026-07-08T23:00:38.275Z,ok,,0
https://canvas.oregonstate.edu/courses/2053263/modules/items/26885529,https://canvas.oregonstate.edu/courses/2053263/pages/unit-1-overview?module_item_id=26885529,MTH-253,module_item,module_item,00242-mth-253-module-item-unit-1-overview-sequences-and-series-mth-253z-400-u2026,2026-07-08T23:00:38.275Z,2026-07-08T23:00:41.182Z,ok,,0
https://canvas.oregonstate.edu/courses/2053263/modules/items/26885530,https://canvas.oregonstate.edu/courses/2053263/pages/unit-1-learning-materials?module_item_id=26885530,MTH-253,module_item,module_item,00243-mth-253-module-item-unit-1-learning-materials-sequences-and-series-mth-253z-400-u2026,2026-07-08T23:00:41.182Z,2026-07-08T23:00:43.973Z,ok,,5
https://canvas.oregonstate.edu/courses/2053263/modules/items/26885531,https://canvas.oregonstate.edu/courses/2053263/discussion_topics/11558490?module_item_id=26885531,MTH-253,module_item,module_item,00244-mth-253-module-item-topic-unit-1-q-a-discussion-board-optional,2026-07-08T23:00:43.973Z,2026-07-08T23:00:47.271Z,ok,,0
https://canvas.oregonstate.edu/courses/2053263/modules/items/26885532,https://canvas.oregonstate.edu/courses/2053263/discussion_topics/11558498?module_item_id=26885532,MTH-253,module_item,module_item,00245-mth-253-module-item-topic-unit-1-discussion-board-submitted-in-week-1-required,2026-07-08T23:00:47.271Z,2026-07-08T23:00:52.229Z,ok,,0
https://canvas.oregonstate.edu/courses/2053263/modules/items/26885537,https://canvas.oregonstate.edu/courses/2053263/assignments/10553179?module_item_id=26885537,MTH-253,module_item,module_item,00246-mth-253-module-item-unit-1-written-homework-assignment,2026-07-08T23:00:52.372Z,2026-07-08T23:00:55.378Z,ok,,2
https://canvas.oregonstate.edu/courses/2053263/modules/items/26977416,https://canvas.oregonstate.edu/courses/2053263/assignments/10584258?module_item_id=26977416,MTH-253,module_item,module_item,00247-mth-253-module-item-week-1-web-homework-infinity-and-limits-indeterminates-improper-integrals,2026-07-08T23:00:55.378Z,2026-07-08T23:00:58.324Z,ok,,1
https://canvas.oregonstate.edu/courses/2053263/modules/items/26885539,https://canvas.oregonstate.edu/courses/2053263/quizzes/3159593?module_item_id=26885539,MTH-253,module_item,module_item,00248-mth-253-module-item-unit-1-quiz-sequences-and-series-mth-253z-400-u2026,2026-07-08T23:00:58.324Z,2026-07-08T23:01:01.872Z,ok,,0
https://canvas.oregonstate.edu/courses/2053263/modules/items/26885541,https://canvas.oregonstate.edu/courses/2053263/pages/unit-1-conclusion?module_item_id=26885541,MTH-253,module_item,module_item,00249-mth-253-module-item-unit-1-conclusion-sequences-and-series-mth-253z-400-u2026,2026-07-08T23:01:01.872Z,2026-07-08T23:01:04.622Z,ok,,0
https://canvas.oregonstate.edu/courses/2053263/modules/items/26885542,https://canvas.oregonstate.edu/courses/2053263/pages/unit-2-overview?module_item_id=26885542,MTH-253,module_item,module_item,00250-mth-253-module-item-unit-2-overview-sequences-and-series-mth-253z-400-u2026,2026-07-08T23:01:04.623Z,2026-07-08T23:01:07.378Z,ok,,0
https://canvas.oregonstate.edu/courses/2053263/modules/items/26885543,https://canvas.oregonstate.edu/courses/2053263/pages/unit-2-learning-materials?module_item_id=26885543,MTH-253,module_item,module_item,00251-mth-253-module-item-unit-2-learning-materials-sequences-and-series-mth-253z-400-u2026,2026-07-08T23:01:07.512Z,2026-07-08T23:01:10.429Z,ok,,10
https://canvas.oregonstate.edu/courses/2053263/modules/items/26885544,https://canvas.oregonstate.edu/courses/2053263/discussion_topics/11558491?module_item_id=26885544,MTH-253,module_item,module_item,00252-mth-253-module-item-topic-unit-2-q-a-discussion-board-optional,2026-07-08T23:01:10.429Z,2026-07-08T23:01:13.869Z,ok,,0
https://canvas.oregonstate.edu/courses/2053263/modules/items/26977767,https://canvas.oregonstate.edu/courses/2053263/assignments/10584372?module_item_id=26977767,MTH-253,module_item,module_item,00253-mth-253-module-item-week-2-web-homework-sequences,2026-07-08T23:01:13.869Z,2026-07-08T23:01:19.026Z,ok,,1
https://canvas.oregonstate.edu/courses/2053263/modules/items/26885550,https://canvas.oregonstate.edu/courses/2053263/assignments/10553180?module_item_id=26885550,MTH-253,module_item,module_item,00254-mth-253-module-item-unit-2-written-homework-assignment,2026-07-08T23:01:19.026Z,2026-07-08T23:01:22.324Z,ok,,2
https://canvas.oregonstate.edu/courses/2053263/modules/items/26977769,https://canvas.oregonstate.edu/courses/2053263/assignments/10584373?module_item_id=26977769,MTH-253,module_item,module_item,00255-mth-253-module-item-week-3-web-homework-introduction-to-series,2026-07-08T23:01:22.324Z,2026-07-08T23:01:25.573Z,ok,,1
https://canvas.oregonstate.edu/courses/2053263/modules/items/26885552,https://canvas.oregonstate.edu/courses/2053263/quizzes/3159592?module_item_id=26885552,MTH-253,module_item,module_item,00256-mth-253-module-item-unit-2-quiz-sequences-and-series-mth-253z-400-u2026,2026-07-08T23:01:25.737Z,2026-07-08T23:01:28.528Z,ok,,0
https://canvas.oregonstate.edu/courses/2053263/modules/items/26885555,https://canvas.oregonstate.edu/courses/2053263/pages/unit-3-overview?module_item_id=26885555,MTH-253,module_item,module_item,00257-mth-253-module-item-unit-3-overview-sequences-and-series-mth-253z-400-u2026,2026-07-08T23:01:28.528Z,2026-07-08T23:01:31.423Z,ok,,0
https://canvas.oregonstate.edu/courses/2053263/modules/items/26885557,https://canvas.oregonstate.edu/courses/2053263/discussion_topics/11558492?module_item_id=26885557,MTH-253,module_item,module_item,00258-mth-253-module-item-topic-unit-3-q-a-discussion-board-optional,2026-07-08T23:01:31.423Z,2026-07-08T23:01:34.227Z,ok,,0
https://canvas.oregonstate.edu/courses/2053263/modules/items/26977967,https://canvas.oregonstate.edu/courses/2053263/assignments/10584431?module_item_id=26977967,MTH-253,module_item,module_item,00259-mth-253-module-item-week-4-web-homework-the-divergence-and-integral-tests,2026-07-08T23:01:34.227Z,2026-07-08T23:01:37.269Z,ok,,1
https://canvas.oregonstate.edu/courses/2053263/modules/items/26977977,https://canvas.oregonstate.edu/courses/2053263/assignments/10584434?module_item_id=26977977,MTH-253,module_item,module_item,00260-mth-253-module-item-week-5-web-homework-comparison-and-alternate-series-tests,2026-07-08T23:01:37.269Z,2026-07-08T23:01:40.268Z,ok,,1
https://canvas.oregonstate.edu/courses/2053263/modules/items/26885558,https://canvas.oregonstate.edu/courses/2053263/discussion_topics/11558497?module_item_id=26885558,MTH-253,module_item,module_item,00261-mth-253-module-item-topic-unit-3-discussion-board-submitted-in-week-6-required,2026-07-08T23:01:40.399Z,2026-07-08T23:01:43.228Z,ok,,0
https://canvas.oregonstate.edu/courses/2053263/modules/items/26885565,https://canvas.oregonstate.edu/courses/2053263/assignments/10553181?module_item_id=26885565,MTH-253,module_item,module_item,00262-mth-253-module-item-unit-3-written-homework-assignment,2026-07-08T23:01:43.228Z,2026-07-08T23:01:46.622Z,ok,,1
https://canvas.oregonstate.edu/courses/2053263/modules/items/26977980,https://canvas.oregonstate.edu/courses/2053263/assignments/10584435?module_item_id=26977980,MTH-253,module_item,module_item,00263-mth-253-module-item-week-6-web-homework-ratio-and-root-tests,2026-07-08T23:01:46.623Z,2026-07-08T23:01:49.577Z,ok,,1
https://canvas.oregonstate.edu/courses/2053263/modules/items/26885567,https://canvas.oregonstate.edu/courses/2053263/quizzes/3159589?module_item_id=26885567,MTH-253,module_item,module_item,00264-mth-253-module-item-unit-3-quiz-sequences-and-series-mth-253z-400-u2026,2026-07-08T23:01:49.577Z,2026-07-08T23:01:52.574Z,ok,,0
https://canvas.oregonstate.edu/courses/2053263/modules/items/26885570,https://canvas.oregonstate.edu/courses/2053263/pages/unit-4-overview?module_item_id=26885570,MTH-253,module_item,module_item,00265-mth-253-module-item-unit-4-overview-sequences-and-series-mth-253z-400-u2026,2026-07-08T23:01:52.574Z,2026-07-08T23:01:55.770Z,ok,,0
https://canvas.oregonstate.edu/courses/2053263/modules/items/26885572,https://canvas.oregonstate.edu/courses/2053263/discussion_topics/11558493?module_item_id=26885572,MTH-253,module_item,module_item,00266-mth-253-module-item-topic-unit-4-q-a-discussion-board-optional,2026-07-08T23:01:55.924Z,2026-07-08T23:01:58.575Z,ok,,0
https://canvas.oregonstate.edu/courses/2053263/modules/items/26977982,https://canvas.oregonstate.edu/courses/2053263/assignments/10584436?module_item_id=26977982,MTH-253,module_item,module_item,00267-mth-253-module-item-week-7-web-homework-power-series-and-functions,2026-07-08T23:01:58.575Z,2026-07-08T23:02:04.327Z,ok,,1
https://canvas.oregonstate.edu/courses/2053263/modules/items/26977985,https://canvas.oregonstate.edu/courses/2053263/assignments/10584437?module_item_id=26977985,MTH-253,module_item,module_item,00268-mth-253-module-item-week-8-web-homework-taylor-and-maclaurin-series,2026-07-08T23:02:04.327Z,2026-07-08T23:02:08.078Z,ok,,1
https://canvas.oregonstate.edu/courses/2053263/modules/items/26885573,https://canvas.oregonstate.edu/courses/2053263/discussion_topics/11558496?module_item_id=26885573,MTH-253,module_item,module_item,00269-mth-253-module-item-topic-unit-4-discussion-board-submitted-in-week-9-required,2026-07-08T23:02:08.078Z,2026-07-08T23:02:11.620Z,ok,,0
https://canvas.oregonstate.edu/courses/2053263/modules/items/26885582,https://canvas.oregonstate.edu/courses/2053263/quizzes/3159590?module_item_id=26885582,MTH-253,module_item,module_item,00270-mth-253-module-item-unit-4-quiz-sequences-and-series-mth-253z-400-u2026,2026-07-08T23:02:11.620Z,2026-07-08T23:02:14.777Z,ok,,0
https://canvas.oregonstate.edu/courses/2053263/modules/items/26885580,https://canvas.oregonstate.edu/courses/2053263/assignments/10553182?module_item_id=26885580,MTH-253,module_item,module_item,00271-mth-253-module-item-unit-4-written-homework-assignment,2026-07-08T23:02:14.923Z,2026-07-08T23:02:17.868Z,ok,,1
https://canvas.oregonstate.edu/courses/2053263/modules/items/26977987,https://canvas.oregonstate.edu/courses/2053263/assignments/10584438?module_item_id=26977987,MTH-253,module_item,module_item,00272-mth-253-module-item-week-9-web-homework-properties-of-power-series,2026-07-08T23:02:17.868Z,2026-07-08T23:02:20.975Z,ok,,1
https://canvas.oregonstate.edu/courses/2053263/modules/items/26885585,https://canvas.oregonstate.edu/courses/2053263/pages/unit-5-overview?module_item_id=26885585,MTH-253,module_item,module_item,00273-mth-253-module-item-unit-5-overview-sequences-and-series-mth-253z-400-u2026,2026-07-08T23:02:20.975Z,2026-07-08T23:02:23.722Z,ok,,0
https://canvas.oregonstate.edu/courses/2053263/modules/items/26885587,https://canvas.oregonstate.edu/courses/2053263/discussion_topics/11558494?module_item_id=26885587,MTH-253,module_item,module_item,00274-mth-253-module-item-topic-unit-5-q-a-discussion-board-optional,2026-07-08T23:02:23.722Z,2026-07-08T23:02:26.522Z,ok,,0
https://canvas.oregonstate.edu/courses/2053263/modules/items/26885592,https://canvas.oregonstate.edu/courses/2053263/assignments/10553183?module_item_id=26885592,MTH-253,module_item,module_item,00275-mth-253-module-item-unit-5-written-homework-assignment,2026-07-08T23:02:26.522Z,2026-07-08T23:02:29.768Z,ok,,1
https://canvas.oregonstate.edu/courses/2053263/modules/items/26977989,https://canvas.oregonstate.edu/courses/2053263/assignments/10584439?module_item_id=26977989,MTH-253,module_item,module_item,00276-mth-253-module-item-week-10-web-homework-working-with-taylor-series,2026-07-08T23:02:29.902Z,2026-07-08T23:02:33.322Z,ok,,1
https://canvas.oregonstate.edu/courses/2053263/modules/items/26885596,https://canvas.oregonstate.edu/courses/2053263/pages/week-11-overview?module_item_id=26885596,MTH-253,module_item,module_item,00277-mth-253-module-item-week-11-overview-sequences-and-series-mth-253z-400-u2026,2026-07-08T23:02:33.322Z,2026-07-08T23:02:36.025Z,ok,,0
https://canvas.oregonstate.edu/courses/2053263/modules/items/26885597,https://canvas.oregonstate.edu/courses/2053263/discussion_topics/11558495?module_item_id=26885597,MTH-253,module_item,module_item,00278-mth-253-module-item-topic-preparing-for-your-final-exam-q-a-discussion-board-optional,2026-07-08T23:02:36.025Z,2026-07-08T23:02:38.982Z,ok,,0
https://canvas.oregonstate.edu/courses/2053263/modules/items/26885598,https://canvas.oregonstate.edu/courses/2053263/files/118558956?module_item_id=26885598,MTH-253,module_item,module_item,00279-mth-253-module-item-mth-253-final-exam-practice-problems-pdf-sequences-and-series-mth-253z-400-u2026,2026-07-08T23:02:38.982Z,2026-07-08T23:02:41.522Z,ok,,1
https://canvas.oregonstate.edu/courses/2053263/modules/items/26885599,https://canvas.oregonstate.edu/courses/2053263/files/118558944?module_item_id=26885599,MTH-253,module_item,module_item,00280-mth-253-module-item-mth-253-final-exam-practice-problems-answers-pdf-sequences-and-series-mth-253z-400-u2026,2026-07-08T23:02:41.522Z,2026-07-08T23:02:44.424Z,ok,,1
https://canvas.oregonstate.edu/courses/2053263/modules/items/26885601,https://canvas.oregonstate.edu/courses/2053263/quizzes/3159588?module_item_id=26885601,MTH-253,module_item,module_item,00281-mth-253-module-item-final-exam-sequences-and-series-mth-253z-400-u2026,2026-07-08T23:02:51.168Z,2026-07-08T23:02:54.869Z,ok,,0
https://canvas.oregonstate.edu/courses/2053263/discussion_topics/11558482,https://canvas.oregonstate.edu/courses/2053263/discussion_topics/11558482,MTH-253,linked_detail,linked_detail,00282-mth-253-linked-detail-topic-unit-2-reminder-of-assignments-due-this-week,2026-07-08T23:02:54.869Z,2026-07-08T23:02:57.719Z,ok,,1
https://canvas.oregonstate.edu/courses/2053263/discussion_topics/11558484,https://canvas.oregonstate.edu/courses/2053263/discussion_topics/11558484,MTH-253,linked_detail,linked_detail,00283-mth-253-linked-detail-topic-unit-2-is-underway,2026-07-08T23:02:57.719Z,2026-07-08T23:03:00.220Z,ok,,1
https://canvas.oregonstate.edu/courses/2053263/discussion_topics/11558489,https://canvas.oregonstate.edu/courses/2053263/discussion_topics/11558489,MTH-253,linked_detail,linked_detail,00284-mth-253-linked-detail-topic-welcome-to-the-class,2026-07-08T23:03:00.220Z,2026-07-08T23:03:02.771Z,ok,,1
https://canvas.oregonstate.edu/courses/2053263/files/119228487?wrap=1,https://canvas.oregonstate.edu/courses/2053263/files/119228487?wrap=1,MTH-253,linked_detail,linked_detail,00285-mth-253-linked-detail-mth-253-course-syllabus-summer-2026-pdf-sequences-and-series-mth-253z-400-u2026,2026-07-08T23:03:02.771Z,2026-07-08T23:03:05.220Z,ok,,0
https://canvas.oregonstate.edu/courses/2053263/assignments/10553179,https://canvas.oregonstate.edu/courses/2053263/assignments/10553179,MTH-253,linked_detail,linked_detail,00286-mth-253-linked-detail-unit-1-written-homework-assignment,2026-07-08T23:03:05.383Z,2026-07-08T23:03:08.025Z,ok,,0
https://canvas.oregonstate.edu/courses/2053263/assignments/10553178,https://canvas.oregonstate.edu/courses/2053263/discussion_topics/11558498,MTH-253,linked_detail,linked_detail,00287-mth-253-linked-detail-topic-unit-1-discussion-board-submitted-in-week-1-required,2026-07-08T23:03:08.025Z,2026-07-08T23:03:13.525Z,ok,,0
https://canvas.oregonstate.edu/courses/2053263/assignments/10584258,https://canvas.oregonstate.edu/courses/2053263/assignments/10584258,MTH-253,linked_detail,linked_detail,00288-mth-253-linked-detail-week-1-web-homework-infinity-and-limits-indeterminates-improper-integrals,2026-07-08T23:03:13.525Z,2026-07-08T23:03:16.618Z,ok,,0
https://canvas.oregonstate.edu/courses/2053263/assignments/10553174,https://canvas.oregonstate.edu/courses/2053263/quizzes/3159593,MTH-253,linked_detail,linked_detail,00289-mth-253-linked-detail-unit-1-quiz-sequences-and-series-mth-253z-400-u2026,2026-07-08T23:03:16.618Z,2026-07-08T23:03:20.070Z,ok,,0
https://canvas.oregonstate.edu/courses/2053263/assignments/10584372,https://canvas.oregonstate.edu/courses/2053263/assignments/10584372,MTH-253,linked_detail,linked_detail,00290-mth-253-linked-detail-week-2-web-homework-sequences,2026-07-08T23:03:20.070Z,2026-07-08T23:03:23.223Z,ok,,0
https://canvas.oregonstate.edu/courses/2053263/assignments/10553180,https://canvas.oregonstate.edu/courses/2053263/assignments/10553180,MTH-253,linked_detail,linked_detail,00291-mth-253-linked-detail-unit-2-written-homework-assignment,2026-07-08T23:03:23.432Z,2026-07-08T23:03:26.472Z,ok,,0
https://canvas.oregonstate.edu/courses/2053263/assignments/10584373,https://canvas.oregonstate.edu/courses/2053263/assignments/10584373,MTH-253,linked_detail,linked_detail,00292-mth-253-linked-detail-week-3-web-homework-introduction-to-series,2026-07-08T23:03:26.472Z,2026-07-08T23:03:29.817Z,ok,,0
https://canvas.oregonstate.edu/courses/2053263/assignments/10553173,https://canvas.oregonstate.edu/courses/2053263/quizzes/3159592,MTH-253,linked_detail,linked_detail,00293-mth-253-linked-detail-unit-2-quiz-sequences-and-series-mth-253z-400-u2026,2026-07-08T23:03:29.817Z,2026-07-08T23:03:32.770Z,ok,,0
https://canvas.oregonstate.edu/courses/2053263/assignments/10584431,https://canvas.oregonstate.edu/courses/2053263/assignments/10584431,MTH-253,linked_detail,linked_detail,00294-mth-253-linked-detail-week-4-web-homework-the-divergence-and-integral-tests,2026-07-08T23:03:32.770Z,2026-07-08T23:03:35.825Z,ok,,0
https://canvas.oregonstate.edu/courses/2053263/assignments/10584434,https://canvas.oregonstate.edu/courses/2053263/assignments/10584434,MTH-253,linked_detail,linked_detail,00295-mth-253-linked-detail-week-5-web-homework-comparison-and-alternate-series-tests,2026-07-08T23:03:35.825Z,2026-07-08T23:03:38.567Z,ok,,0
https://canvas.oregonstate.edu/courses/2053263/assignments/10553177,https://canvas.oregonstate.edu/courses/2053263/discussion_topics/11558497,MTH-253,linked_detail,linked_detail,00296-mth-253-linked-detail-topic-unit-3-discussion-board-submitted-in-week-6-required,2026-07-08T23:03:38.714Z,2026-07-08T23:03:41.521Z,ok,,0
https://canvas.oregonstate.edu/courses/2053263/assignments/10553181,https://canvas.oregonstate.edu/courses/2053263/assignments/10553181,MTH-253,linked_detail,linked_detail,00297-mth-253-linked-detail-unit-3-written-homework-assignment,2026-07-08T23:03:41.521Z,2026-07-08T23:03:44.171Z,ok,,0
https://canvas.oregonstate.edu/courses/2053263/assignments/10584435,https://canvas.oregonstate.edu/courses/2053263/assignments/10584435,MTH-253,linked_detail,linked_detail,00298-mth-253-linked-detail-week-6-web-homework-ratio-and-root-tests,2026-07-08T23:03:44.171Z,2026-07-08T23:03:46.826Z,ok,,0
https://canvas.oregonstate.edu/courses/2053263/assignments/10553170,https://canvas.oregonstate.edu/courses/2053263/quizzes/3159589,MTH-253,linked_detail,linked_detail,00299-mth-253-linked-detail-unit-3-quiz-sequences-and-series-mth-253z-400-u2026,2026-07-08T23:03:46.826Z,2026-07-08T23:03:49.722Z,ok,,0
https://canvas.oregonstate.edu/courses/2053263/assignments/10584436,https://canvas.oregonstate.edu/courses/2053263/assignments/10584436,MTH-253,linked_detail,linked_detail,00300-mth-253-linked-detail-week-7-web-homework-power-series-and-functions,2026-07-08T23:03:49.722Z,2026-07-08T23:03:52.854Z,ok,,0
https://canvas.oregonstate.edu/courses/2053263/assignments/10584437,https://canvas.oregonstate.edu/courses/2053263/assignments/10584437,MTH-253,linked_detail,linked_detail,00301-mth-253-linked-detail-week-8-web-homework-taylor-and-maclaurin-series,2026-07-08T23:03:53.017Z,2026-07-08T23:03:56.017Z,ok,,0
https://canvas.oregonstate.edu/courses/2053263/assignments/10553176,https://canvas.oregonstate.edu/courses/2053263/discussion_topics/11558496,MTH-253,linked_detail,linked_detail,00302-mth-253-linked-detail-topic-unit-4-discussion-board-submitted-in-week-9-required,2026-07-08T23:03:56.017Z,2026-07-08T23:03:59.766Z,ok,,0
https://canvas.oregonstate.edu/courses/2053263/assignments/10553182,https://canvas.oregonstate.edu/courses/2053263/assignments/10553182,MTH-253,linked_detail,linked_detail,00303-mth-253-linked-detail-unit-4-written-homework-assignment,2026-07-08T23:03:59.766Z,2026-07-08T23:04:02.472Z,ok,,0
https://canvas.oregonstate.edu/courses/2053263/assignments/10584438,https://canvas.oregonstate.edu/courses/2053263/assignments/10584438,MTH-253,linked_detail,linked_detail,00304-mth-253-linked-detail-week-9-web-homework-properties-of-power-series,2026-07-08T23:04:02.472Z,2026-07-08T23:04:05.373Z,ok,,0
https://canvas.oregonstate.edu/courses/2053263/assignments/10553171,https://canvas.oregonstate.edu/courses/2053263/quizzes/3159590,MTH-253,linked_detail,linked_detail,00305-mth-253-linked-detail-unit-4-quiz-sequences-and-series-mth-253z-400-u2026,2026-07-08T23:04:05.373Z,2026-07-08T23:04:08.424Z,ok,,0
https://canvas.oregonstate.edu/courses/2053263/assignments/10553183,https://canvas.oregonstate.edu/courses/2053263/assignments/10553183,MTH-253,linked_detail,linked_detail,00306-mth-253-linked-detail-unit-5-written-homework-assignment,2026-07-08T23:04:08.574Z,2026-07-08T23:04:11.375Z,ok,,0
https://canvas.oregonstate.edu/courses/2053263/assignments/10584439,https://canvas.oregonstate.edu/courses/2053263/assignments/10584439,MTH-253,linked_detail,linked_detail,00307-mth-253-linked-detail-week-10-web-homework-working-with-taylor-series,2026-07-08T23:04:11.375Z,2026-07-08T23:04:14.371Z,ok,,0
https://canvas.oregonstate.edu/courses/2053263/assignments/10553169,https://canvas.oregonstate.edu/courses/2053263/quizzes/3159588,MTH-253,linked_detail,linked_detail,00308-mth-253-linked-detail-final-exam-sequences-and-series-mth-253z-400-u2026,2026-07-08T23:04:14.371Z,2026-07-08T23:04:17.467Z,ok,,0
https://canvas.oregonstate.edu/courses/2053263/discussion_topics/11558499,https://canvas.oregonstate.edu/courses/2053263/discussion_topics/11558499,MTH-253,linked_detail,linked_detail,00309-mth-253-linked-detail-topic-general-q-a-discussion,2026-07-08T23:04:17.467Z,2026-07-08T23:04:20.218Z,ok,,0
https://canvas.oregonstate.edu/courses/2053263/discussion_topics/11558498,https://canvas.oregonstate.edu/courses/2053263/discussion_topics/11558498,MTH-253,linked_detail,linked_detail,00310-mth-253-linked-detail-topic-unit-1-discussion-board-submitted-in-week-1-required,2026-07-08T23:04:20.218Z,2026-07-08T23:04:24.820Z,ok,,0
https://canvas.oregonstate.edu/courses/2053263/discussion_topics/11558497,https://canvas.oregonstate.edu/courses/2053263/discussion_topics/11558497,MTH-253,linked_detail,linked_detail,00311-mth-253-linked-detail-topic-unit-3-discussion-board-submitted-in-week-6-required,2026-07-08T23:04:24.986Z,2026-07-08T23:04:27.976Z,ok,,0
https://canvas.oregonstate.edu/courses/2053263/discussion_topics/11558496,https://canvas.oregonstate.edu/courses/2053263/discussion_topics/11558496,MTH-253,linked_detail,linked_detail,00312-mth-253-linked-detail-topic-unit-4-discussion-board-submitted-in-week-9-required,2026-07-08T23:04:27.976Z,2026-07-08T23:04:30.517Z,ok,,0
https://canvas.oregonstate.edu/courses/2053263/discussion_topics/11558491,https://canvas.oregonstate.edu/courses/2053263/discussion_topics/11558491,MTH-253,linked_detail,linked_detail,00313-mth-253-linked-detail-topic-unit-2-q-a-discussion-board-optional,2026-07-08T23:04:30.517Z,2026-07-08T23:04:33.076Z,ok,,0
https://canvas.oregonstate.edu/courses/2053263/discussion_topics/11558490,https://canvas.oregonstate.edu/courses/2053263/discussion_topics/11558490,MTH-253,linked_detail,linked_detail,00314-mth-253-linked-detail-topic-unit-1-q-a-discussion-board-optional,2026-07-08T23:04:33.076Z,2026-07-08T23:04:35.871Z,ok,,0
https://canvas.oregonstate.edu/courses/2053263/discussion_topics/11558495,https://canvas.oregonstate.edu/courses/2053263/discussion_topics/11558495,MTH-253,linked_detail,linked_detail,00315-mth-253-linked-detail-topic-preparing-for-your-final-exam-q-a-discussion-board-optional,2026-07-08T23:04:35.872Z,2026-07-08T23:04:38.323Z,ok,,0
https://canvas.oregonstate.edu/courses/2053263/discussion_topics/11558494,https://canvas.oregonstate.edu/courses/2053263/discussion_topics/11558494,MTH-253,linked_detail,linked_detail,00316-mth-253-linked-detail-topic-unit-5-q-a-discussion-board-optional,2026-07-08T23:04:38.488Z,2026-07-08T23:04:41.217Z,ok,,0
https://canvas.oregonstate.edu/courses/2053263/discussion_topics/11558493,https://canvas.oregonstate.edu/courses/2053263/discussion_topics/11558493,MTH-253,linked_detail,linked_detail,00317-mth-253-linked-detail-topic-unit-4-q-a-discussion-board-optional,2026-07-08T23:04:41.217Z,2026-07-08T23:04:46.720Z,ok,,0
https://canvas.oregonstate.edu/courses/2053263/discussion_topics/11558492,https://canvas.oregonstate.edu/courses/2053263/discussion_topics/11558492,MTH-253,linked_detail,linked_detail,00318-mth-253-linked-detail-topic-unit-3-q-a-discussion-board-optional,2026-07-08T23:04:46.720Z,2026-07-08T23:04:49.229Z,ok,,0
https://canvas.oregonstate.edu/courses/2053263/quizzes/3159593,https://canvas.oregonstate.edu/courses/2053263/quizzes/3159593,MTH-253,linked_detail,linked_detail,00319-mth-253-linked-detail-unit-1-quiz-sequences-and-series-mth-253z-400-u2026,2026-07-08T23:04:49.229Z,2026-07-08T23:04:52.218Z,ok,,0
https://canvas.oregonstate.edu/courses/2053263/quizzes/3159592,https://canvas.oregonstate.edu/courses/2053263/quizzes/3159592,MTH-253,linked_detail,linked_detail,00320-mth-253-linked-detail-unit-2-quiz-sequences-and-series-mth-253z-400-u2026,2026-07-08T23:04:52.218Z,2026-07-08T23:04:54.672Z,ok,,0
https://canvas.oregonstate.edu/courses/2053263/quizzes/3159589,https://canvas.oregonstate.edu/courses/2053263/quizzes/3159589,MTH-253,linked_detail,linked_detail,00321-mth-253-linked-detail-unit-3-quiz-sequences-and-series-mth-253z-400-u2026,2026-07-08T23:05:06.408Z,2026-07-08T23:05:09.874Z,ok,,0
https://canvas.oregonstate.edu/courses/2053263/quizzes/3159590,https://canvas.oregonstate.edu/courses/2053263/quizzes/3159590,MTH-253,linked_detail,linked_detail,00322-mth-253-linked-detail-unit-4-quiz-sequences-and-series-mth-253z-400-u2026,2026-07-08T23:05:09.874Z,2026-07-08T23:05:12.466Z,ok,,0
https://canvas.oregonstate.edu/courses/2053263/quizzes/3159588,https://canvas.oregonstate.edu/courses/2053263/quizzes/3159588,MTH-253,linked_detail,linked_detail,00323-mth-253-linked-detail-final-exam-sequences-and-series-mth-253z-400-u2026,2026-07-08T23:05:12.466Z,2026-07-08T23:05:15.017Z,ok,,0
https://canvas.oregonstate.edu/courses/2053263/quizzes/3166971,https://canvas.oregonstate.edu/courses/2053263/quizzes/3166971,MTH-253,linked_detail,linked_detail,00324-mth-253-linked-detail-practice-quiz-take-it-before-attempting-quiz-1-sequences-and-series-mth-253z-400-u2026,2026-07-08T23:05:15.017Z,2026-07-08T23:05:17.873Z,ok,,0
https://canvas.oregonstate.edu/courses/2053526/modules/items/26896930,https://canvas.oregonstate.edu/courses/2053526/pages/start-here-overview?module_item_id=26896930,PHY-212,module_item,module_item,00325-phy-212-module-item-start-here-overview-general-physics-with-calculus-ph-212-400-u2026,2026-07-08T23:05:17.873Z,2026-07-08T23:05:21.099Z,ok,,0
https://canvas.oregonstate.edu/courses/2053526/modules/items/26896931,https://canvas.oregonstate.edu/courses/2053526/pages/instructor-information-and-communication-policy?module_item_id=26896931,PHY-212,module_item,module_item,00326-phy-212-module-item-instructor-information-communication-policy-general-physics-with-calculus-ph-212-400-u2026,2026-07-08T23:05:21.281Z,2026-07-08T23:05:24.221Z,ok,,0
https://canvas.oregonstate.edu/courses/2053526/modules/items/26896932,https://canvas.oregonstate.edu/courses/2053526/pages/where-to-go-for-help?module_item_id=26896932,PHY-212,module_item,module_item,00327-phy-212-module-item-where-to-go-for-help-general-physics-with-calculus-ph-212-400-u2026,2026-07-08T23:05:24.221Z,2026-07-08T23:05:26.872Z,ok,,0
https://canvas.oregonstate.edu/courses/2053526/modules/items/26896933,https://canvas.oregonstate.edu/courses/2053526/pages/accessibility-statements-and-privacy-policies?module_item_id=26896933,PHY-212,module_item,module_item,00328-phy-212-module-item-accessibility-statements-privacy-policies-general-physics-with-calculus-ph-212-400-u2026,2026-07-08T23:05:26.872Z,2026-07-08T23:05:29.570Z,ok,,0
https://canvas.oregonstate.edu/courses/2053526/modules/items/26896934,https://canvas.oregonstate.edu/courses/2053526/pages/sources-cited?module_item_id=26896934,PHY-212,module_item,module_item,00329-phy-212-module-item-sources-cited-general-physics-with-calculus-ph-212-400-u2026,2026-07-08T23:05:29.570Z,2026-07-08T23:05:32.320Z,ok,,0
https://canvas.oregonstate.edu/courses/2053526/modules/items/26896935,https://canvas.oregonstate.edu/courses/2053526/pages/start-here-conclusion?module_item_id=26896935,PHY-212,module_item,module_item,00330-phy-212-module-item-start-here-conclusion-general-physics-with-calculus-ph-212-400-u2026,2026-07-08T23:05:32.320Z,2026-07-08T23:05:35.170Z,ok,,0
https://canvas.oregonstate.edu/courses/2053526/modules/items/26896936,https://canvas.oregonstate.edu/courses/2053526/pages/general-information?module_item_id=26896936,PHY-212,module_item,module_item,00331-phy-212-module-item-general-information-general-physics-with-calculus-ph-212-400-u2026,2026-07-08T23:05:35.358Z,2026-07-08T23:05:38.272Z,ok,,0
https://canvas.oregonstate.edu/courses/2053526/modules/items/26992777,https://canvas.oregonstate.edu/courses/2053526/files/119369072?module_item_id=26992777,PHY-212,module_item,module_item,00332-phy-212-module-item-syllabus-u2026-pdf-general-physics-with-calculus-ph-212-400-u2026,2026-07-08T23:05:38.272Z,2026-07-08T23:05:40.878Z,ok,,1
https://canvas.oregonstate.edu/courses/2053526/modules/items/26896938,https://canvas.oregonstate.edu/courses/2053526/pages/zoom-info?module_item_id=26896938,PHY-212,module_item,module_item,00333-phy-212-module-item-zoom-info-general-physics-with-calculus-ph-212-400-u2026,2026-07-08T23:05:40.878Z,2026-07-08T23:05:43.921Z,ok,,0
https://canvas.oregonstate.edu/courses/2053526/modules/items/26896939,https://canvas.oregonstate.edu/courses/2053526/pages/announcements?module_item_id=26896939,PHY-212,module_item,module_item,00334-phy-212-module-item-announcements-general-physics-with-calculus-ph-212-400-u2026,2026-07-08T23:05:43.921Z,2026-07-08T23:05:46.621Z,ok,,0
https://canvas.oregonstate.edu/courses/2053526/modules/items/26896940,https://canvas.oregonstate.edu/courses/2053526/pages/ta-info-and-scheduler?module_item_id=26896940,PHY-212,module_item,module_item,00335-phy-212-module-item-ta-info-scheduler-general-physics-with-calculus-ph-212-400-u2026,2026-07-08T23:05:46.621Z,2026-07-08T23:05:49.372Z,ok,,0
https://canvas.oregonstate.edu/courses/2053526/modules/items/27007746,https://canvas.oregonstate.edu/courses/2053526/files/119307451?module_item_id=27007746,PHY-212,module_item,module_item,00336-phy-212-module-item-lab-structure-and-ta-meetings-pdf-general-physics-with-calculus-ph-212-400-u2026,2026-07-08T23:05:49.558Z,2026-07-08T23:05:52.224Z,ok,,1
https://canvas.oregonstate.edu/courses/2053526/modules/items/26896941,https://canvas.oregonstate.edu/courses/2053526/pages/course-webpages?module_item_id=26896941,PHY-212,module_item,module_item,00337-phy-212-module-item-course-webpages-general-physics-with-calculus-ph-212-400-u2026,2026-07-08T23:05:52.224Z,2026-07-08T23:05:54.776Z,ok,,0
https://canvas.oregonstate.edu/courses/2053526/modules/items/26992779,https://canvas.oregonstate.edu/courses/2053526/pages/get-your-ph-211-course-materials-2?module_item_id=26992779,PHY-212,module_item,module_item,00338-phy-212-module-item-get-your-ph-211-course-materials-general-physics-with-calculus-ph-212-400-u2026,2026-07-08T23:05:54.776Z,2026-07-08T23:05:57.421Z,ok,,0
https://canvas.oregonstate.edu/courses/2053526/modules/items/26896942,https://canvas.oregonstate.edu/courses/2053526/pages/pre-lecture-partial-credit?module_item_id=26896942,PHY-212,module_item,module_item,00339-phy-212-module-item-pre-lecture-partial-credit-general-physics-with-calculus-ph-212-400-u2026,2026-07-08T23:05:57.421Z,2026-07-08T23:06:00.120Z,ok,,0
https://canvas.oregonstate.edu/courses/2053526/modules/items/26896944,https://canvas.oregonstate.edu/courses/2053526/pages/virtual-wormhole-getting-assistance?module_item_id=26896944,PHY-212,module_item,module_item,00340-phy-212-module-item-virtual-wormhole-getting-assistance-general-physics-with-calculus-ph-212-400-u2026,2026-07-08T23:06:00.120Z,2026-07-08T23:06:02.877Z,ok,,0
https://canvas.oregonstate.edu/courses/2053526/modules/items/26896945,https://canvas.oregonstate.edu/courses/2053526/pages/scanned-text-on-reserve-at-library?module_item_id=26896945,PHY-212,module_item,module_item,00341-phy-212-module-item-scanned-text-on-reserve-at-library-general-physics-with-calculus-ph-212-400-u2026,2026-07-08T23:06:03.069Z,2026-07-08T23:06:05.780Z,ok,,0
https://canvas.oregonstate.edu/courses/2053526/modules/items/26896946,https://canvas.oregonstate.edu/courses/2053526/pages/gradescope?module_item_id=26896946,PHY-212,module_item,module_item,00342-phy-212-module-item-gradescope-general-physics-with-calculus-ph-212-400-u2026,2026-07-08T23:06:05.780Z,2026-07-08T23:06:08.487Z,ok,,1
https://canvas.oregonstate.edu/courses/2053526/modules/items/26896947,https://canvas.oregonstate.edu/courses/2053526/pages/proctorio-setup-and-troubleshooting?module_item_id=26896947,PHY-212,module_item,module_item,00343-phy-212-module-item-proctorio-setup-and-troubleshooting-general-physics-with-calculus-ph-212-400-u2026,2026-07-08T23:06:08.487Z,2026-07-08T23:06:11.285Z,ok,,2
https://canvas.oregonstate.edu/courses/2053526/modules/items/26896948,https://canvas.oregonstate.edu/courses/2053526/pages/opt-out-of-lab?module_item_id=26896948,PHY-212,module_item,module_item,00344-phy-212-module-item-opt-out-of-lab-general-physics-with-calculus-ph-212-400-u2026,2026-07-08T23:06:11.285Z,2026-07-08T23:06:13.788Z,ok,,0
https://canvas.oregonstate.edu/courses/2053526/modules/items/26896949,https://canvas.oregonstate.edu/courses/2053526/pages/oer-physics-textbook?module_item_id=26896949,PHY-212,module_item,module_item,00345-phy-212-module-item-oer-physics-textbook-general-physics-with-calculus-ph-212-400-u2026,2026-07-08T23:06:13.788Z,2026-07-08T23:06:16.488Z,ok,,0
https://canvas.oregonstate.edu/courses/2053526/modules/items/26997777,https://canvas.oregonstate.edu/courses/2053526/files/119256249?module_item_id=26997777,PHY-212,module_item,module_item,00346-phy-212-module-item-first-day-overview-pdf-general-physics-with-calculus-ph-212-400-u2026,2026-07-08T23:06:16.664Z,2026-07-08T23:06:19.288Z,ok,,1
https://canvas.oregonstate.edu/courses/2053526/modules/items/26896950,https://canvas.oregonstate.edu/courses/2053526/discussion_topics/11563815?module_item_id=26896950,PHY-212,module_item,module_item,00347-phy-212-module-item-topic-general-discussion-faqs,2026-07-08T23:06:19.288Z,2026-07-08T23:06:22.239Z,ok,,1
https://canvas.oregonstate.edu/courses/2053526/modules/items/26896951,https://canvas.oregonstate.edu/courses/2053526/pages/ph-211-instructional-videos?module_item_id=26896951,PHY-212,module_item,module_item,00348-phy-212-module-item-ph-211-instructional-videos-general-physics-with-calculus-ph-212-400-u2026,2026-07-08T23:06:22.239Z,2026-07-08T23:06:26.820Z,ok,,0
https://canvas.oregonstate.edu/courses/2053526/modules/items/26896952,https://canvas.oregonstate.edu/courses/2053526/pages/financial-resources-and-more?module_item_id=26896952,PHY-212,module_item,module_item,00349-phy-212-module-item-financial-resources-and-more-general-physics-with-calculus-ph-212-400-u2026,2026-07-08T23:06:26.820Z,2026-07-08T23:06:30.345Z,ok,,0
https://canvas.oregonstate.edu/courses/2053526/modules/items/26896953,https://canvas.oregonstate.edu/courses/2053526/pages/academic-misconduct-scenarios?module_item_id=26896953,PHY-212,module_item,module_item,00350-phy-212-module-item-academic-misconduct-scenarios-general-physics-with-calculus-ph-212-400-u2026,2026-07-08T23:06:30.345Z,2026-07-08T23:06:33.044Z,ok,,1
https://canvas.oregonstate.edu/courses/2053526/modules/items/26896954,https://canvas.oregonstate.edu/courses/2053526/pages/scanned-text-on-reserve-at-the-library?module_item_id=26896954,PHY-212,module_item,module_item,00351-phy-212-module-item-scanned-text-on-reserve-at-the-library-general-physics-with-calculus-ph-212-400-u2026,2026-07-08T23:06:33.248Z,2026-07-08T23:06:35.946Z,ok,,0
https://canvas.oregonstate.edu/courses/2053526/modules/items/26896956,https://canvas.oregonstate.edu/courses/2053526/pages/scanning-resources-2?module_item_id=26896956,PHY-212,module_item,module_item,00352-phy-212-module-item-scanning-resources-general-physics-with-calculus-ph-212-400-u2026,2026-07-08T23:06:35.946Z,2026-07-08T23:06:38.604Z,ok,,0
https://canvas.oregonstate.edu/courses/2053526/modules/items/26896958,https://canvas.oregonstate.edu/courses/2053526/pages/module-1-%7C-overview-of-circular-motion?module_item_id=26896958,PHY-212,module_item,module_item,00353-phy-212-module-item-module-1-overview-of-circular-motion-general-physics-with-calculus-ph-212-400-u2026,2026-07-08T23:06:38.604Z,2026-07-08T23:06:41.195Z,ok,,1
https://canvas.oregonstate.edu/courses/2053526/modules/items/26896959,https://canvas.oregonstate.edu/courses/2053526/pages/module-1-%7C-circular-motion-%7C-learning-materials?module_item_id=26896959,PHY-212,module_item,module_item,00354-phy-212-module-item-module-1-circular-motion-learning-materials-general-physics-with-calculus-ph-212-400-u2026,2026-07-08T23:06:41.195Z,2026-07-08T23:06:44.770Z,ok,,3
https://canvas.oregonstate.edu/courses/2053526/modules/items/26896960,https://canvas.oregonstate.edu/courses/2053526/pages/module-1-%7C-circular-motion-%7C-required-activities?module_item_id=26896960,PHY-212,module_item,module_item,00355-phy-212-module-item-module-1-circular-motion-required-activities-general-physics-with-calculus-ph-212-400-u2026,2026-07-08T23:06:44.770Z,2026-07-08T23:06:47.797Z,ok,,10
https://canvas.oregonstate.edu/courses/2053526/modules/items/26896961,https://canvas.oregonstate.edu/courses/2053526/quizzes/3160506?module_item_id=26896961,PHY-212,module_item,module_item,00356-phy-212-module-item-proctorio-practice-quiz-remotely-proctored-general-physics-with-calculus-ph-212-400-u2026,2026-07-08T23:06:47.979Z,2026-07-08T23:06:50.794Z,ok,,1
https://canvas.oregonstate.edu/courses/2053526/modules/items/26896962,https://canvas.oregonstate.edu/courses/2053526/pages/lab-1-instructions-2?module_item_id=26896962,PHY-212,module_item,module_item,00357-phy-212-module-item-lab-1-instructions-general-physics-with-calculus-ph-212-400-u2026,2026-07-08T23:06:50.794Z,2026-07-08T23:06:53.444Z,ok,,1
https://canvas.oregonstate.edu/courses/2053526/modules/items/26896963,https://canvas.oregonstate.edu/courses/2053526/quizzes/3160536?module_item_id=26896963,PHY-212,module_item,module_item,00358-phy-212-module-item-lab-partner-values-survey-general-physics-with-calculus-ph-212-400-u2026,2026-07-08T23:06:53.444Z,2026-07-08T23:06:56.197Z,ok,,7
https://canvas.oregonstate.edu/courses/2053526/modules/items/26896964,https://canvas.oregonstate.edu/courses/2053526/pages/lab-supplies?module_item_id=26896964,PHY-212,module_item,module_item,00359-phy-212-module-item-lab-supplies-general-physics-with-calculus-ph-212-400-u2026,2026-07-08T23:06:56.197Z,2026-07-08T23:06:58.903Z,ok,,0
https://canvas.oregonstate.edu/courses/2053526/modules/items/26896965,https://canvas.oregonstate.edu/courses/2053526/pages/lab-2-instructions-2?module_item_id=26896965,PHY-212,module_item,module_item,00360-phy-212-module-item-lab-2-instructions-general-physics-with-calculus-ph-212-400-u2026,2026-07-08T23:06:58.903Z,2026-07-08T23:07:01.399Z,ok,,3
https://canvas.oregonstate.edu/courses/2053526/modules/items/26942495,https://canvas.oregonstate.edu/courses/2053526/quizzes/3160479?module_item_id=26942495,PHY-212,module_item,module_item,00361-phy-212-module-item-lab-collaboration-contract-general-physics-with-calculus-ph-212-400-u2026,2026-07-08T23:07:07.791Z,2026-07-08T23:07:16.049Z,ok,,0
https://canvas.oregonstate.edu/courses/2053526/modules/items/26896968,https://canvas.oregonstate.edu/courses/2053526/pages/module-1-%7C-motion-%7C-conclusion?module_item_id=26896968,PHY-212,module_item,module_item,00362-phy-212-module-item-module-1-motion-conclusion-general-physics-with-calculus-ph-212-400-u2026,2026-07-08T23:07:16.049Z,2026-07-08T23:07:18.943Z,ok,,0
https://canvas.oregonstate.edu/courses/2053526/modules/items/26896969,https://canvas.oregonstate.edu/courses/2053526/pages/module-2-%7C-overview-of-rotation?module_item_id=26896969,PHY-212,module_item,module_item,00363-phy-212-module-item-module-2-overview-of-rotation-general-physics-with-calculus-ph-212-400-u2026,2026-07-08T23:07:18.943Z,2026-07-08T23:07:21.595Z,ok,,2
https://canvas.oregonstate.edu/courses/2053526/modules/items/26896970,https://canvas.oregonstate.edu/courses/2053526/pages/module-2-%7C-rotation-%7C-learning-materials?module_item_id=26896970,PHY-212,module_item,module_item,00364-phy-212-module-item-module-2-rotation-learning-materials-general-physics-with-calculus-ph-212-400-u2026,2026-07-08T23:07:21.595Z,2026-07-08T23:07:24.418Z,ok,,0
https://canvas.oregonstate.edu/courses/2053526/modules/items/26896971,https://canvas.oregonstate.edu/courses/2053526/pages/module-2-%7C-rotation-%7C-required-activities?module_item_id=26896971,PHY-212,module_item,module_item,00365-phy-212-module-item-module-2-rotation-required-activities-general-physics-with-calculus-ph-212-400-u2026,2026-07-08T23:07:24.418Z,2026-07-08T23:07:27.606Z,ok,,11
https://canvas.oregonstate.edu/courses/2053526/modules/items/26896972,https://canvas.oregonstate.edu/courses/2053526/pages/lab-3-instructions-2?module_item_id=26896972,PHY-212,module_item,module_item,00366-phy-212-module-item-lab-3-instructions-general-physics-with-calculus-ph-212-400-u2026,2026-07-08T23:07:27.820Z,2026-07-08T23:07:30.545Z,ok,,1
https://canvas.oregonstate.edu/courses/2053526/modules/items/26896973,https://canvas.oregonstate.edu/courses/2053526/quizzes/3160510?module_item_id=26896973,PHY-212,module_item,module_item,00367-phy-212-module-item-lab-group-check-in-survey-lab-3-general-physics-with-calculus-ph-212-400-u2026,2026-07-08T23:07:30.545Z,2026-07-08T23:07:33.503Z,ok,,1
https://canvas.oregonstate.edu/courses/2053526/modules/items/26896975,https://canvas.oregonstate.edu/courses/2053526/pages/module-2-%7C-rotation-%7C-conclusion?module_item_id=26896975,PHY-212,module_item,module_item,00368-phy-212-module-item-module-2-rotation-conclusion-general-physics-with-calculus-ph-212-400-u2026,2026-07-08T23:07:33.503Z,2026-07-08T23:07:36.294Z,ok,,0
https://canvas.oregonstate.edu/courses/2053526/modules/items/26896976,https://canvas.oregonstate.edu/courses/2053526/pages/excel-skills-handout-2?module_item_id=26896976,PHY-212,module_item,module_item,00369-phy-212-module-item-excel-skills-handout-general-physics-with-calculus-ph-212-400-u2026,2026-07-08T23:07:36.294Z,2026-07-08T23:07:39.504Z,ok,,6
https://canvas.oregonstate.edu/courses/2053526/discussion_topics/11605879,https://canvas.oregonstate.edu/courses/2053526/discussion_topics/11605879,PHY-212,linked_detail,linked_detail,00370-phy-212-linked-detail-topic-quiz-1-july-4-6,2026-07-08T23:07:39.504Z,2026-07-08T23:07:42.200Z,ok,,0
https://canvas.oregonstate.edu/courses/2053526/discussion_topics/11605102,https://canvas.oregonstate.edu/courses/2053526/discussion_topics/11605102,PHY-212,linked_detail,linked_detail,00371-phy-212-linked-detail-topic-m21-pre-upload,2026-07-08T23:07:42.423Z,2026-07-08T23:07:44.944Z,ok,,0
https://canvas.oregonstate.edu/courses/2053526/discussion_topics/11604493,https://canvas.oregonstate.edu/courses/2053526/discussion_topics/11604493,PHY-212,linked_detail,linked_detail,00372-phy-212-linked-detail-topic-7-1-lecture-canceled,2026-07-08T23:07:44.944Z,2026-07-08T23:07:47.493Z,ok,,0
https://canvas.oregonstate.edu/courses/2053526/discussion_topics/11601297,https://canvas.oregonstate.edu/courses/2053526/discussion_topics/11601297,PHY-212,linked_detail,linked_detail,00373-phy-212-linked-detail-topic-please-email-your-lab-ta-to-confirm-your-meeting-time,2026-07-08T23:07:47.493Z,2026-07-08T23:07:51.245Z,ok,,0
https://canvas.oregonstate.edu/courses/2053526/discussion_topics/11597788,https://canvas.oregonstate.edu/courses/2053526/discussion_topics/11597788,PHY-212,linked_detail,linked_detail,00374-phy-212-linked-detail-topic-first-day-lecture-and-participation,2026-07-08T23:07:51.245Z,2026-07-08T23:07:53.794Z,ok,,0
https://canvas.oregonstate.edu/courses/2053526/discussion_topics/11563801,https://canvas.oregonstate.edu/courses/2053526/discussion_topics/11563801,PHY-212,linked_detail,linked_detail,00375-phy-212-linked-detail-topic-welcome,2026-07-08T23:07:53.795Z,2026-07-08T23:07:56.199Z,ok,,0
https://canvas.oregonstate.edu/courses/2053526/assignments/10557008,https://canvas.oregonstate.edu/courses/2053526/quizzes/3160514,PHY-212,linked_detail,linked_detail,00376-phy-212-linked-detail-m1-1pre-general-physics-with-calculus-ph-212-400-u2026,2026-07-08T23:07:56.406Z,2026-07-08T23:07:59.548Z,ok,,4
https://canvas.oregonstate.edu/courses/2053526/assignments/10590694,https://canvas.oregonstate.edu/courses/2053526/quizzes/3169000,PHY-212,linked_detail,linked_detail,00377-phy-212-linked-detail-m1-0asy-general-physics-with-calculus-ph-212-400-u2026,2026-07-08T23:07:59.548Z,2026-07-08T23:08:02.549Z,ok,,5
https://canvas.oregonstate.edu/courses/2053526/assignments/10556960,https://canvas.oregonstate.edu/courses/2053526/quizzes/3160464,PHY-212,linked_detail,linked_detail,00378-phy-212-linked-detail-m1-2pre-general-physics-with-calculus-ph-212-400-u2026,2026-07-08T23:08:02.549Z,2026-07-08T23:08:05.650Z,ok,,4
https://canvas.oregonstate.edu/courses/2053526/assignments/10590695,https://canvas.oregonstate.edu/courses/2053526/quizzes/3169001,PHY-212,linked_detail,linked_detail,00379-phy-212-linked-detail-m1-00asy-general-physics-with-calculus-ph-212-400-u2026,2026-07-08T23:08:05.650Z,2026-07-08T23:08:08.847Z,ok,,8
https://canvas.oregonstate.edu/courses/2053526/assignments/10557032,https://canvas.oregonstate.edu/courses/2053526/discussion_topics/11563802,PHY-212,linked_detail,linked_detail,00380-phy-212-linked-detail-topic-course-introductions,2026-07-08T23:08:08.847Z,2026-07-08T23:08:11.846Z,ok,,0
https://canvas.oregonstate.edu/courses/2053526/assignments/10557036,,PHY-212,linked_detail,linked_detail,,2026-07-08T23:08:12.065Z,2026-07-08T23:08:36.391Z,error,Error: Timed out waiting for tab 1798179541 to navigate to https://canvas.oregonstate.edu/courses/2053526/assignments/10557036.,0
https://canvas.oregonstate.edu/courses/2053526/assignments/10556950,https://canvas.oregonstate.edu/courses/2053526/quizzes/3160454,PHY-212,linked_detail,linked_detail,00381-phy-212-linked-detail-m1-1asy-general-physics-with-calculus-ph-212-400-u2026,2026-07-08T23:08:36.391Z,2026-07-08T23:08:39.596Z,ok,,7
https://canvas.oregonstate.edu/courses/2053526/assignments/10556986,https://canvas.oregonstate.edu/courses/2053526/quizzes/3160491,PHY-212,linked_detail,linked_detail,00382-phy-212-linked-detail-m1-2asy-general-physics-with-calculus-ph-212-400-u2026,2026-07-08T23:08:39.596Z,2026-07-08T23:08:42.995Z,ok,,9
https://canvas.oregonstate.edu/courses/2053526/assignments/10557057,https://canvas.oregonstate.edu/courses/2053526/assignments/10557057,PHY-212,linked_detail,linked_detail,00383-phy-212-linked-detail-lab-1-report,2026-07-08T23:08:42.995Z,2026-07-08T23:08:46.095Z,ok,,0
https://canvas.oregonstate.edu/courses/2053526/assignments/10557029,https://canvas.oregonstate.edu/courses/2053526/quizzes/3160536,PHY-212,linked_detail,linked_detail,00384-phy-212-linked-detail-lab-partner-values-survey-general-physics-with-calculus-ph-212-400-u2026,2026-07-08T23:08:46.095Z,2026-07-08T23:08:50.045Z,ok,,1
https://canvas.oregonstate.edu/courses/2053526/assignments/10556984,https://canvas.oregonstate.edu/courses/2053526/quizzes/3160489,PHY-212,linked_detail,linked_detail,00385-phy-212-linked-detail-hw-1-rotational-motion-general-physics-with-calculus-ph-212-400-u2026,2026-07-08T23:08:50.261Z,2026-07-08T23:08:54.050Z,ok,,19
https://canvas.oregonstate.edu/courses/2053526/assignments/10556970,https://canvas.oregonstate.edu/courses/2053526/quizzes/3160475,PHY-212,linked_detail,linked_detail,00386-phy-212-linked-detail-m1-3pre-general-physics-with-calculus-ph-212-400-u2026,2026-07-08T23:08:54.050Z,2026-07-08T23:08:57.295Z,ok,,2
https://canvas.oregonstate.edu/courses/2053526/assignments/10557001,https://canvas.oregonstate.edu/courses/2053526/quizzes/3160506,PHY-212,linked_detail,linked_detail,00387-phy-212-linked-detail-proctorio-practice-quiz-remotely-proctored-general-physics-with-calculus-ph-212-400-u2026,2026-07-08T23:08:57.295Z,2026-07-08T23:09:00.396Z,ok,,0
https://canvas.oregonstate.edu/courses/2053526/assignments/10556995,https://canvas.oregonstate.edu/courses/2053526/quizzes/3160500,PHY-212,linked_detail,linked_detail,00388-phy-212-linked-detail-m1-4pre-general-physics-with-calculus-ph-212-400-u2026,2026-07-08T23:09:00.396Z,2026-07-08T23:09:04.194Z,ok,,2
https://canvas.oregonstate.edu/courses/2053526/assignments/10556971,https://canvas.oregonstate.edu/courses/2053526/quizzes/3160476,PHY-212,linked_detail,linked_detail,00389-phy-212-linked-detail-m1-5pre-general-physics-with-calculus-ph-212-400-u2026,2026-07-08T23:09:04.194Z,2026-07-08T23:09:07.396Z,ok,,2
https://canvas.oregonstate.edu/courses/2053526/assignments/10557003,https://canvas.oregonstate.edu/courses/2053526/quizzes/3160508,PHY-212,linked_detail,linked_detail,00390-phy-212-linked-detail-m1-3asy-general-physics-with-calculus-ph-212-400-u2026,2026-07-08T23:09:07.608Z,2026-07-08T23:09:10.595Z,ok,,9
https://canvas.oregonstate.edu/courses/2053526/assignments/10557038,https://canvas.oregonstate.edu/groups/733396/discussion_topics/11579976,PHY-212,linked_detail,linked_detail,00391-phy-212-linked-detail-topic-lab-2-discussion-lab-group-22,2026-07-08T23:09:10.595Z,2026-07-08T23:09:14.668Z,ok,,0
https://canvas.oregonstate.edu/courses/2053526/assignments/10557070,https://canvas.oregonstate.edu/courses/2053526/assignments/10557070,PHY-212,linked_detail,linked_detail,00392-phy-212-linked-detail-m2-1pre,2026-07-08T23:09:14.668Z,2026-07-08T23:09:17.394Z,ok,,0
https://canvas.oregonstate.edu/courses/2053526/assignments/10556953,https://canvas.oregonstate.edu/courses/2053526/quizzes/3160457,PHY-212,linked_detail,linked_detail,00393-phy-212-linked-detail-m1-4asy-general-physics-with-calculus-ph-212-400-u2026,2026-07-08T23:09:17.394Z,2026-07-08T23:09:21.097Z,ok,,10
https://canvas.oregonstate.edu/courses/2053526/assignments/10556940,https://canvas.oregonstate.edu/courses/2053526/quizzes/3160444,PHY-212,linked_detail,linked_detail,00394-phy-212-linked-detail-hw-2-rotational-dynamics-general-physics-with-calculus-ph-212-400-u2026,2026-07-08T23:09:21.097Z,2026-07-08T23:09:24.815Z,ok,,15
https://canvas.oregonstate.edu/courses/2053526/assignments/10557021,https://canvas.oregonstate.edu/courses/2053526/quizzes/3160528,PHY-212,linked_detail,linked_detail,00395-phy-212-linked-detail-m1-5asy-general-physics-with-calculus-ph-212-400-u2026,2026-07-08T23:09:25.045Z,2026-07-08T23:09:28.796Z,ok,,10
https://canvas.oregonstate.edu/courses/2053526/assignments/10557097,https://canvas.oregonstate.edu/courses/2053526/assignments/10557097,PHY-212,linked_detail,linked_detail,00396-phy-212-linked-detail-quiz-1-notes,2026-07-08T23:09:28.796Z,2026-07-08T23:09:32.146Z,ok,,0
https://canvas.oregonstate.edu/courses/2053526/assignments/10557058,https://canvas.oregonstate.edu/courses/2053526/assignments/10557058,PHY-212,linked_detail,linked_detail,00397-phy-212-linked-detail-lab-2-group-report,2026-07-08T23:09:32.146Z,2026-07-08T23:09:35.147Z,ok,,0
https://canvas.oregonstate.edu/courses/2053526/assignments/10556974,https://canvas.oregonstate.edu/courses/2053526/quizzes/3160479,PHY-212,linked_detail,linked_detail,00398-phy-212-linked-detail-lab-collaboration-contract-general-physics-with-calculus-ph-212-400-u2026,2026-07-08T23:09:35.147Z,2026-07-08T23:09:38.501Z,ok,,0
https://canvas.oregonstate.edu/courses/2053526/assignments/10557098,https://canvas.oregonstate.edu/courses/2053526/assignments/10557098,PHY-212,linked_detail,linked_detail,00399-phy-212-linked-detail-quiz-1a,2026-07-08T23:09:38.501Z,2026-07-08T23:09:41.148Z,ok,,0
https://canvas.oregonstate.edu/courses/2053526/assignments/10557101,https://canvas.oregonstate.edu/courses/2053526/assignments/10557101,PHY-212,linked_detail,linked_detail,00400-phy-212-linked-detail-quiz-1b,2026-07-08T23:09:48.900Z,2026-07-08T23:09:52.298Z,ok,,0
https://canvas.oregonstate.edu/courses/2053526/assignments/10556949,https://canvas.oregonstate.edu/courses/2053526/quizzes/3160453,PHY-212,linked_detail,linked_detail,00401-phy-212-linked-detail-quiz-1a-asy-remotely-proctored-general-physics-with-calculus-ph-212-400-u2026,2026-07-08T23:09:52.298Z,2026-07-08T23:09:55.344Z,ok,,1
https://canvas.oregonstate.edu/courses/2053526/assignments/10556989,https://canvas.oregonstate.edu/courses/2053526/quizzes/3160494,PHY-212,linked_detail,linked_detail,00402-phy-212-linked-detail-quiz-1b-asy-remotely-proctored-general-physics-with-calculus-ph-212-400-u2026,2026-07-08T23:09:55.344Z,2026-07-08T23:09:58.598Z,ok,,1
https://canvas.oregonstate.edu/courses/2053526/assignments/10557100,https://canvas.oregonstate.edu/courses/2053526/assignments/10557100,PHY-212,linked_detail,linked_detail,00403-phy-212-linked-detail-quiz-1a-asy-work,2026-07-08T23:09:58.598Z,2026-07-08T23:10:01.298Z,ok,,0
https://canvas.oregonstate.edu/courses/2053526/assignments/10557103,https://canvas.oregonstate.edu/courses/2053526/assignments/10557103,PHY-212,linked_detail,linked_detail,00404-phy-212-linked-detail-quiz-1b-asy-work,2026-07-08T23:10:01.298Z,2026-07-08T23:10:03.947Z,ok,,0
https://canvas.oregonstate.edu/courses/2053526/assignments/10557099,https://canvas.oregonstate.edu/courses/2053526/assignments/10557099,PHY-212,linked_detail,linked_detail,00405-phy-212-linked-detail-quiz-1a-6pm,2026-07-08T23:10:04.178Z,2026-07-08T23:10:06.713Z,ok,,0
https://canvas.oregonstate.edu/courses/2053526/assignments/10557102,https://canvas.oregonstate.edu/courses/2053526/assignments/10557102,PHY-212,linked_detail,linked_detail,00406-phy-212-linked-detail-quiz-1b-6pm,2026-07-08T23:10:06.713Z,2026-07-08T23:10:09.553Z,ok,,0
https://canvas.oregonstate.edu/courses/2053526/assignments/10556967,https://canvas.oregonstate.edu/courses/2053526/quizzes/3160472,PHY-212,linked_detail,linked_detail,00407-phy-212-linked-detail-m2-2pre-general-physics-with-calculus-ph-212-400-u2026,2026-07-08T23:10:09.553Z,2026-07-08T23:10:12.446Z,ok,,1
https://canvas.oregonstate.edu/courses/2053526/assignments/10556938,https://canvas.oregonstate.edu/courses/2053526/quizzes/3160442,PHY-212,linked_detail,linked_detail,00408-phy-212-linked-detail-m2-3pre-general-physics-with-calculus-ph-212-400-u2026,2026-07-08T23:10:12.446Z,2026-07-08T23:10:15.548Z,ok,,1
https://canvas.oregonstate.edu/courses/2053526/assignments/10557037,https://canvas.oregonstate.edu/groups/733396/discussion_topics/11579981,PHY-212,linked_detail,linked_detail,00409-phy-212-linked-detail-topic-lab-3-discussion-lab-group-22,2026-07-08T23:10:15.548Z,2026-07-08T23:10:19.144Z,ok,,0
https://canvas.oregonstate.edu/courses/2053526/assignments/10556951,https://canvas.oregonstate.edu/courses/2053526/quizzes/3160455,PHY-212,linked_detail,linked_detail,00410-phy-212-linked-detail-m2-4pre-general-physics-with-calculus-ph-212-400-u2026,2026-07-08T23:10:19.395Z,2026-07-08T23:10:22.658Z,ok,,1
https://canvas.oregonstate.edu/courses/2053526/assignments/10556947,https://canvas.oregonstate.edu/courses/2053526/quizzes/3160451,PHY-212,linked_detail,linked_detail,00411-phy-212-linked-detail-m2-1asy-general-physics-with-calculus-ph-212-400-u2026,2026-07-08T23:10:22.658Z,2026-07-08T23:10:25.544Z,ok,,1
https://canvas.oregonstate.edu/courses/2053526/assignments/10557020,https://canvas.oregonstate.edu/courses/2053526/quizzes/3160527,PHY-212,linked_detail,linked_detail,00412-phy-212-linked-detail-m2-2asy-general-physics-with-calculus-ph-212-400-u2026,2026-07-08T23:10:25.544Z,2026-07-08T23:10:28.597Z,ok,,1
https://canvas.oregonstate.edu/courses/2053526/assignments/10557059,https://canvas.oregonstate.edu/courses/2053526/assignments/10557059,PHY-212,linked_detail,linked_detail,00413-phy-212-linked-detail-lab-3-group-report,2026-07-08T23:10:28.597Z,2026-07-08T23:10:31.296Z,ok,,0
https://canvas.oregonstate.edu/courses/2053526/assignments/10586342,https://canvas.oregonstate.edu/courses/2053526/quizzes/3160510,PHY-212,linked_detail,linked_detail,00414-phy-212-linked-detail-lab-group-check-in-survey-lab-3-general-physics-with-calculus-ph-212-400-u2026,2026-07-08T23:10:31.296Z,2026-07-08T23:10:34.447Z,ok,,0
https://canvas.oregonstate.edu/courses/2053526/assignments/10556958,https://canvas.oregonstate.edu/courses/2053526/quizzes/3160462,PHY-212,linked_detail,linked_detail,00415-phy-212-linked-detail-hw-3-center-of-mass-moment-of-inertia-general-physics-with-calculus-ph-212-400-u2026,2026-07-08T23:10:34.673Z,2026-07-08T23:10:37.599Z,ok,,1
https://canvas.oregonstate.edu/courses/2053526/assignments/10556975,https://canvas.oregonstate.edu/courses/2053526/quizzes/3160480,PHY-212,linked_detail,linked_detail,00416-phy-212-linked-detail-hw-4-rotational-dynamics-general-physics-with-calculus-ph-212-400-u2026,2026-07-08T23:10:37.599Z,2026-07-08T23:10:40.596Z,ok,,0
https://canvas.oregonstate.edu/courses/2053526/assignments/10557041,https://canvas.oregonstate.edu/groups/733396/discussion_topics/11579969,PHY-212,linked_detail,linked_detail,00417-phy-212-linked-detail-topic-lab-4-discussion-lab-group-22,2026-07-08T23:10:40.596Z,2026-07-08T23:10:44.303Z,ok,,0
https://canvas.oregonstate.edu/courses/2053526/assignments/10556994,https://canvas.oregonstate.edu/courses/2053526/quizzes/3160499,PHY-212,linked_detail,linked_detail,00418-phy-212-linked-detail-hw-5-gravity-general-physics-with-calculus-ph-212-400-u2026,2026-07-08T23:10:44.303Z,2026-07-08T23:10:47.194Z,ok,,0
https://canvas.oregonstate.edu/courses/2053526/assignments/10557105,https://canvas.oregonstate.edu/courses/2053526/assignments/10557105,PHY-212,linked_detail,linked_detail,00419-phy-212-linked-detail-quiz-2-notes,2026-07-08T23:10:47.194Z,2026-07-08T23:10:49.794Z,ok,,0
https://canvas.oregonstate.edu/courses/2053526/assignments/10557060,https://canvas.oregonstate.edu/courses/2053526/assignments/10557060,PHY-212,linked_detail,linked_detail,00420-phy-212-linked-detail-lab-4-group-report,2026-07-08T23:10:50.019Z,2026-07-08T23:10:52.543Z,ok,,0
https://canvas.oregonstate.edu/courses/2053526/assignments/10557106,https://canvas.oregonstate.edu/courses/2053526/assignments/10557106,PHY-212,linked_detail,linked_detail,00421-phy-212-linked-detail-quiz-2a,2026-07-08T23:10:52.543Z,2026-07-08T23:10:54.903Z,ok,,0
https://canvas.oregonstate.edu/courses/2053526/assignments/10557109,https://canvas.oregonstate.edu/courses/2053526/assignments/10557109,PHY-212,linked_detail,linked_detail,00422-phy-212-linked-detail-quiz-2b,2026-07-08T23:10:54.903Z,2026-07-08T23:10:57.264Z,ok,,0
https://canvas.oregonstate.edu/courses/2053526/assignments/10557028,https://canvas.oregonstate.edu/courses/2053526/quizzes/3160535,PHY-212,linked_detail,linked_detail,00423-phy-212-linked-detail-quiz-2a-asy-remotely-proctored-general-physics-with-calculus-ph-212-400-u2026,2026-07-08T23:10:57.264Z,2026-07-08T23:11:00.248Z,ok,,0
https://canvas.oregonstate.edu/courses/2053526/assignments/10556998,https://canvas.oregonstate.edu/courses/2053526/quizzes/3160503,PHY-212,linked_detail,linked_detail,00424-phy-212-linked-detail-quiz-2b-asy-remotely-proctored-general-physics-with-calculus-ph-212-400-u2026,2026-07-08T23:11:00.248Z,2026-07-08T23:11:03.347Z,ok,,0
https://canvas.oregonstate.edu/courses/2053526/assignments/10557108,https://canvas.oregonstate.edu/courses/2053526/assignments/10557108,PHY-212,linked_detail,linked_detail,00425-phy-212-linked-detail-quiz-2a-asy-work,2026-07-08T23:11:03.572Z,2026-07-08T23:11:06.094Z,ok,,0
https://canvas.oregonstate.edu/courses/2053526/assignments/10557111,https://canvas.oregonstate.edu/courses/2053526/assignments/10557111,PHY-212,linked_detail,linked_detail,00426-phy-212-linked-detail-quiz-2b-asy-work,2026-07-08T23:11:06.094Z,2026-07-08T23:11:08.695Z,ok,,0
https://canvas.oregonstate.edu/courses/2053526/assignments/10557107,https://canvas.oregonstate.edu/courses/2053526/assignments/10557107,PHY-212,linked_detail,linked_detail,00427-phy-212-linked-detail-quiz-2a-6pm,2026-07-08T23:11:08.695Z,2026-07-08T23:11:11.394Z,ok,,0
https://canvas.oregonstate.edu/courses/2053526/assignments/10557110,https://canvas.oregonstate.edu/courses/2053526/assignments/10557110,PHY-212,linked_detail,linked_detail,00428-phy-212-linked-detail-quiz-2b-6pm,2026-07-08T23:11:11.394Z,2026-07-08T23:11:13.994Z,ok,,0
https://canvas.oregonstate.edu/courses/2053526/assignments/10557039,https://canvas.oregonstate.edu/groups/733396/discussion_topics/11580054,PHY-212,linked_detail,linked_detail,00429-phy-212-linked-detail-topic-lab-5-discussion-lab-group-22,2026-07-08T23:11:13.994Z,2026-07-08T23:11:17.294Z,ok,,0
https://canvas.oregonstate.edu/courses/2053526/assignments/10557007,https://canvas.oregonstate.edu/courses/2053526/quizzes/3160513,PHY-212,linked_detail,linked_detail,00430-phy-212-linked-detail-hw-6-oscillations-general-physics-with-calculus-ph-212-400-u2026,2026-07-08T23:11:17.531Z,2026-07-08T23:11:20.596Z,ok,,0
https://canvas.oregonstate.edu/courses/2053526/assignments/10557061,https://canvas.oregonstate.edu/courses/2053526/assignments/10557061,PHY-212,linked_detail,linked_detail,00431-phy-212-linked-detail-lab-5-group-report,2026-07-08T23:11:20.596Z,2026-07-08T23:11:23.194Z,ok,,0
https://canvas.oregonstate.edu/courses/2053526/assignments/10586343,https://canvas.oregonstate.edu/courses/2053526/quizzes/3160466,PHY-212,linked_detail,linked_detail,00432-phy-212-linked-detail-lab-group-check-in-survey-lab-5-general-physics-with-calculus-ph-212-400-u2026,2026-07-08T23:11:23.194Z,2026-07-08T23:11:26.246Z,ok,,0
https://canvas.oregonstate.edu/courses/2053526/assignments/10556973,https://canvas.oregonstate.edu/courses/2053526/quizzes/3160478,PHY-212,linked_detail,linked_detail,00433-phy-212-linked-detail-hw-7-waves-general-physics-with-calculus-ph-212-400-u2026,2026-07-08T23:11:26.246Z,2026-07-08T23:11:29.450Z,ok,,0
https://canvas.oregonstate.edu/courses/2053526/assignments/10557035,https://canvas.oregonstate.edu/groups/733396/discussion_topics/11579965,PHY-212,linked_detail,linked_detail,00434-phy-212-linked-detail-topic-capstone-lab-week-1-discussion-lab-group-22,2026-07-08T23:11:29.450Z,2026-07-08T23:11:32.800Z,ok,,0
https://canvas.oregonstate.edu/courses/2053526/assignments/10557005,https://canvas.oregonstate.edu/courses/2053526/quizzes/3160511,PHY-212,linked_detail,linked_detail,00435-phy-212-linked-detail-hw-8-superposition-general-physics-with-calculus-ph-212-400-u2026,2026-07-08T23:11:39.248Z,2026-07-08T23:11:42.848Z,ok,,0
https://canvas.oregonstate.edu/courses/2053526/assignments/10557113,https://canvas.oregonstate.edu/courses/2053526/assignments/10557113,PHY-212,linked_detail,linked_detail,00436-phy-212-linked-detail-quiz-3-notes,2026-07-08T23:11:42.848Z,2026-07-08T23:11:45.343Z,ok,,0
https://canvas.oregonstate.edu/courses/2053526/assignments/10557047,https://canvas.oregonstate.edu/courses/2053526/assignments/10557047,PHY-212,linked_detail,linked_detail,00437-phy-212-linked-detail-capstone-lab-week-1-group-report,2026-07-08T23:11:45.343Z,2026-07-08T23:11:47.844Z,ok,,0
https://canvas.oregonstate.edu/courses/2053526/discussion_topics/11563812,https://canvas.oregonstate.edu/courses/2053526/discussion_topics/11563812,PHY-212,linked_detail,linked_detail,00438-phy-212-linked-detail-topic-project-optional-step-find-group-members,2026-07-08T23:11:47.844Z,2026-07-08T23:11:50.645Z,ok,,1
https://canvas.oregonstate.edu/courses/2053526/assignments/10557114,https://canvas.oregonstate.edu/courses/2053526/assignments/10557114,PHY-212,linked_detail,linked_detail,00439-phy-212-linked-detail-quiz-3a,2026-07-08T23:11:50.645Z,2026-07-08T23:11:53.494Z,ok,,0
https://canvas.oregonstate.edu/courses/2053526/assignments/10557117,https://canvas.oregonstate.edu/courses/2053526/assignments/10557117,PHY-212,linked_detail,linked_detail,00440-phy-212-linked-detail-quiz-3b,2026-07-08T23:11:53.748Z,2026-07-08T23:11:56.396Z,ok,,0
https://canvas.oregonstate.edu/courses/2053526/assignments/10557014,https://canvas.oregonstate.edu/courses/2053526/quizzes/3160520,PHY-212,linked_detail,linked_detail,00441-phy-212-linked-detail-quiz-3a-asy-remotely-proctored-general-physics-with-calculus-ph-212-400-u2026,2026-07-08T23:11:56.396Z,2026-07-08T23:11:59.299Z,ok,,0
https://canvas.oregonstate.edu/courses/2053526/assignments/10557012,https://canvas.oregonstate.edu/courses/2053526/quizzes/3160518,PHY-212,linked_detail,linked_detail,00442-phy-212-linked-detail-quiz-3b-asy-remotely-proctored-general-physics-with-calculus-ph-212-400-u2026,2026-07-08T23:11:59.299Z,2026-07-08T23:12:02.695Z,ok,,0
https://canvas.oregonstate.edu/courses/2053526/assignments/10557116,https://canvas.oregonstate.edu/courses/2053526/assignments/10557116,PHY-212,linked_detail,linked_detail,00443-phy-212-linked-detail-quiz-3a-asy-work,2026-07-08T23:12:02.695Z,2026-07-08T23:12:05.197Z,ok,,0
https://canvas.oregonstate.edu/courses/2053526/assignments/10557119,https://canvas.oregonstate.edu/courses/2053526/assignments/10557119,PHY-212,linked_detail,linked_detail,00444-phy-212-linked-detail-quiz-3b-asy-work,2026-07-08T23:12:05.197Z,2026-07-08T23:12:07.748Z,ok,,0
https://canvas.oregonstate.edu/courses/2053526/assignments/10557115,https://canvas.oregonstate.edu/courses/2053526/assignments/10557115,PHY-212,linked_detail,linked_detail,00445-phy-212-linked-detail-quiz-3a-6pm,2026-07-08T23:12:07.997Z,2026-07-08T23:12:10.643Z,ok,,0
https://canvas.oregonstate.edu/courses/2053526/assignments/10557118,https://canvas.oregonstate.edu/courses/2053526/assignments/10557118,PHY-212,linked_detail,linked_detail,00446-phy-212-linked-detail-quiz-3b-6pm,2026-07-08T23:12:10.643Z,2026-07-08T23:12:16.344Z,ok,,0
https://canvas.oregonstate.edu/courses/2053526/assignments/10557040,https://canvas.oregonstate.edu/groups/733396/discussion_topics/11579983,PHY-212,linked_detail,linked_detail,00447-phy-212-linked-detail-topic-lab-6-discussion-lab-group-22,2026-07-08T23:12:16.344Z,2026-07-08T23:12:20.002Z,ok,,0
https://canvas.oregonstate.edu/courses/2053526/assignments/10557062,https://canvas.oregonstate.edu/courses/2053526/assignments/10557062,PHY-212,linked_detail,linked_detail,00448-phy-212-linked-detail-lab-6-group-report,2026-07-08T23:12:20.002Z,2026-07-08T23:12:22.646Z,ok,,0
https://canvas.oregonstate.edu/courses/2053526/assignments/10556945,https://canvas.oregonstate.edu/courses/2053526/quizzes/3160449,PHY-212,linked_detail,linked_detail,00449-phy-212-linked-detail-hw-9-wave-optics-general-physics-with-calculus-ph-212-400-u2026,2026-07-08T23:12:22.646Z,2026-07-08T23:12:25.748Z,ok,,0
https://canvas.oregonstate.edu/courses/2053526/pages/project-%7C-reminder-submit-presentations-next-week,https://canvas.oregonstate.edu/courses/2053526/pages/project-%7C-reminder-submit-presentations-next-week,PHY-212,linked_detail,linked_detail,00450-phy-212-linked-detail-project-reminder-submit-presentations-next-week-general-physics-with-calculus-ph-212-400-u2026,2026-07-08T23:12:25.994Z,2026-07-08T23:12:28.600Z,ok,,1
https://canvas.oregonstate.edu/courses/2053526/assignments/10557056,https://canvas.oregonstate.edu/courses/2053526/assignments/10557056,PHY-212,linked_detail,linked_detail,00451-phy-212-linked-detail-final-notes,2026-07-08T23:12:28.600Z,2026-07-08T23:12:31.445Z,ok,,0
https://canvas.oregonstate.edu/courses/2053526/assignments/10557045,https://canvas.oregonstate.edu/groups/733396/discussion_topics/11579985,PHY-212,linked_detail,linked_detail,00452-phy-212-linked-detail-topic-capstone-lab-week-2-discussion-lab-group-22,2026-07-08T23:12:31.445Z,2026-07-08T23:12:34.745Z,ok,,0
https://canvas.oregonstate.edu/courses/2053526/assignments/10556999,https://canvas.oregonstate.edu/courses/2053526/quizzes/3160504,PHY-212,linked_detail,linked_detail,00453-phy-212-linked-detail-hw-10-ray-optics-general-physics-with-calculus-ph-212-400-u2026,2026-07-08T23:12:34.745Z,2026-07-08T23:12:37.501Z,ok,,0
https://canvas.oregonstate.edu/courses/2053526/assignments/10557050,https://canvas.oregonstate.edu/courses/2053526/assignments/10557050,PHY-212,linked_detail,linked_detail,00454-phy-212-linked-detail-final-a-asy-work,2026-07-08T23:12:37.501Z,2026-07-08T23:12:40.146Z,ok,,0
https://canvas.oregonstate.edu/courses/2053526/assignments/10557053,https://canvas.oregonstate.edu/courses/2053526/assignments/10557053,PHY-212,linked_detail,linked_detail,00455-phy-212-linked-detail-final-b-asy-work,2026-07-08T23:12:40.388Z,2026-07-08T23:12:43.004Z,ok,,0
https://canvas.oregonstate.edu/courses/2053526/assignments/10557046,https://canvas.oregonstate.edu/courses/2053526/assignments/10557046,PHY-212,linked_detail,linked_detail,00456-phy-212-linked-detail-capstone-lab-week-2-group-report,2026-07-08T23:12:43.004Z,2026-07-08T23:12:45.543Z,ok,,0
https://canvas.oregonstate.edu/courses/2053526/assignments/10557025,https://canvas.oregonstate.edu/courses/2053526/quizzes/3160532,PHY-212,linked_detail,linked_detail,00457-phy-212-linked-detail-ph-212e-lab-survey-general-physics-with-calculus-ph-212-400-u2026,2026-07-08T23:12:45.543Z,2026-07-08T23:12:49.445Z,ok,,0
https://canvas.oregonstate.edu/courses/2053526/assignments/10557122,https://canvas.oregonstate.edu/courses/2053526/assignments/10557122,PHY-212,linked_detail,linked_detail,00458-phy-212-linked-detail-quiz-4a,2026-07-08T23:12:49.445Z,2026-07-08T23:12:51.997Z,ok,,0
https://canvas.oregonstate.edu/courses/2053526/assignments/10557125,https://canvas.oregonstate.edu/courses/2053526/assignments/10557125,PHY-212,linked_detail,linked_detail,00459-phy-212-linked-detail-quiz-4b,2026-07-08T23:12:51.997Z,2026-07-08T23:12:54.344Z,ok,,0
https://canvas.oregonstate.edu/courses/2053526/assignments/10556977,https://canvas.oregonstate.edu/courses/2053526/quizzes/3160482,PHY-212,linked_detail,linked_detail,00460-phy-212-linked-detail-quiz-4a-asy-remotely-proctored-general-physics-with-calculus-ph-212-400-u2026,2026-07-08T23:12:54.563Z,2026-07-08T23:12:57.348Z,ok,,0
https://canvas.oregonstate.edu/courses/2053526/assignments/10556966,https://canvas.oregonstate.edu/courses/2053526/quizzes/3160471,PHY-212,linked_detail,linked_detail,00461-phy-212-linked-detail-quiz-4b-asy-remotely-proctored-general-physics-with-calculus-ph-212-400-u2026,2026-07-08T23:12:57.348Z,2026-07-08T23:13:00.194Z,ok,,0
https://canvas.oregonstate.edu/courses/2053526/assignments/10557124,https://canvas.oregonstate.edu/courses/2053526/assignments/10557124,PHY-212,linked_detail,linked_detail,00462-phy-212-linked-detail-quiz-4a-asy-work,2026-07-08T23:13:00.194Z,2026-07-08T23:13:02.603Z,ok,,0
https://canvas.oregonstate.edu/courses/2053526/assignments/10557127,https://canvas.oregonstate.edu/courses/2053526/assignments/10557127,PHY-212,linked_detail,linked_detail,00463-phy-212-linked-detail-quiz-4b-asy-work,2026-07-08T23:13:02.603Z,2026-07-08T23:13:05.196Z,ok,,0
https://canvas.oregonstate.edu/courses/2053526/assignments/10557123,https://canvas.oregonstate.edu/courses/2053526/assignments/10557123,PHY-212,linked_detail,linked_detail,00464-phy-212-linked-detail-quiz-4a-6pm,2026-07-08T23:13:05.196Z,2026-07-08T23:13:07.855Z,ok,,0
https://canvas.oregonstate.edu/courses/2053526/assignments/10557126,https://canvas.oregonstate.edu/courses/2053526/assignments/10557126,PHY-212,linked_detail,linked_detail,00465-phy-212-linked-detail-quiz-4b-6pm,2026-07-08T23:13:08.104Z,2026-07-08T23:13:10.997Z,ok,,0
https://canvas.oregonstate.edu/courses/2053526/assignments/10591118,https://canvas.oregonstate.edu/courses/2053526/assignments/10591118,PHY-212,linked_detail,linked_detail,00466-phy-212-linked-detail-m1-0,2026-07-08T23:13:10.997Z,2026-07-08T23:13:13.494Z,ok,,0
https://canvas.oregonstate.edu/courses/2053526/assignments/10592346,https://canvas.oregonstate.edu/courses/2053526/assignments/10592346,PHY-212,linked_detail,linked_detail,00467-phy-212-linked-detail-m1-00,2026-07-08T23:13:13.494Z,2026-07-08T23:13:16.193Z,ok,,0
https://canvas.oregonstate.edu/courses/2053526/assignments/10592982,https://canvas.oregonstate.edu/courses/2053526/assignments/10592982,PHY-212,linked_detail,linked_detail,00468-phy-212-linked-detail-m1-1,2026-07-08T23:13:16.194Z,2026-07-08T23:13:18.647Z,ok,,0
https://canvas.oregonstate.edu/courses/2053526/assignments/10593560,https://canvas.oregonstate.edu/courses/2053526/assignments/10593560,PHY-212,linked_detail,linked_detail,00469-phy-212-linked-detail-m1-2,2026-07-08T23:13:18.647Z,2026-07-08T23:13:21.003Z,ok,,0
https://canvas.oregonstate.edu/courses/2053526/assignments/10595057,https://canvas.oregonstate.edu/courses/2053526/assignments/10595057,PHY-212,linked_detail,linked_detail,00470-phy-212-linked-detail-m1-3,2026-07-08T23:13:27.656Z,2026-07-08T23:13:31.196Z,ok,,0
https://canvas.oregonstate.edu/courses/2053526/assignments/10595549,https://canvas.oregonstate.edu/courses/2053526/assignments/10595549,PHY-212,linked_detail,linked_detail,00471-phy-212-linked-detail-m1-4,2026-07-08T23:13:31.196Z,2026-07-08T23:13:33.745Z,ok,,0
https://canvas.oregonstate.edu/courses/2053526/assignments/10597145,https://canvas.oregonstate.edu/courses/2053526/assignments/10597145,PHY-212,linked_detail,linked_detail,00472-phy-212-linked-detail-m1-5,2026-07-08T23:13:33.745Z,2026-07-08T23:13:36.293Z,ok,,0
https://canvas.oregonstate.edu/courses/2053526/assignments/10598091,https://canvas.oregonstate.edu/courses/2053526/assignments/10598091,PHY-212,linked_detail,linked_detail,00473-phy-212-linked-detail-m2-1,2026-07-08T23:13:36.293Z,2026-07-08T23:13:40.045Z,ok,,0
https://canvas.oregonstate.edu/courses/2053526/assignments/10598691,https://canvas.oregonstate.edu/courses/2053526/assignments/10598691,PHY-212,linked_detail,linked_detail,00474-phy-212-linked-detail-m2-2,2026-07-08T23:13:40.045Z,2026-07-08T23:13:42.595Z,ok,,0
https://canvas.oregonstate.edu/courses/2053526/discussion_topics/11563815,https://canvas.oregonstate.edu/courses/2053526/discussion_topics/11563815,PHY-212,linked_detail,linked_detail,00475-phy-212-linked-detail-topic-general-discussion-faqs,2026-07-08T23:13:42.893Z,2026-07-08T23:13:45.798Z,ok,,0
https://canvas.oregonstate.edu/courses/2053526/discussion_topics/11563804,https://canvas.oregonstate.edu/groups/733396/discussion_topics/11579973,PHY-212,linked_detail,linked_detail,00476-phy-212-linked-detail-topic-lab-1-discussion-lab-group-22,2026-07-08T23:13:45.798Z,2026-07-08T23:13:49.197Z,ok,,1
https://canvas.oregonstate.edu/courses/2053526/discussion_topics/11563802,https://canvas.oregonstate.edu/courses/2053526/discussion_topics/11563802,PHY-212,linked_detail,linked_detail,00477-phy-212-linked-detail-topic-course-introductions,2026-07-08T23:13:49.197Z,2026-07-08T23:13:54.144Z,ok,,0
https://canvas.oregonstate.edu/courses/2053526/discussion_topics/11563808,https://canvas.oregonstate.edu/groups/733396/discussion_topics/11579983,PHY-212,linked_detail,linked_detail,00478-phy-212-linked-detail-topic-lab-6-discussion-lab-group-22,2026-07-08T23:13:54.144Z,2026-07-08T23:14:03.647Z,ok,,0
https://canvas.oregonstate.edu/courses/2053526/discussion_topics/11563814,https://canvas.oregonstate.edu/groups/733396/discussion_topics/11579985,PHY-212,linked_detail,linked_detail,00479-phy-212-linked-detail-topic-capstone-lab-week-2-discussion-lab-group-22,2026-07-08T23:14:03.647Z,2026-07-08T23:14:06.957Z,ok,,0
https://canvas.oregonstate.edu/courses/2053526/discussion_topics/11563803,https://canvas.oregonstate.edu/groups/733396/discussion_topics/11579965,PHY-212,linked_detail,linked_detail,00480-phy-212-linked-detail-topic-capstone-lab-week-1-discussion-lab-group-22,2026-07-08T23:14:07.196Z,2026-07-08T23:14:10.194Z,ok,,0
https://canvas.oregonstate.edu/courses/2053526/discussion_topics/11563807,https://canvas.oregonstate.edu/groups/733396/discussion_topics/11580054,PHY-212,linked_detail,linked_detail,00481-phy-212-linked-detail-topic-lab-5-discussion-lab-group-22,2026-07-08T23:14:10.194Z,2026-07-08T23:14:12.996Z,ok,,0
https://canvas.oregonstate.edu/courses/2053526/discussion_topics/11563809,https://canvas.oregonstate.edu/groups/733396/discussion_topics/11579969,PHY-212,linked_detail,linked_detail,00482-phy-212-linked-detail-topic-lab-4-discussion-lab-group-22,2026-07-08T23:14:12.996Z,2026-07-08T23:14:16.495Z,ok,,0
https://canvas.oregonstate.edu/courses/2053526/discussion_topics/11563805,https://canvas.oregonstate.edu/groups/733396/discussion_topics/11579981,PHY-212,linked_detail,linked_detail,00483-phy-212-linked-detail-topic-lab-3-discussion-lab-group-22,2026-07-08T23:14:16.495Z,2026-07-08T23:14:19.445Z,ok,,1
https://canvas.oregonstate.edu/courses/2053526/discussion_topics/11563806,https://canvas.oregonstate.edu/groups/733396/discussion_topics/11579976,PHY-212,linked_detail,linked_detail,00484-phy-212-linked-detail-topic-lab-2-discussion-lab-group-22,2026-07-08T23:14:19.445Z,2026-07-08T23:14:23.260Z,ok,,0
https://canvas.oregonstate.edu/courses/2080857/files/119223581?module_item_id=26982502#,https://canvas.oregonstate.edu/courses/2080857/files/119223581?module_item_id=26982502#,MTH-252,linked_detail,linked_detail,00485-mth-252-linked-detail-whw1-key-pdf-integral-calculus-mth-252z-400-u2026,2026-07-08T23:14:23.535Z,2026-07-08T23:14:26.096Z,ok,,0
https://canvas.oregonstate.edu/courses/2080857/files/119353385?wrap=1,https://canvas.oregonstate.edu/courses/2080857/files/119353385?wrap=1,MTH-252,linked_detail,linked_detail,00486-mth-252-linked-detail-mth-252z-400-syllabus-u26-gilliam-1-pdf-integral-calculus-mth-252z-400-u2026,2026-07-08T23:14:26.096Z,2026-07-08T23:14:28.650Z,ok,,0
https://canvas.oregonstate.edu/courses/2080857/pages/syllabus-and-calendar-as-of-7-slash-05-%3E-both-sections-400-and-401?module_item_id=26982522#,https://canvas.oregonstate.edu/courses/2080857/pages/syllabus-and-calendar-as-of-7-slash-05-%3E-both-sections-400-and-401?module_item_id=26982522#,MTH-252,linked_detail,linked_detail,00487-mth-252-linked-detail-syllabus-and-calendar-as-of-7-05-both-sections-400-and-401-integral-calculus-mth-252z-400-u2026,2026-07-08T23:14:28.650Z,2026-07-08T23:14:31.803Z,ok,,0
https://canvas.oregonstate.edu/courses/2080857/files/119353386?wrap=1,https://canvas.oregonstate.edu/courses/2080857/files/119353386?wrap=1,MTH-252,linked_detail,linked_detail,00488-mth-252-linked-detail-mth-252z-401-syllabus-u26-gilliam-1-pdf-integral-calculus-mth-252z-400-u2026,2026-07-08T23:14:31.803Z,2026-07-08T23:14:34.147Z,ok,,0
https://canvas.oregonstate.edu/courses/2080857/files/119246095?wrap=1,https://canvas.oregonstate.edu/courses/2080857/files/119246095?wrap=1,MTH-252,linked_detail,linked_detail,00489-mth-252-linked-detail-mth-252-online-course-calendar-pdf-integral-calculus-mth-252z-400-u2026,2026-07-08T23:14:34.147Z,2026-07-08T23:14:36.750Z,ok,,0
https://canvas.oregonstate.edu/courses/2080857/files/119223565?module_item_id=26982524#,https://canvas.oregonstate.edu/courses/2080857/files/119223565?module_item_id=26982524#,MTH-252,linked_detail,linked_detail,00490-mth-252-linked-detail-achieve-registration-process-v3-pdf-integral-calculus-mth-252z-400-u2026,2026-07-08T23:14:37.027Z,2026-07-08T23:14:39.449Z,ok,,0
https://canvas.oregonstate.edu/courses/2080857/modules/items/26982526,https://canvas.oregonstate.edu/courses/2080857/modules/items/26982526,MTH-252,linked_detail,linked_detail,00491-mth-252-linked-detail-openstax-course-online-textbook-pdf-downloadable,2026-07-08T23:14:39.449Z,2026-07-08T23:14:41.699Z,ok,,0
https://canvas.oregonstate.edu/courses/2080857/modules/items/26982535,https://canvas.oregonstate.edu/courses/2080857/modules/items/26982535,MTH-252,linked_detail,linked_detail,00492-mth-252-linked-detail-website-mslc-peer-tutoring,2026-07-08T23:14:41.699Z,2026-07-08T23:14:44.093Z,ok,,0
https://canvas.oregonstate.edu/courses/2080857/files/119223484?module_item_id=26982536#,https://canvas.oregonstate.edu/courses/2080857/files/119223484?module_item_id=26982536#,MTH-252,linked_detail,linked_detail,00493-mth-252-linked-detail-mlc-hours-pdf-integral-calculus-mth-252z-400-u2026,2026-07-08T23:14:44.093Z,2026-07-08T23:14:46.399Z,ok,,0
https://canvas.oregonstate.edu/courses/2080857/modules/items/26982538,https://canvas.oregonstate.edu/courses/2080857/modules/items/26982538,MTH-252,linked_detail,linked_detail,00494-mth-252-linked-detail-camscanner-making-one-pdf-with-multiple-pages,2026-07-08T23:14:46.399Z,2026-07-08T23:14:48.904Z,ok,,0
https://canvas.oregonstate.edu/courses/2080857/pages/front-page,https://canvas.oregonstate.edu/courses/2080857/pages/front-page,MTH-252,linked_detail,linked_detail,00495-mth-252-linked-detail-front-page-integral-calculus-mth-252z-400-u2026,2026-07-08T23:14:49.150Z,2026-07-08T23:14:51.844Z,ok,,0
https://canvas.oregonstate.edu/courses/2080857/files/119223553?module_item_id=26982546#,https://canvas.oregonstate.edu/courses/2080857/files/119223553?module_item_id=26982546#,MTH-252,linked_detail,linked_detail,00496-mth-252-linked-detail-252-lecture-1-1-to-me1-pdf-integral-calculus-mth-252z-400-u2026,2026-07-08T23:14:51.844Z,2026-07-08T23:14:54.359Z,ok,,0
https://canvas.oregonstate.edu/courses/2080857/quizzes/3167659/take?user_id=6660414,https://canvas.oregonstate.edu/courses/2080857/quizzes/3167659/take?user_id=6660414,MTH-252,linked_detail,linked_detail,00497-mth-252-linked-detail-pre-class-reading-quiz-1-1-rq-1-1-integral-calculus-mth-252z-400-u2026,2026-07-08T23:14:54.359Z,2026-07-08T23:14:57.197Z,ok,,0
https://canvas.oregonstate.edu/courses/2080857/assignments/10586053?module_item_id=26982549#,https://canvas.oregonstate.edu/courses/2080857/assignments/10586053?module_item_id=26982549#,MTH-252,linked_detail,linked_detail,00498-mth-252-linked-detail-module-1-written-homework-whw-1-2-hours,2026-07-08T23:14:57.197Z,2026-07-08T23:15:00.446Z,ok,,0
https://canvas.oregonstate.edu/courses/2080857/assignments/10586044?module_item_id=26982550#,https://canvas.oregonstate.edu/courses/2080857/assignments/10586044?module_item_id=26982550#,MTH-252,linked_detail,linked_detail,00499-mth-252-linked-detail-intro-reflect-1,2026-07-08T23:15:00.446Z,2026-07-08T23:15:03.050Z,ok,,0
https://canvas.oregonstate.edu/courses/2080857/assignments/10586025?module_item_id=26982551#,https://canvas.oregonstate.edu/courses/2080857/assignments/10586025?module_item_id=26982551#,MTH-252,linked_detail,linked_detail,00500-mth-252-linked-detail-achieve-1-1-approximating-areas,2026-07-08T23:15:03.300Z,2026-07-08T23:15:06.146Z,ok,,0
https://canvas.oregonstate.edu/courses/2080857/files/119223553?module_item_id=26982555#,https://canvas.oregonstate.edu/courses/2080857/files/119223553?module_item_id=26982555#,MTH-252,linked_detail,linked_detail,00501-mth-252-linked-detail-252-lecture-1-1-to-me1-pdf-integral-calculus-mth-252z-400-u2026,2026-07-08T23:15:06.146Z,2026-07-08T23:15:08.915Z,ok,,0
https://canvas.oregonstate.edu/courses/2080857/assignments/10586055?module_item_id=26982558#,https://canvas.oregonstate.edu/courses/2080857/assignments/10586055?module_item_id=26982558#,MTH-252,linked_detail,linked_detail,00502-mth-252-linked-detail-module-2-written-homework-whw-2-3-hours,2026-07-08T23:15:08.915Z,2026-07-08T23:15:11.796Z,ok,,0
https://canvas.oregonstate.edu/courses/2080857/assignments/10586063?module_item_id=26982559#,https://canvas.oregonstate.edu/courses/2080857/assignments/10586063?module_item_id=26982559#,MTH-252,linked_detail,linked_detail,00503-mth-252-linked-detail-reflection-2,2026-07-08T23:15:11.796Z,2026-07-08T23:15:14.895Z,ok,,0
https://canvas.oregonstate.edu/courses/2080857/assignments/10586026?module_item_id=26982560#,https://canvas.oregonstate.edu/courses/2080857/assignments/10586026?module_item_id=26982560#,MTH-252,linked_detail,linked_detail,00504-mth-252-linked-detail-achieve-1-2-the-definite-integral,2026-07-08T23:15:14.895Z,2026-07-08T23:15:17.694Z,ok,,0
https://canvas.oregonstate.edu/courses/2080857/files/119363995?wrap=1,https://canvas.oregonstate.edu/courses/2080857/files/119363995?wrap=1,MTH-252,linked_detail,linked_detail,00505-mth-252-linked-detail-me1-u26-template-pdf-integral-calculus-mth-252z-400-u2026,2026-07-08T23:15:24.216Z,2026-07-08T23:15:27.152Z,ok,,0
https://canvas.oregonstate.edu/courses/2080857/assignments/10586045?module_item_id=26982562#,https://canvas.oregonstate.edu/courses/2080857/assignments/10586045?module_item_id=26982562#,MTH-252,linked_detail,linked_detail,00506-mth-252-linked-detail-mini-exam-1-tues-thur-no-late-submissions,2026-07-08T23:15:27.152Z,2026-07-08T23:15:29.783Z,ok,,0
https://canvas.oregonstate.edu/courses/2080857/files/119223514?wrap=1,https://canvas.oregonstate.edu/courses/2080857/files/119223514?wrap=1,MTH-252,linked_detail,linked_detail,00507-mth-252-linked-detail-unit-1-student-study-guide-pdf-integral-calculus-mth-252z-400-u2026,2026-07-08T23:15:29.783Z,2026-07-08T23:15:32.500Z,ok,,0
https://canvas.oregonstate.edu/courses/2080857/files/119223497?wrap=1,https://canvas.oregonstate.edu/courses/2080857/files/119223497?wrap=1,MTH-252,linked_detail,linked_detail,00508-mth-252-linked-detail-unit-1-student-study-guide-key-pdf-integral-calculus-mth-252z-400-u2026,2026-07-08T23:15:32.500Z,2026-07-08T23:15:34.949Z,ok,,0
https://canvas.oregonstate.edu/courses/2080857/files/119223594?module_item_id=26982565#,https://canvas.oregonstate.edu/courses/2080857/files/119223594?module_item_id=26982565#,MTH-252,linked_detail,linked_detail,00509-mth-252-linked-detail-252-lecture-1-3-to-me2-pdf-integral-calculus-mth-252z-400-u2026,2026-07-08T23:15:34.949Z,2026-07-08T23:15:37.506Z,ok,,0
https://canvas.oregonstate.edu/courses/2080857/quizzes/3167655/take?user_id=6660414,https://canvas.oregonstate.edu/courses/2080857/quizzes/3167655/take?user_id=6660414,MTH-252,linked_detail,linked_detail,00510-mth-252-linked-detail-pre-class-reading-quiz-1-3-rq-1-3-integral-calculus-mth-252z-400-u2026,2026-07-08T23:15:37.787Z,2026-07-08T23:15:40.699Z,ok,,0
https://canvas.oregonstate.edu/courses/2080857/files/119223574?wrap=1,https://canvas.oregonstate.edu/courses/2080857/files/119223574?wrap=1,MTH-252,linked_detail,linked_detail,00511-mth-252-linked-detail-whw3-template-1-pdf-integral-calculus-mth-252z-400-u2026,2026-07-08T23:15:40.699Z,2026-07-08T23:15:43.158Z,ok,,0
https://canvas.oregonstate.edu/courses/2080857/assignments/10586056?module_item_id=26982568#,https://canvas.oregonstate.edu/courses/2080857/assignments/10586056?module_item_id=26982568#,MTH-252,linked_detail,linked_detail,00512-mth-252-linked-detail-module-3-written-homework-whw-3-3-hours,2026-07-08T23:15:43.158Z,2026-07-08T23:15:46.198Z,ok,,0
https://canvas.oregonstate.edu/courses/2080857/assignments/10586027?module_item_id=26982569#,https://canvas.oregonstate.edu/courses/2080857/assignments/10586027?module_item_id=26982569#,MTH-252,linked_detail,linked_detail,00513-mth-252-linked-detail-achieve-1-3-the-fundamental-theorem-of-calculus,2026-07-08T23:15:46.198Z,2026-07-08T23:15:49.094Z,ok,,0
https://canvas.oregonstate.edu/courses/2080857/assignments/10586042?module_item_id=26982570#,https://canvas.oregonstate.edu/courses/2080857/assignments/10586042?module_item_id=26982570#,MTH-252,linked_detail,linked_detail,00514-mth-252-linked-detail-achieve-4-10-antiderivatives,2026-07-08T23:15:49.094Z,2026-07-08T23:15:51.995Z,ok,,0
https://canvas.oregonstate.edu/courses/2080857/pages/$CANVAS_COURSE_REFERENCE$/file_ref/ge30297b0748bf4487a1dfbfc596dcc93?wrap=1,https://canvas.oregonstate.edu/courses/2080857/pages/$CANVAS_COURSE_REFERENCE$/file_ref/ge30297b0748bf4487a1dfbfc596dcc93?wrap=1,MTH-252,linked_detail,linked_detail,00515-mth-252-linked-detail-page-not-found,2026-07-08T23:15:52.286Z,2026-07-08T23:15:54.542Z,ok,,0
https://canvas.oregonstate.edu/courses/2080857/pages/$CANVAS_COURSE_REFERENCE$/file_ref/gc3c6b79863a061929a4071806eda7241?wrap=1,https://canvas.oregonstate.edu/courses/2080857/pages/$CANVAS_COURSE_REFERENCE$/file_ref/gc3c6b79863a061929a4071806eda7241?wrap=1,MTH-252,linked_detail,linked_detail,00516-mth-252-linked-detail-page-not-found,2026-07-08T23:15:54.542Z,2026-07-08T23:15:56.601Z,ok,,0
https://canvas.oregonstate.edu/courses/2080857/pages/$CANVAS_COURSE_REFERENCE$/file_ref/g9ca04ab1991259a305542a037d6078d1?wrap=1,https://canvas.oregonstate.edu/courses/2080857/pages/$CANVAS_COURSE_REFERENCE$/file_ref/g9ca04ab1991259a305542a037d6078d1?wrap=1,MTH-252,linked_detail,linked_detail,00517-mth-252-linked-detail-page-not-found,2026-07-08T23:15:56.601Z,2026-07-08T23:15:58.648Z,ok,,0
https://canvas.oregonstate.edu/courses/2080857/files/119223594?module_item_id=26982574#,https://canvas.oregonstate.edu/courses/2080857/files/119223594?module_item_id=26982574#,MTH-252,linked_detail,linked_detail,00518-mth-252-linked-detail-252-lecture-1-3-to-me2-pdf-integral-calculus-mth-252z-400-u2026,2026-07-08T23:15:58.649Z,2026-07-08T23:16:01.231Z,ok,,0
https://canvas.oregonstate.edu/courses/2080857/pages/$CANVAS_COURSE_REFERENCE$/file_ref/g72fb62dff13c8560e7cb15fedd970fa1?wrap=1,https://canvas.oregonstate.edu/courses/2080857/pages/$CANVAS_COURSE_REFERENCE$/file_ref/g72fb62dff13c8560e7cb15fedd970fa1?wrap=1,MTH-252,linked_detail,linked_detail,00519-mth-252-linked-detail-page-not-found,2026-07-08T23:16:01.231Z,2026-07-08T23:16:03.445Z,ok,,0
https://canvas.oregonstate.edu/courses/2080857/pages/$CANVAS_COURSE_REFERENCE$/file_ref/gcbd244ca3d9728ab5a8e3e8c51d198af?wrap=1,https://canvas.oregonstate.edu/courses/2080857/pages/$CANVAS_COURSE_REFERENCE$/file_ref/gcbd244ca3d9728ab5a8e3e8c51d198af?wrap=1,MTH-252,linked_detail,linked_detail,00520-mth-252-linked-detail-page-not-found,2026-07-08T23:16:03.719Z,2026-07-08T23:16:05.844Z,ok,,0
https://canvas.oregonstate.edu/courses/2080857/pages/$CANVAS_COURSE_REFERENCE$/file_ref/g66dcdc4ebd748c4dc8842ee327f101ba?wrap=1,https://canvas.oregonstate.edu/courses/2080857/pages/$CANVAS_COURSE_REFERENCE$/file_ref/g66dcdc4ebd748c4dc8842ee327f101ba?wrap=1,MTH-252,linked_detail,linked_detail,00521-mth-252-linked-detail-page-not-found,2026-07-08T23:16:05.844Z,2026-07-08T23:16:08.143Z,ok,,0
https://canvas.oregonstate.edu/courses/2080857/quizzes/3167664/take?user_id=6660414,https://canvas.oregonstate.edu/courses/2080857/quizzes/3167664/take?user_id=6660414,MTH-252,linked_detail,linked_detail,00522-mth-252-linked-detail-rq-1-4-integral-calculus-mth-252z-400-u2026,2026-07-08T23:16:08.143Z,2026-07-08T23:16:10.747Z,ok,,0
https://canvas.oregonstate.edu/courses/2080857/quizzes/3167662/take?user_id=6660414,https://canvas.oregonstate.edu/courses/2080857/quizzes/3167662/take?user_id=6660414,MTH-252,linked_detail,linked_detail,00523-mth-252-linked-detail-rq-1-5-integral-calculus-mth-252z-400-u2026,2026-07-08T23:16:10.747Z,2026-07-08T23:16:13.444Z,ok,,0
https://canvas.oregonstate.edu/courses/2080857/quizzes/3167654/take?user_id=6660414,https://canvas.oregonstate.edu/courses/2080857/quizzes/3167654/take?user_id=6660414,MTH-252,linked_detail,linked_detail,00524-mth-252-linked-detail-rq-1-6-integral-calculus-mth-252z-400-u2026,2026-07-08T23:16:13.444Z,2026-07-08T23:16:16.299Z,ok,,0
https://canvas.oregonstate.edu/courses/2080857/files/119223566?wrap=1,https://canvas.oregonstate.edu/courses/2080857/files/119223566?wrap=1,MTH-252,linked_detail,linked_detail,00525-mth-252-linked-detail-whw4-template-1-pdf-integral-calculus-mth-252z-400-u2026,2026-07-08T23:16:16.568Z,2026-07-08T23:16:19.099Z,ok,,0
https://canvas.oregonstate.edu/courses/2080857/assignments/10586057?module_item_id=26982580#,https://canvas.oregonstate.edu/courses/2080857/assignments/10586057?module_item_id=26982580#,MTH-252,linked_detail,linked_detail,00526-mth-252-linked-detail-module-4-written-homework-whw-4-3-hours,2026-07-08T23:16:19.099Z,2026-07-08T23:16:22.350Z,ok,,0
https://canvas.oregonstate.edu/courses/2080857/files/119223525?wrap=1,https://canvas.oregonstate.edu/courses/2080857/files/119223525?wrap=1,MTH-252,linked_detail,linked_detail,00527-mth-252-linked-detail-whw4-template-pdf-integral-calculus-mth-252z-400-u2026,2026-07-08T23:16:22.350Z,2026-07-08T23:16:24.909Z,ok,,0
https://canvas.oregonstate.edu/courses/2080857/assignments/10586028?module_item_id=26982581#,https://canvas.oregonstate.edu/courses/2080857/assignments/10586028?module_item_id=26982581#,MTH-252,linked_detail,linked_detail,00528-mth-252-linked-detail-achieve-1-4-integration-formulas-and-the-net-change-theorem,2026-07-08T23:16:24.909Z,2026-07-08T23:16:28.794Z,ok,,0
https://canvas.oregonstate.edu/courses/2080857/assignments/10586029?module_item_id=26982582#,https://canvas.oregonstate.edu/courses/2080857/assignments/10586029?module_item_id=26982582#,MTH-252,linked_detail,linked_detail,00529-mth-252-linked-detail-achieve-1-5-substitution,2026-07-08T23:16:28.794Z,2026-07-08T23:16:32.299Z,ok,,0
https://canvas.oregonstate.edu/courses/2080857/assignments/10586030?module_item_id=26982583#,https://canvas.oregonstate.edu/courses/2080857/assignments/10586030?module_item_id=26982583#,MTH-252,linked_detail,linked_detail,00530-mth-252-linked-detail-achieve-1-6-integrals-involving-exponential-and-logarithmic-functions,2026-07-08T23:16:32.577Z,2026-07-08T23:16:35.599Z,ok,,0
https://canvas.oregonstate.edu/courses/2080857/assignments/10586048?module_item_id=26982585#,https://canvas.oregonstate.edu/courses/2080857/assignments/10586048?module_item_id=26982585#,MTH-252,linked_detail,linked_detail,00531-mth-252-linked-detail-mini-exam-2-no-calculators-on-this-exam,2026-07-08T23:16:35.599Z,2026-07-08T23:16:38.347Z,ok,,0
https://canvas.oregonstate.edu/courses/2080857/pages/$CANVAS_COURSE_REFERENCE$/file_ref/g4b6ec71f1aad7e21594c082a51d988f8?wrap=1,https://canvas.oregonstate.edu/courses/2080857/pages/$CANVAS_COURSE_REFERENCE$/file_ref/g4b6ec71f1aad7e21594c082a51d988f8?wrap=1,MTH-252,linked_detail,linked_detail,00532-mth-252-linked-detail-page-not-found,2026-07-08T23:16:38.347Z,2026-07-08T23:16:40.451Z,ok,,0
https://canvas.oregonstate.edu/courses/2080857/files/119223561?module_item_id=26982588#,https://canvas.oregonstate.edu/courses/2080857/files/119223561?module_item_id=26982588#,MTH-252,linked_detail,linked_detail,00533-mth-252-linked-detail-252-lecture-3-1-to-me3-pdf-integral-calculus-mth-252z-400-u2026,2026-07-08T23:16:40.451Z,2026-07-08T23:16:43.163Z,ok,,0
https://canvas.oregonstate.edu/courses/2080857/pages/$CANVAS_COURSE_REFERENCE$/file_ref/g805e3737f28c2c1daf663161584c964d?wrap=1,https://canvas.oregonstate.edu/courses/2080857/pages/$CANVAS_COURSE_REFERENCE$/file_ref/g805e3737f28c2c1daf663161584c964d?wrap=1,MTH-252,linked_detail,linked_detail,00534-mth-252-linked-detail-page-not-found,2026-07-08T23:16:43.163Z,2026-07-08T23:16:45.200Z,ok,,0
https://canvas.oregonstate.edu/courses/2080857/pages/$CANVAS_COURSE_REFERENCE$/file_ref/g8151bf98954d7b2d854da5b7b078733d?wrap=1,https://canvas.oregonstate.edu/courses/2080857/pages/$CANVAS_COURSE_REFERENCE$/file_ref/g8151bf98954d7b2d854da5b7b078733d?wrap=1,MTH-252,linked_detail,linked_detail,00535-mth-252-linked-detail-page-not-found,2026-07-08T23:16:45.477Z,2026-07-08T23:16:47.595Z,ok,,0
https://canvas.oregonstate.edu/courses/2080857/pages/$CANVAS_COURSE_REFERENCE$/file_ref/gcd831482bfd5272d95fe5f32b17c1c78?wrap=1,https://canvas.oregonstate.edu/courses/2080857/pages/$CANVAS_COURSE_REFERENCE$/file_ref/gcd831482bfd5272d95fe5f32b17c1c78?wrap=1,MTH-252,linked_detail,linked_detail,00536-mth-252-linked-detail-page-not-found,2026-07-08T23:16:47.595Z,2026-07-08T23:16:49.593Z,ok,,0
https://canvas.oregonstate.edu/courses/2080857/files/119223595?module_item_id=26982590#,https://canvas.oregonstate.edu/courses/2080857/files/119223595?module_item_id=26982590#,MTH-252,linked_detail,linked_detail,00537-mth-252-linked-detail-lecture-3-1-3-2-pdf-integral-calculus-mth-252z-400-u2026,2026-07-08T23:16:49.593Z,2026-07-08T23:16:52.331Z,ok,,0
https://canvas.oregonstate.edu/courses/2080857/assignments/10586058?module_item_id=26982594#,https://canvas.oregonstate.edu/courses/2080857/assignments/10586058?module_item_id=26982594#,MTH-252,linked_detail,linked_detail,00538-mth-252-linked-detail-module-5-written-homework-whw-5-3-hours,2026-07-08T23:16:52.331Z,2026-07-08T23:16:55.246Z,ok,,0
https://canvas.oregonstate.edu/courses/2080857/assignments/10586037?module_item_id=26982595#,https://canvas.oregonstate.edu/courses/2080857/assignments/10586037?module_item_id=26982595#,MTH-252,linked_detail,linked_detail,00539-mth-252-linked-detail-achieve-3-1-integration-by-parts,2026-07-08T23:16:55.246Z,2026-07-08T23:16:57.997Z,ok,,0
https://canvas.oregonstate.edu/courses/2080857/assignments/10586038?module_item_id=26982596#,https://canvas.oregonstate.edu/courses/2080857/assignments/10586038?module_item_id=26982596#,MTH-252,linked_detail,linked_detail,00540-mth-252-linked-detail-achieve-3-2-trigonometric-integrals,2026-07-08T23:17:04.314Z,2026-07-08T23:17:08.133Z,ok,,0
https://canvas.oregonstate.edu/courses/2080857/files/119223561?module_item_id=26982599#,https://canvas.oregonstate.edu/courses/2080857/files/119223561?module_item_id=26982599#,MTH-252,linked_detail,linked_detail,00541-mth-252-linked-detail-252-lecture-3-1-to-me3-pdf-integral-calculus-mth-252z-400-u2026,2026-07-08T23:17:08.133Z,2026-07-08T23:17:10.753Z,ok,,0
https://canvas.oregonstate.edu/courses/2080857/pages/$CANVAS_COURSE_REFERENCE$/file_ref/g9597b7a3e92abdd20049560c4405a399?wrap=1,https://canvas.oregonstate.edu/courses/2080857/pages/$CANVAS_COURSE_REFERENCE$/file_ref/g9597b7a3e92abdd20049560c4405a399?wrap=1,MTH-252,linked_detail,linked_detail,00542-mth-252-linked-detail-page-not-found,2026-07-08T23:17:10.753Z,2026-07-08T23:17:13.093Z,ok,,0
https://canvas.oregonstate.edu/courses/2080857/pages/$CANVAS_COURSE_REFERENCE$/file_ref/g4d67a850c0877c247d26c4c95fa2d836?wrap=1,https://canvas.oregonstate.edu/courses/2080857/pages/$CANVAS_COURSE_REFERENCE$/file_ref/g4d67a850c0877c247d26c4c95fa2d836?wrap=1,MTH-252,linked_detail,linked_detail,00543-mth-252-linked-detail-page-not-found,2026-07-08T23:17:13.093Z,2026-07-08T23:17:15.047Z,ok,,0
https://canvas.oregonstate.edu/courses/2080857/assignments/10586059?module_item_id=26982603#,https://canvas.oregonstate.edu/courses/2080857/assignments/10586059?module_item_id=26982603#,MTH-252,linked_detail,linked_detail,00544-mth-252-linked-detail-module-6-written-homework-whw-6-3-hours,2026-07-08T23:17:15.047Z,2026-07-08T23:17:20.694Z,ok,,0
https://canvas.oregonstate.edu/courses/2080857/assignments/10586039?module_item_id=26982605#,https://canvas.oregonstate.edu/courses/2080857/assignments/10586039?module_item_id=26982605#,MTH-252,linked_detail,linked_detail,00545-mth-252-linked-detail-achieve-3-3-trigonometric-substitution,2026-07-08T23:17:20.967Z,2026-07-08T23:17:23.746Z,ok,,0
https://canvas.oregonstate.edu/courses/2080857/assignments/10586040?module_item_id=26982606#,https://canvas.oregonstate.edu/courses/2080857/assignments/10586040?module_item_id=26982606#,MTH-252,linked_detail,linked_detail,00546-mth-252-linked-detail-achieve-3-4-partial-fractions,2026-07-08T23:17:23.746Z,2026-07-08T23:17:26.994Z,ok,,0
https://canvas.oregonstate.edu/courses/2080857/assignments/10586050?module_item_id=26982607#,https://canvas.oregonstate.edu/courses/2080857/assignments/10586050?module_item_id=26982607#,MTH-252,linked_detail,linked_detail,00547-mth-252-linked-detail-mini-exam-3-tuesday-to-thursday,2026-07-08T23:17:26.994Z,2026-07-08T23:17:29.597Z,ok,,0
https://canvas.oregonstate.edu/courses/2080857/pages/$CANVAS_COURSE_REFERENCE$/file_ref/ge66f62d3aefa8262ab8430c7ff8a8243?wrap=1,https://canvas.oregonstate.edu/courses/2080857/pages/$CANVAS_COURSE_REFERENCE$/file_ref/ge66f62d3aefa8262ab8430c7ff8a8243?wrap=1,MTH-252,linked_detail,linked_detail,00548-mth-252-linked-detail-page-not-found,2026-07-08T23:17:29.597Z,2026-07-08T23:17:31.743Z,ok,,0
https://canvas.oregonstate.edu/courses/2080857/files/119223597?module_item_id=26982610#,https://canvas.oregonstate.edu/courses/2080857/files/119223597?module_item_id=26982610#,MTH-252,linked_detail,linked_detail,00549-mth-252-linked-detail-252-lecture-2-1-to-me4-pdf-integral-calculus-mth-252z-400-u2026,2026-07-08T23:17:31.743Z,2026-07-08T23:17:34.295Z,ok,,0
https://canvas.oregonstate.edu/courses/2080857/pages/$CANVAS_COURSE_REFERENCE$/file_ref/gb96f8483f0ee1dbe3cd5a7fc6e29a192?wrap=1,https://canvas.oregonstate.edu/courses/2080857/pages/$CANVAS_COURSE_REFERENCE$/file_ref/gb96f8483f0ee1dbe3cd5a7fc6e29a192?wrap=1,MTH-252,linked_detail,linked_detail,00550-mth-252-linked-detail-page-not-found,2026-07-08T23:17:34.590Z,2026-07-08T23:17:36.795Z,ok,,0
https://canvas.oregonstate.edu/courses/2080857/pages/$CANVAS_COURSE_REFERENCE$/file_ref/gc6fcafc40b3ad850007aa23c360c3b10?wrap=1,https://canvas.oregonstate.edu/courses/2080857/pages/$CANVAS_COURSE_REFERENCE$/file_ref/gc6fcafc40b3ad850007aa23c360c3b10?wrap=1,MTH-252,linked_detail,linked_detail,00551-mth-252-linked-detail-page-not-found,2026-07-08T23:17:36.795Z,2026-07-08T23:17:38.745Z,ok,,0
https://canvas.oregonstate.edu/courses/2080857/pages/$CANVAS_COURSE_REFERENCE$/file_ref/gbbf43049a12a8f933a6df5fa00d2187b?wrap=1,https://canvas.oregonstate.edu/courses/2080857/pages/$CANVAS_COURSE_REFERENCE$/file_ref/gbbf43049a12a8f933a6df5fa00d2187b?wrap=1,MTH-252,linked_detail,linked_detail,00552-mth-252-linked-detail-page-not-found,2026-07-08T23:17:38.745Z,2026-07-08T23:17:40.894Z,ok,,0
https://canvas.oregonstate.edu/courses/2080857/pages/$CANVAS_COURSE_REFERENCE$/file_ref/g6058770617b562c0b8540a559293b9f2?wrap=1,https://canvas.oregonstate.edu/courses/2080857/pages/$CANVAS_COURSE_REFERENCE$/file_ref/g6058770617b562c0b8540a559293b9f2?wrap=1,MTH-252,linked_detail,linked_detail,00553-mth-252-linked-detail-page-not-found,2026-07-08T23:17:40.894Z,2026-07-08T23:17:43.447Z,ok,,0
https://canvas.oregonstate.edu/courses/2080857/assignments/10586031?module_item_id=26982615#,https://canvas.oregonstate.edu/courses/2080857/assignments/10586031?module_item_id=26982615#,MTH-252,linked_detail,linked_detail,00554-mth-252-linked-detail-achieve-2-1-areas-between-curves,2026-07-08T23:17:43.447Z,2026-07-08T23:17:47.749Z,ok,,0
https://canvas.oregonstate.edu/courses/2080857/assignments/10586032?module_item_id=26982616#,https://canvas.oregonstate.edu/courses/2080857/assignments/10586032?module_item_id=26982616#,MTH-252,linked_detail,linked_detail,00555-mth-252-linked-detail-achieve-2-2-volumes-by-slicing-and-disc-washer-method,2026-07-08T23:17:48.044Z,2026-07-08T23:17:51.044Z,ok,,0
https://canvas.oregonstate.edu/courses/2080857/assignments/10586060?module_item_id=26982617#,https://canvas.oregonstate.edu/courses/2080857/assignments/10586060?module_item_id=26982617#,MTH-252,linked_detail,linked_detail,00556-mth-252-linked-detail-module-7-written-homework-whw-7-3-hours,2026-07-08T23:17:51.044Z,2026-07-08T23:17:53.744Z,ok,,0
https://canvas.oregonstate.edu/courses/2080857/files/119223597?module_item_id=26982621#,https://canvas.oregonstate.edu/courses/2080857/files/119223597?module_item_id=26982621#,MTH-252,linked_detail,linked_detail,00557-mth-252-linked-detail-252-lecture-2-1-to-me4-pdf-integral-calculus-mth-252z-400-u2026,2026-07-08T23:17:53.744Z,2026-07-08T23:17:56.196Z,ok,,0
https://canvas.oregonstate.edu/courses/2080857/files/119223466?module_item_id=26982622#,https://canvas.oregonstate.edu/courses/2080857/files/119223466?module_item_id=26982622#,MTH-252,linked_detail,linked_detail,00558-mth-252-linked-detail-lecture-2-3-2-4-pdf-integral-calculus-mth-252z-400-u2026,2026-07-08T23:17:56.196Z,2026-07-08T23:17:58.702Z,ok,,0
https://canvas.oregonstate.edu/courses/2080857/pages/$CANVAS_COURSE_REFERENCE$/file_ref/g6073b18bbe1c37ac3e81a46c5bcdfaa9?wrap=1,https://canvas.oregonstate.edu/courses/2080857/pages/$CANVAS_COURSE_REFERENCE$/file_ref/g6073b18bbe1c37ac3e81a46c5bcdfaa9?wrap=1,MTH-252,linked_detail,linked_detail,00559-mth-252-linked-detail-page-not-found,2026-07-08T23:17:58.702Z,2026-07-08T23:18:00.946Z,ok,,0
https://canvas.oregonstate.edu/courses/2080857/assignments/10586061?module_item_id=26982626#,https://canvas.oregonstate.edu/courses/2080857/assignments/10586061?module_item_id=26982626#,MTH-252,linked_detail,linked_detail,00560-mth-252-linked-detail-module-8-written-homework-whw-8-3-hours,2026-07-08T23:18:01.212Z,2026-07-08T23:18:03.823Z,ok,,0
https://canvas.oregonstate.edu/courses/2080857/assignments/10586033?module_item_id=26982628#,https://canvas.oregonstate.edu/courses/2080857/assignments/10586033?module_item_id=26982628#,MTH-252,linked_detail,linked_detail,00561-mth-252-linked-detail-achieve-2-3-volumes-of-revolution-cylindrical-shells,2026-07-08T23:18:03.823Z,2026-07-08T23:18:06.401Z,ok,,0
https://canvas.oregonstate.edu/courses/2080857/assignments/10586024?module_item_id=26982629#,https://canvas.oregonstate.edu/courses/2080857/assignments/10586024?module_item_id=26982629#,MTH-252,linked_detail,linked_detail,00562-mth-252-linked-detail-acheive-2-4-arc-length-of-a-curve-no-surface-area,2026-07-08T23:18:06.401Z,2026-07-08T23:18:09.153Z,ok,,0
https://canvas.oregonstate.edu/courses/2080857/assignments/10586052?module_item_id=26982630#,https://canvas.oregonstate.edu/courses/2080857/assignments/10586052?module_item_id=26982630#,MTH-252,linked_detail,linked_detail,00563-mth-252-linked-detail-mini-exam-4-tuesday-to-thursday,2026-07-08T23:18:09.153Z,2026-07-08T23:18:11.845Z,ok,,0
https://canvas.oregonstate.edu/courses/2080857/files/119223598?module_item_id=26982633#,https://canvas.oregonstate.edu/courses/2080857/files/119223598?module_item_id=26982633#,MTH-252,linked_detail,linked_detail,00564-mth-252-linked-detail-252-lecture-2-5-to-me5-pdf-integral-calculus-mth-252z-400-u2026,2026-07-08T23:18:11.845Z,2026-07-08T23:18:14.357Z,ok,,0
https://canvas.oregonstate.edu/courses/2080857/pages/$CANVAS_COURSE_REFERENCE$/file_ref/g4f20502dbd0595caf4451e4ebe8369c1?wrap=1,https://canvas.oregonstate.edu/courses/2080857/pages/$CANVAS_COURSE_REFERENCE$/file_ref/g4f20502dbd0595caf4451e4ebe8369c1?wrap=1,MTH-252,linked_detail,linked_detail,00565-mth-252-linked-detail-page-not-found,2026-07-08T23:18:14.660Z,2026-07-08T23:18:16.702Z,ok,,0
https://canvas.oregonstate.edu/courses/2080857/files/119223617?wrap=1,https://canvas.oregonstate.edu/courses/2080857/files/119223617?wrap=1,MTH-252,linked_detail,linked_detail,00566-mth-252-linked-detail-252-lecture-2-5-to-me5-pages-5-8-13-17-19-20-1-1-pdf-integral-calculus-mth-252z-400-u2026,2026-07-08T23:18:16.702Z,2026-07-08T23:18:19.302Z,ok,,0
https://canvas.oregonstate.edu/courses/2080857/pages/dr-gs-videos-%3E-2-dot-5?module_item_id=26982634#,https://canvas.oregonstate.edu/courses/2080857/pages/dr-gs-videos-%3E-2-dot-5?module_item_id=26982634#,MTH-252,linked_detail,linked_detail,00567-mth-252-linked-detail-dr-g-s-videos-2-5-integral-calculus-mth-252z-400-u2026,2026-07-08T23:18:19.302Z,2026-07-08T23:18:22.423Z,ok,,0
https://canvas.oregonstate.edu/courses/2080857/pages/$CANVAS_COURSE_REFERENCE$/file_ref/g42875dc6e7ef2e217410d1eaf8751908?wrap=1,https://canvas.oregonstate.edu/courses/2080857/pages/$CANVAS_COURSE_REFERENCE$/file_ref/g42875dc6e7ef2e217410d1eaf8751908?wrap=1,MTH-252,linked_detail,linked_detail,00568-mth-252-linked-detail-page-not-found,2026-07-08T23:18:22.423Z,2026-07-08T23:18:24.703Z,ok,,0
https://canvas.oregonstate.edu/courses/2080857/assignments/10586062?module_item_id=26982636#,https://canvas.oregonstate.edu/courses/2080857/assignments/10586062?module_item_id=26982636#,MTH-252,linked_detail,linked_detail,00569-mth-252-linked-detail-module-9-written-homework-whw-9-3-hours,2026-07-08T23:18:24.703Z,2026-07-08T23:18:27.544Z,ok,,0
https://canvas.oregonstate.edu/courses/2080857/assignments/10586034?module_item_id=26982638#,https://canvas.oregonstate.edu/courses/2080857/assignments/10586034?module_item_id=26982638#,MTH-252,linked_detail,linked_detail,00570-mth-252-linked-detail-achieve-2-5-1-physical-applications,2026-07-08T23:18:27.829Z,2026-07-08T23:18:30.495Z,ok,,0
https://canvas.oregonstate.edu/courses/2080857/assignments/10586036?module_item_id=26982639#,https://canvas.oregonstate.edu/courses/2080857/assignments/10586036?module_item_id=26982639#,MTH-252,linked_detail,linked_detail,00571-mth-252-linked-detail-achieve-2-5-2-physical-applications,2026-07-08T23:18:30.495Z,2026-07-08T23:18:33.103Z,ok,,0
https://canvas.oregonstate.edu/courses/2080857/files/119223598?module_item_id=26982644#,https://canvas.oregonstate.edu/courses/2080857/files/119223598?module_item_id=26982644#,MTH-252,linked_detail,linked_detail,00572-mth-252-linked-detail-252-lecture-2-5-to-me5-pdf-integral-calculus-mth-252z-400-u2026,2026-07-08T23:18:33.103Z,2026-07-08T23:18:35.558Z,ok,,0
https://canvas.oregonstate.edu/courses/2080857/files/119223618?wrap=1,https://canvas.oregonstate.edu/courses/2080857/files/119223618?wrap=1,MTH-252,linked_detail,linked_detail,00573-mth-252-linked-detail-252-lecture-2-5-to-me5-pages-5-8-13-17-19-20-1-2-pdf-integral-calculus-mth-252z-400-u2026,2026-07-08T23:18:35.558Z,2026-07-08T23:18:37.946Z,ok,,0
https://canvas.oregonstate.edu/courses/2080857/pages/dr-gs-videos-%3E-3-dot-7?module_item_id=26982645#,https://canvas.oregonstate.edu/courses/2080857/pages/dr-gs-videos-%3E-3-dot-7?module_item_id=26982645#,MTH-252,linked_detail,linked_detail,00574-mth-252-linked-detail-dr-g-s-videos-3-7-integral-calculus-mth-252z-400-u2026,2026-07-08T23:18:37.946Z,2026-07-08T23:18:40.493Z,ok,,0
https://canvas.oregonstate.edu/courses/2080857/assignments/10586064?module_item_id=26982647#,https://canvas.oregonstate.edu/courses/2080857/assignments/10586064?module_item_id=26982647#,MTH-252,linked_detail,linked_detail,00575-mth-252-linked-detail-reflection-3,2026-07-08T23:18:48.338Z,2026-07-08T23:18:51.995Z,ok,,0
https://canvas.oregonstate.edu/courses/2080857/assignments/10586041?module_item_id=26982648#,https://canvas.oregonstate.edu/courses/2080857/assignments/10586041?module_item_id=26982648#,MTH-252,linked_detail,linked_detail,00576-mth-252-linked-detail-achieve-3-7-improper-integrals,2026-07-08T23:18:51.995Z,2026-07-08T23:18:54.744Z,ok,,0
https://canvas.oregonstate.edu/courses/2080857/assignments/10586054?module_item_id=26982649#,https://canvas.oregonstate.edu/courses/2080857/assignments/10586054?module_item_id=26982649#,MTH-252,linked_detail,linked_detail,00577-mth-252-linked-detail-module-10-written-homework-whw-10-3-hours,2026-07-08T23:18:54.744Z,2026-07-08T23:18:57.798Z,ok,,0
https://canvas.oregonstate.edu/courses/2080857/assignments/10586043?module_item_id=26982652#,https://canvas.oregonstate.edu/courses/2080857/assignments/10586043?module_item_id=26982652#,MTH-252,linked_detail,linked_detail,00578-mth-252-linked-detail-final-mini-exam-5-monday-to-wednesday,2026-07-08T23:18:57.798Z,2026-07-08T23:19:00.455Z,ok,,0
https://canvas.oregonstate.edu/courses/2080857/assignments/10586046?module_item_id=26982653#,https://canvas.oregonstate.edu/courses/2080857/assignments/10586046?module_item_id=26982653#,MTH-252,linked_detail,linked_detail,00579-mth-252-linked-detail-mini-exam-1-retake,2026-07-08T23:19:00.455Z,2026-07-08T23:19:03.099Z,ok,,0
https://canvas.oregonstate.edu/courses/2080857/files/119223455?wrap=1,https://canvas.oregonstate.edu/courses/2080857/files/119223455?wrap=1,MTH-252,linked_detail,linked_detail,00580-mth-252-linked-detail-me2-retake-template-pdf-integral-calculus-mth-252z-400-u2026,2026-07-08T23:19:03.388Z,2026-07-08T23:19:05.947Z,ok,,0
https://canvas.oregonstate.edu/courses/2080857/assignments/10586047?module_item_id=26982654#,https://canvas.oregonstate.edu/courses/2080857/assignments/10586047?module_item_id=26982654#,MTH-252,linked_detail,linked_detail,00581-mth-252-linked-detail-mini-exam-2-retake,2026-07-08T23:19:05.947Z,2026-07-08T23:19:08.696Z,ok,,0
https://canvas.oregonstate.edu/courses/2080857/files/119223623?wrap=1,https://canvas.oregonstate.edu/courses/2080857/files/119223623?wrap=1,MTH-252,linked_detail,linked_detail,00582-mth-252-linked-detail-me3-retake-template-pdf-integral-calculus-mth-252z-400-u2026,2026-07-08T23:19:08.696Z,2026-07-08T23:19:11.105Z,ok,,0
https://canvas.oregonstate.edu/courses/2080857/assignments/10586049?module_item_id=26982655#,https://canvas.oregonstate.edu/courses/2080857/assignments/10586049?module_item_id=26982655#,MTH-252,linked_detail,linked_detail,00583-mth-252-linked-detail-mini-exam-3-retake,2026-07-08T23:19:11.105Z,2026-07-08T23:19:13.896Z,ok,,0
https://canvas.oregonstate.edu/courses/2080857/files/119223452?wrap=1,https://canvas.oregonstate.edu/courses/2080857/files/119223452?wrap=1,MTH-252,linked_detail,linked_detail,00584-mth-252-linked-detail-me4-retake-template-pdf-integral-calculus-mth-252z-400-u2026,2026-07-08T23:19:13.896Z,2026-07-08T23:19:16.350Z,ok,,0
https://canvas.oregonstate.edu/courses/2080857/assignments/10586051?module_item_id=26982656#,https://canvas.oregonstate.edu/courses/2080857/assignments/10586051?module_item_id=26982656#,MTH-252,linked_detail,linked_detail,00585-mth-252-linked-detail-mini-exam-4-retake,2026-07-08T23:19:16.700Z,2026-07-08T23:19:19.398Z,ok,,0
https://canvas.oregonstate.edu/courses/2080857/modules/items/26982657,https://canvas.oregonstate.edu/courses/2080857/modules/items/26982657,MTH-252,linked_detail,linked_detail,00586-mth-252-linked-detail-what-is-calculus,2026-07-08T23:19:19.398Z,2026-07-08T23:19:21.694Z,ok,,1
https://canvas.oregonstate.edu/courses/2080857/modules/items/26982729,https://canvas.oregonstate.edu/courses/2080857/modules/items/26982729,MTH-252,linked_detail,linked_detail,00587-mth-252-linked-detail-indefinite-integral-trig-times-linear,2026-07-08T23:19:21.694Z,2026-07-08T23:19:23.949Z,ok,,1
https://canvas.oregonstate.edu/courses/2080857/modules/items/26982731,https://canvas.oregonstate.edu/courses/2080857/modules/items/26982731,MTH-252,linked_detail,linked_detail,00588-mth-252-linked-detail-indefinite-integral-exponential-and-trig-ibp-twice-and-solve,2026-07-08T23:19:23.949Z,2026-07-08T23:19:26.250Z,ok,,1
https://canvas.oregonstate.edu/courses/2080857/discussion_topics/$CANVAS_COURSE_REFERENCE$/file_ref/g63afd0d8f15384037b29c641ec45237c?wrap=1,https://canvas.oregonstate.edu/courses/2080857/discussion_topics/$CANVAS_COURSE_REFERENCE$/file_ref/g63afd0d8f15384037b29c641ec45237c?wrap=1,MTH-252,linked_detail,linked_detail,00589-mth-252-linked-detail-page-not-found,2026-07-08T23:19:26.250Z,2026-07-08T23:19:28.545Z,ok,,0
https://canvas.oregonstate.edu/courses/2080857/files/119223459?wrap=1,https://canvas.oregonstate.edu/courses/2080857/files/119223459?wrap=1,MTH-252,linked_detail,linked_detail,00590-mth-252-linked-detail-whw1-key-1-pdf-integral-calculus-mth-252z-400-u2026,2026-07-08T23:19:28.848Z,2026-07-08T23:19:31.261Z,ok,,0
https://canvas.oregonstate.edu/courses/2053263/pages/start-here-syllabus?module_item_id=26885520#,https://canvas.oregonstate.edu/courses/2053263/pages/start-here-syllabus?module_item_id=26885520#,MTH-253,linked_detail,linked_detail,00591-mth-253-linked-detail-start-here-syllabus-sequences-and-series-mth-253z-400-u2026,2026-07-08T23:19:31.262Z,2026-07-08T23:19:33.846Z,ok,,0
https://canvas.oregonstate.edu/courses/2053263/files/118558899?wrap=1,https://canvas.oregonstate.edu/courses/2053263/files/118558899?wrap=1,MTH-253,linked_detail,linked_detail,00592-mth-253-linked-detail-mth-253-weekly-schedule-docx-sequences-and-series-mth-253z-400-u2026,2026-07-08T23:19:33.846Z,2026-07-08T23:19:36.149Z,ok,,0
https://canvas.oregonstate.edu/courses/2053263/quizzes/3166971/take?user_id=6660414,https://canvas.oregonstate.edu/courses/2053263/quizzes/3166971/take?user_id=6660414,MTH-253,linked_detail,linked_detail,00593-mth-253-linked-detail-practice-quiz-take-it-before-attempting-quiz-1-sequences-and-series-mth-253z-400-u2026,2026-07-08T23:19:36.149Z,2026-07-08T23:19:39.048Z,ok,,0
https://canvas.oregonstate.edu/courses/2053263/quizzes/3166971/history?version=2,https://canvas.oregonstate.edu/courses/2053263/quizzes/3166971/history?version=2,MTH-253,linked_detail,linked_detail,00594-mth-253-linked-detail-jacob-peterson-s-quiz-history-practice-quiz-take-it-before-attempting-quiz-1,2026-07-08T23:19:39.048Z,2026-07-08T23:19:42.094Z,ok,,0
https://canvas.oregonstate.edu/courses/2053263/quizzes/3166971/history?version=1,https://canvas.oregonstate.edu/courses/2053263/quizzes/3166971/history?version=1,MTH-253,linked_detail,linked_detail,00595-mth-253-linked-detail-jacob-peterson-s-quiz-history-practice-quiz-take-it-before-attempting-quiz-1,2026-07-08T23:19:42.398Z,2026-07-08T23:19:44.994Z,ok,,0
https://canvas.oregonstate.edu/courses/2053263/quizzes/3166971?module_item_id=26982050#,https://canvas.oregonstate.edu/courses/2053263/quizzes/3166971?module_item_id=26982050#,MTH-253,linked_detail,linked_detail,00596-mth-253-linked-detail-practice-quiz-take-it-before-attempting-quiz-1-sequences-and-series-mth-253z-400-u2026,2026-07-08T23:19:44.994Z,2026-07-08T23:19:47.995Z,ok,,0
https://canvas.oregonstate.edu/courses/2053263/quizzes/3166971/questions/59149565,https://canvas.oregonstate.edu/courses/2053263/quizzes/3166971/questions/59149565,MTH-253,linked_detail,linked_detail,00597-mth-253-linked-detail-unauthorized,2026-07-08T23:19:47.995Z,2026-07-08T23:19:50.444Z,ok,,0
https://canvas.oregonstate.edu/courses/2053263/quizzes/3166971/questions/59149944,https://canvas.oregonstate.edu/courses/2053263/quizzes/3166971/questions/59149944,MTH-253,linked_detail,linked_detail,00598-mth-253-linked-detail-unauthorized,2026-07-08T23:19:50.444Z,2026-07-08T23:19:52.747Z,ok,,0
https://canvas.oregonstate.edu/courses/2053263/files/118558936?wrap=1,https://canvas.oregonstate.edu/courses/2053263/files/118558936?wrap=1,MTH-253,linked_detail,linked_detail,00599-mth-253-linked-detail-evaluating-limits-pdf-sequences-and-series-mth-253z-400-u2026,2026-07-08T23:19:52.747Z,2026-07-08T23:19:55.434Z,ok,,0
https://canvas.oregonstate.edu/courses/2053263/pages/unit-1-learning-materials?module_item_id=26885530#,https://canvas.oregonstate.edu/courses/2053263/pages/unit-1-learning-materials?module_item_id=26885530#,MTH-253,linked_detail,linked_detail,00600-mth-253-linked-detail-unit-1-learning-materials-sequences-and-series-mth-253z-400-u2026,2026-07-08T23:19:55.791Z,2026-07-08T23:19:58.561Z,ok,,0
https://canvas.oregonstate.edu/courses/2053263/files/118558848?wrap=1,https://canvas.oregonstate.edu/courses/2053263/files/118558848?wrap=1,MTH-253,linked_detail,linked_detail,00601-mth-253-linked-detail-infinite-limits-pdf-sequences-and-series-mth-253z-400-u2026,2026-07-08T23:19:58.562Z,2026-07-08T23:20:01.178Z,ok,,0
https://canvas.oregonstate.edu/courses/2053263/files/118558879?wrap=1,https://canvas.oregonstate.edu/courses/2053263/files/118558879?wrap=1,MTH-253,linked_detail,linked_detail,00602-mth-253-linked-detail-l-hospital-s-rule-pdf-sequences-and-series-mth-253z-400-u2026,2026-07-08T23:20:01.178Z,2026-07-08T23:20:03.764Z,ok,,0
https://canvas.oregonstate.edu/courses/2053263/files/118558963?wrap=1,https://canvas.oregonstate.edu/courses/2053263/files/118558963?wrap=1,MTH-253,linked_detail,linked_detail,00603-mth-253-linked-detail-improper-integrals-pdf-sequences-and-series-mth-253z-400-u2026,2026-07-08T23:20:03.764Z,2026-07-08T23:20:06.282Z,ok,,0
https://canvas.oregonstate.edu/courses/2053263/files/118558797?wrap=1,https://canvas.oregonstate.edu/courses/2053263/files/118558797?wrap=1,MTH-253,linked_detail,linked_detail,00604-mth-253-linked-detail-unit-1-written-homework-pdf-sequences-and-series-mth-253z-400-u2026,2026-07-08T23:20:06.282Z,2026-07-08T23:20:08.610Z,ok,,0
https://canvas.oregonstate.edu/courses/2053263/assignments/10553179?module_item_id=26885537#,https://canvas.oregonstate.edu/courses/2053263/assignments/10553179?module_item_id=26885537#,MTH-253,linked_detail,linked_detail,00605-mth-253-linked-detail-unit-1-written-homework-assignment,2026-07-08T23:20:08.940Z,2026-07-08T23:20:11.708Z,ok,,0
https://canvas.oregonstate.edu/courses/2053263/assignments/10584258?module_item_id=26977416#,https://canvas.oregonstate.edu/courses/2053263/assignments/10584258?module_item_id=26977416#,MTH-253,linked_detail,linked_detail,00606-mth-253-linked-detail-week-1-web-homework-infinity-and-limits-indeterminates-improper-integrals,2026-07-08T23:20:11.708Z,2026-07-08T23:20:14.949Z,ok,,0
https://canvas.oregonstate.edu/courses/2053263/files/118558743?wrap=1,https://canvas.oregonstate.edu/courses/2053263/files/118558743?wrap=1,MTH-253,linked_detail,linked_detail,00607-mth-253-linked-detail-sequences-pdf-sequences-and-series-mth-253z-400-u2026,2026-07-08T23:20:14.949Z,2026-07-08T23:20:17.371Z,ok,,0
https://canvas.oregonstate.edu/courses/2053263/pages/unit-2-learning-materials?module_item_id=26885543#,https://canvas.oregonstate.edu/courses/2053263/pages/unit-2-learning-materials?module_item_id=26885543#,MTH-253,linked_detail,linked_detail,00608-mth-253-linked-detail-unit-2-learning-materials-sequences-and-series-mth-253z-400-u2026,2026-07-08T23:20:17.371Z,2026-07-08T23:20:19.845Z,ok,,0
https://canvas.oregonstate.edu/courses/2053263/files/118558950?wrap=1,https://canvas.oregonstate.edu/courses/2053263/files/118558950?wrap=1,MTH-253,linked_detail,linked_detail,00609-mth-253-linked-detail-recursive-sequences-pdf-sequences-and-series-mth-253z-400-u2026,2026-07-08T23:20:19.845Z,2026-07-08T23:20:22.309Z,ok,,0
https://canvas.oregonstate.edu/courses/2053263/files/118558844?wrap=1,https://canvas.oregonstate.edu/courses/2053263/files/118558844?wrap=1,MTH-253,linked_detail,linked_detail,00610-mth-253-linked-detail-convergence-or-divergence-of-a-sequence-pdf-sequences-and-series-mth-253z-400-u2026,2026-07-08T23:20:30.679Z,2026-07-08T23:20:33.703Z,ok,,0
https://canvas.oregonstate.edu/courses/2053263/files/118558915?wrap=1,https://canvas.oregonstate.edu/courses/2053263/files/118558915?wrap=1,MTH-253,linked_detail,linked_detail,00611-mth-253-linked-detail-geometric-sequences-pdf-sequences-and-series-mth-253z-400-u2026,2026-07-08T23:20:33.704Z,2026-07-08T23:20:36.153Z,ok,,0
https://canvas.oregonstate.edu/courses/2053263/files/118558827?wrap=1,https://canvas.oregonstate.edu/courses/2053263/files/118558827?wrap=1,MTH-253,linked_detail,linked_detail,00612-mth-253-linked-detail-introduction-to-series-pdf-sequences-and-series-mth-253z-400-u2026,2026-07-08T23:20:36.153Z,2026-07-08T23:20:38.503Z,ok,,0
https://canvas.oregonstate.edu/courses/2053263/files/118558808?wrap=1,https://canvas.oregonstate.edu/courses/2053263/files/118558808?wrap=1,MTH-253,linked_detail,linked_detail,00613-mth-253-linked-detail-partial-sums-pdf-sequences-and-series-mth-253z-400-u2026,2026-07-08T23:20:38.503Z,2026-07-08T23:20:40.951Z,ok,,0
https://canvas.oregonstate.edu/courses/2053263/files/118558770?wrap=1,https://canvas.oregonstate.edu/courses/2053263/files/118558770?wrap=1,MTH-253,linked_detail,linked_detail,00614-mth-253-linked-detail-geometric-series-pdf-sequences-and-series-mth-253z-400-u2026,2026-07-08T23:20:40.951Z,2026-07-08T23:20:43.351Z,ok,,0
https://canvas.oregonstate.edu/courses/2053263/files/118558809?wrap=1,https://canvas.oregonstate.edu/courses/2053263/files/118558809?wrap=1,MTH-253,linked_detail,linked_detail,00615-mth-253-linked-detail-repeating-decimals-and-geometric-series-pdf-sequences-and-series-mth-253z-400-u2026,2026-07-08T23:20:43.682Z,2026-07-08T23:20:46.005Z,ok,,0
https://canvas.oregonstate.edu/courses/2053263/files/118558919?wrap=1,https://canvas.oregonstate.edu/courses/2053263/files/118558919?wrap=1,MTH-253,linked_detail,linked_detail,00616-mth-253-linked-detail-telescoping-series-pdf-sequences-and-series-mth-253z-400-u2026,2026-07-08T23:20:46.005Z,2026-07-08T23:20:48.556Z,ok,,0
https://canvas.oregonstate.edu/courses/2053263/assignments/10584372?module_item_id=26977767#,https://canvas.oregonstate.edu/courses/2053263/assignments/10584372?module_item_id=26977767#,MTH-253,linked_detail,linked_detail,00617-mth-253-linked-detail-week-2-web-homework-sequences,2026-07-08T23:20:48.556Z,2026-07-08T23:20:51.398Z,ok,,0
https://canvas.oregonstate.edu/courses/2053263/files/118558872?wrap=1,https://canvas.oregonstate.edu/courses/2053263/files/118558872?wrap=1,MTH-253,linked_detail,linked_detail,00618-mth-253-linked-detail-unit-2-written-homework-pdf-sequences-and-series-mth-253z-400-u2026,2026-07-08T23:20:51.398Z,2026-07-08T23:20:53.608Z,ok,,0
https://canvas.oregonstate.edu/courses/2053263/assignments/10553180?module_item_id=26885550#,https://canvas.oregonstate.edu/courses/2053263/assignments/10553180?module_item_id=26885550#,MTH-253,linked_detail,linked_detail,00619-mth-253-linked-detail-unit-2-written-homework-assignment,2026-07-08T23:20:53.608Z,2026-07-08T23:20:56.556Z,ok,,0
https://canvas.oregonstate.edu/courses/2053263/assignments/10584373?module_item_id=26977769#,https://canvas.oregonstate.edu/courses/2053263/assignments/10584373?module_item_id=26977769#,MTH-253,linked_detail,linked_detail,00620-mth-253-linked-detail-week-3-web-homework-introduction-to-series,2026-07-08T23:20:56.852Z,2026-07-08T23:20:59.744Z,ok,,0
https://canvas.oregonstate.edu/courses/2053263/assignments/10584431?module_item_id=26977967#,https://canvas.oregonstate.edu/courses/2053263/assignments/10584431?module_item_id=26977967#,MTH-253,linked_detail,linked_detail,00621-mth-253-linked-detail-week-4-web-homework-the-divergence-and-integral-tests,2026-07-08T23:20:59.744Z,2026-07-08T23:21:02.495Z,ok,,0
https://canvas.oregonstate.edu/courses/2053263/assignments/10584434?module_item_id=26977977#,https://canvas.oregonstate.edu/courses/2053263/assignments/10584434?module_item_id=26977977#,MTH-253,linked_detail,linked_detail,00622-mth-253-linked-detail-week-5-web-homework-comparison-and-alternate-series-tests,2026-07-08T23:21:02.495Z,2026-07-08T23:21:05.194Z,ok,,0
https://canvas.oregonstate.edu/courses/2053263/assignments/10553181?module_item_id=26885565#,https://canvas.oregonstate.edu/courses/2053263/assignments/10553181?module_item_id=26885565#,MTH-253,linked_detail,linked_detail,00623-mth-253-linked-detail-unit-3-written-homework-assignment,2026-07-08T23:21:05.194Z,2026-07-08T23:21:07.943Z,ok,,0
https://canvas.oregonstate.edu/courses/2053263/assignments/10584435?module_item_id=26977980#,https://canvas.oregonstate.edu/courses/2053263/assignments/10584435?module_item_id=26977980#,MTH-253,linked_detail,linked_detail,00624-mth-253-linked-detail-week-6-web-homework-ratio-and-root-tests,2026-07-08T23:21:07.943Z,2026-07-08T23:21:10.645Z,ok,,0
https://canvas.oregonstate.edu/courses/2053263/assignments/10584436?module_item_id=26977982#,https://canvas.oregonstate.edu/courses/2053263/assignments/10584436?module_item_id=26977982#,MTH-253,linked_detail,linked_detail,00625-mth-253-linked-detail-week-7-web-homework-power-series-and-functions,2026-07-08T23:21:10.928Z,2026-07-08T23:21:13.758Z,ok,,0
https://canvas.oregonstate.edu/courses/2053263/assignments/10584437?module_item_id=26977985#,https://canvas.oregonstate.edu/courses/2053263/assignments/10584437?module_item_id=26977985#,MTH-253,linked_detail,linked_detail,00626-mth-253-linked-detail-week-8-web-homework-taylor-and-maclaurin-series,2026-07-08T23:21:13.758Z,2026-07-08T23:21:16.557Z,ok,,0
https://canvas.oregonstate.edu/courses/2053263/assignments/10553182?module_item_id=26885580#,https://canvas.oregonstate.edu/courses/2053263/assignments/10553182?module_item_id=26885580#,MTH-253,linked_detail,linked_detail,00627-mth-253-linked-detail-unit-4-written-homework-assignment,2026-07-08T23:21:16.557Z,2026-07-08T23:21:19.546Z,ok,,0
https://canvas.oregonstate.edu/courses/2053263/assignments/10584438?module_item_id=26977987#,https://canvas.oregonstate.edu/courses/2053263/assignments/10584438?module_item_id=26977987#,MTH-253,linked_detail,linked_detail,00628-mth-253-linked-detail-week-9-web-homework-properties-of-power-series,2026-07-08T23:21:19.546Z,2026-07-08T23:21:22.149Z,ok,,0
https://canvas.oregonstate.edu/courses/2053263/assignments/10553183?module_item_id=26885592#,https://canvas.oregonstate.edu/courses/2053263/assignments/10553183?module_item_id=26885592#,MTH-253,linked_detail,linked_detail,00629-mth-253-linked-detail-unit-5-written-homework-assignment,2026-07-08T23:21:22.149Z,2026-07-08T23:21:24.702Z,ok,,0
https://canvas.oregonstate.edu/courses/2053263/assignments/10584439?module_item_id=26977989#,https://canvas.oregonstate.edu/courses/2053263/assignments/10584439?module_item_id=26977989#,MTH-253,linked_detail,linked_detail,00630-mth-253-linked-detail-week-10-web-homework-working-with-taylor-series,2026-07-08T23:21:24.993Z,2026-07-08T23:21:27.694Z,ok,,0
https://canvas.oregonstate.edu/courses/2053263/files/118558956?module_item_id=26885598#,https://canvas.oregonstate.edu/courses/2053263/files/118558956?module_item_id=26885598#,MTH-253,linked_detail,linked_detail,00631-mth-253-linked-detail-mth-253-final-exam-practice-problems-pdf-sequences-and-series-mth-253z-400-u2026,2026-07-08T23:21:27.694Z,2026-07-08T23:21:30.146Z,ok,,0
https://canvas.oregonstate.edu/courses/2053263/files/118558944?module_item_id=26885599#,https://canvas.oregonstate.edu/courses/2053263/files/118558944?module_item_id=26885599#,MTH-253,linked_detail,linked_detail,00632-mth-253-linked-detail-mth-253-final-exam-practice-problems-answers-pdf-sequences-and-series-mth-253z-400-u2026,2026-07-08T23:21:30.147Z,2026-07-08T23:21:32.609Z,ok,,0
https://canvas.oregonstate.edu/courses/2053263/pages/unit-2-overview,https://canvas.oregonstate.edu/courses/2053263/pages/unit-2-overview,MTH-253,linked_detail,linked_detail,00633-mth-253-linked-detail-unit-2-overview-sequences-and-series-mth-253z-400-u2026,2026-07-08T23:21:32.609Z,2026-07-08T23:21:35.244Z,ok,,0
https://canvas.oregonstate.edu/courses/2053263/pages/unit-2-learning-materials,https://canvas.oregonstate.edu/courses/2053263/pages/unit-2-learning-materials,MTH-253,linked_detail,linked_detail,00634-mth-253-linked-detail-unit-2-learning-materials-sequences-and-series-mth-253z-400-u2026,2026-07-08T23:21:35.244Z,2026-07-08T23:21:38.348Z,ok,,0
https://canvas.oregonstate.edu/courses/2053263/files/118558751?wrap=1,https://canvas.oregonstate.edu/courses/2053263/files/118558751?wrap=1,MTH-253,linked_detail,linked_detail,00635-mth-253-linked-detail-mth-253-course-syllabus-fall-2025-pdf-sequences-and-series-mth-253z-400-u2026,2026-07-08T23:21:38.760Z,2026-07-08T23:21:41.449Z,ok,,0
https://canvas.oregonstate.edu/courses/2053526/files/119369072?module_item_id=26992777#,https://canvas.oregonstate.edu/courses/2053526/files/119369072?module_item_id=26992777#,PHY-212,linked_detail,linked_detail,00636-phy-212-linked-detail-syllabus-u2026-pdf-general-physics-with-calculus-ph-212-400-u2026,2026-07-08T23:21:41.449Z,2026-07-08T23:21:44.204Z,ok,,0
https://canvas.oregonstate.edu/courses/2053526/files/119307451?module_item_id=27007746#,https://canvas.oregonstate.edu/courses/2053526/files/119307451?module_item_id=27007746#,PHY-212,linked_detail,linked_detail,00637-phy-212-linked-detail-lab-structure-and-ta-meetings-pdf-general-physics-with-calculus-ph-212-400-u2026,2026-07-08T23:21:44.204Z,2026-07-08T23:21:46.875Z,ok,,0
https://canvas.oregonstate.edu/courses/2053526/pages/gradescope?module_item_id=26896946#,https://canvas.oregonstate.edu/courses/2053526/pages/gradescope?module_item_id=26896946#,PHY-212,linked_detail,linked_detail,00638-phy-212-linked-detail-gradescope-general-physics-with-calculus-ph-212-400-u2026,2026-07-08T23:21:46.875Z,2026-07-08T23:21:49.395Z,ok,,0
https://canvas.oregonstate.edu/courses/2053526/files/118705575?wrap=1,https://canvas.oregonstate.edu/courses/2053526/files/118705575?wrap=1,PHY-212,linked_detail,linked_detail,00639-phy-212-linked-detail-proctorio-guide-pdf-general-physics-with-calculus-ph-212-400-u2026,2026-07-08T23:21:49.395Z,2026-07-08T23:21:51.890Z,ok,,0
https://canvas.oregonstate.edu/courses/2053526/pages/proctorio-setup-and-troubleshooting?module_item_id=26896947#,https://canvas.oregonstate.edu/courses/2053526/pages/proctorio-setup-and-troubleshooting?module_item_id=26896947#,PHY-212,linked_detail,linked_detail,00640-phy-212-linked-detail-proctorio-setup-and-troubleshooting-general-physics-with-calculus-ph-212-400-u2026,2026-07-08T23:21:52.234Z,2026-07-08T23:21:54.845Z,ok,,0
https://canvas.oregonstate.edu/courses/2053526/files/119256249?module_item_id=26997777#,https://canvas.oregonstate.edu/courses/2053526/files/119256249?module_item_id=26997777#,PHY-212,linked_detail,linked_detail,00641-phy-212-linked-detail-first-day-overview-pdf-general-physics-with-calculus-ph-212-400-u2026,2026-07-08T23:21:54.845Z,2026-07-08T23:21:57.301Z,ok,,0
https://canvas.oregonstate.edu/courses/2053526/pages/module-1-%7C-circular-motion-%7C-learning-materials,https://canvas.oregonstate.edu/courses/2053526/pages/module-1-%7C-circular-motion-%7C-learning-materials,PHY-212,linked_detail,linked_detail,00642-phy-212-linked-detail-module-1-circular-motion-learning-materials-general-physics-with-calculus-ph-212-400-u2026,2026-07-08T23:21:57.301Z,2026-07-08T23:22:00.994Z,ok,,0
https://canvas.oregonstate.edu/courses/2053526/pages/academic-misconduct-scenarios?module_item_id=26896953#,https://canvas.oregonstate.edu/courses/2053526/pages/academic-misconduct-scenarios?module_item_id=26896953#,PHY-212,linked_detail,linked_detail,00643-phy-212-linked-detail-academic-misconduct-scenarios-general-physics-with-calculus-ph-212-400-u2026,2026-07-08T23:22:00.994Z,2026-07-08T23:22:03.632Z,ok,,0
https://canvas.oregonstate.edu/courses/2053526/pages/module-1-%7C-circular-motion-%7C-required-activities,https://canvas.oregonstate.edu/courses/2053526/pages/module-1-%7C-circular-motion-%7C-required-activities,PHY-212,linked_detail,linked_detail,00644-phy-212-linked-detail-module-1-circular-motion-required-activities-general-physics-with-calculus-ph-212-400-u2026,2026-07-08T23:22:03.632Z,2026-07-08T23:22:06.196Z,ok,,0
https://canvas.oregonstate.edu/courses/2053526/files/118705966?wrap=1,https://canvas.oregonstate.edu/courses/2053526/files/118705966?wrap=1,PHY-212,linked_detail,linked_detail,00645-phy-212-linked-detail-quiz1-practice-pdf-general-physics-with-calculus-ph-212-400-u2026,2026-07-08T23:22:17.789Z,2026-07-08T23:22:24.694Z,ok,,0
https://canvas.oregonstate.edu/courses/2053526/pages/module-1-%7C-circular-motion-%7C-learning-materials?module_item_id=26896959#,https://canvas.oregonstate.edu/courses/2053526/pages/module-1-%7C-circular-motion-%7C-learning-materials?module_item_id=26896959#,PHY-212,linked_detail,linked_detail,00646-phy-212-linked-detail-module-1-circular-motion-learning-materials-general-physics-with-calculus-ph-212-400-u2026,2026-07-08T23:22:24.694Z,2026-07-08T23:22:28.795Z,ok,,0
https://canvas.oregonstate.edu/courses/2053526/files/118705439?wrap=1,https://canvas.oregonstate.edu/courses/2053526/files/118705439?wrap=1,PHY-212,linked_detail,linked_detail,00647-phy-212-linked-detail-quiz1-practice-soln-pdf-general-physics-with-calculus-ph-212-400-u2026,2026-07-08T23:22:28.795Z,2026-07-08T23:22:31.401Z,ok,,0
https://canvas.oregonstate.edu/courses/2053526/quizzes/3160444,https://canvas.oregonstate.edu/courses/2053526/quizzes/3160444,PHY-212,linked_detail,linked_detail,00648-phy-212-linked-detail-hw-2-rotational-dynamics-general-physics-with-calculus-ph-212-400-u2026,2026-07-08T23:22:31.401Z,2026-07-08T23:22:34.701Z,ok,,0
https://canvas.oregonstate.edu/courses/2053526/quizzes/3160475,https://canvas.oregonstate.edu/courses/2053526/quizzes/3160475,PHY-212,linked_detail,linked_detail,00649-phy-212-linked-detail-m1-3pre-general-physics-with-calculus-ph-212-400-u2026,2026-07-08T23:22:34.701Z,2026-07-08T23:22:37.297Z,ok,,0
https://canvas.oregonstate.edu/courses/2053526/quizzes/3160500,https://canvas.oregonstate.edu/courses/2053526/quizzes/3160500,PHY-212,linked_detail,linked_detail,00650-phy-212-linked-detail-m1-4pre-general-physics-with-calculus-ph-212-400-u2026,2026-07-08T23:22:37.626Z,2026-07-08T23:22:40.893Z,ok,,0
https://canvas.oregonstate.edu/courses/2053526/quizzes/3160476,https://canvas.oregonstate.edu/courses/2053526/quizzes/3160476,PHY-212,linked_detail,linked_detail,00651-phy-212-linked-detail-m1-5pre-general-physics-with-calculus-ph-212-400-u2026,2026-07-08T23:22:40.893Z,2026-07-08T23:22:43.610Z,ok,,0
https://canvas.oregonstate.edu/courses/2053526/quizzes/3160454,https://canvas.oregonstate.edu/courses/2053526/quizzes/3160454,PHY-212,linked_detail,linked_detail,00652-phy-212-linked-detail-m1-1asy-general-physics-with-calculus-ph-212-400-u2026,2026-07-08T23:22:43.610Z,2026-07-08T23:22:46.346Z,ok,,0
https://canvas.oregonstate.edu/courses/2053526/quizzes/3160491,https://canvas.oregonstate.edu/courses/2053526/quizzes/3160491,PHY-212,linked_detail,linked_detail,00653-phy-212-linked-detail-m1-2asy-general-physics-with-calculus-ph-212-400-u2026,2026-07-08T23:22:46.346Z,2026-07-08T23:22:49.249Z,ok,,0
https://canvas.oregonstate.edu/courses/2053526/quizzes/3160508,https://canvas.oregonstate.edu/courses/2053526/quizzes/3160508,PHY-212,linked_detail,linked_detail,00654-phy-212-linked-detail-m1-3asy-general-physics-with-calculus-ph-212-400-u2026,2026-07-08T23:22:49.249Z,2026-07-08T23:22:51.846Z,ok,,0
https://canvas.oregonstate.edu/courses/2053526/quizzes/3160457,https://canvas.oregonstate.edu/courses/2053526/quizzes/3160457,PHY-212,linked_detail,linked_detail,00655-phy-212-linked-detail-m1-4asy-general-physics-with-calculus-ph-212-400-u2026,2026-07-08T23:22:52.171Z,2026-07-08T23:22:54.895Z,ok,,0
https://canvas.oregonstate.edu/courses/2053526/quizzes/3160453,https://canvas.oregonstate.edu/courses/2053526/quizzes/3160453,PHY-212,linked_detail,linked_detail,00656-phy-212-linked-detail-quiz-1a-asy-remotely-proctored-general-physics-with-calculus-ph-212-400-u2026,2026-07-08T23:22:54.895Z,2026-07-08T23:22:57.506Z,ok,,0
https://canvas.oregonstate.edu/courses/2053526/assignments/10557104,https://canvas.oregonstate.edu/courses/2053526/assignments/10557104,PHY-212,linked_detail,linked_detail,00657-phy-212-linked-detail-unauthorized,2026-07-08T23:22:57.506Z,2026-07-08T23:22:59.952Z,ok,,0
https://canvas.oregonstate.edu/courses/2053526/quizzes/3160506/take?user_id=6660414,https://canvas.oregonstate.edu/courses/2053526/quizzes/3160506/take?user_id=6660414,PHY-212,linked_detail,linked_detail,00658-phy-212-linked-detail-proctorio-practice-quiz-remotely-proctored-general-physics-with-calculus-ph-212-400-u2026,2026-07-08T23:22:59.952Z,2026-07-08T23:23:02.547Z,ok,,0
https://canvas.oregonstate.edu/courses/2053526/pages/lab-1-team-building-and-uncertainty-refresher,https://canvas.oregonstate.edu/courses/2053526/pages/lab-1-team-building-and-uncertainty-refresher,PHY-212,linked_detail,linked_detail,00659-phy-212-linked-detail-lab-1-team-building-and-uncertainty-refresher-general-physics-with-calculus-ph-212-400-u2026,2026-07-08T23:23:02.547Z,2026-07-08T23:23:05.545Z,ok,,1
https://canvas.oregonstate.edu/courses/2053526/quizzes/3160536?module_item_id=26896963#,https://canvas.oregonstate.edu/courses/2053526/quizzes/3160536?module_item_id=26896963#,PHY-212,linked_detail,linked_detail,00660-phy-212-linked-detail-lab-partner-values-survey-general-physics-with-calculus-ph-212-400-u2026,2026-07-08T23:23:05.883Z,2026-07-08T23:23:09.045Z,ok,,0
https://canvas.oregonstate.edu/courses/2053526/quizzes/3160536/questions/59026451,https://canvas.oregonstate.edu/courses/2053526/quizzes/3160536/questions/59026451,PHY-212,linked_detail,linked_detail,00661-phy-212-linked-detail-unauthorized,2026-07-08T23:23:09.045Z,2026-07-08T23:23:11.096Z,ok,,0
https://canvas.oregonstate.edu/courses/2053526/quizzes/3160536/questions/59026452,https://canvas.oregonstate.edu/courses/2053526/quizzes/3160536/questions/59026452,PHY-212,linked_detail,linked_detail,00662-phy-212-linked-detail-unauthorized,2026-07-08T23:23:11.096Z,2026-07-08T23:23:13.246Z,ok,,0
https://canvas.oregonstate.edu/courses/2053526/quizzes/3160536/questions/59026453,https://canvas.oregonstate.edu/courses/2053526/quizzes/3160536/questions/59026453,PHY-212,linked_detail,linked_detail,00663-phy-212-linked-detail-unauthorized,2026-07-08T23:23:13.246Z,2026-07-08T23:23:15.647Z,ok,,0
https://canvas.oregonstate.edu/courses/2053526/quizzes/3160536/questions/59026454,https://canvas.oregonstate.edu/courses/2053526/quizzes/3160536/questions/59026454,PHY-212,linked_detail,linked_detail,00664-phy-212-linked-detail-unauthorized,2026-07-08T23:23:15.647Z,2026-07-08T23:23:17.695Z,ok,,0
https://canvas.oregonstate.edu/courses/2053526/quizzes/3160536/questions/59026455,https://canvas.oregonstate.edu/courses/2053526/quizzes/3160536/questions/59026455,PHY-212,linked_detail,linked_detail,00665-phy-212-linked-detail-unauthorized,2026-07-08T23:23:18.053Z,2026-07-08T23:23:20.245Z,ok,,0
https://canvas.oregonstate.edu/courses/2053526/quizzes/3160536/questions/59026456,https://canvas.oregonstate.edu/courses/2053526/quizzes/3160536/questions/59026456,PHY-212,linked_detail,linked_detail,00666-phy-212-linked-detail-unauthorized,2026-07-08T23:23:20.245Z,2026-07-08T23:23:22.396Z,ok,,0
https://canvas.oregonstate.edu/courses/2053526/pages/lab-1-uncertainty-propagation,https://canvas.oregonstate.edu/courses/2053526/pages/lab-2-uncertainty-propagation,PHY-212,linked_detail,linked_detail,00667-phy-212-linked-detail-lab-2-uncertainty-propagation-general-physics-with-calculus-ph-212-400-u2026,2026-07-08T23:23:22.396Z,2026-07-08T23:23:25.647Z,ok,,1
https://canvas.oregonstate.edu/courses/2053526/files/119307451?wrap=1,https://canvas.oregonstate.edu/courses/2053526/files/119307451?wrap=1,PHY-212,linked_detail,linked_detail,00668-phy-212-linked-detail-lab-structure-and-ta-meetings-pdf-general-physics-with-calculus-ph-212-400-u2026,2026-07-08T23:23:25.647Z,2026-07-08T23:23:28.148Z,ok,,0
https://canvas.oregonstate.edu/courses/2053526/pages/lab-2-instructions-2?module_item_id=26896965#,https://canvas.oregonstate.edu/courses/2053526/pages/lab-2-instructions-2?module_item_id=26896965#,PHY-212,linked_detail,linked_detail,00669-phy-212-linked-detail-lab-2-instructions-general-physics-with-calculus-ph-212-400-u2026,2026-07-08T23:23:28.148Z,2026-07-08T23:23:30.595Z,ok,,0
https://canvas.oregonstate.edu/courses/2053526/pages/module-2-%7C-rotation-%7C-learning-materials,https://canvas.oregonstate.edu/courses/2053526/pages/module-2-%7C-rotation-%7C-learning-materials,PHY-212,linked_detail,linked_detail,00670-phy-212-linked-detail-module-2-rotation-learning-materials-general-physics-with-calculus-ph-212-400-u2026,2026-07-08T23:23:30.963Z,2026-07-08T23:23:33.698Z,ok,,0
https://canvas.oregonstate.edu/courses/2053526/pages/module-2-%7C-rotation-%7C-required-activities,https://canvas.oregonstate.edu/courses/2053526/pages/module-2-%7C-rotation-%7C-required-activities,PHY-212,linked_detail,linked_detail,00671-phy-212-linked-detail-module-2-rotation-required-activities-general-physics-with-calculus-ph-212-400-u2026,2026-07-08T23:23:33.698Z,2026-07-08T23:23:36.745Z,ok,,0
https://canvas.oregonstate.edu/courses/2053526/assignments/10556991,https://canvas.oregonstate.edu/courses/2053526/assignments/10556991,PHY-212,linked_detail,linked_detail,00672-phy-212-linked-detail-unauthorized,2026-07-08T23:23:36.745Z,2026-07-08T23:23:38.802Z,ok,,0
https://canvas.oregonstate.edu/courses/2053526/assignments/10557013,https://canvas.oregonstate.edu/courses/2053526/assignments/10557013,PHY-212,linked_detail,linked_detail,00673-phy-212-linked-detail-unauthorized,2026-07-08T23:23:38.802Z,2026-07-08T23:23:40.942Z,ok,,0
https://canvas.oregonstate.edu/courses/2053526/assignments/10557015,https://canvas.oregonstate.edu/courses/2053526/assignments/10557015,PHY-212,linked_detail,linked_detail,00674-phy-212-linked-detail-unauthorized,2026-07-08T23:23:40.942Z,2026-07-08T23:23:43.049Z,ok,,0
https://canvas.oregonstate.edu/courses/2053526/assignments/10557027,https://canvas.oregonstate.edu/courses/2053526/assignments/10557027,PHY-212,linked_detail,linked_detail,00675-phy-212-linked-detail-unauthorized,2026-07-08T23:23:43.416Z,2026-07-08T23:23:45.592Z,ok,,0
https://canvas.oregonstate.edu/courses/2053526/assignments/10556937,https://canvas.oregonstate.edu/courses/2053526/assignments/10556937,PHY-212,linked_detail,linked_detail,00676-phy-212-linked-detail-unauthorized,2026-07-08T23:23:45.592Z,2026-07-08T23:23:47.697Z,ok,,0
https://canvas.oregonstate.edu/courses/2053526/assignments/10556943,https://canvas.oregonstate.edu/courses/2053526/assignments/10556943,PHY-212,linked_detail,linked_detail,00677-phy-212-linked-detail-unauthorized,2026-07-08T23:23:47.697Z,2026-07-08T23:23:49.696Z,ok,,0
https://canvas.oregonstate.edu/courses/2053526/assignments/10556996,https://canvas.oregonstate.edu/courses/2053526/assignments/10556996,PHY-212,linked_detail,linked_detail,00678-phy-212-linked-detail-unauthorized,2026-07-08T23:23:49.696Z,2026-07-08T23:23:51.886Z,ok,,0
https://canvas.oregonstate.edu/courses/2053526/assignments/10556959,https://canvas.oregonstate.edu/courses/2053526/assignments/10556959,PHY-212,linked_detail,linked_detail,00679-phy-212-linked-detail-unauthorized,2026-07-08T23:23:51.886Z,2026-07-08T23:23:53.951Z,ok,,0
https://canvas.oregonstate.edu/courses/2053526/quizzes/3160535,https://canvas.oregonstate.edu/courses/2053526/quizzes/3160535,PHY-212,linked_detail,linked_detail,00680-phy-212-linked-detail-quiz-2a-asy-remotely-proctored-general-physics-with-calculus-ph-212-400-u2026,2026-07-08T23:24:00.539Z,2026-07-08T23:24:03.994Z,ok,,0
https://canvas.oregonstate.edu/courses/2053526/quizzes/3160503,https://canvas.oregonstate.edu/courses/2053526/quizzes/3160503,PHY-212,linked_detail,linked_detail,00681-phy-212-linked-detail-quiz-2b-asy-remotely-proctored-general-physics-with-calculus-ph-212-400-u2026,2026-07-08T23:24:03.994Z,2026-07-08T23:24:06.444Z,ok,,0
https://canvas.oregonstate.edu/courses/2053526/assignments/10557112,https://canvas.oregonstate.edu/courses/2053526/assignments/10557112,PHY-212,linked_detail,linked_detail,00682-phy-212-linked-detail-unauthorized,2026-07-08T23:24:06.444Z,2026-07-08T23:24:08.645Z,ok,,0
https://canvas.oregonstate.edu/courses/2053526/pages/lab-2-hypothesis-testing,https://canvas.oregonstate.edu/courses/2053526/pages/lab-3-hypothesis-testing,PHY-212,linked_detail,linked_detail,00683-phy-212-linked-detail-lab-3-hypothesis-testing-general-physics-with-calculus-ph-212-400-u2026,2026-07-08T23:24:08.645Z,2026-07-08T23:24:12.596Z,ok,,1
https://canvas.oregonstate.edu/courses/2053526/quizzes/3160510/take?user_id=6660414,https://canvas.oregonstate.edu/courses/2053526/quizzes/3160510/take?user_id=6660414,PHY-212,linked_detail,linked_detail,00684-phy-212-linked-detail-lab-group-check-in-survey-lab-3-general-physics-with-calculus-ph-212-400-u2026,2026-07-08T23:24:12.596Z,2026-07-08T23:24:15.046Z,ok,,0
https://canvas.oregonstate.edu/courses/2053526/files/118706030?wrap=1,https://canvas.oregonstate.edu/courses/2053526/files/118706030?wrap=1,PHY-212,linked_detail,linked_detail,00685-phy-212-linked-detail-ph211-excel-skills-ref-xlsx-general-physics-with-calculus-ph-212-400-u2026,2026-07-08T23:24:15.413Z,2026-07-08T23:24:17.745Z,ok,,0
https://canvas.oregonstate.edu/courses/2053526/files/118706028?wrap=1,https://canvas.oregonstate.edu/courses/2053526/files/118706028?wrap=1,PHY-212,linked_detail,linked_detail,00686-phy-212-linked-detail-ph211-basic-excel-workflows-pptx-general-physics-with-calculus-ph-212-400-u2026,2026-07-08T23:24:17.745Z,2026-07-08T23:24:20.050Z,ok,,0
https://canvas.oregonstate.edu/courses/2053526/pages/excel-skills-handout-2?module_item_id=26896976#,https://canvas.oregonstate.edu/courses/2053526/pages/excel-skills-handout-2?module_item_id=26896976#,PHY-212,linked_detail,linked_detail,00687-phy-212-linked-detail-excel-skills-handout-general-physics-with-calculus-ph-212-400-u2026,2026-07-08T23:24:20.050Z,2026-07-08T23:24:23.002Z,ok,,0
https://canvas.oregonstate.edu/courses/2053526/files/118706032?wrap=1,https://canvas.oregonstate.edu/courses/2053526/files/118706032?wrap=1,PHY-212,linked_detail,linked_detail,00688-phy-212-linked-detail-ph211-data-time-distance-txt-general-physics-with-calculus-ph-212-400-u2026,2026-07-08T23:24:23.002Z,2026-07-08T23:24:25.453Z,ok,,0
https://canvas.oregonstate.edu/courses/2053526/files/118706035?wrap=1,https://canvas.oregonstate.edu/courses/2053526/files/118706035?wrap=1,PHY-212,linked_detail,linked_detail,00689-phy-212-linked-detail-ph211-excel-data-analysis-pptx-general-physics-with-calculus-ph-212-400-u2026,2026-07-08T23:24:25.453Z,2026-07-08T23:24:27.804Z,ok,,0
https://canvas.oregonstate.edu/courses/2053526/files/118706027?wrap=1,https://canvas.oregonstate.edu/courses/2053526/files/118706027?wrap=1,PHY-212,linked_detail,linked_detail,00690-phy-212-linked-detail-ph211-excel-derivitives-integrals-pptx-general-physics-with-calculus-ph-212-400-u2026,2026-07-08T23:24:28.208Z,2026-07-08T23:24:30.708Z,ok,,0
https://canvas.oregonstate.edu/courses/2053526/quizzes/3160514/take?user_id=6660414,https://canvas.oregonstate.edu/courses/2053526/quizzes/3160514/take?user_id=6660414,PHY-212,linked_detail,linked_detail,00691-phy-212-linked-detail-m1-1pre-general-physics-with-calculus-ph-212-400-u2026,2026-07-08T23:24:30.708Z,2026-07-08T23:24:33.852Z,ok,,0
https://canvas.oregonstate.edu/courses/2053526/quizzes/3160514/history?version=1,https://canvas.oregonstate.edu/courses/2053526/quizzes/3160514/history?version=1,PHY-212,linked_detail,linked_detail,00692-phy-212-linked-detail-jacob-peterson-s-quiz-history-m1-1pre,2026-07-08T23:24:33.852Z,2026-07-08T23:24:36.206Z,ok,,0
https://canvas.oregonstate.edu/courses/2053526/quizzes/3160514#,https://canvas.oregonstate.edu/courses/2053526/quizzes/3160514#,PHY-212,linked_detail,linked_detail,00693-phy-212-linked-detail-m1-1pre-general-physics-with-calculus-ph-212-400-u2026,2026-07-08T23:24:36.206Z,2026-07-08T23:24:40.748Z,ok,,0
https://canvas.oregonstate.edu/courses/2053526/quizzes/3160514/questions/59026348,https://canvas.oregonstate.edu/courses/2053526/quizzes/3160514/questions/59026348,PHY-212,linked_detail,linked_detail,00694-phy-212-linked-detail-unauthorized,2026-07-08T23:24:40.748Z,2026-07-08T23:24:43.095Z,ok,,0
https://canvas.oregonstate.edu/courses/2053526/quizzes/3169000/take?user_id=6660414,https://canvas.oregonstate.edu/courses/2053526/quizzes/3169000/take?user_id=6660414,PHY-212,linked_detail,linked_detail,00695-phy-212-linked-detail-m1-0asy-general-physics-with-calculus-ph-212-400-u2026,2026-07-08T23:24:43.460Z,2026-07-08T23:24:45.753Z,ok,,0
https://canvas.oregonstate.edu/courses/2053526/quizzes/3169000/history?version=1,https://canvas.oregonstate.edu/courses/2053526/quizzes/3169000/history?version=1,PHY-212,linked_detail,linked_detail,00696-phy-212-linked-detail-jacob-peterson-s-quiz-history-m1-0asy,2026-07-08T23:24:45.753Z,2026-07-08T23:24:48.196Z,ok,,0
https://canvas.oregonstate.edu/courses/2053526/quizzes/3169000#,https://canvas.oregonstate.edu/courses/2053526/quizzes/3169000#,PHY-212,linked_detail,linked_detail,00697-phy-212-linked-detail-m1-0asy-general-physics-with-calculus-ph-212-400-u2026,2026-07-08T23:24:48.196Z,2026-07-08T23:24:50.848Z,ok,,0
https://canvas.oregonstate.edu/courses/2053526/quizzes/3169000/questions/59169876,https://canvas.oregonstate.edu/courses/2053526/quizzes/3169000/questions/59169876,PHY-212,linked_detail,linked_detail,00698-phy-212-linked-detail-unauthorized,2026-07-08T23:24:50.848Z,2026-07-08T23:24:53.093Z,ok,,0
https://canvas.oregonstate.edu/courses/2053526/quizzes/3169000/questions/59169879,https://canvas.oregonstate.edu/courses/2053526/quizzes/3169000/questions/59169879,PHY-212,linked_detail,linked_detail,00699-phy-212-linked-detail-unauthorized,2026-07-08T23:24:53.093Z,2026-07-08T23:24:55.296Z,ok,,0
https://canvas.oregonstate.edu/courses/2053526/quizzes/3160464/take?user_id=6660414,https://canvas.oregonstate.edu/courses/2053526/quizzes/3160464/take?user_id=6660414,PHY-212,linked_detail,linked_detail,00700-phy-212-linked-detail-m1-2pre-general-physics-with-calculus-ph-212-400-u2026,2026-07-08T23:24:55.671Z,2026-07-08T23:24:58.295Z,ok,,0
https://canvas.oregonstate.edu/courses/2053526/quizzes/3160464/history?version=1,https://canvas.oregonstate.edu/courses/2053526/quizzes/3160464/history?version=1,PHY-212,linked_detail,linked_detail,00701-phy-212-linked-detail-jacob-peterson-s-quiz-history-m1-2pre,2026-07-08T23:24:58.295Z,2026-07-08T23:25:00.544Z,ok,,0
https://canvas.oregonstate.edu/courses/2053526/quizzes/3160464#,https://canvas.oregonstate.edu/courses/2053526/quizzes/3160464#,PHY-212,linked_detail,linked_detail,00702-phy-212-linked-detail-m1-2pre-general-physics-with-calculus-ph-212-400-u2026,2026-07-08T23:25:00.544Z,2026-07-08T23:25:03.146Z,ok,,0
https://canvas.oregonstate.edu/courses/2053526/quizzes/3160464/questions/59026118,https://canvas.oregonstate.edu/courses/2053526/quizzes/3160464/questions/59026118,PHY-212,linked_detail,linked_detail,00703-phy-212-linked-detail-unauthorized,2026-07-08T23:25:03.146Z,2026-07-08T23:25:05.543Z,ok,,0
https://canvas.oregonstate.edu/courses/2053526/quizzes/3169001/take?user_id=6660414,https://canvas.oregonstate.edu/courses/2053526/quizzes/3169001/take?user_id=6660414,PHY-212,linked_detail,linked_detail,00704-phy-212-linked-detail-m1-00asy-general-physics-with-calculus-ph-212-400-u2026,2026-07-08T23:25:05.543Z,2026-07-08T23:25:08.745Z,ok,,0
https://canvas.oregonstate.edu/courses/2053526/quizzes/3169001/history?version=1,https://canvas.oregonstate.edu/courses/2053526/quizzes/3169001/history?version=1,PHY-212,linked_detail,linked_detail,00705-phy-212-linked-detail-jacob-peterson-s-quiz-history-m1-00asy,2026-07-08T23:25:09.191Z,2026-07-08T23:25:11.945Z,ok,,0
https://canvas.oregonstate.edu/courses/2053526/quizzes/3169001#,https://canvas.oregonstate.edu/courses/2053526/quizzes/3169001#,PHY-212,linked_detail,linked_detail,00706-phy-212-linked-detail-m1-00asy-general-physics-with-calculus-ph-212-400-u2026,2026-07-08T23:25:11.945Z,2026-07-08T23:25:14.649Z,ok,,0
https://canvas.oregonstate.edu/courses/2053526/quizzes/3169001/questions/59169187,https://canvas.oregonstate.edu/courses/2053526/quizzes/3169001/questions/59169187,PHY-212,linked_detail,linked_detail,00707-phy-212-linked-detail-unauthorized,2026-07-08T23:25:14.649Z,2026-07-08T23:25:16.793Z,ok,,0
https://canvas.oregonstate.edu/courses/2053526/quizzes/3169001/questions/59174672,https://canvas.oregonstate.edu/courses/2053526/quizzes/3169001/questions/59174672,PHY-212,linked_detail,linked_detail,00708-phy-212-linked-detail-unauthorized,2026-07-08T23:25:16.793Z,2026-07-08T23:25:19.001Z,ok,,0
https://canvas.oregonstate.edu/courses/2053526/quizzes/3169001/questions/59174670,https://canvas.oregonstate.edu/courses/2053526/quizzes/3169001/questions/59174670,PHY-212,linked_detail,linked_detail,00709-phy-212-linked-detail-unauthorized,2026-07-08T23:25:19.001Z,2026-07-08T23:25:21.354Z,ok,,0
https://canvas.oregonstate.edu/courses/2053526/quizzes/3169001/questions/59174671,https://canvas.oregonstate.edu/courses/2053526/quizzes/3169001/questions/59174671,PHY-212,linked_detail,linked_detail,00710-phy-212-linked-detail-unauthorized,2026-07-08T23:25:21.731Z,2026-07-08T23:25:23.796Z,ok,,0
https://canvas.oregonstate.edu/courses/2053526/pages/scanning-resources,https://canvas.oregonstate.edu/courses/2053526/pages/scanning-resources,PHY-212,linked_detail,linked_detail,00711-phy-212-linked-detail-scanning-resources-general-physics-with-calculus-ph-212-400-u2026,2026-07-08T23:25:23.796Z,2026-07-08T23:25:26.094Z,ok,,0
https://canvas.oregonstate.edu/courses/2053526/quizzes/3160454/take?user_id=6660414,https://canvas.oregonstate.edu/courses/2053526/quizzes/3160454/take?user_id=6660414,PHY-212,linked_detail,linked_detail,00712-phy-212-linked-detail-m1-1asy-general-physics-with-calculus-ph-212-400-u2026,2026-07-08T23:25:26.094Z,2026-07-08T23:25:28.796Z,ok,,0
https://canvas.oregonstate.edu/courses/2053526/quizzes/3160454/history?version=1,https://canvas.oregonstate.edu/courses/2053526/quizzes/3160454/history?version=1,PHY-212,linked_detail,linked_detail,00713-phy-212-linked-detail-jacob-peterson-s-quiz-history-m1-1asy,2026-07-08T23:25:28.796Z,2026-07-08T23:25:31.296Z,ok,,0
https://canvas.oregonstate.edu/courses/2053526/quizzes/3160454/questions/59026073,https://canvas.oregonstate.edu/courses/2053526/quizzes/3160454/questions/59026073,PHY-212,linked_detail,linked_detail,00714-phy-212-linked-detail-unauthorized,2026-07-08T23:25:31.296Z,2026-07-08T23:25:33.349Z,ok,,0
https://canvas.oregonstate.edu/courses/2053526/quizzes/3160454/questions/59176462,https://canvas.oregonstate.edu/courses/2053526/quizzes/3160454/questions/59176462,PHY-212,linked_detail,linked_detail,00715-phy-212-linked-detail-unauthorized,2026-07-08T23:25:39.744Z,2026-07-08T23:25:42.798Z,ok,,0
https://canvas.oregonstate.edu/courses/2053526/quizzes/3160454/questions/59176463,https://canvas.oregonstate.edu/courses/2053526/quizzes/3160454/questions/59176463,PHY-212,linked_detail,linked_detail,00716-phy-212-linked-detail-unauthorized,2026-07-08T23:25:42.798Z,2026-07-08T23:25:45.016Z,ok,,0
https://canvas.oregonstate.edu/courses/2053526/quizzes/3160454/questions/59026074,https://canvas.oregonstate.edu/courses/2053526/quizzes/3160454/questions/59026074,PHY-212,linked_detail,linked_detail,00717-phy-212-linked-detail-unauthorized,2026-07-08T23:25:45.016Z,2026-07-08T23:25:47.142Z,ok,,0
https://canvas.oregonstate.edu/courses/2053526/quizzes/3160454/questions/59026075,https://canvas.oregonstate.edu/courses/2053526/quizzes/3160454/questions/59026075,PHY-212,linked_detail,linked_detail,00718-phy-212-linked-detail-unauthorized,2026-07-08T23:25:47.142Z,2026-07-08T23:25:49.302Z,ok,,0
https://canvas.oregonstate.edu/courses/2053526/quizzes/3160491/take?user_id=6660414,https://canvas.oregonstate.edu/courses/2053526/quizzes/3160491/take?user_id=6660414,PHY-212,linked_detail,linked_detail,00719-phy-212-linked-detail-m1-2asy-general-physics-with-calculus-ph-212-400-u2026,2026-07-08T23:25:49.302Z,2026-07-08T23:25:51.995Z,ok,,0
https://canvas.oregonstate.edu/courses/2053526/quizzes/3160491/history?version=1,https://canvas.oregonstate.edu/courses/2053526/quizzes/3160491/history?version=1,PHY-212,linked_detail,linked_detail,00720-phy-212-linked-detail-jacob-peterson-s-quiz-history-m1-2asy,2026-07-08T23:25:52.383Z,2026-07-08T23:25:55.243Z,ok,,0
https://canvas.oregonstate.edu/courses/2053526/quizzes/3160491/questions/59026256,https://canvas.oregonstate.edu/courses/2053526/quizzes/3160491/questions/59026256,PHY-212,linked_detail,linked_detail,00721-phy-212-linked-detail-unauthorized,2026-07-08T23:25:55.243Z,2026-07-08T23:25:57.495Z,ok,,0
https://canvas.oregonstate.edu/courses/2053526/quizzes/3160491/questions/59026257,https://canvas.oregonstate.edu/courses/2053526/quizzes/3160491/questions/59026257,PHY-212,linked_detail,linked_detail,00722-phy-212-linked-detail-unauthorized,2026-07-08T23:25:57.495Z,2026-07-08T23:25:59.696Z,ok,,0
https://canvas.oregonstate.edu/courses/2053526/quizzes/3160491/questions/59026258,https://canvas.oregonstate.edu/courses/2053526/quizzes/3160491/questions/59026258,PHY-212,linked_detail,linked_detail,00723-phy-212-linked-detail-unauthorized,2026-07-08T23:25:59.696Z,2026-07-08T23:26:01.802Z,ok,,0
https://canvas.oregonstate.edu/courses/2053526/quizzes/3160491/questions/59026259,https://canvas.oregonstate.edu/courses/2053526/quizzes/3160491/questions/59026259,PHY-212,linked_detail,linked_detail,00724-phy-212-linked-detail-unauthorized,2026-07-08T23:26:01.802Z,2026-07-08T23:26:04.003Z,ok,,0
https://canvas.oregonstate.edu/courses/2053526/quizzes/3160491/questions/59178579,https://canvas.oregonstate.edu/courses/2053526/quizzes/3160491/questions/59178579,PHY-212,linked_detail,linked_detail,00725-phy-212-linked-detail-unauthorized,2026-07-08T23:26:04.386Z,2026-07-08T23:26:06.698Z,ok,,0
https://canvas.oregonstate.edu/courses/2053526/quizzes/3160491/questions/59026260,https://canvas.oregonstate.edu/courses/2053526/quizzes/3160491/questions/59026260,PHY-212,linked_detail,linked_detail,00726-phy-212-linked-detail-unauthorized,2026-07-08T23:26:06.698Z,2026-07-08T23:26:08.843Z,ok,,0
https://canvas.oregonstate.edu/courses/2053526/quizzes/3160491/questions/59026261,https://canvas.oregonstate.edu/courses/2053526/quizzes/3160491/questions/59026261,PHY-212,linked_detail,linked_detail,00727-phy-212-linked-detail-unauthorized,2026-07-08T23:26:08.843Z,2026-07-08T23:26:11.207Z,ok,,0
https://canvas.oregonstate.edu/courses/2053526/quizzes/3160536#,https://canvas.oregonstate.edu/courses/2053526/quizzes/3160536#,PHY-212,linked_detail,linked_detail,00728-phy-212-linked-detail-lab-partner-values-survey-general-physics-with-calculus-ph-212-400-u2026,2026-07-08T23:26:11.207Z,2026-07-08T23:26:13.797Z,ok,,0
https://canvas.oregonstate.edu/courses/2053526/quizzes/3160489/take?user_id=6660414,https://canvas.oregonstate.edu/courses/2053526/quizzes/3160489/take?user_id=6660414,PHY-212,linked_detail,linked_detail,00729-phy-212-linked-detail-hw-1-rotational-motion-general-physics-with-calculus-ph-212-400-u2026,2026-07-08T23:26:13.797Z,2026-07-08T23:26:16.996Z,ok,,0
https://canvas.oregonstate.edu/courses/2053526/quizzes/3160489/history?version=2,https://canvas.oregonstate.edu/courses/2053526/quizzes/3160489/history?version=2,PHY-212,linked_detail,linked_detail,00730-phy-212-linked-detail-jacob-peterson-s-quiz-history-hw-1-rotational-motion,2026-07-08T23:26:17.387Z,2026-07-08T23:26:20.709Z,ok,,0
https://canvas.oregonstate.edu/courses/2053526/quizzes/3160489/history?version=1,https://canvas.oregonstate.edu/courses/2053526/quizzes/3160489/history?version=1,PHY-212,linked_detail,linked_detail,00731-phy-212-linked-detail-jacob-peterson-s-quiz-history-hw-1-rotational-motion,2026-07-08T23:26:20.709Z,2026-07-08T23:26:24.346Z,ok,,0
https://canvas.oregonstate.edu/courses/2053526/quizzes/3160489#,https://canvas.oregonstate.edu/courses/2053526/quizzes/3160489#,PHY-212,linked_detail,linked_detail,00732-phy-212-linked-detail-hw-1-rotational-motion-general-physics-with-calculus-ph-212-400-u2026,2026-07-08T23:26:24.346Z,2026-07-08T23:26:27.547Z,ok,,0
https://canvas.oregonstate.edu/courses/2053526/quizzes/3160489/questions/59026233,https://canvas.oregonstate.edu/courses/2053526/quizzes/3160489/questions/59026233,PHY-212,linked_detail,linked_detail,00733-phy-212-linked-detail-unauthorized,2026-07-08T23:26:27.547Z,2026-07-08T23:26:30.043Z,ok,,0
https://canvas.oregonstate.edu/courses/2053526/quizzes/3160489/questions/59026234,https://canvas.oregonstate.edu/courses/2053526/quizzes/3160489/questions/59026234,PHY-212,linked_detail,linked_detail,00734-phy-212-linked-detail-unauthorized,2026-07-08T23:26:30.043Z,2026-07-08T23:26:32.201Z,ok,,0
https://canvas.oregonstate.edu/courses/2053526/quizzes/3160489/questions/59026235,https://canvas.oregonstate.edu/courses/2053526/quizzes/3160489/questions/59026235,PHY-212,linked_detail,linked_detail,00735-phy-212-linked-detail-unauthorized,2026-07-08T23:26:32.604Z,2026-07-08T23:26:34.842Z,ok,,0
https://canvas.oregonstate.edu/courses/2053526/quizzes/3160489/questions/59026236,https://canvas.oregonstate.edu/courses/2053526/quizzes/3160489/questions/59026236,PHY-212,linked_detail,linked_detail,00736-phy-212-linked-detail-unauthorized,2026-07-08T23:26:34.842Z,2026-07-08T23:26:36.942Z,ok,,0
https://canvas.oregonstate.edu/courses/2053526/quizzes/3160489/questions/59026237,https://canvas.oregonstate.edu/courses/2053526/quizzes/3160489/questions/59026237,PHY-212,linked_detail,linked_detail,00737-phy-212-linked-detail-unauthorized,2026-07-08T23:26:36.942Z,2026-07-08T23:26:39.047Z,ok,,0
https://canvas.oregonstate.edu/courses/2053526/quizzes/3160489/questions/59026238,https://canvas.oregonstate.edu/courses/2053526/quizzes/3160489/questions/59026238,PHY-212,linked_detail,linked_detail,00738-phy-212-linked-detail-unauthorized,2026-07-08T23:26:39.047Z,2026-07-08T23:26:41.295Z,ok,,0
https://canvas.oregonstate.edu/courses/2053526/quizzes/3160489/questions/59026239,https://canvas.oregonstate.edu/courses/2053526/quizzes/3160489/questions/59026239,PHY-212,linked_detail,linked_detail,00739-phy-212-linked-detail-unauthorized,2026-07-08T23:26:41.295Z,2026-07-08T23:26:43.448Z,ok,,0
https://canvas.oregonstate.edu/courses/2053526/quizzes/3160489/questions/59026240,https://canvas.oregonstate.edu/courses/2053526/quizzes/3160489/questions/59026240,PHY-212,linked_detail,linked_detail,00740-phy-212-linked-detail-unauthorized,2026-07-08T23:26:43.815Z,2026-07-08T23:26:46.249Z,ok,,0
https://canvas.oregonstate.edu/courses/2053526/quizzes/3160489/questions/59026241,https://canvas.oregonstate.edu/courses/2053526/quizzes/3160489/questions/59026241,PHY-212,linked_detail,linked_detail,00741-phy-212-linked-detail-unauthorized,2026-07-08T23:26:46.249Z,2026-07-08T23:26:48.394Z,ok,,0
https://canvas.oregonstate.edu/courses/2053526/quizzes/3160489/questions/59026242,https://canvas.oregonstate.edu/courses/2053526/quizzes/3160489/questions/59026242,PHY-212,linked_detail,linked_detail,00742-phy-212-linked-detail-unauthorized,2026-07-08T23:26:48.394Z,2026-07-08T23:26:50.572Z,ok,,0
https://canvas.oregonstate.edu/courses/2053526/quizzes/3160489/questions/59026243,https://canvas.oregonstate.edu/courses/2053526/quizzes/3160489/questions/59026243,PHY-212,linked_detail,linked_detail,00743-phy-212-linked-detail-unauthorized,2026-07-08T23:26:50.572Z,2026-07-08T23:26:52.807Z,ok,,0
https://canvas.oregonstate.edu/courses/2053526/quizzes/3160489/questions/59026244,https://canvas.oregonstate.edu/courses/2053526/quizzes/3160489/questions/59026244,PHY-212,linked_detail,linked_detail,00744-phy-212-linked-detail-unauthorized,2026-07-08T23:26:52.807Z,2026-07-08T23:26:55.853Z,ok,,0
https://canvas.oregonstate.edu/courses/2053526/quizzes/3160489/questions/59026245,https://canvas.oregonstate.edu/courses/2053526/quizzes/3160489/questions/59026245,PHY-212,linked_detail,linked_detail,00745-phy-212-linked-detail-unauthorized,2026-07-08T23:26:56.234Z,2026-07-08T23:26:58.351Z,ok,,0
https://canvas.oregonstate.edu/courses/2053526/quizzes/3160489/questions/59026246,https://canvas.oregonstate.edu/courses/2053526/quizzes/3160489/questions/59026246,PHY-212,linked_detail,linked_detail,00746-phy-212-linked-detail-unauthorized,2026-07-08T23:26:58.351Z,2026-07-08T23:27:00.495Z,ok,,0
https://canvas.oregonstate.edu/courses/2053526/quizzes/3160489/questions/59026247,https://canvas.oregonstate.edu/courses/2053526/quizzes/3160489/questions/59026247,PHY-212,linked_detail,linked_detail,00747-phy-212-linked-detail-unauthorized,2026-07-08T23:27:00.495Z,2026-07-08T23:27:02.598Z,ok,,0
https://canvas.oregonstate.edu/courses/2053526/quizzes/3160475/history?version=1,https://canvas.oregonstate.edu/courses/2053526/quizzes/3160475/history?version=1,PHY-212,linked_detail,linked_detail,00748-phy-212-linked-detail-jacob-peterson-s-quiz-history-m1-3pre,2026-07-08T23:27:02.598Z,2026-07-08T23:27:05.198Z,ok,,0
https://canvas.oregonstate.edu/courses/2053526/quizzes/3160475/questions/59026167,https://canvas.oregonstate.edu/courses/2053526/quizzes/3160475/questions/59026167,PHY-212,linked_detail,linked_detail,00749-phy-212-linked-detail-unauthorized,2026-07-08T23:27:05.198Z,2026-07-08T23:27:07.398Z,ok,,0
https://canvas.oregonstate.edu/courses/2053526/quizzes/3160500/history?version=1,https://canvas.oregonstate.edu/courses/2053526/quizzes/3160500/history?version=1,PHY-212,linked_detail,linked_detail,00750-phy-212-linked-detail-jacob-peterson-s-quiz-history-m1-4pre,2026-07-08T23:27:17.547Z,2026-07-08T23:27:20.896Z,ok,,0
https://canvas.oregonstate.edu/courses/2053526/quizzes/3160500/questions/59026278,https://canvas.oregonstate.edu/courses/2053526/quizzes/3160500/questions/59026278,PHY-212,linked_detail,linked_detail,00751-phy-212-linked-detail-unauthorized,2026-07-08T23:27:20.896Z,2026-07-08T23:27:23.251Z,ok,,0
https://canvas.oregonstate.edu/courses/2053526/quizzes/3160476/history?version=1,https://canvas.oregonstate.edu/courses/2053526/quizzes/3160476/history?version=1,PHY-212,linked_detail,linked_detail,00752-phy-212-linked-detail-jacob-peterson-s-quiz-history-m1-5pre,2026-07-08T23:27:23.251Z,2026-07-08T23:27:29.345Z,ok,,0
https://canvas.oregonstate.edu/courses/2053526/quizzes/3160476/questions/59026168,https://canvas.oregonstate.edu/courses/2053526/quizzes/3160476/questions/59026168,PHY-212,linked_detail,linked_detail,00753-phy-212-linked-detail-unauthorized,2026-07-08T23:27:29.345Z,2026-07-08T23:27:32.646Z,ok,,0
https://canvas.oregonstate.edu/courses/2053526/quizzes/3160508/take?user_id=6660414,https://canvas.oregonstate.edu/courses/2053526/quizzes/3160508/take?user_id=6660414,PHY-212,linked_detail,linked_detail,00754-phy-212-linked-detail-m1-3asy-general-physics-with-calculus-ph-212-400-u2026,2026-07-08T23:27:32.646Z,2026-07-08T23:27:35.346Z,ok,,0
https://canvas.oregonstate.edu/courses/2053526/quizzes/3160508/history?version=1,https://canvas.oregonstate.edu/courses/2053526/quizzes/3160508/history?version=1,PHY-212,linked_detail,linked_detail,00755-phy-212-linked-detail-jacob-peterson-s-quiz-history-m1-3asy,2026-07-08T23:27:35.746Z,2026-07-08T23:27:38.494Z,ok,,0
https://canvas.oregonstate.edu/courses/2053526/quizzes/3160508/questions/59026315,https://canvas.oregonstate.edu/courses/2053526/quizzes/3160508/questions/59026315,PHY-212,linked_detail,linked_detail,00756-phy-212-linked-detail-unauthorized,2026-07-08T23:27:38.495Z,2026-07-08T23:27:40.649Z,ok,,0
https://canvas.oregonstate.edu/courses/2053526/quizzes/3160508/questions/59026316,https://canvas.oregonstate.edu/courses/2053526/quizzes/3160508/questions/59026316,PHY-212,linked_detail,linked_detail,00757-phy-212-linked-detail-unauthorized,2026-07-08T23:27:40.649Z,2026-07-08T23:27:42.704Z,ok,,0
https://canvas.oregonstate.edu/courses/2053526/quizzes/3160508/questions/59026317,https://canvas.oregonstate.edu/courses/2053526/quizzes/3160508/questions/59026317,PHY-212,linked_detail,linked_detail,00758-phy-212-linked-detail-unauthorized,2026-07-08T23:27:42.704Z,2026-07-08T23:27:44.794Z,ok,,0
https://canvas.oregonstate.edu/courses/2053526/quizzes/3160508/questions/59026318,https://canvas.oregonstate.edu/courses/2053526/quizzes/3160508/questions/59026318,PHY-212,linked_detail,linked_detail,00759-phy-212-linked-detail-unauthorized,2026-07-08T23:27:44.794Z,2026-07-08T23:27:47.445Z,ok,,0
https://canvas.oregonstate.edu/courses/2053526/quizzes/3160508/questions/59026319,https://canvas.oregonstate.edu/courses/2053526/quizzes/3160508/questions/59026319,PHY-212,linked_detail,linked_detail,00760-phy-212-linked-detail-unauthorized,2026-07-08T23:27:47.813Z,2026-07-08T23:27:50.046Z,ok,,0
https://canvas.oregonstate.edu/courses/2053526/quizzes/3160508/questions/59026320,https://canvas.oregonstate.edu/courses/2053526/quizzes/3160508/questions/59026320,PHY-212,linked_detail,linked_detail,00761-phy-212-linked-detail-unauthorized,2026-07-08T23:27:50.046Z,2026-07-08T23:27:52.298Z,ok,,0
https://canvas.oregonstate.edu/courses/2053526/quizzes/3160508/questions/59026321,https://canvas.oregonstate.edu/courses/2053526/quizzes/3160508/questions/59026321,PHY-212,linked_detail,linked_detail,00762-phy-212-linked-detail-unauthorized,2026-07-08T23:27:52.298Z,2026-07-08T23:27:54.396Z,ok,,0
https://canvas.oregonstate.edu/courses/2053526/quizzes/3160457/take?user_id=6660414,https://canvas.oregonstate.edu/courses/2053526/quizzes/3160457/take?user_id=6660414,PHY-212,linked_detail,linked_detail,00763-phy-212-linked-detail-m1-4asy-general-physics-with-calculus-ph-212-400-u2026,2026-07-08T23:27:54.396Z,2026-07-08T23:27:57.149Z,ok,,0
https://canvas.oregonstate.edu/courses/2053526/quizzes/3160457/history?version=1,https://canvas.oregonstate.edu/courses/2053526/quizzes/3160457/history?version=1,PHY-212,linked_detail,linked_detail,00764-phy-212-linked-detail-jacob-peterson-s-quiz-history-m1-4asy,2026-07-08T23:27:57.149Z,2026-07-08T23:27:59.836Z,ok,,0
https://canvas.oregonstate.edu/courses/2053526/quizzes/3160457/questions/59026083,https://canvas.oregonstate.edu/courses/2053526/quizzes/3160457/questions/59026083,PHY-212,linked_detail,linked_detail,00765-phy-212-linked-detail-unauthorized,2026-07-08T23:28:00.245Z,2026-07-08T23:28:02.443Z,ok,,0
https://canvas.oregonstate.edu/courses/2053526/quizzes/3160457/questions/59026082,https://canvas.oregonstate.edu/courses/2053526/quizzes/3160457/questions/59026082,PHY-212,linked_detail,linked_detail,00766-phy-212-linked-detail-unauthorized,2026-07-08T23:28:02.443Z,2026-07-08T23:28:04.495Z,ok,,0
https://canvas.oregonstate.edu/courses/2053526/quizzes/3160457/questions/59026084,https://canvas.oregonstate.edu/courses/2053526/quizzes/3160457/questions/59026084,PHY-212,linked_detail,linked_detail,00767-phy-212-linked-detail-unauthorized,2026-07-08T23:28:04.495Z,2026-07-08T23:28:06.653Z,ok,,0
https://canvas.oregonstate.edu/courses/2053526/quizzes/3160457/questions/59186604,https://canvas.oregonstate.edu/courses/2053526/quizzes/3160457/questions/59186604,PHY-212,linked_detail,linked_detail,00768-phy-212-linked-detail-unauthorized,2026-07-08T23:28:06.653Z,2026-07-08T23:28:12.746Z,ok,,0
https://canvas.oregonstate.edu/courses/2053526/quizzes/3160457/questions/59186599,https://canvas.oregonstate.edu/courses/2053526/quizzes/3160457/questions/59186599,PHY-212,linked_detail,linked_detail,00769-phy-212-linked-detail-unauthorized,2026-07-08T23:28:12.746Z,2026-07-08T23:28:14.853Z,ok,,0
https://canvas.oregonstate.edu/courses/2053526/quizzes/3160457/questions/59186611,https://canvas.oregonstate.edu/courses/2053526/quizzes/3160457/questions/59186611,PHY-212,linked_detail,linked_detail,00770-phy-212-linked-detail-unauthorized,2026-07-08T23:28:15.228Z,2026-07-08T23:28:17.242Z,ok,,0
https://canvas.oregonstate.edu/courses/2053526/quizzes/3160457/questions/59026085,https://canvas.oregonstate.edu/courses/2053526/quizzes/3160457/questions/59026085,PHY-212,linked_detail,linked_detail,00771-phy-212-linked-detail-unauthorized,2026-07-08T23:28:17.242Z,2026-07-08T23:28:19.499Z,ok,,0
https://canvas.oregonstate.edu/courses/2053526/quizzes/3160457/questions/59026086,https://canvas.oregonstate.edu/courses/2053526/quizzes/3160457/questions/59026086,PHY-212,linked_detail,linked_detail,00772-phy-212-linked-detail-unauthorized,2026-07-08T23:28:19.499Z,2026-07-08T23:28:21.614Z,ok,,0
https://canvas.oregonstate.edu/courses/2053526/quizzes/3160444/take?user_id=6660414,https://canvas.oregonstate.edu/courses/2053526/quizzes/3160444/take?user_id=6660414,PHY-212,linked_detail,linked_detail,00773-phy-212-linked-detail-hw-2-rotational-dynamics-general-physics-with-calculus-ph-212-400-u2026,2026-07-08T23:28:21.614Z,2026-07-08T23:28:24.846Z,ok,,0
https://canvas.oregonstate.edu/courses/2053526/quizzes/3160444/history?version=1,https://canvas.oregonstate.edu/courses/2053526/quizzes/3160444/history?version=1,PHY-212,linked_detail,linked_detail,00774-phy-212-linked-detail-jacob-peterson-s-quiz-history-hw-2-rotational-dynamics,2026-07-08T23:28:24.846Z,2026-07-08T23:28:27.846Z,ok,,0
https://canvas.oregonstate.edu/courses/2053526/quizzes/3160444/questions/59025986,https://canvas.oregonstate.edu/courses/2053526/quizzes/3160444/questions/59025986,PHY-212,linked_detail,linked_detail,00775-phy-212-linked-detail-unauthorized,2026-07-08T23:28:28.231Z,2026-07-08T23:28:30.354Z,ok,,0
https://canvas.oregonstate.edu/courses/2053526/quizzes/3160444/questions/59025987,https://canvas.oregonstate.edu/courses/2053526/quizzes/3160444/questions/59025987,PHY-212,linked_detail,linked_detail,00776-phy-212-linked-detail-unauthorized,2026-07-08T23:28:30.354Z,2026-07-08T23:28:32.453Z,ok,,0
https://canvas.oregonstate.edu/courses/2053526/quizzes/3160444/questions/59025988,https://canvas.oregonstate.edu/courses/2053526/quizzes/3160444/questions/59025988,PHY-212,linked_detail,linked_detail,00777-phy-212-linked-detail-unauthorized,2026-07-08T23:28:32.453Z,2026-07-08T23:28:34.698Z,ok,,0
https://canvas.oregonstate.edu/courses/2053526/quizzes/3160444/questions/59025989,https://canvas.oregonstate.edu/courses/2053526/quizzes/3160444/questions/59025989,PHY-212,linked_detail,linked_detail,00778-phy-212-linked-detail-unauthorized,2026-07-08T23:28:34.699Z,2026-07-08T23:28:36.843Z,ok,,0
https://canvas.oregonstate.edu/courses/2053526/quizzes/3160444/questions/59025990,https://canvas.oregonstate.edu/courses/2053526/quizzes/3160444/questions/59025990,PHY-212,linked_detail,linked_detail,00779-phy-212-linked-detail-unauthorized,2026-07-08T23:28:36.843Z,2026-07-08T23:28:39.096Z,ok,,0
https://canvas.oregonstate.edu/courses/2053526/quizzes/3160444/questions/59025991,https://canvas.oregonstate.edu/courses/2053526/quizzes/3160444/questions/59025991,PHY-212,linked_detail,linked_detail,00780-phy-212-linked-detail-unauthorized,2026-07-08T23:28:39.474Z,2026-07-08T23:28:41.648Z,ok,,0
https://canvas.oregonstate.edu/courses/2053526/quizzes/3160444/questions/59025992,https://canvas.oregonstate.edu/courses/2053526/quizzes/3160444/questions/59025992,PHY-212,linked_detail,linked_detail,00781-phy-212-linked-detail-unauthorized,2026-07-08T23:28:41.648Z,2026-07-08T23:28:43.792Z,ok,,0
https://canvas.oregonstate.edu/courses/2053526/quizzes/3160444/questions/59025993,https://canvas.oregonstate.edu/courses/2053526/quizzes/3160444/questions/59025993,PHY-212,linked_detail,linked_detail,00782-phy-212-linked-detail-unauthorized,2026-07-08T23:28:43.792Z,2026-07-08T23:28:46.044Z,ok,,0
https://canvas.oregonstate.edu/courses/2053526/quizzes/3160444/questions/59025994,https://canvas.oregonstate.edu/courses/2053526/quizzes/3160444/questions/59025994,PHY-212,linked_detail,linked_detail,00783-phy-212-linked-detail-unauthorized,2026-07-08T23:28:46.044Z,2026-07-08T23:28:48.197Z,ok,,0
https://canvas.oregonstate.edu/courses/2053526/quizzes/3160444/questions/59025995,https://canvas.oregonstate.edu/courses/2053526/quizzes/3160444/questions/59025995,PHY-212,linked_detail,linked_detail,00784-phy-212-linked-detail-unauthorized,2026-07-08T23:28:48.198Z,2026-07-08T23:28:50.695Z,ok,,0
https://canvas.oregonstate.edu/courses/2053526/quizzes/3160444/questions/59025996,https://canvas.oregonstate.edu/courses/2053526/quizzes/3160444/questions/59025996,PHY-212,linked_detail,linked_detail,00785-phy-212-linked-detail-unauthorized,2026-07-08T23:29:00.791Z,2026-07-08T23:29:04.245Z,ok,,0
https://canvas.oregonstate.edu/courses/2053526/quizzes/3160444/questions/59025997,https://canvas.oregonstate.edu/courses/2053526/quizzes/3160444/questions/59025997,PHY-212,linked_detail,linked_detail,00786-phy-212-linked-detail-unauthorized,2026-07-08T23:29:04.245Z,2026-07-08T23:29:06.494Z,ok,,0
https://canvas.oregonstate.edu/courses/2053526/quizzes/3160444/questions/59025998,https://canvas.oregonstate.edu/courses/2053526/quizzes/3160444/questions/59025998,PHY-212,linked_detail,linked_detail,00787-phy-212-linked-detail-unauthorized,2026-07-08T23:29:06.494Z,2026-07-08T23:29:08.849Z,ok,,0
https://canvas.oregonstate.edu/courses/2053526/quizzes/3160528/take?user_id=6660414,https://canvas.oregonstate.edu/courses/2053526/quizzes/3160528/take?user_id=6660414,PHY-212,linked_detail,linked_detail,00788-phy-212-linked-detail-m1-5asy-general-physics-with-calculus-ph-212-400-u2026,2026-07-08T23:29:08.849Z,2026-07-08T23:29:11.946Z,ok,,0
https://canvas.oregonstate.edu/courses/2053526/quizzes/3160528/history?version=1,https://canvas.oregonstate.edu/courses/2053526/quizzes/3160528/history?version=1,PHY-212,linked_detail,linked_detail,00789-phy-212-linked-detail-jacob-peterson-s-quiz-history-m1-5asy,2026-07-08T23:29:11.946Z,2026-07-08T23:29:14.495Z,ok,,0
https://canvas.oregonstate.edu/courses/2053526/quizzes/3160528#,https://canvas.oregonstate.edu/courses/2053526/quizzes/3160528#,PHY-212,linked_detail,linked_detail,00790-phy-212-linked-detail-m1-5asy-general-physics-with-calculus-ph-212-400-u2026,2026-07-08T23:29:14.934Z,2026-07-08T23:29:17.748Z,ok,,0
https://canvas.oregonstate.edu/courses/2053526/quizzes/3160528/questions/59026406,https://canvas.oregonstate.edu/courses/2053526/quizzes/3160528/questions/59026406,PHY-212,linked_detail,linked_detail,00791-phy-212-linked-detail-unauthorized,2026-07-08T23:29:17.748Z,2026-07-08T23:29:19.801Z,ok,,0
https://canvas.oregonstate.edu/courses/2053526/quizzes/3160528/questions/59026408,https://canvas.oregonstate.edu/courses/2053526/quizzes/3160528/questions/59026408,PHY-212,linked_detail,linked_detail,00792-phy-212-linked-detail-unauthorized,2026-07-08T23:29:19.801Z,2026-07-08T23:29:22.004Z,ok,,0
https://canvas.oregonstate.edu/courses/2053526/quizzes/3160528/questions/59026409,https://canvas.oregonstate.edu/courses/2053526/quizzes/3160528/questions/59026409,PHY-212,linked_detail,linked_detail,00793-phy-212-linked-detail-unauthorized,2026-07-08T23:29:22.004Z,2026-07-08T23:29:24.243Z,ok,,0
https://canvas.oregonstate.edu/courses/2053526/quizzes/3160528/questions/59026410,https://canvas.oregonstate.edu/courses/2053526/quizzes/3160528/questions/59026410,PHY-212,linked_detail,linked_detail,00794-phy-212-linked-detail-unauthorized,2026-07-08T23:29:24.243Z,2026-07-08T23:29:26.445Z,ok,,0
https://canvas.oregonstate.edu/courses/2053526/quizzes/3160528/questions/59026411,https://canvas.oregonstate.edu/courses/2053526/quizzes/3160528/questions/59026411,PHY-212,linked_detail,linked_detail,00795-phy-212-linked-detail-unauthorized,2026-07-08T23:29:26.854Z,2026-07-08T23:29:29.245Z,ok,,0
https://canvas.oregonstate.edu/courses/2053526/quizzes/3160528/questions/59026412,https://canvas.oregonstate.edu/courses/2053526/quizzes/3160528/questions/59026412,PHY-212,linked_detail,linked_detail,00796-phy-212-linked-detail-unauthorized,2026-07-08T23:29:29.245Z,2026-07-08T23:29:31.451Z,ok,,0
https://canvas.oregonstate.edu/courses/2053526/quizzes/3160528/questions/59026413,https://canvas.oregonstate.edu/courses/2053526/quizzes/3160528/questions/59026413,PHY-212,linked_detail,linked_detail,00797-phy-212-linked-detail-unauthorized,2026-07-08T23:29:31.451Z,2026-07-08T23:29:33.854Z,ok,,0
https://canvas.oregonstate.edu/courses/2053526/quizzes/3160453/history?version=1,https://canvas.oregonstate.edu/courses/2053526/quizzes/3160453/history?version=1,PHY-212,linked_detail,linked_detail,00798-phy-212-linked-detail-jacob-peterson-s-quiz-history-quiz-1a-asy-remotely-proctored,2026-07-08T23:29:33.854Z,2026-07-08T23:29:36.345Z,ok,,0
https://canvas.oregonstate.edu/courses/2053526/quizzes/3160494/history?version=1,https://canvas.oregonstate.edu/courses/2053526/quizzes/3160494/history?version=1,PHY-212,linked_detail,linked_detail,00799-phy-212-linked-detail-jacob-peterson-s-quiz-history-quiz-1b-asy-remotely-proctored,2026-07-08T23:29:36.345Z,2026-07-08T23:29:38.898Z,ok,,0
https://canvas.oregonstate.edu/courses/2053526/quizzes/3160472/take?user_id=6660414,https://canvas.oregonstate.edu/courses/2053526/quizzes/3160472/take?user_id=6660414,PHY-212,linked_detail,linked_detail,00800-phy-212-linked-detail-m2-2pre-general-physics-with-calculus-ph-212-400-u2026,2026-07-08T23:29:39.291Z,2026-07-08T23:29:41.850Z,ok,,0
https://canvas.oregonstate.edu/courses/2053526/quizzes/3160442/take?user_id=6660414,https://canvas.oregonstate.edu/courses/2053526/quizzes/3160442/take?user_id=6660414,PHY-212,linked_detail,linked_detail,00801-phy-212-linked-detail-m2-3pre-general-physics-with-calculus-ph-212-400-u2026,2026-07-08T23:29:41.850Z,2026-07-08T23:29:44.544Z,ok,,0
https://canvas.oregonstate.edu/courses/2053526/quizzes/3160455/take?user_id=6660414,https://canvas.oregonstate.edu/courses/2053526/quizzes/3160455/take?user_id=6660414,PHY-212,linked_detail,linked_detail,00802-phy-212-linked-detail-m2-4pre-general-physics-with-calculus-ph-212-400-u2026,2026-07-08T23:29:44.544Z,2026-07-08T23:29:47.096Z,ok,,0
https://canvas.oregonstate.edu/courses/2053526/quizzes/3160451/take?user_id=6660414,https://canvas.oregonstate.edu/courses/2053526/quizzes/3160451/take?user_id=6660414,PHY-212,linked_detail,linked_detail,00803-phy-212-linked-detail-m2-1asy-general-physics-with-calculus-ph-212-400-u2026,2026-07-08T23:29:47.096Z,2026-07-08T23:29:49.695Z,ok,,0
https://canvas.oregonstate.edu/courses/2053526/quizzes/3160527/take?user_id=6660414,https://canvas.oregonstate.edu/courses/2053526/quizzes/3160527/take?user_id=6660414,PHY-212,linked_detail,linked_detail,00804-phy-212-linked-detail-m2-2asy-general-physics-with-calculus-ph-212-400-u2026,2026-07-08T23:29:49.696Z,2026-07-08T23:29:52.147Z,ok,,0
https://canvas.oregonstate.edu/courses/2053526/quizzes/3160462/take?user_id=6660414,https://canvas.oregonstate.edu/courses/2053526/quizzes/3160462/take?user_id=6660414,PHY-212,linked_detail,linked_detail,00805-phy-212-linked-detail-hw-3-center-of-mass-moment-of-inertia-general-physics-with-calculus-ph-212-400-u2026,2026-07-08T23:29:52.552Z,2026-07-08T23:29:55.002Z,ok,,0
https://canvas.oregonstate.edu/courses/2053526/pages/project-%7C-consequences-and-implications-of-science,https://canvas.oregonstate.edu/courses/2053526/pages/project-%7C-consequences-and-implications-of-science,PHY-212,linked_detail,linked_detail,00806-phy-212-linked-detail-project-consequences-implications-of-science-general-physics-with-calculus-ph-212-400-u2026,2026-07-08T23:29:55.002Z,2026-07-08T23:29:57.899Z,ok,,0
https://canvas.oregonstate.edu/courses/2053526/assignments/10557044,https://canvas.oregonstate.edu/courses/2053526/assignments,PHY-212,linked_detail,linked_detail,00807-phy-212-linked-detail-assignments-general-physics-with-calculus-ph-212-400-u2026,2026-07-08T23:29:57.899Z,2026-07-08T23:30:01.768Z,ok,,0
https://canvas.oregonstate.edu/courses/2053526/pages/lab-0-team-building-and-uncertainty-refresher,https://canvas.oregonstate.edu/courses/2053526/pages/lab-1-team-building-and-uncertainty-refresher,PHY-212,linked_detail,linked_detail,00808-phy-212-linked-detail-lab-1-team-building-and-uncertainty-refresher-general-physics-with-calculus-ph-212-400-u2026,2026-07-08T23:30:01.768Z,2026-07-08T23:30:05.496Z,ok,,0
https://canvas.oregonstate.edu/courses/2053526/pages/scanning-resources-2,https://canvas.oregonstate.edu/courses/2053526/pages/scanning-resources-2,PHY-212,linked_detail,linked_detail,00809-phy-212-linked-detail-scanning-resources-general-physics-with-calculus-ph-212-400-u2026,2026-07-08T23:30:05.496Z,2026-07-08T23:30:08.143Z,ok,,0
https://canvas.oregonstate.edu/courses/2080857/modules/items/26982658,https://canvas.oregonstate.edu/courses/2080857/modules/items/26982658,MTH-252,linked_detail,linked_detail,00810-mth-252-linked-detail-upper-lower-left-and-right-sums,2026-07-08T23:30:08.570Z,2026-07-08T23:30:10.844Z,ok,,1
https://canvas.oregonstate.edu/courses/2080857/modules/items/26982728,https://canvas.oregonstate.edu/courses/2080857/modules/items/26982728,MTH-252,linked_detail,linked_detail,00811-mth-252-linked-detail-indefinite-integral-log,2026-07-08T23:30:10.844Z,2026-07-08T23:30:13.200Z,ok,,1
https://canvas.oregonstate.edu/courses/2080857/modules/items/26982732,https://canvas.oregonstate.edu/courses/2080857/modules/items/26982732,MTH-252,linked_detail,linked_detail,00812-mth-252-linked-detail-intro-trigonometric-integrals-with-an-odd-power,2026-07-08T23:30:13.200Z,2026-07-08T23:30:18.176Z,ok,,1
https://canvas.oregonstate.edu/courses/2053526/pages/lab-supplies,https://canvas.oregonstate.edu/courses/2053526/pages/lab-supplies,PHY-212,linked_detail,linked_detail,00813-phy-212-linked-detail-lab-supplies-general-physics-with-calculus-ph-212-400-u2026,2026-07-08T23:30:18.176Z,2026-07-08T23:30:26.458Z,ok,,0
https://canvas.oregonstate.edu/courses/2053526/quizzes/3160479,https://canvas.oregonstate.edu/courses/2053526/quizzes/3160479,PHY-212,linked_detail,linked_detail,00814-phy-212-linked-detail-lab-collaboration-contract-general-physics-with-calculus-ph-212-400-u2026,2026-07-08T23:30:26.458Z,2026-07-08T23:30:31.350Z,ok,,0
https://canvas.oregonstate.edu/courses/2053526/quizzes/3160510,https://canvas.oregonstate.edu/courses/2053526/quizzes/3160510,PHY-212,linked_detail,linked_detail,00815-phy-212-linked-detail-lab-group-check-in-survey-lab-3-general-physics-with-calculus-ph-212-400-u2026,2026-07-08T23:30:33.227Z,2026-07-08T23:30:37.958Z,ok,,0
https://canvas.oregonstate.edu/courses/2080857/modules/items/26982659,https://canvas.oregonstate.edu/courses/2080857/modules/items/26982659,MTH-252,linked_detail,linked_detail,00816-mth-252-linked-detail-area-under-curve-rectangles,2026-07-08T23:30:37.958Z,2026-07-08T23:30:44.837Z,ok,,1
https://canvas.oregonstate.edu/courses/2080857/modules/items/26982727,https://canvas.oregonstate.edu/courses/2080857/modules/items/26982727,MTH-252,linked_detail,linked_detail,00817-mth-252-linked-detail-indefinite-integral-example-4-exponential,2026-07-08T23:30:44.837Z,2026-07-08T23:30:50.989Z,ok,,1
https://canvas.oregonstate.edu/courses/2080857/modules/items/26982733,https://canvas.oregonstate.edu/courses/2080857/modules/items/26982733,MTH-252,linked_detail,linked_detail,00818-mth-252-linked-detail-trig-integrals-example-2-with-odd-power,2026-07-08T23:30:50.989Z,2026-07-08T23:30:55.718Z,ok,,1
https://canvas.oregonstate.edu/courses/2080857/modules/items/26982660,https://canvas.oregonstate.edu/courses/2080857/modules/items/26982660,MTH-252,linked_detail,linked_detail,00819-mth-252-linked-detail-application-area-under-curve-distance,2026-07-08T23:30:55.718Z,2026-07-08T23:31:00.532Z,ok,,0
https://canvas.oregonstate.edu/courses/2080857/modules/items/26982726,https://canvas.oregonstate.edu/courses/2080857/modules/items/26982726,MTH-252,linked_detail,linked_detail,00820-mth-252-linked-detail-indefinite-integral-example-3,2026-07-08T23:31:01.935Z,2026-07-08T23:31:05.490Z,ok,,1
https://canvas.oregonstate.edu/courses/2080857/modules/items/26982734,https://canvas.oregonstate.edu/courses/2080857/modules/items/26982734,MTH-252,linked_detail,linked_detail,00821-mth-252-linked-detail-trig-integrals-example-3-with-odd-power,2026-07-08T23:31:05.490Z,2026-07-08T23:31:08.939Z,ok,,1
https://canvas.oregonstate.edu/courses/2080857/modules/items/26982725,https://canvas.oregonstate.edu/courses/2080857/modules/items/26982725,MTH-252,linked_detail,linked_detail,00822-mth-252-linked-detail-indefinite-integral-example-2,2026-07-08T23:31:08.939Z,2026-07-08T23:31:12.385Z,ok,,1
https://canvas.oregonstate.edu/courses/2080857/modules/items/26982735,https://canvas.oregonstate.edu/courses/2080857/modules/items/26982735,MTH-252,linked_detail,linked_detail,00823-mth-252-linked-detail-trig-integral-involving-secant,2026-07-08T23:31:12.385Z,2026-07-08T23:31:15.816Z,ok,,1
https://canvas.oregonstate.edu/courses/2080857/modules/items/26982724,https://canvas.oregonstate.edu/courses/2080857/modules/items/26982724,MTH-252,linked_detail,linked_detail,00824-mth-252-linked-detail-intro-integration-by-parts-example-1,2026-07-08T23:31:15.816Z,2026-07-08T23:31:19.565Z,ok,,1
https://canvas.oregonstate.edu/courses/2080857/modules/items/26982736,https://canvas.oregonstate.edu/courses/2080857/modules/items/26982736,MTH-252,linked_detail,linked_detail,00825-mth-252-linked-detail-trig-integrals-odd-power-of-tangent,2026-07-08T23:31:28.277Z,2026-07-08T23:31:31.841Z,ok,,1
https://canvas.oregonstate.edu/courses/2080857/modules/items/26982723,https://canvas.oregonstate.edu/courses/2080857/modules/items/26982723,MTH-252,linked_detail,linked_detail,00826-mth-252-linked-detail-intro-indefinite-integral-continued,2026-07-08T23:31:32.439Z,2026-07-08T23:31:35.109Z,ok,,1
https://canvas.oregonstate.edu/courses/2080857/modules/items/26982737,https://canvas.oregonstate.edu/courses/2080857/modules/items/26982737,MTH-252,linked_detail,linked_detail,00827-mth-252-linked-detail-trig-integrals-power-reducing-example-1,2026-07-08T23:31:35.559Z,2026-07-08T23:31:37.951Z,ok,,1
https://canvas.oregonstate.edu/courses/2080857/modules/items/26982722,https://canvas.oregonstate.edu/courses/2080857/modules/items/26982722,MTH-252,linked_detail,linked_detail,00828-mth-252-linked-detail-intro-integration-by-parts-definite-integral,2026-07-08T23:31:38.466Z,2026-07-08T23:31:41.143Z,ok,,1
https://canvas.oregonstate.edu/courses/2080857/modules/items/26982738,https://canvas.oregonstate.edu/courses/2080857/modules/items/26982738,MTH-252,linked_detail,linked_detail,00829-mth-252-linked-detail-trig-integrals-all-even-exponents,2026-07-08T23:31:41.606Z,2026-07-08T23:31:43.994Z,ok,,1
https://canvas.oregonstate.edu/courses/2080857/modules/items/26982721,https://canvas.oregonstate.edu/courses/2080857/modules/items/26982721,MTH-252,linked_detail,linked_detail,00830-mth-252-linked-detail-intro-integration-by-parts,2026-07-08T23:31:44.439Z,2026-07-08T23:31:46.745Z,ok,,1
https://canvas.oregonstate.edu/courses/2080857/modules/items/26982739,https://canvas.oregonstate.edu/courses/2080857/modules/items/26982739,MTH-252,linked_detail,linked_detail,00831-mth-252-linked-detail-intro-trig-substitution-1,2026-07-08T23:31:47.173Z,2026-07-08T23:31:49.642Z,ok,,1
https://canvas.oregonstate.edu/courses/2080857/modules/items/26982720,https://canvas.oregonstate.edu/courses/2080857/modules/items/26982720,MTH-252,linked_detail,linked_detail,00832-mth-252-linked-detail-integrating-natural-log-alta-specific,2026-07-08T23:31:50.059Z,2026-07-08T23:31:52.645Z,ok,,1
https://canvas.oregonstate.edu/courses/2080857/modules/items/26982740,https://canvas.oregonstate.edu/courses/2080857/modules/items/26982740,MTH-252,linked_detail,linked_detail,00833-mth-252-linked-detail-intro-trigonometric-substitution-continued,2026-07-08T23:31:53.177Z,2026-07-08T23:31:56.342Z,ok,,1
https://canvas.oregonstate.edu/courses/2080857/modules/items/26982719,https://canvas.oregonstate.edu/courses/2080857/modules/items/26982719,MTH-252,linked_detail,linked_detail,00834-mth-252-linked-detail-integrating-exponentials-example-3,2026-07-08T23:31:56.796Z,2026-07-08T23:31:59.497Z,ok,,1
https://canvas.oregonstate.edu/courses/2080857/modules/items/26982741,https://canvas.oregonstate.edu/courses/2080857/modules/items/26982741,MTH-252,linked_detail,linked_detail,00835-mth-252-linked-detail-intro-trig-substitution-2,2026-07-08T23:32:07.498Z,2026-07-08T23:32:11.045Z,ok,,1
https://canvas.oregonstate.edu/courses/2080857/modules/items/26982718,https://canvas.oregonstate.edu/courses/2080857/modules/items/26982718,MTH-252,linked_detail,linked_detail,00836-mth-252-linked-detail-integrating-exponentials-example-2,2026-07-08T23:32:11.496Z,2026-07-08T23:32:14.044Z,ok,,1
https://canvas.oregonstate.edu/courses/2080857/modules/items/26982742,https://canvas.oregonstate.edu/courses/2080857/modules/items/26982742,MTH-252,linked_detail,linked_detail,00837-mth-252-linked-detail-trig-substitution-example-3,2026-07-08T23:32:14.463Z,2026-07-08T23:32:17.012Z,ok,,1
https://canvas.oregonstate.edu/courses/2080857/modules/items/26982717,https://canvas.oregonstate.edu/courses/2080857/modules/items/26982717,MTH-252,linked_detail,linked_detail,00838-mth-252-linked-detail-example-problems-exponentials,2026-07-08T23:32:17.466Z,2026-07-08T23:32:19.954Z,ok,,1
https://canvas.oregonstate.edu/courses/2080857/modules/items/26982743,https://canvas.oregonstate.edu/courses/2080857/modules/items/26982743,MTH-252,linked_detail,linked_detail,00839-mth-252-linked-detail-trig-substitution-example-4,2026-07-08T23:32:20.403Z,2026-07-08T23:32:22.945Z,ok,,1
https://canvas.oregonstate.edu/courses/2080857/modules/items/26982716,https://canvas.oregonstate.edu/courses/2080857/modules/items/26982716,MTH-252,linked_detail,linked_detail,00840-mth-252-linked-detail-substitution-with-indefinite-integral,2026-07-08T23:32:23.409Z,2026-07-08T23:32:26.145Z,ok,,1
https://canvas.oregonstate.edu/courses/2080857/modules/items/26982744,https://canvas.oregonstate.edu/courses/2080857/modules/items/26982744,MTH-252,linked_detail,linked_detail,00841-mth-252-linked-detail-trig-substitution-example-5,2026-07-08T23:32:26.588Z,2026-07-08T23:32:31.945Z,ok,,1
https://canvas.oregonstate.edu/courses/2080857/modules/items/26982715,https://canvas.oregonstate.edu/courses/2080857/modules/items/26982715,MTH-252,linked_detail,linked_detail,00842-mth-252-linked-detail-substitution-example-composed-exponential-with-trig,2026-07-08T23:32:32.442Z,2026-07-08T23:32:34.994Z,ok,,1
https://canvas.oregonstate.edu/courses/2080857/modules/items/26982745,https://canvas.oregonstate.edu/courses/2080857/modules/items/26982745,MTH-252,linked_detail,linked_detail,00843-mth-252-linked-detail-trig-substitution-with-secant,2026-07-08T23:32:35.420Z,2026-07-08T23:32:37.993Z,ok,,1
https://canvas.oregonstate.edu/courses/2080857/modules/items/26982714,https://canvas.oregonstate.edu/courses/2080857/modules/items/26982714,MTH-252,linked_detail,linked_detail,00844-mth-252-linked-detail-substitution-example-rational-function-with-logs,2026-07-08T23:32:38.427Z,2026-07-08T23:32:40.994Z,ok,,1
https://canvas.oregonstate.edu/courses/2080857/modules/items/26982746,https://canvas.oregonstate.edu/courses/2080857/modules/items/26982746,MTH-252,linked_detail,linked_detail,00845-mth-252-linked-detail-trig-substitution-with-definite-integral,2026-07-08T23:33:07.653Z,2026-07-08T23:33:10.648Z,ok,,1
https://canvas.oregonstate.edu/courses/2080857/modules/items/26982713,https://canvas.oregonstate.edu/courses/2080857/modules/items/26982713,MTH-252,linked_detail,linked_detail,00846-mth-252-linked-detail-substitution-example-logarithms,2026-07-08T23:33:10.648Z,2026-07-08T23:33:12.945Z,ok,,1
https://canvas.oregonstate.edu/courses/2080857/modules/items/26982747,https://canvas.oregonstate.edu/courses/2080857/modules/items/26982747,MTH-252,linked_detail,linked_detail,00847-mth-252-linked-detail-integration-using-long-division,2026-07-08T23:33:12.945Z,2026-07-08T23:33:15.345Z,ok,,1
https://canvas.oregonstate.edu/courses/2080857/modules/items/26982712,https://canvas.oregonstate.edu/courses/2080857/modules/items/26982712,MTH-252,linked_detail,linked_detail,00848-mth-252-linked-detail-substitution-inverse-trig-example-2,2026-07-08T23:33:15.345Z,2026-07-08T23:33:17.748Z,ok,,1
https://canvas.oregonstate.edu/courses/2080857/modules/items/26982748,https://canvas.oregonstate.edu/courses/2080857/modules/items/26982748,MTH-252,linked_detail,linked_detail,00849-mth-252-linked-detail-intro-partial-fraction-decomposition-pfd,2026-07-08T23:33:17.748Z,2026-07-08T23:33:20.244Z,ok,,1
https://canvas.oregonstate.edu/courses/2080857/modules/items/26982711,https://canvas.oregonstate.edu/courses/2080857/modules/items/26982711,MTH-252,linked_detail,linked_detail,00850-mth-252-linked-detail-substitution-inverse-trig-example-1,2026-07-08T23:33:20.729Z,2026-07-08T23:33:23.055Z,ok,,1
https://canvas.oregonstate.edu/courses/2080857/modules/items/26982749,https://canvas.oregonstate.edu/courses/2080857/modules/items/26982749,MTH-252,linked_detail,linked_detail,00851-mth-252-linked-detail-pfd-example-2,2026-07-08T23:33:23.055Z,2026-07-08T23:33:25.320Z,ok,,1
https://canvas.oregonstate.edu/courses/2080857/modules/items/26982710,https://canvas.oregonstate.edu/courses/2080857/modules/items/26982710,MTH-252,linked_detail,linked_detail,00852-mth-252-linked-detail-substitution-example-trig,2026-07-08T23:33:25.320Z,2026-07-08T23:33:27.494Z,ok,,1
https://canvas.oregonstate.edu/courses/2080857/modules/items/26982750,https://canvas.oregonstate.edu/courses/2080857/modules/items/26982750,MTH-252,linked_detail,linked_detail,00853-mth-252-linked-detail-pfd-degree-2-3,2026-07-08T23:33:27.494Z,2026-07-08T23:33:30.094Z,ok,,1
https://canvas.oregonstate.edu/courses/2080857/modules/items/26982709,https://canvas.oregonstate.edu/courses/2080857/modules/items/26982709,MTH-252,linked_detail,linked_detail,00854-mth-252-linked-detail-substitution-example-exponential,2026-07-08T23:33:30.094Z,2026-07-08T23:33:32.594Z,ok,,1
https://canvas.oregonstate.edu/courses/2080857/modules/items/26982751,https://canvas.oregonstate.edu/courses/2080857/modules/items/26982751,MTH-252,linked_detail,linked_detail,00855-mth-252-linked-detail-intro-integration-with-pfd,2026-07-08T23:33:33.033Z,2026-07-08T23:33:35.595Z,ok,,1
https://canvas.oregonstate.edu/courses/2080857/modules/items/26982708,https://canvas.oregonstate.edu/courses/2080857/modules/items/26982708,MTH-252,linked_detail,linked_detail,00856-mth-252-linked-detail-substitution-example-rational-function,2026-07-08T23:33:35.595Z,2026-07-08T23:33:37.996Z,ok,,1
https://canvas.oregonstate.edu/courses/2080857/modules/items/26982752,https://canvas.oregonstate.edu/courses/2080857/modules/items/26982752,MTH-252,linked_detail,linked_detail,00857-mth-252-linked-detail-integration-with-pfd,2026-07-08T23:33:37.996Z,2026-07-08T23:33:40.412Z,ok,,1
https://canvas.oregonstate.edu/courses/2080857/modules/items/26982707,https://canvas.oregonstate.edu/courses/2080857/modules/items/26982707,MTH-252,linked_detail,linked_detail,00858-mth-252-linked-detail-substitution-with-definite-integrals,2026-07-08T23:33:40.412Z,2026-07-08T23:33:42.800Z,ok,,1
https://canvas.oregonstate.edu/courses/2080857/modules/items/26982753,https://canvas.oregonstate.edu/courses/2080857/modules/items/26982753,MTH-252,linked_detail,linked_detail,00859-mth-252-linked-detail-integration-with-long-division,2026-07-08T23:33:42.800Z,2026-07-08T23:33:45.250Z,ok,,1
https://canvas.oregonstate.edu/courses/2080857/modules/items/26982706,https://canvas.oregonstate.edu/courses/2080857/modules/items/26982706,MTH-252,linked_detail,linked_detail,00860-mth-252-linked-detail-intro-substitution-continued,2026-07-08T23:33:45.700Z,2026-07-08T23:33:47.950Z,ok,,1
https://canvas.oregonstate.edu/courses/2080857/modules/items/26982754,https://canvas.oregonstate.edu/courses/2080857/modules/items/26982754,MTH-252,linked_detail,linked_detail,00861-mth-252-linked-detail-intro-area-between-curves,2026-07-08T23:33:47.950Z,2026-07-08T23:33:50.712Z,ok,,1
https://canvas.oregonstate.edu/courses/2080857/modules/items/26982705,https://canvas.oregonstate.edu/courses/2080857/modules/items/26982705,MTH-252,linked_detail,linked_detail,00862-mth-252-linked-detail-intro-substitution,2026-07-08T23:33:50.712Z,2026-07-08T23:33:53.005Z,ok,,1
https://canvas.oregonstate.edu/courses/2080857/modules/items/26982755,https://canvas.oregonstate.edu/courses/2080857/modules/items/26982755,MTH-252,linked_detail,linked_detail,00863-mth-252-linked-detail-area-between-curves-2,2026-07-08T23:33:53.005Z,2026-07-08T23:33:55.338Z,ok,,1
https://canvas.oregonstate.edu/courses/2080857/modules/items/26982704,https://canvas.oregonstate.edu/courses/2080857/modules/items/26982704,MTH-252,linked_detail,linked_detail,00864-mth-252-linked-detail-integration-odd-even-function-continued,2026-07-08T23:33:55.338Z,2026-07-08T23:33:57.806Z,ok,,1
https://canvas.oregonstate.edu/courses/2080857/modules/items/26982756,https://canvas.oregonstate.edu/courses/2080857/modules/items/26982756,MTH-252,linked_detail,linked_detail,00865-mth-252-linked-detail-area-between-curves-3,2026-07-08T23:33:58.244Z,2026-07-08T23:34:01.401Z,ok,,1
https://canvas.oregonstate.edu/courses/2080857/modules/items/26982703,https://canvas.oregonstate.edu/courses/2080857/modules/items/26982703,MTH-252,linked_detail,linked_detail,00866-mth-252-linked-detail-integration-odd-even-functions,2026-07-08T23:34:01.401Z,2026-07-08T23:34:03.902Z,ok,,1
https://canvas.oregonstate.edu/courses/2080857/modules/items/26982757,https://canvas.oregonstate.edu/courses/2080857/modules/items/26982757,MTH-252,linked_detail,linked_detail,00867-mth-252-linked-detail-area-between-curves-4,2026-07-08T23:34:03.902Z,2026-07-08T23:34:06.303Z,ok,,1
https://canvas.oregonstate.edu/courses/2080857/modules/items/26982702,https://canvas.oregonstate.edu/courses/2080857/modules/items/26982702,MTH-252,linked_detail,linked_detail,00868-mth-252-linked-detail-future-value,2026-07-08T23:34:06.303Z,2026-07-08T23:34:08.644Z,ok,,1
https://canvas.oregonstate.edu/courses/2080857/modules/items/26982758,https://canvas.oregonstate.edu/courses/2080857/modules/items/26982758,MTH-252,linked_detail,linked_detail,00869-mth-252-linked-detail-area-between-curves-respect-to-y,2026-07-08T23:34:08.644Z,2026-07-08T23:34:11.255Z,ok,,1
https://canvas.oregonstate.edu/courses/2080857/modules/items/26982701,https://canvas.oregonstate.edu/courses/2080857/modules/items/26982701,MTH-252,linked_detail,linked_detail,00870-mth-252-linked-detail-velocity-example-1,2026-07-08T23:34:11.709Z,2026-07-08T23:34:14.246Z,ok,,1
https://canvas.oregonstate.edu/courses/2080857/modules/items/26982759,https://canvas.oregonstate.edu/courses/2080857/modules/items/26982759,MTH-252,linked_detail,linked_detail,00871-mth-252-linked-detail-intro-volume-by-slicing,2026-07-08T23:34:14.246Z,2026-07-08T23:34:16.700Z,ok,,1
https://canvas.oregonstate.edu/courses/2080857/modules/items/26982700,https://canvas.oregonstate.edu/courses/2080857/modules/items/26982700,MTH-252,linked_detail,linked_detail,00872-mth-252-linked-detail-area-under-the-curve-interpretation-velocity,2026-07-08T23:34:16.700Z,2026-07-08T23:34:19.546Z,ok,,1
https://canvas.oregonstate.edu/courses/2080857/modules/items/26982760,https://canvas.oregonstate.edu/courses/2080857/modules/items/26982760,MTH-252,linked_detail,linked_detail,00873-mth-252-linked-detail-volume-by-slicing-2,2026-07-08T23:34:19.546Z,2026-07-08T23:34:22.045Z,ok,,1
https://canvas.oregonstate.edu/courses/2080857/modules/items/26982699,https://canvas.oregonstate.edu/courses/2080857/modules/items/26982699,MTH-252,linked_detail,linked_detail,00874-mth-252-linked-detail-net-displacement-at-time-t-alta-specific,2026-07-08T23:34:22.045Z,2026-07-08T23:34:24.351Z,ok,,1
https://canvas.oregonstate.edu/courses/2080857/modules/items/26982761,https://canvas.oregonstate.edu/courses/2080857/modules/items/26982761,MTH-252,linked_detail,linked_detail,00875-mth-252-linked-detail-disk-method-1,2026-07-08T23:34:24.839Z,2026-07-08T23:34:27.253Z,ok,,1
https://canvas.oregonstate.edu/courses/2080857/modules/items/26982698,https://canvas.oregonstate.edu/courses/2080857/modules/items/26982698,MTH-252,linked_detail,linked_detail,00876-mth-252-linked-detail-net-change-in-population,2026-07-08T23:34:27.253Z,2026-07-08T23:34:29.595Z,ok,,1
https://canvas.oregonstate.edu/courses/2080857/modules/items/26982762,https://canvas.oregonstate.edu/courses/2080857/modules/items/26982762,MTH-252,linked_detail,linked_detail,00877-mth-252-linked-detail-disk-method-2,2026-07-08T23:34:29.595Z,2026-07-08T23:34:31.997Z,ok,,1
https://canvas.oregonstate.edu/courses/2080857/modules/items/26982697,https://canvas.oregonstate.edu/courses/2080857/modules/items/26982697,MTH-252,linked_detail,linked_detail,00878-mth-252-linked-detail-intro-net-change-theorem,2026-07-08T23:34:31.997Z,2026-07-08T23:34:34.598Z,ok,,1
https://canvas.oregonstate.edu/courses/2080857/modules/items/26982763,https://canvas.oregonstate.edu/courses/2080857/modules/items/26982763,MTH-252,linked_detail,linked_detail,00879-mth-252-linked-detail-disk-method-3,2026-07-08T23:34:34.598Z,2026-07-08T23:34:37.004Z,ok,,1
https://canvas.oregonstate.edu/courses/2080857/modules/items/26982696,https://canvas.oregonstate.edu/courses/2080857/modules/items/26982696,MTH-252,linked_detail,linked_detail,00880-mth-252-linked-detail-application-average-value-of-investment,2026-07-08T23:34:37.449Z,2026-07-08T23:34:39.855Z,ok,,1
https://canvas.oregonstate.edu/courses/2080857/modules/items/26982764,https://canvas.oregonstate.edu/courses/2080857/modules/items/26982764,MTH-252,linked_detail,linked_detail,00881-mth-252-linked-detail-disc-method-around-y-1,2026-07-08T23:34:39.855Z,2026-07-08T23:34:42.499Z,ok,,1
https://canvas.oregonstate.edu/courses/2080857/modules/items/26982695,https://canvas.oregonstate.edu/courses/2080857/modules/items/26982695,MTH-252,linked_detail,linked_detail,00882-mth-252-linked-detail-average-temperature,2026-07-08T23:34:42.499Z,2026-07-08T23:34:44.797Z,ok,,1
https://canvas.oregonstate.edu/courses/2080857/modules/items/26982765,https://canvas.oregonstate.edu/courses/2080857/modules/items/26982765,MTH-252,linked_detail,linked_detail,00883-mth-252-linked-detail-washer-method-1,2026-07-08T23:34:44.797Z,2026-07-08T23:34:47.096Z,ok,,1
https://canvas.oregonstate.edu/courses/2080857/modules/items/26982694,https://canvas.oregonstate.edu/courses/2080857/modules/items/26982694,MTH-252,linked_detail,linked_detail,00884-mth-252-linked-detail-average-value-of-f-continued,2026-07-08T23:34:47.096Z,2026-07-08T23:34:49.456Z,ok,,1
https://canvas.oregonstate.edu/courses/2080857/modules/items/26982766,https://canvas.oregonstate.edu/courses/2080857/modules/items/26982766,MTH-252,linked_detail,linked_detail,00885-mth-252-linked-detail-washer-method-2-around-y-3,2026-07-08T23:34:49.921Z,2026-07-08T23:34:52.205Z,ok,,1
https://canvas.oregonstate.edu/courses/2080857/modules/items/26982693,https://canvas.oregonstate.edu/courses/2080857/modules/items/26982693,MTH-252,linked_detail,linked_detail,00886-mth-252-linked-detail-average-value-find-c-value-s-alta-specific,2026-07-08T23:34:52.205Z,2026-07-08T23:34:54.499Z,ok,,1
https://canvas.oregonstate.edu/courses/2080857/modules/items/26982767,https://canvas.oregonstate.edu/courses/2080857/modules/items/26982767,MTH-252,linked_detail,linked_detail,00887-mth-252-linked-detail-washer-method-3-around-x-5,2026-07-08T23:34:54.499Z,2026-07-08T23:34:57.156Z,ok,,1
https://canvas.oregonstate.edu/courses/2080857/modules/items/26982692,https://canvas.oregonstate.edu/courses/2080857/modules/items/26982692,MTH-252,linked_detail,linked_detail,00888-mth-252-linked-detail-average-value-of-a-function,2026-07-08T23:34:57.156Z,2026-07-08T23:34:59.495Z,ok,,1
https://canvas.oregonstate.edu/courses/2080857/modules/items/26982768,https://canvas.oregonstate.edu/courses/2080857/modules/items/26982768,MTH-252,linked_detail,linked_detail,00889-mth-252-linked-detail-intro-shell-method,2026-07-08T23:34:59.495Z,2026-07-08T23:35:01.995Z,ok,,1
https://canvas.oregonstate.edu/courses/2080857/modules/items/26982691,https://canvas.oregonstate.edu/courses/2080857/modules/items/26982691,MTH-252,linked_detail,linked_detail,00890-mth-252-linked-detail-find-antiderivative-3,2026-07-08T23:35:02.426Z,2026-07-08T23:35:05.002Z,ok,,1
https://canvas.oregonstate.edu/courses/2080857/modules/items/26982769,https://canvas.oregonstate.edu/courses/2080857/modules/items/26982769,MTH-252,linked_detail,linked_detail,00891-mth-252-linked-detail-shell-method-2,2026-07-08T23:35:05.002Z,2026-07-08T23:35:07.748Z,ok,,1
https://canvas.oregonstate.edu/courses/2080857/modules/items/26982690,https://canvas.oregonstate.edu/courses/2080857/modules/items/26982690,MTH-252,linked_detail,linked_detail,00892-mth-252-linked-detail-find-antiderivative-2,2026-07-08T23:35:07.748Z,2026-07-08T23:35:09.955Z,ok,,1
https://canvas.oregonstate.edu/courses/2080857/modules/items/26982770,https://canvas.oregonstate.edu/courses/2080857/modules/items/26982770,MTH-252,linked_detail,linked_detail,00893-mth-252-linked-detail-shell-method-3,2026-07-08T23:35:09.955Z,2026-07-08T23:35:12.011Z,ok,,1
https://canvas.oregonstate.edu/courses/2080857/modules/items/26982689,https://canvas.oregonstate.edu/courses/2080857/modules/items/26982689,MTH-252,linked_detail,linked_detail,00894-mth-252-linked-detail-the-antiderivative-trig,2026-07-08T23:35:12.011Z,2026-07-08T23:35:14.497Z,ok,,1
https://canvas.oregonstate.edu/courses/2080857/modules/items/26982771,https://canvas.oregonstate.edu/courses/2080857/modules/items/26982771,MTH-252,linked_detail,linked_detail,00895-mth-252-linked-detail-shell-method-4-around-y-axis,2026-07-08T23:35:14.930Z,2026-07-08T23:35:17.197Z,ok,,1
https://canvas.oregonstate.edu/courses/2080857/modules/items/26982688,https://canvas.oregonstate.edu/courses/2080857/modules/items/26982688,MTH-252,linked_detail,linked_detail,00896-mth-252-linked-detail-the-antiderivative-2,2026-07-08T23:35:17.197Z,2026-07-08T23:35:19.348Z,ok,,1
https://canvas.oregonstate.edu/courses/2080857/modules/items/26982772,https://canvas.oregonstate.edu/courses/2080857/modules/items/26982772,MTH-252,linked_detail,linked_detail,00897-mth-252-linked-detail-shell-method-around-x-4,2026-07-08T23:35:19.348Z,2026-07-08T23:35:21.594Z,ok,,1
https://canvas.oregonstate.edu/courses/2080857/modules/items/26982687,https://canvas.oregonstate.edu/courses/2080857/modules/items/26982687,MTH-252,linked_detail,linked_detail,00898-mth-252-linked-detail-the-antiderivative-1,2026-07-08T23:35:21.594Z,2026-07-08T23:35:23.795Z,ok,,1
https://canvas.oregonstate.edu/courses/2080857/modules/items/26982773,https://canvas.oregonstate.edu/courses/2080857/modules/items/26982773,MTH-252,linked_detail,linked_detail,00899-mth-252-linked-detail-arc-length-1,2026-07-08T23:35:23.795Z,2026-07-08T23:35:26.155Z,ok,,1
https://canvas.oregonstate.edu/courses/2080857/modules/items/26982686,https://canvas.oregonstate.edu/courses/2080857/modules/items/26982686,MTH-252,linked_detail,linked_detail,00900-mth-252-linked-detail-ftoc-example-using-area,2026-07-08T23:35:26.561Z,2026-07-08T23:35:28.646Z,ok,,1
https://canvas.oregonstate.edu/courses/2080857/modules/items/26982774,https://canvas.oregonstate.edu/courses/2080857/modules/items/26982774,MTH-252,linked_detail,linked_detail,00901-mth-252-linked-detail-arc-length-1-continued,2026-07-08T23:35:28.646Z,2026-07-08T23:35:30.957Z,ok,,1
https://canvas.oregonstate.edu/courses/2080857/modules/items/26982685,https://canvas.oregonstate.edu/courses/2080857/modules/items/26982685,MTH-252,linked_detail,linked_detail,00902-mth-252-linked-detail-ftoc-trig-example,2026-07-08T23:35:30.957Z,2026-07-08T23:35:33.101Z,ok,,1
https://canvas.oregonstate.edu/courses/2080857/modules/items/26982775,https://canvas.oregonstate.edu/courses/2080857/modules/items/26982775,MTH-252,linked_detail,linked_detail,00903-mth-252-linked-detail-arc-length-2,2026-07-08T23:35:33.101Z,2026-07-08T23:35:35.152Z,ok,,1
https://canvas.oregonstate.edu/courses/2080857/modules/items/26982684,https://canvas.oregonstate.edu/courses/2080857/modules/items/26982684,MTH-252,linked_detail,linked_detail,00904-mth-252-linked-detail-ftoc-polynomial-example,2026-07-08T23:35:35.152Z,2026-07-08T23:35:37.297Z,ok,,1
https://canvas.oregonstate.edu/courses/2080857/modules/items/26982776,https://canvas.oregonstate.edu/courses/2080857/modules/items/26982776,MTH-252,linked_detail,linked_detail,00905-mth-252-linked-detail-arc-length-3,2026-07-08T23:35:46.213Z,2026-07-08T23:35:49.002Z,ok,,1
https://canvas.oregonstate.edu/courses/2080857/modules/items/26982683,https://canvas.oregonstate.edu/courses/2080857/modules/items/26982683,MTH-252,linked_detail,linked_detail,00906-mth-252-linked-detail-ftoc-example,2026-07-08T23:35:49.002Z,2026-07-08T23:35:51.102Z,ok,,1
https://canvas.oregonstate.edu/courses/2080857/modules/items/26982777,https://canvas.oregonstate.edu/courses/2080857/modules/items/26982777,MTH-252,linked_detail,linked_detail,00907-mth-252-linked-detail-arc-length-4,2026-07-08T23:35:51.102Z,2026-07-08T23:35:53.197Z,ok,,1
https://canvas.oregonstate.edu/courses/2080857/modules/items/26982682,https://canvas.oregonstate.edu/courses/2080857/modules/items/26982682,MTH-252,linked_detail,linked_detail,00908-mth-252-linked-detail-ftoc-setup-and-solve,2026-07-08T23:35:53.197Z,2026-07-08T23:35:55.245Z,ok,,1
https://canvas.oregonstate.edu/courses/2080857/modules/items/26982778,https://canvas.oregonstate.edu/courses/2080857/modules/items/26982778,MTH-252,linked_detail,linked_detail,00909-mth-252-linked-detail-work-spring-stretch-1,2026-07-08T23:35:55.245Z,2026-07-08T23:35:57.398Z,ok,,1
https://canvas.oregonstate.edu/courses/2080857/modules/items/26982681,https://canvas.oregonstate.edu/courses/2080857/modules/items/26982681,MTH-252,linked_detail,linked_detail,00910-mth-252-linked-detail-fundamental-theorem-of-calc-ftoc-definite-integrals,2026-07-08T23:35:57.398Z,2026-07-08T23:35:59.503Z,ok,,1
https://canvas.oregonstate.edu/courses/2080857/modules/items/26982779,https://canvas.oregonstate.edu/courses/2080857/modules/items/26982779,MTH-252,linked_detail,linked_detail,00911-mth-252-linked-detail-work-spring-stretch-2,2026-07-08T23:35:59.503Z,2026-07-08T23:36:01.545Z,ok,,1
https://canvas.oregonstate.edu/courses/2080857/modules/items/26982680,https://canvas.oregonstate.edu/courses/2080857/modules/items/26982680,MTH-252,linked_detail,linked_detail,00912-mth-252-linked-detail-area-accumulation-graph-analysis-openstax-specific,2026-07-08T23:36:01.545Z,2026-07-08T23:36:04.047Z,ok,,1
https://canvas.oregonstate.edu/courses/2080857/modules/items/26982780,https://canvas.oregonstate.edu/courses/2080857/modules/items/26982780,MTH-252,linked_detail,linked_detail,00913-mth-252-linked-detail-work-lifting-leaking-bucket,2026-07-08T23:36:04.047Z,2026-07-08T23:36:06.102Z,ok,,1
https://canvas.oregonstate.edu/courses/2080857/modules/items/26982679,https://canvas.oregonstate.edu/courses/2080857/modules/items/26982679,MTH-252,linked_detail,linked_detail,00914-mth-252-linked-detail-fundamental-theorem-of-calc-ftoc-area-function,2026-07-08T23:36:06.102Z,2026-07-08T23:36:08.147Z,ok,,1
https://canvas.oregonstate.edu/courses/2080857/modules/items/26982781,https://canvas.oregonstate.edu/courses/2080857/modules/items/26982781,MTH-252,linked_detail,linked_detail,00915-mth-252-linked-detail-work-lifting-bucket-with-cable-mass,2026-07-08T23:36:08.564Z,2026-07-08T23:36:10.598Z,ok,,1
https://canvas.oregonstate.edu/courses/2080857/modules/items/26982678,https://canvas.oregonstate.edu/courses/2080857/modules/items/26982678,MTH-252,linked_detail,linked_detail,00916-mth-252-linked-detail-definite-integral-trig,2026-07-08T23:36:10.598Z,2026-07-08T23:36:12.699Z,ok,,1
https://canvas.oregonstate.edu/courses/2080857/modules/items/26982782,https://canvas.oregonstate.edu/courses/2080857/modules/items/26982782,MTH-252,linked_detail,linked_detail,00917-mth-252-linked-detail-work-vertical-pumping,2026-07-08T23:36:12.699Z,2026-07-08T23:36:14.803Z,ok,,1
https://canvas.oregonstate.edu/courses/2080857/modules/items/26982677,https://canvas.oregonstate.edu/courses/2080857/modules/items/26982677,MTH-252,linked_detail,linked_detail,00918-mth-252-linked-detail-definite-integral-constant-function,2026-07-08T23:36:14.803Z,2026-07-08T23:36:16.851Z,ok,,1
https://canvas.oregonstate.edu/courses/2080857/modules/items/26982783,https://canvas.oregonstate.edu/courses/2080857/modules/items/26982783,MTH-252,linked_detail,linked_detail,00919-mth-252-linked-detail-work-vertical-pumping-isosceles-triangle,2026-07-08T23:36:16.851Z,2026-07-08T23:36:18.948Z,ok,,1
https://canvas.oregonstate.edu/courses/2080857/modules/items/26982676,https://canvas.oregonstate.edu/courses/2080857/modules/items/26982676,MTH-252,linked_detail,linked_detail,00920-mth-252-linked-detail-definite-integral-function-plus-constant,2026-07-08T23:36:18.948Z,2026-07-08T23:36:21.547Z,ok,,1
https://canvas.oregonstate.edu/courses/2080857/modules/items/26982784,https://canvas.oregonstate.edu/courses/2080857/modules/items/26982784,MTH-252,linked_detail,linked_detail,00921-mth-252-linked-detail-work-vertical-pumping-quadratic-cross-sections,2026-07-08T23:36:21.547Z,2026-07-08T23:36:23.946Z,ok,,1
https://canvas.oregonstate.edu/courses/2080857/modules/items/26982675,https://canvas.oregonstate.edu/courses/2080857/modules/items/26982675,MTH-252,linked_detail,linked_detail,00922-mth-252-linked-detail-definite-integral-intro-and-application,2026-07-08T23:36:23.946Z,2026-07-08T23:36:26.106Z,ok,,1
https://canvas.oregonstate.edu/courses/2080857/modules/items/26982785,https://canvas.oregonstate.edu/courses/2080857/modules/items/26982785,MTH-252,linked_detail,linked_detail,00923-mth-252-linked-detail-hydrostatic-force-horizontal-plate,2026-07-08T23:36:26.106Z,2026-07-08T23:36:28.348Z,ok,,1
https://canvas.oregonstate.edu/courses/2080857/modules/items/26982674,https://canvas.oregonstate.edu/courses/2080857/modules/items/26982674,MTH-252,linked_detail,linked_detail,00924-mth-252-linked-detail-definite-integrals-properties,2026-07-08T23:36:28.348Z,2026-07-08T23:36:30.457Z,ok,,1
https://canvas.oregonstate.edu/courses/2080857/modules/items/26982786,https://canvas.oregonstate.edu/courses/2080857/modules/items/26982786,MTH-252,linked_detail,linked_detail,00925-mth-252-linked-detail-hydrostatic-force-vertical-isosceles-triangle,2026-07-08T23:36:30.914Z,2026-07-08T23:36:33.353Z,ok,,1
https://canvas.oregonstate.edu/courses/2080857/modules/items/26982673,https://canvas.oregonstate.edu/courses/2080857/modules/items/26982673,MTH-252,linked_detail,linked_detail,00926-mth-252-linked-detail-definite-integral-properties-continued,2026-07-08T23:36:33.353Z,2026-07-08T23:36:35.557Z,ok,,1
https://canvas.oregonstate.edu/courses/2080857/modules/items/26982787,https://canvas.oregonstate.edu/courses/2080857/modules/items/26982787,MTH-252,linked_detail,linked_detail,00927-mth-252-linked-detail-hydrostatic-force-semicircle-window,2026-07-08T23:36:35.557Z,2026-07-08T23:36:38.050Z,ok,,1
https://canvas.oregonstate.edu/courses/2080857/modules/items/26982672,https://canvas.oregonstate.edu/courses/2080857/modules/items/26982672,MTH-252,linked_detail,linked_detail,00928-mth-252-linked-detail-convert-riemann-sum-to-integrals,2026-07-08T23:36:38.050Z,2026-07-08T23:36:40.252Z,ok,,1
https://canvas.oregonstate.edu/courses/2080857/modules/items/26982788,https://canvas.oregonstate.edu/courses/2080857/modules/items/26982788,MTH-252,linked_detail,linked_detail,00929-mth-252-linked-detail-intro-improper-integrals,2026-07-08T23:36:40.252Z,2026-07-08T23:36:42.547Z,ok,,1
https://canvas.oregonstate.edu/courses/2080857/modules/items/26982671,https://canvas.oregonstate.edu/courses/2080857/modules/items/26982671,MTH-252,linked_detail,linked_detail,00930-mth-252-linked-detail-definite-integral-setting-up-the-integral,2026-07-08T23:36:42.547Z,2026-07-08T23:36:44.697Z,ok,,1
https://canvas.oregonstate.edu/courses/2080857/modules/items/26982789,https://canvas.oregonstate.edu/courses/2080857/modules/items/26982789,MTH-252,linked_detail,linked_detail,00931-mth-252-linked-detail-improper-integrals-2-exponential-integrand,2026-07-08T23:36:44.697Z,2026-07-08T23:36:46.846Z,ok,,1
https://canvas.oregonstate.edu/courses/2080857/modules/items/26982670,https://canvas.oregonstate.edu/courses/2080857/modules/items/26982670,MTH-252,linked_detail,linked_detail,00932-mth-252-linked-detail-definite-integral-using-geometry,2026-07-08T23:36:46.846Z,2026-07-08T23:36:48.901Z,ok,,1
https://canvas.oregonstate.edu/courses/2080857/modules/items/26982790,https://canvas.oregonstate.edu/courses/2080857/modules/items/26982790,MTH-252,linked_detail,linked_detail,00933-mth-252-linked-detail-improper-integral-3-exponential-integrand,2026-07-08T23:36:48.901Z,2026-07-08T23:36:50.956Z,ok,,1
https://canvas.oregonstate.edu/courses/2080857/modules/items/26982669,https://canvas.oregonstate.edu/courses/2080857/modules/items/26982669,MTH-252,linked_detail,linked_detail,00934-mth-252-linked-detail-intro-definite-integral,2026-07-08T23:36:50.956Z,2026-07-08T23:36:53.103Z,ok,,1
https://canvas.oregonstate.edu/courses/2080857/modules/items/26982791,https://canvas.oregonstate.edu/courses/2080857/modules/items/26982791,MTH-252,linked_detail,linked_detail,00935-mth-252-linked-detail-improper-integral-4-rational-integrand,2026-07-08T23:36:53.548Z,2026-07-08T23:36:55.846Z,ok,,1
https://canvas.oregonstate.edu/courses/2080857/modules/items/26982668,https://canvas.oregonstate.edu/courses/2080857/modules/items/26982668,MTH-252,linked_detail,linked_detail,00936-mth-252-linked-detail-riemann-sums-right-sum,2026-07-08T23:36:55.846Z,2026-07-08T23:36:58.054Z,ok,,1
https://canvas.oregonstate.edu/courses/2080857/modules/items/26982792,https://canvas.oregonstate.edu/courses/2080857/modules/items/26982792,MTH-252,linked_detail,linked_detail,00937-mth-252-linked-detail-improper-integral-5-rational-integrand,2026-07-08T23:36:58.054Z,2026-07-08T23:37:00.599Z,ok,,1
https://canvas.oregonstate.edu/courses/2080857/modules/items/26982667,https://canvas.oregonstate.edu/courses/2080857/modules/items/26982667,MTH-252,linked_detail,linked_detail,00938-mth-252-linked-detail-midpoint-rule-with-table,2026-07-08T23:37:00.599Z,2026-07-08T23:37:02.847Z,ok,,1
https://canvas.oregonstate.edu/courses/2080857/modules/items/26982793,https://canvas.oregonstate.edu/courses/2080857/modules/items/26982793,MTH-252,linked_detail,linked_detail,00939-mth-252-linked-detail-improper-integral-infinity-to-infinity,2026-07-08T23:37:02.847Z,2026-07-08T23:37:05.197Z,ok,,1
https://canvas.oregonstate.edu/courses/2080857/modules/items/26982666,https://canvas.oregonstate.edu/courses/2080857/modules/items/26982666,MTH-252,linked_detail,linked_detail,00940-mth-252-linked-detail-midpoint-rule-2,2026-07-08T23:37:05.197Z,2026-07-08T23:37:07.558Z,ok,,1
https://canvas.oregonstate.edu/courses/2080857/modules/items/26982794,https://canvas.oregonstate.edu/courses/2080857/modules/items/26982794,MTH-252,linked_detail,linked_detail,00941-mth-252-linked-detail-improper-integral-discontinuous-integrand-1,2026-07-08T23:37:07.558Z,2026-07-08T23:37:09.948Z,ok,,1
https://canvas.oregonstate.edu/courses/2080857/modules/items/26982665,https://canvas.oregonstate.edu/courses/2080857/modules/items/26982665,MTH-252,linked_detail,linked_detail,00942-mth-252-linked-detail-midpoint-rule-1,2026-07-08T23:37:09.948Z,2026-07-08T23:37:12.215Z,ok,,1
https://canvas.oregonstate.edu/courses/2080857/modules/items/26982795,https://canvas.oregonstate.edu/courses/2080857/modules/items/26982795,MTH-252,linked_detail,linked_detail,00943-mth-252-linked-detail-improper-integral-discontinuous-integrand-2,2026-07-08T23:37:12.215Z,2026-07-08T23:37:14.400Z,ok,,0
https://canvas.oregonstate.edu/courses/2080857/modules/items/26982664,https://canvas.oregonstate.edu/courses/2080857/modules/items/26982664,MTH-252,linked_detail,linked_detail,00944-mth-252-linked-detail-area-under-curve-right-sum,2026-07-08T23:37:14.400Z,2026-07-08T23:37:16.656Z,ok,,1
https://canvas.oregonstate.edu/courses/2080857/modules/items/26982663,https://canvas.oregonstate.edu/courses/2080857/modules/items/26982663,MTH-252,linked_detail,linked_detail,00945-mth-252-linked-detail-area-under-curve-left-sum,2026-07-08T23:37:17.144Z,2026-07-08T23:37:19.489Z,ok,,1
https://canvas.oregonstate.edu/courses/2080857/modules/items/26982662,https://canvas.oregonstate.edu/courses/2080857/modules/items/26982662,MTH-252,linked_detail,linked_detail,00946-mth-252-linked-detail-application-area-under-the-graph-table,2026-07-08T23:37:19.489Z,2026-07-08T23:37:22.652Z,ok,,1
https://canvas.oregonstate.edu/courses/2080857/modules/items/26982661,https://canvas.oregonstate.edu/courses/2080857/modules/items/26982661,MTH-252,linked_detail,linked_detail,00947-mth-252-linked-detail-area-under-curve-more-rectangles,2026-07-08T23:37:22.652Z,2026-07-08T23:37:25.447Z,ok,,0
